# File exported by Houdini 20.5.410 (www.sidefx.com)
# 2271 points
# 6914 vertices
# 1622 primitives
# Bounds: [-3.27423859, -0.00849813037, -4.19502211] to [2.63487601, 11.9459877, 2.70099092]
g 
v -1.3974359 0.0186491497 0.866071522 1 1 1
v -0.995508611 0.01131499 -0.141545549 1 1 1
v -0.720855951 0.017522689 -0.799796939 1 1 1
v -0.0394673981 0.0157057997 -0.972076297 1 1 1
v 0.880108595 0.0249526761 -1.1364187 1 1 1
v 0.977921784 0.00915389694 -0.21106714 1 1 1
v 1.24014926 -0.00849813037 0.656054735 1 1 1
v 0.531440139 -0.00761962542 1.30759418 1 1 1
v -0.562758446 0.0136104058 1.76009452 1 1 1
v -0.840516329 0.609037101 0.90113157 1 1 1
v -0.727129281 0.6051597 0.0942000449 1 1 1
v -0.672332108 0.617702603 -0.434143424 1 1 1
v -0.210792318 0.619011343 -0.681803286 1 1 1
v 0.416388959 0.62739712 -0.972272158 1 1 1
v 0.656933188 0.621327877 -0.328046679 1 1 1
v 1.02707577 0.614236176 0.236826509 1 1 1
v 0.650276184 0.612686992 0.854326367 1 1 1
v -0.0638948902 0.610014677 1.38967526 1 1 1
v -0.452740043 1.22721648 0.841923714 1 1 1
v -0.571578741 1.21889412 0.236114383 1 1 1
v -0.639240563 1.21890867 -0.19520472 1 1 1
v -0.309271723 1.21019185 -0.472366363 1 1 1
v 0.107882529 1.2113775 -0.796966553 1 1 1
v 0.440525472 1.21854258 -0.389162481 1 1 1
v 0.820889533 1.22317541 -0.0225096196 1 1 1
v 0.672782302 1.23508453 0.532269001 1 1 1
v 0.216231629 1.23287821 1.03980529 1 1 1
v -0.165370673 1.84111214 0.690645218 1 1 1
v -0.423874289 1.83783507 0.310427427 1 1 1
v -0.570575774 1.83753502 -0.0334670879 1 1 1
v -0.385851145 1.82698226 -0.355932295 1 1 1
v -0.082929574 1.81872332 -0.648716152 1 1 1
v 0.275827229 1.81258035 -0.433232933 1 1 1
v 0.626412749 1.81289315 -0.203283042 1 1 1
v 0.639526129 1.82929945 0.258606046 1 1 1
v 0.351246476 1.8299489 0.680617273 1 1 1
v 0.0371141769 2.43256044 0.500666618 1 1 1
v -0.283836424 2.43423486 0.380457491 1 1 1
v -0.450788587 2.42917609 0.0981945768 1 1 1
v -0.399151206 2.42745233 -0.221482366 1 1 1
v -0.168158516 2.42607355 -0.457771003 1 1 1
v 0.15617083 2.42567015 -0.43546173 1 1 1
v 0.455713183 2.43168783 -0.283339918 1 1 1
v 0.562842011 2.44099283 0.0666466504 1 1 1
v 0.368352264 2.43268037 0.379916012 1 1 1
v 0.118357621 3.0471828 0.393076748 1 1 1
v -0.178457633 3.03412795 0.398113161 1 1 1
v -0.39185515 3.01837373 0.186907366 1 1 1
v -0.434387237 3.01058412 -0.110649444 1 1 1
v -0.263377011 3.01351023 -0.358046979 1 1 1
v 0.0213443097 3.02567959 -0.445059836 1 1 1
v 0.29766649 3.04199719 -0.331368089 1 1 1
v 0.495646656 3.0623641 -0.070785366 1 1 1
v 0.350922883 3.05532002 0.221385792 1 1 1
v 0.171412364 3.63474584 0.309787482 1 1 1
v -0.0956163034 3.63644338 0.363640755 1 1 1
v -0.344565451 3.63790035 0.244309276 1 1 1
v -0.453408569 3.63792157 -0.0146428458 1 1 1
v -0.36112836 3.63635612 -0.278377026 1 1 1
v -0.128007233 3.63502312 -0.436189622 1 1 1
v 0.141638428 3.63237691 -0.372465193 1 1 1
v 0.387554139 3.63469768 -0.20098874 1 1 1
v 0.337222636 3.63301897 0.0939758271 1 1 1
v 0.272936732 4.21376753 0.246664673 1 1 1
v 0.0420400091 4.21526241 0.361410141 1 1 1
v -0.205022424 4.22791815 0.293372184 1 1 1
v -0.365959644 4.2461338 0.0911737382 1 1 1
v -0.334115714 4.2600112 -0.165689468 1 1 1
v -0.169353187 4.26731825 -0.374341875 1 1 1
v 0.100528114 4.25839663 -0.390392274 1 1 1
v 0.334149718 4.24235106 -0.25167942 1 1 1
v 0.395734847 4.22392797 0.0140063334 1 1 1
v 0.308762848 4.84388256 0.214222476 1 1 1
v 0.138638183 4.83597326 0.399704874 1 1 1
v -0.116645761 4.82874203 0.389704525 1 1 1
v -0.323782742 4.82680941 0.239071712 1 1 1
v -0.351612628 4.83058596 -0.0134439915 1 1 1
v -0.243683681 4.83896828 -0.240664601 1 1 1
v -0.00438225083 4.84768534 -0.337351203 1 1 1
v 0.242093638 4.85261536 -0.252874047 1 1 1
v 0.404913038 4.85293341 -0.0341363139 1 1 1
v 0.314520389 5.45086384 0.097732991 1 1 1
v 0.189782217 5.45967865 0.313883275 1 1 1
v -0.0541579761 5.45799637 0.357520044 1 1 1
v -0.279287905 5.45142412 0.26905188 1 1 1
v -0.369742036 5.43969679 0.0467610806 1 1 1
v -0.331242681 5.42986298 -0.192630723 1 1 1
v -0.128555462 5.4257617 -0.336709589 1 1 1
v 0.111985512 5.42971277 -0.30356285 1 1 1
v 0.349223286 5.44101715 -0.171954215 1 1 1
v 0.320054799 6.04435444 -0.0185752548 1 1 1
v 0.253941953 6.04641104 0.203251138 1 1 1
v 0.0504496805 6.04609013 0.310996503 1 1 1
v -0.172913402 6.04506254 0.277690381 1 1 1
v -0.324869007 6.04314661 0.108378083 1 1 1
v -0.32114324 6.04099703 -0.117587037 1 1 1
v -0.182079807 6.04005003 -0.29293856 1 1 1
v 0.0441542417 6.04117441 -0.372971535 1 1 1
v 0.292399883 6.04422474 -0.277734339 1 1 1
v 0.26831916 6.64382601 -0.0836528167 1 1 1
v 0.247637406 6.64363623 0.127984762 1 1 1
v 0.114539668 6.64590168 0.308192194 1 1 1
v -0.10853415 6.64727688 0.296482205 1 1 1
v -0.302494228 6.65050364 0.19528085 1 1 1
v -0.374857396 6.65210867 -0.0236277469 1 1 1
v -0.248612523 6.64921999 -0.207817554 1 1 1
v -0.0645975024 6.64777231 -0.308539271 1 1 1
v 0.160601199 6.64658022 -0.283392012 1 1 1
v 0.23586008 7.225348 -0.156587362 1 1 1
v 0.274067789 7.22711182 0.0293327253 1 1 1
v 0.208734989 7.25300837 0.226884544 1 1 1
v 0.00843713246 7.24863148 0.269564748 1 1 1
v -0.176277056 7.25983763 0.212179676 1 1 1
v -0.316420197 7.28295565 0.0504859798 1 1 1
v -0.23994118 7.25038385 -0.13972038 1 1 1
v -0.103920907 7.24459124 -0.27372992 1 1 1
v 0.0864854902 7.23101664 -0.273181945 1 1 1
v 0.205536008 7.2674675 -0.137869999 1 1 1
v 0.235510394 7.26362085 0.0221478753 1 1 1
v 0.161546648 7.27538824 0.166438773 1 1 1
v 0.0134733841 7.33145475 0.250680357 1 1 1
v -0.145347863 7.29465628 0.176683962 1 1 1
v -0.239910692 7.3144145 0.0388764627 1 1 1
v -0.213177502 7.30321026 -0.127915069 1 1 1
v -0.0914257839 7.31521034 -0.251235664 1 1 1
v 0.0835664868 7.30268764 -0.255169928 1 1 1
v 0.124884903 7.32419777 -0.0870325491 1 1 1
v 0.138616353 7.29785585 0.00728315907 1 1 1
v 0.0966505557 7.31353903 0.0907372758 1 1 1
v 0.0110381283 7.35381651 0.130470455 1 1 1
v -0.0804294646 7.31321859 0.0952014178 1 1 1
v -0.130530581 7.32275248 0.0158377215 1 1 1
v -0.116082847 7.30695677 -0.0763046741 1 1 1
v -0.0471244641 7.35864496 -0.14786911 1 1 1
v 0.0463842452 7.30205154 -0.142108276 1 1 1
v 0.00562465098 7.33643961 -0.0128769353 1 1 1
v 0.361699432 5.90954828 -3.70927501 1 1 1
v 0.38421154 5.90978289 -3.70902133 1 1 1
v 0.372894138 5.89422226 -3.68228459 1 1 1
v 0.40145579 5.90191412 -3.69689155 1 1 1
v 0.405313909 5.88956308 -3.67847323 1 1 1
v 0.39405638 5.87853241 -3.66241765 1 1 1
v 0.372901201 5.87397766 -3.6562295 1 1 1
v 0.351773411 5.87803555 -3.66281199 1 1 1
v 0.340514272 5.88879395 -3.67906523 1 1 1
v 0.344476491 5.90122795 -3.69739819 1 1 1
v -0.0344597474 2.54337573 -0.872720003 1 1 1
v 0.181749448 2.56726432 -0.851753354 1 1 1
v 0.212939724 2.70623136 -1.34197009 1 1 1
v -0.0383497141 2.67624664 -1.34749019 1 1 1
v 0.324443132 2.71496391 -0.779691458 1 1 1
v 0.364572555 2.88178396 -1.25381541 1 1 1
v 0.333292723 2.92046714 -0.713906348 1 1 1
v 0.368625373 3.09301066 -1.14233756 1 1 1
v 0.209449589 3.10164452 -0.704892516 1 1 1
v 0.241553143 3.28029943 -1.04115236 1 1 1
v 0.00135071832 3.14905953 -0.718955576 1 1 1
v -0.00557933096 3.31175923 -1.01356494 1 1 1
v -0.187422171 3.03947878 -0.715093136 1 1 1
v -0.210341975 3.19857097 -1.06377184 1 1 1
v -0.27864489 2.83300853 -0.71810025 1 1 1
v -0.308177769 3.00571585 -1.16205192 1 1 1
v -0.219378725 2.64087892 -0.796831489 1 1 1
v -0.253462404 2.79209685 -1.2783792 1 1 1
v 0.162835643 3.04369998 -1.77936745 1 1 1
v -0.0671006963 3.03844643 -1.79744732 1 1 1
v 0.281289101 3.2214489 -1.71030581 1 1 1
v 0.296399742 3.42900157 -1.64308429 1 1 1
v 0.17590481 3.62194014 -1.59168875 1 1 1
v -0.0470299758 3.65776944 -1.59538913 1 1 1
v -0.230731398 3.56421018 -1.63898528 1 1 1
v -0.310026795 3.37652063 -1.70556843 1 1 1
v -0.264198065 3.1601615 -1.77406156 1 1 1
v 0.287555873 3.11670399 -2.34462643 1 1 1
v 0.0664529875 3.07802176 -2.17744946 1 1 1
v 0.419604868 3.28148603 -2.46935558 1 1 1
v 0.424830139 3.46781754 -2.51401949 1 1 1
v 0.278425872 3.60782552 -2.44067907 1 1 1
v 0.0566307828 3.63138461 -2.28955507 1 1 1
v -0.12480209 3.51409173 -2.13090658 1 1 1
v -0.200836211 3.33997703 -2.04000258 1 1 1
v -0.132489502 3.15712333 -2.05353403 1 1 1
v -0.267429233 3.06887674 -2.44449973 1 1 1
v -0.494791061 2.97061968 -2.32289553 1 1 1
v -0.0441209003 3.25493526 -2.49909019 1 1 1
v 0.0769158229 3.43695474 -2.46999788 1 1 1
v 0.0381925292 3.53665447 -2.3657589 1 1 1
v -0.146265447 3.52482152 -2.22880006 1 1 1
v -0.380236834 3.36261773 -2.13813329 1 1 1
v -0.56160754 3.16872311 -2.12263751 1 1 1
v -0.615310073 3.01629329 -2.1887846 1 1 1
v 0.00469295681 3.5635457 -2.79936051 1 1 1
v -0.125842035 3.61073351 -2.79931092 1 1 1
v 0.13865006 3.56890726 -2.74233317 1 1 1
v 0.177449539 3.65426755 -2.63269401 1 1 1
v 0.148928717 3.74943662 -2.54086971 1 1 1
v 0.0427687243 3.83409381 -2.49143243 1 1 1
v -0.0932123959 3.83778501 -2.53940916 1 1 1
v -0.200555369 3.7986331 -2.62483358 1 1 1
v -0.196266815 3.70209169 -2.72723317 1 1 1
v 0.0663598701 4.01244926 -3.24283242 1 1 1
v -0.0516907163 4.04073954 -3.22727084 1 1 1
v 0.185121894 4.0276947 -3.19598699 1 1 1
v 0.223126069 4.09385109 -3.09066248 1 1 1
v 0.185553476 4.16409636 -2.99653292 1 1 1
v 0.0866326019 4.21338081 -2.9465735 1 1 1
v -0.0307367891 4.21380377 -2.97096848 1 1 1
v -0.133548796 4.18085003 -3.04308605 1 1 1
v -0.132118866 4.10438251 -3.15302157 1 1 1
v 0.151216283 4.55371857 -3.46144485 1 1 1
v 0.0477237403 4.59864616 -3.43490267 1 1 1
v 0.239420772 4.59494114 -3.39817667 1 1 1
v 0.282416165 4.65890932 -3.32275224 1 1 1
v 0.253587395 4.73385 -3.25071859 1 1 1
v 0.171904653 4.7863493 -3.2134316 1 1 1
v 0.0730414018 4.78557062 -3.23462462 1 1 1
v 0.00186252035 4.74167395 -3.29540801 1 1 1
v -0.0381794348 4.66724968 -3.38357687 1 1 1
v 0.216894612 4.82999468 -3.94727826 1 1 1
v 0.133255005 4.85869598 -3.94982982 1 1 1
v 0.299516827 4.83992767 -3.90752602 1 1 1
v 0.32883215 4.89718199 -3.83880568 1 1 1
v 0.305110544 4.96113157 -3.7834301 1 1 1
v 0.242972791 5.01623583 -3.75258756 1 1 1
v 0.160490587 5.0136261 -3.78435898 1 1 1
v 0.0998699144 4.98245716 -3.83822083 1 1 1
v 0.0945203677 4.9210825 -3.90116596 1 1 1
v 0.414118886 5.36241293 -4.14272785 1 1 1
v 0.352856547 5.37309074 -4.13173008 1 1 1
v 0.464138836 5.34852552 -4.10424328 1 1 1
v 0.468192786 5.34019566 -4.03728485 1 1 1
v 0.442500472 5.3386426 -3.97302961 1 1 1
v 0.383787513 5.34651566 -3.93472528 1 1 1
v 0.31334278 5.36211824 -3.94831038 1 1 1
v 0.288870901 5.37357712 -4.01658154 1 1 1
v 0.302115858 5.37840605 -4.08651257 1 1 1
v 0.39757359 5.91589642 -3.74813724 1 1 1
v 0.34883514 5.91565943 -3.74883676 1 1 1
v 0.442872584 5.9051857 -3.72336316 1 1 1
v 0.436475903 5.87018728 -3.68491602 1 1 1
v 0.420603693 5.84827566 -3.64498949 1 1 1
v 0.373125464 5.83822155 -3.63214946 1 1 1
v 0.328578115 5.84739542 -3.64978719 1 1 1
v 0.271744788 5.87922859 -3.6711247 1 1 1
v 0.311750174 5.89739323 -3.72302485 1 1 1
v 0.393039495 5.91781044 -3.73241067 1 1 1
v 0.353112191 5.91739464 -3.73285675 1 1 1
v 0.423621386 5.90385532 -3.7108953 1 1 1
v 0.430465609 5.88194895 -3.67822933 1 1 1
v 0.410499096 5.8623867 -3.64975405 1 1 1
v 0.372978419 5.85430861 -3.63877892 1 1 1
v 0.335506886 5.86150455 -3.65045238 1 1 1
v 0.315538913 5.88058519 -3.67927957 1 1 1
v 0.322563618 5.90263748 -3.71179533 1 1 1
v 0.112097375 2.31379151 -0.474770993 1 1 1
v 0.179293826 2.30719376 -0.435031027 1 1 1
v 0.224074662 2.30448604 -0.412632257 1 1 1
v -0.0618600287 2.28911328 -0.494805098 1 1 1
v 0.418157786 2.49034071 -0.299290776 1 1 1
v 0.35416922 2.42964792 -0.334908754 1 1 1
v 0.430652797 2.77224898 -0.22870414 1 1 1
v 0.421263993 2.56471586 -0.29380855 1 1 1
v 0.290913641 3.01258302 -0.336335927 1 1 1
v 0.272294372 3.04049897 -0.341807365 1 1 1
v 0.261601776 3.05675173 -0.345556289 1 1 1
v 0.315011173 2.97501945 -0.32609728 1 1 1
v -0.00737193134 3.14283967 -0.443354338 1 1 1
v -0.011045252 3.14335561 -0.442271918 1 1 1
v 0.0419102982 3.12940311 -0.432648748 1 1 1
v -0.25802812 2.98051119 -0.363648951 1 1 1
v -0.262052536 2.97727609 -0.359545201 1 1 1
v -0.198597312 3.01627898 -0.377844125 1 1 1
v -0.399600893 2.64596057 -0.198424652 1 1 1
v -0.283387333 2.92713737 -0.337920159 1 1 1
v -0.323194623 2.42699885 -0.299180388 1 1 1
v -0.310947835 2.39503455 -0.318127006 1 1 1
v -0.368062913 2.56164241 -0.252751619 1 1 1
v -0.157487571 2.35003138 -0.481677949 1 1 1
v -0.19211702 2.36013961 -0.446562976 1 1 1
v -1.13136864 10.028861 -2.5402782 1 1 1
v -1.12483239 10.0233078 -2.55432224 1 1 1
v -1.10761583 10.0330191 -2.5405755 1 1 1
v -1.11020756 10.0215931 -2.5616498 1 1 1
v -1.09428072 10.0245504 -2.55877686 1 1 1
v -1.08450997 10.0307684 -2.54710412 1 1 1
v -1.08547401 10.0373535 -2.53206015 1 1 1
v -1.09672058 10.0412149 -2.52070284 1 1 1
v -1.11298478 10.0405626 -2.51831341 1 1 1
v -1.1266433 10.035677 -2.52606511 1 1 1
v -0.424799651 6.41869831 -0.333397448 1 1 1
v -0.347410172 6.37676525 -0.467739642 1 1 1
v -0.528884888 6.76068449 -0.742863417 1 1 1
v -0.597437799 6.80041933 -0.566870749 1 1 1
v -0.20748727 6.41087627 -0.542507648 1 1 1
v -0.371769071 6.83332634 -0.817739189 1 1 1
v -0.0746132433 6.49812078 -0.535728335 1 1 1
v -0.230084807 6.93761683 -0.818717122 1 1 1
v -0.00627062097 6.59310532 -0.44818449 1 1 1
v -0.27525568 6.98352432 -0.673252463 1 1 1
v -0.303579122 7.03780746 -0.548106492 1 1 1
v 0.10806004 6.59593439 -0.295693815 1 1 1
v 0.0807553008 6.6459403 -0.292442411 1 1 1
v -0.426324576 6.53371048 -0.240315259 1 1 1
v -0.638314247 6.91864729 -0.479699761 1 1 1
v -0.914578557 7.18408251 -0.917227387 1 1 1
v -0.99340117 7.23367882 -0.794451773 1 1 1
v -0.769393563 7.20833302 -0.972350597 1 1 1
v -0.633088648 7.27299595 -0.966270566 1 1 1
v -0.561088383 7.36556816 -0.87800169 1 1 1
v -0.589319229 7.44102001 -0.751021445 1 1 1
v -0.43049705 7.0807457 -0.475709647 1 1 1
v -0.715445518 7.44593334 -0.661420166 1 1 1
v -0.552302361 7.01772118 -0.435734838 1 1 1
v -0.858140171 7.40456915 -0.631074548 1 1 1
v -0.977192283 7.32273817 -0.675878167 1 1 1
v -0.83641845 7.69482183 -1.28144741 1 1 1
v -0.90860343 7.76009083 -1.20485723 1 1 1
v -0.720049322 7.6573844 -1.32503498 1 1 1
v -0.609642029 7.69897318 -1.27074015 1 1 1
v -0.550738931 7.76597548 -1.18861651 1 1 1
v -0.555197299 7.85182142 -1.08670652 1 1 1
v -0.674171627 7.89064884 -1.04114628 1 1 1
v -0.799321294 7.89420223 -1.04043269 1 1 1
v -0.886534512 7.83767509 -1.11035323 1 1 1
v -0.860736012 8.12582207 -1.64480484 1 1 1
v -0.921030402 8.18719864 -1.56908822 1 1 1
v -0.751170933 8.10649204 -1.68880856 1 1 1
v -0.644602776 8.15575695 -1.66125941 1 1 1
v -0.605853438 8.23373985 -1.58941126 1 1 1
v -0.621975899 8.30836773 -1.51024008 1 1 1
v -0.712970912 8.34009647 -1.45772421 1 1 1
v -0.830057085 8.34265804 -1.43127382 1 1 1
v -0.911100447 8.26954079 -1.48760867 1 1 1
v -1.00289226 8.50388145 -2.06437945 1 1 1
v -1.02218616 8.52010345 -1.94067717 1 1 1
v -0.904746473 8.54629421 -2.11437273 1 1 1
v -0.821247578 8.59565735 -2.11261082 1 1 1
v -0.772282898 8.64321327 -2.03283453 1 1 1
v -0.779959381 8.666049 -1.91925287 1 1 1
v -0.844341278 8.65017128 -1.8274231 1 1 1
v -0.928665042 8.60849953 -1.79625285 1 1 1
v -1.02438939 8.55058861 -1.8197999 1 1 1
v -1.19836462 8.8483963 -1.86361015 1 1 1
v -1.21526122 8.83636665 -1.78895366 1 1 1
v -1.14448893 8.87794876 -1.91059589 1 1 1
v -1.07795608 8.9114666 -1.90456462 1 1 1
v -1.03668928 8.92950153 -1.84738374 1 1 1
v -1.02236557 8.9342308 -1.77067018 1 1 1
v -1.07088637 8.90600109 -1.71471679 1 1 1
v -1.1308322 8.87484074 -1.68632233 1 1 1
v -1.20061111 8.841362 -1.7083081 1 1 1
v -1.35582054 9.38247108 -2.04491687 1 1 1
v -1.3760525 9.42286873 -1.99202418 1 1 1
v -1.29099703 9.36103725 -2.06697297 1 1 1
v -1.22774148 9.36823368 -2.05049229 1 1 1
v -1.19003415 9.39572048 -2.00964594 1 1 1
v -1.17790055 9.43958664 -1.95011103 1 1 1
v -1.23179889 9.47922134 -1.90234184 1 1 1
v -1.31066632 9.48218155 -1.90590847 1 1 1
v -1.35833251 9.45666695 -1.94456947 1 1 1
v -1.1278789 9.68434334 -2.44223833 1 1 1
v -1.14960682 9.7177763 -2.40592265 1 1 1
v -1.08254993 9.65617561 -2.46687245 1 1 1
v -1.03325748 9.66627026 -2.44068408 1 1 1
v -0.996825576 9.68453026 -2.40940762 1 1 1
v -1.0038991 9.71893406 -2.36803102 1 1 1
v -1.04133892 9.74723816 -2.3419311 1 1 1
v -1.0994128 9.78390789 -2.31357384 1 1 1
v -1.13619184 9.747859 -2.36505413 1 1 1
v -1.14320743 10.0012369 -2.56506872 1 1 1
v -1.15730476 10.0131454 -2.53509521 1 1 1
v -1.11163008 9.9975338 -2.57834744 1 1 1
v -1.07785809 10.0039196 -2.57474446 1 1 1
v -1.0500437 10.0202837 -2.55348253 1 1 1
v -1.04937696 10.0388107 -2.51607704 1 1 1
v -1.08246517 10.0409098 -2.49223113 1 1 1
v -1.11785841 10.0379829 -2.48824382 1 1 1
v -1.15451574 10.0330305 -2.50134802 1 1 1
v -1.1380651 10.0123262 -2.56369185 1 1 1
v -1.14975464 10.0222626 -2.5385685 1 1 1
v -1.11190295 10.0092621 -2.57679796 1 1 1
v -1.0834111 10.0145502 -2.5716598 1 1 1
v -1.06593382 10.0256748 -2.5507791 1 1 1
v -1.06765854 10.0374546 -2.52386713 1 1 1
v -1.08777595 10.0443621 -2.50355053 1 1 1
v -1.116871 10.0431938 -2.49927735 1 1 1
v -1.14130473 10.0344534 -2.51314116 1 1 1
v -0.328026175 5.96389723 -0.0586640909 1 1 1
v -0.325366735 5.98874092 -0.103304289 1 1 1
v -0.321886301 5.99603319 -0.123108365 1 1 1
v -0.228468969 5.91680241 -0.252190053 1 1 1
v -0.0361567475 5.93529272 -0.348823458 1 1 1
v -0.207848296 5.93463755 -0.27560997 1 1 1
v -0.173953652 5.94678783 -0.299583942 1 1 1
v 0.0433957018 6.0411706 -0.372703195 1 1 1
v 0.0440143347 6.04195499 -0.372888654 1 1 1
v 0.04433259 6.04210186 -0.372834325 1 1 1
v 0.145389572 6.05088425 -0.333504081 1 1 1
v 0.216726258 6.29484177 -0.288063258 1 1 1
v 0.136230141 6.51987553 -0.302140027 1 1 1
v -0.348383754 6.35091543 -0.0699366406 1 1 1
v -0.340988219 6.25420666 -0.0143269021 1 1 1
v -0.301196486 6.54329014 -0.133836895 1 1 1
v -0.32291469 6.04201889 -0.0101497173 1 1 1
v 0.0796066821 6.6470089 -0.292436421 1 1 1
v -0.0353626944 6.76063108 -0.301697582 1 1 1
v -0.0742308348 6.79397917 -0.300011784 1 1 1
v -0.150661364 6.82152224 -0.257577032 1 1 1
v -0.220028922 6.76683474 -0.220838442 1 1 1
v -0.247410923 6.73252392 -0.19838123 1 1 1
v -0.282258093 6.66692209 -0.156455442 1 1 1
v -0.286184579 6.65007973 -0.153000385 1 1 1
v 2.40133214 7.5633564 2.57053351 1 1 1
v 2.39502454 7.54806566 2.58184743 1 1 1
v 2.3768127 7.57084513 2.58485913 1 1 1
v 2.37978435 7.54304695 2.59383774 1 1 1
v 2.362679 7.55073118 2.60089278 1 1 1
v 2.35172105 7.56745291 2.59974003 1 1 1
v 2.35204434 7.58542633 2.59089708 1 1 1
v 2.36349654 7.59621906 2.57851171 1 1 1
v 2.38071489 7.59482193 2.56836319 1 1 1
v 2.39563131 7.5818243 2.56523776 1 1 1
v 0.662849545 3.69942331 0.393477231 1 1 1
v 0.521996856 3.65997887 0.535134435 1 1 1
v 0.892759204 3.91670513 0.854431629 1 1 1
v 1.06349301 3.97588134 0.690171957 1 1 1
v 0.323785841 3.71790957 0.585417867 1 1 1
v 0.653033078 3.97624493 0.887685955 1 1 1
v 0.16746223 3.8507905 0.542003453 1 1 1
v 0.468533009 4.09789371 0.812541127 1 1 1
v 0.155723318 4.04235363 0.482546568 1 1 1
v 0.344500214 4.3216114 0.721288323 1 1 1
v 0.406686485 4.39623642 0.571861744 1 1 1
v 0.154098317 4.07043982 0.308871567 1 1 1
v 0.218219578 4.12267351 0.275855422 1 1 1
v 0.484125763 4.11014366 0.207676917 1 1 1
v 0.624282062 3.99083209 0.180749714 1 1 1
v 0.935930371 4.24950981 0.380265713 1 1 1
v 0.614549458 4.37058306 0.463255703 1 1 1
v 0.694318712 3.82582116 0.243927315 1 1 1
v 1.09083164 4.10983801 0.49648422 1 1 1
v 0.807124913 4.44525528 1.16071665 1 1 1
v 0.942716897 4.44826984 0.968689919 1 1 1
v 0.591894448 4.53688192 1.21104157 1 1 1
v 0.421050638 4.64523506 1.17282414 1 1 1
v 0.347058028 4.74996281 1.01820409 1 1 1
v 0.449476808 4.77007771 0.827047586 1 1 1
v 0.631455183 4.72644281 0.693218529 1 1 1
v 0.828711987 4.62813282 0.674120069 1 1 1
v 0.966171324 4.51609993 0.774463177 1 1 1
v 1.20982957 4.74194336 1.08480537 1 1 1
v 1.25363612 4.69996643 0.941448212 1 1 1
v 1.13814461 4.85922813 1.14770591 1 1 1
v 1.07383132 4.99123859 1.11936855 1 1 1
v 1.04398119 5.08291435 1.0016551 1 1 1
v 1.05996192 5.09904432 0.846509695 1 1 1
v 1.1241219 5.00313711 0.744188488 1 1 1
v 1.19429219 4.87581682 0.721080124 1 1 1
v 1.25083089 4.75000381 0.791255534 1 1 1
v 1.66796756 4.9706049 1.20052707 1 1 1
v 1.79269814 4.97503996 1.11026931 1 1 1
v 1.52989912 5.02056217 1.25685263 1 1 1
v 1.45794904 5.13328743 1.21137869 1 1 1
v 1.46433437 5.23034859 1.12625265 1 1 1
v 1.54889655 5.29590464 1.01392317 1 1 1
v 1.6916697 5.24870443 0.952440262 1 1 1
v 1.81041312 5.16418266 0.94040817 1 1 1
v 1.8428185 5.05502558 1.00829387 1 1 1
v 1.61054456 5.29294395 1.68846989 1 1 1
v 1.71860385 5.33490229 1.64194274 1 1 1
v 1.48506701 5.31656075 1.68664885 1 1 1
v 1.41533339 5.4029603 1.62857842 1 1 1
v 1.43214011 5.49403286 1.55558503 1 1 1
v 1.50749397 5.55932617 1.4955492 1 1 1
v 1.62281752 5.56213379 1.47831833 1 1 1
v 1.74195516 5.5223608 1.49472904 1 1 1
v 1.77015054 5.42086029 1.56905115 1 1 1
v 1.80243671 5.6972928 2.12861824 1 1 1
v 1.85730159 5.67804813 1.99427557 1 1 1
v 1.71845412 5.79961967 2.17038846 1 1 1
v 1.66113317 5.89620733 2.15327144 1 1 1
v 1.64845896 5.96486473 2.05770636 1 1 1
v 1.69600141 5.95724535 1.93154764 1 1 1
v 1.77209783 5.88602924 1.84276891 1 1 1
v 1.84347141 5.79110384 1.81599343 1 1 1
v 1.89568186 5.68877077 1.86742604 1 1 1
v 2.29260421 5.85501099 1.96976399 1 1 1
v 2.30113482 5.80001783 1.889485 1 1 1
v 2.19479561 5.92281485 1.98863292 1 1 1
v 2.08617687 5.97468615 1.97310734 1 1 1
v 2.00307441 5.98400545 1.9127717 1 1 1
v 1.9739176 5.95243502 1.8327136 1 1 1
v 2.04153156 5.88252115 1.78595161 1 1 1
v 2.14370751 5.81804323 1.77469194 1 1 1
v 2.26057696 5.76749372 1.79219472 1 1 1
v 2.02108645 6.42441177 1.71953583 1 1 1
v 2.02794552 6.41791058 1.64372253 1 1 1
v 1.96718669 6.41324949 1.77197123 1 1 1
v 1.89158726 6.39122105 1.78571963 1 1 1
v 1.82948351 6.36564684 1.73411715 1 1 1
v 1.82760012 6.35517454 1.65290284 1 1 1
v 1.85286343 6.35513306 1.57840633 1 1 1
v 1.9251492 6.37532377 1.55660689 1 1 1
v 1.99907207 6.40058136 1.57013738 1 1 1
v 1.9110986 6.9076848 1.80255151 1 1 1
v 1.89476037 6.93891811 1.73747337 1 1 1
v 1.84745991 6.89982128 1.83925545 1 1 1
v 1.78055382 6.90768623 1.84361804 1 1 1
v 1.72195613 6.93093395 1.81171012 1 1 1
v 1.70590842 6.96041822 1.7517482 1 1 1
v 1.72157514 6.98792934 1.68709052 1 1 1
v 1.79285467 6.99025631 1.65863252 1 1 1
v 1.86152446 6.96870565 1.68322754 1 1 1
v 2.12959433 7.28561878 2.10754299 1 1 1
v 2.14002347 7.32267427 2.07179379 1 1 1
v 2.09158134 7.27518034 2.14192605 1 1 1
v 2.04624701 7.29401731 2.15900159 1 1 1
v 2.00709033 7.33426142 2.15564442 1 1 1
v 2.00699234 7.3796854 2.12070465 1 1 1
v 2.03679013 7.40269995 2.08220005 1 1 1
v 2.08052731 7.39704657 2.05607009 1 1 1
v 2.12312269 7.36753035 2.04924607 1 1 1
v 2.40580225 7.51904106 2.56651688 1 1 1
v 2.43464446 7.54901695 2.54255986 1 1 1
v 2.37748909 7.50392771 2.59545064 1 1 1
v 2.33914232 7.52120209 2.6111896 1 1 1
v 2.31742859 7.55826426 2.60427427 1 1 1
v 2.31749582 7.5963397 2.58652902 1 1 1
v 2.33861446 7.63587999 2.56338978 1 1 1
v 2.37865376 7.61764526 2.53868508 1 1 1
v 2.40917802 7.58844423 2.53242111 1 1 1
v 2.40706229 7.52868414 2.57608867 1 1 1
v 2.41828036 7.55588436 2.55596614 1 1 1
v 2.37995505 7.51976013 2.59741592 1 1 1
v 2.34952879 7.53342724 2.60996485 1 1 1
v 2.33003926 7.56317043 2.60791516 1 1 1
v 2.33061385 7.59513998 2.59218574 1 1 1
v 2.3509829 7.61433697 2.5701561 1 1 1
v 2.38160992 7.61185074 2.55210543 1 1 1
v 2.40814161 7.5887332 2.54654336 1 1 1
v 0.267285705 3.32528496 0.262573719 1 1 1
v 0.208592772 3.30587769 0.307210952 1 1 1
v 0.371589601 3.33601213 0.104675457 1 1 1
v 0.344232261 3.33744407 0.159164071 1 1 1
v 0.145725474 3.35027242 0.350112677 1 1 1
v -0.00320750149 3.38195968 0.376353264 1 1 1
v -0.0473487079 3.38462424 0.376847863 1 1 1
v -0.114807308 3.49691105 0.371626616 1 1 1
v -0.278193265 3.54500437 0.287508309 1 1 1
v -0.0431673415 3.92657304 0.358022958 1 1 1
v -0.223956823 3.6371944 0.302121907 1 1 1
v -0.121747434 3.77771425 0.346857429 1 1 1
v 0.0857475698 4.01913881 0.343969792 1 1 1
v -0.0233609285 3.94026375 0.362469912 1 1 1
v 0.352805674 4.0362978 0.0856394246 1 1 1
v 0.344865948 4.04286146 0.101062946 1 1 1
v 0.382753313 3.77785373 -0.108871005 1 1 1
v 0.371457994 3.97875857 0.0471858457 1 1 1
v 0.374028027 3.63424659 -0.121719867 1 1 1
v 0.399311751 3.50319195 -0.0950018987 1 1 1
v 0.398145825 3.41356921 0.0306156278 1 1 1
v 0.256631643 4.12077522 0.25680238 1 1 1
v 0.285204589 4.10294151 0.21752663 1 1 1
v -2.47766972 8.38644409 -0.474647433 1 1 1
v -2.47361612 8.38073921 -0.492330998 1 1 1
v -2.45007133 8.38614464 -0.478523314 1 1 1
v -2.45862889 8.37672329 -0.503312409 1 1 1
v -2.43964267 8.37628937 -0.502395809 1 1 1
v -2.42556095 8.37962246 -0.490076333 1 1 1
v -2.42297316 8.38517284 -0.472078085 1 1 1
v -2.43309307 8.39033985 -0.456845105 1 1 1
v -2.4511745 8.39271545 -0.451465577 1 1 1
v -2.46875548 8.39116669 -0.458525389 1 1 1
v -0.649494946 4.40194702 0.128100172 1 1 1
v -0.52253437 4.52599144 0.207131624 1 1 1
v -0.0381202549 4.15717745 0.344483405 1 1 1
v -0.0400735065 4.15474796 0.343231261 1 1 1
v -0.201608643 4.20946264 0.295564771 1 1 1
v -0.210296065 4.20562029 0.291518003 1 1 1
v -0.280463398 4.06370306 0.234592915 1 1 1
v -0.725351572 4.34802485 -0.0443530567 1 1 1
v -0.695227087 4.37648201 -0.228589222 1 1 1
v -1.149158 4.65201139 -0.307869226 1 1 1
v -1.16034222 4.60947657 -0.0877513066 1 1 1
v -0.577594101 4.48728848 -0.332692772 1 1 1
v -1.02207041 4.78775597 -0.415569216 1 1 1
v -0.420477927 4.64343691 -0.307727277 1 1 1
v -0.814213514 4.9554615 -0.274005681 1 1 1
v -0.684862077 5.0468483 -0.158965394 1 1 1
v -0.23958607 4.76902866 -0.2506769 1 1 1
v -0.240234375 4.77094316 -0.249722213 1 1 1
v -0.493870318 4.72978973 0.177332759 1 1 1
v -0.908652067 4.81505156 0.178610235 1 1 1
v -0.781554699 4.98256016 0.141651094 1 1 1
v -1.06963062 4.67006922 0.115029231 1 1 1
v -1.41000926 5.1963563 -0.107417203 1 1 1
v -1.40644538 5.1654563 0.0687167943 1 1 1
v -1.27874529 5.27031517 -0.200393245 1 1 1
v -1.12944376 5.34380531 -0.213760763 1 1 1
v -0.990976095 5.3942337 -0.116988085 1 1 1
v -0.694024444 5.06675434 0.00485446863 1 1 1
v -0.95900774 5.37767506 0.0585893989 1 1 1
v -1.02967227 5.31864452 0.205806971 1 1 1
v -1.16987109 5.2424078 0.266463369 1 1 1
v -1.32702923 5.17766333 0.22415325 1 1 1
v -1.48809457 5.61151171 -0.0726847649 1 1 1
v -1.52006352 5.6130271 0.06228818 1 1 1
v -1.39800346 5.67816687 -0.148402691 1 1 1
v -1.29647648 5.77500248 -0.147154048 1 1 1
v -1.2255708 5.86223364 -0.061411988 1 1 1
v -1.20347476 5.91527224 0.0679091737 1 1 1
v -1.27550495 5.87064028 0.176332504 1 1 1
v -1.37381697 5.78631544 0.215648726 1 1 1
v -1.47084749 5.68621445 0.178011134 1 1 1
v -1.93184006 5.80905724 -0.231088668 1 1 1
v -1.95674968 5.80656528 -0.113499537 1 1 1
v -1.88294113 5.86939478 -0.330478013 1 1 1
v -1.82878852 5.98294687 -0.321600765 1 1 1
v -1.79532433 6.07864809 -0.256253541 1 1 1
v -1.79609811 6.12585878 -0.138962701 1 1 1
v -1.84074342 6.07761574 -0.0324110165 1 1 1
v -1.8986479 5.98593092 0.0311111324 1 1 1
v -1.94036746 5.87872648 -0.0190094337 1 1 1
v -2.48324537 6.13661051 -0.253722131 1 1 1
v -2.49006844 6.13519335 -0.138906971 1 1 1
v -2.42297697 6.19439459 -0.347175747 1 1 1
v -2.33663797 6.28335714 -0.332925022 1 1 1
v -2.26767254 6.35821915 -0.270428598 1 1 1
v -2.25380158 6.37851143 -0.152796045 1 1 1
v -2.30113745 6.33406401 -0.0571151376 1 1 1
v -2.37504911 6.26233816 0.00829524733 1 1 1
v -2.46032834 6.17266655 -0.0269583426 1 1 1
v -2.76641035 6.59099197 -0.283674926 1 1 1
v -2.79330277 6.63373852 -0.172935039 1 1 1
v -2.65114808 6.59606743 -0.328163773 1 1 1
v -2.54971695 6.61996317 -0.325356841 1 1 1
v -2.49074936 6.66217375 -0.259907305 1 1 1
v -2.48937845 6.70537233 -0.164491504 1 1 1
v -2.56689048 6.72264004 -0.0861644223 1 1 1
v -2.66808176 6.713799 -0.0553597808 1 1 1
v -2.78204131 6.6852293 -0.0650273785 1 1 1
v -2.63120294 7.03948879 -0.654842019 1 1 1
v -2.66668797 7.07149601 -0.566634953 1 1 1
v -2.54826236 7.02388668 -0.718069494 1 1 1
v -2.45264506 7.0427475 -0.698898315 1 1 1
v -2.39420938 7.07601786 -0.635316014 1 1 1
v -2.38961506 7.11550379 -0.541649282 1 1 1
v -2.46452236 7.13476896 -0.47228393 1 1 1
v -2.55855107 7.13509226 -0.444375157 1 1 1
v -2.64301682 7.10971785 -0.481475025 1 1 1
v -2.80557466 7.5307765 -0.66544807 1 1 1
v -2.82334518 7.50539255 -0.590692699 1 1 1
v -2.73351693 7.54156303 -0.707018554 1 1 1
v -2.64752984 7.52877569 -0.683918059 1 1 1
v -2.58097839 7.50530195 -0.626227379 1 1 1
v -2.56218529 7.47565699 -0.542726457 1 1 1
v -2.61628008 7.45445776 -0.472072631 1 1 1
v -2.70991302 7.45741653 -0.46812737 1 1 1
v -2.79098868 7.47695351 -0.512369156 1 1 1
v -2.54818201 7.86126184 -0.362986028 1 1 1
v -2.55379462 7.85127926 -0.297996908 1 1 1
v -2.49725175 7.85308504 -0.404480904 1 1 1
v -2.43891549 7.83077002 -0.383723229 1 1 1
v -2.38221002 7.80818987 -0.346410841 1 1 1
v -2.39028716 7.79724646 -0.275756299 1 1 1
v -2.41748905 7.79619169 -0.2192678 1 1 1
v -2.47683811 7.81218767 -0.208019644 1 1 1
v -2.52872086 7.83346891 -0.239487395 1 1 1
v -2.50045371 8.36180115 -0.50371027 1 1 1
v -2.50913286 8.37395096 -0.466224581 1 1 1
v -2.46806598 8.35291195 -0.524729669 1 1 1
v -2.42835593 8.35239983 -0.525233746 1 1 1
v -2.39156175 8.36161041 -0.503352821 1 1 1
v -2.38197756 8.37656498 -0.459913373 1 1 1
v -2.41353202 8.38323212 -0.427486658 1 1 1
v -2.45287585 8.38702393 -0.417278498 1 1 1
v -2.49582696 8.38999462 -0.427091479 1 1 1
v -2.49216175 8.37255669 -0.501876116 1 1 1
v -2.49937916 8.38272095 -0.470377624 1 1 1
v -2.46546555 8.36540508 -0.521434128 1 1 1
v -2.43164635 8.36463165 -0.519802749 1 1 1
v -2.40656495 8.37056828 -0.497859418 1 1 1
v -2.4019556 8.38045502 -0.465800405 1 1 1
v -2.41998053 8.38965702 -0.438666791 1 1 1
v -2.45218778 8.39388943 -0.42908591 1 1 1
v -2.48350358 8.39113045 -0.44165799 1 1 1
v -0.396342129 4.00419378 0.0108282175 1 1 1
v -0.378624856 4.02790451 -0.109332748 1 1 1
v -0.34425202 4.02598906 -0.207974687 1 1 1
v -0.328804642 4.01860285 -0.229441762 1 1 1
v -0.211070001 4.13006496 -0.35346666 1 1 1
v -0.17260088 4.14147997 -0.378885269 1 1 1
v -0.122733973 4.26577711 -0.377114415 1 1 1
v -0.0505179949 4.36196852 -0.373533696 1 1 1
v -0.165929586 4.21496201 -0.379463106 1 1 1
v -0.229951277 4.73335695 -0.26536122 1 1 1
v -0.117868453 4.44844151 -0.362797678 1 1 1
v -0.335740983 4.7058568 0.17964755 1 1 1
v -0.335651159 4.70475054 0.180900827 1 1 1
v -0.335776836 4.66167927 0.197013095 1 1 1
v -0.242704853 4.41794538 0.276142746 1 1 1
v -0.192485571 4.31314945 0.307037592 1 1 1
v -0.0830171853 4.22166824 0.326970935 1 1 1
v -0.0368106067 4.15858603 0.343855441 1 1 1
v -0.359503508 4.06258678 0.137385547 1 1 1
v -0.396072537 4.03669691 0.0547359884 1 1 1
v -0.252907664 4.77991533 -0.233017191 1 1 1
v -0.316834003 4.83328724 -0.0866627023 1 1 1
v -0.350617558 4.8598609 -0.0221973192 1 1 1
v -0.350673079 4.85993433 -0.0218571499 1 1 1
v -0.352273464 4.85278845 -0.0112494929 1 1 1
v -0.348258585 4.83013058 0.0169890504 1 1 1
v 2.47815967 8.64649582 -1.64941752 1 1 1
v 2.47654676 8.63594818 -1.66403198 1 1 1
v 2.48159909 8.62106609 -1.64272463 1 1 1
v 2.47646523 8.61844921 -1.66860485 1 1 1
v 2.47796392 8.60214138 -1.66091669 1 1 1
v 2.48033404 8.59464645 -1.64463198 1 1 1
v 2.48247027 8.59948826 -1.62733388 1 1 1
v 2.48337078 8.61439514 -1.61713755 1 1 1
v 2.48261929 8.6323967 -1.61877453 1 1 1
v 2.48055959 8.64504147 -1.63154066 1 1 1
v 0.452724278 5.32030916 -0.0590417124 1 1 1
v 0.542371988 5.19650412 -0.10840185 1 1 1
v 0.254203081 4.70400238 0.272855848 1 1 1
v 0.252788216 4.7063055 0.273828715 1 1 1
v 0.275330573 4.84232807 0.250672787 1 1 1
v 0.273116559 5.02143288 0.244416401 1 1 1
v 0.200271815 5.22924042 -0.485110044 1 1 1
v 0.334726542 5.12545919 -0.498716295 1 1 1
v 0.571187913 5.45360184 -0.763341248 1 1 1
v 0.393566072 5.5468812 -0.707780421 1 1 1
v 0.488167733 5.09476042 -0.418906659 1 1 1
v 0.753855765 5.4567275 -0.677247584 1 1 1
v 0.574781835 5.12880659 -0.27316761 1 1 1
v 0.866728723 5.52038956 -0.538919568 1 1 1
v 0.887778699 5.63289976 -0.374254048 1 1 1
v 0.655824542 5.70847368 -0.363803387 1 1 1
v 0.502441466 5.76782322 -0.393862665 1 1 1
v 0.339583814 5.35482645 -0.00837813877 1 1 1
v 0.339330405 5.36056471 -0.0120588327 1 1 1
v 0.190159857 5.38097 -0.440534472 1 1 1
v 0.352006197 5.73220444 -0.66839987 1 1 1
v 0.653481483 5.9940896 -1.17321885 1 1 1
v 0.505994022 6.09814453 -1.12886202 1 1 1
v 0.803118885 5.94548941 -1.0510546 1 1 1
v 0.903803647 5.94448996 -0.886524379 1 1 1
v 0.906928003 6.00798178 -0.708856702 1 1 1
v 0.780353904 6.11286402 -0.628055155 1 1 1
v 0.617351115 6.19544125 -0.671754658 1 1 1
v 0.397259623 5.80681324 -0.527833939 1 1 1
v 0.484416395 6.22463655 -0.814047098 1 1 1
v 0.427039146 6.19415236 -0.997450829 1 1 1
v 1.15112996 6.45332527 -1.03777063 1 1 1
v 1.02665973 6.54588032 -1.01367152 1 1 1
v 1.2462703 6.36769342 -0.956823349 1 1 1
v 1.28180146 6.32121181 -0.822612643 1 1 1
v 1.23273826 6.33894587 -0.685851753 1 1 1
v 1.12929916 6.40635157 -0.589874387 1 1 1
v 1.01232386 6.50075769 -0.634483159 1 1 1
v 0.941687644 6.57080841 -0.743033409 1 1 1
v 0.942983031 6.59206009 -0.8912341 1 1 1
v 1.35953701 6.90626478 -0.952239573 1 1 1
v 1.23650968 6.93343592 -0.930021286 1 1 1
v 1.48825479 6.89455986 -0.899912179 1 1 1
v 1.52514207 6.91450548 -0.768587768 1 1 1
v 1.50239289 6.9437294 -0.651362538 1 1 1
v 1.40671289 6.97990084 -0.568709671 1 1 1
v 1.27701235 6.99307394 -0.611806512 1 1 1
v 1.17555213 6.99352884 -0.701141179 1 1 1
v 1.17323947 6.9657793 -0.829534829 1 1 1
v 1.27926898 7.36749935 -1.1666466 1 1 1
v 1.17206573 7.4408555 -1.16683936 1 1 1
v 1.39347386 7.32815456 -1.12355113 1 1 1
v 1.44659412 7.3717227 -1.02927744 1 1 1
v 1.42054963 7.45270252 -0.95519954 1 1 1
v 1.33818388 7.54120398 -0.917922199 1 1 1
v 1.22574711 7.59030104 -0.949705601 1 1 1
v 1.12271059 7.60492849 -1.01594949 1 1 1
v 1.1094327 7.53217983 -1.11076868 1 1 1
v 1.76044881 7.48254395 -1.43651962 1 1 1
v 1.70466399 7.57348108 -1.43544149 1 1 1
v 1.82684433 7.47022104 -1.35548699 1 1 1
v 1.86918414 7.49534798 -1.27822208 1 1 1
v 1.86653841 7.56822968 -1.22196186 1 1 1
v 1.82545662 7.65177059 -1.20895672 1 1 1
v 1.76145506 7.70220232 -1.25317419 1 1 1
v 1.70625484 7.70709515 -1.3235271 1 1 1
v 1.66238666 7.67144251 -1.41404247 1 1 1
v 2.08310938 7.89420414 -1.74259722 1 1 1
v 1.99321556 7.90844297 -1.71686649 1 1 1
v 2.17559123 7.90208912 -1.73076832 1 1 1
v 2.2159543 7.93943739 -1.66478992 1 1 1
v 2.19092822 7.97794724 -1.59668851 1 1 1
v 2.12519264 8.01143265 -1.53730631 1 1 1
v 2.03116655 8.00642109 -1.54473031 1 1 1
v 1.959548 7.98501253 -1.58158886 1 1 1
v 1.94845462 7.94573259 -1.65022099 1 1 1
v 1.73850799 8.46049881 -1.91247284 1 1 1
v 1.6752156 8.44084454 -1.87990975 1 1 1
v 1.81654179 8.45782948 -1.87371945 1 1 1
v 1.86329746 8.43945026 -1.80087507 1 1 1
v 1.86388624 8.41494465 -1.72926104 1 1 1
v 1.82924557 8.39005184 -1.66267133 1 1 1
v 1.73627591 8.37997246 -1.66615391 1 1 1
v 1.66948354 8.39334774 -1.73731208 1 1 1
v 1.65331841 8.41732311 -1.81973803 1 1 1
v 1.87829804 8.65186214 -1.62931287 1 1 1
v 1.84734082 8.66935921 -1.57823431 1 1 1
v 1.90959823 8.60138798 -1.64696372 1 1 1
v 1.91674662 8.55563545 -1.6167171 1 1 1
v 1.91293335 8.52260303 -1.57057953 1 1 1
v 1.87814379 8.54772663 -1.52329671 1 1 1
v 1.84575903 8.57715416 -1.47768676 1 1 1
v 1.82617271 8.63092232 -1.4917022 1 1 1
v 1.82138729 8.67382336 -1.52429914 1 1 1
v 2.45788336 8.65233517 -1.68629193 1 1 1
v 2.46135664 8.67485142 -1.65525079 1 1 1
v 2.45700765 8.6153059 -1.69376528 1 1 1
v 2.46097589 8.58031178 -1.67982852 1 1 1
v 2.4696486 8.55682087 -1.64612079 1 1 1
v 2.47673655 8.56582069 -1.60241699 1 1 1
v 2.4733758 8.60612392 -1.58509099 1 1 1
v 2.47068882 8.64469337 -1.59024775 1 1 1
v 2.47065306 8.67980957 -1.61405945 1 1 1
v 2.46865106 8.64749241 -1.68021357 1 1 1
v 2.4715302 8.6663065 -1.65414369 1 1 1
v 2.46850705 8.6162796 -1.68836808 1 1 1
v 2.47117996 8.58719063 -1.67465568 1 1 1
v 2.47540808 8.57382488 -1.64560878 1 1 1
v 2.47921872 8.58246136 -1.61475337 1 1 1
v 2.48082423 8.60904789 -1.59656549 1 1 1
v 2.47948408 8.6411581 -1.59948707 1 1 1
v 2.4758091 8.66371441 -1.6222558 1 1 1
v 0.00339030684 4.84784079 -0.334687233 1 1 1
v 0.0792787522 4.72423363 -0.327507377 1 1 1
v -0.117365383 4.86365175 -0.293409109 1 1 1
v -0.0095029464 4.87152433 -0.337324739 1 1 1
v -0.00174567255 4.86087227 -0.336585641 1 1 1
v 0.266574234 4.69032717 -0.252556354 1 1 1
v 0.28930676 4.66804981 -0.226495117 1 1 1
v 0.208508536 4.71164227 -0.285498977 1 1 1
v 0.401858747 4.7035718 -0.0264425017 1 1 1
v 0.388204962 4.70876741 -0.0855008438 1 1 1
v 0.302690774 4.7370863 0.219721019 1 1 1
v 0.254205972 4.70352364 0.272253036 1 1 1
v 0.402787805 4.70728588 -0.0229887739 1 1 1
v 0.323628128 4.73791981 0.180001482 1 1 1
v 0.274170429 5.02291918 0.243197843 1 1 1
v 0.311490178 5.13140631 0.159042001 1 1 1
v 0.342544228 5.26549149 0.0568504296 1 1 1
v 0.135854483 5.31247377 -0.294144213 1 1 1
v 0.0769273192 5.25436497 -0.31374228 1 1 1
v 0.0725068897 5.24996185 -0.314483941 1 1 1
v -0.032455001 4.97837543 -0.337206155 1 1 1
v 0.340036899 5.44362354 -0.100563906 1 1 1
v 0.346339285 5.50067139 -0.15678905 1 1 1
v 0.341331005 5.52479744 -0.186646178 1 1 1
v 0.250174433 5.50258923 -0.23502627 1 1 1
v 0.13767539 5.3157649 -0.293554336 1 1 1
v 0.204591393 5.43412542 -0.252189368 1 1 1
v -0.495690703 9.06496906 2.54034305 1 1 1
v -0.48913154 9.08051586 2.54414129 1 1 1
v -0.470391512 9.06374836 2.54130816 1 1 1
v -0.473861307 9.08843708 2.54584789 1 1 1
v -0.456964195 9.08496571 2.54464674 1 1 1
v -0.446354032 9.07178783 2.54111648 1 1 1
v -0.447001845 9.05503178 2.53689933 1 1 1
v -0.45860365 9.04256058 2.53397369 1 1 1
v -0.475727409 9.04017067 2.53369975 1 1 1
v -0.490348339 9.04904366 2.53622007 1 1 1
v -0.441893399 5.85670853 0.363165557 1 1 1
v -0.379986942 6.02235746 0.306535661 1 1 1
v -0.44377929 6.42931461 0.622706115 1 1 1
v -0.630695105 6.26683807 0.676913559 1 1 1
v -0.280677378 6.50644159 0.585500538 1 1 1
v -0.293758333 5.97138071 0.156429514 1 1 1
v -0.258017868 6.04398966 0.182865083 1 1 1
v -0.224548802 6.14835167 0.230767637 1 1 1
v 0.0755595416 6.03347206 0.44384867 1 1 1
v 0.041157186 5.88070297 0.520066917 1 1 1
v -0.07584811 6.25740767 0.825378954 1 1 1
v -0.0464382321 6.3985281 0.711654007 1 1 1
v -0.0827130899 5.78553247 0.595786393 1 1 1
v -0.209301934 6.16559267 0.923294663 1 1 1
v -0.251404762 5.74513865 0.594499588 1 1 1
v -0.398068279 6.12520933 0.93564564 1 1 1
v -0.39680776 5.77040958 0.503928244 1 1 1
v -0.583844483 6.15573931 0.84886539 1 1 1
v -0.483757764 6.92162228 0.921874762 1 1 1
v -0.538053513 6.79849339 1.03568804 1 1 1
v -0.324528545 6.9524579 0.869973063 1 1 1
v -0.129852906 6.49564123 0.618555486 1 1 1
v -0.162623465 6.91950893 0.876302361 1 1 1
v -0.0556114949 6.80759048 0.95883292 1 1 1
v -0.0657696947 6.6740365 1.07638919 1 1 1
v -0.188346907 6.59342575 1.16306472 1 1 1
v -0.34875685 6.59339619 1.185987 1 1 1
v -0.499242991 6.66610956 1.14627504 1 1 1
v -0.37264502 7.10252666 1.41321135 1 1 1
v -0.430429965 7.00169039 1.50396979 1 1 1
v -0.245267987 7.16424513 1.38451242 1 1 1
v -0.106261857 7.14409971 1.44381726 1 1 1
v -0.0146614043 7.07321787 1.54455876 1 1 1
v 0.0130759962 6.97105694 1.6624198 1 1 1
v -0.102646083 6.88940668 1.71387339 1 1 1
v -0.243837178 6.86814165 1.69583082 1 1 1
v -0.372202754 6.90822458 1.61804092 1 1 1
v -0.531800508 7.40457249 1.5411588 1 1 1
v -0.589956284 7.34923363 1.62853253 1 1 1
v -0.43575412 7.47791862 1.51815021 1 1 1
v -0.353194982 7.52479839 1.59637034 1 1 1
v -0.31487146 7.53565884 1.70806468 1 1 1
v -0.34126848 7.49992466 1.81943464 1 1 1
v -0.424897283 7.43159485 1.87150908 1 1 1
v -0.528319955 7.35979319 1.85803783 1 1 1
v -0.589428544 7.33168888 1.74832785 1 1 1
v -0.929579318 7.85568619 1.51542103 1 1 1
v -1.00062478 7.83522606 1.60960639 1 1 1
v -0.805786669 7.88871098 1.50204444 1 1 1
v -0.706433296 7.91391945 1.57194984 1 1 1
v -0.656828701 7.92622375 1.67831457 1 1 1
v -0.70479238 7.91199732 1.78625357 1 1 1
v -0.813822508 7.88218355 1.82538104 1 1 1
v -0.932777703 7.85098791 1.81573808 1 1 1
v -1.02748322 7.82726097 1.72995985 1 1 1
v -0.794642568 8.50151825 1.57408023 1 1 1
v -0.846721113 8.51470661 1.66591895 1 1 1
v -0.705416381 8.43481064 1.57124794 1 1 1
v -0.63393563 8.3698082 1.61329174 1 1 1
v -0.608280599 8.32681465 1.70000374 1 1 1
v -0.633129716 8.31912899 1.79758084 1 1 1
v -0.714795053 8.3682003 1.8396771 1 1 1
v -0.798191071 8.43296337 1.8316052 1 1 1
v -0.876133859 8.50733376 1.77669871 1 1 1
v -0.27020517 8.74069023 1.79067409 1 1 1
v -0.311836809 8.76775742 1.86434114 1 1 1
v -0.211960465 8.67652321 1.76626444 1 1 1
v -0.155929744 8.60198212 1.78999996 1 1 1
v -0.146729261 8.55997944 1.87698901 1 1 1
v -0.177056745 8.56753159 1.96115041 1 1 1
v -0.229706705 8.61392784 2.01469493 1 1 1
v -0.284764767 8.68355656 2.00633025 1 1 1
v -0.320180982 8.74957085 1.95308375 1 1 1
v -0.216730282 8.77643776 1.81280756 1 1 1
v -0.271681428 8.76722908 1.86828411 1 1 1
v -0.132734597 8.77385902 1.80749822 1 1 1
v -0.0545638241 8.76847649 1.83580375 1 1 1
v -0.0242663361 8.75557995 1.90803862 1 1 1
v -0.0684825033 8.74518585 1.97234738 1 1 1
v -0.144597754 8.74083233 2.01286864 1 1 1
v -0.228119612 8.74632454 1.98972142 1 1 1
v -0.289190829 8.75952148 1.94105732 1 1 1
v -0.548703253 9.27518177 1.92988944 1 1 1
v -0.562482595 9.21399975 1.95238483 1 1 1
v -0.491110861 9.3070612 1.94181454 1 1 1
v -0.439143062 9.27287483 1.98357642 1 1 1
v -0.388391227 9.22788429 2.02999735 1 1 1
v -0.40547812 9.15698242 2.05641699 1 1 1
v -0.440421581 9.10931969 2.06315994 1 1 1
v -0.497880965 9.11189556 2.03361177 1 1 1
v -0.547133148 9.14995289 1.99146175 1 1 1
v -0.510543942 9.10257626 2.53511167 1 1 1
v -0.524632573 9.06949139 2.52709532 1 1 1
v -0.477768213 9.11761761 2.5372436 1 1 1
v -0.441984832 9.11221695 2.53633571 1 1 1
v -0.412016422 9.0855999 2.5327692 1 1 1
v -0.410257727 9.04303932 2.52372551 1 1 1
v -0.444735467 9.02006054 2.51389241 1 1 1
v -0.482025236 9.01680565 2.51286817 1 1 1
v -0.520151973 9.02939796 2.52113152 1 1 1
v -0.503935695 9.09463215 2.54266977 1 1 1
v -0.515648127 9.06686211 2.53588724 1 1 1
v -0.476660997 9.10877895 2.54571891 1 1 1
v -0.446480304 9.10258007 2.54357362 1 1 1
v -0.427530348 9.07904148 2.53726888 1 1 1
v -0.428687513 9.04911423 2.52973652 1 1 1
v -0.449408561 9.0268383 2.52451062 1 1 1
v -0.47999388 9.02257061 2.5240221 1 1 1
v -0.506109059 9.03841686 2.5285213 1 1 1
v -0.36008364 5.36722851 -0.0347152203 1 1 1
v -0.354150862 5.37714195 -0.045096375 1 1 1
v -0.360922426 5.43744421 -0.00807997305 1 1 1
v -0.363458186 5.51744509 0.0255107805 1 1 1
v -0.340516806 5.832026 0.0838415772 1 1 1
v -0.316090018 5.92918015 0.139324099 1 1 1
v -0.340186507 5.83715773 0.0873450115 1 1 1
v 0.107264556 6.00296116 0.286561906 1 1 1
v 0.200254634 5.85169554 0.257111907 1 1 1
v 0.211215749 5.65568542 0.276924938 1 1 1
v 0.246373519 5.45567942 0.215820059 1 1 1
v 0.247630373 5.44640064 0.215253726 1 1 1
v 0.156163648 5.45944691 0.319897056 1 1 1
v 0.0886970982 5.35069704 0.34528479 1 1 1
v 0.237757444 5.45628834 0.230750278 1 1 1
v 0.195448637 5.5114975 0.304112524 1 1 1
v 0.180159211 5.50017929 0.313683897 1 1 1
v -0.128029987 5.29940224 0.342637986 1 1 1
v -0.0212291945 5.35175753 0.364725024 1 1 1
v -0.06578549 5.3409071 0.363508821 1 1 1
v -0.285910964 5.35844994 0.264589339 1 1 1
v -0.310088515 5.32405233 0.20918256 1 1 1
v -0.253601044 5.35308075 0.288107127 1 1 1
v -0.368756086 5.42654896 0.0508866012 1 1 1
v -0.369337261 5.42609739 0.0454169139 1 1 1
v -0.356911451 5.36115217 -0.0264802221 1 1 1
v -0.0296725649 6.15808725 0.300765276 1 1 1
v -0.200180531 6.17246294 0.260349303 1 1 1
v -0.158166394 6.18300867 0.281994909 1 1 1
v 0.0536832474 6.0763526 0.310855001 1 1 1
v 0.074411042 6.0461278 0.298309416 1 1 1
v 0.0380198695 6.09309244 0.30986172 1 1 1
v -0.982765734 11.9416056 1.10226941 1 1 1
v -0.974572718 11.944006 1.09066141 1 1 1
v -0.962501943 11.9377203 1.10676348 1 1 1
v -0.960878849 11.9428596 1.08634996 1 1 1
v -0.948055685 11.9386768 1.09140956 1 1 1
v -0.942097425 11.9334316 1.10342228 1 1 1
v -0.945803642 11.9295692 1.11679506 1 1 1
v -0.957435668 11.9289036 1.12525451 1 1 1
v -0.971555412 11.931735 1.12487268 1 1 1
v -0.981534302 11.9367514 1.11578035 1 1 1
v -0.24147293 7.12209845 -0.156432346 1 1 1
v -0.118899278 7.19812822 -0.276921391 1 1 1
v -0.137175888 7.75589228 -0.112814046 1 1 1
v -0.233769208 7.73664856 -0.0124298893 1 1 1
v -0.0029576621 7.78498173 -0.110320114 1 1 1
v -0.101683378 7.21063185 -0.275710583 1 1 1
v -0.109154351 7.22305679 -0.271345884 1 1 1
v -0.112927645 7.24497461 -0.264856309 1 1 1
v -0.0952730775 7.31353092 -0.24834685 1 1 1
v -0.0945576876 7.31490183 -0.2480634 1 1 1
v -0.0901245698 7.31648588 -0.248199582 1 1 1
v -0.0884109885 7.31492233 -0.248848334 1 1 1
v -0.0687301457 7.31358624 -0.251745909 1 1 1
v -0.050605841 7.26111174 -0.268452078 1 1 1
v -0.0535357855 7.24099922 -0.273584902 1 1 1
v 0.0588691346 7.25853443 -0.283239782 1 1 1
v 0.0961791575 7.83479404 -0.0159833916 1 1 1
v 0.0824573711 7.26110315 -0.26567921 1 1 1
v 0.064822115 7.29687929 -0.25702548 1 1 1
v 0.0620238185 7.30422926 -0.254685581 1 1 1
v 0.0797414482 7.30262232 -0.243538961 1 1 1
v 0.0881910175 7.3050952 -0.236351296 1 1 1
v 0.115500785 7.29346609 -0.224458233 1 1 1
v 0.0910612568 7.26204014 -0.259273946 1 1 1
v 0.209015042 7.2748847 -0.171461716 1 1 1
v 0.189439431 7.32766676 -0.154303938 1 1 1
v 0.181749552 7.33515835 -0.155215919 1 1 1
v 0.177001432 7.36120319 -0.143402174 1 1 1
v -0.193077177 8.30381203 -0.0515848659 1 1 1
v -0.298450589 8.30840206 0.0803576037 1 1 1
v -0.029702818 8.29070759 -0.0292432774 1 1 1
v 0.0994815081 8.28205967 0.0476186611 1 1 1
v 0.111191548 7.91093063 0.142169982 1 1 1
v 0.166891724 8.27748871 0.196478054 1 1 1
v 0.0571359061 7.86549759 0.255717158 1 1 1
v 0.080702804 8.28050232 0.33500585 1 1 1
v -0.0488616265 7.79243708 0.293486625 1 1 1
v -0.0581758283 8.28862858 0.394977003 1 1 1
v -0.173972532 7.76046276 0.251474172 1 1 1
v -0.204293162 8.29859638 0.359932452 1 1 1
v -0.257977158 7.76020145 0.139169157 1 1 1
v -0.318688571 8.30858326 0.2451168 1 1 1
v -0.188629746 8.85884571 -0.0369733572 1 1 1
v -0.288450509 8.83299351 0.0585518852 1 1 1
v -0.0574951842 8.89166069 -0.0399830118 1 1 1
v 0.0502098165 8.91884995 0.0287203863 1 1 1
v 0.0831380785 8.92613411 0.154657394 1 1 1
v 0.0433545038 8.91595078 0.288032442 1 1 1
v -0.0865107328 8.8812294 0.327734143 1 1 1
v -0.210427776 8.84998512 0.299545646 1 1 1
v -0.296083331 8.82973576 0.197891489 1 1 1
v -0.402597398 9.32735538 0.0333226398 1 1 1
v -0.45468998 9.25271797 0.107774496 1 1 1
v -0.314103216 9.40831089 0.012727214 1 1 1
v -0.236576781 9.43156815 0.098181881 1 1 1
v -0.195912227 9.41984272 0.199498266 1 1 1
v -0.205259204 9.3649931 0.309393585 1 1 1
v -0.292495072 9.28266621 0.334624618 1 1 1
v -0.384510487 9.21926975 0.312506527 1 1 1
v -0.441427559 9.2158556 0.214627296 1 1 1
v -0.81180495 9.63353062 0.369302422 1 1 1
v -0.841795921 9.55382252 0.431309313 1 1 1
v -0.740846813 9.7215004 0.358903825 1 1 1
v -0.66583252 9.74593544 0.438997686 1 1 1
v -0.616999626 9.73187065 0.532731533 1 1 1
v -0.629051566 9.65968132 0.611876309 1 1 1
v -0.687922716 9.57840252 0.631882846 1 1 1
v -0.766081631 9.50238132 0.61710614 1 1 1
v -0.834356606 9.49429989 0.524052501 1 1 1
v -1.21579576 10.0497942 0.567554235 1 1 1
v -1.24663126 9.98731232 0.649926126 1 1 1
v -1.11899185 10.0937881 0.584367812 1 1 1
v -1.04061091 10.1110678 0.632711172 1 1 1
v -0.995031595 10.0936308 0.711732388 1 1 1
v -1.00866234 10.0434799 0.790219784 1 1 1
v -1.07776225 9.98786163 0.821495175 1 1 1
v -1.16269112 9.95042896 0.803617358 1 1 1
v -1.25828826 9.9301405 0.745017529 1 1 1
v -1.3031776 10.5307684 0.872852445 1 1 1
v -1.35788655 10.5403318 0.963377595 1 1 1
v -1.21020377 10.5126896 0.834126711 1 1 1
v -1.12524521 10.4952517 0.867831469 1 1 1
v -1.0928719 10.4875345 0.95711422 1 1 1
v -1.12931013 10.4932156 1.05417717 1 1 1
v -1.20943308 10.5082045 1.11507618 1 1 1
v -1.29738355 10.525877 1.12022185 1 1 1
v -1.36243355 10.5399523 1.06201923 1 1 1
v -1.02686727 10.9059124 0.633347392 1 1 1
v -1.06138325 10.917326 0.714442968 1 1 1
v -0.943186402 10.8880873 0.622919977 1 1 1
v -0.875214934 10.8771896 0.644262016 1 1 1
v -0.846615851 10.876976 0.712639093 1 1 1
v -0.850933611 10.8857927 0.803100526 1 1 1
v -0.924966574 10.9042215 0.86261946 1 1 1
v -1.01471555 10.9203548 0.857536316 1 1 1
v -1.05841386 10.9224138 0.790035069 1 1 1
v -1.11037982 11.4065008 0.861517429 1 1 1
v -1.13496137 11.391552 0.901203811 1 1 1
v -1.06098247 11.4126883 0.846843719 1 1 1
v -1.01878953 11.4034214 0.873242676 1 1 1
v -0.992380083 11.3899698 0.912647486 1 1 1
v -1.01086187 11.373826 0.9558478 1 1 1
v -1.04927564 11.3632755 0.98402828 1 1 1
v -1.11138844 11.3560963 1.00606251 1 1 1
v -1.13330352 11.3755283 0.946138382 1 1 1
v -0.989145219 11.9386711 1.07021248 1 1 1
v -1.01843214 11.9438076 1.09303522 1 1 1
v -0.960355163 11.9412708 1.05619645 1 1 1
v -0.930458367 11.9314556 1.06805229 1 1 1
v -0.921556354 11.9178457 1.09601581 1 1 1
v -0.928461254 11.9098158 1.12488329 1 1 1
v -0.948340058 11.9095898 1.15956175 1 1 1
v -0.984499872 11.9147911 1.14376223 1 1 1
v -1.00514376 11.925086 1.12239242 1 1 1
v -0.984771907 11.9459877 1.07679343 1 1 1
v -0.999491394 11.9416761 1.09765446 1 1 1
v -0.960165322 11.9439297 1.0690496 1 1 1
v -0.937122047 11.9364138 1.07813978 1 1 1
v -0.926416159 11.9269886 1.09972513 1 1 1
v -0.933076143 11.9200487 1.12375581 1 1 1
v -0.953977287 11.9188509 1.13895738 1 1 1
v -0.979349613 11.9239397 1.1382699 1 1 1
v -0.997282326 11.9329529 1.1219331 1 1 1
v 0.12604326 7.53055096 -0.0558091812 1 1 1
v 0.119143784 7.67173147 0.118017443 1 1 1
v 0.124559633 7.6659441 0.13246806 1 1 1
v 0.214302704 7.271348 -0.153633907 1 1 1
v 0.0855111331 7.47811985 0.252206117 1 1 1
v 0.0254156217 7.37111139 0.26148963 1 1 1
v -0.0204338394 7.25515938 0.271778077 1 1 1
v -0.0695658699 7.22371817 0.252327055 1 1 1
v -0.0743205026 7.21437788 0.24793759 1 1 1
v -0.169715986 7.20050955 0.220344588 1 1 1
v -0.184757933 7.19061708 0.213308349 1 1 1
v -0.0651046932 7.22798157 0.25487709 1 1 1
v -0.305478066 7.23511219 0.0725154728 1 1 1
v -0.189609677 7.19547224 0.210394606 1 1 1
v -0.241790906 7.12214661 -0.154246539 1 1 1
v -0.241566435 7.12150955 -0.154547602 1 1 1
v -0.316256374 7.28292847 0.0506749973 1 1 1
v -0.316254884 7.28302383 0.0504608974 1 1 1
v -0.316200167 7.28299904 0.0501057506 1 1 1
v -0.316086918 7.28281355 0.0496571288 1 1 1
v -0.258828014 7.1666317 -0.123468652 1 1 1
v 0.186640531 7.26375055 -0.158738405 1 1 1
v 1.32651317 11.5022001 0.474919319 1 1 1
v 1.31365192 11.4986887 0.482917756 1 1 1
v 1.30801678 11.5072355 0.462604314 1 1 1
v 1.29820776 11.4984865 0.481210619 1 1 1
v 1.28739381 11.5017157 0.470522761 1 1 1
v 1.28624344 11.5068455 0.455903471 1 1 1
v 1.2953186 11.5114861 0.444170028 1 1 1
v 1.31036162 11.5134592 0.44082737 1 1 1
v 1.32435012 11.5118532 0.447411478 1 1 1
v 1.33069801 11.5074034 0.460879028 1 1 1
v 0.409888536 7.0969944 0.151055038 1 1 1
v 0.314081967 7.13527489 0.267277718 1 1 1
v 0.55963707 7.60224533 0.365619063 1 1 1
v 0.648703933 7.54773855 0.217115611 1 1 1
v 0.148818851 7.17111254 0.274069101 1 1 1
v 0.426318467 7.68736362 0.276006132 1 1 1
v 0.340013444 7.81006527 0.203030646 1 1 1
v 0.359839171 7.21736336 -0.105679072 1 1 1
v 0.423509419 7.12184048 0.000959483907 1 1 1
v 0.655373335 7.54041147 0.0372959226 1 1 1
v 0.568236768 7.67573357 -0.0741240978 1 1 1
v 0.772677958 8.07776642 0.25184083 1 1 1
v 0.85576576 8.04422379 0.133196771 1 1 1
v 0.656804681 8.16603374 0.26130566 1 1 1
v 0.56506145 8.25868225 0.191371262 1 1 1
v 0.343258202 7.92310286 0.0832554549 1 1 1
v 0.536409676 8.31984234 0.0538434945 1 1 1
v 0.377466202 7.89077091 -0.0418697782 1 1 1
v 0.584758282 8.32189369 -0.0902519971 1 1 1
v 0.455805123 7.78753567 -0.104673475 1 1 1
v 0.695768058 8.24847984 -0.147484139 1 1 1
v 0.801929474 8.15762424 -0.123439841 1 1 1
v 0.873376131 8.07239056 -0.0174841173 1 1 1
v 1.07193232 8.33253384 0.446414739 1 1 1
v 1.18265224 8.33210754 0.378539681 1 1 1
v 0.953748763 8.3850832 0.480878234 1 1 1
v 0.90918833 8.49336529 0.423503935 1 1 1
v 0.926410437 8.58365917 0.343483835 1 1 1
v 1.00278497 8.64866543 0.247561708 1 1 1
v 1.12521279 8.59310246 0.212913066 1 1 1
v 1.21825874 8.50927067 0.220028773 1 1 1
v 1.23475277 8.40639496 0.288626254 1 1 1
v 1.19376278 8.6686182 0.977150202 1 1 1
v 1.29235315 8.69040012 0.916246116 1 1 1
v 1.07662559 8.69293022 0.95804745 1 1 1
v 1.01188314 8.75093365 0.865268826 1 1 1
v 1.02314198 8.80841923 0.757083714 1 1 1
v 1.08946609 8.845994 0.675159574 1 1 1
v 1.19359529 8.84159279 0.661013484 1 1 1
v 1.30749118 8.80909252 0.69788599 1 1 1
v 1.33523369 8.74335194 0.810988128 1 1 1
v 1.20552623 9.39191341 0.964757621 1 1 1
v 1.27883649 9.35405922 0.888945639 1 1 1
v 1.10461617 9.39013958 0.924952388 1 1 1
v 1.03780818 9.37496948 0.857235134 1 1 1
v 1.0267334 9.34195805 0.759985447 1 1 1
v 1.08861554 9.30607033 0.683082461 1 1 1
v 1.18462074 9.28790474 0.669223785 1 1 1
v 1.26999652 9.29152489 0.710974574 1 1 1
v 1.33713686 9.31498432 0.798757195 1 1 1
v 1.33333802 9.82386303 0.550603271 1 1 1
v 1.40346909 9.79251289 0.515346527 1 1 1
v 1.25081754 9.84204769 0.542977333 1 1 1
v 1.19881201 9.82796764 0.475406677 1 1 1
v 1.19740856 9.79730701 0.397792757 1 1 1
v 1.23458564 9.761096 0.328571945 1 1 1
v 1.31596017 9.74131012 0.332679957 1 1 1
v 1.38454604 9.73789406 0.36708498 1 1 1
v 1.41644442 9.75820732 0.438365489 1 1 1
v 1.44691432 10.373827 0.493083358 1 1 1
v 1.49174976 10.3647594 0.447633654 1 1 1
v 1.38153362 10.3734226 0.478972018 1 1 1
v 1.34383416 10.3665485 0.429109961 1 1 1
v 1.34549618 10.357398 0.371755093 1 1 1
v 1.365659 10.347394 0.30458498 1 1 1
v 1.44022918 10.3421478 0.28405875 1 1 1
v 1.49989545 10.3469934 0.330268443 1 1 1
v 1.5099194 10.3560038 0.394358099 1 1 1
v 1.35571623 10.930728 0.336017877 1 1 1
v 1.39429307 10.9362364 0.302969009 1 1 1
v 1.30450451 10.9259243 0.326888829 1 1 1
v 1.27274096 10.9247284 0.286651343 1 1 1
v 1.26040471 10.9266119 0.233654946 1 1 1
v 1.30116987 10.9321527 0.199715734 1 1 1
v 1.34637117 10.9377146 0.184799746 1 1 1
v 1.40799856 10.9442921 0.192436591 1 1 1
v 1.40868175 10.9402723 0.255526036 1 1 1
v 1.3200475 11.4775209 0.499202043 1 1 1
v 1.35761404 11.4887047 0.493590444 1 1 1
v 1.28581274 11.4778728 0.502360463 1 1 1
v 1.26089549 11.4853144 0.477593362 1 1 1
v 1.26288533 11.4948845 0.444423705 1 1 1
v 1.28134894 11.5053358 0.419127017 1 1 1
v 1.31482434 11.5216789 0.399682045 1 1 1
v 1.34462428 11.5071268 0.425375938 1 1 1
v 1.35679305 11.4963322 0.45492509 1 1 1
v 1.31828737 11.4886465 0.497851282 1 1 1
v 1.3413353 11.4949446 0.483514488 1 1 1
v 1.29060972 11.4882889 0.494790018 1 1 1
v 1.27122748 11.4940758 0.475635648 1 1 1
v 1.26916695 11.5032701 0.449436456 1 1 1
v 1.2854315 11.5115862 0.428408086 1 1 1
v 1.31239045 11.5151215 0.4224163 1 1 1
v 1.33746016 11.5122433 0.434217125 1 1 1
v 1.34883869 11.5042677 0.458351374 1 1 1
v 0.170370251 6.64495134 0.23260048 1 1 1
v 0.13798362 6.67074823 0.278367549 1 1 1
v 0.253259063 6.58312225 0.118867315 1 1 1
v 0.248053834 6.60418844 0.132956252 1 1 1
v -0.0682425722 6.64702845 0.298597276 1 1 1
v -0.0800201893 6.63382864 0.298115432 1 1 1
v 0.132683173 6.76283979 0.292531043 1 1 1
v 0.0901817828 6.78426981 0.299324512 1 1 1
v -0.0783517659 6.64709091 0.298066586 1 1 1
v -0.0663322955 6.86423826 0.286770701 1 1 1
v -0.0805802867 7.18985605 0.248581693 1 1 1
v -0.0743205026 7.21437788 0.24793759 1 1 1
v 0.21404025 6.92584133 -0.190460935 1 1 1
v 0.233570457 7.14603806 -0.159090787 1 1 1
v 0.26755327 6.65754747 -0.0853737667 1 1 1
v 0.268368721 6.64885569 -0.0826785639 1 1 1
v 0.268155307 6.64382458 -0.0819759592 1 1 1
v 0.268936574 6.63259268 -0.0788340271 1 1 1
v 0.254471064 6.58708525 0.114154652 1 1 1
v 0.236572951 7.2253809 -0.153118491 1 1 1
v 0.236869395 7.20726585 -0.15431948 1 1 1
v 0.186640531 7.26375055 -0.158738405 1 1 1
v 0.187130392 7.26183224 -0.158789694 1 1 1
v 0.230985701 7.23211861 -0.153578684 1 1 1
v 0.235853434 7.22607565 -0.153189689 1 1 1
v -0.0448282287 7.2634716 0.254048198 1 1 1
v -0.0700579733 7.23107529 0.247498989 1 1 1
v -0.0555402823 7.25251293 0.249688908 1 1 1
v -0.0584413968 7.26864672 0.229172438 1 1 1
v -0.0218736678 7.32326508 0.234211817 1 1 1
v -0.10150034 7.30719376 0.121648595 1 1 1
v -0.122088581 7.31201172 0.0836695656 1 1 1
v -0.0147509519 7.34501696 -0.0650208816 1 1 1
v -0.00791474059 7.33928633 -0.0861963332 1 1 1
v -0.102997057 7.31751299 0.059452761 1 1 1
v -0.0624716543 7.32959414 0.00148433447 1 1 1
v -0.0449197851 7.32419538 -0.0392181166 1 1 1
v 0.037807826 7.30928707 -0.114916094 1 1 1
v 0.0690779984 7.30845356 -0.12618643 1 1 1
v 0.112421431 7.31770945 -0.137750283 1 1 1
v 0.152840957 7.28935003 -0.16295208 1 1 1
v 0.184112132 7.27365398 -0.15847367 1 1 1
v 0.261480451 7.23979473 0.00543013215 1 1 1
v 0.154675975 7.2767005 0.195285544 1 1 1
v 0.259322733 7.23762798 0.0103488108 1 1 1
v 0.249256685 7.25060463 0.024709383 1 1 1
v 0.192298561 7.26219416 0.128967836 1 1 1
v 0.166940317 7.27283001 0.173347786 1 1 1
v 0.0464438573 7.31820869 0.246662363 1 1 1
v 0.0108786458 7.28878307 0.260409832 1 1 1
v -0.00235173991 7.25186014 0.263048649 1 1 1
v -0.00671282411 7.24955082 0.264858127 1 1 1
v -0.011923153 7.22942257 0.265364885 1 1 1
v -0.0743205026 7.21437788 0.24793759 1 1 1
v 0.692599833 9.50357437 0.061608687 1 1 1
v 0.698579729 9.48023796 0.0588121861 1 1 1
v 0.688777208 9.48836517 0.0751937255 1 1 1
v 0.688505948 9.46769428 0.0769589841 1 1 1
v 0.67629993 9.48327827 0.0909708217 1 1 1
v 0.678830147 9.50545311 0.0814837292 1 1 1
v 0.0814909637 9.20627022 -0.107610121 1 1 1
v 0.139877185 9.13337517 -0.102359809 1 1 1
v 0.346675009 9.39273834 -0.239510626 1 1 1
v 0.309800059 9.48021507 -0.245649427 1 1 1
v 0.178409964 9.1317997 -0.0279343948 1 1 1
v 0.34224841 9.35436726 -0.152420595 1 1 1
v 0.144938841 9.21502686 0.0033833757 1 1 1
v 0.30289802 9.41069031 -0.0908293948 1 1 1
v 0.0917508304 9.26966286 -0.0550213791 1 1 1
v 0.282255501 9.48769188 -0.151261702 1 1 1
v 0.698670626 9.47554207 0.0477505252 1 1 1
v 0.691571891 9.51191425 0.0514191501 1 1 1
v 0.682660758 9.45843983 0.0737641081 1 1 1
v 0.665730059 9.47986031 0.0971575901 1 1 1
v 0.669650853 9.51422977 0.0823682696 1 1 1
v -0.116390571 8.87692261 -0.0386313088 1 1 1
v -0.0700483769 8.83723354 -0.0410571992 1 1 1
v -0.0540624149 8.81743431 -0.0386564955 1 1 1
v -0.0470669866 8.80269146 -0.0343839861 1 1 1
v -0.215463921 8.94182873 -0.027409751 1 1 1
v -0.206982285 8.93921375 -0.0297038388 1 1 1
v 0.0857042894 8.82500267 0.137850389 1 1 1
v 0.0865757018 8.82442665 0.139659584 1 1 1
v 0.0455170907 8.88196373 0.0253165737 1 1 1
v 0.0525882356 8.88811111 0.0296326336 1 1 1
v 0.020341007 9.03723717 0.164748311 1 1 1
v 0.00669684261 9.04795647 0.187318772 1 1 1
v 0.0855745077 8.83011723 0.138700396 1 1 1
v 0.0728992373 8.92386913 0.115498058 1 1 1
v -0.0831008032 9.15718365 0.0610090457 1 1 1
v -0.141681775 9.16966152 0.0354030617 1 1 1
v 0.00349361147 9.06704521 0.167455539 1 1 1
v -0.0513066575 9.12549114 0.0991601124 1 1 1
v -0.145965725 9.15838814 0.0282737073 1 1 1
v -0.164983422 9.1080761 -0.0179036986 1 1 1
v -0.210977182 8.95670795 -0.0281214472 1 1 1
v -1.68122721 11.6156931 1.19035149 1 1 1
v -1.67014623 11.6197853 1.19622624 1 1 1
v -1.67725837 11.6119957 1.2002542 1 1 1
v -1.66798115 11.6120453 1.20668888 1 1 1
v -1.67772388 11.6031704 1.20728028 1 1 1
v -1.68591034 11.6054249 1.19718337 1 1 1
v -1.21425128 11.1290455 0.789763331 1 1 1
v -1.19704783 11.1609974 0.808316112 1 1 1
v -1.41573775 11.3566265 0.931286633 1 1 1
v -1.45121217 11.3444958 0.91340071 1 1 1
v -1.22590923 11.1710052 0.83088398 1 1 1
v -1.40708101 11.3275576 0.957810163 1 1 1
v -1.24136162 11.1273508 0.840311289 1 1 1
v -1.43334591 11.299901 0.95759511 1 1 1
v -1.24547672 11.1105061 0.80863893 1 1 1
v -1.4674902 11.304615 0.929517686 1 1 1
v -1.66351187 11.6252775 1.19208407 1 1 1
v -1.68235624 11.6163826 1.18218672 1 1 1
v -1.66112101 11.6094475 1.20749581 1 1 1
v -1.6772691 11.5950317 1.21209478 1 1 1
v -1.70226932 11.5980844 1.19517207 1 1 1
v -0.96326828 10.9001837 0.628697813 1 1 1
v -0.957757115 10.9529772 0.650618076 1 1 1
v -0.952787876 10.9535341 0.654710531 1 1 1
v -0.932292759 10.9873104 0.681330979 1 1 1
v -0.96086973 11.0086222 0.681469679 1 1 1
v -0.972424388 11.0182972 0.678499699 1 1 1
v -1.03720498 11.0594778 0.698041797 1 1 1
v -1.05399716 11.0685339 0.707470834 1 1 1
v -1.0581466 11.0681152 0.717098773 1 1 1
v -1.0690856 10.9942255 0.737563491 1 1 1
v -1.07164359 10.9834566 0.740486562 1 1 1
v -1.06071448 10.92799 0.764127672 1 1 1
v -1.06541491 10.9122725 0.719097733 1 1 1
v -1.06557357 10.9119978 0.717961013 1 1 1
v -1.05880404 10.8810129 0.674963951 1 1 1
v -1.05980289 10.9200335 0.754673839 1 1 1
v -1.02862108 10.9164248 0.638139129 1 1 1
v -1.02757645 10.9164467 0.637785375 1 1 1
v -1.0320816 10.9076366 0.645598412 1 1 1
v -0.236200511 8.35064125 1.04820597 1 1 1
v -0.224648923 8.34969997 1.06735122 1 1 1
v -0.228483558 8.33487606 1.05585527 1 1 1
v -0.216065884 8.32911873 1.06924486 1 1 1
v -0.222312927 8.3173399 1.05126977 1 1 1
v -0.234756798 8.33064175 1.03826702 1 1 1
v 0.61667645 8.57803917 0.528123915 1 1 1
v 0.628195047 8.57968903 0.59288466 1 1 1
v 0.306266427 8.56437016 0.778845608 1 1 1
v 0.269700021 8.56476498 0.732203245 1 1 1
v 0.622120261 8.51888847 0.614038169 1 1 1
v 0.328773916 8.51074791 0.78284049 1 1 1
v 0.589184284 8.48661613 0.561966658 1 1 1
v 0.307748348 8.47296524 0.739078581 1 1 1
v 0.577014804 8.52471352 0.510077953 1 1 1
v 0.263540179 8.50752449 0.699085712 1 1 1
v -0.218548879 8.35894871 1.07098007 1 1 1
v -0.235788673 8.36017132 1.04182339 1 1 1
v -0.205510527 8.32814884 1.07273352 1 1 1
v -0.21626842 8.30461788 1.04700792 1 1 1
v -0.24182713 8.32619381 1.02197742 1 1 1
v 0.967716873 8.6574564 0.450531363 1 1 1
v 0.991795897 8.64298916 0.27733019 1 1 1
v 0.970935285 8.65529346 0.434053034 1 1 1
v 0.952722251 8.64479637 0.455986679 1 1 1
v 0.932817101 8.55869293 0.492673069 1 1 1
v 0.927298605 8.53878784 0.501409411 1 1 1
v 0.942327619 8.49850082 0.518461168 1 1 1
v 0.930702627 8.44108582 0.451204866 1 1 1
v 0.860447824 8.43015099 0.392180085 1 1 1
v 0.849853635 8.4298954 0.384672344 1 1 1
v 0.829176128 8.51788521 0.271271199 1 1 1
v 0.838658214 8.52667427 0.251135916 1 1 1
v 0.836816847 8.44401073 0.374685377 1 1 1
v 0.828654528 8.4957428 0.302332759 1 1 1
v 0.981754959 8.63076591 0.27397421 1 1 1
v -1.775352 11.3752689 -2.06981897 1 1 1
v -1.76942337 11.3753157 -2.0652597 1 1 1
v -1.77519619 11.3729181 -2.06386399 1 1 1
v -1.77111042 11.3712196 -2.05923367 1 1 1
v -1.77808189 11.3686419 -2.06006837 1 1 1
v -1.78070331 11.3711452 -2.06661081 1 1 1
v -1.03435075 9.94965744 -2.59968448 1 1 1
v -0.997546375 9.96558475 -2.55937719 1 1 1
v -1.26013196 10.4437094 -2.49727297 1 1 1
v -1.20941138 10.4703426 -2.63956332 1 1 1
v -1.29297912 10.4500389 -2.44705367 1 1 1
v -1.02371573 9.96146107 -2.5090673 1 1 1
v -1.04901671 10.0350876 -2.51737309 1 1 1
v -1.04942012 10.037612 -2.51849675 1 1 1
v -1.05004835 10.0380898 -2.51771188 1 1 1
v -1.08326662 9.93568993 -2.57428598 1 1 1
v -1.29841006 10.4297409 -2.50472975 1 1 1
v -1.54059088 10.8888712 -2.34309745 1 1 1
v -1.56009865 10.8871956 -2.36076641 1 1 1
v -1.54492354 10.8736401 -2.32157779 1 1 1
v -1.31681287 10.4447155 -2.45165157 1 1 1
v -1.569175 10.8615427 -2.32651997 1 1 1
v -1.58414936 10.8682137 -2.35341835 1 1 1
v -1.76523066 11.3737373 -2.06754351 1 1 1
v -1.77407014 11.3732052 -2.07416534 1 1 1
v -1.76079333 11.3739252 -2.03851962 1 1 1
v -1.77763844 11.3636942 -2.06059694 1 1 1
v -1.78183663 11.3672848 -2.06955075 1 1 1
v -1.08097243 9.93823624 -2.55473852 1 1 1
v -1.0387522 9.95621681 -2.51168251 1 1 1
v -1.07010961 10.0382957 -2.52139187 1 1 1
v -1.07743704 10.0387201 -2.52280235 1 1 1
v -1.09188676 10.0395555 -2.52558422 1 1 1
v -1.10024178 10.0385666 -2.52712536 1 1 1
v -1.10668766 10.0375404 -2.52830243 1 1 1
v -1.0553937 10.0383644 -2.518641 1 1 1
v -1.11040151 10.0334082 -2.53845119 1 1 1
v -1.11044073 10.0325241 -2.54054022 1 1 1
v -1.11044002 10.0314264 -2.54283047 1 1 1
v -1.11016917 10.0217619 -2.56133795 1 1 1
v -1.11016393 10.0216007 -2.56164193 1 1 1
v -1.10884154 10.0119181 -2.57366729 1 1 1
v -1.10856342 10.009882 -2.57619572 1 1 1
v -1.10572505 10.0010948 -2.57694793 1 1 1
v -1.10505688 9.99877644 -2.57764626 1 1 1
v -1.10908544 10.0350838 -2.53448176 1 1 1
v 0.339571685 9.68483925 2.68684506 1 1 1
v 0.325848937 9.68115234 2.69518161 1 1 1
v 0.326387107 9.68731976 2.68251681 1 1 1
v 0.312973171 9.68400288 2.6853075 1 1 1
v 0.318738401 9.68945122 2.67086864 1 1 1
v 0.335177183 9.68996716 2.67181873 1 1 1
v 0.125989392 8.90811348 2.20917249 1 1 1
v 0.0747502968 8.90320587 2.24546194 1 1 1
v 0.35133931 9.13694859 2.54230189 1 1 1
v 0.404098064 9.14839935 2.5098958 1 1 1
v 0.0245153606 8.93993282 2.22723222 1 1 1
v 0.304862231 9.16891575 2.51221752 1 1 1
v 0.0949949101 8.98926163 2.20437932 1 1 1
v 0.324867189 9.19937134 2.46378517 1 1 1
v 0.143459946 8.96561623 2.18470192 1 1 1
v 0.398328394 9.19454861 2.44925833 1 1 1
v 0.325752348 9.67402077 2.70099092 1 1 1
v 0.346846581 9.67958355 2.68777847 1 1 1
v 0.306687593 9.67796898 2.68510294 1 1 1
v 0.312097847 9.69078445 2.66051769 1 1 1
v 0.345241427 9.69527626 2.66033936 1 1 1
v -0.133517548 8.63877201 1.96564054 1 1 1
v -0.16476433 8.63316154 1.98073637 1 1 1
v -0.202842981 8.62782764 2.00314188 1 1 1
v -0.118350826 8.61523247 1.89663041 1 1 1
v -0.121751346 8.61910057 1.90742934 1 1 1
v -0.228870586 8.68367767 2.00153828 1 1 1
v -0.253278494 8.71844578 1.99709821 1 1 1
v -0.286329478 8.71041203 1.98325491 1 1 1
v -0.303760499 8.71896362 1.97777116 1 1 1
v -0.375751853 8.69664383 1.94693291 1 1 1
v -0.376546085 8.698349 1.94686997 1 1 1
v -0.191789642 8.67046547 2.01388121 1 1 1
v -0.114585295 8.85068226 1.94319332 1 1 1
v -0.112862974 8.85212708 1.94179845 1 1 1
v -0.376168728 8.69900131 1.94552481 1 1 1
v -0.309667647 8.72997475 1.96889007 1 1 1
v -0.288505614 8.74776077 1.95116246 1 1 1
v -0.272593141 8.75593472 1.954283 1 1 1
v -0.241183475 8.76285362 1.9897927 1 1 1
v -0.240276679 8.76279926 1.99169934 1 1 1
v -0.187480122 8.78587246 2.01538658 1 1 1
v -0.182230726 8.78770924 2.01926637 1 1 1
v -0.143527985 8.81865692 1.99067044 1 1 1
v -0.133758873 8.82495117 1.98863173 1 1 1
v -0.0454730354 8.77054214 1.8759973 1 1 1
v -0.0841403231 8.83324242 1.9280926 1 1 1
v -0.030110836 8.75806808 1.89410424 1 1 1
v -0.0376935266 8.73991585 1.89600086 1 1 1
v -0.0602645651 8.69808292 1.89891148 1 1 1
v -3.24026346 6.45413542 -1.23791921 1 1 1
v -3.2541945 6.46143341 -1.22858226 1 1 1
v -3.24878454 6.44683266 -1.22701228 1 1 1
v -3.25914025 6.44954157 -1.21559632 1 1 1
v -3.24826598 6.43489456 -1.21690738 1 1 1
v -3.23659968 6.43773365 -1.23070371 1 1 1
v -2.74761128 6.68386269 -0.670036793 1 1 1
v -2.79947853 6.705338 -0.665640056 1 1 1
v -2.94851255 6.70608616 -0.919629753 1 1 1
v -2.90341997 6.67897463 -0.955350697 1 1 1
v -2.83299446 6.66313887 -0.608436882 1 1 1
v -2.96761465 6.66010618 -0.885038793 1 1 1
v -2.80208158 6.61092615 -0.609980881 1 1 1
v -2.94194984 6.60562325 -0.893260956 1 1 1
v -2.74881744 6.6244173 -0.636105716 1 1 1
v -2.901757 6.61947203 -0.937101424 1 1 1
v -3.25857186 6.47424984 -1.2296555 1 1 1
v -3.23280692 6.46013927 -1.24294269 1 1 1
v -3.27423859 6.45128918 -1.20407295 1 1 1
v -3.24505353 6.43065357 -1.20879126 1 1 1
v -3.22633553 6.4318037 -1.23224926 1 1 1
v -2.66879511 6.76826429 -0.464456737 1 1 1
v -2.53872967 6.72671986 -0.423051 1 1 1
v -2.58762169 6.73901749 -0.446809053 1 1 1
v -2.61513495 6.74581718 -0.464642793 1 1 1
v -2.73286152 6.70227671 -0.37577185 1 1 1
v -2.76280379 6.67618608 -0.2730878 1 1 1
v -2.68613887 6.75028372 -0.4435184 1 1 1
v -2.74672914 6.65627623 -0.3377029 1 1 1
v -2.73921704 6.64495468 -0.337824434 1 1 1
v -2.71015906 6.59346914 -0.305386752 1 1 1
v -2.68456483 6.55052376 -0.30212006 1 1 1
v -2.63850355 6.56146622 -0.322557628 1 1 1
v -2.63262296 6.56345558 -0.329707354 1 1 1
v -2.5438199 6.58340836 -0.327303708 1 1 1
v -2.5417757 6.59329748 -0.326723993 1 1 1
v -2.53953266 6.60387516 -0.325718552 1 1 1
v -2.53412557 6.63112402 -0.308051556 1 1 1
v -2.5366385 6.65831804 -0.351424903 1 1 1
v -2.53769088 6.67234087 -0.371634156 1 1 1
v -2.16736174 10.0444136 -0.219330728 1 1 1
v -2.17367291 10.041029 -0.223945409 1 1 1
v -2.16654754 10.0398388 -0.224953026 1 1 1
v -2.17029095 10.0351954 -0.229153186 1 1 1
v -2.16188908 10.0349751 -0.227757022 1 1 1
v -2.16007876 10.0406733 -0.221686319 1 1 1
v -2.4533422 8.79336262 -0.253230751 1 1 1
v -2.46983433 8.81651306 -0.275907099 1 1 1
v -2.48579073 9.26384068 -0.104009211 1 1 1
v -2.46055508 9.24356461 -0.078855738 1 1 1
v -2.44802976 8.82067871 -0.300203204 1 1 1
v -2.45573568 9.27776814 -0.138578787 1 1 1
v -2.41700649 8.80961037 -0.289308906 1 1 1
v -2.40943837 9.26036358 -0.125432953 1 1 1
v -2.42123604 8.78323174 -0.260271668 1 1 1
v -2.41663361 9.2359457 -0.0810306221 1 1 1
v -2.26221514 9.68519974 0.137543291 1 1 1
v -2.24342394 9.68387413 0.169801787 1 1 1
v -2.24664593 9.67518139 0.109376229 1 1 1
v -2.21598983 9.66610527 0.119637944 1 1 1
v -2.21164227 9.670434 0.155712008 1 1 1
v -2.18367338 10.0437317 -0.223452792 1 1 1
v -2.1682651 10.0453215 -0.213711739 1 1 1
v -2.1722703 10.0304289 -0.22769919 1 1 1
v -2.15907431 10.0298042 -0.227789745 1 1 1
v -2.15548468 10.039732 -0.21763052 1 1 1
v -2.4787991 8.38881683 -0.423201144 1 1 1
v -2.48713923 8.39079571 -0.437360436 1 1 1
v -2.49217486 8.38816929 -0.446185023 1 1 1
v -2.46174359 8.33014107 -0.397888362 1 1 1
v -2.4803319 8.38858223 -0.459593534 1 1 1
v -2.47359848 8.3886013 -0.467284203 1 1 1
v -2.46620417 8.38632011 -0.476257622 1 1 1
v -2.45974064 8.38392448 -0.484193742 1 1 1
v -2.45435214 8.38143158 -0.490923584 1 1 1
v -2.44954252 8.37882614 -0.497017801 1 1 1
v -2.48835826 8.38855934 -0.450440168 1 1 1
v -2.42945242 8.38065815 -0.48824206 1 1 1
v -2.42500806 8.38080788 -0.486231625 1 1 1
v -2.41628718 8.37922192 -0.482583463 1 1 1
v -2.40360594 8.37691498 -0.47727865 1 1 1
v -2.39925766 8.37556362 -0.475548208 1 1 1
v -2.38932204 8.37416458 -0.471327633 1 1 1
v -2.44313622 8.37959099 -0.494398415 1 1 1
v -2.38986039 8.37928104 -0.455506235 1 1 1
v -2.39030385 8.37832451 -0.451356798 1 1 1
v -2.39796185 8.29401016 -0.417516142 1 1 1
v -2.38946438 8.37802315 -0.462119579 1 1 1
v -2.45502567 8.33545017 -0.398504078 1 1 1
v -2.41097808 8.31885052 -0.410816282 1 1 1
v -2.4138937 8.32956886 -0.408452868 1 1 1
v -2.44974661 8.33477592 -0.399768084 1 1 1
v 2.09408903 3.91626 0.495891601 1 1 1
v 2.10216999 3.923347 0.521043479 1 1 1
v 2.09082699 3.93714499 0.505927444 1 1 1
v 2.0917697 3.94802141 0.526624203 1 1 1
v 2.07726097 3.95618415 0.504921436 1 1 1
v 2.07869434 3.93655467 0.485927641 1 1 1
v 1.24408185 4.41328096 0.708592653 1 1 1
v 1.29745257 4.40321827 0.792696834 1 1 1
v 1.42051017 4.11952543 0.749829531 1 1 1
v 1.37414658 4.08345366 0.631480992 1 1 1
v 1.3846128 4.46338892 0.793331027 1 1 1
v 1.53301311 4.18553019 0.740000844 1 1 1
v 1.38396275 4.51684904 0.712162495 1 1 1
v 1.56026828 4.19330597 0.610834241 1 1 1
v 1.28841984 4.50441599 0.675711393 1 1 1
v 1.46445858 4.13212681 0.546669006 1 1 1
v 1.7452594 3.68701625 0.739980817 1 1 1
v 1.71504796 3.65978813 0.650913715 1 1 1
v 1.77507305 3.80553842 0.728443265 1 1 1
v 1.76534605 3.85710144 0.632950962 1 1 1
v 1.72618663 3.76418495 0.5796175 1 1 1
v 2.10248184 3.91406965 0.530573785 1 1 1
v 2.09227276 3.90243149 0.492015302 1 1 1
v 2.0860064 3.94908905 0.537827432 1 1 1
v 2.06594276 3.96417832 0.506302714 1 1 1
v 2.06813192 3.93393445 0.477177262 1 1 1
v 1.12225652 4.61593437 0.865131319 1 1 1
v 1.14060557 4.61667919 0.919034243 1 1 1
v 1.01630878 4.6620369 0.734481871 1 1 1
v 1.08849072 4.61660957 0.781678915 1 1 1
v 1.22892892 4.68416357 0.927096069 1 1 1
v 1.25343037 4.70363617 0.930432796 1 1 1
v 1.32402289 4.74795771 0.928464115 1 1 1
v 1.32471859 4.78807449 0.818344712 1 1 1
v 1.30264437 4.9057579 0.769066215 1 1 1
v 1.30255032 4.90628576 0.768773496 1 1 1
v 1.3251251 4.78085804 0.834994793 1 1 1
v 1.17623401 4.90858269 0.727026999 1 1 1
v 1.06117618 4.95540667 0.735421658 1 1 1
v 1.24206007 4.89817381 0.738084614 1 1 1
v 1.05826759 4.83971643 0.714346647 1 1 1
v 1.05753839 4.78316498 0.703513622 1 1 1
v 1.0242331 4.68458223 0.728375971 1 1 1
v -2.51447725 9.93767166 -2.07246852 1 1 1
v -2.50595164 9.93724823 -2.08636165 1 1 1
v -2.50094652 9.94079494 -2.07382965 1 1 1
v -2.49024439 9.93966484 -2.08271027 1 1 1
v -2.48906255 9.94158077 -2.06656075 1 1 1
v -2.50403929 9.94034863 -2.06023097 1 1 1
v -0.96844548 8.75416946 -2.02955127 1 1 1
v -1.01920307 8.88603401 -2.0114069 1 1 1
v -1.52624393 8.88152981 -1.9374491 1 1 1
v -1.52236724 8.82977104 -1.94543123 1 1 1
v -1.57217765 8.87279606 -1.87080467 1 1 1
v -1.00687158 8.91935635 -1.87345219 1 1 1
v -1.02975142 8.90824509 -1.86976314 1 1 1
v -1.0559634 8.88441086 -1.92238832 1 1 1
v -1.06332624 8.88062286 -1.92228568 1 1 1
v -1.12314844 8.84842682 -1.92873502 1 1 1
v -1.13192773 8.84476471 -1.9242382 1 1 1
v -1.18578792 8.82623005 -1.87652767 1 1 1
v -1.18697214 8.82716751 -1.86859369 1 1 1
v -1.19502866 8.82797718 -1.84311497 1 1 1
v -1.56356752 8.79454327 -1.88287508 1 1 1
v -2.03121161 8.88884354 -1.9318496 1 1 1
v -2.05668807 8.87369347 -1.87299824 1 1 1
v -1.99122798 8.93751907 -1.92215383 1 1 1
v -1.99031472 8.95323658 -1.8625015 1 1 1
v -1.57712388 8.82844067 -1.8401531 1 1 1
v -2.03157473 8.91551495 -1.82285023 1 1 1
v -2.44259071 9.34639835 -2.05263829 1 1 1
v -2.46297121 9.34531975 -2.00586629 1 1 1
v -2.3957696 9.37026978 -2.03915811 1 1 1
v -2.39345646 9.38019371 -1.99053144 1 1 1
v -2.43871808 9.36501694 -1.9610275 1 1 1
v -2.50939965 9.93256378 -2.09539557 1 1 1
v -2.52117085 9.9318428 -2.0712893 1 1 1
v -2.47988868 9.93890095 -2.09140229 1 1 1
v -2.48060036 9.93950272 -2.06129885 1 1 1
v -2.50488043 9.93532467 -2.05331755 1 1 1
v -1.09809077 8.64626694 -1.87291765 1 1 1
v -1.10076392 8.64881611 -1.87892866 1 1 1
v -1.09921169 8.66363335 -1.90698338 1 1 1
v -1.10615492 8.68587875 -1.95831859 1 1 1
v -1.07864153 8.70399475 -1.98211062 1 1 1
v -1.03434765 8.72558117 -2.00421405 1 1 1
v -0.99479264 8.73613548 -2.00530005 1 1 1
v -0.961345971 8.74634266 -2.00896144 1 1 1
v -1.02079153 8.90486717 -1.86695516 1 1 1
v -0.988272607 8.88390636 -1.8520695 1 1 1
v -1.01186574 8.90262318 -1.86479461 1 1 1
v -1.1594274 8.75277042 -1.79797685 1 1 1
v -1.14117575 8.73090839 -1.78408301 1 1 1
v -1.18132544 8.78077888 -1.81562126 1 1 1
v -1.13209939 8.71185493 -1.8023932 1 1 1
v 2.62319326 6.92813396 0.320686251 1 1 1
v 2.60308337 6.93613434 0.332800299 1 1 1
v 2.61286283 6.94628668 0.316940069 1 1 1
v 2.59468222 6.95637274 0.321181059 1 1 1
v 2.60960007 6.96088028 0.301885933 1 1 1
v 2.62722111 6.94342804 0.301580131 1 1 1
v 1.79430199 6.53413773 -0.390224904 1 1 1
v 1.83371067 6.59628582 -0.441227257 1 1 1
v 1.40806949 6.60064888 -0.885107756 1 1 1
v 1.35446465 6.53113174 -0.837568343 1 1 1
v 1.3567431 6.50392866 -0.805974603 1 1 1
v 1.33485603 6.47093391 -0.781425178 1 1 1
v 1.31145847 6.44012785 -0.760158837 1 1 1
v 1.74718928 6.57281208 -0.325003803 1 1 1
v 2.22690225 6.56181526 0.012188619 1 1 1
v 2.28484964 6.52732706 -0.0345096327 1 1 1
v 1.76358807 6.65680265 -0.329591632 1 1 1
v 2.20944667 6.63724232 -0.0151874628 1 1 1
v 1.82514751 6.66787577 -0.393717349 1 1 1
v 2.25672245 6.65209579 -0.0806558281 1 1 1
v 2.30732369 6.58248091 -0.0958589539 1 1 1
v 2.5948987 6.9276309 0.343700558 1 1 1
v 2.62674546 6.9151535 0.320396334 1 1 1
v 2.57789707 6.96804476 0.327020615 1 1 1
v 2.60471582 6.96475744 0.291197807 1 1 1
v 2.63487601 6.93978882 0.28975901 1 1 1
v 1.27360022 6.4894886 -0.658338249 1 1 1
v 1.20396519 6.53849268 -0.592387319 1 1 1
v 1.2934854 6.47519016 -0.678082108 1 1 1
v 1.26713324 6.69132185 -0.579358637 1 1 1
v 1.27256882 6.74928141 -0.584457934 1 1 1
v 1.29234862 6.74345398 -0.577434838 1 1 1
v 1.34320366 6.74592066 -0.611472309 1 1 1
v 1.41630101 6.75064182 -0.662373781 1 1 1
v 1.43745828 6.76048136 -0.701772749 1 1 1
v 1.44656909 6.76631784 -0.723394752 1 1 1
v 1.43478072 6.69419336 -0.788649201 1 1 1
v 1.39997578 6.66455221 -0.848777592 1 1 1
v 1.00539911 9.59625053 -2.33915949 1 1 1
v 1.00677037 9.58369732 -2.34507966 1 1 1
v 1.01516294 9.59217453 -2.3446815 1 1 1
v 1.02010977 9.58213902 -2.34883761 1 1 1
v 1.02698267 9.59372807 -2.34523988 1 1 1
v 1.01789105 9.60244942 -2.33925867 1 1 1
v 1.67339611 8.52991295 -1.86329043 1 1 1
v 1.68756187 8.48323154 -1.86460137 1 1 1
v 2.08917999 8.04245186 -1.78499782 1 1 1
v 2.13197184 8.13835335 -1.72782803 1 1 1
v 1.9412173 8.26918316 -1.81973433 1 1 1
v 1.95958781 8.23642159 -1.81676745 1 1 1
v 1.91884279 8.28452873 -1.83051443 1 1 1
v 1.60344696 8.51618958 -1.82712483 1 1 1
v 1.62536132 8.48412132 -1.84805119 1 1 1
v 1.31595135 8.84943771 -1.92580318 1 1 1
v 1.35444808 8.91402626 -1.85296822 1 1 1
v 1.36230993 8.876441 -1.9620657 1 1 1
v 1.40008783 8.92604542 -1.88169801 1 1 1
v 1.39301062 8.91834831 -1.84769797 1 1 1
v 1.68709159 8.42584419 -1.87634754 1 1 1
v 1.67966175 8.44222546 -1.88219726 1 1 1
v 1.67724955 8.44295788 -1.87739992 1 1 1
v 1.67693734 8.44313049 -1.87689221 1 1 1
v 1.67043173 8.43656635 -1.85148335 1 1 1
v 1.10285795 9.34677696 -1.8519038 1 1 1
v 1.10538352 9.37212944 -1.81124687 1 1 1
v 1.13926411 9.34960842 -1.87690377 1 1 1
v 1.17163444 9.37948132 -1.85373831 1 1 1
v 1.1470747 9.39675617 -1.80464232 1 1 1
v 1.00042558 9.57631683 -2.34388733 1 1 1
v 1.00076854 9.59700203 -2.33269095 1 1 1
v 1.02523422 9.57173347 -2.35395861 1 1 1
v 1.03606975 9.59399414 -2.34363103 1 1 1
v 1.02010894 9.60559368 -2.33265924 1 1 1
v 1.87243474 8.11065674 -1.77879262 1 1 1
v 1.89448488 8.08762932 -1.77467549 1 1 1
v 1.76111186 8.24633217 -1.75646067 1 1 1
v 1.76032126 8.24634647 -1.75827897 1 1 1
v 1.8167994 8.18429279 -1.76089227 1 1 1
v 2.06928539 8.02889252 -1.76684809 1 1 1
v 1.90959775 8.08967686 -1.78108203 1 1 1
v 1.95747459 8.10066414 -1.8045305 1 1 1
v 2.00281358 8.0639801 -1.782094 1 1 1
v 2.07952237 8.14385319 -1.62051797 1 1 1
v 2.0339613 8.17566109 -1.64669418 1 1 1
v 2.04718256 8.17002201 -1.65495849 1 1 1
v 2.03117561 8.18900108 -1.69862676 1 1 1
v 2.03634477 8.19409657 -1.73409867 1 1 1
v 1.98282814 8.23377514 -1.77404165 1 1 1
v 1.7946701 8.36820602 -1.88478708 1 1 1
v 1.7766645 8.37779808 -1.88317001 1 1 1
v 1.89001966 8.30246925 -1.83757639 1 1 1
v 1.6728667 8.42027664 -1.85101879 1 1 1
v 1.75516617 8.25458336 -1.76123989 1 1 1
v 2.06267953 8.12313652 -1.61846852 1 1 1
v 2.06027079 8.12681961 -1.62052476 1 1 1
v 1.66477644 8.42963123 -1.85122371 1 1 1
v 1.45063472 7.62194633 1.9243753 1 1 1
v 1.45106971 7.6157403 1.93826675 1 1 1
v 1.44372046 7.6116395 1.92832589 1 1 1
v 1.44295716 7.60286617 1.93792284 1 1 1
v 1.43750846 7.6011157 1.92381883 1 1 1
v 1.44225347 7.61290789 1.91544604 1 1 1
v 2.22919369 6.42033577 1.72226954 1 1 1
v 2.1787467 6.42507982 1.69245386 1 1 1
v 2.04987693 5.96315193 1.69017327 1 1 1
v 2.13012576 5.94594526 1.7297368 1 1 1
v 2.17680454 5.9703021 1.72105908 1 1 1
v 2.18079638 5.96515131 1.7269876 1 1 1
v 2.23482275 6.44245815 1.76668763 1 1 1
v 2.31865668 6.82902336 1.76384914 1 1 1
v 2.32240891 6.84865427 1.70294952 1 1 1
v 2.19911528 6.47594166 1.7526319 1 1 1
v 2.25807405 6.80522203 1.76933134 1 1 1
v 2.17269444 6.47497368 1.70172811 1 1 1
v 2.22424793 6.80999279 1.71268141 1 1 1
v 2.26322174 6.84185839 1.65564501 1 1 1
v 1.95212746 7.32099819 1.80707037 1 1 1
v 1.95567417 7.33577824 1.76475668 1 1 1
v 1.92207229 7.28932428 1.80574131 1 1 1
v 1.90063345 7.27767181 1.76459348 1 1 1
v 1.92555785 7.31298113 1.73089993 1 1 1
v 1.45824182 7.61790371 1.94536042 1 1 1
v 1.45769823 7.62548399 1.92120695 1 1 1
v 1.44175649 7.59424877 1.94778633 1 1 1
v 1.435166 7.5924511 1.92001438 1 1 1
v 1.44541633 7.6111145 1.9081496 1 1 1
v 2.18370676 5.98241615 1.7431339 1 1 1
v 2.19582248 6.03821039 1.79474556 1 1 1
v 2.19236469 6.04253054 1.82347715 1 1 1
v 2.19232512 6.04453373 1.82800055 1 1 1
v 2.17267299 6.08643532 1.81152713 1 1 1
v 2.13086891 6.18111229 1.7727809 1 1 1
v 2.10943151 6.19008303 1.69572926 1 1 1
v 2.08866811 6.18887997 1.64914584 1 1 1
v 2.12763023 6.19244623 1.73339939 1 1 1
v 2.05414057 6.04642105 1.68531895 1 1 1
v 2.02138019 6.0080595 1.72302043 1 1 1
v 2.08970141 6.18117285 1.64709556 1 1 1
v 2.0686965 6.12015963 1.66860569 1 1 1
v -1.18785822 3.8669045 -3.38508511 1 1 1
v -1.16941738 3.84785247 -3.39678502 1 1 1
v -1.16312659 3.86793518 -3.38367748 1 1 1
v -1.14274061 3.85435629 -3.38751292 1 1 1
v -1.14469397 3.87742805 -3.37008286 1 1 1
v -1.17257822 3.88518333 -3.36858225 1 1 1
v -0.241213605 2.93387127 -2.38038921 1 1 1
v -0.173272252 3.14774251 -2.52204728 1 1 1
v -0.626119494 3.2949028 -2.61437464 1 1 1
v -0.686681271 3.20625162 -2.56386495 1 1 1
v -0.691412628 3.39560843 -2.55839777 1 1 1
v -0.178245842 3.17372441 -2.50380731 1 1 1
v -0.183182091 3.17261553 -2.50628972 1 1 1
v -0.211562425 3.17043257 -2.51735282 1 1 1
v -0.293679416 3.20935464 -2.5147388 1 1 1
v -0.345264345 3.23004341 -2.51597595 1 1 1
v -0.383966774 3.29725099 -2.47734523 1 1 1
v -0.413057327 3.34729648 -2.44866872 1 1 1
v -0.409920573 3.35920191 -2.43851829 1 1 1
v -0.798800051 3.25617552 -2.48313427 1 1 1
v -1.0805918 3.34005761 -2.7775619 1 1 1
v -1.16982996 3.40765214 -2.65625358 1 1 1
v -0.953111887 3.4300077 -2.81318879 1 1 1
v -0.960507751 3.55823159 -2.7114687 1 1 1
v -0.769102633 3.37009811 -2.4692297 1 1 1
v -1.0926162 3.5429318 -2.61652923 1 1 1
v -1.23715127 3.55051947 -3.11990213 1 1 1
v -1.31030405 3.61674356 -3.06760907 1 1 1
v -1.13246691 3.59390163 -3.1090343 1 1 1
v -1.13651872 3.68914509 -3.04956841 1 1 1
v -1.25061822 3.7074964 -3.02109957 1 1 1
v -1.17321491 3.83453298 -3.39787364 1 1 1
v -1.2021904 3.86345339 -3.38215566 1 1 1
v -1.13556683 3.84418082 -3.38291311 1 1 1
v -1.13568223 3.87924886 -3.35879707 1 1 1
v -1.17826319 3.89102077 -3.35650182 1 1 1
v -0.479243308 2.99759436 -2.34297204 1 1 1
v -0.473294914 2.99613714 -2.34340096 1 1 1
v -0.450024188 2.98996615 -2.34683895 1 1 1
v -0.391722739 2.99034333 -2.29618549 1 1 1
v -0.428625137 3.00468016 -2.27370286 1 1 1
v -0.474050701 3.0311861 -2.20385838 1 1 1
v -0.324279845 3.01627016 -2.14219952 1 1 1
v -0.569586337 3.04070044 -2.2431891 1 1 1
v -0.466995448 3.30684924 -2.27920938 1 1 1
v -0.493581772 3.28567743 -2.21885729 1 1 1
v -0.319923699 3.08574295 -2.14074302 1 1 1
v -0.572017968 3.08714437 -2.24441266 1 1 1
v -0.571085751 3.07000208 -2.24394679 1 1 1
v -0.502531588 3.25496936 -2.22040129 1 1 1
v 0.554139853 7.18157911 -3.62789965 1 1 1
v 0.542594135 7.1808877 -3.63163567 1 1 1
v 0.550940871 7.18164682 -3.63779879 1 1 1
v 0.542626381 7.17966843 -3.64372945 1 1 1
v 0.554192066 7.17960596 -3.64746761 1 1 1
v 0.561307728 7.18078804 -3.63768435 1 1 1
v 0.489076972 5.68113518 -3.86013651 1 1 1
v 0.461498976 5.68678665 -3.89523268 1 1 1
v 0.404778272 5.20786953 -4.19502211 1 1 1
v 0.463483542 5.17894077 -4.1165247 1 1 1
v 0.462157011 5.34240246 -4.10187483 1 1 1
v 0.461571127 5.3431406 -4.10261297 1 1 1
v 0.454410702 5.35122633 -4.11172819 1 1 1
v 0.463794559 5.35753727 -4.0980773 1 1 1
v 0.463747233 5.3559103 -4.09830713 1 1 1
v 0.464512736 5.34775734 -4.09806776 1 1 1
v 0.477019548 5.76900005 -3.80482554 1 1 1
v 0.404313087 5.16858435 -4.03551388 1 1 1
v 0.408972561 5.1780901 -4.0383215 1 1 1
v 0.467142612 5.34235334 -4.05463028 1 1 1
v 0.4551377 5.52014971 -3.96425128 1 1 1
v 0.444067717 5.79939556 -3.81264472 1 1 1
v 0.474091142 6.08837938 -3.60061359 1 1 1
v 0.519795716 6.07531929 -3.58226991 1 1 1
v 0.431524038 5.74911451 -3.86619735 1 1 1
v 0.472272128 6.1096549 -3.6482048 1 1 1
v 0.520616591 6.10902786 -3.65957403 1 1 1
v 0.554305792 6.08981371 -3.62396288 1 1 1
v 0.542094529 6.63437128 -3.56522489 1 1 1
v 0.575008571 6.6331687 -3.55427623 1 1 1
v 0.543923974 6.63383961 -3.59856939 1 1 1
v 0.575007737 6.63247871 -3.61036658 1 1 1
v 0.608021259 6.63175821 -3.58229876 1 1 1
v 0.531173527 7.18238068 -3.62350011 1 1 1
v 0.555090129 7.17556143 -3.62486029 1 1 1
v 0.534293175 7.17747498 -3.64965463 1 1 1
v 0.556581557 7.17572975 -3.65412498 1 1 1
v 0.567132115 7.17665482 -3.63725019 1 1 1
v 0.308534563 5.21525383 -4.1614418 1 1 1
v 0.307862192 5.19415665 -4.07550192 1 1 1
v 0.40701893 5.59992504 -3.97340035 1 1 1
v 0.393636137 5.59108829 -3.97894192 1 1 1
v 0.454884857 5.52303505 -3.96396708 1 1 1
v 0.455983818 5.56198931 -3.95818639 1 1 1
v 0.426145852 5.58944178 -3.96731782 1 1 1
v 0.352511734 5.41961479 -4.09889793 1 1 1
v 0.348257333 5.40062189 -4.10870647 1 1 1
v 0.358988941 5.44752979 -4.07912493 1 1 1
v 0.3397322 5.36083889 -4.1200242 1 1 1
v 0.336559772 5.34457636 -4.11718512 1 1 1
v 0.33299464 5.32656622 -4.11527824 1 1 1
v 0.352615684 5.40558624 -4.10879803 1 1 1
v 0.355223238 5.40181923 -4.11142778 1 1 1
v 0.398215711 5.36518478 -4.13987303 1 1 1
v 0.344651103 5.35387039 -4.12493324 1 1 1
v 0.343445092 5.35662365 -4.12333059 1 1 1
v 0.0827542245 8.79559326 0.161756709 1 1 1
v -0.0657709911 8.72214794 0.0177765787 1 1 1
v -0.259190738 8.81332207 0.0673781261 1 1 1
v -0.230205655 8.94311619 0.242014006 1 1 1
v -0.0188719034 8.93215847 0.300343275 1 1 1
v -0.0470669866 8.80269146 -0.0343839861 1 1 1
v -0.0540624149 8.81743431 -0.0386564955 1 1 1
v -0.0700483769 8.83723354 -0.0410571992 1 1 1
v -0.116390571 8.87692261 -0.0386313088 1 1 1
v -0.206982285 8.93921375 -0.0297038388 1 1 1
v -0.215463921 8.94182873 -0.027409751 1 1 1
v 0.0865757018 8.82442665 0.139659584 1 1 1
v 0.0857042894 8.82500267 0.137850389 1 1 1
v 0.0525882356 8.88811111 0.0296326336 1 1 1
v 0.0455170907 8.88196373 0.0253165737 1 1 1
v 0.00669684261 9.04795647 0.187318772 1 1 1
v 0.020341007 9.03723717 0.164748311 1 1 1
v 0.0728992373 8.92386913 0.115498058 1 1 1
v 0.0855745077 8.83011723 0.138700396 1 1 1
v -0.0831008032 9.15718365 0.0610090457 1 1 1
v -0.0513066575 9.12549114 0.0991601124 1 1 1
v 0.00349361147 9.06704521 0.167455539 1 1 1
v -0.141681775 9.16966152 0.0354030617 1 1 1
v -0.210977182 8.95670795 -0.0281214472 1 1 1
v -0.164983422 9.1080761 -0.0179036986 1 1 1
v -0.145965725 9.15838814 0.0282737073 1 1 1
v 1.0718708 8.43572426 0.542479634 1 1 1
v 1.1465131 8.60672855 0.46677193 1 1 1
v 1.14182985 8.59312248 0.265927821 1 1 1
v 1.06429303 8.41370964 0.217506751 1 1 1
v 1.02105594 8.31643295 0.388425261 1 1 1
v 0.991795897 8.64298916 0.27733019 1 1 1
v 0.967716873 8.6574564 0.450531363 1 1 1
v 0.970935285 8.65529346 0.434053034 1 1 1
v 0.942327619 8.49850082 0.518461168 1 1 1
v 0.927298605 8.53878784 0.501409411 1 1 1
v 0.932817101 8.55869293 0.492673069 1 1 1
v 0.952722251 8.64479637 0.455986679 1 1 1
v 0.860447824 8.43015099 0.392180085 1 1 1
v 0.930702627 8.44108582 0.451204866 1 1 1
v 0.849853635 8.4298954 0.384672344 1 1 1
v 0.838658214 8.52667427 0.251135916 1 1 1
v 0.829176128 8.51788521 0.271271199 1 1 1
v 0.828654528 8.4957428 0.302332759 1 1 1
v 0.836816847 8.44401073 0.374685377 1 1 1
v 0.981754959 8.63076591 0.27397421 1 1 1
v 1.17884135 11.843049 0.705506265 1 1 1
v 1.18204272 11.8407888 0.717669606 1 1 1
v 1.17208409 11.8394976 0.713338017 1 1 1
v 1.17206347 11.8352489 0.723415852 1 1 1
v 1.16269457 11.8340855 0.714803994 1 1 1
v 1.16688347 11.8389053 0.703735292 1 1 1
v 1.42106855 10.4979906 0.48368755 1 1 1
v 1.4500339 10.5407429 0.442627668 1 1 1
v 1.4896524 10.0491371 0.48788318 1 1 1
v 1.39866567 10.067215 0.543676615 1 1 1
v 1.44689977 10.3739157 0.493058264 1 1 1
v 1.44689584 10.3738985 0.49306187 1 1 1
v 1.4468807 10.373827 0.493076116 1 1 1
v 1.4468503 10.373517 0.493115753 1 1 1
v 1.44688618 10.3734503 0.493097782 1 1 1
v 1.44698489 10.3738127 0.493011802 1 1 1
v 1.45571852 10.615715 0.39295727 1 1 1
v 1.43369639 11.0001316 0.405982703 1 1 1
v 1.3936677 11.0151711 0.426190197 1 1 1
v 1.38303173 10.9778738 0.496081412 1 1 1
v 1.34233034 11.0088825 0.464449942 1 1 1
v 1.42671168 10.5302029 0.442993909 1 1 1
v 1.41422081 10.5734701 0.436777055 1 1 1
v 1.37972927 10.6357622 0.414311111 1 1 1
v 1.36933029 11.4221172 0.606226563 1 1 1
v 1.30443037 11.4365616 0.573539615 1 1 1
v 1.33503163 11.4044905 0.630205393 1 1 1
v 1.27556396 11.4253874 0.593806088 1 1 1
v 1.26828861 11.460043 0.565259159 1 1 1
v 1.33099616 10.9965057 0.353601277 1 1 1
v 1.33118773 11.122716 0.394386053 1 1 1
v 1.33133805 11.1400194 0.399435848 1 1 1
v 1.19130707 11.8412142 0.721365035 1 1 1
v 1.18643475 11.8489132 0.69648242 1 1 1
v 1.17359662 11.8293142 0.72697854 1 1 1
v 1.15660536 11.8281355 0.715309858 1 1 1
v 1.16182184 11.8382034 0.694255292 1 1 1
v 1.4999584 10.3824444 0.357321322 1 1 1
v 1.50555515 10.3811903 0.388373256 1 1 1
v 1.50560558 10.3776512 0.390948534 1 1 1
v 1.50599015 10.3578968 0.40587917 1 1 1
v 1.49062455 10.2326078 0.403442025 1 1 1
v 1.49273193 10.2712669 0.390619218 1 1 1
v 1.48627651 10.2539206 0.367030591 1 1 1
v 1.46365488 10.0414209 0.38308385 1 1 1
v 1.43244648 10.3737373 0.4899607 1 1 1
v 1.43430495 10.4227114 0.478367984 1 1 1
v 1.43503332 10.4463778 0.472621381 1 1 1
v 1.37452614 10.0682297 0.523034394 1 1 1
v 1.47921371 10.5245018 0.345689952 1 1 1
v 1.4484843 10.0531197 0.380993783 1 1 1
v 1.44697249 10.0434952 0.381685078 1 1 1
v 1.34912467 10.93011 0.334842861 1 1 1
v 1.44590247 10.6772518 0.343760192 1 1 1
v 1.47413325 10.5625343 0.345282853 1 1 1
v 1.38082576 11.0082779 0.332281381 1 1 1
v 1.36479306 10.932024 0.328241736 1 1 1
v 1.42062068 10.7818537 0.342049658 1 1 1
v 1.34235811 11.1355047 0.397131085 1 1 1
v -1.09921169 8.66363335 -1.90698338 1 1 1
v -1.10076392 8.64881611 -1.87892866 1 1 1
v -1.09809077 8.64626694 -1.87291765 1 1 1
v -0.924744129 8.70599365 -1.90281057 1 1 1
v -0.961345971 8.74634266 -2.00896144 1 1 1
v -0.99479264 8.73613548 -2.00530005 1 1 1
v -1.03434765 8.72558117 -2.00421405 1 1 1
v -1.07864153 8.70399475 -1.98211062 1 1 1
v -1.10615492 8.68587875 -1.95831859 1 1 1
v -1.12314844 8.84842682 -1.92873502 1 1 1
v -1.06332624 8.88062286 -1.92228568 1 1 1
v -1.0559634 8.88441086 -1.92238832 1 1 1
v -1.02975142 8.90824509 -1.86976314 1 1 1
v -1.19502866 8.82797718 -1.84311497 1 1 1
v -1.18697214 8.82716751 -1.86859369 1 1 1
v -1.18578792 8.82623005 -1.87652767 1 1 1
v -1.13192773 8.84476471 -1.9242382 1 1 1
v -1.14117575 8.73090839 -1.78408301 1 1 1
v -1.1594274 8.75277042 -1.79797685 1 1 1
v -1.18132544 8.78077888 -1.81562126 1 1 1
v -1.02079153 8.90486717 -1.86695516 1 1 1
v -1.01186574 8.90262318 -1.86479461 1 1 1
v -0.988272607 8.88390636 -1.8520695 1 1 1
v -0.948492706 8.80808544 -1.80633593 1 1 1
v -1.13209939 8.71185493 -1.8023932 1 1 1
v 0.616976202 6.18489504 1.69357526 1 1 1
v 0.631448627 6.20597839 1.69439518 1 1 1
v 0.63102901 6.19137478 1.67809486 1 1 1
v 0.642848611 6.20863199 1.67164397 1 1 1
v 0.635421693 6.18918943 1.65676284 1 1 1
v 0.619431615 6.17451859 1.67031729 1 1 1
v -0.180169523 6.69759369 1.8258239 1 1 1
v -0.101357497 6.73854685 1.84131265 1 1 1
v 0.0223892219 6.49022388 2.0123136 1 1 1
v -0.0341420621 6.38308144 2.02639627 1 1 1
v -0.0702502131 6.7147851 1.77599311 1 1 1
v -0.00198519183 6.55434942 1.90550125 1 1 1
v -0.13051559 6.65797806 1.72020221 1 1 1
v -0.0772345439 6.49046373 1.84425652 1 1 1
v -0.197752565 6.6491437 1.74823987 1 1 1
v -0.0956668034 6.38773108 1.92021906 1 1 1
v 0.339241594 6.4478817 1.60824394 1 1 1
v 0.304053962 6.36713552 1.60965419 1 1 1
v 0.328621686 6.48880911 1.51469982 1 1 1
v 0.287519217 6.43481636 1.45713556 1 1 1
v 0.2662884 6.3459301 1.51240182 1 1 1
v 0.630619287 6.21757364 1.70571721 1 1 1
v 0.605622292 6.18348265 1.70102954 1 1 1
v 0.656558216 6.22412348 1.66594493 1 1 1
v 0.633068085 6.19130421 1.64449167 1 1 1
v 0.609616697 6.16534662 1.66418445 1 1 1
v -0.193441033 7.04216909 1.75828755 1 1 1
v -0.177399173 7.05158377 1.75111938 1 1 1
v -0.387425661 7.01960421 1.68734658 1 1 1
v -0.353549242 7.01530027 1.71249664 1 1 1
v -0.324429899 7.00742435 1.74178338 1 1 1
v -0.230247885 7.03041172 1.75708878 1 1 1
v -0.0813264623 6.90444899 1.70439398 1 1 1
v -0.0471422561 6.90826559 1.6369555 1 1 1
v -0.12005455 6.82928371 1.60198724 1 1 1
v -0.176824763 6.77752018 1.51231921 1 1 1
v -0.0968193263 6.85537672 1.61314583 1 1 1
v -0.226881996 6.78420162 1.53304291 1 1 1
v -0.272982091 6.79182196 1.5542047 1 1 1
v -0.367435515 6.84421062 1.53019154 1 1 1
v -0.384658068 6.85327148 1.52671373 1 1 1
v -0.387922108 6.87826633 1.55966687 1 1 1
v -0.386281759 6.93082428 1.59045911 1 1 1
v -0.388039917 6.94029903 1.61880398 1 1 1
v -0.388845742 6.94066858 1.62802303 1 1 1
v -0.0161219686 6.97130251 1.52017426 1 1 1
v -0.14512974 7.14967108 1.59481847 1 1 1
v -0.365702569 7.1093874 1.53354049 1 1 1
v -0.373016596 6.90612221 1.4210242 1 1 1
v -0.156963736 6.82078075 1.41276336 1 1 1
v -0.177399173 7.05158377 1.75111938 1 1 1
v -0.193441033 7.04216909 1.75828755 1 1 1
v -0.230247885 7.03041172 1.75708878 1 1 1
v -0.324429899 7.00742435 1.74178338 1 1 1
v -0.353549242 7.01530027 1.71249664 1 1 1
v -0.387425661 7.01960421 1.68734658 1 1 1
v -0.0471422561 6.90826559 1.6369555 1 1 1
v -0.0813264623 6.90444899 1.70439398 1 1 1
v -0.176824763 6.77752018 1.51231921 1 1 1
v -0.12005455 6.82928371 1.60198724 1 1 1
v -0.0968193263 6.85537672 1.61314583 1 1 1
v -0.384658068 6.85327148 1.52671373 1 1 1
v -0.367435515 6.84421062 1.53019154 1 1 1
v -0.272982091 6.79182196 1.5542047 1 1 1
v -0.226881996 6.78420162 1.53304291 1 1 1
v -0.388039917 6.94029903 1.61880398 1 1 1
v -0.386281759 6.93082428 1.59045911 1 1 1
v -0.387922108 6.87826633 1.55966687 1 1 1
v -0.388845742 6.94066858 1.62802303 1 1 1
v 1.89448488 8.08762932 -1.77467549 1 1 1
v 1.87243474 8.11065674 -1.77879262 1 1 1
v 1.8167994 8.18429279 -1.76089227 1 1 1
v 1.76032126 8.24634647 -1.75827897 1 1 1
v 1.76111186 8.24633217 -1.75646067 1 1 1
v 2.0043149 8.05135059 -1.61136663 1 1 1
v 2.01028371 7.98868084 -1.71302068 1 1 1
v 2.06928539 8.02889252 -1.76684809 1 1 1
v 2.00281358 8.0639801 -1.782094 1 1 1
v 1.95747459 8.10066414 -1.8045305 1 1 1
v 1.90959775 8.08967686 -1.78108203 1 1 1
v 1.9412173 8.26918316 -1.81973433 1 1 1
v 1.91884279 8.28452873 -1.83051443 1 1 1
v 1.95958781 8.23642159 -1.81676745 1 1 1
v 2.03634477 8.19409657 -1.73409867 1 1 1
v 2.03117561 8.18900108 -1.69862676 1 1 1
v 2.04718256 8.17002201 -1.65495849 1 1 1
v 2.0339613 8.17566109 -1.64669418 1 1 1
v 1.76608777 8.36458683 -1.80638599 1 1 1
v 1.68709159 8.42584419 -1.87634754 1 1 1
v 1.7766645 8.37779808 -1.88317001 1 1 1
v 1.7946701 8.36820602 -1.88478708 1 1 1
v 1.89001966 8.30246925 -1.83757639 1 1 1
v 1.98282814 8.23377514 -1.77404165 1 1 1
v 1.75516617 8.25458336 -1.76123989 1 1 1
v 1.6728667 8.42027664 -1.85101879 1 1 1
v 2.06027079 8.12681961 -1.62052476 1 1 1
v 2.06267953 8.12313652 -1.61846852 1 1 1
v 1.67043173 8.43656635 -1.85148335 1 1 1
v 1.67693734 8.44313049 -1.87689221 1 1 1
v 1.67724955 8.44295788 -1.87739992 1 1 1
v 1.67966175 8.44222546 -1.88219726 1 1 1
v 1.66477644 8.42963123 -1.85122371 1 1 1
v -2.76753426 6.67771912 -0.189584002 1 1 1
v -2.66175437 6.79982948 -0.1961665 1 1 1
v -2.51303148 6.73677683 -0.203205675 1 1 1
v -2.52689552 6.57569742 -0.20097363 1 1 1
v -2.68418694 6.53919744 -0.192554951 1 1 1
v -2.58762169 6.73901749 -0.446809053 1 1 1
v -2.53872967 6.72671986 -0.423051 1 1 1
v -2.66879511 6.76826429 -0.464456737 1 1 1
v -2.61513495 6.74581718 -0.464642793 1 1 1
v -2.68613887 6.75028372 -0.4435184 1 1 1
v -2.76280379 6.67618608 -0.2730878 1 1 1
v -2.73286152 6.70227671 -0.37577185 1 1 1
v -2.71015906 6.59346914 -0.305386752 1 1 1
v -2.73921704 6.64495468 -0.337824434 1 1 1
v -2.74672914 6.65627623 -0.3377029 1 1 1
v -2.68456483 6.55052376 -0.30212006 1 1 1
v -2.5438199 6.58340836 -0.327303708 1 1 1
v -2.63262296 6.56345558 -0.329707354 1 1 1
v -2.63850355 6.56146622 -0.322557628 1 1 1
v -2.53769088 6.67234087 -0.371634156 1 1 1
v -2.5366385 6.65831804 -0.351424903 1 1 1
v -2.53412557 6.63112402 -0.308051556 1 1 1
v -2.53953266 6.60387516 -0.325718552 1 1 1
v -2.5417757 6.59329748 -0.326723993 1 1 1
v 2.06876636 6.09159136 1.85963309 1 1 1
v 2.17775488 6.0176158 1.85219479 1 1 1
v 2.16608071 5.93823624 1.74746299 1 1 1
v 2.13012576 5.94594526 1.7297368 1 1 1
v 2.02138019 6.0080595 1.72302043 1 1 1
v 1.98973346 6.05793095 1.75949824 1 1 1
v 2.19232512 6.04453373 1.82800055 1 1 1
v 2.19236469 6.04253054 1.82347715 1 1 1
v 2.19582248 6.03821039 1.79474556 1 1 1
v 2.18370676 5.98241615 1.7431339 1 1 1
v 2.18079638 5.96515131 1.7269876 1 1 1
v 2.13086891 6.18111229 1.7727809 1 1 1
v 2.17267299 6.08643532 1.81152713 1 1 1
v 2.10943151 6.19008303 1.69572926 1 1 1
v 2.12763023 6.19244623 1.73339939 1 1 1
v 2.08866811 6.18887997 1.64914584 1 1 1
v 2.05414057 6.04642105 1.68531895 1 1 1
v 2.0686965 6.12015963 1.66860569 1 1 1
v 2.08970141 6.18117285 1.64709556 1 1 1
v 2.17680454 5.9703021 1.72105908 1 1 1
v -0.569586337 3.04070044 -2.2431891 1 1 1
v -0.474050701 3.0311861 -2.20385838 1 1 1
v -0.428625137 3.00468016 -2.27370286 1 1 1
v -0.391722739 2.99034333 -2.29618549 1 1 1
v -0.450024188 2.98996615 -2.34683895 1 1 1
v -0.473294914 2.99613714 -2.34340096 1 1 1
v -0.479243308 2.99759436 -2.34297204 1 1 1
v -0.211562425 3.17043257 -2.51735282 1 1 1
v -0.183182091 3.17261553 -2.50628972 1 1 1
v -0.178245842 3.17372441 -2.50380731 1 1 1
v -0.214348406 3.36232209 -2.37140656 1 1 1
v -0.409920573 3.35920191 -2.43851829 1 1 1
v -0.413057327 3.34729648 -2.44866872 1 1 1
v -0.383966774 3.29725099 -2.47734523 1 1 1
v -0.345264345 3.23004341 -2.51597595 1 1 1
v -0.293679416 3.20935464 -2.5147388 1 1 1
v -0.493581772 3.28567743 -2.21885729 1 1 1
v -0.466995448 3.30684924 -2.27920938 1 1 1
v -0.307676315 3.28106761 -2.1366477 1 1 1
v -0.502531588 3.25496936 -2.22040129 1 1 1
v -0.319923699 3.08574295 -2.14074302 1 1 1
v -0.571085751 3.07000208 -2.24394679 1 1 1
v -0.572017968 3.08714437 -2.24441266 1 1 1
vt 1 0 0
vt 1 0.117011517 0
vt 0.888851225 0.117011517 0
vt 0.888851225 0 0
vt 0.777752757 0.117011517 0
vt 0.777752757 0 0
vt 0.666630566 0.117011517 0
vt 0.666630566 0 0
vt 0.555557072 0.117011517 0
vt 0.555557072 0 0
vt 0.444443464 0.117011517 0
vt 0.444443464 0 0
vt 0.333369911 0.117011517 0
vt 0.333369911 0 0
vt 0.222247541 0.117011517 0
vt 0.222247541 0 0
vt 0.111148894 0.117011517 0
vt 0.111148894 0 0
vt 0 0.117011517 0
vt 0 0 0
vt 1 0.27015388 0
vt 0.888851225 0.27015388 0
vt 0.777752757 0.27015388 0
vt 0.666630566 0.27015388 0
vt 0.555557072 0.27015388 0
vt 0.444443464 0.27015388 0
vt 0.333369911 0.27015388 0
vt 0.222247541 0.27015388 0
vt 0.111148894 0.27015388 0
vt 0 0.27015388 0
vt 1 0.455346525 0
vt 0.888851225 0.455346525 0
vt 0.777752757 0.455346525 0
vt 0.666630566 0.455346525 0
vt 0.555557072 0.455346525 0
vt 0.444443464 0.455346525 0
vt 0.333369911 0.455346525 0
vt 0.222247541 0.455346525 0
vt 0.111148894 0.455346525 0
vt 0 0.455346525 0
vt 1 0.668547511 0
vt 0.888851225 0.668547511 0
vt 0.777752757 0.668547511 0
vt 0.666630566 0.668547511 0
vt 0.555557072 0.668547511 0
vt 0.444443464 0.668547511 0
vt 0.333369911 0.668547511 0
vt 0.222247541 0.668547511 0
vt 0.111148894 0.668547511 0
vt 0 0.668547511 0
vt 1 0.90454638 0
vt 0.888851225 0.90454638 0
vt 0.777752757 0.90454638 0
vt 0.666630566 0.90454638 0
vt 0.555557072 0.90454638 0
vt 0.444443464 0.90454638 0
vt 0.333369911 0.90454638 0
vt 0.222247541 0.90454638 0
vt 0.111148894 0.90454638 0
vt 0 0.90454638 0
vt 1 1.15872121 0
vt 0.888851225 1.15872121 0
vt 0.777752757 1.15872121 0
vt 0.666630566 1.15872121 0
vt 0.555557072 1.15872121 0
vt 0.444443464 1.15872121 0
vt 0.333369911 1.15872121 0
vt 0.222247541 1.15872121 0
vt 0.111148894 1.15872121 0
vt 0 1.15872121 0
vt 1 1.42932868 0
vt 0.888851225 1.42932868 0
vt 0.777752757 1.42932868 0
vt 0.666630566 1.42932868 0
vt 0.555557072 1.42932868 0
vt 0.444443464 1.42932868 0
vt 0.333369911 1.42932868 0
vt 0.222247541 1.42932868 0
vt 0.111148894 1.42932868 0
vt 0 1.42932868 0
vt 1 1.71198654 0
vt 0.888851225 1.71198654 0
vt 0.777752757 1.71198654 0
vt 0.666630566 1.71198654 0
vt 0.555557072 1.71198654 0
vt 0.444443464 1.71198654 0
vt 0.333369911 1.71198654 0
vt 0.222247541 1.71198654 0
vt 0.111148894 1.71198654 0
vt 0 1.71198654 0
vt 1 2.00924778 0
vt 0.888851225 2.00924778 0
vt 0.777752757 2.00924778 0
vt 0.666630566 2.00924778 0
vt 0.555557072 2.00924778 0
vt 0.444443464 2.00924778 0
vt 0.333369911 2.00924778 0
vt 0.222247541 2.00924778 0
vt 0.111148894 2.00924778 0
vt 0 2.00924778 0
vt 1 2.31985998 0
vt 0.888851225 2.31985998 0
vt 0.777752757 2.31985998 0
vt 0.666630566 2.31985998 0
vt 0.555557072 2.31985998 0
vt 0.444443464 2.31985998 0
vt 0.333369911 2.31985998 0
vt 0.222247541 2.31985998 0
vt 0.111148894 2.31985998 0
vt 0 2.31985998 0
vt 1 2.65041637 0
vt 0.888851225 2.65041637 0
vt 0.777752757 2.65041637 0
vt 0.666630566 2.65041637 0
vt 0.555557072 2.65041637 0
vt 0.444443464 2.65041637 0
vt 0.333369911 2.65041637 0
vt 0.222247541 2.65041637 0
vt 0.111148894 2.65041637 0
vt 0 2.65041637 0
vt 1 3 0
vt 0.888851225 3 0
vt 0.777752757 3 0
vt 0.666630566 3 0
vt 0.555557072 3 0
vt 0.444443464 3 0
vt 0.333369911 3 0
vt 0.222247541 3 0
vt 0.111148894 3 0
vt 0 3 0
vt 0.0600308366 0.222421512 0
vt 0.138104513 0.267624468 0
vt 0.0887957141 0.549078166 0
vt 0 0.564644635 0
vt 0.230927244 0.796832502 0
vt 0.172881097 0.865896165 0
vt 0.499373496 0.894573331 0
vt 0.499297589 0.984776974 0
vt 0.767902672 0.797379136 0
vt 0.825824499 0.866569221 0
vt 0.911053658 0.550166309 0
vt 0.999893188 0.565957665 0
vt 0.861685812 0.268890023 0
vt 0.939882994 0.223928586 0
vt 0.643295884 0.0847205445 0
vt 0.674294353 0 0
vt 0.357666761 0.0847665444 0
vt 0.32698226 0 0
vt 0.294238806 0.358037621 0
vt 0.266252697 0.517949998 0
vt 0.346983463 0.658709109 0
vt 0.499501735 0.714225411 0
vt 0.652056158 0.659014881 0
vt 0.733385205 0.518566668 0
vt 0.70533365 0.358771145 0
vt 0.581269026 0.254127145 0
vt 0.418996751 0.254171997 0
vt 0.499660045 0.476994395 0
vt 1 0.240494415 0
vt 1 0.512660027 0
vt 0.888851166 0.512660027 0
vt 0.888851166 0.240494415 0
vt 0.777752638 0.512660027 0
vt 0.777752638 0.240494415 0
vt 0.666630566 0.512660027 0
vt 0.666630566 0.240494415 0
vt 0.555557013 0.512660027 0
vt 0.555557013 0.240494415 0
vt 0.444443405 0.512660027 0
vt 0.444443405 0.240494415 0
vt 0.333369911 0.512660027 0
vt 0.333369911 0.240494415 0
vt 0.222247541 0.512660027 0
vt 0.222247541 0.240494415 0
vt 0.111148894 0.512660027 0
vt 0.111148894 0.240494415 0
vt 0 0.512660027 0
vt 0 0.240494415 0
vt 1 0.82111901 0
vt 0.888851166 0.82111901 0
vt 0.777752638 0.82111901 0
vt 0.666630566 0.82111901 0
vt 0.555557013 0.82111901 0
vt 0.444443405 0.82111901 0
vt 0.333369911 0.82111901 0
vt 0.222247541 0.82111901 0
vt 0.111148894 0.82111901 0
vt 0 0.82111901 0
vt 1 1.15462351 0
vt 0.888851166 1.15462351 0
vt 0.777752638 1.15462351 0
vt 0.666630566 1.15462351 0
vt 0.555557013 1.15462351 0
vt 0.444443405 1.15462351 0
vt 0.333369911 1.15462351 0
vt 0.222247541 1.15462351 0
vt 0.111148894 1.15462351 0
vt 0 1.15462351 0
vt 1 1.41946733 0
vt 0.888851166 1.41946733 0
vt 0.777752638 1.41946733 0
vt 0.666630566 1.41946733 0
vt 0.555557013 1.41946733 0
vt 0.444443405 1.41946733 0
vt 0.333369911 1.41946733 0
vt 0.222247541 1.41946733 0
vt 0.111148894 1.41946733 0
vt 0 1.41946733 0
vt 1 1.90172827 0
vt 0.888851166 1.90172827 0
vt 0.777752638 1.90172827 0
vt 0.666630566 1.90172827 0
vt 0.555557013 1.90172827 0
vt 0.444443405 1.90172827 0
vt 0.333369911 1.90172827 0
vt 0.222247541 1.90172827 0
vt 0.111148894 1.90172827 0
vt 0 1.90172827 0
vt 1 2.43409944 0
vt 0.888851166 2.43409944 0
vt 0.777752638 2.43409944 0
vt 0.666630566 2.43409944 0
vt 0.555557013 2.43409944 0
vt 0.444443405 2.43409944 0
vt 0.333369911 2.43409944 0
vt 0.222247541 2.43409944 0
vt 0.111148894 2.43409944 0
vt 0 2.43409944 0
vt 1 3.06842327 0
vt 0.888851166 3.06842327 0
vt 0.777752638 3.06842327 0
vt 0.666630566 3.06842327 0
vt 0.555557013 3.06842327 0
vt 0.444443405 3.06842327 0
vt 0.333369911 3.06842327 0
vt 0.222247541 3.06842327 0
vt 0.111148894 3.06842327 0
vt 0 3.06842327 0
vt 1 3.79876828 0
vt 0.888851166 3.79876828 0
vt 0.777752638 3.79876828 0
vt 0.666630566 3.79876828 0
vt 0.555557013 3.79876828 0
vt 0.444443405 3.79876828 0
vt 0.333369911 3.79876828 0
vt 0.222247541 3.79876828 0
vt 0.111148894 3.79876828 0
vt 0 3.79876828 0
vt 1 4.62242937 0
vt 0.888851166 4.62242937 0
vt 0.777752638 4.62242937 0
vt 0.666630566 4.62242937 0
vt 0.555557013 4.62242937 0
vt 0.444443405 4.62242937 0
vt 0.333369911 4.62242937 0
vt 0.222247541 4.62242937 0
vt 0.111148894 4.62242937 0
vt 0 4.62242937 0
vt 1 6 0
vt 0.888851166 6 0
vt 0.777752638 6 0
vt 0.666630566 6 0
vt 0.555557013 6 0
vt 0.444443405 6 0
vt 0.333369911 6 0
vt 0.222247541 6 0
vt 0.111148894 6 0
vt 0 6 0
vt 0.931299925 0.134762347 0
vt 1 0.136954248 0
vt 0.888851166 0.113152988 0
vt 0.90580678 0.12078888 0
vt 0.777752638 0.099992387 0
vt 0.812850475 0.103638858 0
vt 0.666630566 0.112442531 0
vt 0.749099255 0.107972622 0
vt 0.777752638 0.0999923795 0
vt 0.573770881 0.181225076 0
vt 0.589003742 0.172933638 0
vt 0.555557013 0.189919978 0
vt 0.562206209 0.186591998 0
vt 0.44582507 0.234612465 0
vt 0.465800464 0.229336247 0
vt 0.444443434 0.234233782 0
vt 0.334857732 0.181684926 0
vt 0.359057844 0.192555562 0
vt 0.444443405 0.234233782 0
vt 0.333369881 0.179691464 0
vt 0.222247571 0.0742359683 0
vt 0.314874262 0.164769024 0
vt 0.333369851 0.179691464 0
vt 0.125495672 0.0820813924 0
vt 0.180971205 0.082685262 0
vt 0.111148939 0.0848350525 0
vt 0.0423585325 0.13887912 0
vt 0.0575557426 0.127231002 0
vt 0.111148924 0.0848350599 0
vt 1.23400061e-17 0.240494415 0
vt 9.85821758e-10 0.136954248 0
vt 1 0.341230869 0
vt 1 0.7215994 0
vt 0.888851166 0.7215994 0
vt 0.888851166 0.341230869 0
vt 0.777752638 0.7215994 0
vt 0.777752638 0.341230869 0
vt 0.666630566 0.7215994 0
vt 0.666630566 0.341230869 0
vt 0.555557013 0.7215994 0
vt 0.555557013 0.341230869 0
vt 0.444443405 0.7215994 0
vt 0.444443434 0.369505465 0
vt 0.458876163 0.341230869 0
vt 0.111148894 0.341230869 0
vt 0.111148894 0.7215994 0
vt 0 0.7215994 0
vt 0 0.341230869 0
vt 1 1.17562211 0
vt 0.888851166 1.17562211 0
vt 0.777752638 1.17562211 0
vt 0.666630566 1.17562211 0
vt 0.555557013 1.17562211 0
vt 0.444443405 1.17562211 0
vt 0.333369911 1.17562211 0
vt 0.333369911 0.7215994 0
vt 0.222247541 1.17562211 0
vt 0.222247541 0.7215994 0
vt 0.111148894 1.17562211 0
vt 0 1.17562211 0
vt 1 1.7207638 0
vt 0.888851166 1.7207638 0
vt 0.777752638 1.7207638 0
vt 0.666630566 1.7207638 0
vt 0.555557013 1.7207638 0
vt 0.444443405 1.7207638 0
vt 0.333369911 1.7207638 0
vt 0.222247541 1.7207638 0
vt 0.111148894 1.7207638 0
vt 0 1.7207638 0
vt 1 2.33991075 0
vt 0.888851166 2.33991075 0
vt 0.777752638 2.33991075 0
vt 0.666630566 2.33991075 0
vt 0.555557013 2.33991075 0
vt 0.444443405 2.33991075 0
vt 0.333369911 2.33991075 0
vt 0.222247541 2.33991075 0
vt 0.111148894 2.33991075 0
vt 0 2.33991075 0
vt 1 3.00076985 0
vt 0.888851166 3.00076985 0
vt 0.777752638 3.00076985 0
vt 0.666630566 3.00076985 0
vt 0.555557013 3.00076985 0
vt 0.444443405 3.00076985 0
vt 0.333369911 3.00076985 0
vt 0.222247541 3.00076985 0
vt 0.111148894 3.00076985 0
vt 0 3.00076985 0
vt 1 3.60592151 0
vt 0.888851166 3.60592151 0
vt 0.777752638 3.60592151 0
vt 0.666630566 3.60592151 0
vt 0.555557013 3.60592151 0
vt 0.444443405 3.60592151 0
vt 0.333369911 3.60592151 0
vt 0.222247541 3.60592151 0
vt 0.111148894 3.60592151 0
vt 0 3.60592151 0
vt 1 4.73371887 0
vt 0.888851166 4.73371887 0
vt 0.777752638 4.73371887 0
vt 0.666630566 4.73371887 0
vt 0.555557013 4.73371887 0
vt 0.444443405 4.73371887 0
vt 0.333369911 4.73371887 0
vt 0.222247541 4.73371887 0
vt 0.111148894 4.73371887 0
vt 0 4.73371887 0
vt 1 5.98047209 0
vt 0.888851166 5.98047209 0
vt 0.777752638 5.98047209 0
vt 0.666630566 5.98047209 0
vt 0.555557013 5.98047209 0
vt 0.444443405 5.98047209 0
vt 0.333369911 5.98047209 0
vt 0.222247541 5.98047209 0
vt 0.111148894 5.98047209 0
vt 0 5.98047209 0
vt 1 7 0
vt 0.888851166 7 0
vt 0.777752638 7 0
vt 0.666630566 7 0
vt 0.555557013 7 0
vt 0.444443405 7 0
vt 0.333369911 7 0
vt 0.222247541 7 0
vt 0.111148894 7 0
vt 0 7 0
vt 0.888851285 0.0766162351 0
vt 0.980390906 0.0808670223 0
vt 0.987402201 0.0721146241 0
vt 1 0.0474729389 0
vt 0.777752638 0.0888249427 0
vt 0.85300231 0.0950704217 0
vt 0.874190509 0.0879226178 0
vt 0.888851166 0.0766162425 0
vt 0.719057083 0.129603684 0
vt 0.777752697 0.0888249427 0
vt 0.666630507 0.108442485 0
vt 0.718438685 0.129914597 0
vt 0.718621254 0.129910693 0
vt 0.555557013 0.187810034 0
vt 0.666630566 0.108442485 0
vt 0.486909032 0.304650247 0
vt 0.123117529 0.235438645 0
vt 0.183368385 0.341230899 0
vt 0.111148894 0.169636607 0
vt 0.0447868146 0.0651359558 0
vt 0.111148894 0.169636622 0
vt 7.50394236e-08 0.0474729352 0
vt 0.333369911 0.497042716 0
vt 0.380571902 0.481357336 0
vt 0.397515416 0.456929952 0
vt 0.443910569 0.370354414 0
vt 0.444443405 0.369505465 0
vt 0.277759641 0.481175423 0
vt 0.333369941 0.497042716 0
vt 0.222247541 0.415124834 0
vt 0.255506605 0.459630728 0
vt 0.18336837 0.341230929 0
vt 0.215846166 0.406639755 0
vt 1 0.263877749 0
vt 1 0.556950688 0
vt 0.888851166 0.556950688 0
vt 0.888851166 0.263877749 0
vt 0.777752638 0.556950688 0
vt 0.777752638 0.263877749 0
vt 0.666630566 0.556950688 0
vt 0.666630566 0.263877749 0
vt 0.555557013 0.556950688 0
vt 0.555557013 0.263877749 0
vt 0.444443405 0.556950688 0
vt 0.444443405 0.29717201 0
vt 0.474993765 0.26387772 0
vt 0.333369911 0.263877749 0
vt 0.333369911 0.556950688 0
vt 0.222247541 0.556950688 0
vt 0.222247541 0.263877749 0
vt 0.111148894 0.556950688 0
vt 0.111148894 0.263877749 0
vt 0 0.556950688 0
vt 0 0.263877749 0
vt 1 0.878147364 0
vt 0.888851166 0.878147364 0
vt 0.777752638 0.878147364 0
vt 0.666630566 0.878147364 0
vt 0.555557013 0.878147364 0
vt 0.444443405 0.878147364 0
vt 0.333369911 0.878147364 0
vt 0.222247541 0.878147364 0
vt 0.111148894 0.878147364 0
vt 0 0.878147364 0
vt 1 1.26535618 0
vt 0.888851166 1.26535618 0
vt 0.777752638 1.26535618 0
vt 0.666630566 1.26535618 0
vt 0.555557013 1.26535618 0
vt 0.444443405 1.26535618 0
vt 0.333369911 1.26535618 0
vt 0.222247541 1.26535618 0
vt 0.111148894 1.26535618 0
vt 0 1.26535618 0
vt 1 1.73350787 0
vt 0.888851166 1.73350787 0
vt 0.777752638 1.73350787 0
vt 0.666630566 1.73350787 0
vt 0.555557013 1.73350787 0
vt 0.444443405 1.73350787 0
vt 0.333369911 1.73350787 0
vt 0.222247541 1.73350787 0
vt 0.111148894 1.73350787 0
vt 0 1.73350787 0
vt 1 2.28526115 0
vt 0.888851166 2.28526115 0
vt 0.777752638 2.28526115 0
vt 0.666630566 2.28526115 0
vt 0.555557013 2.28526115 0
vt 0.444443405 2.28526115 0
vt 0.333369911 2.28526115 0
vt 0.222247541 2.28526115 0
vt 0.111148894 2.28526115 0
vt 0 2.28526115 0
vt 1 2.90117645 0
vt 0.888851166 2.90117645 0
vt 0.777752638 2.90117645 0
vt 0.666630566 2.90117645 0
vt 0.555557013 2.90117645 0
vt 0.444443405 2.90117645 0
vt 0.333369911 2.90117645 0
vt 0.222247541 2.90117645 0
vt 0.111148894 2.90117645 0
vt 0 2.90117645 0
vt 1 3.38836074 0
vt 0.888851166 3.38836074 0
vt 0.777752638 3.38836074 0
vt 0.666630566 3.38836074 0
vt 0.555557013 3.38836074 0
vt 0.444443405 3.38836074 0
vt 0.333369911 3.38836074 0
vt 0.222247541 3.38836074 0
vt 0.111148894 3.38836074 0
vt 0 3.38836074 0
vt 1 4.25833225 0
vt 0.888851166 4.25833225 0
vt 0.777752638 4.25833225 0
vt 0.666630566 4.25833225 0
vt 0.555557013 4.25833225 0
vt 0.444443405 4.25833225 0
vt 0.333369911 4.25833225 0
vt 0.222247541 4.25833225 0
vt 0.111148894 4.25833225 0
vt 0 4.25833225 0
vt 1 5.25129986 0
vt 0.888851166 5.25129986 0
vt 0.777752638 5.25129986 0
vt 0.666630566 5.25129986 0
vt 0.555557013 5.25129986 0
vt 0.444443405 5.25129986 0
vt 0.333369911 5.25129986 0
vt 0.222247541 5.25129986 0
vt 0.111148894 5.25129986 0
vt 0 5.25129986 0
vt 1 6.48111534 0
vt 0.888851166 6.48111534 0
vt 0.777752638 6.48111534 0
vt 0.666630566 6.48111534 0
vt 0.555557013 6.48111534 0
vt 0.444443405 6.48111534 0
vt 0.333369911 6.48111534 0
vt 0.222247541 6.48111534 0
vt 0.111148894 6.48111534 0
vt 0 6.48111534 0
vt 1 8 0
vt 0.888851166 8 0
vt 0.777752638 8 0
vt 0.666630566 8 0
vt 0.555557013 8 0
vt 0.444443405 8 0
vt 0.333369911 8 0
vt 0.222247541 8 0
vt 0.111148894 8 0
vt 0 8 0
vt 0.919434905 0.120386496 0
vt 0.97443831 0.119456813 0
vt 1 0.114203557 0
vt 0.888851166 0.111421444 0
vt 0.777752638 0.0726445988 0
vt 0.791957021 0.0844138414 0
vt 0.849885702 0.113537952 0
vt 0.666630626 0.016371673 0
vt 0.720931053 0.0757149979 0
vt 0.555557013 0.183151051 0
vt 0.602876186 0.126589954 0
vt 0.638921797 0.0557193309 0
vt 0.666630566 0.0163716692 0
vt 0.509588003 0.239944041 0
vt 0.550936699 0.193352878 0
vt 0.555557013 0.183151066 0
vt 0.474993706 0.263877749 0
vt 0.333369911 0.260836095 0
vt 0.341166735 0.263877749 0
vt 0.222247571 0.159351006 0
vt 0.304536492 0.242685616 0
vt 0.333369941 0.260836095 0
vt 0.111148924 0.107768059 0
vt 0.166965514 0.119381361 0
vt 0.222247586 0.159351006 0
vt 2.55412447e-09 0.114203557 0
vt 0.0461482219 0.117927127 0
vt 0.111148924 0.107768066 0
vt 0.401780277 0.293343931 0
vt 0.424732566 0.299576491 0
vt 0.111148894 0.29055509 0
vt 0.111148879 0.0673283935 0
vt 0.183833361 0.0850172937 0
vt 0.187989384 0.0827628598 0
vt 0.220760807 3.36233796e-08 0
vt 0.222247541 0.29055509 0
vt 1 0.29055509 0
vt 1 0.615997195 0
vt 0.888851166 0.615997195 0
vt 0.888851166 0.29055509 0
vt 0.777752638 0.615997195 0
vt 0.777752638 0.29055509 0
vt 0.666630566 0.615997195 0
vt 0.666630566 0.29055509 0
vt 0.555557013 0.615997195 0
vt 0.555557013 0.291453183 0
vt 0.556335866 0.29055512 0
vt 0.333369911 0.29055509 0
vt 0.333369911 0.615997195 0
vt 0.222247541 0.615997195 0
vt 0.111148894 0.615997195 0
vt 0 0.615997195 0
vt 0 0.29055509 0
vt 1 0.966166377 0
vt 0.888851166 0.966166377 0
vt 0.777752638 0.966166377 0
vt 0.666630566 0.966166377 0
vt 0.555557013 0.966166377 0
vt 0.444443405 0.966166377 0
vt 0.444443405 0.615997195 0
vt 0.333369911 0.966166377 0
vt 0.222247541 0.966166377 0
vt 0.111148894 0.966166377 0
vt 0 0.966166377 0
vt 1 1.38797379 0
vt 0.888851166 1.38797379 0
vt 0.777752638 1.38797379 0
vt 0.666630566 1.38797379 0
vt 0.555557013 1.38797379 0
vt 0.444443405 1.38797379 0
vt 0.333369911 1.38797379 0
vt 0.222247541 1.38797379 0
vt 0.111148894 1.38797379 0
vt 0 1.38797379 0
vt 1 1.96333647 0
vt 0.888851166 1.96333647 0
vt 0.777752638 1.96333647 0
vt 0.666630566 1.96333647 0
vt 0.555557013 1.96333647 0
vt 0.444443405 1.96333647 0
vt 0.333369911 1.96333647 0
vt 0.222247541 1.96333647 0
vt 0.111148894 1.96333647 0
vt 0 1.96333647 0
vt 1 2.58534837 0
vt 0.888851166 2.58534837 0
vt 0.777752638 2.58534837 0
vt 0.666630566 2.58534837 0
vt 0.555557013 2.58534837 0
vt 0.444443405 2.58534837 0
vt 0.333369911 2.58534837 0
vt 0.222247541 2.58534837 0
vt 0.111148894 2.58534837 0
vt 0 2.58534837 0
vt 1 3.15638423 0
vt 0.888851166 3.15638423 0
vt 0.777752638 3.15638423 0
vt 0.666630566 3.15638423 0
vt 0.555557013 3.15638423 0
vt 0.444443405 3.15638423 0
vt 0.333369911 3.15638423 0
vt 0.222247541 3.15638423 0
vt 0.111148894 3.15638423 0
vt 0 3.15638423 0
vt 1 3.92474842 0
vt 0.888851166 3.92474842 0
vt 0.777752638 3.92474842 0
vt 0.666630566 3.92474842 0
vt 0.555557013 3.92474842 0
vt 0.444443405 3.92474842 0
vt 0.333369911 3.92474842 0
vt 0.222247541 3.92474842 0
vt 0.111148894 3.92474842 0
vt 0 3.92474842 0
vt 1 4.59854889 0
vt 0.888851166 4.59854889 0
vt 0.777752638 4.59854889 0
vt 0.666630566 4.59854889 0
vt 0.555557013 4.59854889 0
vt 0.444443405 4.59854889 0
vt 0.333369911 4.59854889 0
vt 0.222247541 4.59854889 0
vt 0.111148894 4.59854889 0
vt 0 4.59854889 0
vt 1 5.51926947 0
vt 0.888851166 5.51926947 0
vt 0.777752638 5.51926947 0
vt 0.666630566 5.51926947 0
vt 0.555557013 5.51926947 0
vt 0.444443405 5.51926947 0
vt 0.333369911 5.51926947 0
vt 0.222247541 5.51926947 0
vt 0.111148894 5.51926947 0
vt 0 5.51926947 0
vt 0.888851166 0.0946509391 0
vt 0.899171412 0.102015272 0
vt 0.944705009 0.110941954 0
vt 1 0.104567632 0
vt 0.796940744 0.0907142386 0
vt 0.777752638 0.0812232271 0
vt 0.71980226 0.100205213 0
vt 0.749918997 0.100719735 0
vt 0.777752638 0.0812232345 0
vt 0.666630566 0.104283258 0
vt 0.568632305 0.277120709 0
vt 0.653516412 0.155181125 0
vt 0.333369911 0.290144593 0
vt 0.33403179 0.29055509 0
vt 0.223142967 6.07329937e-08 0
vt 0.231098711 0.0386821032 0
vt 0.229619503 0.110440642 0
vt 0.250972718 0.164911047 0
vt 0.316156507 0.276908308 0
vt 0.333369941 0.290144563 0
vt 0.0637977123 0.103581548 0
vt 4.18725463e-08 0.104567632 0
vt 0.0230021607 0.113249689 0
vt 0.444443375 0.366864175 0
vt 0.444603354 0.366828442 0
vt 0.47616607 0.34372887 0
vt 0.547135353 0.300251842 0
vt 0.33403182 0.29055512 0
vt 0.420407772 0.354222834 0
vt 0.43762356 0.364986062 0
vt 0.444443434 0.366864204 0
vt 0.444443405 0.286998987 0
vt 0.444443345 0.100696504 0
vt 0.511559188 0.0499456711 0
vt 0.554218173 1.58231135e-08 0
vt 0.555557013 0 0
vt 0.555557013 0.286998987 0
vt 1 0.286998987 0
vt 1 0.597721994 0
vt 0.888851166 0.597721994 0
vt 0.888851166 0.286998987 0
vt 0.777752638 0.597721994 0
vt 0.777752638 0.286998987 0
vt 0.666630566 0.597721994 0
vt 0.666630566 0.286998987 0
vt 0.555557013 0.597721994 0
vt 0.444443405 0.597721994 0
vt 0.333369911 0.597721994 0
vt 0.33336997 0.29019165 0
vt 0.334847927 0.286999047 0
vt 0.111148894 0.286998987 0
vt 0.111148894 0.597721994 0
vt 0 0.597721994 0
vt 0 0.286998987 0
vt 1 0.966747701 0
vt 0.888851166 0.966747701 0
vt 0.777752638 0.966747701 0
vt 0.666630566 0.966747701 0
vt 0.555557013 0.966747701 0
vt 0.444443405 0.966747701 0
vt 0.333369911 0.966747701 0
vt 0.222247541 0.966747701 0
vt 0.222247541 0.597721994 0
vt 0.111148894 0.966747701 0
vt 0 0.966747701 0
vt 1 1.36652327 0
vt 0.888851166 1.36652327 0
vt 0.777752638 1.36652327 0
vt 0.666630566 1.36652327 0
vt 0.555557013 1.36652327 0
vt 0.444443405 1.36652327 0
vt 0.333369911 1.36652327 0
vt 0.222247541 1.36652327 0
vt 0.111148894 1.36652327 0
vt 0 1.36652327 0
vt 1 1.8167752 0
vt 0.888851166 1.8167752 0
vt 0.777752638 1.8167752 0
vt 0.666630566 1.8167752 0
vt 0.555557013 1.8167752 0
vt 0.444443405 1.8167752 0
vt 0.333369911 1.8167752 0
vt 0.222247541 1.8167752 0
vt 0.111148894 1.8167752 0
vt 0 1.8167752 0
vt 1 2.39762163 0
vt 0.888851166 2.39762163 0
vt 0.777752638 2.39762163 0
vt 0.666630566 2.39762163 0
vt 0.555557013 2.39762163 0
vt 0.444443405 2.39762163 0
vt 0.333369911 2.39762163 0
vt 0.222247541 2.39762163 0
vt 0.111148894 2.39762163 0
vt 0 2.39762163 0
vt 1 3.06355166 0
vt 0.888851166 3.06355166 0
vt 0.777752638 3.06355166 0
vt 0.666630566 3.06355166 0
vt 0.555557013 3.06355166 0
vt 0.444443405 3.06355166 0
vt 0.333369911 3.06355166 0
vt 0.222247541 3.06355166 0
vt 0.111148894 3.06355166 0
vt 0 3.06355166 0
vt 1 3.83409095 0
vt 0.888851166 3.83409095 0
vt 0.777752638 3.83409095 0
vt 0.666630566 3.83409095 0
vt 0.555557013 3.83409095 0
vt 0.444443405 3.83409095 0
vt 0.333369911 3.83409095 0
vt 0.222247541 3.83409095 0
vt 0.111148894 3.83409095 0
vt 0 3.83409095 0
vt 1 4.77310896 0
vt 0.888851166 4.77310896 0
vt 0.777752638 4.77310896 0
vt 0.666630566 4.77310896 0
vt 0.555557013 4.77310896 0
vt 0.444443405 4.77310896 0
vt 0.333369911 4.77310896 0
vt 0.222247541 4.77310896 0
vt 0.111148894 4.77310896 0
vt 0 4.77310896 0
vt 1 5.40049076 0
vt 0.888851166 5.40049076 0
vt 0.777752638 5.40049076 0
vt 0.666630566 5.40049076 0
vt 0.555557013 5.40049076 0
vt 0.444443405 5.40049076 0
vt 0.333369911 5.40049076 0
vt 0.222247541 5.40049076 0
vt 0.111148894 5.40049076 0
vt 0 5.40049076 0
vt 0.95510757 0.0972000733 0
vt 0.961176038 0.0996790156 0
vt 0.967535257 0.101578608 0
vt 1 0.0600855909 0
vt 0.888851225 0.0842115581 0
vt 0.79617238 0.109062463 0
vt 0.82859844 0.104933754 0
vt 0.888851166 0.0842115656 0
vt 0.777752638 0.10427814 0
vt 0.666630566 0.102446251 0
vt 0.692903996 0.112016223 0
vt 0.565237641 0.0336423069 0
vt 0.579439163 0.0481134243 0
vt 0.664174795 0.103080384 0
vt 0.666630566 0.102446243 0
vt 0.555915713 4.56945983e-08 0
vt 0.334847927 0.286999017 0
vt 0.371971369 0.242707372 0
vt 0.414434701 0.166608378 0
vt 0.444237649 0.101732388 0
vt 0.444443345 0.100696512 0
vt 0.111148894 0.251200527 0
vt 0.112785958 0.253864169 0
vt 0.14102526 0.286998928 0
vt -1.19242616e-08 0.0600855909 0
vt 0.0175283514 0.131400481 0
vt 0.222247541 0.389375627 0
vt 0.274441808 0.414032519 0
vt 0.28659001 0.396348655 0
vt 0.303307235 0.352946401 0
vt 0.333369941 0.29019165 0
vt 0.142163053 0.288956672 0
vt 0.192398146 0.353611231 0
vt 0.222247556 0.389375657 0
vt 0.14102526 0.286998898 0
vt 1 0.321643293 0
vt 1 0.68209362 0
vt 0.888851166 0.68209362 0
vt 0.888851166 0.321643293 0
vt 0.777752638 0.68209362 0
vt 0.777752638 0.422965527 0
vt 0.816220403 0.360522479 0
vt 0.848847389 0.321643382 0
vt 0.555557013 0.321643293 0
vt 0.555557013 0.68209362 0
vt 0.444443405 0.68209362 0
vt 0.444443405 0.321643293 0
vt 0.333369911 0.68209362 0
vt 0.333369911 0.321643293 0
vt 0.222247541 0.68209362 0
vt 0.222247541 0.321643293 0
vt 0.111148894 0.68209362 0
vt 0.111148894 0.321643293 0
vt 0 0.68209362 0
vt 0 0.321643293 0
vt 1 1.07827437 0
vt 0.888851166 1.07827437 0
vt 0.777752638 1.07827437 0
vt 0.666630566 1.07827437 0
vt 0.666630566 0.68209362 0
vt 0.555557013 1.07827437 0
vt 0.444443405 1.07827437 0
vt 0.333369911 1.07827437 0
vt 0.222247541 1.07827437 0
vt 0.111148894 1.07827437 0
vt 0 1.07827437 0
vt 1 1.55669057 0
vt 0.888851166 1.55669057 0
vt 0.777752638 1.55669057 0
vt 0.666630566 1.55669057 0
vt 0.555557013 1.55669057 0
vt 0.444443405 1.55669057 0
vt 0.333369911 1.55669057 0
vt 0.222247541 1.55669057 0
vt 0.111148894 1.55669057 0
vt 0 1.55669057 0
vt 1 2.0498085 0
vt 0.888851166 2.0498085 0
vt 0.777752638 2.0498085 0
vt 0.666630566 2.0498085 0
vt 0.555557013 2.0498085 0
vt 0.444443405 2.0498085 0
vt 0.333369911 2.0498085 0
vt 0.222247541 2.0498085 0
vt 0.111148894 2.0498085 0
vt 0 2.0498085 0
vt 1 2.694664 0
vt 0.888851166 2.694664 0
vt 0.777752638 2.694664 0
vt 0.666630566 2.694664 0
vt 0.555557013 2.694664 0
vt 0.444443405 2.694664 0
vt 0.333369911 2.694664 0
vt 0.222247541 2.694664 0
vt 0.111148894 2.694664 0
vt 0 2.694664 0
vt 1 3.36880875 0
vt 0.888851166 3.36880875 0
vt 0.777752638 3.36880875 0
vt 0.666630566 3.36880875 0
vt 0.555557013 3.36880875 0
vt 0.444443405 3.36880875 0
vt 0.333369911 3.36880875 0
vt 0.222247541 3.36880875 0
vt 0.111148894 3.36880875 0
vt 0 3.36880875 0
vt 1 4.16438723 0
vt 0.888851166 4.16438723 0
vt 0.777752638 4.16438723 0
vt 0.666630566 4.16438723 0
vt 0.555557013 4.16438723 0
vt 0.444443405 4.16438723 0
vt 0.333369911 4.16438723 0
vt 0.222247541 4.16438723 0
vt 0.111148894 4.16438723 0
vt 0 4.16438723 0
vt 1 4.36225319 0
vt 0.888851166 4.36225319 0
vt 0.777752638 4.36225319 0
vt 0.666630566 4.36225319 0
vt 0.555557013 4.36225319 0
vt 0.444443405 4.36225319 0
vt 0.333369911 4.36225319 0
vt 0.222247541 4.36225319 0
vt 0.111148894 4.36225319 0
vt 0 4.36225319 0
vt 1 5.48723173 0
vt 0.888851166 5.48723173 0
vt 0.777752638 5.48723173 0
vt 0.666630566 5.48723173 0
vt 0.555557013 5.48723173 0
vt 0.444443405 5.48723173 0
vt 0.333369911 5.48723173 0
vt 0.222247541 5.48723173 0
vt 0.111148894 5.48723173 0
vt 0 5.48723173 0
vt 1 7.00000048 0
vt 0.888851166 7.00000048 0
vt 0.777752638 7.00000048 0
vt 0.666630566 7.00000048 0
vt 0.555557013 7.00000048 0
vt 0.444443405 7.00000048 0
vt 0.333369911 7.00000048 0
vt 0.222247541 7.00000048 0
vt 0.111148894 7.00000048 0
vt 0 7.00000048 0
vt 0.888851285 0.242571086 0
vt 0.973038256 0.0872621313 0
vt 0.986755967 0.0401582122 0
vt 0.992412686 8.75809079e-08 0
vt 0.865256011 0.300564647 0
vt 0.888109326 0.245971069 0
vt 0.888851166 0.242571086 0
vt 0.555557072 0.238978505 0
vt 0.606209219 0.321643382 0
vt 0.485271573 0.165707976 0
vt 0.444443375 0.0587875843 0
vt 0.447078556 0.0627830476 0
vt 0.390637368 0.108534709 0
vt 0.411503524 0.120319054 0
vt 0.422705114 0.119734854 0
vt 0.439944267 0.0689385384 0
vt 0.444443405 0.0587875843 0
vt 0.333369941 0.0791496187 0
vt 0.222247556 0.0795195624 0
vt 0.25614655 0.0980962962 0
vt 0.278537631 0.0988233611 0
vt 0.333369911 0.0791496187 0
vt 0.130614817 0.0950029492 0
vt 0.150135726 0.0978819728 0
vt 0.222247526 0.0795195624 0
vt 0.111148864 0.062975876 0
vt 0.0052340054 5.32941229e-08 0
vt 0.0124638276 0.0555481389 0
vt 0.014477347 0.0576606877 0
vt 0.111148834 0.0629758835 0
vt 0.666630566 0.426561594 0
vt 0.729595423 0.452578813 0
vt 0.756695509 0.443987429 0
vt 0.777752578 0.422965527 0
vt 0.623524308 0.376977086 0
vt 0.631006598 0.38762176 0
vt 0.606209159 0.321643412 0
vt 0.617767274 0.353420466 0
vt 1 0.389956325 0
vt 0.888851166 0.389956325 0
vt 0.888851166 0 0
vt 0.777752638 0.389956325 0
vt 0.777752638 4.32938491e-17 0
vt 0.888851166 4.32938491e-17 0
vt 0.876834929 0.00460010022 0
vt 0.844098568 0.0142838769 0
vt 0.838656127 0.027500717 0
vt 0.838906884 0.0680378452 0
vt 0.849690974 0.0735851899 0
vt 0.850356519 0.0750687495 0
vt 0.853141665 0.0750150308 0
vt 0.853801847 0.0742353126 0
vt 0.876652837 0.0309852175 0
vt 0.878677309 0.014945467 0
vt 0.666630566 0.389956325 0
vt 0.666630507 0.0702252164 0
vt 0.670124292 0.0494543873 0
vt 0.666630566 0.0429412983 0
vt 0.753927469 7.55825624e-08 0
vt 0.728250921 0.0224933662 0
vt 0.744610012 0.0339125767 0
vt 0.751273155 0.0326983519 0
vt 0.763452888 0.0354636908 0
vt 0.763401449 0.0294779018 0
vt 0.760295093 4.01812983e-08 0
vt 0.777752638 0 0
vt 1 0.827055097 0
vt 0.888851166 0.827055097 0
vt 0.777752638 0.827055097 0
vt 0.666630566 0.827055097 0
vt 0.555557013 0.827055097 0
vt 0.555557013 0.389956325 0
vt 0.444443405 0.827055097 0
vt 0.444443405 0.389956325 0
vt 0.333369911 0.827055097 0
vt 0.333369911 0.389956325 0
vt 0.222247541 0.827055097 0
vt 0.222247541 0.389956325 0
vt 0.111148894 0.827055097 0
vt 0.111148894 0.389956325 0
vt 0 0.827055097 0
vt 0 0.389956325 0
vt 1 1.32903051 0
vt 0.888851166 1.32903051 0
vt 0.777752638 1.32903051 0
vt 0.666630566 1.32903051 0
vt 0.555557013 1.32903051 0
vt 0.444443405 1.32903051 0
vt 0.333369911 1.32903051 0
vt 0.222247541 1.32903051 0
vt 0.111148894 1.32903051 0
vt 0 1.32903051 0
vt 1 1.83083868 0
vt 0.888851166 1.83083868 0
vt 0.777752638 1.83083868 0
vt 0.666630566 1.83083868 0
vt 0.555557013 1.83083868 0
vt 0.444443405 1.83083868 0
vt 0.333369911 1.83083868 0
vt 0.222247541 1.83083868 0
vt 0.111148894 1.83083868 0
vt 0 1.83083868 0
vt 1 2.52155089 0
vt 0.888851166 2.52155089 0
vt 0.777752638 2.52155089 0
vt 0.666630566 2.52155089 0
vt 0.555557013 2.52155089 0
vt 0.444443405 2.52155089 0
vt 0.333369911 2.52155089 0
vt 0.222247541 2.52155089 0
vt 0.111148894 2.52155089 0
vt 0 2.52155089 0
vt 1 3.26729441 0
vt 0.888851166 3.26729441 0
vt 0.777752638 3.26729441 0
vt 0.666630566 3.26729441 0
vt 0.555557013 3.26729441 0
vt 0.444443405 3.26729441 0
vt 0.333369911 3.26729441 0
vt 0.222247541 3.26729441 0
vt 0.111148894 3.26729441 0
vt 0 3.26729441 0
vt 1 4.06050253 0
vt 0.888851166 4.06050253 0
vt 0.777752638 4.06050253 0
vt 0.666630566 4.06050253 0
vt 0.555557013 4.06050253 0
vt 0.444443405 4.06050253 0
vt 0.333369911 4.06050253 0
vt 0.222247541 4.06050253 0
vt 0.111148894 4.06050253 0
vt 0 4.06050253 0
vt 1 4.92648649 0
vt 0.888851166 4.92648649 0
vt 0.777752638 4.92648649 0
vt 0.666630566 4.92648649 0
vt 0.555557013 4.92648649 0
vt 0.444443405 4.92648649 0
vt 0.333369911 4.92648649 0
vt 0.222247541 4.92648649 0
vt 0.111148894 4.92648649 0
vt 0 4.92648649 0
vt 1 6.08519363 0
vt 0.888851166 6.08519363 0
vt 0.777752638 6.08519363 0
vt 0.666630566 6.08519363 0
vt 0.555557013 6.08519363 0
vt 0.444443405 6.08519363 0
vt 0.333369911 6.08519363 0
vt 0.222247541 6.08519363 0
vt 0.111148894 6.08519363 0
vt 0 6.08519363 0
vt 0.555557013 0.33909443 0
vt 0.565147042 0.341288805 0
vt 0.645985186 0.211680621 0
vt 0.666630566 0.0702252164 0
vt 0.655436158 -1.38517009e-07 0
vt 0.444443405 0.230064139 0
vt 0.384305716 0.16438444 0
vt 0.444443405 0.230064124 0
vt 0.333369941 0.107939854 0
vt 0.296669543 0.0901674107 0
vt 0.300103247 0.0920950845 0
vt 0.333369941 0.107939862 0
vt 0.222247541 0.0865170583 0
vt 0.232996017 0.0903309807 0
vt 0.292122662 0.0852391794 0
vt 0.111148886 0.107233845 0
vt 0.218970969 0.0892955884 0
vt 0.00123369857 0.000439450581 0
vt 0.0112875458 0.0329649597 0
vt 0.090211384 0.133260682 0
vt 0.0904349387 0.133423671 0
vt 0.0906322896 0.133479387 0
vt 0.0907696933 0.133446753 0
vt 0.111148864 0.107233852 0
vt 0.00116908341 -8.73603128e-08 0
vt 1 0.354145408 0
vt 1 0.748187125 0
vt 0.888851166 0.748187125 0
vt 0.888851166 0.354145408 0
vt 0.777752638 0.748187125 0
vt 0.777752638 0.354145408 0
vt 0.666630566 0.748187125 0
vt 0.666630566 0.460208476 0
vt 0.684469581 0.382277071 0
vt 0.668705761 0.354145437 0
vt 0.222247541 0.354145408 0
vt 0.222247541 0.748187125 0
vt 0.111148894 0.748187125 0
vt 0.111148894 0.354145408 0
vt 0 0.748187125 0
vt 0 0.354145408 0
vt 1 1.2031492 0
vt 0.888851166 1.2031492 0
vt 0.777752638 1.2031492 0
vt 0.666630566 1.2031492 0
vt 0.555557013 1.2031492 0
vt 0.555557013 0.748187125 0
vt 0.444443405 1.2031492 0
vt 0.444443405 0.748187125 0
vt 0.333369911 1.2031492 0
vt 0.333369911 0.748187125 0
vt 0.222247541 1.2031492 0
vt 0.111148894 1.2031492 0
vt 0 1.2031492 0
vt 1 1.68539178 0
vt 0.888851166 1.68539178 0
vt 0.777752638 1.68539178 0
vt 0.666630566 1.68539178 0
vt 0.555557013 1.68539178 0
vt 0.444443405 1.68539178 0
vt 0.333369911 1.68539178 0
vt 0.222247541 1.68539178 0
vt 0.111148894 1.68539178 0
vt 0 1.68539178 0
vt 1 2.25591588 0
vt 0.888851166 2.25591588 0
vt 0.777752638 2.25591588 0
vt 0.666630566 2.25591588 0
vt 0.555557013 2.25591588 0
vt 0.444443405 2.25591588 0
vt 0.333369911 2.25591588 0
vt 0.222247541 2.25591588 0
vt 0.111148894 2.25591588 0
vt 0 2.25591588 0
vt 1 2.92847848 0
vt 0.888851166 2.92847848 0
vt 0.777752638 2.92847848 0
vt 0.666630566 2.92847848 0
vt 0.555557013 2.92847848 0
vt 0.444443405 2.92847848 0
vt 0.333369911 2.92847848 0
vt 0.222247541 2.92847848 0
vt 0.111148894 2.92847848 0
vt 0 2.92847848 0
vt 1 3.74906254 0
vt 0.888851166 3.74906254 0
vt 0.777752638 3.74906254 0
vt 0.666630566 3.74906254 0
vt 0.555557013 3.74906254 0
vt 0.444443405 3.74906254 0
vt 0.333369911 3.74906254 0
vt 0.222247541 3.74906254 0
vt 0.111148894 3.74906254 0
vt 0 3.74906254 0
vt 1 4.78231525 0
vt 0.888851166 4.78231525 0
vt 0.777752638 4.78231525 0
vt 0.666630566 4.78231525 0
vt 0.555557013 4.78231525 0
vt 0.444443405 4.78231525 0
vt 0.333369911 4.78231525 0
vt 0.222247541 4.78231525 0
vt 0.111148894 4.78231525 0
vt 0 4.78231525 0
vt 1 6.16438246 0
vt 0.888851166 6.16438246 0
vt 0.777752638 6.16438246 0
vt 0.666630566 6.16438246 0
vt 0.555557013 6.16438246 0
vt 0.444443405 6.16438246 0
vt 0.333369911 6.16438246 0
vt 0.222247541 6.16438246 0
vt 0.111148894 6.16438246 0
vt 0 6.16438246 0
vt 0.920441866 0.0850487947 0
vt 0.99125433 0.0681060106 0
vt 1 0.0564342439 0
vt 0.888851166 0.0980619341 0
vt 0.781949759 0.0502469279 0
vt 0.844793499 0.150340095 0
vt 0.871659875 0.148322359 0
vt 0.777752638 0.0411704592 0
vt 0.666630626 0.35083434 0
vt 0.666630566 0.33093819 0
vt 0.74087739 0.164685756 0
vt 0.776233137 0.0485189296 0
vt 0.668705821 0.354145437 0
vt 0.664536059 0.344744384 0
vt 0.666630626 0.33093819 0
vt 0.666630566 0.35083434 0
vt 0.222247526 0.223260567 0
vt 0.245067 0.354145467 0
vt 0.111148886 0.0726475418 0
vt 0.114355363 0.0789392143 0
vt 0.115317062 0.0819120258 0
vt 0.117976025 0.0867229626 0
vt 0.222247511 0.223260567 0
vt 6.98542024e-09 0.0564342402 0
vt 0.00284958049 0.0585929789 0
vt 0.111148894 0.0726475418 0
vt 0.555557013 0.652385473 0
vt 0.564962864 0.651473463 0
vt 0.655515611 0.537249148 0
vt 0.666630566 0.460208416 0
vt 0.444443405 0.569782257 0
vt 0.345299572 0.477896333 0
vt 0.444443345 0.569782257 0
vt 0.333369911 0.461665511 0
vt 0.267377257 0.407756478 0
vt 0.267965555 0.408001959 0
vt 0.272350162 0.410554856 0
vt 0.304405928 0.417126536 0
vt 0.305241704 0.418253839 0
vt 0.292953789 0.43160677 0
vt 0.326003283 0.45966655 0
vt 0.333369941 0.461665511 0
vt 0.245067015 0.354145497 0
vt 0.261766106 0.3958112 0
vt 0.666630566 0.354145408 0
vt 0.663109958 0.354145318 0
vt 0.555556953 0.375917614 0
vt 0.57965523 0.381273985 0
vt 0.64939189 0.419721663 0
vt 0.649371564 0.377856672 0
vt 0.663340092 0.370578408 0
vt 0.663109899 0.354145288 0
vt 0.457237601 0.416151226 0
vt 0.475616574 0.396889806 0
vt 0.500772417 0.398316413 0
vt 0.538582325 0.383903801 0
vt 0.555557072 0.375917584 0
vt 0.444443434 0.41297856 0
vt 0.333369881 0.423462659 0
vt 0.366209775 0.432001173 0
vt 0.387328506 0.414563566 0
vt 0.40523392 0.40701887 0
vt 0.309556186 0.424073756 0
vt 0.333369911 0.423462689 0
vt 0.444443375 0.0799087882 0
vt 0.457351476 0.0709365308 0
vt 0.482973427 0.0509255119 0
vt 0.545509696 0.012796497 0
vt 0.552131772 -1.06422938e-07 0
vt 0.333369941 0.0903745219 0
vt 0.340548992 0.100913674 0
vt 0.343649417 0.101108514 0
vt 0.359040439 0.119451471 0
vt 0.386443973 0.127325818 0
vt 0.444443375 0.0799087733 0
vt 1 0.53583473 0
vt 1 1.28423941 0
vt 0.800000131 1.28423941 0
vt 0.800000131 0.53583473 0
vt 0.600000322 1.28423941 0
vt 0.600000322 0.53583473 0
vt 0.400000155 1.28423941 0
vt 0.400000155 0.53583473 0
vt 0.200000107 1.28423941 0
vt 0.200000107 0.53583473 0
vt 0 1.28423941 0
vt 0 0.53583473 0
vt 0.800000131 3 0
vt 0.600000322 3 0
vt 0.400000155 3 0
vt 0.200000107 3 0
vt 0.880675554 0.166208103 0
vt 0.989777088 0.176369891 0
vt 1 0.172310755 0
vt 0.800000191 0.113451719 0
vt 0.809710741 0.127982751 0
vt 0.828894854 0.14355284 0
vt 0.601366162 0.0508375056 0
vt 0.661139667 0.195405558 0
vt 0.670155048 0.190584108 0
vt 0.800000072 0.113451749 0
vt 0.600000262 0.0490059257 0
vt 0.424299955 0.224486426 0
vt 0.542914748 0.163823158 0
vt 0.596269131 0.0551353619 0
vt 0.600000322 0.0490059219 0
vt 0.400000334 0.213650361 0
vt 0.258861363 0.343942314 0
vt 0.303824067 0.304303497 0
vt 0.390503407 0.243694723 0
vt 0.400000155 0.213650391 0
vt 0.200000137 0.358588904 0
vt -2.67095572e-08 0.172310755 0
vt 0.00759198191 0.18565543 0
vt 0.101957247 0.314415365 0
vt 0.184407085 0.34922272 0
vt 0.200000003 0.358588874 0
vt 1 0.930261254 0
vt 1 2.68266582 0
vt 0.800000131 2.68266582 0
vt 0.800000131 0.930261254 0
vt 0.600000322 2.68266582 0
vt 0.600000322 0.930261254 0
vt 0.400000155 2.68266582 0
vt 0.400000155 0.930261254 0
vt 0.200000107 2.68266582 0
vt 0.200000107 0.930261254 0
vt 0 2.68266582 0
vt 0 0.930261254 0
vt 0.800000131 6 0
vt 0.600000322 6 0
vt 0.400000155 6 0
vt 0.200000107 6 0
vt 0.800000727 0.190745279 0
vt 0.884925008 0.189398155 0
vt 0.89321661 0.198055431 0
vt 1.00000072 0.138204291 0
vt 0.600000203 0.492048472 0
vt 0.618414998 0.49506101 0
vt 0.649498582 0.46477294 0
vt 0.754061759 0.311371386 0
vt 0.761586905 0.276863694 0
vt 0.800000191 0.190745294 0
vt 0.400000572 0.235153347 0
vt 0.445714295 0.360658675 0
vt 0.461176515 0.376813203 0
vt 0.600000739 0.492048472 0
vt 0.294803888 0.229575485 0
vt 0.360331059 0.208165392 0
vt 0.40000096 0.235153839 0
vt 0.199999884 0.210340992 0
vt 0.2927562 0.230271801 0
vt 0.0814007968 0.230977863 0
vt 0.0997335464 0.218087718 0
vt 0.200000495 0.210341141 0
vt 3.21539858e-07 0.138204455 0
vt 0.0796906948 0.230014279 0
vt 1 0.600264192 0
vt 1 1.94018137 0
vt 0.800000131 1.94018137 0
vt 0.800000131 0.600264192 0
vt 0.600000322 1.94018137 0
vt 0.600000322 0.600264192 0
vt 0.400000155 1.94018137 0
vt 0.400000155 0.600264192 0
vt 0.200000107 1.94018137 0
vt 0.200000107 0.600264192 0
vt 0 1.94018137 0
vt 0 0.600264192 0
vt 1 4.99999952 0
vt 0.800000131 4.99999952 0
vt 0.600000322 4.99999952 0
vt 0.400000155 4.99999952 0
vt 0.200000107 4.99999952 0
vt 0 4.99999952 0
vt 0.800000191 0.237250239 0
vt 0.816735804 0.23245959 0
vt 1 0.180226147 0
vt 0.600000501 0.210408807 0
vt 0.631861329 0.254133016 0
vt 0.653658628 0.258382827 0
vt 0.77131772 0.258700132 0
vt 0.799999833 0.237250313 0
vt 0.484687269 0.184899852 0
vt 0.60000056 0.210408881 0
vt 0.400000274 0.282964498 0
vt 0.409514427 0.269449651 0
vt 0.222765833 0.313275307 0
vt 0.260442346 0.302900106 0
vt 0.379885197 0.298750341 0
vt 0.399999976 0.282964438 0
vt 0.200000271 0.307068557 0
vt 0.0151675735 0.18522419 0
vt 0.200000554 0.307068676 0
vt 1.16482092e-07 0.180226132 0
vt 1 2.24792075 0
vt 0.800000131 2.24792075 0
vt 0.800000131 0 0
vt 0.600000322 2.24792075 0
vt 0.60000056 0.344067991 0
vt 0.603365839 0.341611326 0
vt 0.600000143 0.330588043 0
vt 0.600000322 0 0
vt 0.200000107 0 0
vt 0.200000107 2.24792075 0
vt 0 2.24792075 0
vt 1 6.25372982 0
vt 0.800000131 6.25372982 0
vt 0.600000322 6.25372982 0
vt 0.400000155 6.25372982 0
vt 0.400000155 2.24792075 0
vt 0.200000107 6.25372982 0
vt 0 6.25372982 0
vt 1 14 0
vt 0.800000131 14 0
vt 0.600000322 14 0
vt 0.400000155 14 0
vt 0.200000107 14 0
vt 0 14 0
vt 0.525148332 0.377259105 0
vt 0.577239096 0.355568826 0
vt 0.600000679 0.344067961 0
vt 0.400000572 0.425933957 0
vt 0.423017442 0.420978427 0
vt 0.452483535 0.413171709 0
vt 0.500699162 0.389344692 0
vt 0.543234885 -1.77013067e-06 0
vt 0.60000062 0.330588013 0
vt 0.361495882 0.409479767 0
vt 0.376535267 0.416039705 0
vt 0.400000423 0.425934017 0
vt 0.269806534 -4.28249393e-07 0
vt 0.210887417 0.279547215 0
vt 0.214183792 0.289349109 0
vt 0.220000669 0.327587008 0
vt 0.229644924 0.335097671 0
vt 0.275513113 0.370813966 0
vt 0.276642501 0.371348947 0
vt 0.345348537 0.403269172 0
vt 0.353815198 0.406787127 0
vt 1 0.854281783 0
vt 1 2.21610427 0
vt 0.800000131 2.21610427 0
vt 0.800000131 0.854281783 0
vt 0.600000322 2.21610427 0
vt 0.600000322 0.854281783 0
vt 0.400000155 2.21610427 0
vt 0.400000155 0.854281783 0
vt 0.200000107 2.21610427 0
vt 0.200000107 0.854281783 0
vt 0 2.21610427 0
vt 0 0.854281783 0
vt 1 5 0
vt 0.800000131 5 0
vt 0.600000322 5 0
vt 0.400000155 5 0
vt 0.200000107 5 0
vt 0 5 0
vt 0.8886199 0.28786242 0
vt 0.979487658 0.242945746 0
vt 0.99999994 0.233145401 0
vt 0.800000072 0.216741994 0
vt 0.850994229 0.254185915 0
vt 0.700927019 0.224626198 0
vt 0.739269435 0.273438692 0
vt 0.799999416 0.216742069 0
vt 0.602612793 -8.47977333e-08 0
vt 0.614306927 0.131399646 0
vt 0.634899139 0.152847022 0
vt 0.643084466 0.211528003 0
vt 0.403193474 0.429178745 0
vt 0.480183274 0.418609709 0
vt 0.490157187 0.403482437 0
vt 0.572511196 0.361827224 0
vt 0.56957227 0.35054332 0
vt 0.569354296 0.249082714 0
vt 0.56648016 0.246163964 0
vt 0.534195006 0.174403429 0
vt 0.541516662 0.1467904 0
vt 0.584995329 0.122259915 0
vt 0.597860098 1.41692922e-07 0
vt 0.399999857 0.431368411 0
vt 0.200000182 0.402263939 0
vt 0.331584036 0.43197754 0
vt 0.400000691 0.43136853 0
vt 1.35965109e-07 0.233145386 0
vt 0.0812337771 0.353888363 0
vt 0.133044213 0.404723644 0
vt 0.161144808 0.424158871 0
vt 0.200000331 0.402263969 0
vt 1 0.626718163 0
vt 1 1.63186181 0
vt 0.800000131 1.63186181 0
vt 0.800000131 0.626718163 0
vt 0.600000322 1.63186181 0
vt 0.600000322 0.626718163 0
vt 0.400000155 1.63186181 0
vt 0.400000155 0.626718163 0
vt 0.200000107 1.63186181 0
vt 0.200000107 0.626718163 0
vt 0 1.63186181 0
vt 0 0.626718163 0
vt 1 4 0
vt 0.800000131 4 0
vt 0.600000322 4 0
vt 0.400000155 4 0
vt 0.200000107 4 0
vt 0 4 0
vt 0.80000031 0.396694154 0
vt 0.872078538 0.393218249 0
vt 0.917002261 0.355549365 0
vt 0.999999881 0.297167182 0
vt 0.645776033 0.290489286 0
vt 0.750927627 0.377343953 0
vt 0.800000012 0.396694183 0
vt 0.600000501 0.131344989 0
vt 0.400000215 0.164047927 0
vt 0.461381823 0.170304254 0
vt 0.531340361 0.220694616 0
vt 0.55720973 0.22520414 0
vt 0.600000501 0.131345034 0
vt 0.200000092 0.174678609 0
vt 0.311705112 0.184503719 0
vt 0.320338339 0.17512022 0
vt 0.400000155 0.164047942 0
vt 1.23932367e-07 0.297167122 0
vt 0.0703941509 0.228728369 0
vt 0.0889413357 0.201691121 0
vt 0.125146687 0.143609107 0
vt 0.163092613 0.169264346 0
vt 0.182187527 0.172321811 0
vt 0.199999899 0.174678594 0
vt 1 1.79867685 0
vt 1 4.32942867 0
vt 0.800000131 4.32942867 0
vt 0.800000131 1.79867685 0
vt 0.600000322 4.32942867 0
vt 0.600000322 1.79867685 0
vt 0.400000155 4.32942867 0
vt 0.400000155 1.79867685 0
vt 0.200000107 4.32942867 0
vt 0.200000107 1.79867685 0
vt 0 4.32942867 0
vt 0 1.79867685 0
vt 1 8.26134109 0
vt 0.800000131 8.26134109 0
vt 0.600000322 8.26134109 0
vt 0.400000155 8.26134109 0
vt 0.200000107 8.26134109 0
vt 0 8.26134109 0
vt 1 15 0
vt 0.800000131 15 0
vt 0.600000322 15 0
vt 0.400000155 15 0
vt 0.200000107 15 0
vt 0 15 0
vt 0.877981424 0.352628589 0
vt 1.00000024 0.173077524 0
vt 0.800000429 0.335945517 0
vt 0.828592896 0.350384623 0
vt 0.740675271 0.325452864 0
vt 0.77950263 0.332024693 0
vt 0.800000012 0.335945517 0
vt 0.600000262 0.276385993 0
vt 0.622176111 0.287780613 0
vt 0.646941602 0.299076915 0
vt 0.676537633 0.310576111 0
vt 0.710310042 0.322146654 0
vt 0.531339169 0.290578604 0
vt 0.576704085 0.281738758 0
vt 0.600000501 0.276386023 0
vt 0.399999976 0.283216208 0
vt 0.432498038 0.2843256 0
vt 0.446788788 0.287338257 0
vt 0.488315701 0.290536523 0
vt 0.516873658 0.292734236 0
vt 0.354051054 0.315987647 0
vt 0.373405874 0.306489408 0
vt 0.400000393 0.283216178 0
vt 0.199999869 0.0455434509 0
vt 0.341289937 0.314997971 0
vt 0.0198492594 0.191848651 0
vt 0.0360814966 0.189493731 0
vt 0.146404818 0.171284363 0
vt 0.156723961 0.133465946 0
vt 0.200000048 0.0455434546 0
vt 3.22381482e-08 0.173077464 0
vt 1 0.404877007 0
vt 1 0.989106297 0
vt 0.800000131 0.989106297 0
vt 0.800000131 0.404877007 0
vt 0.600000322 0.989106297 0
vt 0.600000322 0.404877007 0
vt 0.400000155 0.989106297 0
vt 0.400000155 0.404877007 0
vt 0.200000107 0.989106297 0
vt 0.200000107 0.404877007 0
vt 0 0.989106297 0
vt 0 0.404877007 0
vt 1 1.79684389 0
vt 0.800000131 1.79684389 0
vt 0.600000322 1.79684389 0
vt 0.400000155 1.79684389 0
vt 0.200000107 1.79684389 0
vt 0 1.79684389 0
vt 0.835832477 0.223221302 0
vt 0.902834952 0.257443547 0
vt 1 0.209556356 0
vt 0.800000072 0.19189477 0
vt 0.689876556 0.164978236 0
vt 0.800000191 0.19189477 0
vt 0.600000322 0.149693325 0
vt 0.666043043 0.157071292 0
vt 0.492182732 0.165841922 0
vt 0.506184936 0.160635874 0
vt 0.600000203 0.14969328 0
vt 0.400000244 0.12261574 0
vt 0.400455713 0.122767679 0
vt 0.278110534 0.104344368 0
vt 0.329097182 0.118700579 0
vt 0.400000095 0.12261574 0
vt 0.200000107 0.0505043641 0
vt 0.130608484 0.131725699 0
vt 0.200000167 0.0505043566 0
vt 4.27977369e-08 0.209556356 0
vt 0.0188675784 0.202328965 0
vt 0.100181632 0.169356406 0
vt 0.800000131 1.0579468 0
vt 0.600000322 1.0579468 0
vt 0.400000155 1.0579468 0
vt 0.400000274 0.38736701 0
vt 0.434556752 0.366393894 0
vt 0.445622802 0.362551361 0
vt 0.501397669 0.244587317 0
vt 0.50580126 0.225953847 0
vt 0.48279953 0.105715424 0
vt 0.481249511 0.0907536671 0
vt 0.399999946 0.0471033938 0
vt 0.400000155 0 0
vt 1 1.0579468 0
vt 1 2.66972923 0
vt 0.800000131 2.66972923 0
vt 0.600000322 2.66972923 0
vt 0.400000155 2.66972923 0
vt 0.200000107 2.66972923 0
vt 0.200000107 1.0579468 0
vt 0 2.66972923 0
vt 0 1.0579468 0
vt 1 5.21226311 0
vt 0.800000131 5.21226311 0
vt 0.600000322 5.21226311 0
vt 0.400000155 5.21226311 0
vt 0.200000107 5.21226311 0
vt 0 5.21226311 0
vt 1 9 0
vt 0.800000131 9 0
vt 0.600000322 9 0
vt 0.400000155 9 0
vt 0.200000107 9 0
vt 0 9 0
vt 0.832491517 2.69525941e-07 0
vt 0.825540185 0.059391208 0
vt 0.812610567 0.127714783 0
vt 0.82845068 0.216546819 0
vt 0.85289681 0.277662963 0
vt 0.929959834 0.296070367 0
vt 0.985401392 0.303300291 0
vt 1.00000048 0.298438698 0
vt 0.386760622 0.0324423946 0
vt 0.378117859 0.0207621027 0
vt 0.336281836 7.64623067e-08 0
vt 0.400000721 0.0471036732 0
vt 0.243330389 0.361714453 0
vt 0.297958314 0.372572839 0
vt 0.399999678 0.387366772 0
vt 0.200000435 0.351491779 0
vt -3.74032936e-07 0.298438817 0
vt 0.141218603 0.329142839 0
vt 0.200000495 0.351491898 0
vt 0 0.660853863 0
vt -4.4729255e-08 0.0314514115 0
vt 0.0392836966 0.0310379546 0
vt 0.0807696432 0.0269221179 0
vt 0.111202799 3.85220886e-08 0
vt 0.200000107 0.660853863 0
vt 1 0.660853863 0
vt 1 1.77893388 0
vt 0.800000131 1.77893388 0
vt 0.800000131 0.660853863 0
vt 0.600000322 1.77893388 0
vt 0.600000322 0.660853863 0
vt 0.400000155 1.77893388 0
vt 0.400000155 0.660853863 0
vt 0.200000107 1.77893388 0
vt 0 1.77893388 0
vt 0.890566945 0.0503339395 0
vt 0.917210937 0.0586062707 0
vt 1.00000012 0.0314514041 0
vt 0.800000072 0.0196798369 0
vt 0.650252461 0.0468644686 0
vt 0.799999952 0.0196798518 0
vt 0.600000322 0.033987619 0
vt 0.400000155 0.0964778438 0
vt 0.420312583 0.103656977 0
vt 0.459915042 0.1124648 0
vt 0.537092626 0.0809141323 0
vt 0.594163656 0.0576109327 0
vt 0.265779793 2.31263786e-09 0
vt 0.307926625 0.0597502589 0
vt 0.399999946 0.0964777991 0
vt 0.400000155 1.08262837 0
vt 0.400000691 0.544291019 0
vt 0.432195455 0.422644556 0
vt 0.400000572 0.487150878 0
vt 0.600000322 1.08262837 0
vt 1 1.08262837 0
vt 1 2.6428225 0
vt 0.800000131 2.6428225 0
vt 0.800000131 1.08262837 0
vt 0.600000322 2.6428225 0
vt 0.400000155 2.6428225 0
vt 0.200000107 2.6428225 0
vt 0.199999973 1.12350035 0
vt 0.262858897 1.14053953 0
vt 0.264121473 1.13986063 0
vt 0.276032835 1.13645983 0
vt 0.261886835 1.08262932 0
vt 1 4.89965916 0
vt 0.800000131 4.89965916 0
vt 0.600000322 4.89965916 0
vt 0.400000155 4.89965916 0
vt 0.200000107 4.89965916 0
vt 0 4.89965916 0
vt 0 2.6428225 0
vt 0.814543486 0.364832163 0
vt 0.905206501 0.505357623 0
vt 0.996593595 0.670141816 0
vt 1.00000072 0.668336332 0
vt 0.800000429 0.307442456 0
vt 0.650432706 -3.17352999e-07 0
vt 0.678380132 0.139594361 0
vt 0.675147176 0.256951481 0
vt 0.764433861 0.294064224 0
vt 0.799999535 0.307442456 0
vt 0.600000322 1.20195894e-16 0
vt 0.400000274 0.487150878 0
vt 0.346193731 0.360037923 0
vt 0.329178363 0.207608864 0
vt 0.273240387 0.182010576 0
vt 0.223079056 0.103440717 0
vt 0.200000122 0.122755364 0
vt 0.388346463 0.856890082 0
vt 0.385679841 0.612351835 0
vt 0.400000215 0.544291019 0
vt 0.261886686 1.08262873 0
vt 0.366751492 0.894505978 0
vt 0 1.08262837 0
vt 5.47969478e-07 0.668336213 0
vt 0.00456137117 0.689388394 0
vt 0.185640305 1.08262897 0
vt 0.155209035 -5.78265201e-07 0
vt 0.199999392 0.122755237 0
vt 0.157502174 0.00898831524 0
vt 0.179947272 1.11771774 0
vt 0.200000003 1.12350035 0
vt 0.185640037 1.08262932 0
vt 0 0.889320374 0
vt -1.68467864e-07 0.0609390736 0
vt 0.0104875732 0.0696427301 0
vt 0.0618825667 -2.50330032e-07 0
vt 0.200000107 0.889320374 0
vt 1 0.889320374 0
vt 1 2.36495256 0
vt 0.800000131 2.36495256 0
vt 0.800000131 0.889320374 0
vt 0.600000322 2.36495256 0
vt 0.600000322 0.889320374 0
vt 0.400000155 2.36495256 0
vt 0.400000155 0.889320374 0
vt 0.200000107 2.36495256 0
vt 0 2.36495256 0
vt 1 4.93168783 0
vt 0.800000131 4.93168783 0
vt 0.600000322 4.93168783 0
vt 0.400000155 4.93168783 0
vt 0.200000107 4.93168783 0
vt 0 4.93168783 0
vt 0.95981288 0.0763639361 0
vt 1.00000012 0.0609390102 0
vt 0.799999952 0.0728152618 0
vt 0.807183027 0.0751084313 0
vt 0.844228327 0.103195481 0
vt 0.734097242 0.140966117 0
vt 0.800000012 0.0728152916 0
vt 0.600000203 0.28394264 0
vt 0.474081188 0.339170963 0
vt 0.53881669 0.320111781 0
vt 0.600000501 0.283942729 0
vt 0.400000215 0.371094197 0
vt 0.280138195 0.104468107 0
vt 0.333061129 0.216701329 0
vt 0.383256137 0.354717314 0
vt 0.400000006 0.371094137 0
vt 0.29476285 -2.51921399e-08 0
vt 0.800000131 0.476556271 0
vt 0.600000322 0.476556271 0
vt 0.400000155 0.476556271 0
vt 0.400000125 0.216263548 0
vt 0.411016464 0.222234115 0
vt 0.45795095 0.200725108 0
vt 0.520975113 0.17224136 0
vt 0.540964186 0.119738474 0
vt 0.578348637 0.037423972 0
vt 0.57674098 0.00567589747 0
vt 0.575783789 -1.70758856e-08 0
vt 1 0.476556271 0
vt 1 1.05487025 0
vt 0.800000131 1.05487025 0
vt 0.600000322 1.05487025 0
vt 0.400000155 1.05487025 0
vt 0.200000107 1.05487025 0
vt 0.200000107 0.476556271 0
vt 0 1.05487025 0
vt 0 0.476556271 0
vt 1 1.79769707 0
vt 0.800000131 1.79769707 0
vt 0.600000322 1.79769707 0
vt 0.400000155 1.79769707 0
vt 0.200000107 1.79769707 0
vt 0 1.79769707 0
vt 0.890876174 0.183044612 0
vt 1 0.224841624 0
vt 0.99999994 0.137276158 0
vt 0.92927748 0.12220753 0
vt 0.9027192 0.0985628292 0
vt 0.880263567 0.160369083 0
vt 0.888983488 0.178326696 0
vt 0.252247393 0.192200929 0
vt 0.400000036 0.216263518 0
vt 0.200000197 0.194508716 0
vt 0.0524724275 1.94068264e-08 0
vt 4.91409615e-08 0.137276158 0
vt 0 5.29083745e-17 0
vt 0.0346793048 0.229709178 0
vt 0.17266728 0.192282379 0
vt 0.200000167 0.194508746 0
vt -8.89147174e-08 0.224841624 0
vt 0.021881856 0.22788097 0
vt 0.200000107 1.24425483 0
vt 0.259856045 0.370837152 0
vt 0.254045308 0.385678291 0
vt 0.259296417 0.403389424 0
vt 0.259696007 0.407148451 0
vt 0.287948996 0.382240772 0
vt 0.262004942 0.371860802 0
vt 0.400000155 1.24425483 0
vt 0 1.24425483 0
vt 1.41298969e-07 0.864765525 0
vt 0.130425334 0.410773903 0
vt 0.013815186 0.0219302103 0
vt 0.00263946247 -4.52991713e-07 0
vt 1 1.24425483 0
vt 1 3.1829164 0
vt 0.800000131 3.1829164 0
vt 0.800000131 1.24425483 0
vt 0.600000322 3.1829164 0
vt 0.600000322 1.24425483 0
vt 0.400000155 3.1829164 0
vt 0.200000107 3.1829164 0
vt 0 3.1829164 0
vt 1 6.13261795 0
vt 0.800000131 6.13261795 0
vt 0.600000322 6.13261795 0
vt 0.400000155 6.13261795 0
vt 0.200000107 6.13261795 0
vt 0 6.13261795 0
vt 1 11 0
vt 0.800000131 11 0
vt 0.600000322 11 0
vt 0.400000155 11 0
vt 0.200000107 11 0
vt 0 11 0
vt 0.82284081 1.01437223 0
vt 0.879155278 1.00352931 0
vt 0.983662605 0.963366807 0
vt 0.997913063 0.871314168 0
vt 0.999999762 0.864765525 0
vt 0.80000025 0.986277938 0
vt 0.608298063 0.498986959 0
vt 0.630583286 0.57340765 0
vt 0.800000429 0.986277997 0
vt 0.60000056 0.450384349 0
vt 0.600000322 1.38140036e-16 0
vt 0.773177385 1.97227294e-07 0
vt 0.627305031 0.278535038 0
vt 0.614062548 0.318374157 0
vt 0.600000739 0.353724599 0
vt 0.60000056 0.353724658 0
vt 0.585713148 0.342417359 0
vt 0.580154955 0.335313588 0
vt 0.462317675 0.366945475 0
vt 0.579235554 0.451745242 0
vt 0.589803696 0.461685598 0
vt 0.600000441 0.450384378 0
vt 0.400000155 6.66427126e-17 0
vt 0.600000322 6.66427126e-17 0
vt 0.600000322 1.05550349 0
vt 0.613255382 0.697163463 0
vt 0.613467693 0.696973741 0
vt 0.61336273 0.696131706 0
vt 0.613266468 0.696263134 0
vt 0.61324054 0.696959615 0
vt 0.613251984 0.697123945 0
vt 0.800000131 1.05550349 0
vt 1 1.05550349 0
vt 1 2.48738289 0
vt 0.800000131 2.48738289 0
vt 0.600000322 2.48738289 0
vt 0.400000155 2.48738289 0
vt 0.400000125 1.39377868 0
vt 0.472996801 1.19231308 0
vt 0.488599122 1.05550408 0
vt 1 4.49566841 0
vt 0.800000131 4.49566841 0
vt 0.600000322 4.49566841 0
vt 0.400000155 4.49566841 0
vt 0.200000107 4.49566841 0
vt 0.200000286 3.13316631 0
vt 0.211176962 3.05581212 0
vt 0.283627659 2.48738265 0
vt 0.800000131 8 0
vt 0.600000322 8 0
vt 0.400000155 8 0
vt 0.200000107 8 0
vt 0 4.49566841 0
vt 1 0.463202864 0
vt 0.938528776 0.496914804 0
vt 0.915939927 0.411032468 0
vt 0.884697676 0.682159126 0
vt 0.917874455 0.727431893 0
vt 0.923572242 0.735526323 0
vt 1 0.743356824 0
vt 0.574098706 0.695715845 0
vt 0.541288555 3.15724407e-07 0
vt 0.488599032 1.05550396 0
vt 0.550916195 0.861686587 0
vt 0.558829129 0.807589769 0
vt 0 1.05550349 0
vt 1.13615336e-07 0.743356764 0
vt 0.0860565528 1.05550301 0
vt 0.0302679054 0.021110354 0
vt -4.58504701e-08 0.463202864 0
vt 0.0311662816 7.70742929e-07 0
vt 0.225277439 2.26403213 0
vt 0.400000155 1.39377856 0
vt 0.283627629 2.48738289 0
vt 0.0893243924 1.50615478 0
vt 0.0978040695 1.81522238 0
vt 0.16862075 2.26846504 0
vt 0.0878866613 2.48738217 0
vt 0 2.48738289 0
vt 0.0860567465 1.05550289 0
vt 0.0792368501 1.16740954 0
vt 0.087886557 2.48738194 0
vt 0.146951661 3.1019001 0
vt 0.199999914 3.13316655 0
vt 1 0.561190844 0
vt 1 1.12677824 0
vt 0.800000131 1.12677824 0
vt 0.800000131 0.561190844 0
vt 0.600000322 1.12677824 0
vt 0.600000322 0.561190844 0
vt 0.400000155 1.12677824 0
vt 0.400000155 0.561190844 0
vt 0.200000107 1.12677824 0
vt 0.200000107 0.561190844 0
vt 0 1.12677824 0
vt 0 0.561190844 0
vt 1 2.37030745 0
vt 0.800000131 2.37030745 0
vt 0.600000322 2.37030745 0
vt 0.400000155 2.37030745 0
vt 0.200000107 2.37030745 0
vt 0 2.37030745 0
vt 1 3.99999976 0
vt 0.800000131 3.99999976 0
vt 0.600000322 3.99999976 0
vt 0.400000155 3.99999976 0
vt 0.200000107 3.99999976 0
vt 0 3.99999976 0
vt 0.812487721 0.193222746 0
vt 0.844263315 0.203082681 0
vt 0.92843473 0.212985247 0
vt 0.962104917 0.179943562 0
vt 1 0.150394216 0
vt 0.800000191 0.180524632 0
vt 0.629805326 0.261441797 0
vt 0.799999952 0.180524752 0
vt 0.600000322 0.176384822 0
vt 0.492018044 0.205231428 0
vt 0.52339977 0.196871117 0
vt 0.600000381 0.176384822 0
vt 0.400000155 0.146146014 0
vt 0.347319126 0.132679388 0
vt 0.400000155 0.146146029 0
vt 0.200000107 0.118733212 0
vt 0.216366574 0.12339969 0
vt 0.306630671 0.154564872 0
vt 1.17979489e-07 0.150394216 0
vt 0.0844523609 0.138843939 0
vt 0.0887291357 0.132182062 0
vt 0.108079404 0.115110576 0
vt 0.160782009 0.11458119 0
vt 0.200000077 0.118733197 0
vt 0.800000131 1.20195894e-16 0
vt 0.200000107 1.08262837 0
vt 0.200000107 5.29083745e-17 0
vn -0.70002228 0.672630131 0.23986955
vn -0.826983333 0.511673689 -0.232998952
vn -0.664496958 0.437327296 -0.605960965
vn -0.295114756 0.309210956 -0.904044151
vn 0.432921022 0.532447338 -0.727378428
vn 0.873937845 0.399273008 -0.277152956
vn 0.901271403 0.403675109 0.157341391
vn 0.567095816 0.394970477 0.722772956
vn -0.0835973024 0.570070624 0.817331553
vn -0.713354111 0.609902024 0.34517467
vn -0.890888572 0.433425725 -0.135865867
vn -0.756843269 0.359291703 -0.545983315
vn -0.392249614 0.257800579 -0.882994413
vn 0.36027807 0.469053358 -0.806342781
vn 0.853881061 0.346225739 -0.388606519
vn 0.937589765 0.343964845 0.0511232279
vn 0.655663013 0.347726703 0.670217872
vn 0.00215924392 0.512410522 0.858737886
vn -0.649128497 0.476097584 0.593264937
vn -0.948941886 0.283313453 0.138718531
vn -0.9188115 0.198167399 -0.341343373
vn -0.604100108 0.135364279 -0.785327613
vn 0.13394773 0.285352707 -0.949016273
vn 0.740900099 0.216061756 -0.63591212
vn 0.954338074 0.215752319 -0.20661512
vn 0.818770766 0.268387049 0.5075261
vn 0.210543364 0.411091447 0.886947215
vn -0.423183501 0.399835587 0.813048184
vn -0.868460476 0.226309925 0.44108963
vn -0.984909177 0.149674922 -0.0868982896
vn -0.758912504 0.109553456 -0.64191103
vn -0.107083283 0.189387828 -0.976045847
vn 0.548419237 0.143024966 -0.82388109
vn 0.887623429 0.148340121 -0.436027199
vn 0.915785968 0.243041202 0.319792241
vn 0.410618812 0.367660254 0.834396839
vn -0.0656528696 0.256310135 0.964362323
vn -0.667369068 0.148173377 0.729837775
vn -0.977998018 0.100111611 0.183023572
vn -0.881578505 0.0954555646 -0.462285101
vn -0.344218105 0.125589639 -0.930452168
vn 0.310866922 0.0986327007 -0.945321739
vn 0.776878536 0.106667675 -0.62054956
vn 0.971467435 0.194890574 0.135161713
vn 0.599338353 0.264262706 0.755618155
vn 0.27291432 0.124132194 0.95399636
vn -0.398762286 0.0784104988 0.913696051
vn -0.895750523 0.0305694137 0.443504632
vn -0.97290194 0.00633694883 -0.231131196
vn -0.590667903 0.0124637932 -0.806818485
vn 0.0569368862 0.0389664322 -0.997617066
vn 0.620308399 0.0690118596 -0.781316161
vn 0.985120952 0.14395155 -0.0938863829
vn 0.766350508 0.16260007 0.621504724
vn 0.517109752 0.0371076465 0.8551144
vn -0.148200154 0.0461186916 0.987881541
vn -0.746744096 0.0464994535 0.663484097
vn -0.998614669 0.0507649072 0.013850078
vn -0.783050358 0.0469799042 -0.620181441
vn -0.193866834 0.0449939258 -0.979995489
vn 0.428241998 0.0363823585 -0.902931452
vn 0.925409496 0.0630323291 -0.37368986
vn 0.914598107 0.0614620335 0.399665833
vn 0.708629191 -0.0351970717 0.704702675
vn 0.111381926 -0.0324518606 0.993247688
vn -0.549823463 -0.00230765319 0.835277796
vn -0.962850451 0.0520388857 0.264973521
vn -0.911974728 0.0840176195 -0.40155071
vn -0.44313103 0.0876960531 -0.892157137
vn 0.231249884 0.0669224933 -0.970589936
vn 0.796427071 0.0373585187 -0.603579581
vn 0.991142988 -0.00402661692 0.132738039
vn 0.850289941 0.020241823 0.525925219
vn 0.361408949 -0.00151154655 0.932406187
vn -0.330191106 -0.00655757776 0.943891346
vn -0.861241221 -0.000758789014 0.508195817
vn -0.988166749 0.00887334999 -0.153126165
vn -0.678173542 0.0229393654 -0.734543681
vn -0.00350589002 0.0532284118 -0.998576224
vn 0.600041449 0.0395134725 -0.798992455
vn 0.989744425 0.0327499025 -0.139044538
vn 0.947478831 0.0574032106 0.314624846
vn 0.576867878 0.0699491203 0.813837051
vn -0.100748643 0.075576447 0.992037237
vn -0.704585552 0.0533135161 0.707613468
vn -0.995352268 0.0191800594 0.0943724215
vn -0.839206994 -0.00226357533 -0.543807447
vn -0.275146067 -0.00688465359 -0.9613778
vn 0.329529703 -0.0340137184 -0.943532348
vn 0.908125043 0.00969409477 -0.41858691
vn 0.994555414 0.0686038584 0.0784423649
vn 0.777492523 0.0520739704 0.626732409
vn 0.160282269 0.0473506078 0.985934734
vn -0.488803327 0.0346545279 0.871705353
vn -0.932009399 0.016721569 0.362048239
vn -0.938597858 0.0174712203 -0.344570458
vn -0.520585656 0.0202527363 -0.853569269
vn 0.0653569102 0.00536676636 -0.997847497
vn 0.772673488 0.0496020839 -0.632862806
vn 0.97868216 0.066357471 -0.194364876
vn 0.925931394 0.0189695396 0.377215207
vn 0.420075506 0.0202379916 0.907263458
vn -0.267777592 0.0335549153 0.962896287
vn -0.779608309 0.0273421481 0.625670254
vn -0.992297471 0.0430136584 -0.116170079
vn -0.690253973 0.0562532693 -0.721377254
vn -0.163885668 0.0677473396 -0.98415029
vn 0.581697643 0.0905625895 -0.808347821
vn 0.92697978 0.0620029643 -0.369951636
vn 0.973981977 0.0531975031 0.220293209
vn 0.555446804 0.105587035 0.824821293
vn -0.144443929 0.129343808 0.981022954
vn -0.656248689 0.14977257 0.739530861
vn -0.982325852 0.185759664 0.023008015
vn -0.755107045 0.128123075 -0.642960131
vn -0.280861974 0.0811459795 -0.956311643
vn 0.440282404 0.0738452226 -0.894817472
vn 0.523734868 0.815353513 -0.246780217
vn 0.508831859 0.860416114 0.0278228093
vn 0.427885771 0.866957664 0.255535156
vn 0.036476247 0.887159169 0.460019648
vn -0.287352651 0.883537889 0.369850516
vn -0.271580905 0.961089134 0.0505116656
vn -0.430297375 0.863780081 -0.26216042
vn -0.196151987 0.824791133 -0.530324399
vn 0.299123704 0.774679542 -0.557132483
vn 0.260330617 0.963536382 -0.0618512332
vn 0.367643446 0.927524149 0.0673586205
vn 0.383950323 0.92227906 0.0445366092
vn 0.0372156464 0.998402297 0.0425200127
vn -0.211388603 0.972805262 0.0946827978
vn -0.0650398359 0.997784376 0.0140095083
vn -0.21455054 0.976619244 -0.0135275964
vn 0.00131522596 0.999494016 -0.0317782387
vn 0.237156615 0.954200447 -0.182368293
vn 0.0460070483 0.998884916 -0.0106003899
vn -0.0688655898 0.901251674 0.427788526
vn 0.0398307852 0.902633429 0.428563267
vn -0.0149487387 0.82903415 0.558998108
vn 0.122724421 0.864544213 0.487341762
vn 0.141550779 0.804930806 0.5762375
vn 0.0871412009 0.751818061 0.653587043
vn -0.0149615947 0.729834676 0.683459938
vn -0.116870567 0.749299049 0.651837587
vn -0.171053663 0.801306665 0.573278546
vn -0.152348682 0.861266494 0.484778285
vn -0.0417042561 -0.147397578 -0.988197684
vn 0.345140576 -0.124934912 -0.93019855
vn 0.382187068 -0.341058344 -0.858843565
vn 0.0148715554 -0.410915673 -0.911552072
vn 0.508604825 -0.0144642023 -0.860878646
vn 0.602044046 -0.111465268 -0.790644348
vn 0.592144907 0.125521198 -0.795995593
vn 0.702573121 0.177608162 -0.689090967
vn 0.41870442 0.276492268 -0.865007818
vn 0.517208695 0.580060005 -0.629305661
vn -0.0391901806 0.321531981 -0.94608736
vn -0.199530616 0.724136174 -0.660162449
vn -0.423084825 0.209666446 -0.881498277
vn -0.556052566 0.453144372 -0.696753621
vn -0.666501462 0.0667628497 -0.742508292
vn -0.725694358 0.0639489368 -0.685038865
vn -0.549293339 -0.0451586023 -0.834408581
vn -0.687403202 -0.208314717 -0.695759833
vn 0.406328231 -0.576149583 -0.709189057
vn -0.14692916 -0.626425445 -0.765508354
vn 0.779320836 -0.202044234 -0.593158662
vn 0.821282029 0.269216716 -0.5030092
vn 0.422300458 0.812347293 -0.402186543
vn -0.29910332 0.88002646 -0.368904769
vn -0.720547378 0.524349034 -0.453728527
vn -0.802159131 0.0861814693 -0.590858281
vn -0.591409922 -0.357344568 -0.722868681
vn 0.318722934 -0.770975769 -0.551372886
vn -0.0363090225 -0.941306829 -0.335593581
vn 0.572673321 -0.354887724 -0.738985837
vn 0.492252111 0.328285038 -0.806174099
vn 0.0253374595 0.742919803 -0.668900788
vn -0.367749393 0.816970527 -0.444206685
vn -0.670949757 0.722891867 -0.165086895
vn -0.977303207 0.188322052 0.0970215648
vn -0.591002524 -0.80621475 -0.0270867739
vn 0.117371455 -0.643445373 -0.756440401
vn -0.235420361 -0.791874349 -0.563482225
vn 0.354610771 -0.459842592 -0.814122796
vn 0.617433786 -0.077877678 -0.782758355
vn 0.464204669 0.800463378 -0.379173309
vn -0.241287947 0.952604353 0.185270503
vn -0.497831821 0.77916199 0.380880803
vn -0.749352515 0.463207722 0.473190606
vn -0.919158757 -0.375574589 0.118704721
vn 0.0445697457 -0.617215037 -0.785531104
vn -0.52376014 -0.388820827 -0.757953584
vn 0.663682044 -0.565068245 -0.490126461
vn 0.981090188 -0.192001075 0.0244493913
vn 0.851293802 0.260391265 0.455516368
vn 0.220006824 0.701026917 0.678349674
vn -0.45087865 0.750665486 0.482917845
vn -0.874634266 0.481712818 0.0544776693
vn -0.890857577 0.00754584046 -0.454220027
vn 0.0733189136 -0.528293073 -0.845890403
vn -0.525435448 -0.377828389 -0.762340665
vn 0.730096221 -0.405500561 -0.550026238
vn 0.997527778 -0.0693671554 -0.0112458207
vn 0.840071142 0.279660255 0.464834154
vn 0.2455374 0.589918256 0.769225419
vn -0.44344452 0.610109746 0.656599462
vn -0.894761443 0.373440385 0.244835168
vn -0.926472545 -0.0573872812 -0.371961623
vn 0.0988148004 -0.652649105 -0.751188815
vn -0.561496019 -0.458018273 -0.689159989
vn 0.764179409 -0.480077535 -0.430761307
vn 0.995017648 -0.098281987 0.0167494137
vn 0.843543887 0.322156101 0.429708362
vn 0.265774667 0.679521501 0.683823228
vn -0.438574463 0.704333007 0.558182359
vn -0.858089149 0.471464515 0.203480169
vn -0.942275107 -0.0140754189 -0.334543407
vn 0.114743032 -0.663637817 -0.739201486
vn -0.560776949 -0.416704923 -0.715462267
vn 0.747667551 -0.547501981 -0.375812203
vn 0.979984462 -0.17441687 0.0959647521
vn 0.842196286 0.26125145 0.471649379
vn 0.26477927 0.676337838 0.687356591
vn -0.456234038 0.740809679 0.493002534
vn -0.845433235 0.525019586 0.0979640633
vn -0.922727942 0.0790146887 -0.37726602
vn 0.256634384 0.0977753252 -0.961550236
vn -0.410822064 0.224592105 -0.883619666
vn 0.884851336 -0.0836214647 -0.458307177
vn 0.973004401 -0.152041972 0.173625365
vn 0.757411659 -0.150932759 0.635253489
vn 0.129076719 -0.0808695182 0.988331616
vn -0.617289484 0.0623772591 0.784259319
vn -0.96813786 0.222809106 0.114303343
vn -0.816547394 0.283870667 -0.502660811
vn 0.220127568 0.880616724 -0.419592708
vn -0.302543491 0.839428604 -0.451472044
vn 0.754994214 0.655721784 0.00356512633
vn 0.887581706 0.235025212 0.396184206
vn 0.639767826 0.0397542752 0.767539442
vn -0.0120026991 -0.0864082351 0.996187508
vn -0.429811746 0.0268584117 0.902518988
vn -0.692180514 0.538404465 0.48063162
vn -0.622490942 0.758964837 -0.190991119
vn 0.0898463875 0.977851689 0.189033449
vn -0.1655211 0.974479973 0.15162912
vn 0.321084946 0.860763609 0.394956231
vn 0.463511944 0.666586161 0.583797574
vn 0.30359605 0.572241068 0.761819899
vn -0.0344951451 0.517265677 0.855129361
vn -0.175741404 0.592837691 0.785912454
vn -0.182526484 0.794832647 0.578727305
vn -0.262516886 0.910943568 0.318224311
vn 0.215287089 0.11956051 -0.969204187
vn 0.35882467 0.107827902 -0.927155912
vn 0.430465221 0.111230962 -0.895727277
vn -0.132016495 0.138857335 -0.981473565
vn 0.736108124 0.103674062 -0.668877125
vn 0.642570674 0.10791894 -0.758588433
vn 0.836131692 0.118413426 -0.535595059
vn 0.746050775 0.0988973007 -0.658504009
vn 0.604314625 0.0699652284 -0.793667912
vn 0.577436805 0.0672851801 -0.813658118
vn 0.560930789 0.0660565123 -0.825223267
vn 0.639109671 0.0733300522 -0.765611887
vn 0.00875725504 0.0403239019 -0.99914825
vn 0.000511677179 0.0401821323 -0.999192178
vn 0.109087735 0.0450148806 -0.993012428
vn -0.578186631 0.0188630838 -0.815686464
vn -0.588375866 0.0194205884 -0.808354318
vn -0.462256581 0.0192833934 -0.886536539
vn -0.904359102 0.0651608035 -0.421768337
vn -0.643585622 0.0286174156 -0.764838934
vn -0.748139441 0.111830831 -0.654049873
vn -0.71724689 0.115708984 -0.687145054
vn -0.836936712 0.0843734369 -0.540756881
vn -0.315608114 0.134036094 -0.939375222
vn -0.40654254 0.132143945 -0.904025018
vn -0.253513753 0.880034626 -0.401584387
vn -0.210480914 0.842927933 -0.495146781
vn -0.0959930792 0.909540236 -0.404378593
vn -0.113168769 0.831715703 -0.543545663
vn -0.00719484314 0.851329267 -0.524582565
vn 0.0575573482 0.892691255 -0.446978301
vn 0.0511462577 0.936478496 -0.346975595
vn -0.0234419703 0.962160587 -0.27147305
vn -0.131586507 0.957747757 -0.255742341
vn -0.222552076 0.925344884 -0.306932509
vn -0.797564149 -0.0279534161 -0.60258615
vn -0.62781918 -0.0697197691 -0.775230348
vn -0.677284658 -0.216956556 -0.703004539
vn -0.853118479 -0.166228935 -0.494526654
vn -0.250786752 -0.0554637536 -0.966452122
vn -0.119567178 -0.130975962 -0.9841488
vn 0.0173345432 0.0252631903 -0.999530554
vn 0.101844296 0.0727550313 -0.9921363
vn 0.0166491922 0.0957665518 -0.99526453
vn 0.140657201 0.253975362 -0.956928432
vn 0.0364304446 0.33420378 -0.941796541
vn 0.413030952 0.0855814293 -0.906687021
vn 0.34069714 0.0885421634 -0.935994565
vn -0.913459241 0.047727678 -0.404121846
vn -0.937060654 0.00868345704 -0.349058658
vn -0.684418261 -0.264732599 -0.679329216
vn -0.917927325 -0.141107097 -0.370807588
vn -0.123034619 -0.243658513 -0.962025404
vn 0.247308239 -0.0625944957 -0.966913044
vn 0.509279728 0.221923649 -0.831495106
vn 0.451361716 0.609184265 -0.652048469
vn -0.683242142 0.415617198 -0.600368559
vn -0.556035578 0.83060652 0.030285826
vn -0.896793067 0.245353416 -0.368190259
vn -0.868836761 0.482218891 0.11219456
vn -0.989519954 0.136546537 -0.0469608605
vn -0.554384768 -0.308954477 -0.772790253
vn -0.895657778 0.226636246 -0.382665783
vn -0.0610158853 -0.426197469 -0.902570128
vn 0.549118757 -0.174735114 -0.817273676
vn 0.854643703 0.309196204 -0.417111456
vn 0.672864377 0.730378807 0.117474847
vn 0.142241865 0.919841826 0.365592837
vn -0.371765435 0.859110653 0.351737827
vn -0.800468624 0.597735107 0.0443032086
vn -0.668634951 -0.383906603 -0.636822522
vn -0.976958454 -0.042178303 -0.209220245
vn 0.0241525881 -0.465128183 -0.884913802
vn 0.666802943 -0.167145133 -0.726248264
vn 0.902686834 0.246114954 -0.352964371
vn 0.709278107 0.694314063 0.121870942
vn 0.213615224 0.873446763 0.437560409
vn -0.358758211 0.801890373 0.477770209
vn -0.888051152 0.402940243 0.221369088
vn -0.749064744 -0.331103504 -0.573822677
vn -0.944623828 -0.31877169 -0.077913478
vn -0.19176203 -0.12301781 -0.973701239
vn 0.430074483 0.245775685 -0.868694544
vn 0.739286423 0.549072325 -0.389839798
vn 0.724050522 0.669064939 0.167638719
vn 0.426982164 0.626699328 0.651869714
vn -0.10882239 0.394595146 0.912388206
vn -0.850231409 -0.0877017528 0.519051969
vn -0.785859585 -0.233513623 -0.572622061
vn -0.945094466 -0.326432824 -0.0154280374
vn -0.272112787 0.0288697071 -0.961832225
vn 0.321266055 0.319623917 -0.89141947
vn 0.729277253 0.501136601 -0.465850651
vn 0.828521609 0.522022247 0.202594727
vn 0.495239168 0.336050361 0.801129401
vn -0.0312015209 0.0860105604 0.995805502
vn -0.732288182 -0.229095116 0.641303003
vn -0.751002908 -0.295167506 -0.590652823
vn -0.988537431 0.0542067625 -0.140909016
vn -0.12570326 -0.533609331 -0.83633709
vn 0.563254833 -0.478338003 -0.673748374
vn 0.939192951 -0.197005734 -0.281256855
vn 0.927469075 0.223387986 0.299831301
vn 0.476790011 0.522425234 0.706925213
vn -0.24383539 0.613246262 0.751314461
vn -0.862640798 0.390228748 0.321826428
vn -0.751972318 -0.244689286 -0.612098753
vn -0.971073866 0.128546566 -0.201224521
vn -0.108832017 -0.553375721 -0.825791061
vn 0.55071938 -0.54398644 -0.633077264
vn 0.928592145 -0.299380064 -0.219289973
vn 0.907699168 0.184975788 0.376651376
vn 0.543449819 0.523828804 0.655946314
vn -0.206498846 0.714056194 0.668940902
vn -0.869232357 0.439005315 0.227396771
vn -0.705198288 0.0358083956 -0.708105266
vn -0.913755417 0.292638302 -0.281804502
vn -0.124657661 -0.0432786532 -0.991255522
vn 0.395077258 0.112812765 -0.911694705
vn 0.662336409 0.468350381 -0.58477205
vn 0.615930498 0.786099374 0.0517451763
vn 0.336789042 0.807421744 0.484399855
vn -0.16939798 0.815368831 0.553604543
vn -0.764322579 0.618115008 0.183698013
vn -0.451451212 0.58992821 -0.669459939
vn -0.525197744 0.743304133 -0.4143264
vn -0.144695461 0.531257927 -0.834762394
vn 0.1214706 0.649222255 -0.750836492
vn 0.187723234 0.83024317 -0.524839342
vn 0.142737716 0.950904429 -0.274602979
vn 0.0390128195 0.99908185 -0.0177058056
vn -0.149224266 0.988127172 0.036561586
vn -0.371522009 0.912170708 -0.172962412
vn -0.985542655 0.0165044088 -0.168621451
vn -0.952560842 0.0162505955 -0.303913981
vn -0.932875097 0.0160466023 -0.359842569
vn -0.657244146 0.0151840094 -0.753524721
vn -0.129594401 0.0056333798 -0.991551101
vn -0.584806621 0.0159050543 -0.811016798
vn -0.485597879 0.0162086263 -0.87403214
vn 0.0634309277 0.00541996257 -0.997971535
vn 0.0650644302 0.00544722797 -0.997866213
vn 0.0659566745 0.005520612 -0.997807205
vn 0.386337906 0.0265632365 -0.921974719
vn 0.650257885 0.06567543 -0.756869435
vn 0.475069255 0.0802408978 -0.876282334
vn -0.972625554 0.0306388084 -0.23034896
vn -0.998631477 0.0262691434 -0.0452223234
vn -0.872963786 0.0472389869 -0.485492289
vn -0.99979049 0.018291641 -0.00919317175
vn 0.337174326 0.0885641798 -0.937267244
vn -0.065115422 0.0763551071 -0.994952202
vn -0.192803353 0.0711260065 -0.978656113
vn -0.42967695 0.0772306547 -0.899673939
vn -0.625673473 0.0722704902 -0.77673012
vn -0.699889481 0.0662737787 -0.711169839
vn -0.810459495 0.0579020567 -0.582926095
vn -0.820376396 0.0550106727 -0.569171727
vn 0.624929428 0.335571617 0.704879403
vn 0.591009974 0.252141893 0.766245246
vn 0.492828935 0.37698704 0.784219623
vn 0.508084059 0.22525765 0.831330121
vn 0.415035903 0.26686576 0.869786203
vn 0.355653912 0.357729912 0.863446414
vn 0.357407808 0.455434591 0.815376639
vn 0.419491589 0.514144838 0.748118997
vn 0.513140678 0.506373048 0.693017304
vn 0.594314277 0.436032236 0.675770998
vn 0.876980484 -0.127566338 0.463283926
vn 0.52044791 -0.14575769 0.841361225
vn 0.547145545 -0.287035137 0.78628397
vn 0.865353405 -0.203218073 0.458111316
vn 0.417131811 -0.0730210468 0.905907869
vn 0.323463529 -0.243491456 0.914375842
vn 0.159422025 0.00218017166 0.987208068
vn 0.206733108 -0.154174849 0.966173708
vn 0.175804883 0.062599048 0.982432783
vn -0.266870052 0.0615909435 0.961762428
vn 0.363562375 0.391535044 0.845294535
vn 0.442528456 -0.0165209044 0.896602273
vn 0.598642468 -0.0240244363 0.800656021
vn 0.945233643 0.120717756 0.303250164
vn 0.995044708 0.0821717083 0.0559802651
vn 0.964459002 0.21519132 -0.153335139
vn 0.864925981 0.378432661 0.329684347
vn 0.988509893 -0.0318027623 0.147772104
vn 0.999173045 -0.0022536444 -0.0405974016
vn 0.474075407 -0.266867965 0.8390674
vn 0.847601414 -0.267679244 0.458169878
vn 0.0771311149 -0.153040066 0.985205412
vn -0.177764833 0.0313406996 0.983573854
vn -0.433660269 0.425257415 0.794414759
vn -0.288816541 0.841932952 0.455778182
vn 0.515303493 0.791012704 -0.329789519
vn 0.897644758 0.245733693 -0.365853697
vn 0.994454861 -0.102385752 0.0240138993
vn 0.510913551 -0.480798721 0.712600768
vn 0.706399798 -0.668653667 0.232167378
vn 0.18122071 -0.071425125 0.980845332
vn -0.0850646645 0.348918438 0.933284461
vn -0.183661595 0.729790688 0.658539236
vn 0.0580912903 0.9833951 -0.171928361
vn 0.394164652 0.567898095 -0.722582817
vn 0.636708856 -0.0344373025 -0.770335019
vn 0.777217686 -0.530614316 -0.338202745
vn 0.330842376 -0.692063272 0.641554236
vn 0.702736437 -0.637078583 0.31668973
vn -0.177102968 -0.498281538 0.848734319
vn -0.671912968 0.119133689 0.730985641
vn -0.669279218 0.697907507 0.254932135
vn -0.137263536 0.936813116 -0.321776092
vn 0.351956129 0.730426669 -0.585323572
vn 0.778676629 0.309847832 -0.545579493
vn 0.942189455 -0.300095528 -0.149069861
vn 0.219484761 -0.723350823 0.654667974
vn 0.735386014 -0.526016951 0.427216202
vn -0.463530868 -0.585995078 0.664641976
vn -0.923520923 -0.126274407 0.3621656
vn -0.910220027 0.412293553 -0.0389020555
vn -0.394725323 0.818375111 -0.417677045
vn 0.274951726 0.822140932 -0.498483419
vn 0.802932262 0.489767998 -0.339745611
vn 0.991367698 -0.0994506478 0.0854381174
vn 0.315704614 -0.598056853 0.736653686
vn 0.557298303 -0.768851101 0.313506871
vn -0.0925080106 -0.127070785 0.987570405
vn -0.440223098 0.466148794 0.767404139
vn -0.492457688 0.865819812 0.0885519609
vn -0.268943101 0.827028573 -0.493653059
vn 0.0186594427 0.556915343 -0.830359638
vn 0.387291551 0.0971329436 -0.916826367
vn 0.701671481 -0.634907246 -0.323342025
vn 0.735536516 0.0365758054 0.676497042
vn 0.901140034 -0.433036774 0.0206350088
vn 0.310895294 0.367482722 0.876527548
vn -0.0516622849 0.52659905 0.848542631
vn -0.578198433 0.645316243 0.499252945
vn -0.835501075 0.330897003 -0.438685745
vn -0.432828933 -0.0988295227 -0.896042287
vn -0.0901330635 -0.314026922 -0.945125997
vn 0.430031866 -0.531442285 -0.729822934
vn 0.855515003 0.335095346 0.394721866
vn 0.930926919 0.289818168 -0.222217441
vn 0.359718978 0.238997698 0.901932657
vn -0.256433815 0.056142997 0.964929819
vn -0.82849735 -0.165074483 0.535109997
vn -0.955737293 -0.284736186 -0.0741038844
vn -0.667810142 -0.27960059 -0.689821005
vn -0.0590664372 -0.121577077 -0.99082303
vn 0.619424343 0.125799119 -0.774911642
vn 0.917795599 -0.239106655 0.316984594
vn 0.943837285 0.0476011857 -0.326963723
vn 0.340430588 -0.390819967 0.855199873
vn -0.24449271 -0.337041646 0.90918982
vn -0.802393556 -0.123445973 0.583888531
vn -0.986789227 0.15697369 0.0400783531
vn -0.712000966 0.407826513 -0.571605027
vn 0.00298228138 0.437888682 -0.899024248
vn 0.628935993 0.271281451 -0.72859174
vn 0.724043787 -0.68719548 0.0593552552
vn 0.882875264 -0.207817838 -0.42112118
vn 0.216896027 -0.820568085 0.528794825
vn -0.344761699 -0.588017404 0.731693208
vn -0.782483637 -0.0461278223 0.620960116
vn -0.837066531 0.492551178 0.238145083
vn -0.487705886 0.833365142 -0.260087579
vn 0.145187646 0.759766519 -0.633778632
vn 0.650488436 0.358526051 -0.66956991
vn 0.770984828 -0.546176493 0.327526659
vn 0.997462332 -0.0120492913 0.0701686218
vn 0.390381217 -0.656890512 0.645056009
vn -0.182270348 -0.40056321 0.897956908
vn -0.562207043 0.0876976773 0.822333515
vn -0.523441434 0.559506893 0.642620385
vn -0.0292237271 0.937827349 0.345869601
vn 0.479141235 0.870615125 -0.111592956
vn 0.779382885 0.595242083 -0.19557336
vn 0.71934098 -0.0318109803 0.693928361
vn 0.768231213 0.259260505 0.585324645
vn 0.531954288 -0.0717338622 0.843729198
vn 0.233051285 0.0721160397 0.969786823
vn 0.0106485803 0.298745722 0.954273343
vn 0.0741096288 0.507608891 0.858394504
vn 0.346257329 0.614699721 0.708696127
vn 0.576422334 0.65739274 0.485357851
vn 0.712803245 0.552476943 0.432065636
vn 0.67031759 0.106960125 0.734325528
vn 0.538928747 0.100496024 0.836335003
vn 0.913042605 0.118852586 0.390163064
vn 0.847412467 0.114377886 0.518468738
vn 0.402771145 0.0800141916 0.911796689
vn 0.0500724129 0.0712115988 0.996203661
vn -0.0606031902 0.0677377135 0.995860934
vn -0.207529694 0.053933192 0.976740777
vn -0.613676131 0.0491344593 0.788027465
vn -0.0599998422 0.00796768349 0.998166561
vn -0.485746503 0.0492534377 0.872711003
vn -0.236031026 0.0302962195 0.971273184
vn 0.256363302 -0.00811885577 0.966546357
vn -0.0120574627 0.0049226447 0.999915123
vn 0.941810071 0.0113373827 0.335954398
vn 0.927080452 0.00845162291 0.374767184
vn 0.984839559 0.0573067032 -0.163728565
vn 0.969005942 0.0233768988 0.245928869
vn 0.982030571 0.0666503757 -0.176560372
vn 0.988173962 0.0881224871 -0.125485644
vn 0.97465682 0.107055135 0.19642663
vn 0.680838585 -0.0236880444 0.732050419
vn 0.760030687 -0.0159150679 0.649692357
vn -0.122124769 0.953233659 -0.276461691
vn -0.0993250459 0.920451343 -0.378026485
vn 0.036053814 0.953483105 -0.29928273
vn -0.0132460874 0.897582948 -0.440646619
vn 0.0956815183 0.895050049 -0.435580671
vn 0.176230878 0.914219499 -0.364891112
vn 0.191102788 0.946038783 -0.26170662
vn 0.133273512 0.975620806 -0.174362332
vn 0.0294493474 0.989190519 -0.143648446
vn -0.0714020431 0.98037523 -0.183755949
vn -0.901375055 -0.0600970536 0.428848892
vn -0.851941943 0.0214104857 0.523198426
vn -0.0921868086 -0.0179498736 0.995579958
vn -0.0979160592 -0.0174627881 0.99504149
vn -0.538530052 -0.00179667806 0.842604399
vn -0.557982981 -0.000463739212 0.829852283
vn -0.72113806 0.0213020686 0.692463934
vn -0.991780698 -0.111499853 -0.062760368
vn -0.901438951 -0.0785692334 -0.425716728
vn -0.902287364 -0.182741061 -0.390491158
vn -0.959799886 -0.265717238 -0.0904352963
vn -0.802432179 0.0245432183 -0.596238375
vn -0.803952932 0.0276201162 -0.594051301
vn -0.692550242 0.0810917765 -0.716797352
vn -0.655823469 0.172562957 -0.734926939
vn -0.819338262 0.32140708 -0.474744529
vn -0.667420924 0.0307834744 -0.744044065
vn -0.66932869 0.0305412654 -0.742338419
vn -0.863878489 0.0780516937 0.497616321
vn -0.771568298 -0.0398538299 0.634896874
vn -0.867943525 0.195112363 0.456733167
vn -0.844166994 -0.191185534 0.500829637
vn -0.952875733 -0.097598359 -0.287232488
vn -0.9771474 -0.183664948 0.107004367
vn -0.789722681 0.0819734633 -0.607962608
vn -0.442232549 0.241456375 -0.863787711
vn -0.317837089 0.630293071 -0.708315074
vn -0.926008642 0.367544562 0.0861344337
vn -0.262362301 0.824932516 0.500652075
vn -0.380524844 0.283397377 0.880276561
vn -0.623115063 -0.00442767609 0.782117546
vn -0.852162838 -0.159954354 0.498229861
vn -0.818637133 -0.458866984 -0.345361263
vn -0.881623745 -0.414399564 0.225859612
vn -0.464610189 -0.205669761 -0.861299813
vn -0.149067983 0.179683998 -0.972364366
vn 0.175360233 0.690535605 -0.701718926
vn 0.235377863 0.91529572 0.326850116
vn -0.144846275 0.51958406 0.842052221
vn -0.457648456 0.141011521 0.877880216
vn -0.738622665 -0.187349766 0.647562146
vn -0.510167658 -0.766349196 -0.390433013
vn -0.635250211 -0.729323387 0.254055977
vn -0.232665345 -0.381872177 -0.89444983
vn 0.0467281975 0.197913572 -0.979104996
vn 0.189930454 0.692020357 -0.696443975
vn 0.167340755 0.985493243 0.0282860212
vn -0.059455812 0.746420264 0.662813604
vn -0.320372462 0.161556363 0.933413684
vn -0.550689161 -0.407887697 0.728264391
vn -0.684161782 -0.596641719 -0.419453532
vn -0.754224598 -0.638700187 0.152339086
vn -0.316231549 -0.221457675 -0.922471821
vn 0.0989599749 0.246543661 -0.964065969
vn 0.443442702 0.634455681 -0.633107126
vn 0.563917637 0.811293781 0.154269874
vn 0.311395824 0.575984955 0.755826652
vn -0.0754065439 0.140859544 0.987153709
vn -0.566784739 -0.408182114 0.71564132
vn -0.786729276 -0.356104702 -0.504228771
vn -0.985313952 -0.170747846 0.00130644545
vn -0.246447086 -0.39262107 -0.886065722
vn 0.396336615 -0.236314878 -0.88717109
vn 0.892026961 0.0717982054 -0.446243137
vn 0.872832417 0.391528368 0.291322887
vn 0.439911604 0.503287673 0.743760288
vn -0.0697276816 0.45545131 0.887525856
vn -0.775382042 0.16221793 0.610301554
vn -0.778710365 -0.271233767 -0.565722823
vn -0.99465704 -0.0807510763 -0.064317897
vn -0.180677578 -0.364041597 -0.913689911
vn 0.520088077 -0.235814422 -0.820914149
vn 0.937205553 0.000712840469 -0.348776877
vn 0.90227896 0.276423126 0.330882132
vn 0.438050866 0.404984653 0.802557826
vn -0.144846186 0.380208582 0.913488448
vn -0.811497152 0.176086187 0.557194889
vn -0.827295363 0.265543938 -0.495044172
vn -0.986977398 0.0685393587 0.145526171
vn -0.115616836 0.360452354 -0.925584614
vn 0.477050692 0.304334849 -0.824501693
vn 0.859564602 0.161044359 -0.484988123
vn 0.974557936 -0.0885613114 0.20589757
vn 0.466991395 -0.242649704 0.850317776
vn -0.230101198 -0.224128544 0.947005749
vn -0.739193857 -0.102961771 0.665575862
vn -0.825966299 0.377044886 -0.419066608
vn -0.938085973 0.294427276 0.182503328
vn -0.155170679 0.27400288 -0.94912827
vn 0.440558463 0.076008141 -0.894500375
vn 0.863002419 -0.105769351 -0.494003683
vn 0.95127511 -0.241399154 0.191838726
vn 0.549832404 -0.231369019 0.802591264
vn -0.16960007 -0.0513132811 0.984176099
vn -0.712690115 0.152628154 0.68467319
vn -0.773721516 0.249561161 -0.582300961
vn -0.872894168 0.483075649 -0.0685104206
vn -0.251742691 0.0876364559 -0.963818192
vn 0.272427291 0.137130767 -0.952354252
vn 0.684612155 0.410030544 -0.602645338
vn 0.779983401 0.62239331 0.0652110875
vn 0.480944425 0.671876609 0.563271105
vn 0.0271797795 0.703477383 0.710197628
vn -0.545011997 0.71951288 0.430422127
vn -0.403860241 0.741690338 -0.535530031
vn -0.41872257 0.87141192 -0.255563527
vn -0.137754828 0.650821388 -0.746629119
vn 0.15941821 0.700827599 -0.695288718
vn 0.296548665 0.83309567 -0.466915995
vn 0.309935391 0.929686725 -0.199054122
vn 0.241566747 0.967619121 0.0732049048
vn 0.0503065325 0.986642301 0.154938996
vn -0.21185489 0.977092445 -0.0201947093
vn -0.995723605 0.0560441725 0.07344082
vn -0.967915118 0.0671673417 -0.242133766
vn -0.870334983 0.0706666037 -0.487363547
vn -0.836854637 0.0717726871 -0.542699635
vn -0.526568651 0.0817359984 -0.846194386
vn -0.426192224 0.0804356188 -0.901049495
vn -0.337969899 0.0870253593 -0.937124908
vn -0.154291451 0.075590618 -0.985129595
vn -0.423645616 0.0843901634 -0.901888371
vn -0.63881743 0.0351267122 -0.768556058
vn -0.332698971 0.0700988099 -0.940424144
vn -0.918929935 0.0122590531 0.394230425
vn -0.917543054 0.0122618675 0.397447318
vn -0.896755219 0.0143615985 0.442293763
vn -0.661944628 0.00917006284 0.749496758
vn -0.520573378 -0.00292122178 0.85381192
vn -0.237470269 -0.0182842538 0.971222699
vn -0.0897198245 -0.018205801 0.995800614
vn -0.91387099 0.0416999161 0.403857738
vn -0.982326984 0.0519791469 0.179810449
vn -0.706782281 0.0288912319 -0.706840992
vn -0.933662474 0.0140908994 -0.357876986
vn -0.985293448 0.0100574587 -0.17057462
vn -0.985443473 0.0100391796 -0.169706509
vn -0.98949641 0.00925902277 -0.144260451
vn -0.997132957 0.00790483225 -0.0752552897
vn 0.968230367 0.182673708 -0.170763806
vn 0.958401501 0.119403236 -0.259248137
vn 0.990984261 0.0295165665 -0.130686298
vn 0.957997978 0.0138025088 -0.286442578
vn 0.96701628 -0.0847114474 -0.240215555
vn 0.981325567 -0.129744336 -0.142009422
vn 0.994222462 -0.100525402 -0.0376347713
vn 0.999655545 -0.0107600214 0.0239422582
vn 0.995103538 0.0978612304 0.0138609968
vn 0.982671976 0.174385533 -0.0628139004
vn 0.993257821 0.0765359327 -0.0870699212
vn 0.988270223 0.0077343327 -0.152518958
vn 0.711798549 0.00378789054 0.702373445
vn 0.708851039 0.00384773221 0.705347717
vn 0.779534876 0.0165029112 0.626141489
vn 0.78199327 0.029061595 0.6226089
vn 0.268282413 -0.0227310341 -0.963072121
vn 0.398702651 -0.0922064111 -0.912433147
vn 0.582221866 -0.261645705 -0.769778669
vn 0.0885854736 -0.127021521 -0.987936258
vn 0.766966164 -0.123908162 -0.629610777
vn 0.816327572 -0.255415827 -0.518046439
vn 0.969462991 -0.0816835016 -0.231234431
vn 0.925393939 -0.165363133 -0.341029495
vn 0.992572248 0.0530916974 -0.109461233
vn 0.959847987 0.258255064 -0.109527029
vn 0.899691045 0.333053321 -0.282190472
vn 0.999314129 0.036226362 0.00767958118
vn 0.999352098 0.0359506905 -0.00173242716
vn 0.224732667 0.0313236937 -0.973916888
vn -0.0100936349 0.10233333 -0.994698882
vn 0.43375662 -0.170771986 -0.884698808
vn -0.0846077278 0.0897844434 -0.992361069
vn 0.709168613 -0.269740164 -0.651398599
vn 0.87788111 -0.277492493 -0.390285313
vn 0.991138875 -0.129143059 0.0310792178
vn 0.883019924 0.258885413 0.39147675
vn 0.600648224 0.766127467 0.228627145
vn 0.607454896 0.36275205 -0.70668906
vn 0.0447984263 0.925248742 -0.376706719
vn -0.231983572 0.507781208 -0.829663694
vn 0.393270582 0.0423487015 -0.918446958
vn -0.0101392204 0.380581349 -0.924691916
vn 0.711386204 -0.25079152 -0.656531274
vn 0.884211123 -0.402176261 -0.237539172
vn 0.869017541 -0.412785947 0.272793114
vn 0.557439387 -0.127008513 0.82044512
vn -0.17319566 0.544856608 0.820447683
vn -0.536169767 0.84387362 0.0199787952
vn -0.360017985 0.672067106 -0.647080243
vn 0.293994516 -0.155540407 -0.943066478
vn -0.316227674 0.00566904712 -0.948666394
vn 0.775507212 -0.181889117 -0.604570031
vn 0.989133835 -0.108522572 -0.0991820991
vn 0.931033969 0.0102074482 0.364789635
vn 0.467595428 0.235979989 0.851861477
vn -0.207129151 0.404751897 0.890658975
vn -0.78618294 0.427447051 0.446324319
vn -0.875774086 0.237306878 -0.420363128
vn 0.0242175758 -0.542205393 -0.839896977
vn -0.418274373 -0.269533455 -0.867408991
vn 0.576384425 -0.654352367 -0.489493489
vn 0.93122232 -0.340001732 0.131239757
vn 0.827743828 0.0847285688 0.554672062
vn 0.456317246 0.501276612 0.73518455
vn -0.0351112001 0.760104597 0.648851454
vn -0.588970304 0.783901811 0.196498886
vn -0.779926956 0.20266448 -0.592149556
vn -0.0593538806 -0.639319956 -0.766646683
vn -0.441395998 -0.146564141 -0.885261834
vn 0.44150427 -0.852380872 -0.280215859
vn 0.721927285 -0.627804399 0.291003019
vn 0.719168782 -0.129919678 0.682581306
vn 0.415528774 0.474752456 0.775851727
vn -0.033867538 0.869364977 0.493008673
vn -0.39162001 0.919720352 0.0273561347
vn -0.612333715 0.485610306 -0.623883069
vn 0.00263661426 -0.437462926 -0.899232507
vn -0.551877797 -0.354336709 -0.754901648
vn 0.657590032 -0.339219391 -0.672685385
vn 0.998623431 0.00658448925 -0.0520380065
vn 0.834398687 0.301464081 0.461408973
vn 0.361199707 0.485614747 0.79606092
vn -0.309567004 0.463784754 0.830103517
vn -0.857312202 0.271906793 0.437129885
vn -0.944564819 -0.113388523 -0.308123857
vn 0.0173039716 0.327458322 -0.944707155
vn -0.750557244 0.198221818 -0.630374372
vn 0.656902075 0.298757404 -0.692259908
vn 0.938380599 0.223154932 -0.263900757
vn 0.963343561 0.0902846009 0.252622008
vn 0.46905154 -0.169429243 0.866766572
vn -0.370097071 -0.230960429 0.899825215
vn -0.843582153 -0.144626066 0.517158091
vn -0.999760211 -0.0214539003 -0.00438639987
vn -0.0187058263 0.730377614 -0.682787418
vn -0.298289299 0.905840456 -0.300793201
vn 0.379528821 0.167727634 -0.909849048
vn 0.589307606 -0.481306016 -0.648892105
vn 0.52807945 -0.848889649 0.0227679051
vn 0.266700089 -0.766527474 0.584214628
vn -0.0969152823 -0.379028082 0.920296192
vn -0.439615101 0.286351711 0.851317346
vn -0.49059689 0.82778728 0.272181451
vn 0.258713573 0.552998424 -0.791997492
vn 0.371071249 0.86039257 -0.349329054
vn 0.227282628 -0.0963879675 -0.969046891
vn 0.337762415 -0.569090009 -0.749702036
vn 0.585074067 -0.779271305 -0.224554211
vn 0.672893763 -0.60647887 0.423553348
vn 0.606393933 -0.120054893 0.786049068
vn 0.542300224 0.355740339 0.761156499
vn 0.564803481 0.77871877 0.273119152
vn 0.77833569 0.309985608 -0.545987546
vn 0.850261986 0.446818322 -0.278223127
vn 0.760021031 -0.0266983695 -0.649349809
vn 0.834191322 -0.270561129 -0.480543137
vn 0.935980439 -0.289066434 -0.20095101
vn 0.980312407 -0.187509149 0.061871592
vn 0.956685126 -0.0212118533 0.290350825
vn 0.937567949 0.184628025 0.294751912
vn 0.932735801 0.359202534 0.0312667862
vn 0.0156235835 0.0531249046 -0.998465598
vn 0.202157572 0.0542908609 -0.97784698
vn -0.341366917 0.0407217517 -0.939047635
vn -0.0147308232 0.0508286729 -0.998598695
vn 0.00311098015 0.0518347248 -0.998650908
vn 0.657208979 0.0392354392 -0.75268656
vn 0.727061391 0.0383106843 -0.685502827
vn 0.524610519 0.0453049615 -0.850136042
vn 0.996083558 0.0244890507 -0.0849586502
vn 0.967570543 0.0294894911 -0.250873566
vn 0.829503536 0.0108879535 0.558395505
vn 0.712418973 0.00377321942 0.701744258
vn 0.996761322 0.0243980475 -0.0766272172
vn 0.886002481 0.0139439795 0.463470876
vn 0.784573793 0.0292334128 0.619346023
vn 0.90259105 0.0381094031 0.428808838
vn 0.983983278 0.0396315455 0.173799381
vn 0.381688803 -0.0190058742 -0.924095452
vn 0.23163113 -0.0047663399 -0.972792029
vn 0.220055357 -0.00369237969 -0.975480378
vn -0.0653696805 0.0399142504 -0.997062504
vn 0.971137762 0.0236016549 -0.237348989
vn 0.924660861 0.0182918571 -0.380352259
vn 0.892834961 0.0152973346 -0.450124085
vn 0.717782557 -0.00339079648 -0.696259022
vn 0.38599664 -0.0196512826 -0.922290862
vn 0.600881815 -0.0183411054 -0.79912746
vn -0.141114041 -0.236269653 0.961386204
vn -0.100111365 -0.137767866 0.985392213
vn 0.0186159015 -0.244565338 0.96945411
vn -0.00346516189 -0.0880594924 0.996109188
vn 0.103434205 -0.109816834 0.988555312
vn 0.170312583 -0.193155304 0.966273665
vn 0.166217431 -0.299078733 0.939640224
vn 0.0930744335 -0.377983272 0.921122015
vn -0.0152388103 -0.392858326 0.919472754
vn -0.107814454 -0.337168366 0.935250461
vn -0.790066898 0.020809494 0.612667322
vn -0.787322819 0.0869782642 0.610374987
vn -0.785296321 0.248579696 0.567025363
vn -0.932835042 0.0469341576 0.357233703
vn -0.48940286 0.34241578 0.802020133
vn -0.859643877 0.0241547618 0.510322571
vn -0.782336354 0.0261239819 0.622308135
vn -0.652222812 0.0304595549 0.757415116
vn 0.274062037 0.0861940458 0.957841635
vn 0.217572764 0.0293590184 0.975602448
vn 0.364783615 -0.0594459288 0.929192662
vn 0.483422279 0.131880254 0.865396142
vn 0.109451607 -0.0322541185 0.993468642
vn -0.0972522348 -0.181178033 0.978629827
vn -0.420672655 -0.0851433501 0.903208256
vn -0.359812856 -0.219797581 0.90676558
vn -0.663535953 -0.0689980462 0.744955897
vn -0.611882508 -0.150387675 0.776519895
vn -0.856139064 0.480638087 0.189770967
vn -0.841297448 0.141804352 0.521641612
vn -0.325080842 0.87810111 0.351085365
vn -0.0233851708 0.346271008 0.937842906
vn 0.373686641 0.794042766 0.479431301
vn 0.712973773 0.256003112 0.65278703
vn 0.634150028 -0.207838982 0.744752705
vn 0.133874625 -0.424794167 0.895336509
vn -0.253637671 -0.38398245 0.887820601
vn -0.602342129 -0.191591889 0.774904251
vn -0.86139816 0.500577271 -0.0861138925
vn -0.953850567 -0.0317009166 0.298603475
vn -0.132222921 0.961256862 -0.241872698
vn 0.550594151 0.834280431 0.0286746826
vn 0.806826591 0.469343573 0.358813882
vn 0.692840815 -0.0350879021 0.720236301
vn 0.179202914 -0.396673739 0.90029794
vn -0.294223428 -0.487671793 0.82195425
vn -0.697770596 -0.355171323 0.622068882
vn -0.674525082 -0.138429031 -0.72515744
vn -0.896160662 -0.409163445 -0.171701804
vn 0.0489399992 0.402851194 -0.913956165
vn 0.64866358 0.675763011 -0.350114167
vn 0.739940763 0.628590047 0.239504278
vn 0.498011172 0.365623415 0.786323428
vn 0.103666246 0.0333090052 0.994054198
vn -0.333514631 -0.270837128 0.903003395
vn -0.779674351 -0.469396353 0.41445756
vn -0.55309248 -0.0737396106 -0.829850137
vn -0.926237166 -0.180385783 -0.330976695
vn 0.164900646 0.136449233 -0.976826131
vn 0.726919472 0.302890688 -0.616315901
vn 0.93752414 0.334360123 0.0961860493
vn 0.560701728 0.21413669 0.799849451
vn 0.0312049314 0.0687442645 0.99714607
vn -0.415656298 -0.0797426179 0.90601933
vn -0.900951803 -0.210829675 0.379258066
vn -0.281750709 0.53709507 -0.795075655
vn -0.728463054 0.636783838 -0.252681404
vn 0.285690933 0.177483723 -0.941743195
vn 0.6828655 -0.192613125 -0.704694927
vn 0.856759369 -0.508330107 -0.0869703367
vn 0.553924441 -0.487780511 0.674713194
vn 0.0299492702 -0.187944353 0.981722951
vn -0.345347047 0.119640365 0.930817664
vn -0.748460829 0.465690941 0.472163588
vn -0.0900577754 0.741870582 -0.664467871
vn -0.266762406 0.956824064 -0.115436547
vn 0.252541959 0.232856959 -0.939148605
vn 0.603404105 -0.306797475 -0.736056149
vn 0.717709422 -0.692695439 -0.0711777806
vn 0.488206089 -0.642889261 0.590210378
vn 0.0490070581 -0.232650131 0.971325099
vn -0.276886821 0.273799896 0.921068549
vn -0.336627513 0.799738646 0.497091472
vn -0.256285965 0.409764111 -0.875448942
vn -0.719348669 0.484229833 -0.49805516
vn 0.240901321 0.343911052 -0.907574594
vn 0.737532139 0.247220293 -0.628433347
vn 0.983272195 0.0133820856 0.181649536
vn 0.610293865 -0.0992257595 0.785936117
vn 0.0996676981 -0.100432619 0.989939153
vn -0.411826581 -0.018301243 0.911078453
vn -0.833246171 0.272500306 0.481086522
vn -0.760241628 0.428280979 -0.488475084
vn -0.951052427 -0.167011201 -0.260012686
vn 0.116752736 0.916088104 -0.383603156
vn 0.587993801 0.803649843 -0.0917081162
vn 0.853251517 0.473449796 0.218648508
vn 0.865126193 -0.119274855 0.487165362
vn 0.307554722 -0.756580889 0.577057481
vn -0.427716255 -0.847642124 0.313945264
vn -0.816512048 -0.577193797 0.0124681238
vn -0.680588901 0.507683337 0.528257906
vn -0.877083421 -0.00713946577 0.480285168
vn -0.106102303 0.813515484 0.571782172
vn 0.380883813 0.698142052 0.606238604
vn 0.716673374 0.204343408 0.666800618
vn 0.707687438 -0.503848612 0.495292991
vn 0.325584829 -0.903515518 0.278664917
vn -0.129648149 -0.962431073 0.238574535
vn -0.652982414 -0.626456499 0.425636172
vn -0.363286585 0.14256385 0.920705378
vn -0.428191185 -0.156708345 0.889997065
vn -0.0607700869 0.322622091 0.944575012
vn 0.21663259 0.198914081 0.95577383
vn 0.300192297 -0.0861485824 0.949980497
vn 0.263457417 -0.361350387 0.89443624
vn 0.155676156 -0.598666966 0.785724461
vn -0.0397049226 -0.644791067 0.763326943
vn -0.265699297 -0.44445613 0.855489671
vn -0.991014421 0.0133713726 -0.133085102
vn -0.986215413 0.0124065494 -0.165000781
vn -0.998434782 0.0148453284 -0.0539232939
vn -0.998506367 0.017076809 0.0518976934
vn -0.964719892 0.0176966749 0.262683123
vn -0.899652719 0.022390103 0.436031848
vn -0.961848438 0.0177120902 0.273008853
vn 0.351949275 0.0537688732 0.934473455
vn 0.638619483 0.0603216924 0.767154694
vn 0.649371803 0.0645223856 0.757728934
vn 0.783502281 0.0675775111 0.617703319
vn 0.785706341 0.0666069314 0.615003347
vn 0.498232991 0.0728824139 0.863974571
vn 0.303053588 0.0629551262 0.950891733
vn 0.754779279 0.0683258697 0.652410746
vn 0.596403897 0.0685793906 0.799749434
vn 0.557018518 0.0702515468 0.82752347
vn -0.323504448 0.0538159758 0.944694996
vn -0.0216246881 0.0634475648 0.997750819
vn -0.144117519 0.0605770126 0.987704635
vn -0.731023848 0.0454588644 0.680835962
vn -0.837842643 0.0382257849 0.544571817
vn -0.654744983 0.0494197831 0.754232466
vn -0.994426429 0.0198259 0.103551827
vn -0.995859444 0.0189626664 0.0889062434
vn -0.993338943 0.0139022479 -0.114387691
vn -0.0650492609 0.0415448695 0.997016907
vn -0.558591485 0.0326187089 0.828801274
vn -0.440402925 0.0345776603 0.897134125
vn 0.173699737 0.0460648835 0.98372072
vn 0.239387125 0.0492286384 0.969675362
vn 0.132578984 0.0452285931 0.990139902
vn 0.0233891718 0.958728611 0.283358991
vn 0.0854844972 0.977157235 0.194566935
vn 0.178082868 0.931123137 0.318270773
vn 0.189933628 0.96832037 0.162114039
vn 0.287810117 0.936461985 0.200510234
vn 0.33306089 0.896532834 0.292060465
vn 0.304812998 0.867066979 0.394060999
vn 0.21628058 0.86190629 0.458628744
vn 0.108598001 0.883580029 0.455513865
vn 0.0322943181 0.921717584 0.386514992
vn -0.739311039 0.112800099 -0.663848877
vn -0.31137228 0.0842821077 -0.946543038
vn -0.107464522 0.958652198 -0.263509452
vn -0.402880549 0.911294341 -0.0850289762
vn 0.0791447684 0.960502923 -0.266777903
vn -0.274313718 0.0804151893 -0.958272099
vn -0.297463626 0.0829794407 -0.951120257
vn -0.315453321 0.0851169899 -0.945116043
vn -0.206537917 0.818334639 -0.536349058
vn -0.202500761 0.827124476 -0.524269521
vn -0.191221118 0.833710909 -0.518035233
vn -0.186237633 0.831995726 -0.522588491
vn -0.133807287 0.830016851 -0.541449547
vn -0.0922940597 0.324295074 -0.941442728
vn -0.0950064734 0.0835893601 -0.991961002
vn 0.336859196 0.314968944 -0.887310803
vn 0.266374111 0.956547856 -0.118579112
vn 0.405323803 0.399372041 -0.822322726
vn 0.269164026 0.740276575 -0.616069317
vn 0.241412535 0.791538894 -0.56141448
vn 0.295162976 0.799687862 -0.522855639
vn 0.30951792 0.806726098 -0.503380239
vn 0.363179505 0.79684025 -0.48285225
vn 0.432405412 0.426865935 -0.794236183
vn 0.581933439 0.744632006 -0.326919854
vn 0.467516363 0.843877017 -0.263248801
vn 0.448123634 0.854908466 -0.261374712
vn 0.372361153 0.917675018 -0.138635114
vn -0.218846455 0.798562706 -0.560717404
vn -0.689734757 0.699151576 -0.188289762
vn 0.184894949 0.805013061 -0.563708961
vn 0.496118963 0.808380663 -0.316838712
vn 0.305027902 0.948346138 0.0871641785
vn 0.616647422 0.783296525 0.0786919743
vn 0.220086709 0.912393928 0.345107526
vn 0.421877086 0.726034641 0.543040931
vn 0.0428096801 0.830940902 0.554711163
vn 0.0624756105 0.628356159 0.775412977
vn -0.116578355 0.904790938 0.409588516
vn -0.272138089 0.704900205 0.655023992
vn -0.500756741 0.853676975 0.14310205
vn -0.560916364 0.797526121 0.222092077
vn -0.337825954 0.519304395 -0.784981847
vn -0.803479373 0.456501335 -0.382135332
vn 0.206248581 0.605520427 -0.768639386
vn 0.589920759 0.684667289 -0.428046852
vn 0.711596131 0.701334596 0.0419610776
vn 0.504513383 0.649333596 0.569062471
vn 0.0533153787 0.562992692 0.82474041
vn -0.416332453 0.497226 0.761205256
vn -0.838711023 0.448862076 0.308361143
vn -0.496789098 0.308801204 -0.811074793
vn -0.901390374 -0.0534331463 -0.42969808
vn 0.0420571752 0.662979722 -0.747454941
vn 0.465683013 0.819168746 -0.334816098
vn 0.631777942 0.77039361 0.0857347846
vn 0.571338534 0.514813423 0.639170825
vn 0.220355988 0.146536723 0.964349568
vn -0.341825396 -0.224591374 0.912531674
vn -0.916094542 -0.337073356 0.217145637
vn -0.58739996 0.176006854 -0.789925933
vn -0.81532979 -0.292944968 -0.499420196
vn -0.0666493624 0.696352124 -0.714598954
vn 0.353693664 0.878521442 -0.32109344
vn 0.613027513 0.775778592 0.149548993
vn 0.595198214 0.364059776 0.716379523
vn 0.269670904 -0.115114726 0.956047118
vn -0.209717423 -0.541801155 0.813922584
vn -0.751178443 -0.652412593 0.100443721
vn -0.571005225 0.233842239 -0.786937535
vn -0.904199123 -0.1560902 -0.397567391
vn 0.0638065934 0.600263417 -0.797253132
vn 0.532544553 0.694785953 -0.483392954
vn 0.829321384 0.554091334 0.0721716508
vn 0.70541054 0.153557137 0.691965401
vn 0.246056944 -0.223693505 0.943089187
vn -0.266397476 -0.451507568 0.851571083
vn -0.84042269 -0.482257277 0.247220129
vn -0.635156214 0.208192065 -0.743796051
vn -0.923778236 0.275396109 -0.266065419
vn 0.0115256216 0.0862320811 -0.996208429
vn 0.688988507 -0.0468360521 -0.723257363
vn 0.990306795 -0.134457335 -0.0348383002
vn 0.812217057 -0.124142043 0.569993198
vn 0.347601801 -0.0234522242 0.937348902
vn -0.29870221 0.118774325 0.946926415
vn -0.896276474 0.273519009 0.349107385
vn -0.622152805 0.14163737 -0.769977093
vn -0.941282034 0.236082017 -0.241357535
vn 0.0384074375 -0.000395833078 -0.999262154
vn 0.681414962 -0.102373965 -0.72470212
vn 0.989983499 -0.114374086 -0.0827724412
vn 0.84028548 -0.0344707854 0.541047156
vn 0.383758813 0.0839081258 0.919613242
vn -0.386259675 0.228955567 0.89352268
vn -0.924935639 0.27103129 0.266525745
vn -0.576019585 0.331363529 -0.747261405
vn -0.973732054 0.110417545 -0.19913274
vn 0.113838047 0.400361151 -0.909258962
vn 0.701284051 0.297197342 -0.647977173
vn 0.986234248 0.125043556 -0.108194709
vn 0.865316927 -0.0862535313 0.493747801
vn 0.397580653 -0.235431954 0.886849105
vn -0.481584996 -0.230611607 0.845514119
vn -0.952637613 -0.0627680123 0.297559589
vn -0.389798611 0.737592578 -0.551374853
vn -0.669111371 0.743127346 0.0072011915
vn 0.102356575 0.726673365 -0.67931509
vn 0.734309852 0.524498761 -0.43091768
vn 0.971535265 0.234184653 0.0357323438
vn 0.866623163 0.171016708 0.468740493
vn 0.418956906 0.319130927 0.850076854
vn -0.384691328 0.363945842 0.848266423
vn -0.704171658 0.450094998 0.549141765
vn -0.0667886883 0.993984401 -0.0868004337
vn -0.137098536 0.965433002 0.221682787
vn 0.152497724 0.980518401 -0.123807676
vn 0.476030648 0.879315555 0.0141049763
vn 0.65155983 0.723398685 0.228394747
vn 0.550944984 0.718940794 0.423773259
vn 0.243910849 0.812130749 0.530048251
vn -0.0771038607 0.791910768 0.605749428
vn -0.199649766 0.824853957 0.528919756
vn 0.210552976 0.976305664 -0.0499461815
vn 0.0372156501 0.998402297 0.0425200127
vn 0.0372156501 0.998402297 0.0425200164
vn 0.567329347 0.775947809 -0.275757968
vn 0.037169937 0.922516763 0.384162903
vn 0.0364762582 0.887159288 0.460019708
vn -0.220739484 0.134855762 0.965964794
vn -0.359770983 0.137388289 0.9228701
vn -0.374332577 0.136299565 0.917222738
vn -0.623931527 0.138528034 0.769102991
vn -0.658004761 0.136346534 0.740567029
vn -0.346545309 0.137578025 0.927889407
vn -0.976158619 0.177745506 0.124582671
vn -0.670648575 0.137119859 0.728991628
vn -0.742240131 0.112939343 -0.660548449
vn -0.741563857 0.112837665 -0.661325037
vn -0.982300878 0.185784936 0.0238543227
vn -0.981962383 0.187660277 0.0230948273
vn -0.982085288 0.187162608 0.0218814705
vn -0.98239851 0.185709417 0.0201276429
vn -0.80910635 0.129070163 -0.573312998
vn 0.587976396 0.72818917 -0.352170736
vn 0.0811623707 0.903942823 0.419881016
vn -0.00925200526 0.879025936 0.476684272
vn -0.049146831 0.94130367 0.333964348
vn -0.117964588 0.877821863 0.464233994
vn -0.194328755 0.900501609 0.389015704
vn -0.202256635 0.936610758 0.286099195
vn -0.138303295 0.969276309 0.203410178
vn -0.0324516073 0.983185232 0.179704577
vn 0.0660655424 0.971815348 0.226296991
vn 0.111142829 0.940517426 0.321051776
vn 0.941168725 -0.0292720608 0.336666822
vn 0.58734709 0.0426446795 0.808210909
vn 0.476074636 0.0240774713 0.87907517
vn 0.86919564 -0.0952456146 0.485208452
vn 0.329605192 0.101379812 0.938659966
vn 0.332789689 0.129752949 0.934031725
vn 0.114088513 0.92093271 0.372648418
vn 0.96853447 0.0444110669 -0.244885117
vn 0.998554766 -0.00951285567 0.0528967306
vn 0.993632734 -0.112210676 0.0101294676
vn 0.619850457 0.678874731 -0.39359194
vn 0.487824053 -0.178231686 0.854553223
vn 0.959115028 0.142454714 0.24455063
vn 0.102320798 0.0583496019 0.993038595
vn -0.0950481817 0.851131558 0.516275942
vn 0.00480546849 0.998000324 0.063025482
vn -0.278489649 0.960087657 0.0259840544
vn 0.0431939624 0.967043996 -0.250918627
vn -0.126357332 0.924283624 -0.360185653
vn 0.222972214 0.888426185 -0.401226074
vn 0.195202708 0.780031562 -0.594513774
vn 0.645691574 0.467885256 -0.603461444
vn 0.92656678 0.270884812 -0.260951102
vn 0.269645154 -0.560204566 0.783238292
vn 0.698251784 -0.526136875 0.485411704
vn -0.194318667 -0.295206845 0.935464203
vn -0.521406353 0.222139031 0.823886931
vn -0.469521254 0.693882883 0.545963764
vn -0.00821178406 0.95991981 -0.280154765
vn 0.398871869 0.795229614 -0.45663017
vn 0.742802024 0.505144417 -0.439402312
vn 0.967102945 -0.2542395 0.00860721432
vn 0.255382389 -0.371483654 0.892625093
vn 0.757407248 -0.264878541 0.59680289
vn -0.428596884 -0.226821557 0.874560893
vn -0.830134451 0.0601362996 0.554310799
vn -0.932276607 0.358485937 0.0484584868
vn -0.400953114 0.6802876 -0.613551438
vn 0.468555659 0.570833862 -0.67424345
vn 0.902923465 0.249636278 -0.349872768
vn 0.980482101 -0.0615052506 0.186740473
vn 0.304590434 0.304175436 0.902608454
vn 0.778394461 0.129174635 0.614341915
vn -0.391590923 0.374054402 0.840678215
vn -0.859358966 0.292994738 0.419113576
vn -0.973654032 0.0879931673 -0.210368752
vn -0.534864128 -0.196521118 -0.821766376
vn 0.22075507 -0.331118703 -0.917402625
vn 0.77977407 -0.275257766 -0.562303722
vn 0.99107933 -0.0728677139 0.111588962
vn 0.303657979 0.323661149 0.896122277
vn 0.815491021 0.0886979327 0.571932673
vn -0.417298585 0.46024704 0.783603549
vn -0.864942491 0.445355684 0.231371582
vn -0.931008518 0.242764488 -0.272559136
vn -0.559235394 -0.0860147476 -0.824534595
vn 0.207687944 -0.316222042 -0.925672352
vn 0.745607078 -0.325968325 -0.581218243
vn 0.983416021 -0.17046088 0.0619350746
vn 0.249340415 0.21318306 0.944659829
vn 0.824711382 0.140629217 0.547790587
vn -0.510088861 0.22270529 0.830789804
vn -0.935371995 0.157392785 0.31671232
vn -0.968728125 0.0711501315 -0.237704843
vn -0.592025876 -0.03290857 -0.80524683
vn 0.156466365 -0.102322988 -0.982368708
vn 0.815719903 -0.0559469685 -0.575734973
vn 0.99739033 0.0454132073 0.056128148
vn 0.251273721 0.0152321476 0.967796147
vn 0.8350721 0.0988068953 0.541194737
vn -0.493868858 -0.0490827151 0.868149996
vn -0.92201215 -0.069332093 0.380902529
vn -0.966705084 -0.0204088651 -0.255077958
vn -0.614018977 0.0490112156 -0.787768006
vn 0.0132432133 0.11392846 -0.993400693
vn 0.799775243 0.171216294 -0.575364649
vn 0.986074626 0.153814346 0.0632297844
vn 0.144221231 0.132722482 0.980604351
vn 0.632455826 0.406513035 0.659353256
vn -0.358791888 0.156609625 0.920185745
vn -0.835070074 0.306386858 0.456930012
vn -0.88103199 0.446055532 -0.15753442
vn -0.610759437 0.628190637 -0.482026428
vn -0.0579977892 0.855279088 -0.514911532
vn 0.672252357 0.690229058 -0.267694801
vn 0.856003582 0.509875476 0.0853507593
vn 0.0295921955 0.685573339 0.727401912
vn 0.213368431 0.830401003 0.514692247
vn -0.193073779 0.703635514 0.683827162
vn -0.439827204 0.787638605 0.431482762
vn -0.519862235 0.844336152 0.129767373
vn -0.352484256 0.935731769 0.012683562
vn -0.029981913 0.996363997 0.0797494277
vn 0.293620229 0.949832082 0.107732072
vn 0.380986571 0.896751285 0.225135863
vn 0.678145826 0.0211358275 0.734623373
vn 0.517669559 0.0241414476 0.855239928
vn 0.931776404 0.0263781808 0.362073153
vn 0.91854912 0.0212121028 0.394737273
vn -0.14888218 0.0323094539 0.988326967
vn -0.185662121 0.0328072757 0.982065856
vn 0.447278768 0.0367703103 0.893638432
vn 0.317763776 0.0449089967 0.947105765
vn -0.179792091 0.032676857 0.983161747
vn -0.223919258 0.0683093369 0.972210944
vn -0.383072674 0.132016718 0.914235711
vn -0.374332577 0.136299565 0.917222738
vn 0.838739693 0.0766311064 -0.539113641
vn 0.917210579 0.0648731887 -0.393085688
vn 0.977840006 0.0662803426 -0.198584691
vn 0.979217529 0.0660509467 -0.191755533
vn 0.979542255 0.0660682023 -0.190084085
vn 0.981428266 0.0658326 -0.180179372
vn 0.936578333 0.0271771178 0.349403024
vn 0.93084991 0.0620381571 -0.360096842
vn 0.929056764 0.0621697642 -0.364675999
vn 0.587976396 0.72818917 -0.352170736
vn 0.607020497 0.707874715 -0.361164063
vn 0.909072936 0.19306393 -0.369205505
vn 0.92921555 0.0763684139 -0.36156106
vn -0.283857167 0.255947024 0.924075902
vn -0.368360251 0.13919805 0.919203222
vn -0.334067285 0.141658604 0.931843221
vn -0.310940295 0.437795162 0.843594372
vn -0.0359478295 0.895148098 0.444317132
vn -0.238393739 0.95322454 0.185826436
vn -0.196146026 0.973054767 0.121206999
vn 0.0287520848 0.999410093 -0.0187862776
vn 0.060791783 0.99702245 -0.0474397913
vn -0.14598392 0.987552702 0.0585515089
vn -0.0095471302 0.999953032 0.00171071023
vn -0.0627242401 0.997959733 -0.0119153829
vn 0.198058605 0.969095647 -0.147059426
vn 0.244236514 0.958392382 -0.14775829
vn 0.310889661 0.928737819 -0.201974586
vn 0.42072612 0.853493452 -0.307470948
vn 0.489571333 0.81703639 -0.304584146
vn 0.941506207 0.315342933 0.11884781
vn 0.452183664 0.741904974 0.495082736
vn 0.937372983 0.322672248 0.13120392
vn 0.757918715 0.643289328 0.108342603
vn 0.5548262 0.773852587 0.30548355
vn 0.464633763 0.819005668 0.336668015
vn 0.100763068 0.836424053 0.538740754
vn -0.0642169267 0.562215626 0.824493647
vn -0.173625439 0.17003952 0.970021009
vn -0.188713446 0.132630318 0.97303468
vn -0.196574599 0.129611239 0.971884489
vn -0.374332577 0.136299551 0.917222738
vn 0.880755007 0.429780751 -0.198895067
vn 0.947204113 -0.142816603 -0.287067533
vn 0.969748795 0.144487664 0.196749926
vn 0.834282458 -0.535957992 0.129312903
vn 0.725641072 -0.0853517801 0.682759285
vn 0.726382315 0.610181928 0.316301554
vn 0.385040045 0.71982801 -0.577574134
vn 0.599566042 0.545654416 -0.585475683
vn 0.653390944 0.318806946 -0.686616719
vn 0.261230379 0.750029266 -0.607630551
vn 0.753684223 0.567135572 -0.332140535
vn 0.946195304 0.206514388 -0.249131233
vn 0.60943526 0.78403604 -0.117796339
vn 0.502876043 0.812582016 0.294662654
vn 0.349247843 0.880376577 -0.320878416
vn 0.144604519 0.98412168 -0.102927223
vn 0.385363847 -0.340168655 -0.857776165
vn 0.253254771 0.542997897 -0.800634384
vn 0.037386328 -0.941996157 -0.333534867
vn -0.709587157 -0.453248769 0.539492011
vn -0.392060786 0.91517204 -0.0935333595
vn -0.0396249779 0.589375198 -0.80688709
vn 0.147249356 0.624883652 -0.76670599
vn 0.204523712 0.632985115 -0.7466591
vn 0.226816416 0.646950185 -0.728017807
vn -0.32721585 0.502111435 -0.800508559
vn -0.298765659 0.514078915 -0.804028571
vn 0.686966717 0.725614607 -0.0394984521
vn 0.687896013 0.725072145 -0.0327034257
vn 0.564519882 0.692907512 -0.4485493
vn 0.585883856 0.691218436 -0.423033178
vn 0.694424987 0.717693031 0.0518712029
vn 0.679457068 0.719055057 0.145938247
vn 0.688372195 0.724484742 -0.0355749018
vn 0.691470027 0.714448571 -0.106923223
vn 0.534986436 0.75114423 -0.386745393
vn 0.364218622 0.734796107 -0.572205722
vn 0.689733922 0.722006857 0.0545269065
vn 0.609585226 0.758042455 -0.231899828
vn 0.328882188 0.722067118 -0.608650744
vn 0.137988925 0.631955743 -0.762621105
vn -0.289350003 0.514238477 -0.807363212
vn -0.726121128 0.541163623 0.424134552
vn -0.621154726 0.590657413 0.515063584
vn -0.701981485 0.467091084 0.53763175
vn -0.555758476 0.474856675 0.682380795
vn -0.649335802 0.391939133 0.651725948
vn -0.727378011 0.450928092 0.517286301
vn -0.887936532 0.226334363 -0.400426656
vn -0.860401452 0.29664436 -0.414380789
vn -0.74190402 0.667838037 -0.0597559623
vn -0.864947915 0.221788526 -0.450194329
vn -0.987493277 0.141597033 0.0693349093
vn -0.538917542 0.0270013548 0.84192574
vn -0.96587652 0.00389099587 0.258973628
vn -0.712310255 -0.343225807 0.612217426
vn -0.97295022 0.02570167 -0.229580715
vn -0.956276238 -0.278981835 0.0877777413
vn -0.447921336 0.811313987 0.375680804
vn -0.825740874 0.562708855 0.0388679057
vn -0.292909265 0.356994301 0.886994481
vn -0.595099151 0.00873973314 0.803604782
vn -0.911623061 0.185583964 0.366745055
vn -0.110313661 0.0380473807 -0.993168294
vn 0.0481948145 0.0496469699 -0.997603357
vn 0.110980734 0.0426016562 -0.992909014
vn 0.43994379 0.025106363 -0.897674263
vn 0.177606449 0.0798589811 -0.980856001
vn 0.0580816567 0.100727819 -0.99321723
vn -0.486834615 0.193307295 -0.851835907
vn -0.609754801 0.204138756 -0.765850067
vn -0.677486598 0.208013639 -0.705508471
vn -0.930281222 0.215337798 -0.29699561
vn -0.946865737 0.218802825 -0.235734195
vn -0.961999953 0.261922121 0.0771548003
vn -0.942783296 0.237694994 -0.233796388
vn -0.94105041 0.236641556 -0.24171257
vn -0.745579243 0.180894837 -0.641395688
vn -0.964241922 0.263328642 0.0299264006
vn -0.621431828 0.145679727 -0.769805133
vn -0.61464709 0.144379973 -0.775476217
vn -0.687793553 0.159958735 -0.708062887
vn -0.950874925 -0.309448034 0.0088763833
vn -0.749773383 -0.381683201 0.540516317
vn -0.731685936 -0.665549815 0.147238359
vn -0.36659345 -0.798952937 0.476742476
vn -0.588839591 -0.0790409148 0.804375827
vn -0.733592153 0.0714585781 0.675822616
vn -0.491952777 0.596271217 0.634384096
vn -0.48946321 0.35542506 0.796303213
vn 0.349088937 0.733643949 0.583012402
vn 0.146442279 0.958048463 0.246369347
vn -0.444080621 0.0767012015 0.892697692
vn 0.553257406 0.339131653 0.760852158
vn -0.483567119 0.211016759 0.849490941
vn 0.721622527 0.0691640377 0.688823104
vn -0.621217668 0.5133605 0.592072308
vn 0.222789735 0.97457701 -0.0237579364
vn 0.53094703 0.664082587 0.526392996
vn -0.538459301 0.698490858 0.471351266
vn 0.659242868 -0.653830171 0.371355712
vn -0.237312794 -0.349761635 0.906283259
vn -0.895332217 0.21559684 0.389741361
vn -0.604047656 0.731733322 0.315741479
vn -0.111567728 0.981518984 -0.155477345
vn -0.565122545 0.778171122 0.274018556
vn -0.632430732 0.640138924 0.4361808
vn -0.603612065 0.286036372 0.744201303
vn -0.584149897 0.196360186 0.787535191
vn -0.473718196 0.0226632338 0.880384803
vn -0.382437646 -0.0290815663 0.923523545
vn -0.418354332 0.238892615 0.876304686
vn -0.423714429 0.28239125 0.860651672
vn -0.437647283 0.788640559 0.431869119
vn -0.386606961 0.866388798 0.316078216
vn -0.458059371 0.376023352 0.805473804
vn -0.454511523 0.693176031 0.559398234
vn -0.150517493 0.986867011 -0.0586342327
vn -0.489192963 0.871441603 0.0357729383
vn -0.34488821 0.91920799 0.190023184
vn -0.485365152 0.78271687 0.389582962
vn -0.521044612 0.770644844 0.366904587
vn -0.7097736 0.566424787 0.418789417
vn -0.760508478 0.615025818 0.208255142
vn 0.343043208 0.235450029 -0.909332037
vn 0.740247905 0.373251766 -0.559210181
vn -0.317380637 0.875777483 0.363707453
vn 0.101007484 0.700189888 -0.706775606
vn -0.572403193 0.62578994 0.529850483
vn 0.803906798 0.510969102 -0.30437538
vn 0.632605553 0.774368405 0.0127951149
vn 0.628675163 0.77759403 0.0107341912
vn 0.609864354 0.792311251 0.0175558683
vn 0.118744507 -0.0813342482 -0.989587963
vn -0.94909972 0.314882696 0.00766181573
vn 0.150063396 0.9688555 0.196977347
vn -0.394337684 0.740485191 -0.544223785
vn -0.223606408 0.479541272 0.848551929
vn -0.855377913 0.360653967 0.371829808
vn -0.863992989 0.0586368218 0.500077903
vn -0.979477108 0.164553761 -0.116390333
vn -0.00289481971 0.995145917 -0.0983680636
vn -0.423684984 0.788121283 -0.446493
vn -0.402537644 0.70627892 0.582351625
vn -0.87094152 0.138618946 0.471429348
vn -0.954169691 0.292091578 -0.0651353449
vn 0.259373635 -0.0564090274 -0.964128196
vn 0.804233849 0.469955266 -0.363799453
vn 0.130654469 0.960847139 -0.244340256
vn 0.0918315798 0.961895585 -0.257534325
vn 0.00862857234 0.952515125 -0.304369032
vn -0.0470212512 0.947822213 -0.315312624
vn -0.0900871679 0.941911221 -0.323554546
vn 0.479513198 0.875615954 -0.0579980426
vn -0.114706479 0.91332531 -0.390742034
vn -0.114882112 0.907253027 -0.404591233
vn -0.114976086 0.900206387 -0.420010507
vn -0.112935901 0.833023012 -0.541588545
vn -0.112880819 0.831782937 -0.543502748
vn -0.115967795 0.603512645 -0.788875103
vn -0.114040963 0.54769206 -0.828871548
vn -0.0457238294 0.112548403 -0.992593706
vn -0.0240745395 -0.0132134091 -0.999622881
vn -0.10600698 0.925100446 -0.364625216
vn 0.415228873 0.689004898 0.594017804
vn 0.256126851 0.651981592 0.713666022
vn 0.266725361 0.814792454 0.514753163
vn 0.0766513124 0.767288089 0.636705339
vn 0.17608273 0.855151892 0.487555236
vn 0.349594474 0.802377701 0.483708262
vn 0.702166975 -0.250906706 0.666338801
vn 0.537796676 -0.245240256 0.806617498
vn 0.48082608 -0.0845085531 0.872733951
vn 0.865083992 -0.0340186916 0.500472188
vn 0.47799927 -0.0106162298 0.878296077
vn 0.139384985 0.337123513 0.93108511
vn 0.685044169 0.154309183 0.711971283
vn 0.48501578 0.846802294 0.218370542
vn 0.825173616 -0.0365202799 0.563697517
vn 0.945777595 0.253571332 -0.20299381
vn 0.319647759 0.241771445 0.916172445
vn 0.699047923 0.342686176 0.627613068
vn -0.174590603 0.500874579 0.847728014
vn 0.0336142033 0.963485956 0.265640587
vn 0.649244189 0.715248346 0.25865373
vn 0.561185777 -0.443876773 0.698601425
vn 0.396045715 -0.407746345 0.822733641
vn 0.162539661 -0.296276003 0.941170216
vn 0.830780029 -0.54717207 0.102017187
vn 0.811462164 -0.546263337 0.207666636
vn -0.132716507 -0.0133140143 0.991064608
vn -0.356481075 0.112889074 0.927457392
vn -0.365858465 0.404423177 0.838206053
vn -0.328272253 0.590696216 0.737099171
vn -0.378053606 0.632121146 0.676386118
vn -0.379309028 0.641324997 0.666953444
vn 0.0717575103 -0.174184486 0.982095063
vn 0.942973733 0.0684809089 0.325746715
vn 0.949751139 0.0768450499 0.303426325
vn -0.379928052 0.647115171 0.660981596
vn -0.335399181 0.676927805 0.65519166
vn -0.668245018 0.41385448 0.618201375
vn -0.752788484 0.202640206 0.626295745
vn -0.437930524 -0.0464103073 0.897809982
vn -0.422140986 -0.0569711141 0.904738247
vn 0.0749553964 -0.182017908 0.980434179
vn 0.130882248 -0.190856531 0.972853303
vn 0.592767894 -0.12856707 0.795045078
vn 0.667766213 -0.10437724 0.737016678
vn 0.963274479 0.149588153 -0.222992226
vn 0.977456391 0.0904729441 0.190770969
vn 0.99768734 0.0623541512 0.0270574968
vn 0.997593582 -0.0195990633 0.0665048882
vn 0.971253753 -0.20833689 0.115160592
vn -0.62677598 -0.329979509 -0.705879092
vn -0.700714707 -0.302346498 -0.646208644
vn -0.698082328 -0.383226752 -0.604829133
vn -0.723179996 -0.403215408 -0.560738802
vn -0.672793627 -0.515269518 -0.530891776
vn -0.603456557 -0.480420589 -0.636424482
vn -0.283012569 -0.264382243 -0.921957612
vn -0.827141941 -0.0474876314 -0.559983134
vn -0.8200984 0.282661051 -0.497535229
vn -0.343629509 -0.00498488173 -0.93909204
vn -0.894411981 -0.240571439 -0.377031356
vn -0.978340149 -0.161006868 -0.13010484
vn -0.664672554 -0.524424016 -0.532155812
vn -0.696974456 -0.683367729 -0.217336491
vn -0.214192793 -0.518308043 -0.827936113
vn -0.305226773 -0.666518569 -0.680139422
vn -0.768693864 0.0334267318 -0.638742864
vn -0.428788811 -0.146395624 -0.891464293
vn -0.902187884 -0.329398662 -0.278484523
vn -0.627184808 -0.728029251 -0.276789814
vn -0.334235072 -0.654117644 -0.678540409
vn -0.563422084 -0.370187402 -0.738591075
vn 0.345754445 -0.265152156 -0.90008229
vn -0.0166972782 -0.355369955 -0.934576571
vn -0.223576322 -0.382874727 -0.89633733
vn -0.7855497 -0.335391551 -0.520023048
vn -0.939627528 -0.248882338 -0.234856844
vn -0.63055253 -0.363182694 -0.685931325
vn -0.786101937 -0.343987197 -0.513533354
vn -0.742871463 -0.358272105 -0.565493703
vn -0.554343402 -0.396292925 -0.731884778
vn -0.561503947 -0.401166499 -0.723725557
vn -0.30226329 -0.38466984 -0.872161627
vn -0.252447844 -0.379226774 -0.890200675
vn 0.288943797 -0.226012081 -0.930284977
vn 0.335714936 -0.220334575 -0.915831983
vn 0.385004371 -0.214843288 -0.89756
vn 0.557189345 -0.163593978 -0.814111233
vn 0.454936564 -0.216554582 -0.863792121
vn 0.412108451 -0.236506134 -0.87990433
vn 0.0194718093 0.810076535 -0.586000621
vn -0.147520453 0.6270473 -0.764885187
vn -0.00731141958 0.647063434 -0.762401164
vn -0.125662684 0.361987948 -0.923673987
vn 0.133621484 0.409691662 -0.902384639
vn 0.220271289 0.704676032 -0.674471796
vn -0.081765078 0.91423434 0.396850109
vn -0.224019632 0.966472626 0.125482857
vn -0.501228213 0.855211198 0.131848156
vn -0.244110391 0.681876957 0.689531744
vn -0.0094955666 0.995598853 -0.093234241
vn -0.0711555555 0.937432647 -0.340818197
vn 0.27361697 0.961517215 0.0248654597
vn 0.53483361 0.823815227 -0.187833488
vn 0.240480378 0.907016277 0.345674276
vn 0.510467529 0.636358082 0.578334928
vn -0.981366277 0.138264164 -0.133428454
vn -0.810195327 0.139189616 0.569394231
vn -0.649923384 -0.0758805126 -0.756202281
vn 0.132312596 -0.450717539 -0.882806361
vn 0.538890123 -0.703896821 0.462738186
vn -0.610148013 0.507291138 -0.608584464
vn -0.105821729 0.987202764 -0.119300045
vn -0.379930228 -0.110413782 -0.918401718
vn 0.287044138 -0.106032766 -0.952030838
vn 0.630519152 0.666513026 -0.397751153
vn -0.334845215 0.75053668 0.569713473
vn -0.323192835 0.939011157 0.117491908
vn -0.418662459 0.907365561 0.0375411026
vn -0.0802722052 0.670343816 0.737696171
vn -0.18691802 0.966711819 -0.174727514
vn -0.0991051421 0.967059016 -0.234467581
vn -0.0565863736 0.956307709 -0.286833465
vn -0.0196040403 0.942845106 -0.332653999
vn 0.0114287203 0.928488851 -0.371184558
vn 0.0390578099 0.91299051 -0.406107038
vn -0.278362721 0.955938101 -0.0932565331
vn 0.154237792 0.922024429 -0.355079502
vn 0.179586962 0.92193687 -0.34319216
vn 0.233336419 0.913853943 -0.33230266
vn 0.308032602 0.90358144 -0.297752261
vn 0.432356387 0.860934913 -0.268065453
vn 0.687024832 0.710281014 -0.153289527
vn 0.0759223551 0.917239189 -0.391034663
vn 0.692044377 0.714162946 0.105098791
vn 0.725434065 0.657530129 0.203468487
vn 0.740542591 0.574128449 0.349246532
vn 0.633076489 0.773276567 -0.0354620963
vn 0.00980319921 0.654281914 0.756187201
vn 0.568850935 0.607890785 0.553965092
vn 0.506040752 0.612043679 0.607721567
vn 0.0739651173 0.658942163 0.74854815
vn 0.904956639 0.139708325 -0.401914418
vn 0.97393018 0.196105614 -0.114027992
vn 0.877387226 0.353915185 -0.323938012
vn 0.882194519 0.468640447 -0.0459234156
vn 0.760254145 0.568087637 -0.315103501
vn 0.776500404 0.352253854 -0.522459805
vn 0.963248551 -0.234890476 -0.13030228
vn 0.770779133 -0.569504261 0.285594791
vn 0.505224645 -0.323458433 0.800076663
vn 0.598366797 -0.801221251 -0.00133260956
vn 0.875103176 -0.460293949 0.149411663
vn 0.870352209 0.0509152189 0.489790559
vn 0.876404762 -0.310164541 -0.368391842
vn 0.953979552 0.221663579 -0.20196113
vn 0.814255476 -0.330068201 -0.477538645
vn 0.764858365 0.0342792645 -0.643285871
vn 0.499313295 -0.411883086 0.762258828
vn 0.324736774 -0.941863477 -0.0862508416
vn 0.662741482 0.196564421 0.72258997
vn 0.749198735 0.656626046 -0.0868525654
vn 0.511868894 -0.179850742 -0.84002614
vn 0.958224952 -0.15475437 0.240532413
vn 0.829634726 -0.334349811 -0.447120219
vn 0.75671345 0.497651994 0.423942506
vn 0.441800058 0.864849567 -0.238428041
vn 0.495011747 0.230156839 -0.83784914
vn 0.891169727 -0.447503299 0.0745477304
vn 0.823165536 -0.520079255 0.227850914
vn 0.936211348 -0.0593706332 -0.346386105
vn 0.943919897 -0.300004333 -0.137886539
vn 0.745109022 -0.637443244 0.196159735
vn 0.720195889 -0.666490197 0.192636266
vn 0.753749251 -0.64733845 0.113202848
vn 0.802917004 -0.505056083 -0.316611081
vn 0.711662292 -0.0560487323 -0.700282216
vn 0.710577071 -0.0537761897 -0.701561391
vn 0.806310236 -0.533684492 -0.255039006
vn 0.599070728 0.125775978 -0.790755689
vn 0.442421526 0.572770059 -0.690070748
vn 0.652142882 -0.00779795041 -0.758055925
vn 0.680195391 0.235680133 -0.694110334
vn 0.762530327 0.0730710328 -0.64281255
vn 0.912575245 -0.0404497087 -0.406903446
vn -0.607289493 0.792389512 -0.0576037131
vn -0.473101825 0.838047802 -0.271754593
vn -0.347693712 0.928149521 -0.132843912
vn -0.271545053 0.938399971 -0.213702649
vn -0.229138717 0.972467303 0.042458605
vn -0.451438367 0.875258923 0.173566312
vn 0.26506263 0.225920334 -0.937390924
vn 0.345404267 0.304056734 -0.887831807
vn -0.85738951 -0.0155022172 -0.514434516
vn -0.713875711 -0.300252944 -0.632636964
vn -0.993745148 0.00166412676 0.111659057
vn 0.730346203 0.505315959 -0.459619671
vn 0.669828773 0.481040269 -0.565623224
vn 0.330818892 0.313516051 -0.890093565
vn 0.272666812 0.287893504 -0.918025136
vn -0.265279263 0.0153682381 -0.96404916
vn -0.342233747 -0.018648399 -0.93942982
vn -0.783748925 -0.239871174 -0.572887003
vn -0.809714675 -0.250781089 -0.530538321
vn -0.88363409 -0.284295648 -0.371976823
vn -0.877619445 -0.479043186 -0.0173674356
vn -0.782705605 -0.342231333 -0.519855201
vn -0.856800139 -0.515259743 0.0200227443
vn -0.71466589 0.320180088 -0.6218822
vn -0.793043196 0.547990024 0.266062796
vn -0.927650034 -0.291630566 0.233274594
vn -0.840447128 -0.134405151 0.524960816
vn -0.706251204 -0.170220122 -0.687193096
vn -0.978952944 -0.203894526 0.00884384476
vn 0.0254623666 0.327304363 -0.944575787
vn 0.129156485 0.810337484 0.571552098
vn -0.733659267 0.104130961 0.671491563
vn -0.677817285 0.432525605 -0.594546318
vn -0.948440611 0.316799968 0.00989876688
vn 0.0611295402 0.799489617 -0.597561181
vn 0.166016668 0.886810243 0.43128407
vn -0.610559106 0.514443576 0.602134109
vn -0.949586272 -0.31343627 -0.00660846569
vn -0.945267618 -0.322043598 -0.0525077917
vn -0.915554821 -0.321636736 -0.241473079
vn -0.76954633 -0.27992925 -0.57396698
vn -0.577750623 -0.189733505 -0.793854773
vn -0.236071959 -0.0410623699 -0.970867574
vn 0.0450159051 0.112023838 -0.992685318
vn 0.288167655 0.237999499 -0.927532077
vn 0.702834427 0.494630486 -0.511238098
vn 0.795956135 0.54841131 -0.256317943
vn 0.730471373 0.505813122 -0.458873272
vn -0.933460057 -0.293082118 0.206773296
vn -0.891018867 -0.247471452 0.38058275
vn -0.945283115 -0.325179666 -0.0264184624
vn -0.918013692 -0.261447817 0.298154026
vn 0.808086395 0.248638794 0.53401804
vn 0.834966481 0.502970815 0.223274171
vn 0.745305002 0.397471189 0.535291672
vn 0.71477896 0.448123872 0.536913514
vn 0.768217623 0.496240258 0.404459089
vn 0.839894891 0.366623044 0.400205314
vn 0.880330205 -0.378099293 0.286460727
vn 0.983832061 -0.124918126 0.128334835
vn 0.852983177 -0.245182842 -0.460765541
vn 0.902903795 -0.292447209 -0.315022677
vn 0.928107083 -0.315679312 -0.197392881
vn 0.935895383 -0.33656311 -0.10404408
vn 0.934130788 -0.356544852 -0.0166005362
vn 0.79877156 -0.25909248 0.542987287
vn 0.566392004 -0.260744721 0.781800628
vn 0.837916195 -0.455481559 0.300720662
vn 0.844603479 0.11047519 0.523870349
vn 0.554418087 0.466133058 0.689449489
vn 0.951639712 0.169289693 0.256364584
vn 0.863275707 0.50346905 0.0356893428
vn 0.996042013 -0.0357446671 -0.0813797191
vn 0.884516239 0.205755711 0.418683022
vn 0.992949843 -0.0930320919 -0.0734541789
vn 0.507749319 0.597871184 0.620274603
vn 0.767545879 0.635653138 0.0825741589
vn 0.978130162 0.189720571 0.085249275
vn 0.860437632 -0.27546531 0.428679287
vn 0.583006203 -0.0645769984 0.809897304
vn 0.898102999 -0.322929591 0.298542291
vn 0.52207154 0.0543084629 0.851170897
vn 0.42154485 0.15245612 0.893899977
vn 0.513470113 0.0878486857 0.853598833
vn 0.723908246 -7.45649868e-06 0.689896226
vn 0.930781841 -0.12751849 0.342613608
vn 0.971775889 -0.145050332 0.186043054
vn 0.983126402 -0.154285774 0.0982760862
vn 0.963349044 -0.220584333 -0.152647004
vn 0.89465338 -0.234367043 -0.380351752
vn -0.539078116 0.466008186 -0.701591849
vn -0.506871343 0.28710559 -0.812804878
vn -0.37086457 0.369312674 -0.852095962
vn -0.342983484 0.296761513 -0.891232312
vn -0.226773545 0.465554446 -0.855472326
vn -0.341684401 0.603413582 -0.720516503
vn -0.636835694 0.394203126 -0.662604272
vn -0.588229179 0.245765656 -0.770445108
vn 0.684424698 -0.183871523 -0.705516875
vn 0.988307595 0.0833724365 -0.127660125
vn 0.719992459 0.0925731659 -0.687779844
vn 0.691819608 0.0469366647 -0.720543206
vn 0.631052256 0.10610164 -0.768450141
vn -0.995919764 0.0893911645 -0.0123654064
vn -0.929828823 0.00984079111 -0.367860824
vn -0.850900829 0.0105016464 -0.525221288
vn -0.901528716 0.414630264 -0.12380518
vn -0.490056455 0.245904177 -0.836286902
vn -0.216723084 0.758464158 -0.614624441
vn -0.542253137 0.810569942 -0.221218944
vn -0.728521824 0.190153345 -0.658101559
vn -0.713232994 0.212245762 -0.668019712
vn -0.745557427 0.206751019 -0.633559942
vn -0.749058008 0.206132486 -0.629620075
vn -0.89722687 0.140399501 -0.418654948
vn -0.996585906 0.0739054307 0.0368027985
vn -0.734787047 0.433651805 0.521568894
vn -0.160253689 0.207869262 -0.964939952
vn 0.291879117 0.956134617 0.0247599762
vn -0.113998935 0.840313137 0.529979229
vn -0.767571867 -0.0202669427 -0.640642464
vn -0.810824335 0.481934518 -0.332118839
vn -0.241196215 -0.0994323939 -0.965369105
vn 0.136647552 0.540054739 -0.830462635
vn -0.319395334 0.871895254 -0.371194273
vn -0.65578407 -0.151017711 -0.739689767
vn -0.592238486 -0.181113884 -0.78514415
vn -0.993295074 -0.0542793535 -0.102072164
vn -0.99171114 -0.0554539189 -0.11590454
vn -0.908197045 -0.0761046186 -0.411565602
vn 0.537427604 -0.231032446 -0.811045945
vn -0.472915113 -0.187474474 -0.860932469
vn 0.00859113783 -0.170620456 -0.985299349
vn 0.203328803 -0.218209118 -0.954485357
vn 0.826028109 0.248809025 0.505738854
vn 0.85725832 0.214635611 0.468016833
vn 0.902806044 0.211390704 0.374506742
vn 0.98172766 0.162309036 0.0993303955
vn 0.979692876 0.11830388 -0.16188252
vn 0.895957947 0.101764798 -0.432323277
vn 0.0155507037 0.211442292 -0.977266788
vn -0.112416171 0.220554218 -0.968874812
vn 0.509817779 0.13126877 -0.850208461
vn -0.911347628 0.105215058 -0.397963792
vn -0.992417514 -0.0538140051 -0.110505812
vn 0.758294344 0.268024743 0.594266117
vn 0.765404046 0.263539881 0.587114513
vn -0.929536462 0.099966675 -0.354920655
vn -0.665586233 0.745941341 0.0238030087
vn -0.740439653 0.584058821 0.332602352
vn -0.840671718 0.486360908 0.238168433
vn -0.855882347 0.414380699 0.309441358
vn -0.91145432 0.409166425 0.0428233743
vn -0.800958574 0.581625342 -0.142046139
vn 0.97228843 0.199459329 0.121947683
vn 0.952975869 0.242115825 -0.182254702
vn -0.19841069 -0.237589255 -0.95088619
vn 0.145478368 -0.326901197 -0.93379426
vn 0.517909884 -0.338687927 -0.785531461
vn 0.541876733 -0.345347017 -0.766227901
vn 0.821643651 0.224836469 0.523784459
vn 0.826096177 0.0234799571 0.56303978
vn 0.938494146 0.156011358 -0.308041006
vn 0.680695474 0.360384881 0.637790263
vn 0.482215106 -0.116279386 0.86830163
vn 0.837016881 0.484188437 0.254880786
vn 0.692557037 -0.170002043 -0.701044977
vn 0.635029495 0.116495281 -0.763653398
vn 0.552413464 0.789282382 0.268090844
vn 0.422688216 0.754461646 -0.502117872
vn -0.563804507 -0.12989144 0.815630257
vn -0.646179736 -0.236255407 -0.725696266
vn -0.0627773553 0.352006793 -0.933889866
vn -0.39672929 0.678301573 0.618476212
vn -0.225964919 0.950415552 -0.21365878
vn -0.794827461 0.0631824136 0.603537321
vn -0.982509971 -0.00915168412 -0.185984969
vn -0.592186213 0.51982379 -0.61570996
vn 0.689904571 -0.325487047 -0.646598697
vn 0.982940912 -0.166277483 -0.0786064938
vn 0.984788537 -0.0670691207 0.160291672
vn 0.97823447 -0.0474477075 0.202005401
vn 0.982049763 -6.93785696e-05 0.188621685
vn 0.984689474 0.0988782346 0.143560976
vn 0.884026051 -0.0293991249 -0.466512144
vn 0.617607534 -0.0941791311 -0.780827403
vn 0.989232361 0.0280127954 -0.143647224
vn -0.0777802318 -0.236307889 -0.968560219
vn -0.360538393 -0.197139144 -0.911673367
vn 0.58583039 -0.107881516 -0.803221166
vn 0.241126642 -0.209129497 -0.947693408
vn -0.353318661 0.494708896 -0.793995678
vn -0.162960544 0.273812115 -0.94787693
vn -0.0979899466 0.55487597 -0.826142013
vn 0.159129381 0.364117146 -0.91765821
vn 0.115645587 0.681119561 -0.722981453
vn -0.210965842 0.722691953 -0.658186674
vn -0.0109220371 -0.768995464 -0.639160931
vn 0.171445012 -0.611992657 -0.772056699
vn -0.826442897 -0.267594039 -0.495364159
vn -0.8159585 -0.517153442 -0.258387446
vn -0.973111689 0.0724518299 -0.218642235
vn 0.180234775 -0.607876658 -0.773305476
vn 0.169082299 -0.613410592 -0.771452308
vn 0.102482311 -0.63841635 -0.762838125
vn -0.178789884 -0.676736951 -0.714185655
vn -0.364963859 -0.651159525 -0.665426672
vn -0.790490806 -0.443544418 -0.422365576
vn -0.964615166 -0.203107089 -0.16812247
vn -0.983724236 -0.132048309 -0.121860214
vn -0.924249589 -0.368509054 0.099819243
vn -0.725892246 -0.628174007 -0.280138969
vn -0.919191062 -0.354731768 0.1710352
vn -0.477737367 -0.325694621 -0.815898299
vn -0.70239222 0.631578088 -0.328259528
vn -0.988595188 -0.0719041526 0.132322341
vn -0.919296801 0.233903095 0.316516578
vn -0.590548813 -0.603581965 -0.53566879
vn -0.987073481 -0.101782545 -0.12379954
vn 0.227792144 -0.491345942 -0.840648532
vn 0.184060603 0.976680756 -0.110527337
vn -0.792408288 0.58189106 0.183007866
vn -0.371525764 -0.250331789 -0.894037187
vn -0.785588801 0.254843235 -0.563830912
vn 0.442668825 -0.136556491 -0.886226058
vn 0.430231243 0.839757442 -0.331222594
vn -0.50804323 0.835859478 -0.207920849
vn -0.248998895 -0.779360175 -0.574975848
vn -0.232613415 -0.779061317 -0.582198024
vn -0.168421388 -0.773974955 -0.610407174
vn -0.200574934 -0.826403081 -0.526144087
vn -0.376092464 -0.81718415 -0.436765939
vn -0.741757214 -0.66067946 -0.115320176
vn -0.617471933 -0.773180127 -0.144640744
vn -0.867678225 -0.494152039 -0.0542990342
vn -0.904809535 0.314962447 0.286563218
vn -0.792142212 0.464294851 0.396157831
vn -0.685925841 -0.725583315 -0.0550875291
vn -0.937121749 -0.343653023 0.0608716644
vn -0.917176783 -0.397908837 0.0213367492
vn -0.852713645 0.372005075 0.366731048
vn 0.177841365 0.949963033 0.256793112
vn -0.0143763609 0.995956779 0.0886749327
vn -0.00370324263 0.999079943 -0.0427276902
vn -0.0480932668 0.988873124 -0.140772656
vn 0.111809693 0.971733332 -0.207925245
vn 0.29710862 0.95434761 0.0307754464
vn 0.978147149 0.20781365 -0.00645878166
vn 0.822713733 0.420902908 -0.382077008
vn 0.240638614 -0.0616385043 -0.968655646
vn 0.869680166 -0.208501607 -0.44741863
vn 0.884468019 -0.0893343464 -0.45796898
vn 0.879638076 -0.086661309 -0.467682183
vn 0.806916475 -0.0511469506 -0.588446975
vn 0.888260961 -0.0720996037 -0.453645527
vn 0.890963137 -0.0751317516 -0.44781673
vn 0.908784747 -0.0915232375 -0.407104284
vn 0.910693347 0.328429937 0.250542015
vn 0.852005839 -0.25537163 -0.457024604
vn 0.862333655 -0.245755598 -0.442701697
vn 0.990102649 -0.13996315 0.0103426361
vn 0.983751774 0.104214489 -0.146191135
vn 0.647200823 0.757896841 -0.0819973871
vn -0.267546594 0.675957143 0.686659038
vn 0.371382415 0.339722186 0.864097178
vn 0.312709838 0.732540905 -0.604645669
vn 0.103032932 0.930338919 -0.351928502
vn 0.683764279 0.57089138 -0.454477102
vn 0.937740386 0.347303927 0.00477395114
vn -0.578532457 0.579733372 0.573767602
vn 0.58331883 0.362165093 0.727031887
vn -0.648649216 0.633644223 -0.421603084
vn 0.273407012 0.602390289 -0.749916315
vn 0.960029483 0.279896587 0.00111346773
vn -0.291095436 0.863661766 0.411523849
vn 0.305075735 0.679859877 0.666872859
vn -0.377513707 0.831752539 -0.407027304
vn 0.261692584 0.753580987 -0.603019595
vn 0.698919475 0.706349671 0.112168074
vn -0.259169757 0.0120195756 -0.965757012
vn -0.209728882 -0.0667479485 -0.97547859
vn 0.273265868 0.49184081 -0.82669121
vn 0.10912291 0.506963968 -0.855032027
vn 0.980811059 0.112364069 -0.159324005
vn 0.924226403 0.221242189 -0.311219156
vn 0.571150541 0.434485972 -0.696425855
vn -0.410930276 0.283800095 -0.866368234
vn -0.452197611 0.266815841 -0.851073802
vn -0.343719691 0.317863852 -0.883639872
vn -0.488294989 0.224430382 -0.843326151
vn -0.46437794 0.200025395 -0.862753034
vn -0.432687223 0.169849023 -0.885399938
vn -0.411063612 0.265764654 -0.872006893
vn -0.386405051 0.259086102 -0.885192335
vn 0.0873883665 0.136997744 -0.986709177
vn -0.419929892 0.202318355 -0.88471812
vn -0.441922307 0.210277677 -0.872059584
vn 0.691225469 0.722169399 0.0260541607
vn 0.245079756 0.681872964 -0.689191699
vn -0.76699084 0.482691497 -0.422769427
vn -0.591616988 0.360410273 0.721175075
vn 0.364403516 0.62517029 0.690197229
vn 0.226816416 0.646950185 -0.728017807
vn 0.204523757 0.632985115 -0.746659219
vn 0.147249371 0.624883592 -0.76670599
vn -0.0396249741 0.589375198 -0.80688715
vn -0.298765659 0.514078915 -0.804028571
vn -0.327215821 0.502111435 -0.800508559
vn 0.687896013 0.725072145 -0.0327034295
vn 0.686966717 0.725614607 -0.0394984521
vn 0.585883856 0.691218436 -0.423033178
vn 0.564519823 0.692907512 -0.448549241
vn 0.679457068 0.719055057 0.145938247
vn 0.694424987 0.717693031 0.0518712327
vn 0.691470027 0.714448571 -0.106923193
vn 0.688372195 0.724484742 -0.0355749018
vn 0.534986377 0.751144111 -0.386745393
vn 0.609585226 0.758042455 -0.231899828
vn 0.689733922 0.722006857 0.0545269065
vn 0.364218682 0.734796107 -0.572205722
vn -0.289350003 0.514238477 -0.807363212
vn 0.137989014 0.631955743 -0.762621105
vn 0.328882247 0.722067058 -0.608650684
vn 0.138077125 -0.476497978 0.868265033
vn 0.612342358 0.601179898 -0.513438821
vn 0.47913456 0.735369086 -0.47923106
vn 0.870822608 0.320310056 -0.372920156
vn 0.364181578 -0.503460705 0.783517122
vn -0.111567728 0.981518984 -0.155477345
vn -0.604047656 0.731733322 0.315741479
vn -0.565122545 0.778171122 0.274018556
vn -0.473718196 0.0226632338 0.880384803
vn -0.584149897 0.196360156 0.787535071
vn -0.603612065 0.286036372 0.744201303
vn -0.632430673 0.640138865 0.4361808
vn -0.418354332 0.238892689 0.876304686
vn -0.382437646 -0.0290815663 0.923523545
vn -0.423714429 0.282391161 0.860651672
vn -0.386606991 0.866388857 0.316078186
vn -0.437647283 0.788640559 0.43186906
vn -0.454511523 0.693176031 0.559398174
vn -0.458059371 0.376023352 0.805473864
vn -0.150517479 0.986867011 -0.0586342663
vn -0.287459701 0.860397696 0.42081207
vn -0.213813886 0.808246434 0.548654199
vn -0.308694571 0.842240155 0.441971928
vn -0.288134903 0.730528355 0.619117558
vn -0.424563825 0.763537228 0.4865762
vn -0.406343222 0.839220583 0.361377954
vn 0.227034852 0.166912749 0.95947659
vn 0.567723215 0.151598021 0.809140563
vn 0.857091427 0.0913671926 0.506997466
vn 0.293751657 0.272885203 0.916102409
vn 0.249341935 0.213152215 0.944666505
vn 0.249270707 0.213165671 0.9446823
vn 0.248987272 0.213220268 0.944744587
vn 0.249372184 0.213246405 0.944637239
vn 0.249918193 0.213241428 0.944494009
vn 0.250343412 0.213151589 0.944401681
vn 0.843182325 0.124603316 0.522989094
vn 0.881394625 0.156580254 0.445674926
vn 0.375415236 0.0876124427 0.922706544
vn 0.205085337 -0.0107966224 0.978684545
vn 0.0959378928 0.0114110708 0.995321929
vn 0.337712586 0.158752128 0.927765071
vn 0.251184016 0.142873853 0.957336783
vn -0.0637801886 0.118841618 0.990862668
vn 0.522144377 0.232990637 0.820414841
vn 0.260424167 0.441690892 0.858538628
vn 0.116364159 -0.00565516064 0.993190467
vn -0.570739388 0.0184452143 0.820924044
vn -0.638009548 0.277437061 0.718312263
vn -0.0614446439 0.00828537345 0.998076081
vn 0.0431625433 0.0505504124 0.99778837
vn 0.0585505292 0.0557385013 0.996727169
vn 0.0388908125 0.779595137 0.625074983
vn -0.0995180383 0.98045361 0.169726148
vn -0.222218424 0.508716404 0.831761122
vn -0.607278049 0.54804945 0.575200021
vn -0.56987077 0.807290435 0.153392687
vn 0.967532396 0.00708907517 -0.252647877
vn 0.997147918 0.0500983447 0.0564472191
vn 0.996001542 0.05246659 0.0723062679
vn 0.983726382 0.0676317886 0.166458547
vn 0.998342395 0.000856255356 0.0575481839
vn 0.998933375 -0.00224285619 -0.0461197905
vn 0.95273757 -0.0513551049 -0.299422383
vn 0.95981586 -0.132609978 -0.247322038
vn 0.0857645944 0.227141842 0.970077872
vn 0.199590996 0.200299844 0.959188938
vn 0.250154823 0.18781805 0.9498142
vn 0.196036726 0.294552982 0.935311794
vn 0.997197092 0.0698286369 -0.0268703513
vn 0.942719579 -0.13956441 -0.302987933
vn 0.942386508 -0.143589392 -0.302141935
vn 0.160576358 0.00718724495 0.986997247
vn 0.940862834 0.11534325 0.318548262
vn 0.994747281 0.0838457569 0.0587175637
vn 0.730104089 0.123733371 0.672040224
vn 0.408599585 0.0366891101 0.911976099
vn 0.832429349 0.110125706 0.543077946
vn 0.211814463 0.0594102666 0.975502491
vn -0.915554762 -0.321636796 -0.241473109
vn -0.945267618 -0.322043657 -0.0525077656
vn -0.949586332 -0.31343627 -0.00660846569
vn 0.78876698 0.602178812 -0.123399153
vn 0.288167685 0.237999499 -0.927532077
vn 0.0450158902 0.112023838 -0.992685318
vn -0.236071989 -0.0410623737 -0.970867634
vn -0.577750623 -0.189733505 -0.793854773
vn -0.76954627 -0.27992925 -0.57396698
vn -0.265279263 0.0153682381 -0.964049101
vn 0.272666812 0.287893474 -0.918025076
vn 0.330818892 0.31351611 -0.890093565
vn 0.669828832 0.481040269 -0.565623224
vn -0.88363409 -0.284295589 -0.371976793
vn -0.809714675 -0.250781149 -0.530538321
vn -0.783748925 -0.239871114 -0.572887003
vn -0.342233747 -0.018648399 -0.93942976
vn -0.891018867 -0.247471452 0.38058275
vn -0.933460057 -0.293082058 0.206773296
vn -0.945283234 -0.325179636 -0.0264184661
vn 0.702834427 0.494630426 -0.511238098
vn 0.730471432 0.505813181 -0.458873242
vn 0.795956135 0.54841131 -0.256317854
vn 0.685719252 0.564026058 0.46006912
vn -0.918013692 -0.261447817 0.298154026
vn 0.650246918 -0.526107371 0.548078477
vn 0.740990162 -0.40469867 0.535866261
vn 0.777016461 -0.470147222 0.418577492
vn 0.830346167 -0.414944261 0.371949404
vn 0.812680721 -0.53259027 0.236426786
vn 0.69414103 -0.628520846 0.350898445
vn -0.261861831 -0.380986035 0.886723161
vn 0.21608825 -0.230222538 0.948843241
vn 0.402314037 -0.0360692777 0.914790869
vn -0.00125183177 -0.435920954 0.899984121
vn 0.437377185 -0.364189208 0.8222332
vn 0.666788816 0.128720775 0.734046102
vn 0.190829113 -0.640817642 0.743597269
vn 0.0520231314 -0.931868255 0.359047711
vn -0.333404928 -0.586174071 0.738404393
vn -0.307669163 -0.780114532 0.544757664
vn 0.580643058 0.227455735 0.781740069
vn 0.158514261 -0.560538292 0.812816083
vn 0.709158659 0.65620029 0.257866651
vn 0.509503961 -0.0249525588 -0.860106468
vn -0.128758237 -0.968150377 0.214723751
vn 0.602178037 -0.0398072824 0.797368824
vn 0.259422392 -0.511645079 0.819096744
vn 0.974305272 -0.0093968343 0.22503522
vn 0.846123219 -0.484015882 -0.223168194
vn 0.404828429 -0.892343402 0.199592039
vn 0.161205545 -0.281258136 0.945995092
vn 0.235760465 -0.237930521 0.942234635
vn -0.576276779 -0.418536186 0.70194906
vn -0.444414318 -0.429009944 0.78641355
vn -0.307077885 -0.428649276 0.849684
vn 0.0275929533 -0.33263877 0.942650616
vn 0.28306371 -0.341187596 0.896362662
vn 0.478654414 -0.221949533 0.849487007
vn 0.170034543 -0.40247944 0.899498999
vn 0.0352859013 -0.428645372 0.902783513
vn 0.268905282 -0.353177041 0.896078169
vn -0.130726427 -0.448563218 0.884138882
vn -0.28342554 -0.45964095 0.841665089
vn -0.596061945 -0.362836331 0.71628201
vn -0.646502614 -0.340961337 0.682480574
vn -0.688175559 -0.336011469 0.643048048
vn -0.779583752 -0.284210294 0.558098257
vn -0.725990772 -0.346405178 0.594088197
vn -0.705616176 -0.364734739 0.607514977
vn 0.770180285 0.162870482 0.61668098
vn 0.789807856 0.438216776 0.429149777
vn -0.988297999 0.146170408 0.0436035432
vn -0.835925639 -0.153111339 0.527053416
vn 0.307616919 -0.343808144 0.887224793
vn 0.235760465 -0.237930492 0.942234635
vn 0.161205545 -0.281258136 0.945995092
vn 0.0275929533 -0.33263883 0.942650616
vn -0.307077885 -0.428649276 0.849684
vn -0.444414318 -0.429009944 0.78641355
vn -0.576276779 -0.418536186 0.70194906
vn 0.478654414 -0.221949533 0.849487007
vn 0.28306371 -0.341187626 0.896362662
vn 0.0352859013 -0.428645372 0.902783453
vn 0.170034572 -0.4024795 0.899498999
vn 0.268905252 -0.353176981 0.89607811
vn -0.646502614 -0.340961337 0.682480574
vn -0.596061945 -0.362836331 0.716282129
vn -0.28342554 -0.45964095 0.841665089
vn -0.130726427 -0.448563218 0.884138882
vn -0.725990772 -0.346405178 0.594088197
vn -0.779583752 -0.284210294 0.558098257
vn -0.688175559 -0.336011469 0.643048048
vn -0.705616176 -0.364734739 0.607514977
vn -0.592238486 -0.181113914 -0.78514415
vn -0.65578407 -0.151017711 -0.739689767
vn -0.908197045 -0.0761045814 -0.411565602
vn -0.99171114 -0.0554539189 -0.11590454
vn -0.993295074 -0.0542793535 -0.102072224
vn -0.536777735 0.358435035 0.76380229
vn -0.311700881 -0.339447975 -0.887478232
vn 0.537427604 -0.231032446 -0.811045945
vn 0.203328788 -0.218209118 -0.954485357
vn 0.00859113783 -0.170620441 -0.985299349
vn -0.472915113 -0.187474474 -0.860932469
vn 0.719992459 0.0925731659 -0.687779844
vn 0.631052256 0.106101573 -0.768450141
vn 0.691819608 0.0469366647 -0.720543206
vn 0.979692876 0.118303947 -0.161882505
vn 0.98172766 0.162309036 0.0993303955
vn 0.902806044 0.211390704 0.374506742
vn 0.85725832 0.214635551 0.468016833
vn -0.889984429 0.0434223749 -0.453918755
vn -0.728521824 0.190153375 -0.658101559
vn -0.1124162 0.220554262 -0.968874872
vn 0.0155507037 0.211442262 -0.977266729
vn 0.509817719 0.131268784 -0.850208461
vn 0.895957947 0.101764798 -0.432323307
vn -0.992417455 -0.0538140051 -0.110505871
vn -0.911347628 0.10521505 -0.397963792
vn 0.765404046 0.263539881 0.587114513
vn 0.758294344 0.268024743 0.594266117
vn -0.89722687 0.140399516 -0.418655008
vn -0.749058068 0.206132486 -0.629620135
vn -0.745557368 0.206751004 -0.633559883
vn -0.713233054 0.212245762 -0.668019712
vn -0.929536402 0.099966675 -0.354920655
vn -0.98813051 -0.108949073 0.108296536
vn -0.365896881 0.367480427 0.855030835
vn 0.821766078 0.414540648 0.39096871
vn 0.926747859 0.316801429 -0.201928884
vn -0.940238535 -0.324449807 -0.103362784
vn -0.0166972782 -0.355369896 -0.934576571
vn 0.345754445 -0.265152186 -0.90008229
vn -0.563422143 -0.370187372 -0.738591135
vn -0.223576263 -0.382874668 -0.89633733
vn -0.63055253 -0.363182694 -0.685931325
vn -0.939627528 -0.248882324 -0.234856859
vn -0.7855497 -0.335391551 -0.520023048
vn -0.554343402 -0.396292925 -0.731884778
vn -0.742871463 -0.358272105 -0.565493703
vn -0.786101937 -0.343987197 -0.513533354
vn -0.561503947 -0.401166499 -0.723725557
vn 0.288943797 -0.226012051 -0.930284977
vn -0.252447844 -0.379226774 -0.890200675
vn -0.30226326 -0.38466984 -0.872161627
vn 0.412108421 -0.236506134 -0.87990433
vn 0.454936564 -0.216554582 -0.863792121
vn 0.557189345 -0.163593978 -0.814111233
vn 0.385004371 -0.214843288 -0.89756
vn 0.335714906 -0.220334575 -0.915831983
vn 0.151937142 0.347058356 0.925454259
vn 0.943478763 -0.0106552746 0.331261903
vn 0.357613832 -0.367646098 -0.858457208
vn 0.145478368 -0.326901197 -0.93379426
vn -0.360538363 -0.197139144 -0.911673367
vn -0.724586666 -0.0283732992 -0.688599467
vn 0.97823447 -0.0474477112 0.202005401
vn 0.984788537 -0.0670691282 0.160291672
vn 0.982940912 -0.166277483 -0.0786064938
vn 0.689904571 -0.325487047 -0.646598697
vn 0.541876733 -0.345347017 -0.766227901
vn 0.984689474 0.0988782048 0.143560976
vn 0.982049823 -6.93954935e-05 0.188621685
vn 0.88402611 -0.0293991435 -0.466512203
vn 0.989232421 0.0280128308 -0.143647239
vn 0.617607474 -0.0941791162 -0.780827403
vn -0.0777802318 -0.236307874 -0.968560219
vn 0.241126597 -0.209129497 -0.947693408
vn 0.58583045 -0.107881516 -0.803221166
vn 0.517909884 -0.338687927 -0.785531461
vn -0.867678106 -0.49415198 -0.054299064
vn -0.741757214 -0.66067946 -0.115320176
vn -0.376092464 -0.81718415 -0.436765909
vn -0.200574934 -0.826403081 -0.526144087
vn -0.168421388 -0.773974955 -0.610407174
vn -0.232613415 -0.779061317 -0.582198024
vn -0.248998895 -0.779360175 -0.574975848
vn 0.102482311 -0.63841635 -0.762838125
vn 0.169082299 -0.613410592 -0.771452308
vn 0.180234775 -0.607876658 -0.773305476
vn -0.634135544 0.668159187 0.389146984
vn -0.983724236 -0.132048234 -0.121860214
vn -0.964615166 -0.203107089 -0.16812247
vn -0.790490806 -0.443544418 -0.422365576
vn -0.364963919 -0.651159525 -0.665426672
vn -0.178789884 -0.676736951 -0.714185655
vn -0.792142212 0.464294851 0.396157831
vn -0.904809535 0.314962447 0.286563218
vn -0.864654839 0.445857793 0.231479689
vn -0.852713704 0.372005135 0.366731048
vn -0.685925841 -0.725583315 -0.0550875291
vn -0.917176783 -0.397908837 0.0213367492
vn -0.937121749 -0.343653023 0.0608716644
g level0 previous_level tree_trunk_generator1 trunk
usemtl /obj/geo1/tree_controller1/matnet1/labs_shader1
f 1/1/1 10/2/10 11/3/11 2/4/2
f 2/4/2 11/3/11 12/5/12 3/6/3
f 3/6/3 12/5/12 13/7/13 4/8/4
f 4/8/4 13/7/13 14/9/14 5/10/5
f 5/10/5 14/9/14 15/11/15 6/12/6
f 6/12/6 15/11/15 16/13/16 7/14/7
f 7/14/7 16/13/16 17/15/17 8/16/8
f 8/16/8 17/15/17 18/17/18 9/18/9
f 9/18/9 18/17/18 10/19/10 1/20/1
f 10/2/10 19/21/19 20/22/20 11/3/11
f 11/3/11 20/22/20 21/23/21 12/5/12
f 12/5/12 21/23/21 22/24/22 13/7/13
f 13/7/13 22/24/22 23/25/23 14/9/14
f 14/9/14 23/25/23 24/26/24 15/11/15
f 15/11/15 24/26/24 25/27/25 16/13/16
f 16/13/16 25/27/25 26/28/26 17/15/17
f 17/15/17 26/28/26 27/29/27 18/17/18
f 18/17/18 27/29/27 19/30/19 10/19/10
f 19/21/19 28/31/28 29/32/29 20/22/20
f 20/22/20 29/32/29 30/33/30 21/23/21
f 21/23/21 30/33/30 31/34/31 22/24/22
f 22/24/22 31/34/31 32/35/32 23/25/23
f 23/25/23 32/35/32 33/36/33 24/26/24
f 24/26/24 33/36/33 34/37/34 25/27/25
f 25/27/25 34/37/34 35/38/35 26/28/26
f 26/28/26 35/38/35 36/39/36 27/29/27
f 27/29/27 36/39/36 28/40/28 19/30/19
f 28/31/28 37/41/37 38/42/38 29/32/29
f 29/32/29 38/42/38 39/43/39 30/33/30
f 30/33/30 39/43/39 40/44/40 31/34/31
f 31/34/31 40/44/40 41/45/41 32/35/32
f 32/35/32 41/45/41 42/46/42 33/36/33
f 33/36/33 42/46/42 43/47/43 34/37/34
f 34/37/34 43/47/43 44/48/44 35/38/35
f 35/38/35 44/48/44 45/49/45 36/39/36
f 36/39/36 45/49/45 37/50/37 28/40/28
f 37/41/37 46/51/46 47/52/47 38/42/38
f 38/42/38 47/52/47 48/53/48 39/43/39
f 39/43/39 48/53/48 49/54/49 40/44/40
f 40/44/40 49/54/49 50/55/50 41/45/41
f 41/45/41 50/55/50 51/56/51 42/46/42
f 42/46/42 51/56/51 52/57/52 43/47/43
f 43/47/43 52/57/52 53/58/53 44/48/44
f 44/48/44 53/58/53 54/59/54 45/49/45
f 45/49/45 54/59/54 46/60/46 37/50/37
f 46/51/46 55/61/55 56/62/56 47/52/47
f 47/52/47 56/62/56 57/63/57 48/53/48
f 48/53/48 57/63/57 58/64/58 49/54/49
f 49/54/49 58/64/58 59/65/59 50/55/50
f 50/55/50 59/65/59 60/66/60 51/56/51
f 51/56/51 60/66/60 61/67/61 52/57/52
f 52/57/52 61/67/61 62/68/62 53/58/53
f 53/58/53 62/68/62 63/69/63 54/59/54
f 54/59/54 63/69/63 55/70/55 46/60/46
f 55/61/55 64/71/64 65/72/65 56/62/56
f 56/62/56 65/72/65 66/73/66 57/63/57
f 57/63/57 66/73/66 67/74/67 58/64/58
f 58/64/58 67/74/67 68/75/68 59/65/59
f 59/65/59 68/75/68 69/76/69 60/66/60
f 60/66/60 69/76/69 70/77/70 61/67/61
f 61/67/61 70/77/70 71/78/71 62/68/62
f 62/68/62 71/78/71 72/79/72 63/69/63
f 63/69/63 72/79/72 64/80/64 55/70/55
f 64/71/64 73/81/73 74/82/74 65/72/65
f 65/72/65 74/82/74 75/83/75 66/73/66
f 66/73/66 75/83/75 76/84/76 67/74/67
f 67/74/67 76/84/76 77/85/77 68/75/68
f 68/75/68 77/85/77 78/86/78 69/76/69
f 69/76/69 78/86/78 79/87/79 70/77/70
f 70/77/70 79/87/79 80/88/80 71/78/71
f 71/78/71 80/88/80 81/89/81 72/79/72
f 72/79/72 81/89/81 73/90/73 64/80/64
f 73/81/73 82/91/82 83/92/83 74/82/74
f 74/82/74 83/92/83 84/93/84 75/83/75
f 75/83/75 84/93/84 85/94/85 76/84/76
f 76/84/76 85/94/85 86/95/86 77/85/77
f 77/85/77 86/95/86 87/96/87 78/86/78
f 78/86/78 87/96/87 88/97/88 79/87/79
f 79/87/79 88/97/88 89/98/89 80/88/80
f 80/88/80 89/98/89 90/99/90 81/89/81
f 81/89/81 90/99/90 82/100/82 73/90/73
f 82/91/82 91/101/91 92/102/92 83/92/83
f 83/92/83 92/102/92 93/103/93 84/93/84
f 84/93/84 93/103/93 94/104/94 85/94/85
f 85/94/85 94/104/94 95/105/95 86/95/86
f 86/95/86 95/105/95 96/106/96 87/96/87
f 87/96/87 96/106/96 97/107/97 88/97/88
f 88/97/88 97/107/97 98/108/98 89/98/89
f 89/98/89 98/108/98 99/109/99 90/99/90
f 90/99/90 99/109/99 91/110/91 82/100/82
f 91/101/91 100/111/100 101/112/101 92/102/92
f 92/102/92 101/112/101 102/113/102 93/103/93
f 93/103/93 102/113/102 103/114/103 94/104/94
f 94/104/94 103/114/103 104/115/104 95/105/95
f 95/105/95 104/115/104 105/116/105 96/106/96
f 96/106/96 105/116/105 106/117/106 97/107/97
f 97/107/97 106/117/106 107/118/107 98/108/98
f 98/108/98 107/118/107 108/119/108 99/109/99
f 99/109/99 108/119/108 100/120/100 91/110/91
f 100/111/100 109/121/109 110/122/110 101/112/101
f 101/112/101 110/122/110 111/123/111 102/113/102
f 102/113/102 111/123/111 112/124/112 103/114/103
f 103/114/103 112/124/112 113/125/113 104/115/104
f 104/115/104 113/125/113 114/126/114 105/116/105
f 105/116/105 114/126/114 115/127/115 106/117/106
f 106/117/106 115/127/115 116/128/116 107/118/107
f 107/118/107 116/128/116 117/129/117 108/119/108
f 108/119/108 117/129/117 109/130/109 100/120/100
g level0 previous_level tree_trunk_generator1 trunk trunk_caps
usemtl /obj/geo1/tree_controller1/matnet1/labs_shader1
f 109/131/109 118/132/118 119/133/119 110/134/110
f 110/134/110 119/133/119 120/135/120 111/136/111
f 111/136/111 120/135/120 121/137/121 112/138/112
f 112/138/112 121/137/121 122/139/122 113/140/113
f 113/140/113 122/139/122 123/141/123 114/142/114
f 114/142/114 123/141/123 124/143/124 115/144/115
f 115/144/115 124/143/124 125/145/125 116/146/116
f 116/146/116 125/145/125 126/147/126 117/148/117
f 117/148/117 126/147/126 118/132/118 109/131/109
f 118/132/118 127/149/127 128/150/128 119/133/119
f 119/133/119 128/150/128 129/151/129 120/135/120
f 120/135/120 129/151/129 130/152/130 121/137/121
f 121/137/121 130/152/130 131/153/131 122/139/122
f 122/139/122 131/153/131 132/154/132 123/141/123
f 123/141/123 132/154/132 133/155/133 124/143/124
f 124/143/124 133/155/133 134/156/134 125/145/125
f 125/145/125 134/156/134 135/157/135 126/147/126
f 126/147/126 135/157/135 127/149/127 118/132/118
f 127/149/127 136/158/136 128/150/128
f 128/150/128 136/158/136 129/151/129
f 129/151/129 136/158/136 130/152/130
f 130/152/130 136/158/136 131/153/131
f 131/153/131 136/158/136 132/154/132
f 132/154/132 136/158/136 133/155/133
f 133/155/133 136/158/136 134/156/134
f 134/156/134 136/158/136 135/157/135
f 135/157/135 136/158/136 127/149/127
g all_branches branch_caps level1 manual_prune previous_level tree_branch_generator1
usemtl /obj/geo1/tree_controller1/matnet1/labs_shader1
f 137/20/137 139/20/139 138/20/138
f 138/20/138 139/20/139 140/20/140
f 140/20/140 139/20/139 141/20/141
f 141/20/141 139/20/139 142/20/142
f 142/20/142 139/20/139 143/20/143
f 143/20/143 139/20/139 144/20/144
f 144/20/144 139/20/139 145/20/145
f 145/20/145 139/20/139 146/20/146
f 146/20/146 139/20/139 137/20/137
f 238/20/238 247/20/247 246/20/246 237/20/237
f 237/20/237 246/20/246 248/20/248 239/20/239
f 239/20/239 248/20/248 249/20/249 240/20/240
f 240/20/240 249/20/249 250/20/250 241/20/241
f 241/20/241 250/20/250 251/20/251 242/20/242
f 242/20/242 251/20/251 252/20/252 243/20/243
f 243/20/243 252/20/252 253/20/253 244/20/244
f 244/20/244 253/20/253 254/20/254 245/20/245
f 245/20/245 254/20/254 247/20/247 238/20/238
f 247/20/247 137/20/137 138/20/138 246/20/246
f 246/20/246 138/20/138 140/20/140 248/20/248
f 248/20/248 140/20/140 141/20/141 249/20/249
f 249/20/249 141/20/141 142/20/142 250/20/250
f 250/20/250 142/20/142 143/20/143 251/20/251
f 251/20/251 143/20/143 144/20/144 252/20/252
f 252/20/252 144/20/144 145/20/145 253/20/253
f 253/20/253 145/20/145 146/20/146 254/20/254
f 254/20/254 146/20/146 137/20/137 247/20/247
f 280/20/280 282/20/282 281/20/281
f 281/20/281 282/20/282 283/20/283
f 283/20/283 282/20/282 284/20/284
f 284/20/284 282/20/282 285/20/285
f 285/20/285 282/20/282 286/20/286
f 286/20/286 282/20/282 287/20/287
f 287/20/287 282/20/282 288/20/288
f 288/20/288 282/20/282 289/20/289
f 289/20/289 282/20/282 280/20/280
f 371/20/371 380/20/380 379/20/379 370/20/370
f 370/20/370 379/20/379 381/20/381 372/20/372
f 372/20/372 381/20/381 382/20/382 373/20/373
f 373/20/373 382/20/382 383/20/383 374/20/374
f 374/20/374 383/20/383 384/20/384 375/20/375
f 375/20/375 384/20/384 385/20/385 376/20/376
f 376/20/376 385/20/385 386/20/386 377/20/377
f 377/20/377 386/20/386 387/20/387 378/20/378
f 378/20/378 387/20/387 380/20/380 371/20/371
f 380/20/380 280/20/280 281/20/281 379/20/379
f 379/20/379 281/20/281 283/20/283 381/20/381
f 381/20/381 283/20/283 284/20/284 382/20/382
f 382/20/382 284/20/284 285/20/285 383/20/383
f 383/20/383 285/20/285 286/20/286 384/20/384
f 384/20/384 286/20/286 287/20/287 385/20/385
f 385/20/385 287/20/287 288/20/288 386/20/386
f 386/20/386 288/20/288 289/20/289 387/20/387
f 387/20/387 289/20/289 280/20/280 380/20/380
f 413/20/413 415/20/415 414/20/414
f 414/20/414 415/20/415 416/20/416
f 416/20/416 415/20/415 417/20/417
f 417/20/417 415/20/415 418/20/418
f 418/20/418 415/20/415 419/20/419
f 419/20/419 415/20/415 420/20/420
f 420/20/420 415/20/415 421/20/421
f 421/20/421 415/20/415 422/20/422
f 422/20/422 415/20/415 413/20/413
f 524/20/524 533/20/533 532/20/532 523/20/523
f 523/20/523 532/20/532 534/20/534 525/20/525
f 525/20/525 534/20/534 535/20/535 526/20/526
f 526/20/526 535/20/535 536/20/536 527/20/527
f 527/20/527 536/20/536 537/20/537 528/20/528
f 528/20/528 537/20/537 538/20/538 529/20/529
f 529/20/529 538/20/538 539/20/539 530/20/530
f 530/20/530 539/20/539 540/20/540 531/20/531
f 531/20/531 540/20/540 533/20/533 524/20/524
f 533/20/533 413/20/413 414/20/414 532/20/532
f 532/20/532 414/20/414 416/20/416 534/20/534
f 534/20/534 416/20/416 417/20/417 535/20/535
f 535/20/535 417/20/417 418/20/418 536/20/536
f 536/20/536 418/20/418 419/20/419 537/20/537
f 537/20/537 419/20/419 420/20/420 538/20/538
f 538/20/538 420/20/420 421/20/421 539/20/539
f 539/20/539 421/20/421 422/20/422 540/20/540
f 540/20/540 422/20/422 413/20/413 533/20/533
f 564/20/564 566/20/566 565/20/565
f 565/20/565 566/20/566 567/20/567
f 567/20/567 566/20/566 568/20/568
f 568/20/568 566/20/566 569/20/569
f 569/20/569 566/20/566 570/20/570
f 570/20/570 566/20/566 571/20/571
f 571/20/571 566/20/566 572/20/572
f 572/20/572 566/20/566 573/20/573
f 573/20/573 566/20/566 564/20/564
f 670/20/670 679/20/679 678/20/678 669/20/669
f 669/20/669 678/20/678 680/20/680 671/20/671
f 671/20/671 680/20/680 681/20/681 672/20/672
f 672/20/672 681/20/681 682/20/682 673/20/673
f 673/20/673 682/20/682 683/20/683 674/20/674
f 674/20/674 683/20/683 684/20/684 675/20/675
f 675/20/675 684/20/684 685/20/685 676/20/676
f 676/20/676 685/20/685 686/20/686 677/20/677
f 677/20/677 686/20/686 679/20/679 670/20/670
f 679/20/679 564/20/564 565/20/565 678/20/678
f 678/20/678 565/20/565 567/20/567 680/20/680
f 680/20/680 567/20/567 568/20/568 681/20/681
f 681/20/681 568/20/568 569/20/569 682/20/682
f 682/20/682 569/20/569 570/20/570 683/20/683
f 683/20/683 570/20/570 571/20/571 684/20/684
f 684/20/684 571/20/571 572/20/572 685/20/685
f 685/20/685 572/20/572 573/20/573 686/20/686
f 686/20/686 573/20/573 564/20/564 679/20/679
f 713/20/713 715/20/715 714/20/714
f 714/20/714 715/20/715 716/20/716
f 716/20/716 715/20/715 717/20/717
f 717/20/717 715/20/715 718/20/718
f 718/20/718 715/20/715 719/20/719
f 719/20/719 715/20/715 720/20/720
f 720/20/720 715/20/715 721/20/721
f 721/20/721 715/20/715 722/20/722
f 722/20/722 715/20/715 713/20/713
f 818/20/818 827/20/827 826/20/826 817/20/817
f 817/20/817 826/20/826 828/20/828 819/20/819
f 819/20/819 828/20/828 829/20/829 820/20/820
f 820/20/820 829/20/829 830/20/830 821/20/821
f 821/20/821 830/20/830 831/20/831 822/20/822
f 822/20/822 831/20/831 832/20/832 823/20/823
f 823/20/823 832/20/832 833/20/833 824/20/824
f 824/20/824 833/20/833 834/20/834 825/20/825
f 825/20/825 834/20/834 827/20/827 818/20/818
f 827/20/827 713/20/713 714/20/714 826/20/826
f 826/20/826 714/20/714 716/20/716 828/20/828
f 828/20/828 716/20/716 717/20/717 829/20/829
f 829/20/829 717/20/717 718/20/718 830/20/830
f 830/20/830 718/20/718 719/20/719 831/20/831
f 831/20/831 719/20/719 720/20/720 832/20/832
f 832/20/832 720/20/720 721/20/721 833/20/833
f 833/20/833 721/20/721 722/20/722 834/20/834
f 834/20/834 722/20/722 713/20/713 827/20/827
f 862/20/862 864/20/864 863/20/863
f 863/20/863 864/20/864 865/20/865
f 865/20/865 864/20/864 866/20/866
f 866/20/866 864/20/864 867/20/867
f 867/20/867 864/20/864 868/20/868
f 868/20/868 864/20/864 869/20/869
f 869/20/869 864/20/864 870/20/870
f 870/20/870 864/20/864 871/20/871
f 871/20/871 864/20/864 862/20/862
f 964/20/964 973/20/973 972/20/972 963/20/963
f 963/20/963 972/20/972 974/20/974 965/20/965
f 965/20/965 974/20/974 975/20/975 966/20/966
f 966/20/966 975/20/975 976/20/976 967/20/967
f 967/20/967 976/20/976 977/20/977 968/20/968
f 968/20/968 977/20/977 978/20/978 969/20/969
f 969/20/969 978/20/978 979/20/979 970/20/970
f 970/20/970 979/20/979 980/20/980 971/20/971
f 971/20/971 980/20/980 973/20/973 964/20/964
f 973/20/973 862/20/862 863/20/863 972/20/972
f 972/20/972 863/20/863 865/20/865 974/20/974
f 974/20/974 865/20/865 866/20/866 975/20/975
f 975/20/975 866/20/866 867/20/867 976/20/976
f 976/20/976 867/20/867 868/20/868 977/20/977
f 977/20/977 868/20/868 869/20/869 978/20/978
f 978/20/978 869/20/869 870/20/870 979/20/979
f 979/20/979 870/20/870 871/20/871 980/20/980
f 980/20/980 871/20/871 862/20/862 973/20/973
f 1013/20/1013 1015/20/1015 1014/20/1014
f 1014/20/1014 1015/20/1015 1016/20/1016
f 1016/20/1016 1015/20/1015 1017/20/1017
f 1017/20/1017 1015/20/1015 1018/20/1018
f 1018/20/1018 1015/20/1015 1019/20/1019
f 1019/20/1019 1015/20/1015 1020/20/1020
f 1020/20/1020 1015/20/1015 1021/20/1021
f 1021/20/1021 1015/20/1015 1022/20/1022
f 1022/20/1022 1015/20/1015 1013/20/1013
f 1129/20/1129 1138/20/1138 1137/20/1137 1128/20/1128
f 1128/20/1128 1137/20/1137 1139/20/1139 1130/20/1130
f 1130/20/1130 1139/20/1139 1140/20/1140 1131/20/1131
f 1131/20/1131 1140/20/1140 1141/20/1141 1132/20/1132
f 1132/20/1132 1141/20/1141 1142/20/1142 1133/20/1133
f 1133/20/1133 1142/20/1142 1143/20/1143 1134/20/1134
f 1134/20/1134 1143/20/1143 1144/20/1144 1135/20/1135
f 1135/20/1135 1144/20/1144 1145/20/1145 1136/20/1136
f 1136/20/1136 1145/20/1145 1138/20/1138 1129/20/1129
f 1138/20/1138 1013/20/1013 1014/20/1014 1137/20/1137
f 1137/20/1137 1014/20/1014 1016/20/1016 1139/20/1139
f 1139/20/1139 1016/20/1016 1017/20/1017 1140/20/1140
f 1140/20/1140 1017/20/1017 1018/20/1018 1141/20/1141
f 1141/20/1141 1018/20/1018 1019/20/1019 1142/20/1142
f 1142/20/1142 1019/20/1019 1020/20/1020 1143/20/1143
f 1143/20/1143 1020/20/1020 1021/20/1021 1144/20/1144
f 1144/20/1144 1021/20/1021 1022/20/1022 1145/20/1145
f 1145/20/1145 1022/20/1022 1013/20/1013 1138/20/1138
f 1168/20/1168 1170/20/1170 1169/20/1169
f 1169/20/1169 1170/20/1170 1171/20/1171
f 1171/20/1171 1170/20/1170 1172/20/1172
f 1172/20/1172 1170/20/1170 1173/20/1173
f 1173/20/1173 1170/20/1170 1174/20/1174
f 1174/20/1174 1170/20/1170 1175/20/1175
f 1175/20/1175 1170/20/1170 1176/20/1176
f 1176/20/1176 1170/20/1170 1177/20/1177
f 1177/20/1177 1170/20/1170 1168/20/1168
f 1256/20/1256 1265/20/1265 1264/20/1264 1255/20/1255
f 1255/20/1255 1264/20/1264 1266/20/1266 1257/20/1257
f 1257/20/1257 1266/20/1266 1267/20/1267 1258/20/1258
f 1258/20/1258 1267/20/1267 1268/20/1268 1259/20/1259
f 1259/20/1259 1268/20/1268 1269/20/1269 1260/20/1260
f 1260/20/1260 1269/20/1269 1270/20/1270 1261/20/1261
f 1261/20/1261 1270/20/1270 1271/20/1271 1262/20/1262
f 1262/20/1262 1271/20/1271 1272/20/1272 1263/20/1263
f 1263/20/1263 1272/20/1272 1265/20/1265 1256/20/1256
f 1265/20/1265 1168/20/1168 1169/20/1169 1264/20/1264
f 1264/20/1264 1169/20/1169 1171/20/1171 1266/20/1266
f 1266/20/1266 1171/20/1171 1172/20/1172 1267/20/1267
f 1267/20/1267 1172/20/1172 1173/20/1173 1268/20/1268
f 1268/20/1268 1173/20/1173 1174/20/1174 1269/20/1269
f 1269/20/1269 1174/20/1174 1175/20/1175 1270/20/1270
f 1270/20/1270 1175/20/1175 1176/20/1176 1271/20/1271
f 1271/20/1271 1176/20/1176 1177/20/1177 1272/20/1272
f 1272/20/1272 1177/20/1177 1168/20/1168 1265/20/1265
g all_branches level1 manual_prune previous_level tree_branch_generator1
usemtl /obj/geo1/tree_controller1/matnet1/labs_shader1
f 147/159/147 150/160/150 149/161/149 148/162/148
f 148/162/148 149/161/149 152/163/152 151/164/151
f 151/164/151 152/163/152 154/165/154 153/166/153
f 153/166/153 154/165/154 156/167/156 155/168/155
f 155/168/155 156/167/156 158/169/158 157/170/157
f 157/170/157 158/169/158 160/171/160 159/172/159
f 159/172/159 160/171/160 162/173/162 161/174/161
f 161/174/161 162/173/162 164/175/164 163/176/163
f 163/176/163 164/175/164 150/177/150 147/178/147
f 150/160/150 166/179/166 165/180/165 149/161/149
f 149/161/149 165/180/165 167/181/167 152/163/152
f 152/163/152 167/181/167 168/182/168 154/165/154
f 154/165/154 168/182/168 169/183/169 156/167/156
f 156/167/156 169/183/169 170/184/170 158/169/158
f 158/169/158 170/184/170 171/185/171 160/171/160
f 160/171/160 171/185/171 172/186/172 162/173/162
f 162/173/162 172/186/172 173/187/173 164/175/164
f 164/175/164 173/187/173 166/188/166 150/177/150
f 166/179/166 175/189/175 174/190/174 165/180/165
f 165/180/165 174/190/174 176/191/176 167/181/167
f 167/181/167 176/191/176 177/192/177 168/182/168
f 168/182/168 177/192/177 178/193/178 169/183/169
f 169/183/169 178/193/178 179/194/179 170/184/170
f 170/184/170 179/194/179 180/195/180 171/185/171
f 171/185/171 180/195/180 181/196/181 172/186/172
f 172/186/172 181/196/181 182/197/182 173/187/173
f 173/187/173 182/197/182 175/198/175 166/188/166
f 175/189/175 184/199/184 183/200/183 174/190/174
f 174/190/174 183/200/183 185/201/185 176/191/176
f 176/191/176 185/201/185 186/202/186 177/192/177
f 177/192/177 186/202/186 187/203/187 178/193/178
f 178/193/178 187/203/187 188/204/188 179/194/179
f 179/194/179 188/204/188 189/205/189 180/195/180
f 180/195/180 189/205/189 190/206/190 181/196/181
f 181/196/181 190/206/190 191/207/191 182/197/182
f 182/197/182 191/207/191 184/208/184 175/198/175
f 184/199/184 193/209/193 192/210/192 183/200/183
f 183/200/183 192/210/192 194/211/194 185/201/185
f 185/201/185 194/211/194 195/212/195 186/202/186
f 186/202/186 195/212/195 196/213/196 187/203/187
f 187/203/187 196/213/196 197/214/197 188/204/188
f 188/204/188 197/214/197 198/215/198 189/205/189
f 189/205/189 198/215/198 199/216/199 190/206/190
f 190/206/190 199/216/199 200/217/200 191/207/191
f 191/207/191 200/217/200 193/218/193 184/208/184
f 193/209/193 202/219/202 201/220/201 192/210/192
f 192/210/192 201/220/201 203/221/203 194/211/194
f 194/211/194 203/221/203 204/222/204 195/212/195
f 195/212/195 204/222/204 205/223/205 196/213/196
f 196/213/196 205/223/205 206/224/206 197/214/197
f 197/214/197 206/224/206 207/225/207 198/215/198
f 198/215/198 207/225/207 208/226/208 199/216/199
f 199/216/199 208/226/208 209/227/209 200/217/200
f 200/217/200 209/227/209 202/228/202 193/218/193
f 202/219/202 211/229/211 210/230/210 201/220/201
f 201/220/201 210/230/210 212/231/212 203/221/203
f 203/221/203 212/231/212 213/232/213 204/222/204
f 204/222/204 213/232/213 214/233/214 205/223/205
f 205/223/205 214/233/214 215/234/215 206/224/206
f 206/224/206 215/234/215 216/235/216 207/225/207
f 207/225/207 216/235/216 217/236/217 208/226/208
f 208/226/208 217/236/217 218/237/218 209/227/209
f 209/227/209 218/237/218 211/238/211 202/228/202
f 211/229/211 220/239/220 219/240/219 210/230/210
f 210/230/210 219/240/219 221/241/221 212/231/212
f 212/231/212 221/241/221 222/242/222 213/232/213
f 213/232/213 222/242/222 223/243/223 214/233/214
f 214/233/214 223/243/223 224/244/224 215/234/215
f 215/234/215 224/244/224 225/245/225 216/235/216
f 216/235/216 225/245/225 226/246/226 217/236/217
f 217/236/217 226/246/226 227/247/227 218/237/218
f 218/237/218 227/247/227 220/248/220 211/238/211
f 220/239/220 229/249/229 228/250/228 219/240/219
f 219/240/219 228/250/228 230/251/230 221/241/221
f 221/241/221 230/251/230 231/252/231 222/242/222
f 222/242/222 231/252/231 232/253/232 223/243/223
f 223/243/223 232/253/232 233/254/233 224/244/224
f 224/244/224 233/254/233 234/255/234 225/245/225
f 225/245/225 234/255/234 235/256/235 226/246/226
f 226/246/226 235/256/235 236/257/236 227/247/227
f 227/247/227 236/257/236 229/258/229 220/248/220
f 229/249/229 238/259/238 237/260/237 228/250/228
f 228/250/228 237/260/237 239/261/239 230/251/230
f 230/251/230 239/261/239 240/262/240 231/252/231
f 231/252/231 240/262/240 241/263/241 232/253/232
f 232/253/232 241/263/241 242/264/242 233/254/233
f 233/254/233 242/264/242 243/265/243 234/255/234
f 234/255/234 243/265/243 244/266/244 235/256/235
f 235/256/235 244/266/244 245/267/245 236/257/236
f 236/257/236 245/267/245 238/268/238 229/258/229
f 255/269/255 258/270/258 147/159/147 148/162/148 257/271/257 256/272/256
f 259/273/259 260/274/260 257/271/257 148/162/148 151/164/151
f 261/275/261 262/276/262 259/277/259 151/164/151 153/166/153
f 263/278/263 266/279/266 261/275/261 153/166/153 155/168/155 265/280/265 264/281/264
f 267/282/267 269/283/269 265/280/265 155/168/155 157/170/157 268/284/268
f 270/285/270 272/286/272 268/287/268 157/170/157 159/172/159 271/288/271
f 273/289/273 274/290/274 271/291/271 159/172/159 161/174/161
f 275/292/275 277/293/277 273/289/273 161/174/161 163/176/163 276/294/276
f 278/295/278 279/296/279 276/297/276 163/176/163 147/298/147 258/299/258
f 290/300/290 293/301/293 292/302/292 291/303/291
f 291/303/291 292/302/292 295/304/295 294/305/294
f 294/305/294 295/304/295 297/306/297 296/307/296
f 296/307/296 297/306/297 299/308/299 298/309/298
f 300/310/300 302/311/302 301/312/301 298/309/298 299/308/299
f 303/313/303 304/314/304 293/315/293 290/316/290
f 293/301/293 306/317/306 305/318/305 292/302/292
f 292/302/292 305/318/305 307/319/307 295/304/295
f 295/304/295 307/319/307 308/320/308 297/306/297
f 297/306/297 308/320/308 309/321/309 299/308/299
f 299/308/299 309/321/309 310/322/310 300/310/300
f 300/310/300 310/322/310 312/323/312 311/324/311
f 311/324/311 312/323/312 314/325/314 313/326/313
f 313/326/313 314/325/314 315/327/315 304/314/304
f 304/314/304 315/327/315 306/328/306 293/315/293
f 306/317/306 317/329/317 316/330/316 305/318/305
f 305/318/305 316/330/316 318/331/318 307/319/307
f 307/319/307 318/331/318 319/332/319 308/320/308
f 308/320/308 319/332/319 320/333/320 309/321/309
f 309/321/309 320/333/320 321/334/321 310/322/310
f 310/322/310 321/334/321 322/335/322 312/323/312
f 312/323/312 322/335/322 323/336/323 314/325/314
f 314/325/314 323/336/323 324/337/324 315/327/315
f 315/327/315 324/337/324 317/338/317 306/328/306
f 317/329/317 326/339/326 325/340/325 316/330/316
f 316/330/316 325/340/325 327/341/327 318/331/318
f 318/331/318 327/341/327 328/342/328 319/332/319
f 319/332/319 328/342/328 329/343/329 320/333/320
f 320/333/320 329/343/329 330/344/330 321/334/321
f 321/334/321 330/344/330 331/345/331 322/335/322
f 322/335/322 331/345/331 332/346/332 323/336/323
f 323/336/323 332/346/332 333/347/333 324/337/324
f 324/337/324 333/347/333 326/348/326 317/338/317
f 326/339/326 335/349/335 334/350/334 325/340/325
f 325/340/325 334/350/334 336/351/336 327/341/327
f 327/341/327 336/351/336 337/352/337 328/342/328
f 328/342/328 337/352/337 338/353/338 329/343/329
f 329/343/329 338/353/338 339/354/339 330/344/330
f 330/344/330 339/354/339 340/355/340 331/345/331
f 331/345/331 340/355/340 341/356/341 332/346/332
f 332/346/332 341/356/341 342/357/342 333/347/333
f 333/347/333 342/357/342 335/358/335 326/348/326
f 335/349/335 344/359/344 343/360/343 334/350/334
f 334/350/334 343/360/343 345/361/345 336/351/336
f 336/351/336 345/361/345 346/362/346 337/352/337
f 337/352/337 346/362/346 347/363/347 338/353/338
f 338/353/338 347/363/347 348/364/348 339/354/339
f 339/354/339 348/364/348 349/365/349 340/355/340
f 340/355/340 349/365/349 350/366/350 341/356/341
f 341/356/341 350/366/350 351/367/351 342/357/342
f 342/357/342 351/367/351 344/368/344 335/358/335
f 344/359/344 353/369/353 352/370/352 343/360/343
f 343/360/343 352/370/352 354/371/354 345/361/345
f 345/361/345 354/371/354 355/372/355 346/362/346
f 346/362/346 355/372/355 356/373/356 347/363/347
f 347/363/347 356/373/356 357/374/357 348/364/348
f 348/364/348 357/374/357 358/375/358 349/365/349
f 349/365/349 358/375/358 359/376/359 350/366/350
f 350/366/350 359/376/359 360/377/360 351/367/351
f 351/367/351 360/377/360 353/378/353 344/368/344
f 353/369/353 362/379/362 361/380/361 352/370/352
f 352/370/352 361/380/361 363/381/363 354/371/354
f 354/371/354 363/381/363 364/382/364 355/372/355
f 355/372/355 364/382/364 365/383/365 356/373/356
f 356/373/356 365/383/365 366/384/366 357/374/357
f 357/374/357 366/384/366 367/385/367 358/375/358
f 358/375/358 367/385/367 368/386/368 359/376/359
f 359/376/359 368/386/368 369/387/369 360/377/360
f 360/377/360 369/387/369 362/388/362 353/378/353
f 362/379/362 371/389/371 370/390/370 361/380/361
f 361/380/361 370/390/370 372/391/372 363/381/363
f 363/381/363 372/391/372 373/392/373 364/382/364
f 364/382/364 373/392/373 374/393/374 365/383/365
f 365/383/365 374/393/374 375/394/375 366/384/366
f 366/384/366 375/394/375 376/395/376 367/385/367
f 367/385/367 376/395/376 377/396/377 368/386/368
f 368/386/368 377/396/377 378/397/378 369/387/369
f 369/387/369 378/397/378 371/398/371 362/388/362
f 291/303/291 391/399/391 390/400/390 389/401/389 388/402/388 290/300/290
f 392/403/392 394/404/394 393/405/393 391/406/391 291/303/291 294/305/294
f 395/407/395 392/408/392 294/305/294 296/307/296 398/409/398 397/410/397 396/411/396
f 399/412/399 398/413/398 296/307/296 298/309/298
f 400/414/400 399/412/399 298/309/298 301/312/301
f 401/415/401 403/416/403 303/313/303 402/417/402
f 404/418/404 402/419/402 303/313/303 290/316/290 388/420/388
f 311/324/311 408/421/408 407/422/407 406/423/406 405/424/405 302/425/302 300/310/300
f 409/426/409 408/427/408 311/324/311 313/326/313 411/428/411 410/429/410
f 304/314/304 303/313/303 403/430/403 412/431/412 411/428/411 313/326/313
f 423/432/423 426/433/426 425/434/425 424/435/424
f 424/435/424 425/434/425 428/436/428 427/437/427
f 427/437/427 428/436/428 430/438/430 429/439/429
f 429/439/429 430/438/430 432/440/432 431/441/431
f 433/442/433 435/443/435 434/444/434 431/441/431 432/440/432
f 436/445/436 439/446/439 438/447/438 437/448/437
f 437/448/437 438/447/438 441/449/441 440/450/440
f 440/450/440 441/449/441 426/451/426 423/452/423
f 426/433/426 443/453/443 442/454/442 425/434/425
f 425/434/425 442/454/442 444/455/444 428/436/428
f 428/436/428 444/455/444 445/456/445 430/438/430
f 430/438/430 445/456/445 446/457/446 432/440/432
f 432/440/432 446/457/446 447/458/447 433/442/433
f 433/442/433 447/458/447 448/459/448 439/446/439
f 439/446/439 448/459/448 449/460/449 438/447/438
f 438/447/438 449/460/449 450/461/450 441/449/441
f 441/449/441 450/461/450 443/462/443 426/451/426
f 443/453/443 452/463/452 451/464/451 442/454/442
f 442/454/442 451/464/451 453/465/453 444/455/444
f 444/455/444 453/465/453 454/466/454 445/456/445
f 445/456/445 454/466/454 455/467/455 446/457/446
f 446/457/446 455/467/455 456/468/456 447/458/447
f 447/458/447 456/468/456 457/469/457 448/459/448
f 448/459/448 457/469/457 458/470/458 449/460/449
f 449/460/449 458/470/458 459/471/459 450/461/450
f 450/461/450 459/471/459 452/472/452 443/462/443
f 452/463/452 461/473/461 460/474/460 451/464/451
f 451/464/451 460/474/460 462/475/462 453/465/453
f 453/465/453 462/475/462 463/476/463 454/466/454
f 454/466/454 463/476/463 464/477/464 455/467/455
f 455/467/455 464/477/464 465/478/465 456/468/456
f 456/468/456 465/478/465 466/479/466 457/469/457
f 457/469/457 466/479/466 467/480/467 458/470/458
f 458/470/458 467/480/467 468/481/468 459/471/459
f 459/471/459 468/481/468 461/482/461 452/472/452
f 461/473/461 470/483/470 469/484/469 460/474/460
f 460/474/460 469/484/469 471/485/471 462/475/462
f 462/475/462 471/485/471 472/486/472 463/476/463
f 463/476/463 472/486/472 473/487/473 464/477/464
f 464/477/464 473/487/473 474/488/474 465/478/465
f 465/478/465 474/488/474 475/489/475 466/479/466
f 466/479/466 475/489/475 476/490/476 467/480/467
f 467/480/467 476/490/476 477/491/477 468/481/468
f 468/481/468 477/491/477 470/492/470 461/482/461
f 470/483/470 479/493/479 478/494/478 469/484/469
f 469/484/469 478/494/478 480/495/480 471/485/471
f 471/485/471 480/495/480 481/496/481 472/486/472
f 472/486/472 481/496/481 482/497/482 473/487/473
f 473/487/473 482/497/482 483/498/483 474/488/474
f 474/488/474 483/498/483 484/499/484 475/489/475
f 475/489/475 484/499/484 485/500/485 476/490/476
f 476/490/476 485/500/485 486/501/486 477/491/477
f 477/491/477 486/501/486 479/502/479 470/492/470
f 479/493/479 488/503/488 487/504/487 478/494/478
f 478/494/478 487/504/487 489/505/489 480/495/480
f 480/495/480 489/505/489 490/506/490 481/496/481
f 481/496/481 490/506/490 491/507/491 482/497/482
f 482/497/482 491/507/491 492/508/492 483/498/483
f 483/498/483 492/508/492 493/509/493 484/499/484
f 484/499/484 493/509/493 494/510/494 485/500/485
f 485/500/485 494/510/494 495/511/495 486/501/486
f 486/501/486 495/511/495 488/512/488 479/502/479
f 488/503/488 497/513/497 496/514/496 487/504/487
f 487/504/487 496/514/496 498/515/498 489/505/489
f 489/505/489 498/515/498 499/516/499 490/506/490
f 490/506/490 499/516/499 500/517/500 491/507/491
f 491/507/491 500/517/500 501/518/501 492/508/492
f 492/508/492 501/518/501 502/519/502 493/509/493
f 493/509/493 502/519/502 503/520/503 494/510/494
f 494/510/494 503/520/503 504/521/504 495/511/495
f 495/511/495 504/521/504 497/522/497 488/512/488
f 497/513/497 506/523/506 505/524/505 496/514/496
f 496/514/496 505/524/505 507/525/507 498/515/498
f 498/515/498 507/525/507 508/526/508 499/516/499
f 499/516/499 508/526/508 509/527/509 500/517/500
f 500/517/500 509/527/509 510/528/510 501/518/501
f 501/518/501 510/528/510 511/529/511 502/519/502
f 502/519/502 511/529/511 512/530/512 503/520/503
f 503/520/503 512/530/512 513/531/513 504/521/504
f 504/521/504 513/531/513 506/532/506 497/522/497
f 506/523/506 515/533/515 514/534/514 505/524/505
f 505/524/505 514/534/514 516/535/516 507/525/507
f 507/525/507 516/535/516 517/536/517 508/526/508
f 508/526/508 517/536/517 518/537/518 509/527/509
f 509/527/509 518/537/518 519/538/519 510/528/510
f 510/528/510 519/538/519 520/539/520 511/529/511
f 511/529/511 520/539/520 521/540/521 512/530/512
f 512/530/512 521/540/521 522/541/522 513/531/513
f 513/531/513 522/541/522 515/542/515 506/532/506
f 515/533/515 524/543/524 523/544/523 514/534/514
f 514/534/514 523/544/523 525/545/525 516/535/516
f 516/535/516 525/545/525 526/546/526 517/536/517
f 517/536/517 526/546/526 527/547/527 518/537/518
f 518/537/518 527/547/527 528/548/528 519/538/519
f 519/538/519 528/548/528 529/549/529 520/539/520
f 520/539/520 529/549/529 530/550/530 521/540/521
f 521/540/521 530/550/530 531/551/531 522/541/522
f 522/541/522 531/551/531 524/552/524 515/542/515
f 541/553/541 544/554/544 543/555/543 423/432/423 424/435/424 542/556/542
f 427/437/427 547/557/547 546/558/546 545/559/545 542/556/542 424/435/424
f 429/439/429 549/560/549 548/561/548 547/557/547 427/437/427
f 550/562/550 552/563/552 551/564/551 549/565/549 429/439/429 431/441/431
f 553/566/553 554/567/554 550/568/550 431/441/431 434/569/434
f 555/570/555 556/571/556 436/445/436
f 557/572/557 558/573/558 555/574/555 436/445/436 437/448/437
f 440/450/440 560/575/560 559/576/559 557/577/557 437/448/437
f 423/452/423 543/578/543 561/579/561 560/580/560 440/450/440
f 436/445/436 556/571/556 563/581/563 562/582/562 435/443/435 433/442/433 439/446/439
f 574/583/574 580/584/580 579/585/579 578/586/578 577/587/577 576/16/576 575/588/575
f 581/589/581 584/590/584 583/591/583 582/592/582
f 582/592/582 583/591/583 586/593/586 585/594/585
f 585/594/585 586/593/586 588/595/588 587/596/587
f 589/597/589 591/598/591 590/599/590 587/596/587 588/595/588
f 592/600/592 594/601/594 593/602/593 575/588/575
f 575/588/575 593/602/593 595/603/595 574/583/574
f 574/583/574 595/603/595 584/604/584 581/605/581
f 584/590/584 597/606/597 596/607/596 583/591/583
f 583/591/583 596/607/596 598/608/598 586/593/586
f 586/593/586 598/608/598 599/609/599 588/595/588
f 588/595/588 599/609/599 600/610/600 589/597/589
f 589/597/589 600/610/600 602/611/602 601/612/601
f 601/612/601 602/611/602 603/613/603 594/601/594
f 594/601/594 603/613/603 604/614/604 593/602/593
f 593/602/593 604/614/604 605/615/605 595/603/595
f 595/603/595 605/615/605 597/616/597 584/604/584
f 597/606/597 607/617/607 606/618/606 596/607/596
f 596/607/596 606/618/606 608/619/608 598/608/598
f 598/608/598 608/619/608 609/620/609 599/609/599
f 599/609/599 609/620/609 610/621/610 600/610/600
f 600/610/600 610/621/610 611/622/611 602/611/602
f 602/611/602 611/622/611 612/623/612 603/613/603
f 603/613/603 612/623/612 613/624/613 604/614/604
f 604/614/604 613/624/613 614/625/614 605/615/605
f 605/615/605 614/625/614 607/626/607 597/616/597
f 607/617/607 616/627/616 615/628/615 606/618/606
f 606/618/606 615/628/615 617/629/617 608/619/608
f 608/619/608 617/629/617 618/630/618 609/620/609
f 609/620/609 618/630/618 619/631/619 610/621/610
f 610/621/610 619/631/619 620/632/620 611/622/611
f 611/622/611 620/632/620 621/633/621 612/623/612
f 612/623/612 621/633/621 622/634/622 613/624/613
f 613/624/613 622/634/622 623/635/623 614/625/614
f 614/625/614 623/635/623 616/636/616 607/626/607
f 616/627/616 625/637/625 624/638/624 615/628/615
f 615/628/615 624/638/624 626/639/626 617/629/617
f 617/629/617 626/639/626 627/640/627 618/630/618
f 618/630/618 627/640/627 628/641/628 619/631/619
f 619/631/619 628/641/628 629/642/629 620/632/620
f 620/632/620 629/642/629 630/643/630 621/633/621
f 621/633/621 630/643/630 631/644/631 622/634/622
f 622/634/622 631/644/631 632/645/632 623/635/623
f 623/635/623 632/645/632 625/646/625 616/636/616
f 625/637/625 634/647/634 633/648/633 624/638/624
f 624/638/624 633/648/633 635/649/635 626/639/626
f 626/639/626 635/649/635 636/650/636 627/640/627
f 627/640/627 636/650/636 637/651/637 628/641/628
f 628/641/628 637/651/637 638/652/638 629/642/629
f 629/642/629 638/652/638 639/653/639 630/643/630
f 630/643/630 639/653/639 640/654/640 631/644/631
f 631/644/631 640/654/640 641/655/641 632/645/632
f 632/645/632 641/655/641 634/656/634 625/646/625
f 634/647/634 643/657/643 642/658/642 633/648/633
f 633/648/633 642/658/642 644/659/644 635/649/635
f 635/649/635 644/659/644 645/660/645 636/650/636
f 636/650/636 645/660/645 646/661/646 637/651/637
f 637/651/637 646/661/646 647/662/647 638/652/638
f 638/652/638 647/662/647 648/663/648 639/653/639
f 639/653/639 648/663/648 649/664/649 640/654/640
f 640/654/640 649/664/649 650/665/650 641/655/641
f 641/655/641 650/665/650 643/666/643 634/656/634
f 643/657/643 652/667/652 651/668/651 642/658/642
f 642/658/642 651/668/651 653/669/653 644/659/644
f 644/659/644 653/669/653 654/670/654 645/660/645
f 645/660/645 654/670/654 655/671/655 646/661/646
f 646/661/646 655/671/655 656/672/656 647/662/647
f 647/662/647 656/672/656 657/673/657 648/663/648
f 648/663/648 657/673/657 658/674/658 649/664/649
f 649/664/649 658/674/658 659/675/659 650/665/650
f 650/665/650 659/675/659 652/676/652 643/666/643
f 652/667/652 661/677/661 660/678/660 651/668/651
f 651/668/651 660/678/660 662/679/662 653/669/653
f 653/669/653 662/679/662 663/680/663 654/670/654
f 654/670/654 663/680/663 664/681/664 655/671/655
f 655/671/655 664/681/664 665/682/665 656/672/656
f 656/672/656 665/682/665 666/683/666 657/673/657
f 657/673/657 666/683/666 667/684/667 658/674/658
f 658/674/658 667/684/667 668/685/668 659/675/659
f 659/675/659 668/685/668 661/686/661 652/676/652
f 661/677/661 670/389/670 669/390/669 660/678/660
f 660/678/660 669/390/669 671/391/671 662/679/662
f 662/679/662 671/391/671 672/392/672 663/680/663
f 663/680/663 672/392/672 673/393/673 664/681/664
f 664/681/664 673/393/673 674/394/674 665/682/665
f 665/682/665 674/394/674 675/395/675 666/683/666
f 666/683/666 675/395/675 676/396/676 667/684/667
f 667/684/667 676/396/676 677/397/677 668/685/668
f 668/685/668 677/397/677 670/398/670 661/686/661
f 582/592/582 690/687/690 689/688/689 688/689/688 687/690/687 581/589/581
f 691/691/691 690/687/690 582/592/582 585/594/585 692/692/692
f 693/693/693 695/694/695 692/695/692 585/594/585 587/596/587 694/696/694
f 696/697/696 697/698/697 694/696/694 587/596/587 590/599/590
f 592/600/592 699/699/699 698/700/698
f 575/588/575 576/16/576 704/701/704 703/702/703 702/703/702 701/704/701 700/705/700 699/706/699 592/600/592
f 705/707/705 580/584/580 574/583/574 581/605/581 687/708/687 706/709/706
f 601/612/601 710/710/710 709/711/709 708/712/708 707/713/707 591/598/591 589/597/589
f 698/714/698 712/715/712 711/716/711 710/717/710 601/612/601 594/601/594 592/600/592
f 723/718/723 728/719/728 727/720/727 726/721/726 725/722/725 724/723/724
f 729/724/729 732/725/732 731/726/731 730/727/730
f 730/727/730 731/726/731 734/728/734 733/729/733
f 733/729/733 734/728/734 736/730/736 735/731/735
f 735/731/735 736/730/736 737/732/737 724/723/724
f 724/723/724 737/732/737 738/733/738 723/718/723
f 739/734/739 741/735/741 740/736/740 723/718/723 738/733/738
f 742/737/742 743/738/743 732/739/732 729/740/729
f 732/725/732 745/741/745 744/742/744 731/726/731
f 731/726/731 744/742/744 746/743/746 734/728/734
f 734/728/734 746/743/746 747/744/747 736/730/736
f 736/730/736 747/744/747 748/745/748 737/732/737
f 737/732/737 748/745/748 749/746/749 738/733/738
f 738/733/738 749/746/749 750/747/750 739/734/739
f 739/734/739 750/747/750 752/748/752 751/749/751
f 751/749/751 752/748/752 753/750/753 743/738/743
f 743/738/743 753/750/753 745/751/745 732/739/732
f 745/741/745 755/752/755 754/753/754 744/742/744
f 744/742/744 754/753/754 756/754/756 746/743/746
f 746/743/746 756/754/756 757/755/757 747/744/747
f 747/744/747 757/755/757 758/756/758 748/745/748
f 748/745/748 758/756/758 759/757/759 749/746/749
f 749/746/749 759/757/759 760/758/760 750/747/750
f 750/747/750 760/758/760 761/759/761 752/748/752
f 752/748/752 761/759/761 762/760/762 753/750/753
f 753/750/753 762/760/762 755/761/755 745/751/745
f 755/752/755 764/762/764 763/763/763 754/753/754
f 754/753/754 763/763/763 765/764/765 756/754/756
f 756/754/756 765/764/765 766/765/766 757/755/757
f 757/755/757 766/765/766 767/766/767 758/756/758
f 758/756/758 767/766/767 768/767/768 759/757/759
f 759/757/759 768/767/768 769/768/769 760/758/760
f 760/758/760 769/768/769 770/769/770 761/759/761
f 761/759/761 770/769/770 771/770/771 762/760/762
f 762/760/762 771/770/771 764/771/764 755/761/755
f 764/762/764 773/772/773 772/773/772 763/763/763
f 763/763/763 772/773/772 774/774/774 765/764/765
f 765/764/765 774/774/774 775/775/775 766/765/766
f 766/765/766 775/775/775 776/776/776 767/766/767
f 767/766/767 776/776/776 777/777/777 768/767/768
f 768/767/768 777/777/777 778/778/778 769/768/769
f 769/768/769 778/778/778 779/779/779 770/769/770
f 770/769/770 779/779/779 780/780/780 771/770/771
f 771/770/771 780/780/780 773/781/773 764/771/764
f 773/772/773 782/782/782 781/783/781 772/773/772
f 772/773/772 781/783/781 783/784/783 774/774/774
f 774/774/774 783/784/783 784/785/784 775/775/775
f 775/775/775 784/785/784 785/786/785 776/776/776
f 776/776/776 785/786/785 786/787/786 777/777/777
f 777/777/777 786/787/786 787/788/787 778/778/778
f 778/778/778 787/788/787 788/789/788 779/779/779
f 779/779/779 788/789/788 789/790/789 780/780/780
f 780/780/780 789/790/789 782/791/782 773/781/773
f 782/782/782 791/792/791 790/793/790 781/783/781
f 781/783/781 790/793/790 792/794/792 783/784/783
f 783/784/783 792/794/792 793/795/793 784/785/784
f 784/785/784 793/795/793 794/796/794 785/786/785
f 785/786/785 794/796/794 795/797/795 786/787/786
f 786/787/786 795/797/795 796/798/796 787/788/787
f 787/788/787 796/798/796 797/799/797 788/789/788
f 788/789/788 797/799/797 798/800/798 789/790/789
f 789/790/789 798/800/798 791/801/791 782/791/782
f 791/792/791 800/802/800 799/803/799 790/793/790
f 790/793/790 799/803/799 801/804/801 792/794/792
f 792/794/792 801/804/801 802/805/802 793/795/793
f 793/795/793 802/805/802 803/806/803 794/796/794
f 794/796/794 803/806/803 804/807/804 795/797/795
f 795/797/795 804/807/804 805/808/805 796/798/796
f 796/798/796 805/808/805 806/809/806 797/799/797
f 797/799/797 806/809/806 807/810/807 798/800/798
f 798/800/798 807/810/807 800/811/800 791/801/791
f 800/802/800 809/812/809 808/813/808 799/803/799
f 799/803/799 808/813/808 810/814/810 801/804/801
f 801/804/801 810/814/810 811/815/811 802/805/802
f 802/805/802 811/815/811 812/816/812 803/806/803
f 803/806/803 812/816/812 813/817/813 804/807/804
f 804/807/804 813/817/813 814/818/814 805/808/805
f 805/808/805 814/818/814 815/819/815 806/809/806
f 806/809/806 815/819/815 816/820/816 807/810/807
f 807/810/807 816/820/816 809/821/809 800/811/800
f 809/812/809 818/389/818 817/390/817 808/813/808
f 808/813/808 817/390/817 819/391/819 810/814/810
f 810/814/810 819/391/819 820/392/820 811/815/811
f 811/815/811 820/392/820 821/393/821 812/816/812
f 812/816/812 821/393/821 822/394/822 813/817/813
f 813/817/813 822/394/822 823/395/823 814/818/814
f 814/818/814 823/395/823 824/396/824 815/819/815
f 815/819/815 824/396/824 825/397/825 816/820/816
f 816/820/816 825/397/825 818/398/818 809/821/809
f 835/822/835 839/823/839 838/824/838 837/825/837 729/724/729 730/727/730 836/826/836
f 840/827/840 842/828/842 836/829/836 730/727/730 733/729/733 841/830/841
f 843/831/843 844/832/844 841/830/841 733/729/733 735/731/735
f 845/833/845 848/834/848 847/835/847 843/836/843 735/731/735 724/723/724 725/722/725 846/837/846
f 723/718/723 740/838/740 851/839/851 850/840/850 849/841/849 728/842/728
f 742/737/742 854/843/854 853/844/853 852/845/852
f 729/740/729 837/846/837 855/847/855 854/843/854 742/737/742
f 751/749/751 859/848/859 858/849/858 857/850/857 856/851/856 741/852/741 739/734/739
f 860/853/860 861/854/861 859/855/859 751/749/751 743/738/743 742/737/742 852/856/852
f 872/857/872 875/858/875 874/859/874 873/860/873
f 876/861/876 879/862/879 878/863/878 877/864/877 873/860/873 874/859/874
f 880/865/880 883/866/883 882/867/882 881/868/881
f 881/868/881 882/867/882 885/869/885 884/870/884
f 884/870/884 885/869/885 887/871/887 886/872/886
f 886/872/886 887/871/887 889/873/889 888/874/888
f 888/874/888 889/873/889 875/875/875 872/876/872
f 875/858/875 891/877/891 890/878/890 874/859/874
f 874/859/874 890/878/890 892/879/892 876/861/876
f 876/861/876 892/879/892 894/880/894 893/881/893
f 893/881/893 894/880/894 895/882/895 883/866/883
f 883/866/883 895/882/895 896/883/896 882/867/882
f 882/867/882 896/883/896 897/884/897 885/869/885
f 885/869/885 897/884/897 898/885/898 887/871/887
f 887/871/887 898/885/898 899/886/899 889/873/889
f 889/873/889 899/886/899 891/887/891 875/875/875
f 891/877/891 901/888/901 900/889/900 890/878/890
f 890/878/890 900/889/900 902/890/902 892/879/892
f 892/879/892 902/890/902 903/891/903 894/880/894
f 894/880/894 903/891/903 904/892/904 895/882/895
f 895/882/895 904/892/904 905/893/905 896/883/896
f 896/883/896 905/893/905 906/894/906 897/884/897
f 897/884/897 906/894/906 907/895/907 898/885/898
f 898/885/898 907/895/907 908/896/908 899/886/899
f 899/886/899 908/896/908 901/897/901 891/887/891
f 901/888/901 910/898/910 909/899/909 900/889/900
f 900/889/900 909/899/909 911/900/911 902/890/902
f 902/890/902 911/900/911 912/901/912 903/891/903
f 903/891/903 912/901/912 913/902/913 904/892/904
f 904/892/904 913/902/913 914/903/914 905/893/905
f 905/893/905 914/903/914 915/904/915 906/894/906
f 906/894/906 915/904/915 916/905/916 907/895/907
f 907/895/907 916/905/916 917/906/917 908/896/908
f 908/896/908 917/906/917 910/907/910 901/897/901
f 910/898/910 919/908/919 918/909/918 909/899/909
f 909/899/909 918/909/918 920/910/920 911/900/911
f 911/900/911 920/910/920 921/911/921 912/901/912
f 912/901/912 921/911/921 922/912/922 913/902/913
f 913/902/913 922/912/922 923/913/923 914/903/914
f 914/903/914 923/913/923 924/914/924 915/904/915
f 915/904/915 924/914/924 925/915/925 916/905/916
f 916/905/916 925/915/925 926/916/926 917/906/917
f 917/906/917 926/916/926 919/917/919 910/907/910
f 919/908/919 928/918/928 927/919/927 918/909/918
f 918/909/918 927/919/927 929/920/929 920/910/920
f 920/910/920 929/920/929 930/921/930 921/911/921
f 921/911/921 930/921/930 931/922/931 922/912/922
f 922/912/922 931/922/931 932/923/932 923/913/923
f 923/913/923 932/923/932 933/924/933 924/914/924
f 924/914/924 933/924/933 934/925/934 925/915/925
f 925/915/925 934/925/934 935/926/935 926/916/926
f 926/916/926 935/926/935 928/927/928 919/917/919
f 928/918/928 937/928/937 936/929/936 927/919/927
f 927/919/927 936/929/936 938/930/938 929/920/929
f 929/920/929 938/930/938 939/931/939 930/921/930
f 930/921/930 939/931/939 940/932/940 931/922/931
f 931/922/931 940/932/940 941/933/941 932/923/932
f 932/923/932 941/933/941 942/934/942 933/924/933
f 933/924/933 942/934/942 943/935/943 934/925/934
f 934/925/934 943/935/943 944/936/944 935/926/935
f 935/926/935 944/936/944 937/937/937 928/927/928
f 937/928/937 946/938/946 945/939/945 936/929/936
f 936/929/936 945/939/945 947/940/947 938/930/938
f 938/930/938 947/940/947 948/941/948 939/931/939
f 939/931/939 948/941/948 949/942/949 940/932/940
f 940/932/940 949/942/949 950/943/950 941/933/941
f 941/933/941 950/943/950 951/944/951 942/934/942
f 942/934/942 951/944/951 952/945/952 943/935/943
f 943/935/943 952/945/952 953/946/953 944/936/944
f 944/936/944 953/946/953 946/947/946 937/937/937
f 946/938/946 955/948/955 954/949/954 945/939/945
f 945/939/945 954/949/954 956/950/956 947/940/947
f 947/940/947 956/950/956 957/951/957 948/941/948
f 948/941/948 957/951/957 958/952/958 949/942/949
f 949/942/949 958/952/958 959/953/959 950/943/950
f 950/943/950 959/953/959 960/954/960 951/944/951
f 951/944/951 960/954/960 961/955/961 952/945/952
f 952/945/952 961/955/961 962/956/962 953/946/953
f 953/946/953 962/956/962 955/957/955 946/947/946
f 955/948/955 964/958/964 963/959/963 954/949/954
f 954/949/954 963/959/963 965/960/965 956/950/956
f 956/950/956 965/960/965 966/961/966 957/951/957
f 957/951/957 966/961/966 967/962/967 958/952/958
f 958/952/958 967/962/967 968/963/968 959/953/959
f 959/953/959 968/963/968 969/964/969 960/954/960
f 960/954/960 969/964/969 970/965/970 961/955/961
f 961/955/961 970/965/970 971/966/971 962/956/962
f 962/956/962 971/966/971 964/967/964 955/957/955
f 873/860/873 985/968/985 984/969/984 983/970/983 982/971/982 981/1/981 872/857/872
f 986/972/986 987/973/987 985/974/985 873/860/873 877/864/877
f 880/865/880 989/975/989 988/976/988
f 990/977/990 989/975/989 880/865/880 881/868/881 992/978/992 991/979/991
f 993/980/993 997/981/997 996/982/996 995/983/995 992/984/992 881/868/881 884/870/884 994/985/994
f 998/986/998 1000/987/1000 999/988/999 994/989/994 884/870/884 886/872/886
f 1001/990/1001 1003/991/1003 998/992/998 886/872/886 888/874/888 1002/993/1002
f 981/20/981 1006/994/1006 1005/995/1005 1004/996/1004 1002/997/1002 888/874/888 872/876/872
f 1007/998/1007 1009/999/1009 1008/1000/1008 879/1001/879 876/861/876 893/881/893
f 1010/1002/1010 1012/1003/1012 1007/998/1007 893/881/893 883/866/883 880/865/880 988/1004/988 1011/1005/1011
f 1023/1/1023 1026/1006/1026 1025/1007/1025 1024/1008/1024
f 1027/1009/1027 1038/1010/1038 1024/1011/1024 1028/1012/1028 1037/1013/1037 1036/1014/1036 1035/1015/1035 1034/1016/1034 1033/1017/1033 1032/1018/1032 1031/1019/1031 1030/1020/1030 1029/1021/1029 1028/1012/1028 1024/1011/1024 1025/1007/1025
f 1039/1022/1039 1050/1023/1050 1049/1024/1049 1048/1025/1048 1047/8/1047 1046/1026/1046 1045/1027/1045 1044/1028/1044 1043/1029/1043 1042/1030/1042 1041/1031/1041 1040/1032/1040 1038/1033/1038 1027/1009/1027
f 1026/1006/1026 1052/1034/1052 1051/1035/1051 1025/1007/1025
f 1025/1007/1025 1051/1035/1051 1053/1036/1053 1027/1009/1027
f 1027/1009/1027 1053/1036/1053 1054/1037/1054 1039/1022/1039
f 1039/1022/1039 1054/1037/1054 1056/1038/1056 1055/1039/1055
f 1055/1039/1055 1056/1038/1056 1058/1040/1058 1057/1041/1057
f 1057/1041/1057 1058/1040/1058 1060/1042/1060 1059/1043/1059
f 1059/1043/1059 1060/1042/1060 1062/1044/1062 1061/1045/1061
f 1061/1045/1061 1062/1044/1062 1064/1046/1064 1063/1047/1063
f 1063/1047/1063 1064/1046/1064 1052/1048/1052 1026/1049/1026
f 1052/1034/1052 1066/1050/1066 1065/1051/1065 1051/1035/1051
f 1051/1035/1051 1065/1051/1065 1067/1052/1067 1053/1036/1053
f 1053/1036/1053 1067/1052/1067 1068/1053/1068 1054/1037/1054
f 1054/1037/1054 1068/1053/1068 1069/1054/1069 1056/1038/1056
f 1056/1038/1056 1069/1054/1069 1070/1055/1070 1058/1040/1058
f 1058/1040/1058 1070/1055/1070 1071/1056/1071 1060/1042/1060
f 1060/1042/1060 1071/1056/1071 1072/1057/1072 1062/1044/1062
f 1062/1044/1062 1072/1057/1072 1073/1058/1073 1064/1046/1064
f 1064/1046/1064 1073/1058/1073 1066/1059/1066 1052/1048/1052
f 1066/1050/1066 1075/1060/1075 1074/1061/1074 1065/1051/1065
f 1065/1051/1065 1074/1061/1074 1076/1062/1076 1067/1052/1067
f 1067/1052/1067 1076/1062/1076 1077/1063/1077 1068/1053/1068
f 1068/1053/1068 1077/1063/1077 1078/1064/1078 1069/1054/1069
f 1069/1054/1069 1078/1064/1078 1079/1065/1079 1070/1055/1070
f 1070/1055/1070 1079/1065/1079 1080/1066/1080 1071/1056/1071
f 1071/1056/1071 1080/1066/1080 1081/1067/1081 1072/1057/1072
f 1072/1057/1072 1081/1067/1081 1082/1068/1082 1073/1058/1073
f 1073/1058/1073 1082/1068/1082 1075/1069/1075 1066/1059/1066
f 1075/1060/1075 1084/1070/1084 1083/1071/1083 1074/1061/1074
f 1074/1061/1074 1083/1071/1083 1085/1072/1085 1076/1062/1076
f 1076/1062/1076 1085/1072/1085 1086/1073/1086 1077/1063/1077
f 1077/1063/1077 1086/1073/1086 1087/1074/1087 1078/1064/1078
f 1078/1064/1078 1087/1074/1087 1088/1075/1088 1079/1065/1079
f 1079/1065/1079 1088/1075/1088 1089/1076/1089 1080/1066/1080
f 1080/1066/1080 1089/1076/1089 1090/1077/1090 1081/1067/1081
f 1081/1067/1081 1090/1077/1090 1091/1078/1091 1082/1068/1082
f 1082/1068/1082 1091/1078/1091 1084/1079/1084 1075/1069/1075
f 1084/1070/1084 1093/1080/1093 1092/1081/1092 1083/1071/1083
f 1083/1071/1083 1092/1081/1092 1094/1082/1094 1085/1072/1085
f 1085/1072/1085 1094/1082/1094 1095/1083/1095 1086/1073/1086
f 1086/1073/1086 1095/1083/1095 1096/1084/1096 1087/1074/1087
f 1087/1074/1087 1096/1084/1096 1097/1085/1097 1088/1075/1088
f 1088/1075/1088 1097/1085/1097 1098/1086/1098 1089/1076/1089
f 1089/1076/1089 1098/1086/1098 1099/1087/1099 1090/1077/1090
f 1090/1077/1090 1099/1087/1099 1100/1088/1100 1091/1078/1091
f 1091/1078/1091 1100/1088/1100 1093/1089/1093 1084/1079/1084
f 1093/1080/1093 1102/1090/1102 1101/1091/1101 1092/1081/1092
f 1092/1081/1092 1101/1091/1101 1103/1092/1103 1094/1082/1094
f 1094/1082/1094 1103/1092/1103 1104/1093/1104 1095/1083/1095
f 1095/1083/1095 1104/1093/1104 1105/1094/1105 1096/1084/1096
f 1096/1084/1096 1105/1094/1105 1106/1095/1106 1097/1085/1097
f 1097/1085/1097 1106/1095/1106 1107/1096/1107 1098/1086/1098
f 1098/1086/1098 1107/1096/1107 1108/1097/1108 1099/1087/1099
f 1099/1087/1099 1108/1097/1108 1109/1098/1109 1100/1088/1100
f 1100/1088/1100 1109/1098/1109 1102/1099/1102 1093/1089/1093
f 1102/1090/1102 1111/1100/1111 1110/1101/1110 1101/1091/1101
f 1101/1091/1101 1110/1101/1110 1112/1102/1112 1103/1092/1103
f 1103/1092/1103 1112/1102/1112 1113/1103/1113 1104/1093/1104
f 1104/1093/1104 1113/1103/1113 1114/1104/1114 1105/1094/1105
f 1105/1094/1105 1114/1104/1114 1115/1105/1115 1106/1095/1106
f 1106/1095/1106 1115/1105/1115 1116/1106/1116 1107/1096/1107
f 1107/1096/1107 1116/1106/1116 1117/1107/1117 1108/1097/1108
f 1108/1097/1108 1117/1107/1117 1118/1108/1118 1109/1098/1109
f 1109/1098/1109 1118/1108/1118 1111/1109/1111 1102/1099/1102
f 1111/1100/1111 1120/1110/1120 1119/1111/1119 1110/1101/1110
f 1110/1101/1110 1119/1111/1119 1121/1112/1121 1112/1102/1112
f 1112/1102/1112 1121/1112/1121 1122/1113/1122 1113/1103/1113
f 1113/1103/1113 1122/1113/1122 1123/1114/1123 1114/1104/1114
f 1114/1104/1114 1123/1114/1123 1124/1115/1124 1115/1105/1115
f 1115/1105/1115 1124/1115/1124 1125/1116/1125 1116/1106/1116
f 1116/1106/1116 1125/1116/1125 1126/1117/1126 1117/1107/1117
f 1117/1107/1117 1126/1117/1126 1127/1118/1127 1118/1108/1118
f 1118/1108/1118 1127/1118/1127 1120/1119/1120 1111/1109/1111
f 1120/1110/1120 1129/543/1129 1128/544/1128 1119/1111/1119
f 1119/1111/1119 1128/544/1128 1130/545/1130 1121/1112/1121
f 1121/1112/1121 1130/545/1130 1131/546/1131 1122/1113/1122
f 1122/1113/1122 1131/546/1131 1132/547/1132 1123/1114/1123
f 1123/1114/1123 1132/547/1132 1133/548/1133 1124/1115/1124
f 1124/1115/1124 1133/548/1133 1134/549/1134 1125/1116/1125
f 1125/1116/1125 1134/549/1134 1135/550/1135 1126/1117/1126
f 1126/1117/1126 1135/550/1135 1136/551/1136 1127/1118/1127
f 1127/1118/1127 1136/551/1136 1129/552/1129 1120/1119/1120
f 1055/1039/1055 1148/1120/1148 1147/1121/1147 1146/1122/1146 1050/1123/1050 1039/1022/1039
f 1047/8/1047 1048/1025/1048 1149/1124/1149
f 1150/1125/1150 1148/1120/1148 1055/1039/1055 1057/1041/1057
f 1151/1126/1151 1150/1127/1150 1057/1041/1057 1059/1043/1059 1152/1128/1152
f 1153/1129/1153 1157/1130/1157 1152/1131/1152 1059/1043/1059 1061/1045/1061 1156/1132/1156 1155/1133/1155 1154/1134/1154
f 1158/1135/1158 1159/1136/1159 1156/1132/1156 1061/1045/1061 1063/1047/1063
f 1160/1137/1160 1166/1138/1166 1165/1139/1165 1164/1140/1164 1163/1141/1163 1162/1142/1162 1158/1143/1158 1063/1047/1063 1026/1049/1026 1023/20/1023 1161/1144/1161
f 1178/1145/1178 1181/1146/1181 1180/1147/1180 1179/1148/1179
f 1179/1148/1179 1180/1147/1180 1183/1149/1183 1182/1150/1182
f 1184/1151/1184 1151/1152/1151 1152/1153/1152 1157/1154/1157 1182/1150/1182 1183/1149/1183
f 1185/1155/1185 1188/1156/1188 1187/1157/1187 1186/1158/1186
f 1186/1158/1186 1187/1157/1187 1181/1159/1181 1178/1160/1178
f 1181/1146/1181 1190/1161/1190 1189/1162/1189 1180/1147/1180
f 1180/1147/1180 1189/1162/1189 1191/1163/1191 1183/1149/1183
f 1183/1149/1183 1191/1163/1191 1192/1164/1192 1184/1151/1184
f 1184/1151/1184 1192/1164/1192 1194/1165/1194 1193/1166/1193
f 1193/1166/1193 1194/1165/1194 1196/1167/1196 1195/1168/1195
f 1195/1168/1195 1196/1167/1196 1198/1169/1198 1197/1170/1197
f 1197/1170/1197 1198/1169/1198 1199/1171/1199 1188/1156/1188
f 1188/1156/1188 1199/1171/1199 1200/1172/1200 1187/1157/1187
f 1187/1157/1187 1200/1172/1200 1190/1173/1190 1181/1159/1181
f 1190/1161/1190 1202/1174/1202 1201/1175/1201 1189/1162/1189
f 1189/1162/1189 1201/1175/1201 1203/1176/1203 1191/1163/1191
f 1191/1163/1191 1203/1176/1203 1204/1177/1204 1192/1164/1192
f 1192/1164/1192 1204/1177/1204 1205/1178/1205 1194/1165/1194
f 1194/1165/1194 1205/1178/1205 1206/1179/1206 1196/1167/1196
f 1196/1167/1196 1206/1179/1206 1207/1180/1207 1198/1169/1198
f 1198/1169/1198 1207/1180/1207 1208/1181/1208 1199/1171/1199
f 1199/1171/1199 1208/1181/1208 1209/1182/1209 1200/1172/1200
f 1200/1172/1200 1209/1182/1209 1202/1183/1202 1190/1173/1190
f 1202/1174/1202 1211/1184/1211 1210/1185/1210 1201/1175/1201
f 1201/1175/1201 1210/1185/1210 1212/1186/1212 1203/1176/1203
f 1203/1176/1203 1212/1186/1212 1213/1187/1213 1204/1177/1204
f 1204/1177/1204 1213/1187/1213 1214/1188/1214 1205/1178/1205
f 1205/1178/1205 1214/1188/1214 1215/1189/1215 1206/1179/1206
f 1206/1179/1206 1215/1189/1215 1216/1190/1216 1207/1180/1207
f 1207/1180/1207 1216/1190/1216 1217/1191/1217 1208/1181/1208
f 1208/1181/1208 1217/1191/1217 1218/1192/1218 1209/1182/1209
f 1209/1182/1209 1218/1192/1218 1211/1193/1211 1202/1183/1202
f 1211/1184/1211 1220/1194/1220 1219/1195/1219 1210/1185/1210
f 1210/1185/1210 1219/1195/1219 1221/1196/1221 1212/1186/1212
f 1212/1186/1212 1221/1196/1221 1222/1197/1222 1213/1187/1213
f 1213/1187/1213 1222/1197/1222 1223/1198/1223 1214/1188/1214
f 1214/1188/1214 1223/1198/1223 1224/1199/1224 1215/1189/1215
f 1215/1189/1215 1224/1199/1224 1225/1200/1225 1216/1190/1216
f 1216/1190/1216 1225/1200/1225 1226/1201/1226 1217/1191/1217
f 1217/1191/1217 1226/1201/1226 1227/1202/1227 1218/1192/1218
f 1218/1192/1218 1227/1202/1227 1220/1203/1220 1211/1193/1211
f 1220/1194/1220 1229/1204/1229 1228/1205/1228 1219/1195/1219
f 1219/1195/1219 1228/1205/1228 1230/1206/1230 1221/1196/1221
f 1221/1196/1221 1230/1206/1230 1231/1207/1231 1222/1197/1222
f 1222/1197/1222 1231/1207/1231 1232/1208/1232 1223/1198/1223
f 1223/1198/1223 1232/1208/1232 1233/1209/1233 1224/1199/1224
f 1224/1199/1224 1233/1209/1233 1234/1210/1234 1225/1200/1225
f 1225/1200/1225 1234/1210/1234 1235/1211/1235 1226/1201/1226
f 1226/1201/1226 1235/1211/1235 1236/1212/1236 1227/1202/1227
f 1227/1202/1227 1236/1212/1236 1229/1213/1229 1220/1203/1220
f 1229/1204/1229 1238/1214/1238 1237/1215/1237 1228/1205/1228
f 1228/1205/1228 1237/1215/1237 1239/1216/1239 1230/1206/1230
f 1230/1206/1230 1239/1216/1239 1240/1217/1240 1231/1207/1231
f 1231/1207/1231 1240/1217/1240 1241/1218/1241 1232/1208/1232
f 1232/1208/1232 1241/1218/1241 1242/1219/1242 1233/1209/1233
f 1233/1209/1233 1242/1219/1242 1243/1220/1243 1234/1210/1234
f 1234/1210/1234 1243/1220/1243 1244/1221/1244 1235/1211/1235
f 1235/1211/1235 1244/1221/1244 1245/1222/1245 1236/1212/1236
f 1236/1212/1236 1245/1222/1245 1238/1223/1238 1229/1213/1229
f 1238/1214/1238 1247/1224/1247 1246/1225/1246 1237/1215/1237
f 1237/1215/1237 1246/1225/1246 1248/1226/1248 1239/1216/1239
f 1239/1216/1239 1248/1226/1248 1249/1227/1249 1240/1217/1240
f 1240/1217/1240 1249/1227/1249 1250/1228/1250 1241/1218/1241
f 1241/1218/1241 1250/1228/1250 1251/1229/1251 1242/1219/1242
f 1242/1219/1242 1251/1229/1251 1252/1230/1252 1243/1220/1243
f 1243/1220/1243 1252/1230/1252 1253/1231/1253 1244/1221/1244
f 1244/1221/1244 1253/1231/1253 1254/1232/1254 1245/1222/1245
f 1245/1222/1245 1254/1232/1254 1247/1233/1247 1238/1223/1238
f 1247/1224/1247 1256/543/1256 1255/544/1255 1246/1225/1246
f 1246/1225/1246 1255/544/1255 1257/545/1257 1248/1226/1248
f 1248/1226/1248 1257/545/1257 1258/546/1258 1249/1227/1249
f 1249/1227/1249 1258/546/1258 1259/547/1259 1250/1228/1250
f 1250/1228/1250 1259/547/1259 1260/548/1260 1251/1229/1251
f 1251/1229/1251 1260/548/1260 1261/549/1261 1252/1230/1252
f 1252/1230/1252 1261/549/1261 1262/550/1262 1253/1231/1253
f 1253/1231/1253 1262/550/1262 1263/551/1263 1254/1232/1254
f 1254/1232/1254 1263/551/1263 1256/552/1256 1247/1233/1247
f 1273/1234/1273 1276/1235/1276 1275/1236/1275 1178/1145/1178 1179/1148/1179 1274/1237/1274
f 1277/1238/1277 1280/1239/1280 1279/1240/1279 1274/1237/1274 1179/1148/1179 1182/1150/1182 1278/1241/1278
f 1153/1242/1153 1283/1243/1283 1282/1244/1282 1281/1245/1281 1278/1241/1278 1182/1150/1182 1157/1246/1157
f 1284/1247/1284 1283/1248/1283 1153/1249/1153
f 1285/1250/1285 1286/1251/1286 1185/1155/1185
f 1186/1158/1186 1290/1252/1290 1289/1253/1289 1288/1254/1288 1287/1255/1287 1285/1256/1285 1185/1155/1185
f 1178/1160/1178 1275/1257/1275 1291/1258/1291 1290/1259/1290 1186/1158/1186
f 1193/1166/1193 1147/1260/1147 1148/1261/1148 1150/1262/1150 1151/1263/1151 1184/1151/1184
f 1146/1264/1146 1147/1260/1147 1193/1166/1193 1195/1168/1195
f 1050/1265/1050 1146/1266/1146 1195/1168/1195 1197/1170/1197 1049/1267/1049
f 1292/1268/1292 1297/1269/1297 1296/1270/1296 1295/1271/1295 1294/1272/1294 1149/1273/1149 1048/1274/1048 1049/1275/1049 1197/1170/1197 1188/1156/1188 1185/1155/1185 1286/1276/1286 1293/1277/1293
f 1153/1242/1153 1157/1246/1157 1298/1278/1298
f 1153/1249/1153 1298/1278/1298 1299/1279/1299 1154/1247/1154
f 1152/1153/1152 1151/1152/1151 1298/1278/1298 1157/1154/1157
f 1150/1262/1150 1148/1261/1148 1147/1260/1147 1304/1280/1304 1303/1281/1303 1302/1282/1302 1301/1283/1301 1300/1284/1300 1299/1285/1299 1298/1278/1298 1151/1263/1151
f 1305/1286/1305 1309/1287/1309 1308/1288/1308 1307/1289/1307 1304/1290/1304 1147/1260/1147 1146/1264/1146 1306/1291/1306
f 1049/1267/1049 1313/1292/1313 1312/1293/1312 1311/1294/1311 1310/1295/1310 1306/1291/1306 1146/1266/1146 1050/1265/1050
f 1314/1296/1314 1313/1297/1313 1049/1275/1049 1048/1274/1048 1149/1273/1149 1167/1272/1167
f 1049/1024/1049 1050/1023/1050 1048/1025/1048
f 1146/1122/1146 1147/1121/1147 1148/1120/1148 1315/722/1315 1149/1124/1149 1048/1025/1048 1050/1123/1050
f 1316/1298/1316 1320/1299/1320 1319/1300/1319 1318/1301/1318 1317/1302/1317 1315/722/1315 1148/1120/1148 1150/1125/1150
f 1152/1128/1152 1325/1303/1325 1324/1304/1324 1323/1305/1323 1322/1306/1322 1321/1307/1321 1316/1308/1316 1150/1127/1150 1151/1126/1151
f 1157/1130/1157 1153/1129/1153 1326/1134/1326 1325/1303/1325 1152/1131/1152
g all_branches branch_caps level2 manual_prune tree_branch_generator2
usemtl /obj/geo1/tree_controller1/matnet1/labs_shader1
f 1327/20/1327 1329/20/1329 1328/20/1328
f 1328/20/1328 1329/20/1329 1330/20/1330
f 1330/20/1330 1329/20/1329 1331/20/1331
f 1331/20/1331 1329/20/1329 1332/20/1332
f 1332/20/1332 1329/20/1329 1327/20/1327
f 1344/20/1344 1327/20/1327 1328/20/1328 1343/20/1343
f 1343/20/1343 1328/20/1328 1330/20/1330 1345/20/1345
f 1345/20/1345 1330/20/1330 1331/20/1331 1346/20/1346
f 1346/20/1346 1331/20/1331 1332/20/1332 1347/20/1347
f 1347/20/1347 1332/20/1332 1327/20/1327 1344/20/1344
f 1369/20/1369 1371/20/1371 1370/20/1370
f 1370/20/1370 1371/20/1371 1372/20/1372
f 1372/20/1372 1371/20/1371 1373/20/1373
f 1373/20/1373 1371/20/1371 1374/20/1374
f 1374/20/1374 1371/20/1371 1369/20/1369
f 1386/20/1386 1369/20/1369 1370/20/1370 1385/20/1385
f 1385/20/1385 1370/20/1370 1372/20/1372 1387/20/1387
f 1387/20/1387 1372/20/1372 1373/20/1373 1388/20/1388
f 1388/20/1388 1373/20/1373 1374/20/1374 1389/20/1389
f 1389/20/1389 1374/20/1374 1369/20/1369 1386/20/1386
f 1409/20/1409 1411/20/1411 1410/20/1410
f 1410/20/1410 1411/20/1411 1412/20/1412
f 1412/20/1412 1411/20/1411 1413/20/1413
f 1413/20/1413 1411/20/1411 1414/20/1414
f 1414/20/1414 1411/20/1411 1409/20/1409
f 1426/20/1426 1409/20/1409 1410/20/1410 1425/20/1425
f 1425/20/1425 1410/20/1410 1412/20/1412 1427/20/1427
f 1427/20/1427 1412/20/1412 1413/20/1413 1428/20/1428
f 1428/20/1428 1413/20/1413 1414/20/1414 1429/20/1429
f 1429/20/1429 1414/20/1414 1409/20/1409 1426/20/1426
f 1445/20/1445 1447/20/1447 1446/20/1446
f 1446/20/1446 1447/20/1447 1448/20/1448
f 1448/20/1448 1447/20/1447 1449/20/1449
f 1449/20/1449 1447/20/1447 1450/20/1450
f 1450/20/1450 1447/20/1447 1445/20/1445
f 1469/20/1469 1445/20/1445 1446/20/1446 1468/20/1468
f 1468/20/1468 1446/20/1446 1448/20/1448 1470/20/1470
f 1470/20/1470 1448/20/1448 1449/20/1449 1471/20/1471
f 1471/20/1471 1449/20/1449 1450/20/1450 1472/20/1472
f 1472/20/1472 1450/20/1450 1445/20/1445 1469/20/1469
f 1491/20/1491 1493/20/1493 1492/20/1492
f 1492/20/1492 1493/20/1493 1494/20/1494
f 1494/20/1494 1493/20/1493 1495/20/1495
f 1495/20/1495 1493/20/1493 1496/20/1496
f 1496/20/1496 1493/20/1493 1491/20/1491
f 1508/20/1508 1491/20/1491 1492/20/1492 1507/20/1507
f 1507/20/1507 1492/20/1492 1494/20/1494 1509/20/1509
f 1509/20/1509 1494/20/1494 1495/20/1495 1510/20/1510
f 1510/20/1510 1495/20/1495 1496/20/1496 1511/20/1511
f 1511/20/1511 1496/20/1496 1491/20/1491 1508/20/1508
f 1541/20/1541 1543/20/1543 1542/20/1542
f 1542/20/1542 1543/20/1543 1544/20/1544
f 1544/20/1544 1543/20/1543 1545/20/1545
f 1545/20/1545 1543/20/1543 1546/20/1546
f 1546/20/1546 1543/20/1543 1541/20/1541
f 1558/20/1558 1541/20/1541 1542/20/1542 1557/20/1557
f 1557/20/1557 1542/20/1542 1544/20/1544 1559/20/1559
f 1559/20/1559 1544/20/1544 1545/20/1545 1560/20/1560
f 1560/20/1560 1545/20/1545 1546/20/1546 1561/20/1561
f 1561/20/1561 1546/20/1546 1541/20/1541 1558/20/1558
f 1581/20/1581 1583/20/1583 1582/20/1582
f 1582/20/1582 1583/20/1583 1584/20/1584
f 1584/20/1584 1583/20/1583 1585/20/1585
f 1585/20/1585 1583/20/1583 1586/20/1586
f 1586/20/1586 1583/20/1583 1581/20/1581
f 1603/20/1603 1581/20/1581 1582/20/1582 1602/20/1602
f 1602/20/1602 1582/20/1582 1584/20/1584 1604/20/1604
f 1604/20/1604 1584/20/1584 1585/20/1585 1605/20/1605
f 1605/20/1605 1585/20/1585 1586/20/1586 1606/20/1606
f 1606/20/1606 1586/20/1586 1581/20/1581 1603/20/1603
f 1633/20/1633 1635/20/1635 1634/20/1634
f 1634/20/1634 1635/20/1635 1636/20/1636
f 1636/20/1636 1635/20/1635 1637/20/1637
f 1637/20/1637 1635/20/1635 1638/20/1638
f 1638/20/1638 1635/20/1635 1633/20/1633
f 1655/20/1655 1633/20/1633 1634/20/1634 1654/20/1654
f 1654/20/1654 1634/20/1634 1636/20/1636 1656/20/1656
f 1656/20/1656 1636/20/1636 1637/20/1637 1657/20/1657
f 1657/20/1657 1637/20/1637 1638/20/1638 1658/20/1658
f 1658/20/1658 1638/20/1638 1633/20/1633 1655/20/1655
f 1676/20/1676 1678/20/1678 1677/20/1677
f 1677/20/1677 1678/20/1678 1679/20/1679
f 1679/20/1679 1678/20/1678 1680/20/1680
f 1680/20/1680 1678/20/1678 1681/20/1681
f 1681/20/1681 1678/20/1678 1676/20/1676
f 1709/20/1709 1676/20/1676 1677/20/1677 1708/20/1708
f 1708/20/1708 1677/20/1677 1679/20/1679 1710/20/1710
f 1710/20/1710 1679/20/1679 1680/20/1680 1711/20/1711
f 1711/20/1711 1680/20/1680 1681/20/1681 1712/20/1712
f 1712/20/1712 1681/20/1681 1676/20/1676 1709/20/1709
f 1728/20/1728 1730/20/1730 1729/20/1729
f 1729/20/1729 1730/20/1730 1731/20/1731
f 1731/20/1731 1730/20/1730 1732/20/1732
f 1732/20/1732 1730/20/1730 1733/20/1733
f 1733/20/1733 1730/20/1730 1728/20/1728
f 1750/20/1750 1728/20/1728 1729/20/1729 1749/20/1749
f 1749/20/1749 1729/20/1729 1731/20/1731 1751/20/1751
f 1751/20/1751 1731/20/1731 1732/20/1732 1752/20/1752
f 1752/20/1752 1732/20/1732 1733/20/1733 1753/20/1753
f 1753/20/1753 1733/20/1733 1728/20/1728 1750/20/1750
f 1766/20/1766 1768/20/1768 1767/20/1767
f 1767/20/1767 1768/20/1768 1769/20/1769
f 1769/20/1769 1768/20/1768 1770/20/1770
f 1770/20/1770 1768/20/1768 1771/20/1771
f 1771/20/1771 1768/20/1768 1766/20/1766
f 1797/20/1797 1766/20/1766 1767/20/1767 1796/20/1796
f 1796/20/1796 1767/20/1767 1769/20/1769 1798/20/1798
f 1798/20/1798 1769/20/1769 1770/20/1770 1799/20/1799
f 1799/20/1799 1770/20/1770 1771/20/1771 1800/20/1800
f 1800/20/1800 1771/20/1771 1766/20/1766 1797/20/1797
f 1824/20/1824 1826/20/1826 1825/20/1825
f 1825/20/1825 1826/20/1826 1827/20/1827
f 1827/20/1827 1826/20/1826 1828/20/1828
f 1828/20/1828 1826/20/1826 1829/20/1829
f 1829/20/1829 1826/20/1826 1824/20/1824
f 1850/20/1850 1824/20/1824 1825/20/1825 1849/20/1849
f 1849/20/1849 1825/20/1825 1827/20/1827 1851/20/1851
f 1851/20/1851 1827/20/1827 1828/20/1828 1852/20/1852
f 1852/20/1852 1828/20/1828 1829/20/1829 1853/20/1853
f 1853/20/1853 1829/20/1829 1824/20/1824 1850/20/1850
f 1867/20/1867 1869/20/1869 1868/20/1868
f 1868/20/1868 1869/20/1869 1870/20/1870
f 1870/20/1870 1869/20/1869 1871/20/1871
f 1871/20/1871 1869/20/1869 1872/20/1872
f 1872/20/1872 1869/20/1869 1867/20/1867
f 1899/20/1899 1867/20/1867 1868/20/1868 1898/20/1898
f 1898/20/1898 1868/20/1868 1870/20/1870 1900/20/1900
f 1900/20/1900 1870/20/1870 1871/20/1871 1901/20/1901
f 1901/20/1901 1871/20/1871 1872/20/1872 1902/20/1902
f 1902/20/1902 1872/20/1872 1867/20/1867 1899/20/1899
f 1917/20/1917 1919/20/1919 1918/20/1918
f 1918/20/1918 1919/20/1919 1920/20/1920
f 1920/20/1920 1919/20/1919 1921/20/1921
f 1921/20/1921 1919/20/1919 1922/20/1922
f 1922/20/1922 1919/20/1919 1917/20/1917
f 1951/20/1951 1917/20/1917 1918/20/1918 1950/20/1950
f 1950/20/1950 1918/20/1918 1920/20/1920 1952/20/1952
f 1952/20/1952 1920/20/1920 1921/20/1921 1953/20/1953
f 1953/20/1953 1921/20/1921 1922/20/1922 1954/20/1954
f 1954/20/1954 1922/20/1922 1917/20/1917 1951/20/1951
f 2019/20/2019 2021/20/2021 2020/20/2020
f 2020/20/2020 2021/20/2021 2022/20/2022
f 2022/20/2022 2021/20/2021 2023/20/2023
f 2023/20/2023 2021/20/2021 2024/20/2024
f 2024/20/2024 2021/20/2021 2019/20/2019
f 2052/20/2052 2019/20/2019 2020/20/2020 2051/20/2051
f 2051/20/2051 2020/20/2020 2022/20/2022 2053/20/2053
f 2053/20/2053 2022/20/2022 2023/20/2023 2054/20/2054
f 2054/20/2054 2023/20/2023 2024/20/2024 2055/20/2055
f 2055/20/2055 2024/20/2024 2019/20/2019 2052/20/2052
f 2103/20/2103 2105/20/2105 2104/20/2104
f 2104/20/2104 2105/20/2105 2106/20/2106
f 2106/20/2106 2105/20/2105 2107/20/2107
f 2107/20/2107 2105/20/2105 2108/20/2108
f 2108/20/2108 2105/20/2105 2103/20/2103
f 2125/20/2125 2103/20/2103 2104/20/2104 2124/20/2124
f 2124/20/2124 2104/20/2104 2106/20/2106 2126/20/2126
f 2126/20/2126 2106/20/2106 2107/20/2107 2127/20/2127
f 2127/20/2127 2107/20/2107 2108/20/2108 2128/20/2128
f 2128/20/2128 2108/20/2108 2103/20/2103 2125/20/2125
g all_branches level2 manual_prune tree_branch_generator2
usemtl /obj/geo1/tree_controller1/matnet1/labs_shader1
f 1333/1309/1333 1336/1310/1336 1335/1311/1335 1334/1312/1334
f 1334/1312/1334 1335/1311/1335 1338/1313/1338 1337/1314/1337
f 1337/1314/1337 1338/1313/1338 1340/1315/1340 1339/1316/1339
f 1339/1316/1339 1340/1315/1340 1342/1317/1342 1341/1318/1341
f 1341/1318/1341 1342/1317/1342 1336/1319/1336 1333/1320/1333
f 1336/1310/1336 1344/121/1344 1343/1321/1343 1335/1311/1335
f 1335/1311/1335 1343/1321/1343 1345/1322/1345 1338/1313/1338
f 1338/1313/1338 1345/1322/1345 1346/1323/1346 1340/1315/1340
f 1340/1315/1340 1346/1323/1346 1347/1324/1347 1342/1317/1342
f 1342/1317/1342 1347/1324/1347 1344/130/1344 1336/1319/1336
f 1348/1325/1348 1353/1326/1353 1352/1327/1352 1333/1309/1333 1334/1312/1334 1351/1328/1351 1350/1329/1350 1349/1330/1349
f 1354/1331/1354 1357/1332/1357 1356/1333/1356 1351/1334/1351 1334/1312/1334 1337/1314/1337 1355/1335/1355
f 1358/1336/1358 1361/1337/1361 1360/1338/1360 1355/1339/1355 1337/1314/1337 1339/1316/1339 1359/1340/1359
f 1362/1341/1362 1365/1342/1365 1364/1343/1364 1359/1344/1359 1339/1316/1339 1341/1318/1341 1363/1345/1363
f 1333/1320/1333 1352/1346/1352 1368/1347/1368 1367/1348/1367 1366/1349/1366 1363/1350/1363 1341/1318/1341
f 1375/1351/1375 1378/1352/1378 1377/1353/1377 1376/1354/1376
f 1376/1354/1376 1377/1353/1377 1380/1355/1380 1379/1356/1379
f 1379/1356/1379 1380/1355/1380 1382/1357/1382 1381/1358/1381
f 1381/1358/1381 1382/1357/1382 1384/1359/1384 1383/1360/1383
f 1383/1360/1383 1384/1359/1384 1378/1361/1378 1375/1362/1375
f 1378/1352/1378 1386/259/1386 1385/1363/1385 1377/1353/1377
f 1377/1353/1377 1385/1363/1385 1387/1364/1387 1380/1355/1380
f 1380/1355/1380 1387/1364/1387 1388/1365/1388 1382/1357/1382
f 1382/1357/1382 1388/1365/1388 1389/1366/1389 1384/1359/1384
f 1384/1359/1384 1389/1366/1389 1386/268/1386 1378/1361/1378
f 1376/1354/1376 1393/1367/1393 1392/1368/1392 1391/1369/1391 1390/1370/1390 1375/1351/1375
f 1379/1356/1379 1398/1371/1398 1397/1372/1397 1396/1373/1396 1395/1374/1395 1394/1375/1394 1393/1376/1393 1376/1354/1376
f 1381/1358/1381 1401/1377/1401 1400/1378/1400 1399/1379/1399 1398/1380/1398 1379/1356/1379
f 1402/1381/1402 1405/1382/1405 1401/1383/1401 1381/1358/1381 1383/1360/1383 1404/1384/1404 1403/1385/1403
f 1406/1386/1406 1408/1387/1408 1404/1388/1404 1383/1360/1383 1375/1362/1375 1390/1389/1390 1407/1390/1407
f 1415/1391/1415 1418/1392/1418 1417/1393/1417 1416/1394/1416
f 1416/1394/1416 1417/1393/1417 1420/1395/1420 1419/1396/1419
f 1419/1396/1419 1420/1395/1420 1422/1397/1422 1421/1398/1421
f 1421/1398/1421 1422/1397/1422 1424/1399/1424 1423/1400/1423
f 1423/1400/1423 1424/1399/1424 1418/1401/1418 1415/1402/1415
f 1418/1392/1418 1426/1403/1426 1425/1404/1425 1417/1393/1417
f 1417/1393/1417 1425/1404/1425 1427/1405/1427 1420/1395/1420
f 1420/1395/1420 1427/1405/1427 1428/1406/1428 1422/1397/1422
f 1422/1397/1422 1428/1406/1428 1429/1407/1429 1424/1399/1424
f 1424/1399/1424 1429/1407/1429 1426/1408/1426 1418/1401/1418
f 1430/1409/1430 1432/1410/1432 1431/1411/1431 1415/1391/1415 1416/1394/1416
f 1419/1396/1419 1436/1412/1436 1435/1413/1435 1434/1414/1434 1433/1415/1433 1430/1416/1430 1416/1394/1416
f 1437/1417/1437 1436/1418/1436 1419/1396/1419 1421/1398/1421 1439/1419/1439 1438/1420/1438
f 1440/1421/1440 1443/1422/1443 1442/1423/1442 1439/1424/1439 1421/1398/1421 1423/1400/1423 1441/1425/1441
f 1444/1426/1444 1441/1427/1441 1423/1400/1423 1415/1402/1415 1431/1428/1431
f 1451/1/1451 1454/1429/1454 1453/1430/1453 1452/1431/1452
f 1455/1432/1455 1459/1433/1459 1458/1434/1458 1457/1435/1457 1456/1436/1456 1452/1431/1452 1453/1430/1453
f 1460/1437/1460 1461/1438/1461 1454/1439/1454 1451/20/1451
f 1454/1429/1454 1463/1440/1463 1462/1441/1462 1453/1430/1453
f 1453/1430/1453 1462/1441/1462 1464/1442/1464 1455/1432/1455
f 1455/1432/1455 1464/1442/1464 1466/1443/1466 1465/1444/1465
f 1465/1444/1465 1466/1443/1466 1467/1445/1467 1461/1438/1461
f 1461/1438/1461 1467/1445/1467 1463/1446/1463 1454/1439/1454
f 1463/1440/1463 1469/1447/1469 1468/1448/1468 1462/1441/1462
f 1462/1441/1462 1468/1448/1468 1470/1449/1470 1464/1442/1464
f 1464/1442/1464 1470/1449/1470 1471/1450/1471 1466/1443/1466
f 1466/1443/1466 1471/1450/1471 1472/1451/1472 1467/1445/1467
f 1467/1445/1467 1472/1451/1472 1469/1452/1469 1463/1446/1463
f 1475/1453/1475 1480/1454/1480 1459/1455/1459 1455/1432/1455 1465/1444/1465 1479/1456/1479 1478/1457/1478 1477/1458/1477 1476/1459/1476
f 1474/1460/1474 1456/1436/1456 1457/1461/1457
f 1481/1462/1481 1490/1463/1490 1479/1464/1479 1465/1444/1465 1461/1438/1461 1460/1437/1460 1473/1465/1473 1489/1466/1489 1488/1467/1488 1487/1468/1487 1486/1469/1486 1485/1470/1485 1484/1471/1484 1483/1472/1483 1482/1473/1482
f 1497/1474/1497 1500/1475/1500 1499/1476/1499 1498/1477/1498
f 1498/1477/1498 1499/1476/1499 1502/1478/1502 1501/1479/1501
f 1501/1479/1501 1502/1478/1502 1504/1480/1504 1503/1481/1503
f 1503/1481/1503 1504/1480/1504 1506/1482/1506 1505/1483/1505
f 1505/1483/1505 1506/1482/1506 1500/1484/1500 1497/1485/1497
f 1500/1475/1500 1508/1486/1508 1507/1487/1507 1499/1476/1499
f 1499/1476/1499 1507/1487/1507 1509/1488/1509 1502/1478/1502
f 1502/1478/1502 1509/1488/1509 1510/1489/1510 1504/1480/1504
f 1504/1480/1504 1510/1489/1510 1511/1490/1511 1506/1482/1506
f 1506/1482/1506 1511/1490/1511 1508/1491/1508 1500/1484/1500
f 1512/1492/1512 1516/1493/1516 1515/1494/1515 1497/1474/1497 1498/1477/1498 1514/1495/1514 1513/1496/1513
f 1517/1497/1517 1523/1498/1523 1514/1499/1514 1498/1477/1498 1501/1479/1501 1522/1436/1522 1521/1500/1521 1520/1501/1520 1519/1502/1519 1518/1503/1518
f 1524/1504/1524 1535/1505/1535 1534/1506/1534 1533/1507/1533 1532/1508/1532 1531/1509/1531 1530/1510/1530 1529/1511/1529 1528/1512/1528 1527/1513/1527 1526/1514/1526 1522/1436/1522 1501/1479/1501 1503/1481/1503 1525/1515/1525
f 1536/1516/1536 1537/1517/1537 1525/1518/1525 1503/1481/1503 1505/1483/1505
f 1497/1485/1497 1515/1519/1515 1540/1520/1540 1539/1521/1539 1538/1522/1538 1536/1523/1536 1505/1483/1505
f 1547/1524/1547 1550/1525/1550 1549/1526/1549 1548/1527/1548
f 1548/1527/1548 1549/1526/1549 1552/1528/1552 1551/1529/1551
f 1551/1529/1551 1552/1528/1552 1554/1530/1554 1553/1531/1553
f 1553/1531/1553 1554/1530/1554 1556/1532/1556 1555/1533/1555
f 1555/1533/1555 1556/1532/1556 1550/1534/1550 1547/1535/1547
f 1550/1525/1550 1558/1536/1558 1557/1537/1557 1549/1526/1549
f 1549/1526/1549 1557/1537/1557 1559/1538/1559 1552/1528/1552
f 1552/1528/1552 1559/1538/1559 1560/1539/1560 1554/1530/1554
f 1554/1530/1554 1560/1539/1560 1561/1540/1561 1556/1532/1556
f 1556/1532/1556 1561/1540/1561 1558/1541/1558 1550/1534/1550
f 1562/1542/1562 1565/1543/1565 1564/1544/1564 1563/1545/1563 1547/1524/1547 1548/1527/1548
f 1566/1546/1566 1568/1547/1568 1562/1548/1562 1548/1527/1548 1551/1529/1551 1567/1549/1567
f 1553/1531/1553 1572/1550/1572 1571/1551/1571 1570/1552/1570 1569/1553/1569 1567/1554/1567 1551/1529/1551
f 1555/1533/1555 1575/1555/1575 1574/1556/1574 1573/1557/1573 1572/1558/1572 1553/1531/1553
f 1563/1559/1563 1580/1560/1580 1579/1561/1579 1578/1562/1578 1577/1563/1577 1576/1564/1576 1575/1565/1575 1555/1533/1555 1547/1535/1547
f 1587/1566/1587 1590/1567/1590 1589/1568/1589 1588/1569/1588
f 1588/1569/1588 1589/1568/1589 1592/1570/1592 1591/1571/1591
f 1591/1571/1591 1592/1570/1592 1594/1572/1594 1593/1573/1593
f 1593/1573/1593 1594/1572/1594 1596/1574/1596 1595/1575/1595
f 1595/1575/1595 1596/1574/1596 1590/1576/1590 1587/1577/1587
f 1590/1567/1590 1598/1578/1598 1597/1579/1597 1589/1568/1589
f 1589/1568/1589 1597/1579/1597 1599/1580/1599 1592/1570/1592
f 1592/1570/1592 1599/1580/1599 1600/1581/1600 1594/1572/1594
f 1594/1572/1594 1600/1581/1600 1601/1582/1601 1596/1574/1596
f 1596/1574/1596 1601/1582/1601 1598/1583/1598 1590/1576/1590
f 1598/1578/1598 1603/1584/1603 1602/1585/1602 1597/1579/1597
f 1597/1579/1597 1602/1585/1602 1604/1586/1604 1599/1580/1599
f 1599/1580/1599 1604/1586/1604 1605/1587/1605 1600/1581/1600
f 1600/1581/1600 1605/1587/1605 1606/1588/1606 1601/1582/1601
f 1601/1582/1601 1606/1588/1606 1603/1589/1603 1598/1583/1598
f 1607/1590/1607 1610/1591/1610 1587/1566/1587 1588/1569/1588 1609/1592/1609 1608/1593/1608
f 1611/1594/1611 1617/1595/1617 1609/1596/1609 1588/1569/1588 1591/1571/1591 1616/1597/1616 1615/1598/1615 1614/1599/1614 1613/1600/1613 1612/1601/1612
f 1618/1602/1618 1624/1603/1624 1616/1604/1616 1591/1571/1591 1593/1573/1593 1623/1605/1623 1622/1606/1622 1621/1607/1621 1620/1608/1620 1619/1609/1619
f 1625/1610/1625 1628/1611/1628 1623/1612/1623 1593/1573/1593 1595/1575/1595 1627/1613/1627 1626/1614/1626
f 1629/1615/1629 1632/1616/1632 1631/1617/1631 1630/1618/1630 1627/1619/1627 1595/1575/1595 1587/1577/1587 1610/1620/1610
f 1639/1621/1639 1642/1622/1642 1641/1623/1641 1640/1624/1640
f 1640/1624/1640 1641/1623/1641 1644/1625/1644 1643/1626/1643
f 1643/1626/1643 1644/1625/1644 1646/1627/1646 1645/1628/1645
f 1645/1628/1645 1646/1627/1646 1648/1629/1648 1647/1630/1647
f 1647/1630/1647 1648/1629/1648 1642/1631/1642 1639/1632/1639
f 1642/1622/1642 1650/1633/1650 1649/1634/1649 1641/1623/1641
f 1641/1623/1641 1649/1634/1649 1651/1635/1651 1644/1625/1644
f 1644/1625/1644 1651/1635/1651 1652/1636/1652 1646/1627/1646
f 1646/1627/1646 1652/1636/1652 1653/1637/1653 1648/1629/1648
f 1648/1629/1648 1653/1637/1653 1650/1638/1650 1642/1631/1642
f 1650/1633/1650 1655/121/1655 1654/1321/1654 1649/1634/1649
f 1649/1634/1649 1654/1321/1654 1656/1322/1656 1651/1635/1651
f 1651/1635/1651 1656/1322/1656 1657/1323/1657 1652/1636/1652
f 1652/1636/1652 1657/1323/1657 1658/1324/1658 1653/1637/1653
f 1653/1637/1653 1658/1324/1658 1655/130/1655 1650/1638/1650
f 1659/1639/1659 1662/1640/1662 1661/1641/1661 1639/1621/1639 1640/1624/1640 1660/1642/1660
f 1663/1643/1663 1660/1644/1660 1640/1624/1640 1643/1626/1643 1665/1645/1665 1664/1646/1664
f 1666/1647/1666 1669/1648/1669 1665/1649/1665 1643/1626/1643 1645/1628/1645 1668/1650/1668 1667/1651/1667
f 1670/1652/1670 1672/1653/1672 1668/1654/1668 1645/1628/1645 1647/1630/1647 1671/1655/1671
f 1673/1656/1673 1671/1657/1671 1647/1630/1647 1639/1632/1639 1661/1658/1661 1675/1659/1675 1674/1660/1674
f 1682/1431/1682 1685/1661/1685 1684/1662/1684 1683/1436/1683
f 1686/1663/1686 1695/1664/1695 1694/1665/1694 1693/1666/1693 1692/1667/1692 1691/1668/1691 1690/1669/1690 1689/1670/1689 1688/1671/1688 1687/1672/1687 1683/1436/1683 1684/1662/1684
f 1696/1673/1696 1698/1674/1698 1697/1675/1697 1685/1661/1685
f 1685/1661/1685 1697/1675/1697 1699/1676/1699 1684/1662/1684
f 1684/1662/1684 1699/1676/1699 1700/1677/1700 1686/1663/1686
f 1686/1663/1686 1700/1677/1700 1702/1678/1702 1701/1679/1701
f 1701/1679/1701 1702/1678/1702 1698/1680/1698 1696/1681/1696
f 1698/1674/1698 1704/1682/1704 1703/1683/1703 1697/1675/1697
f 1697/1675/1697 1703/1683/1703 1705/1684/1705 1699/1676/1699
f 1699/1676/1699 1705/1684/1705 1706/1685/1706 1700/1677/1700
f 1700/1677/1700 1706/1685/1706 1707/1686/1707 1702/1678/1702
f 1702/1678/1702 1707/1686/1707 1704/1687/1704 1698/1680/1698
f 1704/1682/1704 1709/1688/1709 1708/1689/1708 1703/1683/1703
f 1703/1683/1703 1708/1689/1708 1710/1690/1710 1705/1684/1705
f 1705/1684/1705 1710/1690/1710 1711/1691/1711 1706/1685/1706
f 1706/1685/1706 1711/1691/1711 1712/1692/1712 1707/1686/1707
f 1707/1686/1707 1712/1692/1712 1709/1693/1709 1704/1687/1704
f 1685/1661/1685 1682/1431/1682 1720/1694/1720 1719/1695/1719 1718/1696/1718 1717/1697/1717 1716/1698/1716 1715/1699/1715 1714/1700/1714 1713/1701/1713 1696/1673/1696
f 1721/1702/1721 1723/1703/1723 1722/1704/1722 1687/1672/1687 1688/1705/1688
f 1724/1706/1724 1726/1707/1726 1695/1708/1695 1686/1663/1686 1701/1679/1701 1725/1709/1725
f 1696/1681/1696 1713/1710/1713 1727/1711/1727 1725/1712/1725 1701/1679/1701
f 1734/1713/1734 1740/1714/1740 1739/1715/1739 1738/1716/1738 1737/1717/1737 1736/1437/1736 1735/1718/1735
f 1734/1719/1734 1743/1720/1743 1742/1721/1742 1741/1722/1741
f 1741/1722/1741 1742/1721/1742 1745/1723/1745 1744/1724/1744
f 1744/1724/1744 1745/1723/1745 1747/1725/1747 1746/1726/1746
f 1746/1726/1746 1747/1725/1747 1748/1727/1748 1735/1718/1735
f 1735/1718/1735 1748/1727/1748 1743/1728/1743 1734/1713/1734
f 1743/1720/1743 1750/1536/1750 1749/1537/1749 1742/1721/1742
f 1742/1721/1742 1749/1537/1749 1751/1538/1751 1745/1723/1745
f 1745/1723/1745 1751/1538/1751 1752/1539/1752 1747/1725/1747
f 1747/1725/1747 1752/1539/1752 1753/1540/1753 1748/1727/1748
f 1748/1727/1748 1753/1540/1753 1750/1541/1750 1743/1728/1743
f 1754/1729/1754 1756/1730/1756 1740/1731/1740 1734/1719/1734 1741/1722/1741 1755/1732/1755
f 1757/1733/1757 1755/1734/1755 1741/1722/1741 1744/1724/1744 1758/1735/1758
f 1746/1726/1746 1763/1736/1763 1762/1737/1762 1761/1738/1761 1760/1739/1760 1759/1740/1759 1758/1735/1758 1744/1724/1744
f 1735/1718/1735 1736/1437/1736 1765/1741/1765 1764/1742/1764 1763/1743/1763 1746/1726/1746
f 1772/1744/1772 1778/1745/1778 1777/1746/1777 1776/1747/1776 1775/1672/1775 1774/1436/1774 1773/1748/1773
f 1779/1749/1779 1782/1750/1782 1781/1751/1781 1780/1752/1780
f 1780/1752/1780 1781/1751/1781 1783/1753/1783 1773/1748/1773
f 1773/1748/1773 1783/1753/1783 1784/1754/1784 1772/1744/1772
f 1785/1755/1785 1790/1756/1790 1789/1757/1789 1788/1758/1788 1787/1759/1787 1786/1760/1786 1772/1744/1772 1784/1754/1784
f 1782/1750/1782 1792/1761/1792 1791/1762/1791 1781/1751/1781
f 1781/1751/1781 1791/1762/1791 1793/1763/1793 1783/1753/1783
f 1783/1753/1783 1793/1763/1793 1794/1764/1794 1784/1754/1784
f 1784/1754/1784 1794/1764/1794 1795/1765/1795 1785/1755/1785
f 1785/1755/1785 1795/1765/1795 1792/1766/1792 1782/1767/1782
f 1792/1761/1792 1797/1688/1797 1796/1689/1796 1791/1762/1791
f 1791/1762/1791 1796/1689/1796 1798/1690/1798 1793/1763/1793
f 1793/1763/1793 1798/1690/1798 1799/1691/1799 1794/1764/1794
f 1794/1764/1794 1799/1691/1799 1800/1692/1800 1795/1765/1795
f 1795/1765/1795 1800/1692/1800 1797/1693/1797 1792/1766/1792
f 1801/1768/1801 1805/1769/1805 1804/1770/1804 1803/1771/1803 1779/1749/1779 1780/1752/1780 1802/1772/1802
f 1806/1773/1806 1809/1774/1809 1808/1775/1808 1807/1776/1807 1802/1777/1802 1780/1752/1780 1773/1748/1773 1774/1778/1774
f 1775/1672/1775 1776/1779/1776 1815/1780/1815 1814/1781/1814 1813/1782/1813 1812/1783/1812 1811/1784/1811 1810/1437/1810
f 1816/1785/1816 1818/1786/1818 1778/1787/1778 1772/1744/1772 1786/1788/1786 1817/1789/1817
f 1779/1790/1779 1803/1791/1803 1820/1792/1820 1819/1793/1819
f 1821/1794/1821 1810/1437/1810 1811/1795/1811 1822/1796/1822
f 1823/1797/1823 1790/1798/1790 1785/1755/1785 1782/1767/1782 1779/1790/1779 1819/1799/1819
f 1830/1800/1830 1835/1801/1835 1834/1802/1834 1833/1803/1833 1832/1437/1832 1831/1804/1831
f 1830/1805/1830 1838/1806/1838 1837/1807/1837 1836/1808/1836
f 1836/1808/1836 1837/1807/1837 1840/1809/1840 1839/1810/1839
f 1839/1810/1839 1840/1809/1840 1842/1811/1842 1841/1812/1841
f 1841/1812/1841 1842/1811/1842 1843/1813/1843 1831/1804/1831
f 1831/1804/1831 1843/1813/1843 1838/1814/1838 1830/1800/1830
f 1838/1806/1838 1845/1815/1845 1844/1816/1844 1837/1807/1837
f 1837/1807/1837 1844/1816/1844 1846/1817/1846 1840/1809/1840
f 1840/1809/1840 1846/1817/1846 1847/1818/1847 1842/1811/1842
f 1842/1811/1842 1847/1818/1847 1848/1819/1848 1843/1813/1843
f 1843/1813/1843 1848/1819/1848 1845/1820/1845 1838/1814/1838
f 1845/1815/1845 1850/1688/1850 1849/1689/1849 1844/1816/1844
f 1844/1816/1844 1849/1689/1849 1851/1690/1851 1846/1817/1846
f 1846/1817/1846 1851/1690/1851 1852/1691/1852 1847/1818/1847
f 1847/1818/1847 1852/1691/1852 1853/1692/1853 1848/1819/1848
f 1848/1819/1848 1853/1692/1853 1850/1693/1850 1845/1820/1845
f 1854/1821/1854 1835/1822/1835 1830/1805/1830 1836/1808/1836 1857/1823/1857 1856/1824/1856 1855/1825/1855
f 1858/1826/1858 1857/1827/1857 1836/1808/1836 1839/1810/1839 1859/1828/1859
f 1860/1829/1860 1862/1830/1862 1859/1831/1859 1839/1810/1839 1841/1812/1841 1861/1832/1861
f 1863/1833/1863 1866/1834/1866 1865/1835/1865 1861/1836/1861 1841/1812/1841 1831/1804/1831 1832/1437/1832 1864/1837/1864
f 1873/1431/1873 1876/1838/1876 1875/1839/1875 1874/1436/1874
f 1877/1840/1877 1885/1841/1885 1884/1842/1884 1883/1843/1883 1882/1844/1882 1881/1845/1881 1880/1846/1880 1879/1847/1879 1878/1848/1878 1874/1436/1874 1875/1839/1875
f 1886/1849/1886 1888/1850/1888 1887/1851/1887 1876/1838/1876
f 1876/1838/1876 1887/1851/1887 1889/1852/1889 1875/1839/1875
f 1875/1839/1875 1889/1852/1889 1890/1853/1890 1877/1840/1877
f 1877/1840/1877 1890/1853/1890 1892/1854/1892 1891/1855/1891
f 1891/1855/1891 1892/1854/1892 1888/1856/1888 1886/1857/1886
f 1888/1850/1888 1894/1858/1894 1893/1859/1893 1887/1851/1887
f 1887/1851/1887 1893/1859/1893 1895/1860/1895 1889/1852/1889
f 1889/1852/1889 1895/1860/1895 1896/1861/1896 1890/1853/1890
f 1890/1853/1890 1896/1861/1896 1897/1862/1897 1892/1854/1892
f 1892/1854/1892 1897/1862/1897 1894/1863/1894 1888/1856/1888
f 1894/1858/1894 1899/121/1899 1898/1321/1898 1893/1859/1893
f 1893/1859/1893 1898/1321/1898 1900/1322/1900 1895/1860/1895
f 1895/1860/1895 1900/1322/1900 1901/1323/1901 1896/1861/1896
f 1896/1861/1896 1901/1323/1901 1902/1324/1902 1897/1862/1897
f 1897/1862/1897 1902/1324/1902 1899/130/1899 1894/1863/1894
f 1903/1864/1903 1910/1865/1910 1886/1849/1886 1876/1838/1876 1873/1431/1873 1909/1/1909 1908/1866/1908 1907/1867/1907 1906/1868/1906 1905/1869/1905 1904/1870/1904
f 1911/1871/1911 1885/1872/1885 1877/1840/1877 1891/1855/1891 1912/1873/1912
f 1913/1874/1913 1908/1875/1908 1909/1876/1909
f 1914/1877/1914 1916/1878/1916 1912/1879/1912 1891/1855/1891 1886/1857/1886 1910/1880/1910 1915/1881/1915
f 1923/1882/1923 1926/1437/1926 1927/1883/1927 1932/1884/1932 1931/1885/1931 1930/1886/1930 1929/1887/1929 1928/1888/1928 1927/1883/1927 1926/1437/1926 1925/1672/1925 1924/1889/1924
f 1933/1890/1933 1937/1891/1937 1936/1892/1936 1935/1893/1935 1934/1894/1934 1926/1437/1926 1923/1882/1923
f 1933/1895/1933 1940/1896/1940 1939/1897/1939 1938/1898/1938
f 1938/1898/1938 1939/1897/1939 1942/1899/1942 1941/1900/1941
f 1941/1900/1941 1942/1899/1942 1943/1901/1943 1924/1889/1924
f 1924/1889/1924 1943/1901/1943 1944/1902/1944 1923/1882/1923
f 1923/1882/1923 1944/1902/1944 1940/1903/1940 1933/1890/1933
f 1940/1896/1940 1946/1904/1946 1945/1905/1945 1939/1897/1939
f 1939/1897/1939 1945/1905/1945 1947/1906/1947 1942/1899/1942
f 1942/1899/1942 1947/1906/1947 1948/1907/1948 1943/1901/1943
f 1943/1901/1943 1948/1907/1948 1949/1908/1949 1944/1902/1944
f 1944/1902/1944 1949/1908/1949 1946/1909/1946 1940/1903/1940
f 1946/1904/1946 1951/1910/1951 1950/1911/1950 1945/1905/1945
f 1945/1905/1945 1950/1911/1950 1952/1912/1952 1947/1906/1947
f 1947/1906/1947 1952/1912/1952 1953/1913/1953 1948/1907/1948
f 1948/1907/1948 1953/1913/1953 1954/1914/1954 1949/1908/1949
f 1949/1908/1949 1954/1914/1954 1951/1915/1951 1946/1909/1946
f 1957/1916/1957 1961/1917/1961 1960/1918/1960 1959/1919/1959 1937/1920/1937 1933/1895/1933 1938/1898/1938 1958/1921/1958
f 1962/1922/1962 1964/1923/1964 1958/1924/1958 1938/1898/1938 1941/1900/1941 1963/1925/1963
f 1955/1926/1955 1956/1927/1956 1967/1928/1967 1966/1929/1966 1965/1930/1965
f 1924/1889/1924 1925/1672/1925 1955/1436/1955 1965/1931/1965 1972/1932/1972 1971/1933/1971 1970/1934/1970 1969/1935/1969 1968/1936/1968 1963/1937/1963 1941/1900/1941
f 1975/1/1975 1983/1327/1983 1982/1326/1982 1981/1325/1981 1980/1330/1980 1979/1329/1979 1978/1328/1978 1974/1431/1974
f 1978/1334/1978 1987/1333/1987 1986/1332/1986 1985/1331/1985 1984/1335/1984 1973/1436/1973 1974/1431/1974
f 1988/1340/1988 1977/1672/1977 1973/1436/1973 1984/1339/1984 1991/1338/1991 1990/1337/1990 1989/1336/1989
f 1992/1341/1992 1995/1345/1995 1976/1437/1976 1977/1672/1977 1988/1344/1988 1994/1343/1994 1993/1342/1993
f 1996/1347/1996 1983/1346/1983 1975/20/1975 1976/1437/1976 1995/1350/1995 1998/1349/1998 1997/1348/1997
f 2004/1411/2004 2006/1410/2006 2005/1409/2005 2000/1431/2000 2001/1/2001
f 2007/1412/2007 1999/1436/1999 2000/1431/2000 2005/1416/2005 2010/1415/2010 2009/1414/2009 2008/1413/2008
f 2011/1420/2011 2013/1419/2013 2003/1938/2003 1999/1939/1999 2007/1418/2007 2012/1417/2012
f 2014/1425/2014 2002/1437/2002 2003/1672/2003 2013/1424/2013 2017/1423/2017 2016/1422/2016 2015/1421/2015
f 2018/1426/2018 2004/1428/2004 2001/20/2001 2002/1437/2002 2014/1427/2014
f 2025/1940/2025 2029/1941/2029 2034/1942/2034 2033/1943/2033 2032/1944/2032 2031/1945/2031 2030/1946/2030 2029/1941/2029 2025/1940/2025 2028/1436/2028 2027/1431/2027 2026/1947/2026
f 2035/1948/2035 2037/1949/2037 2036/1950/2036 2026/1947/2026
f 2026/1947/2026 2036/1950/2036 2038/1951/2038 2025/1940/2025
f 2039/1952/2039 2042/1953/2042 2041/1954/2041 2040/1955/2040 2025/1940/2025 2038/1951/2038
f 2037/1949/2037 2044/1956/2044 2043/1957/2043 2036/1950/2036
f 2036/1950/2036 2043/1957/2043 2045/1958/2045 2038/1951/2038
f 2038/1951/2038 2045/1958/2045 2046/1959/2046 2039/1952/2039
f 2047/1960/2047 2050/1961/2050 2049/1962/2049 2048/1963/2048 2039/1952/2039 2046/1959/2046
f 2044/1956/2044 2052/543/2052 2051/1964/2051 2043/1957/2043
f 2043/1957/2043 2051/1964/2051 2053/1965/2053 2045/1958/2045
f 2045/1958/2045 2053/1965/2053 2054/1966/2054 2046/1959/2046
f 2046/1959/2046 2054/1966/2054 2055/1967/2055 2047/1960/2047
f 2047/1960/2047 2055/1967/2055 2052/552/2052 2044/1968/2044
f 2027/1431/2027 2063/1/2063 2062/1969/2062 2061/1970/2061 2060/1971/2060 2059/1972/2059 2058/1973/2058 2057/1974/2057 2056/1975/2056 2035/1948/2035 2026/1947/2026
f 2064/1976/2064 2067/1977/2067 2028/1436/2028 2025/1940/2025 2040/1978/2040 2066/1979/2066 2065/1980/2065
f 2035/1981/2035 2056/1982/2056 2068/1983/2068
f 2069/1984/2069 2062/1985/2062 2063/20/2063 2070/1986/2070
f 2071/1987/2071 2042/1988/2042 2039/1952/2039 2048/1989/2048
f 2072/1990/2072 2076/1991/2076 2075/1992/2075 2074/1993/2074 2037/1994/2037 2035/1981/2035 2068/1995/2068 2073/1996/2073
f 2037/1994/2037 2074/1997/2074 2077/1998/2077 2050/1999/2050 2047/1960/2047 2044/1968/2044
f 2078/1699/2078 2086/1698/2086 2085/1697/2085 2084/1696/2084 2083/1695/2083 2082/1694/2082 2081/1/2081 2080/1701/2080 2079/1700/2079
f 2087/1668/2087 2094/1667/2094 2093/1666/2093 2092/1665/2092 2091/1664/2091 2090/1671/2090 2089/1670/2089 2088/1669/2088
f 2095/1709/2095 2101/1437/2101 2100/1704/2100 2099/1703/2099 2098/1702/2098 2090/1705/2090 2091/1708/2091 2097/1707/2097 2096/1706/2096
f 2102/1711/2102 2080/1710/2080 2081/20/2081 2101/1437/2101 2095/1712/2095
f 2109/2000/2109 2112/2001/2112 2111/2002/2111 2110/2003/2110
f 2110/2003/2110 2111/2002/2111 2114/2004/2114 2113/2005/2113
f 2113/2005/2113 2114/2004/2114 2116/2006/2116 2115/2007/2115
f 2115/2007/2115 2116/2006/2116 2118/2008/2118 2117/2009/2117
f 2117/2009/2117 2118/2008/2118 2112/2010/2112 2109/2011/2109
f 2112/2001/2112 2120/2012/2120 2119/2013/2119 2111/2002/2111
f 2111/2002/2111 2119/2013/2119 2121/2014/2121 2114/2004/2114
f 2114/2004/2114 2121/2014/2121 2122/2015/2122 2116/2006/2116
f 2116/2006/2116 2122/2015/2122 2123/2016/2123 2118/2008/2118
f 2118/2008/2118 2123/2016/2123 2120/2017/2120 2112/2010/2112
f 2120/2012/2120 2125/2018/2125 2124/2019/2124 2119/2013/2119
f 2119/2013/2119 2124/2019/2124 2126/2020/2126 2121/2014/2121
f 2121/2014/2121 2126/2020/2126 2127/2021/2127 2122/2015/2122
f 2122/2015/2122 2127/2021/2127 2128/2022/2128 2123/2016/2123
f 2123/2016/2123 2128/2022/2128 2125/2023/2125 2120/2017/2120
f 2129/2024/2129 2134/2025/2134 2133/2026/2133 2132/2027/2132 2131/2028/2131 2109/2000/2109 2110/2003/2110 2130/2029/2130
f 2135/2030/2135 2130/2031/2130 2110/2003/2110 2113/2005/2113 2136/2032/2136
f 2137/2033/2137 2139/2034/2139 2136/2035/2136 2113/2005/2113 2115/2007/2115 2138/2036/2138
f 2140/2037/2140 2138/2038/2138 2115/2007/2115 2117/2009/2117 2143/2039/2143 2142/2040/2142 2141/2041/2141
f 2109/2011/2109 2131/2042/2131 2147/2043/2147 2146/2044/2146 2145/2045/2145 2144/2046/2144 2143/2047/2143 2117/2009/2117
f 2153/2029/2153 2149/1431/2149 2150/1/2150 2158/2028/2158 2157/2027/2157 2156/2026/2156 2155/2025/2155 2154/2024/2154
f 2159/2032/2159 2148/1436/2148 2149/1431/2149 2153/2031/2153 2160/2030/2160
f 2148/1436/2148 2159/2035/2159 2163/2034/2163 2162/2033/2162 2161/2036/2161 2152/1672/2152
f 2152/1672/2152 2161/2038/2161 2167/2037/2167 2166/2041/2166 2165/2040/2165 2164/2039/2164 2151/1437/2151
f 2168/2044/2168 2171/2043/2171 2158/2042/2158 2150/20/2150 2151/1437/2151 2164/2047/2164 2170/2046/2170 2169/2045/2169
f 2172/1772/2172 2178/1431/2178 2177/1/2177 2176/1771/2176 2175/1770/2175 2174/1769/2174 2173/1768/2173
f 2178/2048/2178 2172/1777/2172 2182/1776/2182 2181/1775/2181 2180/1774/2180 2179/1773/2179
f 2183/1747/2183 2185/1746/2185 2184/1745/2184
f 2186/1781/2186 2195/1780/2195 2183/1779/2183 2184/1787/2184 2194/1786/2194 2193/1785/2193 2192/1789/2192 2191/1788/2191 2190/2049/2190 2189/1784/2189 2188/1783/2188 2187/1782/2187
f 2176/1791/2176 2177/20/2177 2199/1794/2199 2198/1796/2198 2189/1795/2189 2190/2049/2190 2197/1793/2197 2196/1792/2196
f 2190/2049/2190 2191/1760/2191 2203/1759/2203 2202/1758/2202 2201/1757/2201 2200/1756/2200
f 2200/1798/2200 2204/1797/2204 2197/1799/2197 2190/2049/2190
f 2210/1544/2210 2213/1543/2213 2212/1542/2212 2206/1431/2206 2207/1/2207 2211/1545/2211
f 2214/1547/2214 2216/1546/2216 2215/1549/2215 2205/1436/2205 2206/1431/2206 2212/1548/2212
f 2217/1551/2217 2220/1550/2220 2209/1672/2209 2205/1436/2205 2215/1554/2215 2219/1553/2219 2218/1552/2218
f 2221/1555/2221 2208/1437/2208 2209/1672/2209 2220/1558/2220 2223/1557/2223 2222/1556/2222
f 2224/1560/2224 2211/1559/2211 2207/20/2207 2208/1437/2208 2221/1565/2221 2228/1564/2228 2227/1563/2227 2226/1562/2226 2225/1561/2225
f 2231/1/2231 2239/1822/2239 2238/1821/2238 2237/1825/2237 2236/1824/2236 2235/1823/2235 2230/1431/2230
f 2240/1828/2240 2229/1436/2229 2230/1431/2230 2235/1827/2235 2241/1826/2241
f 2242/1829/2242 2244/1832/2244 2234/1672/2234 2229/1436/2229 2240/1831/2240 2243/1830/2243
f 2245/1833/2245 2233/1837/2233 2234/1672/2234 2244/1836/2244 2247/1835/2247 2246/1834/2246
f 2231/20/2231 2232/1803/2232 2248/1802/2248 2239/1801/2239
f 2249/1865/2249 2255/1864/2255 2254/1870/2254 2253/1869/2253 2252/1868/2252 2251/1867/2251 2250/1866/2250
f 2256/1846/2256 2264/1845/2264 2263/1844/2263 2262/1843/2262 2261/1842/2261 2260/1841/2260 2259/1672/2259 2258/1848/2258 2257/1847/2257
f 2265/1873/2265 2267/1437/2267 2259/1672/2259 2260/1872/2260 2266/1871/2266
f 2268/1878/2268 2271/1877/2271 2270/1881/2270 2249/1880/2249 2250/1875/2250 2269/1874/2269 2267/2050/2267 2265/1879/2265
