# File exported by Houdini 20.5.410 (www.sidefx.com)
# 4675 points
# 13292 vertices
# 2983 primitives
# Bounds: [-3.46776485, -0.0260522291, -2.87325001] to [3.64711475, 9.92009068, 2.84436178]
g 
v 0.50286907 -0.0142512601 0.141493678 1 1 1
v 0.284885794 -0.0207779855 0.41811198 1 1 1
v -0.0508459844 -0.00378054241 0.509623468 1 1 1
v -0.370676607 0.0205286369 0.362865984 1 1 1
v -0.531013906 0.0469115488 0.0411653854 1 1 1
v -0.428373069 0.0483566448 -0.307780892 1 1 1
v -0.124926455 0.0256149098 -0.492262691 1 1 1
v 0.222708732 0.0102301817 -0.461699486 1 1 1
v 0.490030944 0.00587113574 -0.22053723 1 1 1
v 0.251169354 0.444993734 0.0772136822 1 1 1
v 0.154327169 0.436988533 0.207607329 1 1 1
v -0.00402358314 0.439227164 0.263944268 1 1 1
v -0.145974144 0.43674019 0.174963236 1 1 1
v -0.207878858 0.443161994 0.0294554383 1 1 1
v -0.174037486 0.455807 -0.127919063 1 1 1
v -0.0369251631 0.459947616 -0.217418194 1 1 1
v 0.133647144 0.467346102 -0.218636394 1 1 1
v 0.247177199 0.457149446 -0.0887474865 1 1 1
v 0.18760103 0.893744409 0.102493361 1 1 1
v 0.11089392 0.885138512 0.216135874 1 1 1
v -0.0242960099 0.875859678 0.258382201 1 1 1
v -0.148005709 0.869816065 0.188947707 1 1 1
v -0.19346647 0.870585561 0.0614939816 1 1 1
v -0.149663657 0.876820147 -0.0585943758 1 1 1
v -0.0518751182 0.888074398 -0.145961598 1 1 1
v 0.100744464 0.902257383 -0.166678578 1 1 1
v 0.167890832 0.896364093 -0.0285138749 1 1 1
v 0.106874168 1.33435178 0.0855085701 1 1 1
v 0.0536252409 1.33677506 0.176477596 1 1 1
v -0.0512025617 1.3285749 0.201263666 1 1 1
v -0.151770517 1.32385647 0.158051878 1 1 1
v -0.19026348 1.3172121 0.0560158156 1 1 1
v -0.161070734 1.31871605 -0.0468223542 1 1 1
v -0.0713048875 1.32237351 -0.101876065 1 1 1
v 0.0536431447 1.35824823 -0.14091599 1 1 1
v 0.0972356498 1.33168828 -0.0139317233 1 1 1
v 0.0812852457 1.35284185 0.0784486309 1 1 1
v 0.0308829658 1.3441664 0.143584326 1 1 1
v -0.048569791 1.34320951 0.165933162 1 1 1
v -0.144209981 1.38221216 0.146318614 1 1 1
v -0.158048257 1.33635151 0.0535095036 1 1 1
v -0.143767655 1.35410988 -0.0327153467 1 1 1
v -0.0679243132 1.35300934 -0.0799021497 1 1 1
v 0.0228562243 1.38096476 -0.0814032704 1 1 1
v 0.0881377161 1.38353884 -0.0118899988 1 1 1
v 0.0315566547 1.38793015 0.0647395998 1 1 1
v 0.00166385598 1.35847914 0.101827905 1 1 1
v -0.0449342392 1.36681187 0.115070395 1 1 1
v -0.0946563333 1.3977747 0.0973973796 1 1 1
v -0.105577096 1.35161543 0.0496577583 1 1 1
v -0.0942596346 1.36048627 0.00339768548 1 1 1
v -0.0530275665 1.35020685 -0.0214614514 1 1 1
v -0.0068068183 1.41061199 -0.0250967685 1 1 1
v 0.0261125751 1.3617717 0.0165688302 1 1 1
v -0.0386447906 1.38218904 0.0446176529 1 1 1
v 0.308476925 1.58119762 -1.05066633 1 1 1
v 0.314393967 1.58647203 -1.04523301 1 1 1
v 0.301510781 1.59210491 -1.04511416 1 1 1
v 0.314224392 1.59410203 -1.03940165 1 1 1
v 0.308003843 1.60053194 -1.03589916 1 1 1
v 0.298674405 1.60275948 -1.03635275 1 1 1
v 0.290584981 1.59973443 -1.04055965 1 1 1
v 0.287530631 1.59287596 -1.04654622 1 1 1
v 0.290922493 1.5853883 -1.05151975 1 1 1
v 0.299198508 1.58078957 -1.05313528 1 1 1
v 0.181724936 1.01135099 -0.428788662 1 1 1
v 0.224118099 1.05117607 -0.392561495 1 1 1
v 0.296346664 1.27924585 -0.684073925 1 1 1
v 0.262870193 1.24487865 -0.721008599 1 1 1
v 0.229728043 1.14058447 -0.410385787 1 1 1
v 0.284630686 1.32280755 -0.650988996 1 1 1
v 0.194028169 1.19912243 -0.413884073 1 1 1
v 0.253106922 1.35923755 -0.630837917 1 1 1
v 0.132375255 1.21668363 -0.409718513 1 1 1
v 0.201939791 1.37078464 -0.635085046 1 1 1
v 0.0759314746 1.19422805 -0.432076603 1 1 1
v 0.143353105 1.36853135 -0.65533638 1 1 1
v 0.042439349 1.11449754 -0.423112422 1 1 1
v 0.142471686 1.3188144 -0.692295492 1 1 1
v 0.0558120236 1.04309738 -0.430169851 1 1 1
v 0.159968436 1.2782619 -0.720062375 1 1 1
v 0.113549128 1.00784791 -0.443716377 1 1 1
v 0.203997195 1.24658215 -0.734722614 1 1 1
v 0.352891564 1.57314658 -1.0495615 1 1 1
v 0.317702025 1.56121063 -1.05401039 1 1 1
v 0.327124268 1.59095716 -1.02581441 1 1 1
v 0.316482544 1.60921395 -1.01730335 1 1 1
v 0.293313891 1.61499858 -1.01838827 1 1 1
v 0.272351861 1.60842896 -1.02903235 1 1 1
v 0.268479526 1.58896756 -1.04200304 1 1 1
v 0.276813179 1.57220316 -1.05229795 1 1 1
v 0.29315564 1.54893196 -1.08479571 1 1 1
v 0.324662268 1.58041477 -1.04353178 1 1 1
v 0.31383577 1.57076895 -1.05347192 1 1 1
v 0.32434997 1.59437346 -1.03286648 1 1 1
v 0.312971175 1.60613632 -1.02645814 1 1 1
v 0.295905143 1.61021078 -1.02728891 1 1 1
v 0.281106532 1.60467696 -1.03498483 1 1 1
v 0.275518477 1.5921309 -1.04593527 1 1 1
v 0.281724811 1.57843363 -1.05503368 1 1 1
v 0.296862453 1.57001913 -1.057989 1 1 1
v 0.156295061 0.751087904 -0.0928940997 1 1 1
v 0.188672855 0.773523033 -0.0469977036 1 1 1
v 0.126362398 0.741501451 -0.15786837 1 1 1
v 0.216135293 0.989232183 -0.184108734 1 1 1
v 0.185224369 0.800343275 -0.0416821092 1 1 1
v 0.184409946 0.828377903 -0.0412922651 1 1 1
v 0.189333662 0.848148286 -0.0454905778 1 1 1
v 0.216045812 0.988493204 -0.183824524 1 1 1
v 0.160902485 1.07998419 -0.204594284 1 1 1
v 0.0612209365 1.09871054 -0.152893707 1 1 1
v 0.0576016568 1.1025995 -0.15782845 1 1 1
v 0.143706128 1.08963573 -0.203219965 1 1 1
v 0.0708447024 1.09748924 -0.154289067 1 1 1
v -0.00833677687 1.08118427 -0.241781145 1 1 1
v -0.0144417761 1.07720006 -0.240139335 1 1 1
v -0.080495052 0.943767428 -0.156854674 1 1 1
v -0.0913647935 0.928309917 -0.13044481 1 1 1
v -0.104457729 0.901850224 -0.137907863 1 1 1
v -0.092708759 0.771782458 -0.133788511 1 1 1
v -0.103122301 0.888414979 -0.139916018 1 1 1
v -0.11334946 0.81799823 -0.104762539 1 1 1
v 0.0126624042 0.730361223 -0.181184381 1 1 1
v -0.0850103721 0.770826459 -0.141067758 1 1 1
v -0.0474561006 0.761525571 -0.167083248 1 1 1
v 0.111825384 0.755788505 -0.184176862 1 1 1
v 0.0511665009 0.742971599 -0.184951067 1 1 1
v 1.16164362 2.1551497 1.47209656 1 1 1
v 1.15387309 2.1605711 1.47179806 1 1 1
v 1.16076529 2.16155601 1.45980144 1 1 1
v 1.14908266 2.16610336 1.46578062 1 1 1
v 1.14953601 2.16915631 1.45681989 1 1 1
v 1.15499413 2.1683147 1.44912434 1 1 1
v 1.16292048 2.16396189 1.44629037 1 1 1
v 1.16959596 2.15814042 1.44964719 1 1 1
v 1.1719141 2.15356541 1.45761681 1 1 1
v 1.16876185 2.15239501 1.46647465 1 1 1
v 0.293231755 0.97910285 0.632947087 1 1 1
v 0.234930888 1.03424239 0.637855172 1 1 1
v 0.491737425 1.25023997 1.04629004 1 1 1
v 0.553547621 1.19332767 1.05155563 1 1 1
v 0.241255894 1.12123442 0.649864078 1 1 1
v 0.46732223 1.31481135 1.005885 1 1 1
v 0.277721435 1.18089187 0.617376328 1 1 1
v 0.491728097 1.3577106 0.947454751 1 1 1
v 0.328098446 1.19143105 0.552868247 1 1 1
v 0.545147955 1.36673784 0.898278713 1 1 1
v 0.3886998 1.15485501 0.513480127 1 1 1
v 0.620389819 1.35136199 0.857623637 1 1 1
v 0.415006459 1.07819664 0.504323959 1 1 1
v 0.656321704 1.27960396 0.892993152 1 1 1
v 0.407304019 1.00820696 0.538981557 1 1 1
v 0.655394971 1.22349906 0.944197178 1 1 1
v 0.364078343 0.970096588 0.595305562 1 1 1
v 0.622068048 1.18704748 1.00386393 1 1 1
v 0.791681826 1.68012524 1.35873914 1 1 1
v 0.840807974 1.65220046 1.34719133 1 1 1
v 0.768110335 1.71804976 1.31931782 1 1 1
v 0.781398058 1.73700273 1.26896393 1 1 1
v 0.811388254 1.74445724 1.22200477 1 1 1
v 0.861037433 1.71837234 1.20837665 1 1 1
v 0.888937593 1.68251538 1.23610783 1 1 1
v 0.910433948 1.64851427 1.27259934 1 1 1
v 0.897535503 1.62486196 1.33198571 1 1 1
v 1.13735104 2.15896392 1.50193202 1 1 1
v 1.158409 2.14060664 1.48540914 1 1 1
v 1.1310817 2.16378045 1.46966386 1 1 1
v 1.13007629 2.17394948 1.45057046 1 1 1
v 1.142681 2.1750226 1.43019903 1 1 1
v 1.16908228 2.17108417 1.4127332 1 1 1
v 1.1937567 2.15082884 1.42382419 1 1 1
v 1.20482576 2.1339705 1.45264792 1 1 1
v 1.17546415 2.13410568 1.47325253 1 1 1
v 1.14691627 2.15795255 1.48108947 1 1 1
v 1.16114342 2.14802933 1.48163307 1 1 1
v 1.13814938 2.16808057 1.47007227 1 1 1
v 1.13897789 2.17366982 1.45366788 1 1 1
v 1.1489706 2.17212915 1.43958116 1 1 1
v 1.16348124 2.16416049 1.43439281 1 1 1
v 1.1757015 2.15350318 1.44053698 1 1 1
v 1.17994463 2.14512849 1.45512795 1 1 1
v 1.1741749 2.1429832 1.4713428 1 1 1
v -0.0189492069 0.760698915 0.259849191 1 1 1
v -0.0865014046 0.786392391 0.222319528 1 1 1
v 0.0203703251 0.718744755 0.247072324 1 1 1
v -0.0149507988 0.954992473 0.338339865 1 1 1
v -0.072707355 0.828653574 0.234915972 1 1 1
v -0.0681652427 0.854042351 0.246402889 1 1 1
v 0.0498033203 1.05319166 0.319318175 1 1 1
v -0.000535269093 0.969302893 0.351410806 1 1 1
v 0.100824699 1.06323946 0.182338119 1 1 1
v 0.0583509319 1.0581876 0.307153791 1 1 1
v 0.0844033211 1.06071472 0.201679409 1 1 1
v 0.0884612277 1.06204891 0.200601354 1 1 1
v 0.191304579 0.998430669 0.139104575 1 1 1
v 0.144276351 0.991288304 0.162325263 1 1 1
v 0.198538899 0.9786762 0.138241023 1 1 1
v 0.207700431 0.870120704 0.0718411878 1 1 1
v 0.200798124 0.800581515 0.0972451717 1 1 1
v 0.194736317 0.761035502 0.112099625 1 1 1
v 0.207205191 0.867581189 0.0714287832 1 1 1
v 0.186573267 0.8451249 0.028873438 1 1 1
v 0.197308302 0.822606087 0.0713327825 1 1 1
v 0.161000386 0.727918565 0.166512787 1 1 1
v 0.133709699 0.706029356 0.205429465 1 1 1
v 0.127941489 0.709239483 0.212788418 1 1 1
v 0.0402868204 0.717181861 0.24002409 1 1 1
v -2.26230478 3.03753424 -0.350857705 1 1 1
v -2.25782609 3.03836918 -0.359032869 1 1 1
v -2.24979711 3.04279327 -0.348860055 1 1 1
v -2.24947381 3.04085612 -0.362431109 1 1 1
v -2.24113059 3.04384136 -0.359427363 1 1 1
v -2.2367003 3.04592657 -0.35146004 1 1 1
v -2.23826098 3.04613519 -0.342238069 1 1 1
v -2.24508047 3.0443697 -0.336087584 1 1 1
v -2.25396943 3.04145718 -0.335866481 1 1 1
v -2.26075768 3.03876114 -0.341709554 1 1 1
v -0.589376211 1.0356909 -0.0542765372 1 1 1
v -0.56233561 1.06184506 -0.131804794 1 1 1
v -0.983754575 1.29023707 -0.214235038 1 1 1
v -1.01672256 1.26198065 -0.128085583 1 1 1
v -0.53916949 1.13893998 -0.16797702 1 1 1
v -0.933516324 1.36227834 -0.243993804 1 1 1
v -0.557703972 1.24322188 -0.156193554 1 1 1
v -0.890428185 1.4382478 -0.224659383 1 1 1
v -0.561417639 1.30619431 -0.0952313766 1 1 1
v -0.872590899 1.48854387 -0.151842102 1 1 1
v -0.57619983 1.30751967 -0.0128120622 1 1 1
v -0.881775558 1.5028317 -0.056572929 1 1 1
v -0.607728779 1.25266266 0.0428555049 1 1 1
v -0.92978406 1.43827474 -0.00446149427 1 1 1
v -0.587560534 1.14546251 0.0660990179 1 1 1
v -0.977412581 1.36511934 0.0086873062 1 1 1
v -0.590415478 1.06322968 0.027452834 1 1 1
v -1.01620686 1.29034543 -0.0346816704 1 1 1
v -1.43519378 1.61452639 -0.284359366 1 1 1
v -1.46027577 1.59804964 -0.212493986 1 1 1
v -1.38606441 1.66812861 -0.318590105 1 1 1
v -1.34362483 1.72601557 -0.288131833 1 1 1
v -1.32434988 1.76212776 -0.227766022 1 1 1
v -1.33511758 1.76382935 -0.155740708 1 1 1
v -1.37309194 1.72797859 -0.103232548 1 1 1
v -1.42705643 1.66824186 -0.0771725327 1 1 1
v -1.45972431 1.61495399 -0.136048332 1 1 1
v -1.83670604 2.00554037 -0.341238797 1 1 1
v -1.85035276 2.0022893 -0.268056691 1 1 1
v -1.77831137 2.05191994 -0.342187732 1 1 1
v -1.73715603 2.08815241 -0.32316798 1 1 1
v -1.71677864 2.11096478 -0.275601804 1 1 1
v -1.72154164 2.11481166 -0.217415452 1 1 1
v -1.75982869 2.0871594 -0.183164552 1 1 1
v -1.80394411 2.05180359 -0.176643431 1 1 1
v -1.86305177 2.00315428 -0.191566229 1 1 1
v -2.11255789 2.49112105 -0.355083674 1 1 1
v -2.12908506 2.48662329 -0.315852433 1 1 1
v -2.07505345 2.50750732 -0.374888659 1 1 1
v -2.03994012 2.52591705 -0.354476899 1 1 1
v -2.01614904 2.54085064 -0.320973247 1 1 1
v -2.01647782 2.54582596 -0.271758527 1 1 1
v -2.05177474 2.53251696 -0.234307736 1 1 1
v -2.09739995 2.50930929 -0.241816536 1 1 1
v -2.12876034 2.49130893 -0.27180317 1 1 1
v -2.26518774 3.02496576 -0.371029884 1 1 1
v -2.27533674 3.02311349 -0.352735788 1 1 1
v -2.24616218 3.02974534 -0.376431525 1 1 1
v -2.22769022 3.03734422 -0.372083127 1 1 1
v -2.21171474 3.04767895 -0.355871409 1 1 1
v -2.21377897 3.05087948 -0.328395993 1 1 1
v -2.23633981 3.03946757 -0.318111509 1 1 1
v -2.2564702 3.03181481 -0.319285512 1 1 1
v -2.28030515 3.02774477 -0.327977568 1 1 1
v -2.26380181 3.03254771 -0.367329657 1 1 1
v -2.2720046 3.03102088 -0.352351755 1 1 1
v -2.24850154 3.03710508 -0.373552859 1 1 1
v -2.23321605 3.04257393 -0.368051469 1 1 1
v -2.22510123 3.04639363 -0.35345614 1 1 1
v -2.22796035 3.04677606 -0.336561203 1 1 1
v -2.24045157 3.04354143 -0.325293392 1 1 1
v -2.25673628 3.03820634 -0.324889749 1 1 1
v -2.26917267 3.03326583 -0.335591644 1 1 1
v -0.188031107 0.755708098 0.0153313717 1 1 1
v -0.179762557 0.756469011 0.00440034643 1 1 1
v -0.164191857 0.768596351 -0.0366206467 1 1 1
v -0.155112267 0.782705426 -0.0740914494 1 1 1
v -0.137042493 0.782512426 -0.0907305852 1 1 1
v -0.11334946 0.81799823 -0.104762539 1 1 1
v -0.203608468 1.01737309 -0.140809789 1 1 1
v -0.239800602 1.08950543 -0.136906415 1 1 1
v -0.239176005 1.18549144 -0.0600778498 1 1 1
v -0.26142481 1.15505874 -0.103371292 1 1 1
v -0.253877491 1.16839051 0.0577005334 1 1 1
v -0.196422458 1.14097273 0.0176095981 1 1 1
v -0.336090028 1.13663876 0.104659557 1 1 1
v -0.337370783 1.11939394 0.122596525 1 1 1
v -0.310010374 1.07861233 0.135624036 1 1 1
v -0.221034959 1.01546192 0.159124136 1 1 1
v -0.223762125 0.993537724 0.163938195 1 1 1
v -0.174685597 0.900838256 0.185400382 1 1 1
v -0.168518439 0.781420171 0.132670492 1 1 1
v -0.162822694 0.868132591 0.180636108 1 1 1
v -0.149669871 0.862767398 0.183960438 1 1 1
v -0.161973536 0.80982697 0.148805603 1 1 1
v -0.169763118 0.781827927 0.131459743 1 1 1
v -0.171139702 0.77951771 0.119967729 1 1 1
v -0.183141977 0.776270747 0.086161375 1 1 1
v -0.196722209 0.774031222 0.0542565249 1 1 1
v -0.186650395 0.757622898 0.0236428343 1 1 1
v -0.1889994 0.756848514 0.016961785 1 1 1
v -0.828382075 3.18698668 1.98961341 1 1 1
v -0.8355546 3.18669605 1.98398685 1 1 1
v -0.825594902 3.19350624 1.97828341 1 1 1
v -0.837950885 3.18920708 1.97555816 1 1 1
v -0.834415078 3.19336343 1.9682529 1 1 1
v -0.826632142 3.19721222 1.96548378 1 1 1
v -0.818226218 3.19895506 1.96855462 1 1 1
v -0.813140929 3.19777465 1.97602439 1 1 1
v -0.813737392 3.19422793 1.98440349 1 1 1
v -0.819764435 3.18997002 1.98975527 1 1 1
v -0.248382106 1.25545323 0.636563599 1 1 1
v -0.315331906 1.26953125 0.59368062 1 1 1
v -0.498955935 1.61271882 0.994162917 1 1 1
v -0.425588638 1.59338033 1.03925514 1 1 1
v -0.351166934 1.34182024 0.563360035 1 1 1
v -0.520153761 1.66786897 0.934497654 1 1 1
v -0.345420063 1.43634331 0.561323524 1 1 1
v -0.49458313 1.72742248 0.888368309 1 1 1
v -0.287374765 1.48828387 0.552740932 1 1 1
v -0.429341972 1.76885402 0.87366122 1 1 1
v -0.212810129 1.49610269 0.575875998 1 1 1
v -0.344763637 1.79068792 0.885608315 1 1 1
v -0.148536101 1.42997956 0.590576887 1 1 1
v -0.301890522 1.74191165 0.945616901 1 1 1
v -0.144607008 1.36922979 0.640822113 1 1 1
v -0.303800315 1.68389297 0.998642266 1 1 1
v -0.184442639 1.30485964 0.666915774 1 1 1
v -0.344246298 1.62545228 1.03886676 1 1 1
v -0.610447288 2.06766438 1.43833566 1 1 1
v -0.556515753 2.05143785 1.47245264 1 1 1
v -0.649981558 2.10201192 1.38830578 1 1 1
v -0.615041554 2.14804983 1.34309566 1 1 1
v -0.555627048 2.17300439 1.32958329 1 1 1
v -0.491706699 2.17887974 1.34065998 1 1 1
v -0.456997424 2.14803267 1.38582957 1 1 1
v -0.432154477 2.10640812 1.4432025 1 1 1
v -0.488086224 2.06512761 1.47557092 1 1 1
v -0.681447685 2.59661102 1.78600597 1 1 1
v -0.641377866 2.59134054 1.81570435 1 1 1
v -0.701165557 2.61509967 1.74252415 1 1 1
v -0.679591179 2.64145541 1.70383632 1 1 1
v -0.635107636 2.65747976 1.6950407 1 1 1
v -0.585374832 2.66923213 1.6991483 1 1 1
v -0.569155216 2.648772 1.74317789 1 1 1
v -0.568892062 2.62859058 1.78098464 1 1 1
v -0.594210684 2.60570264 1.81177402 1 1 1
v -0.847205698 3.17089295 1.98944664 1 1 1
v -0.830137432 3.17159653 2.00320578 1 1 1
v -0.863157153 3.17837071 1.96917403 1 1 1
v -0.838829875 3.18366623 1.95558023 1 1 1
v -0.826512456 3.19813228 1.94305921 1 1 1
v -0.805049062 3.20178318 1.95157373 1 1 1
v -0.794857442 3.1960485 1.9703424 1 1 1
v -0.772388935 3.20567679 2.01092076 1 1 1
v -0.809418023 3.17872286 2.00318646 1 1 1
v -0.84317863 3.17905807 1.98796964 1 1 1
v -0.830018938 3.17959428 1.99829006 1 1 1
v -0.847572982 3.18366718 1.97250736 1 1 1
v -0.841087162 3.19129157 1.95910418 1 1 1
v -0.826809347 3.1983521 1.95402527 1 1 1
v -0.811387718 3.20154977 1.95965886 1 1 1
v -0.802057803 3.19938445 1.97336173 1 1 1
v -0.803153813 3.19287753 1.98873413 1 1 1
v -0.814208269 3.18506527 1.9985528 1 1 1
v -0.0802466944 0.848629951 0.226653218 1 1 1
v -0.146113604 0.864157617 0.189933255 1 1 1
v -0.147980943 0.864536285 0.188777223 1 1 1
v -0.153265983 0.867500544 0.185196489 1 1 1
v -0.256104648 1.1626333 0.254573494 1 1 1
v -0.248555437 1.18784678 0.240825191 1 1 1
v -0.225773141 1.02384806 0.170991912 1 1 1
v -0.254695863 1.09155941 0.244680181 1 1 1
v -0.161926985 1.25183558 0.200103089 1 1 1
v -0.225025818 1.21286285 0.229220495 1 1 1
v -0.164851442 1.2160368 0.174479499 1 1 1
v -0.128561437 1.29161048 0.280363679 1 1 1
v -0.070566088 1.27545965 0.274578154 1 1 1
v 0.0081890747 1.17649817 0.228972837 1 1 1
v 0.0200306326 1.16130471 0.216562822 1 1 1
v 0.0224913396 1.1590966 0.217127517 1 1 1
v 0.0223133173 1.15837586 0.21417056 1 1 1
v 0.0323794261 1.14546049 0.203621238 1 1 1
v 0.0651631802 1.11267447 0.199992776 1 1 1
v 0.05809021 1.07350492 0.239254981 1 1 1
v -0.880017519 4.40166283 -1.97109115 1 1 1
v -0.871099114 4.40290213 -1.97063601 1 1 1
v -0.876594424 4.40557384 -1.95894468 1 1 1
v -0.864694655 4.40498066 -1.96464825 1 1 1
v -0.863820374 4.40693188 -1.95589221 1 1 1
v -0.868856788 4.40784264 -1.94847918 1 1 1
v -0.877466321 4.40728617 -1.94587362 1 1 1
v -0.885609746 4.40552235 -1.94929755 1 1 1
v -0.889494658 4.40337658 -1.95714247 1 1 1
v -0.887271762 4.40185595 -1.9657414 1 1 1
v -0.215907052 1.35530233 -0.4869712 1 1 1
v -0.143931165 1.40594053 -0.506751657 1 1 1
v -0.251764685 1.71762514 -0.827480555 1 1 1
v -0.345076323 1.68507612 -0.828950107 1 1 1
v -0.0997162312 1.46965051 -0.470773906 1 1 1
v -0.205578506 1.78468859 -0.782126606 1 1 1
v -0.116469346 1.56810617 -0.441391081 1 1 1
v -0.205139428 1.85241759 -0.723694146 1 1 1
v -0.178724244 1.63878047 -0.410517961 1 1 1
v -0.265587777 1.89303243 -0.67090565 1 1 1
v -0.259746969 1.63611841 -0.389111757 1 1 1
v -0.356494457 1.90599787 -0.634301007 1 1 1
v -0.303764105 1.53219569 -0.367512733 1 1 1
v -0.424496233 1.84312487 -0.668197632 1 1 1
v -0.328190029 1.46232057 -0.411173463 1 1 1
v -0.453445643 1.77560222 -0.718481362 1 1 1
v -0.294125706 1.38642526 -0.455328703 1 1 1
v -0.428797245 1.71070552 -0.782360613 1 1 1
v -0.382073104 2.1181674 -1.28110433 1 1 1
v -0.464428455 2.09665084 -1.27524626 1 1 1
v -0.328616619 2.17386198 -1.2404598 1 1 1
v -0.341577828 2.22817898 -1.17777908 1 1 1
v -0.392039508 2.25962758 -1.12694991 1 1 1
v -0.466588378 2.25580239 -1.10531926 1 1 1
v -0.529579043 2.21634507 -1.12532628 1 1 1
v -0.582879364 2.15804291 -1.17017376 1 1 1
v -0.537761331 2.11051536 -1.23541868 1 1 1
v -0.546609938 2.61198545 -1.64857292 1 1 1
v -0.625447154 2.6011703 -1.62920618 1 1 1
v -0.51642096 2.65081978 -1.58279216 1 1 1
v -0.515272498 2.68005133 -1.52406967 1 1 1
v -0.553098261 2.69494057 -1.47498357 1 1 1
v -0.613873243 2.69215989 -1.4507618 1 1 1
v -0.667050719 2.66520524 -1.47807276 1 1 1
v -0.694740891 2.6341629 -1.52729154 1 1 1
v -0.705956876 2.59551358 -1.60267735 1 1 1
v -0.672240496 3.21244836 -1.77276361 1 1 1
v -0.720620275 3.20512342 -1.76801229 1 1 1
v -0.639610469 3.22676349 -1.73764396 1 1 1
v -0.627116621 3.24148369 -1.68917692 1 1 1
v -0.65622592 3.24840522 -1.64259279 1 1 1
v -0.709691286 3.24343204 -1.62617528 1 1 1
v -0.760430872 3.22969103 -1.64635837 1 1 1
v -0.776655376 3.21409392 -1.6958847 1 1 1
v -0.772446811 3.20149946 -1.75003839 1 1 1
v -0.77638185 3.80122662 -1.8860842 1 1 1
v -0.814052939 3.79624557 -1.88251162 1 1 1
v -0.74995774 3.81086969 -1.85891461 1 1 1
v -0.747692645 3.81907582 -1.82195294 1 1 1
v -0.762991905 3.82538724 -1.78368342 1 1 1
v -0.80384773 3.81875229 -1.7842598 1 1 1
v -0.835969448 3.81151295 -1.79623199 1 1 1
v -0.876036227 3.80055285 -1.82409763 1 1 1
v -0.843202829 3.79649925 -1.86142206 1 1 1
v -0.859263361 4.39507437 -1.99475646 1 1 1
v -0.883427501 4.38889599 -1.98508298 1 1 1
v -0.844687045 4.3985672 -1.972767 1 1 1
v -0.83946991 4.4056797 -1.94939661 1 1 1
v -0.859086931 4.40147543 -1.93493986 1 1 1
v -0.878165483 4.40450525 -1.92366672 1 1 1
v -0.899578869 4.40000916 -1.93246973 1 1 1
v -0.903518319 4.39228868 -1.95324504 1 1 1
v -0.90337801 4.39022446 -1.97525203 1 1 1
v -0.866232455 4.39853954 -1.97996163 1 1 1
v -0.882605195 4.39626741 -1.98079443 1 1 1
v -0.854477644 4.40235806 -1.96896899 1 1 1
v -0.852870882 4.4059391 -1.95289445 1 1 1
v -0.862117171 4.40761185 -1.93928695 1 1 1
v -0.877922714 4.40658951 -1.93450332 1 1 1
v -0.892871678 4.40335131 -1.94078815 1 1 1
v -0.90000236 4.39941311 -1.9551909 1 1 1
v -0.895924032 4.39661932 -1.9709754 1 1 1
v 0.0612209365 1.09871054 -0.152893707 1 1 1
v 0.0671140552 1.11986697 -0.152826577 1 1 1
v 0.0177024938 1.31157625 -0.160578609 1 1 1
v 0.061513409 1.14497328 -0.150988147 1 1 1
v 0.0435308516 1.19903159 -0.171191037 1 1 1
v -0.0730929896 1.45786536 -0.140663609 1 1 1
v 0.0164146014 1.31348264 -0.159409493 1 1 1
v 0.00566235464 1.32215559 -0.127853051 1 1 1
v -0.00601948518 1.3411181 -0.122274444 1 1 1
v -0.0128826359 1.34798932 -0.106150225 1 1 1
v -0.0785510391 1.45940363 -0.14171192 1 1 1
v -0.0952538475 1.43842483 -0.126541317 1 1 1
v -0.165925816 1.47842991 -0.154486939 1 1 1
v -0.200005054 1.46749997 -0.144115597 1 1 1
v -0.202623233 1.18721926 -0.00156826037 1 1 1
v -0.233825505 1.36075675 -0.117047004 1 1 1
v -0.193448961 1.1487366 0.0208536834 1 1 1
v -0.195700437 1.14654458 0.017664399 1 1 1
v -0.482794523 1.25204492 0.269272566 1 1 1
v -0.486815423 1.24451315 0.267681926 1 1 1
v -0.488318771 1.25237536 0.257811993 1 1 1
v -0.491191238 1.24049568 0.261353254 1 1 1
v -0.493875295 1.24189746 0.25321573 1 1 1
v -0.493620574 1.24803543 0.247086734 1 1 1
v -0.490539044 1.25605452 0.245832503 1 1 1
v -0.486076385 1.26219237 0.250041425 1 1 1
v -0.482314855 1.26359427 0.257740319 1 1 1
v -0.481026858 1.25957656 0.265325874 1 1 1
v -0.362393141 1.20335221 0.255362779 1 1 1
v -0.367588103 1.16950035 0.248621315 1 1 1
v -0.483732611 1.23709488 0.275230378 1 1 1
v -0.476337522 1.25095284 0.278154492 1 1 1
v -0.369530588 1.14599478 0.219211847 1 1 1
v -0.491783589 1.22970653 0.263587147 1 1 1
v -0.392977357 1.16092396 0.193646878 1 1 1
v -0.496721625 1.23228407 0.24861604 1 1 1
v -0.395646632 1.18680477 0.171135545 1 1 1
v -0.496253252 1.24357641 0.237341657 1 1 1
v -0.357265621 1.20607984 0.148893967 1 1 1
v -0.490583986 1.25832927 0.235034183 1 1 1
v -0.347131282 1.23264074 0.17174165 1 1 1
v -0.482373834 1.2696209 0.242776155 1 1 1
v -0.337666482 1.24026585 0.204927966 1 1 1
v -0.47545445 1.27219903 0.256940812 1 1 1
v -0.349542052 1.2303226 0.240101725 1 1 1
v -0.473082513 1.26480925 0.270895541 1 1 1
v -0.211218923 1.21459651 0.0903684124 1 1 1
v -0.199968994 1.15297949 0.0279862974 1 1 1
v -0.210103258 1.2228446 0.12449573 1 1 1
v -0.178537995 1.22590065 0.150927603 1 1 1
v -0.176864207 1.2256285 0.152252302 1 1 1
v -0.173410147 1.22165859 0.169257835 1 1 1
v 0.262322098 2.20818353 0.00589935342 1 1 1
v 0.255760491 2.2090435 0.00174938457 1 1 1
v 0.263809144 2.20410895 -0.00469367951 1 1 1
v 0.252830267 2.2072897 -0.00527081452 1 1 1
v 0.254927754 2.20372391 -0.0118945166 1 1 1
v 0.261046529 2.20002484 -0.0150240939 1 1 1
v 0.268338799 2.19791889 -0.0131903403 1 1 1
v 0.27338329 2.19839382 -0.00725371391 1 1 1
v 0.273835272 2.20122313 1.10068358e-05 1 1 1
v 0.26945889 2.20508766 0.00519399112 1 1 1
v 0.134394154 1.86391103 0.125142992 1 1 1
v 0.108225733 1.90565014 0.109441429 1 1 1
v 0.243314728 2.20833325 0.0124429511 1 1 1
v 0.257901758 2.20697308 0.0220878832 1 1 1
v 0.0954452083 1.89683187 0.0671325549 1 1 1
v 0.228027984 2.21357036 -0.0059299008 1 1 1
v 0.11636623 1.90266991 0.0360138938 1 1 1
v 0.242553994 2.19562817 -0.0162361357 1 1 1
v 0.146675482 1.88248563 0.0105806198 1 1 1
v 0.254943669 2.18857265 -0.0265048705 1 1 1
v 0.174390227 1.81580842 0.00356386951 1 1 1
v 0.276534587 2.1833725 -0.0291098598 1 1 1
v 0.191913277 1.7746731 0.0300890617 1 1 1
v 0.285404503 2.18474746 -0.00872741826 1 1 1
v 0.188344285 1.75236583 0.0688366592 1 1 1
v 0.297165096 2.19435835 0.0113853542 1 1 1
v 0.163208336 1.79230833 0.107820943 1 1 1
v 0.273574084 2.19947934 0.0199808571 1 1 1
v 0.248236164 2.21154809 0.00794168562 1 1 1
v 0.260388762 2.20995593 0.0156233571 1 1 1
v 0.242812812 2.20830083 -0.0050585093 1 1 1
v 0.246695518 2.20169783 -0.0173246861 1 1 1
v 0.258026153 2.19484901 -0.0231192 1 1 1
v 0.271529824 2.1909492 -0.0197235681 1 1 1
v 0.280870914 2.19182777 -0.00873099267 1 1 1
v 0.28170684 2.19706821 0.0047217058 1 1 1
v 0.273604572 2.20422196 0.0143208737 1 1 1
v -0.0402510054 1.65352511 0.233046964 1 1 1
v 0.00824085157 1.55071259 0.261221498 1 1 1
v -0.0116769439 1.61478531 0.251102835 1 1 1
v -0.0472004376 1.61031961 0.168639034 1 1 1
v -0.0708389953 1.56543684 0.129004568 1 1 1
v -0.0192096177 1.63573432 0.0825782716 1 1 1
v -0.0726713985 1.55288255 0.11986278 1 1 1
v 0.0410019122 1.62289143 0.0292493477 1 1 1
v -0.0118723204 1.64108288 0.0789874196 1 1 1
v 0.082437709 1.42270267 0.00269540143 1 1 1
v 0.0644462779 1.55303323 0.0328174531 1 1 1
v 0.116016336 1.35755694 0.0525975637 1 1 1
v 0.119514257 1.34577072 0.0566828921 1 1 1
v 0.0829626769 1.41866171 0.00375094777 1 1 1
v 0.113047287 1.29703188 0.0824235231 1 1 1
v 0.113167666 1.30000186 0.0868327096 1 1 1
v 0.101090558 1.24812353 0.126051039 1 1 1
v 0.0946680233 1.2507267 0.136203885 1 1 1
v 0.0565209612 1.35347772 0.21732299 1 1 1
v -0.742432117 -0.0175099261 0.519687653 1 1 1
v -0.746544003 -0.0182894189 0.51088649 1 1 1
v -0.752324998 -0.00735267997 0.517979145 1 1 1
v -0.753017128 -0.0137233511 0.505218863 1 1 1
v -0.758837044 -0.00591073651 0.505360425 1 1 1
v -0.761284411 0.00147569273 0.51121521 1 1 1
v -0.759208143 0.00498604961 0.520062625 1 1 1
v -0.753582478 0.00297346525 0.527752042 1 1 1
v -0.747036457 -0.00361163705 0.5307042 1 1 1
v -0.742643952 -0.0116954874 0.527505755 1 1 1
v -0.559765816 0.0786715746 0.398814589 1 1 1
v -0.588966966 0.0618844815 0.450365931 1 1 1
v -0.33871609 0.205364823 0.347331375 1 1 1
v -0.219109729 0.230303869 0.283785969 1 1 1
v -0.270139068 0.206752151 0.278793573 1 1 1
v -0.295648783 0.197776273 0.237767503 1 1 1
v -0.387652993 0.262285531 0.231200442 1 1 1
v -0.448213905 0.313365221 0.243079171 1 1 1
v -0.758328855 0.00105907582 0.488358289 1 1 1
v -0.614405751 0.0810777545 0.40302816 1 1 1
v -0.465203792 0.368975699 0.270596027 1 1 1
v -0.766975522 0.0171189811 0.499462783 1 1 1
v -0.456626296 0.388570011 0.322880328 1 1 1
v -0.768902123 0.029032724 0.522433877 1 1 1
v -0.42263633 0.374443769 0.367031634 1 1 1
v -0.75008136 0.0210566372 0.538429201 1 1 1
v -0.387557387 0.327669501 0.390324146 1 1 1
v -0.735117435 0.00469477708 0.55661279 1 1 1
v -0.367948681 0.258570582 0.382096082 1 1 1
v -0.724857867 -0.0118726781 0.535131037 1 1 1
v -0.740041673 -0.0260522291 0.504096866 1 1 1
v -0.732528031 -0.0246257391 0.520186782 1 1 1
v -0.75187546 -0.0177051015 0.493739218 1 1 1
v -0.762514472 -0.00342343329 0.493996561 1 1 1
v -0.766987979 0.0100776404 0.504699349 1 1 1
v -0.763192594 0.0164946448 0.520872653 1 1 1
v -0.752909064 0.0128169041 0.534928381 1 1 1
v -0.740943372 0.000778174261 0.540324152 1 1 1
v -0.732911885 -0.0139976414 0.534479082 1 1 1
v -0.178839043 0.270700365 0.273077458 1 1 1
v -0.279876679 0.240891472 0.201931179 1 1 1
v -0.208115533 0.41380766 0.0767632425 1 1 1
v -0.195168301 0.44184345 0.0593317673 1 1 1
v -0.205456421 0.515003622 0.0348404944 1 1 1
v -0.189377755 0.580980897 0.00147272751 1 1 1
v -0.181670055 0.621140599 -0.0178380739 1 1 1
v -0.174461529 0.69209522 -0.021087883 1 1 1
v -0.179762557 0.756469011 0.00440034643 1 1 1
v -0.186650395 0.757622898 0.0236428343 1 1 1
v -0.19806473 0.734216332 0.0512721054 1 1 1
v -0.181563362 0.76184994 0.0899330303 1 1 1
v -0.172612131 0.774664998 0.118126832 1 1 1
v -0.109854504 0.755722165 0.208819687 1 1 1
v -0.0962801799 0.760478914 0.216492936 1 1 1
v -0.166201964 0.781798959 0.133918658 1 1 1
v -0.14742139 0.745253623 0.184925452 1 1 1
v -0.0245271809 0.672968924 0.255556077 1 1 1
v -0.0206634123 0.513120711 0.255597711 1 1 1
v -0.0579762086 0.438281924 0.230124325 1 1 1
v -0.125172645 0.340412349 0.248142764 1 1 1
v -0.0255618207 0.503638804 0.252725571 1 1 1
v 2.81284046 6.22538805 -1.20390213 1 1 1
v 2.81385565 6.22535324 -1.19471693 1 1 1
v 2.80163383 6.23013926 -1.19796658 1 1 1
v 2.80904508 6.22714233 -1.18703866 1 1 1
v 2.80061889 6.2299304 -1.18447232 1 1 1
v 2.79253912 6.23240757 -1.18819261 1 1 1
v 2.78857899 6.23341656 -1.19647741 1 1 1
v 2.79059625 6.23248386 -1.20543969 1 1 1
v 2.79763746 6.23004913 -1.21090317 1 1 1
v 2.80641675 6.22724867 -1.2102797 1 1 1
v 0.532507896 1.29852009 -0.199871644 1 1 1
v 0.542113602 1.31222093 -0.11022386 1 1 1
v 0.910741627 1.70626998 -0.26215595 1 1 1
v 0.896710396 1.68188095 -0.365535527 1 1 1
v 0.517999649 1.37651241 -0.0502966568 1 1 1
v 0.86648351 1.76640749 -0.193626821 1 1 1
v 0.464862972 1.44874525 -0.0355770327 1 1 1
v 0.796539009 1.8321445 -0.171636835 1 1 1
v 0.426522493 1.52731395 -0.078373611 1 1 1
v 0.767078698 1.90376568 -0.234671623 1 1 1
v 0.738027632 1.92101455 -0.31159693 1 1 1
v 0.285661638 1.44737792 -0.0848816931 1 1 1
v 0.3667593 1.55204439 -0.168743595 1 1 1
v 0.37025398 1.55698514 -0.174146086 1 1 1
v 0.431580007 1.40826857 -0.28648296 1 1 1
v 0.501874089 1.35183024 -0.278236628 1 1 1
v 0.827362776 1.71203959 -0.442767501 1 1 1
v 0.78303802 1.81536222 -0.427656919 1 1 1
v 1.28061926 2.20424771 -0.417615116 1 1 1
v 1.26239073 2.19089818 -0.502966821 1 1 1
v 1.24714351 2.24905086 -0.345184237 1 1 1
v 1.17410803 2.30070305 -0.337785304 1 1 1
v 1.10722578 2.33458996 -0.377079129 1 1 1
v 1.06897044 2.33810973 -0.452789336 1 1 1
v 0.745807409 1.88519788 -0.384780675 1 1 1
v 1.07759714 2.30811405 -0.53355813 1 1 1
v 1.12740207 2.2559433 -0.596596599 1 1 1
v 1.20792639 2.20772362 -0.572082162 1 1 1
v 1.59616542 2.73944807 -0.575121343 1 1 1
v 1.56094074 2.7337203 -0.654706717 1 1 1
v 1.53897226 2.78479815 -0.527982354 1 1 1
v 1.48025656 2.82320571 -0.509548724 1 1 1
v 1.42020476 2.84615779 -0.543118119 1 1 1
v 1.38463092 2.84651136 -0.606450796 1 1 1
v 1.39988554 2.81816983 -0.670127571 1 1 1
v 1.44408679 2.78153014 -0.709635198 1 1 1
v 1.51747501 2.73438048 -0.734104276 1 1 1
v 1.84456003 3.28973007 -0.75755173 1 1 1
v 1.83396149 3.28076553 -0.820806324 1 1 1
v 1.81423569 3.3169651 -0.707511246 1 1 1
v 1.760656 3.35203362 -0.67781204 1 1 1
v 1.70333028 3.3730998 -0.715769172 1 1 1
v 1.68176448 3.3699019 -0.778077364 1 1 1
v 1.68881345 3.35245752 -0.838597834 1 1 1
v 1.73416543 3.3214922 -0.870162189 1 1 1
v 1.79282916 3.29041696 -0.873138666 1 1 1
v 2.12414718 3.84604311 -0.836743891 1 1 1
v 2.1087923 3.84378862 -0.893334985 1 1 1
v 2.09815097 3.86875653 -0.783996761 1 1 1
v 2.04380155 3.89605832 -0.7856552 1 1 1
v 1.98759353 3.92373037 -0.7943542 1 1 1
v 1.97684968 3.91795444 -0.856462181 1 1 1
v 1.98096693 3.90626979 -0.91152513 1 1 1
v 2.02388573 3.87965131 -0.936924875 1 1 1
v 2.07339931 3.85461688 -0.935279727 1 1 1
v 2.39645672 4.40877867 -0.959122896 1 1 1
v 2.38436556 4.4017539 -1.00670683 1 1 1
v 2.37210178 4.42841673 -0.919218421 1 1 1
v 2.32777262 4.44976282 -0.904969394 1 1 1
v 2.28034735 4.46408653 -0.924195528 1 1 1
v 2.24836063 4.46533346 -0.971513689 1 1 1
v 2.26808095 4.44518185 -1.02000165 1 1 1
v 2.30519915 4.42397451 -1.04529154 1 1 1
v 2.35563445 4.40173912 -1.05453062 1 1 1
v 2.5725863 4.9978776 -1.1237067 1 1 1
v 2.56020355 4.99242449 -1.17272282 1 1 1
v 2.5384171 5.01122475 -1.09017491 1 1 1
v 2.49753499 5.0249033 -1.06700182 1 1 1
v 2.46402168 5.02640295 -1.10204399 1 1 1
v 2.43735862 5.02746725 -1.13410711 1 1 1
v 2.4414711 5.01902771 -1.1793853 1 1 1
v 2.47839975 5.00593901 -1.20571244 1 1 1
v 2.52313137 4.99612665 -1.20172513 1 1 1
v 2.64417696 5.61290359 -1.169204 1 1 1
v 2.64337897 5.61183596 -1.19765306 1 1 1
v 2.63361573 5.61698151 -1.14108288 1 1 1
v 2.6033175 5.62579441 -1.1191535 1 1 1
v 2.57552981 5.63113022 -1.14515519 1 1 1
v 2.55264354 5.63571882 -1.17253172 1 1 1
v 2.56719112 5.63042068 -1.20519257 1 1 1
v 2.59422684 5.62295961 -1.21911132 1 1 1
v 2.62479043 5.61536741 -1.22332323 1 1 1
v 2.82577896 6.21132994 -1.19057322 1 1 1
v 2.82228756 6.21122122 -1.21014476 1 1 1
v 2.81896758 6.21671867 -1.16954327 1 1 1
v 2.79715395 6.2237525 -1.16325319 1 1 1
v 2.77868915 6.22722721 -1.17581594 1 1 1
v 2.75673699 6.24151516 -1.19285786 1 1 1
v 2.77565122 6.22605276 -1.21331668 1 1 1
v 2.7902329 6.22150564 -1.2258296 1 1 1
v 2.81177425 6.21677065 -1.22890651 1 1 1
v 2.82335687 6.21923637 -1.19194138 1 1 1
v 2.82149339 6.21930313 -1.20877969 1 1 1
v 2.81453681 6.22251844 -1.17786705 1 1 1
v 2.79909015 6.22762871 -1.17316079 1 1 1
v 2.78427911 6.23217058 -1.17998207 1 1 1
v 2.77701902 6.23402023 -1.19517004 1 1 1
v 2.78071618 6.2323103 -1.21159911 1 1 1
v 2.79362583 6.2278471 -1.22161376 1 1 1
v 2.80971861 6.22271156 -1.22047317 1 1 1
v 0.183364257 0.841359377 0.00180182548 1 1 1
v 0.186573267 0.8451249 0.028873438 1 1 1
v 0.122268133 1.03306913 0.159423694 1 1 1
v 0.118390694 1.05901062 0.157998964 1 1 1
v 0.18848677 1.30936694 0.0416358486 1 1 1
v 0.123551674 1.10554254 0.137862757 1 1 1
v 0.15264973 1.1646173 0.0951181576 1 1 1
v 0.184640139 1.28801405 0.0529605821 1 1 1
v 0.215565667 1.34659028 0.0112078479 1 1 1
v 0.297701895 1.37624586 -0.236818373 1 1 1
v 0.163596079 1.20621479 -0.189763859 1 1 1
v 0.0784896389 1.1374892 -0.146961495 1 1 1
v 0.0787852407 1.11484599 -0.154667735 1 1 1
v 0.101066254 1.10023975 -0.171202272 1 1 1
v 0.390418559 1.50678039 -0.263943017 1 1 1
v 0.384567052 1.49630046 -0.266310781 1 1 1
v 0.399375975 1.5682652 -0.206323296 1 1 1
v 0.365301549 1.46100712 -0.261366993 1 1 1
v 0.25270009 2.13745236 -0.4017452 1 1 1
v 0.253903985 2.13978052 -0.393577486 1 1 1
v 0.241624087 2.13948011 -0.396157503 1 1 1
v 0.249399289 2.14158583 -0.386509955 1 1 1
v 0.241254896 2.1420188 -0.383859128 1 1 1
v 0.233300418 2.14088392 -0.386842787 1 1 1
v 0.229250386 2.13870764 -0.394081026 1 1 1
v 0.231004849 2.13651085 -0.402178049 1 1 1
v 0.237733155 2.13531709 -0.407359779 1 1 1
v 0.246296182 2.1356926 -0.40717411 1 1 1
v 0.302992523 1.90363812 -0.315241486 1 1 1
v 0.283105701 1.95155239 -0.358777642 1 1 1
v 0.315148294 1.6455586 -0.295953929 1 1 1
v 0.260456383 1.64619339 -0.158502311 1 1 1
v 0.19432272 1.72941029 -0.171448752 1 1 1
v 0.241246969 2.13575482 -0.368524194 1 1 1
v 0.265177846 1.95672905 -0.305024773 1 1 1
v 0.159571126 1.77813601 -0.211366057 1 1 1
v 0.222634763 2.13580298 -0.372617453 1 1 1
v 0.130546212 1.75817549 -0.246560782 1 1 1
v 0.205907822 2.1344707 -0.38946268 1 1 1
v 0.129820019 1.71856248 -0.277560174 1 1 1
v 0.216185376 2.12607861 -0.409113079 1 1 1
v 0.15613386 1.67651343 -0.295157313 1 1 1
v 0.22941722 2.12556458 -0.432149947 1 1 1
v 0.221767321 1.66289461 -0.299728096 1 1 1
v 0.252190977 2.12329173 -0.418037206 1 1 1
v 0.264310479 2.13800573 -0.390840322 1 1 1
v 0.262090892 2.13372111 -0.405877918 1 1 1
v 0.25601545 2.14133024 -0.377831012 1 1 1
v 0.241021395 2.1421268 -0.372949034 1 1 1
v 0.22637777 2.14003849 -0.378442973 1 1 1
v 0.218921319 2.13603187 -0.391769171 1 1 1
v 0.222150445 2.13198686 -0.406675279 1 1 1
v 0.234538659 2.12978983 -0.416214466 1 1 1
v 0.250302881 2.13047886 -0.415874779 1 1 1
v 0.124164656 1.11874926 0.132123783 1 1 1
v 0.118273184 1.12299752 0.140777647 1 1 1
v 0.0980207846 1.12394786 0.169905916 1 1 1
v 0.116184026 1.28353858 0.0874673501 1 1 1
v 0.113047287 1.29703188 0.0824235231 1 1 1
v 0.105501786 1.16522992 0.147830278 1 1 1
v 0.0907807425 1.48915589 -0.0548372082 1 1 1
v 0.0268858336 1.40153253 -0.107854173 1 1 1
v 0.0910388529 1.48953247 -0.0557849668 1 1 1
v 0.0167316142 1.34765029 -0.129383013 1 1 1
v 0.00566235464 1.32215559 -0.127853051 1 1 1
v 0.025318468 1.39678669 -0.108303905 1 1 1
v 0.00936040189 1.36028397 -0.10375841 1 1 1
v 0.061513409 1.14497328 -0.150988147 1 1 1
v 0.0754121542 1.14750111 -0.152822793 1 1 1
v 0.105733871 1.17129934 -0.160608321 1 1 1
v -1.93147898 5.88221359 -0.71280843 1 1 1
v -1.92727244 5.88317299 -0.720032394 1 1 1
v -1.91989148 5.88575363 -0.710522234 1 1 1
v -1.919541 5.88495493 -0.722819567 1 1 1
v -1.91187966 5.88673115 -0.719834805 1 1 1
v -1.90787303 5.88767052 -0.712503493 1 1 1
v -1.90940046 5.88733292 -0.704238474 1 1 1
v -1.91574514 5.8858757 -0.698918343 1 1 1
v -1.92394054 5.8839817 -0.699013889 1 1 1
v -1.93014145 5.88253784 -0.704507709 1 1 1
v -0.372499168 1.67871821 -0.0775576532 1 1 1
v -0.354539037 1.73306227 -0.160328835 1 1 1
v -0.513616681 2.12554336 -0.259537637 1 1 1
v -0.566779792 2.11711645 -0.177827135 1 1 1
v -0.298214972 1.76723075 -0.187173098 1 1 1
v -0.494255185 2.21917725 -0.266946524 1 1 1
v -0.45513469 2.30530858 -0.250152439 1 1 1
v -0.17813997 1.63825381 -0.166930124 1 1 1
v -0.215064064 1.70797002 -0.183544651 1 1 1
v -0.217763513 1.72142041 -0.18513526 1 1 1
v -0.23443912 1.90041959 -0.199277684 1 1 1
v -0.279133528 1.8325119 0.0405751839 1 1 1
v -0.338929117 1.80379999 0.0362604819 1 1 1
v -0.484030545 2.18220687 -0.0356071368 1 1 1
v -0.469926178 2.26882482 -0.0618500337 1 1 1
v -0.368708909 1.71171486 -6.09755516e-05 1 1 1
v -0.553304136 2.14149714 -0.0834424943 1 1 1
v -0.778294265 2.63736677 -0.336102396 1 1 1
v -0.810231924 2.62327409 -0.25916031 1 1 1
v -0.710054457 2.67862654 -0.370922953 1 1 1
v -0.647289217 2.72218084 -0.335427999 1 1 1
v -0.444555402 2.37945652 -0.198957562 1 1 1
v -0.615769565 2.74855733 -0.268004984 1 1 1
v -0.438524157 2.34045315 -0.118419729 1 1 1
v -0.626768649 2.74841142 -0.189510033 1 1 1
v -0.678016603 2.72012734 -0.13394849 1 1 1
v -0.753011346 2.6742661 -0.109390482 1 1 1
v -0.804323971 2.63473201 -0.175391331 1 1 1
v -1.14269936 3.09948373 -0.342130393 1 1 1
v -1.15922332 3.0925107 -0.256462067 1 1 1
v -1.06920004 3.1465106 -0.344691694 1 1 1
v -1.0106883 3.18586516 -0.327654511 1 1 1
v -0.979968309 3.20929217 -0.26485008 1 1 1
v -0.988342822 3.20783329 -0.190975294 1 1 1
v -1.03842568 3.17715836 -0.14761892 1 1 1
v -1.09714329 3.13894081 -0.144124404 1 1 1
v -1.17185056 3.09003139 -0.16569075 1 1 1
v -1.40191019 3.6242075 -0.368036121 1 1 1
v -1.43096614 3.62364864 -0.308987439 1 1 1
v -1.3417381 3.64357042 -0.3925035 1 1 1
v -1.28381157 3.67076612 -0.370776951 1 1 1
v -1.25594592 3.69263148 -0.313865781 1 1 1
v -1.27445102 3.69694233 -0.25135228 1 1 1
v -1.32297778 3.68436766 -0.214920789 1 1 1
v -1.37946987 3.66248727 -0.211828008 1 1 1
v -1.42787492 3.63705182 -0.245398358 1 1 1
v -1.54077387 4.17512941 -0.511183798 1 1 1
v -1.55434418 4.1860919 -0.454239368 1 1 1
v -1.48272467 4.18884468 -0.519067228 1 1 1
v -1.43864703 4.20706224 -0.496579885 1 1 1
v -1.40885782 4.22666883 -0.455678016 1 1 1
v -1.4321388 4.23279524 -0.407621503 1 1 1
v -1.46480274 4.23726702 -0.359346122 1 1 1
v -1.52288294 4.21974945 -0.363701969 1 1 1
v -1.56064487 4.19867992 -0.402355403 1 1 1
v -1.68541181 4.72899628 -0.634742618 1 1 1
v -1.7022692 4.7330308 -0.598773479 1 1 1
v -1.64648831 4.7351675 -0.653246343 1 1 1
v -1.6111623 4.74950314 -0.63294071 1 1 1
v -1.59271479 4.76281357 -0.598963559 1 1 1
v -1.59258473 4.77427673 -0.553424597 1 1 1
v -1.63449228 4.76751709 -0.533268571 1 1 1
v -1.67368889 4.75618601 -0.535901964 1 1 1
v -1.71242344 4.74134779 -0.555132091 1 1 1
v -1.8220346 5.2924366 -0.756170869 1 1 1
v -1.82836747 5.2946744 -0.717779279 1 1 1
v -1.78396916 5.30069828 -0.761093855 1 1 1
v -1.75169361 5.30966234 -0.749002218 1 1 1
v -1.74495363 5.3145318 -0.716293395 1 1 1
v -1.7464292 5.31767988 -0.685144305 1 1 1
v -1.77148509 5.3139863 -0.664388955 1 1 1
v -1.80122483 5.30618095 -0.670078397 1 1 1
v -1.82601583 5.2986393 -0.686662495 1 1 1
v -1.9396342 5.87419081 -0.737245739 1 1 1
v -1.9553225 5.87232924 -0.717632413 1 1 1
v -1.91834831 5.88131189 -0.749778628 1 1 1
v -1.90172231 5.87826967 -0.729090631 1 1 1
v -1.88779283 5.88476562 -0.715588868 1 1 1
v -1.88089323 5.89333534 -0.686947107 1 1 1
v -1.90864122 5.87845993 -0.683924377 1 1 1
v -1.93256032 5.87834072 -0.673445821 1 1 1
v -1.93800664 5.86985874 -0.698585451 1 1 1
v -1.93302977 5.87897444 -0.728048742 1 1 1
v -1.94078135 5.87720966 -0.71473223 1 1 1
v -1.91877997 5.8822608 -0.733183622 1 1 1
v -1.90465784 5.88553429 -0.727682948 1 1 1
v -1.89727426 5.88726664 -0.714170396 1 1 1
v -1.90008938 5.88664436 -0.698937058 1 1 1
v -1.91178238 5.88395834 -0.689130425 1 1 1
v -1.92688835 5.88046694 -0.68930763 1 1 1
v -1.93831837 5.87780428 -0.699431539 1 1 1
v -0.12779057 1.55717981 0.11143674 1 1 1
v -0.142722875 1.56285489 0.119254835 1 1 1
v -0.164956063 1.69456887 0.0686354116 1 1 1
v -0.223843575 1.48876619 0.140134811 1 1 1
v -0.214107528 1.57047462 0.12219087 1 1 1
v -0.218286529 1.39151943 0.140874267 1 1 1
v -0.270935893 2.08378816 -0.171559557 1 1 1
v -0.268793285 2.12350702 -0.159253165 1 1 1
v -0.241542801 2.05927682 -0.0624551848 1 1 1
v -0.212846473 1.96512067 -0.023361329 1 1 1
v -0.189353824 1.7838279 0.0407435 1 1 1
v -0.000605331443 5.62528801 -1.09108877 1 1 1
v 0.00247200951 5.62262297 -1.09793687 1 1 1
v 0.0109899221 5.62429523 -1.09015501 1 1 1
v 0.00945361611 5.62039185 -1.10104835 1 1 1
v 0.0170980413 5.6196413 -1.09894013 1 1 1
v 0.0218246393 5.62071514 -1.09262526 1 1 1
v 0.0214198567 5.62311649 -1.08504248 1 1 1
v 0.0160737932 5.62571907 -1.07974899 1 1 1
v 0.00828794111 5.62730932 -1.07920587 1 1 1
v 0.00171178265 5.62713432 -1.08369255 1 1 1
v -0.193363786 1.92079949 -0.230919629 1 1 1
v -0.119706318 1.88244689 -0.229673386 1 1 1
v -0.162995234 2.28079176 -0.343264014 1 1 1
v -0.220921263 2.37136102 -0.32532531 1 1 1
v -0.0439152718 1.86879337 -0.202798069 1 1 1
v -0.0836409181 2.29286289 -0.322954565 1 1 1
v 0.00236770138 1.90307724 -0.150260478 1 1 1
v -0.035703212 2.31372619 -0.261402905 1 1 1
v -0.00194960646 1.94025719 -0.0810560808 1 1 1
v -0.0159460418 2.33986521 -0.174718589 1 1 1
v -0.0586663559 1.9650532 -0.0320627838 1 1 1
v -0.0922682583 2.34741259 -0.121858492 1 1 1
v -0.128575295 1.93146038 -0.00432404689 1 1 1
v -0.167971298 2.40690637 -0.144479543 1 1 1
v -0.236615077 2.44774818 -0.196883902 1 1 1
v -0.25694102 2.44122505 -0.269881338 1 1 1
v -0.270385027 2.84262776 -0.45723632 1 1 1
v -0.299291909 2.86200333 -0.385756671 1 1 1
v -0.200135037 2.83169556 -0.502400696 1 1 1
v -0.120155044 2.84038043 -0.476655215 1 1 1
v -0.0881813243 2.85940385 -0.409644425 1 1 1
v -0.0835166723 2.87920523 -0.340216249 1 1 1
v -0.138005391 2.89093494 -0.293606758 1 1 1
v -0.214426622 2.90100431 -0.254851818 1 1 1
v -0.280005157 2.88358498 -0.310719609 1 1 1
v -0.25811556 3.4002924 -0.614542484 1 1 1
v -0.269272625 3.42227364 -0.541722417 1 1 1
v -0.182400882 3.3917613 -0.622165978 1 1 1
v -0.123179242 3.39238238 -0.605135083 1 1 1
v -0.0827450305 3.40312338 -0.559341073 1 1 1
v -0.0776445568 3.42203164 -0.495264769 1 1 1
v -0.130240247 3.43688774 -0.457407773 1 1 1
v -0.191909477 3.44420457 -0.448372066 1 1 1
v -0.274547577 3.44713593 -0.462055534 1 1 1
v -0.162818313 3.95324588 -0.762188137 1 1 1
v -0.178846002 3.96564674 -0.711777627 1 1 1
v -0.113276526 3.94311571 -0.787533343 1 1 1
v -0.0571498126 3.94070935 -0.7749542 1 1 1
v -0.0144780371 3.94662762 -0.73102957 1 1 1
v -0.0167032313 3.96071601 -0.668060124 1 1 1
v -0.0639234185 3.97367883 -0.628238142 1 1 1
v -0.123412676 3.98010612 -0.623919129 1 1 1
v -0.176945746 3.97865391 -0.653797328 1 1 1
v -0.113801241 4.5164299 -0.820940495 1 1 1
v -0.138381794 4.52433681 -0.782848239 1 1 1
v -0.0773933977 4.50980234 -0.855413854 1 1 1
v -0.0346233696 4.51387119 -0.828749418 1 1 1
v -0.00353420805 4.51971149 -0.797452092 1 1 1
v -0.00978380907 4.52812386 -0.753667414 1 1 1
v -0.0378929898 4.53520393 -0.719457209 1 1 1
v -0.0915667936 4.54426956 -0.681602359 1 1 1
v -0.118009038 4.53166866 -0.742245317 1 1 1
v -0.121609651 5.06930351 -0.951252699 1 1 1
v -0.154295474 5.07930183 -0.926444232 1 1 1
v -0.0945868045 5.06391907 -0.96347928 1 1 1
v -0.061546132 5.06218481 -0.962171733 1 1 1
v -0.0427380018 5.06861973 -0.934467435 1 1 1
v -0.039760828 5.07820034 -0.900449634 1 1 1
v -0.0574537702 5.09124708 -0.860641539 1 1 1
v -0.0996997058 5.08810043 -0.879448771 1 1 1
v -0.132645592 5.0873661 -0.891278505 1 1 1
v -0.00844242144 5.61251688 -1.10398865 1 1 1
v -0.0122565441 5.6164093 -1.08889806 1 1 1
v 0.00561563391 5.61022758 -1.12655604 1 1 1
v 0.0303955525 5.60753107 -1.11801887 1 1 1
v 0.0345702618 5.60893297 -1.09363997 1 1 1
v 0.0485588461 5.62046385 -1.07187605 1 1 1
v 0.0203175712 5.61920309 -1.06552088 1 1 1
v 0.00415443769 5.62044764 -1.06659079 1 1 1
v -0.0113329645 5.62336159 -1.0732888 1 1 1
v -0.00510647288 5.61933136 -1.10397398 1 1 1
v -0.0107947793 5.62426186 -1.09130716 1 1 1
v 0.00780591322 5.61520624 -1.10972655 1 1 1
v 0.0219439473 5.61381721 -1.10582876 1 1 1
v 0.0306843948 5.61580467 -1.09415007 1 1 1
v 0.029935807 5.62024641 -1.08012617 1 1 1
v 0.0200496819 5.6250577 -1.07033646 1 1 1
v 0.00565019809 5.62799931 -1.06933355 1 1 1
v -0.00651258975 5.62767553 -1.0776279 1 1 1
v -0.0128826359 1.34798932 -0.106150225 1 1 1
v 0.00551130064 1.37113857 -0.100322589 1 1 1
v -0.0983096659 1.57005465 0.118502565 1 1 1
v -0.113573313 1.57278025 0.112772174 1 1 1
v -0.180838913 0.769540071 0.00957570132 1 1 1
v -0.179762557 0.756469011 0.00440034643 1 1 1
v -0.186650395 0.757622898 0.0236428343 1 1 1
v -0.167732298 0.785293162 0.129785851 1 1 1
v 0.18228969 0.865054309 0.0269223563 1 1 1
v 0.172788158 0.89571321 0.00403704774 1 1 1
v 0.163373753 0.928788424 -0.0200727656 1 1 1
v 0.161166921 0.937791765 -0.0271261632 1 1 1
v 0.132680088 1.00794899 -0.0605215877 1 1 1
v 0.0994605944 1.0593859 -0.110788606 1 1 1
v 0.0807073936 1.09623754 -0.155719072 1 1 1
v 0.0559868626 1.09937477 -0.152134806 1 1 1
v -0.0174917653 1.04128158 -0.144317478 1 1 1
v -0.0519563369 1.01864707 -0.134649977 1 1 1
v -0.0570751913 1.00430775 -0.134162799 1 1 1
v -0.074551791 0.962259889 -0.120999865 1 1 1
v -0.105289616 0.908507884 -0.0966120958 1 1 1
v -0.074551791 0.962259889 -0.120999865 1 1 1
v -0.105289616 0.908507884 -0.0966120958 1 1 1
v -0.121560566 0.880054474 -0.0837025195 1 1 1
v -0.130212262 0.864463031 -0.0791523233 1 1 1
v -0.11334946 0.81799823 -0.104762539 1 1 1
v -0.0814357176 0.873068213 0.226311415 1 1 1
v -0.0860567018 0.910813808 0.221311688 1 1 1
v -0.000917940983 1.02237749 0.230186895 1 1 1
v -0.0472931154 0.956680775 0.240282059 1 1 1
v -0.0303095486 0.977040231 0.245616376 1 1 1
v 0.0507565178 1.04965234 0.210618317 1 1 1
v 0.122268133 1.03306913 0.159423694 1 1 1
v 0.15522331 1.00081098 0.120373011 1 1 1
v 0.170930371 0.984732866 0.0989858806 1 1 1
v 0.170870975 0.984248459 0.0979959741 1 1 1
v 0.179240093 0.894855678 0.0469209403 1 1 1
v 0.184214562 0.851372361 0.0213245526 1 1 1
v 0.186573267 0.8451249 0.028873438 1 1 1
v -0.074551791 0.962259889 -0.120999865 1 1 1
v -0.0782699212 1.0018543 -0.115227662 1 1 1
v -0.114673063 1.07577908 -0.0779215321 1 1 1
v -0.156202674 1.13013363 -0.051846154 1 1 1
v -0.158651099 1.13760185 -0.0454773195 1 1 1
v -0.174403265 1.134287 -0.00224454585 1 1 1
v -0.176072881 1.13358033 0.00362899201 1 1 1
v -0.0696700737 0.910274327 -0.128578499 1 1 1
v -0.0681180805 0.868226111 -0.135366112 1 1 1
v -0.0674010068 0.88628757 -0.1320903 1 1 1
v -0.0696700737 0.910274327 -0.128578499 1 1 1
v -0.178003684 1.13276315 0.0104213599 1 1 1
v -0.185463741 1.13361323 0.0367171727 1 1 1
v -0.190678462 1.13711536 0.0276247878 1 1 1
v -0.176072881 1.13358033 0.00362899201 1 1 1
v -0.178003684 1.13276315 0.0104213599 1 1 1
v -0.19014363 1.13979125 0.0420453548 1 1 1
v -0.193486139 1.13831687 0.0313207582 1 1 1
v -0.185463741 1.13361323 0.0367171727 1 1 1
v -0.178410053 1.09569597 0.0964115411 1 1 1
v -0.165027767 1.05003381 0.135400757 1 1 1
v -0.155332148 1.02009571 0.162555814 1 1 1
v -0.215070024 1.05268145 0.149442762 1 1 1
v -0.195599422 1.08514249 0.109975331 1 1 1
v -0.202775612 1.00600851 0.162994638 1 1 1
v -0.152786896 0.990899146 0.170665979 1 1 1
v -0.188537151 1.13438773 0.0475560836 1 1 1
v -0.191569135 1.13515174 0.0582489036 1 1 1
v -0.187498063 1.13206649 0.0697601661 1 1 1
v -0.178410053 1.09569597 0.0964115411 1 1 1
v -0.148356393 0.912108243 0.186069876 1 1 1
v -0.140693977 0.881110072 0.192358539 1 1 1
v -0.152786896 0.990899146 0.170665979 1 1 1
v -0.148063973 0.876842499 0.188469589 1 1 1
v -0.148427114 0.874277651 0.187622055 1 1 1
v -0.148994297 0.869832814 0.186176091 1 1 1
v -0.184138447 0.753530562 0.0160076618 1 1 1
v -0.166509926 0.780317008 0.132987693 1 1 1
v 0.192335576 0.851886392 0.0774850398 1 1 1
v 0.187314972 0.893782437 0.100592047 1 1 1
v 0.1871133 0.896406412 0.102390744 1 1 1
v 0.186726227 0.896637201 0.102976441 1 1 1
v 0.140699759 0.912194669 0.165533096 1 1 1
v 0.131896853 1.19777787 0.0907732993 1 1 1
v 0.122810811 1.23096001 0.0690279156 1 1 1
v 0.111437201 1.24418902 -0.0168627053 1 1 1
v 0.0979435146 1.24505496 -0.0447468534 1 1 1
v 0.0957142413 1.24613953 -0.0513450764 1 1 1
v 0.251132131 1.40231586 -0.125590593 1 1 1
v 0.12116307 1.23178363 0.0588067509 1 1 1
v 0.0781933889 1.160182 -0.139238328 1 1 1
v 0.252898604 1.35876107 -0.191989511 1 1 1
v 0.176612511 0.834559977 -0.0398520268 1 1 1
v 0.178671747 0.836642087 -0.0367041081 1 1 1
v 0.0349926837 0.9669258 -0.154775411 1 1 1
v 0.0946505368 0.961253047 -0.163345441 1 1 1
v 0.100465499 0.936399221 -0.154534459 1 1 1
v 0.112548508 0.901221395 -0.142389819 1 1 1
v 0.118098229 0.882759333 -0.135949001 1 1 1
v 0.163306564 0.838930547 -0.0539659746 1 1 1
v -0.156014785 0.856122136 0.165864974 1 1 1
v -0.159138814 0.870004535 0.157734945 1 1 1
v -0.188325003 0.919472039 0.0743234381 1 1 1
v -0.186501712 0.984814167 0.0773192048 1 1 1
v -0.186501712 0.984814167 0.0773192048 1 1 1
v -0.184093371 1.06282735 0.0815448314 1 1 1
v -0.178410053 1.09569597 0.0964115411 1 1 1
v -0.166920215 1.19071233 0.156353161 1 1 1
v -0.176678032 1.1261487 0.115499936 1 1 1
v -0.179254174 1.15498352 0.137783647 1 1 1
v -0.166553602 1.18812132 0.154068381 1 1 1
v -0.172547311 1.12794912 0.111801162 1 1 1
v -0.172434002 1.12844598 0.11210268 1 1 1
v -0.16641289 1.15849304 0.13642107 1 1 1
v -0.155916587 1.21587503 0.167707235 1 1 1
v -0.15131928 1.2157917 0.164222658 1 1 1
v -0.163243353 1.16646516 0.134789079 1 1 1
v -0.15027836 1.23058605 0.174936593 1 1 1
v -0.0452566072 1.22853148 0.213886023 1 1 1
v -0.042098783 1.22751832 0.213076517 1 1 1
v -0.118549459 1.23125196 0.195011988 1 1 1
v -0.0811452717 1.22271574 0.198880121 1 1 1
v -0.0129095726 1.17902303 0.215481862 1 1 1
v -0.150889218 1.21757078 0.165284231 1 1 1
v -0.146711171 1.22407877 0.167229801 1 1 1
v -0.15131928 1.2157917 0.164222658 1 1 1
v -0.0811452717 1.22271574 0.198880121 1 1 1
v -0.123224422 1.22353399 0.180519417 1 1 1
v 0.00614284351 1.17169893 0.206525058 1 1 1
v 0.0217490345 1.15609169 0.204797789 1 1 1
v -0.0114205563 1.19123876 0.209023058 1 1 1
v 0.0217490345 1.15609169 0.204797789 1 1 1
v 0.0323794261 1.14546049 0.203621238 1 1 1
v -0.0634554252 0.84552598 0.236025482 1 1 1
v 0.092609413 1.02933514 0.20347394 1 1 1
v 0.115322731 0.960015416 0.189357817 1 1 1
v 0.0526064448 0.881137908 0.234350488 1 1 1
v 0.0500649996 0.876536369 0.235194176 1 1 1
v 0.101819865 0.956699014 0.209852129 1 1 1
v 0.0914567634 0.938311398 0.214352533 1 1 1
v 0.0146535533 0.878533006 0.24621062 1 1 1
v -0.0244371686 0.878234744 0.258082539 1 1 1
v -0.0248882864 0.877941191 0.257916033 1 1 1
v -0.0277374536 0.875691533 0.256450623 1 1 1
v 0.0335512236 0.970147967 -0.15443854 1 1 1
v -0.0671747327 0.910398066 -0.13081792 1 1 1
v -0.0536931083 0.92871058 -0.141836628 1 1 1
v -0.0408889838 0.937026978 -0.145436272 1 1 1
v 0.0612209365 1.09871054 -0.152893707 1 1 1
v -0.0696700737 0.910274327 -0.128578499 1 1 1
v 0.0331448652 1.26691091 -0.141896158 1 1 1
v 0.0294727832 1.28350532 -0.139223605 1 1 1
v 0.061513409 1.14497328 -0.150988147 1 1 1
v 0.00566235464 1.32215559 -0.127853051 1 1 1
v -0.0208348315 1.35224617 -0.093325071 1 1 1
v -0.0579923205 1.41611731 -0.110937752 1 1 1
v -0.0208348315 1.35224617 -0.093325071 1 1 1
v -0.0223276764 1.35284936 -0.091227293 1 1 1
v -0.0351557918 1.36310029 -0.0804440007 1 1 1
v -0.0396854058 1.3655051 -0.0749003738 1 1 1
v -0.148672804 1.3355093 -0.0426923707 1 1 1
v -0.169175699 1.38822842 -0.0832023621 1 1 1
v -0.168368846 1.39998341 -0.0935369208 1 1 1
v -0.0589322634 1.36148429 -0.0718387812 1 1 1
v -0.0641820058 1.35230529 -0.0652208775 1 1 1
v -0.0907406658 1.35334039 -0.0657066926 1 1 1
v -0.158076331 1.32484114 -0.044381056 1 1 1
v -0.161833853 1.31867671 -0.044134099 1 1 1
v -0.172202229 1.32960486 -0.0294070747 1 1 1
v -0.163795963 1.301911 -0.0374388136 1 1 1
v -0.182652354 1.1578095 0.0271261372 1 1 1
v -0.19021821 1.15297019 0.0252138041 1 1 1
v -0.202836916 1.05699801 0.0121576358 1 1 1
v -0.187523931 1.00477123 0.0423008129 1 1 1
v -0.187611818 0.960979044 0.0420410559 1 1 1
v -0.153359383 0.901078701 -0.0495520569 1 1 1
v -0.187072769 0.959029615 0.0401164256 1 1 1
v -0.150436282 0.906750798 -0.0577970296 1 1 1
v -0.1444875 0.906252146 -0.061453443 1 1 1
v -0.105289616 0.908507884 -0.0966120958 1 1 1
v -0.185232967 1.13920641 0.0359767824 1 1 1
v -0.182652354 1.1578095 0.0271261372 1 1 1
v -0.188014731 1.12594187 0.034134984 1 1 1
v -0.185912132 1.12274599 0.0381557159 1 1 1
v -0.187523931 1.00477123 0.0423008129 1 1 1
v -0.187338561 1.13131428 0.0394694172 1 1 1
v -0.185463741 1.13361323 0.0367171727 1 1 1
v -0.0513302088 1.07950485 0.226202801 1 1 1
v -0.0717998594 1.04280734 0.220993727 1 1 1
v -0.0940196961 0.997646868 0.211315304 1 1 1
v -0.149070665 0.99825114 0.180208161 1 1 1
v -0.115568057 1.18366456 0.204547256 1 1 1
v -0.0757477954 1.11897743 0.216307461 1 1 1
v -0.0703276396 1.12063634 0.213822991 1 1 1
v -0.0946873203 1.15348804 0.206883118 1 1 1
v -0.152786896 0.990899146 0.170665979 1 1 1
v -0.158394501 0.97980541 0.156267285 1 1 1
v -0.161219567 0.973772883 0.14854373 1 1 1
v -0.186501712 0.984814167 0.0773192048 1 1 1
v -0.190253764 0.986829758 0.0667367727 1 1 1
v -0.192589849 0.992821455 0.0599946789 1 1 1
v -0.187523931 1.00477123 0.0423008129 1 1 1
v -0.182993531 1.01545775 0.0264773276 1 1 1
v -0.169697449 1.03719175 -0.0108471802 1 1 1
v -0.175616816 1.11749983 0.00181302906 1 1 1
v -0.176072881 1.13358033 0.00362899201 1 1 1
v -0.176154509 1.13645852 0.00395401614 1 1 1
v -0.180965602 1.14081216 0.00750539592 1 1 1
v -0.191196442 1.18711889 0.0576114953 1 1 1
v -0.184521914 1.20877385 0.0756196454 1 1 1
v -0.180283949 1.21155572 0.0874088034 1 1 1
v -0.173497111 1.20121455 0.12418595 1 1 1
v -0.176963985 1.2256223 0.150359973 1 1 1
v -0.176154509 1.13645852 0.00395401614 1 1 1
v -0.176225692 1.13896823 0.00423743576 1 1 1
v -0.182652354 1.1578095 0.0271261372 1 1 1
v -0.158872485 1.22242296 0.143835813 1 1 1
v -0.176816747 1.21331549 0.0965461656 1 1 1
v -0.15131928 1.2157917 0.164222658 1 1 1
v -0.0867792368 1.13953292 0.210614011 1 1 1
v -0.0773937851 1.13593531 0.209218279 1 1 1
v -0.0703276396 1.12063634 0.213822991 1 1 1
v -0.10433156 1.18066716 0.202014402 1 1 1
v -0.150868297 1.21504819 0.165455893 1 1 1
v -0.113925926 1.19085538 0.187837914 1 1 1
v -0.0912426412 1.17717564 0.199063987 1 1 1
v -0.0773937851 1.13593531 0.209218279 1 1 1
v 0.154391006 1.07264304 0.0926514789 1 1 1
v 0.327736199 1.4249332 -0.136589617 1 1 1
v 0.144806042 1.04518867 -0.0129715344 1 1 1
v 0.146639004 1.04891324 0.0111996261 1 1 1
v 0.149757385 1.10029507 0.0945311263 1 1 1
v 0.0948661119 1.08421195 -0.115771346 1 1 1
v 0.142611653 1.05211544 -0.0232966375 1 1 1
v 0.0992913097 1.08010387 -0.103419274 1 1 1
v 0.0389733277 1.40315259 0.000695489929 1 1 1
v 0.0410412624 1.37487769 0.0261579361 1 1 1
v 0.0273283478 1.36761343 0.0273263399 1 1 1
v 0.0170122702 1.366696 0.0242356881 1 1 1
v 0.0161394961 1.36491609 0.0208885409 1 1 1
v 0.0200384296 1.37078345 0.00888087228 1 1 1
v 0.0177640133 1.39037347 -0.0156003013 1 1 1
v 0.0350886956 1.39469373 -0.0211476479 1 1 1
v 0.0408868603 1.40590954 -0.00678463094 1 1 1
v 0.0486056209 1.41914272 -0.00962942559 1 1 1
v 0.0820502043 1.42038524 0.00190225872 1 1 1
v 0.0921204761 1.34316349 0.062851198 1 1 1
v 0.0846573263 1.34836972 0.0589184724 1 1 1
v 0.0835943222 1.36318576 0.0480072126 1 1 1
v 0.0613200217 1.38562024 0.0244300924 1 1 1
v 0.0410412624 1.37487769 0.0261579361 1 1 1
v 0.102825835 1.33569527 0.0684924051 1 1 1
v 0.110616609 1.30748796 0.0785150304 1 1 1
v 0.105209693 1.33389187 0.0683362111 1 1 1
v 0.0921204761 1.34316349 0.062851198 1 1 1
v 0.0141669037 1.37828887 -0.0812595859 1 1 1
v 0.00637543667 1.37070966 -0.0849865749 1 1 1
v 0.00409806985 1.36863995 -0.086513631 1 1 1
v 0.0221930202 1.37704885 -0.0502233841 1 1 1
v 0.020247547 1.3835721 -0.0764514655 1 1 1
v 0.0232386049 1.38665891 -0.0374744609 1 1 1
v 0.0230949838 1.37299991 -0.0313678905 1 1 1
v -0.0254975166 1.25038803 -0.12354622 1 1 1
v 0.0101055549 1.16425109 -0.142997846 1 1 1
v 0.0145271504 1.1496433 -0.144229919 1 1 1
v -0.185194433 1.1195631 0.0355856046 1 1 1
v -0.178003684 1.13276315 0.0104213599 1 1 1
v -0.185912132 1.12274599 0.0381557159 1 1 1
v -0.157028154 1.16211176 -0.0509942621 1 1 1
v -0.139333382 1.14398861 -0.0620499887 1 1 1
v -0.176154509 1.13645852 0.00395401614 1 1 1
v -0.173924074 1.14091575 -0.00384674105 1 1 1
v -0.0912069604 1.20920897 -0.0908830985 1 1 1
v -0.0702918768 1.24303412 -0.10764572 1 1 1
v -0.0686130673 1.26220524 -0.107983723 1 1 1
v -0.0587281249 1.31333184 -0.106899127 1 1 1
v -0.0627039894 1.31885386 -0.108634181 1 1 1
v -0.056372758 1.32666075 -0.106541596 1 1 1
v -0.0208348315 1.35224617 -0.093325071 1 1 1
v -0.0587281249 1.31333184 -0.106899127 1 1 1
v 0.053100653 1.37192881 0.000830937293 1 1 1
v 0.036734689 1.37335122 -0.0267094225 1 1 1
v 0.0519523099 1.37083995 0.00471285358 1 1 1
v 0.0410412624 1.37487769 0.0261579361 1 1 1
v 0.0221930202 1.37704885 -0.0502233841 1 1 1
v 0.0239595808 1.37446153 -0.0482071452 1 1 1
v 0.036734689 1.37335122 -0.0267094225 1 1 1
v -0.0118556833 1.35871065 -0.0899857357 1 1 1
v -0.13820599 1.65867472 -0.132435262 1 1 1
v 0.0324034393 1.42951179 -0.0120742274 1 1 1
v -0.12838921 1.7373147 -0.0735475048 1 1 1
v -0.0108568035 1.35998702 -0.0887332559 1 1 1
v -0.00551842758 1.37222695 -0.0809340775 1 1 1
v 0.0115321372 1.39228284 -0.0599078424 1 1 1
v -0.045466315 1.54923117 0.052856449 1 1 1
v -0.0496521816 1.55325699 0.0665639788 1 1 1
v -0.138960987 1.7375654 0.00957263913 1 1 1
v 0.00922612101 1.48284626 -0.0145598277 1 1 1
v -0.0772460103 1.52154064 0.0970402509 1 1 1
v -0.107389949 1.55053413 0.101218618 1 1 1
v 0.0300834198 1.38085139 0.051703997 1 1 1
v 0.0275881477 1.38420129 0.0574311055 1 1 1
v 0.0223209821 1.39516962 0.059494257 1 1 1
v -0.011725367 1.46054804 0.0870306641 1 1 1
v 0.0275881477 1.38420129 0.0574311055 1 1 1
v 0.0251979679 1.38741016 0.0629170015 1 1 1
v 0.0259174462 1.38237429 0.071736224 1 1 1
v 0.0340569876 1.35618567 0.0923162922 1 1 1
v 0.032755781 1.35181773 0.111034304 1 1 1
v -0.0909153 1.50571966 0.112611316 1 1 1
v 0.0152035924 1.35184681 0.121177256 1 1 1
v -0.00268952223 1.35419405 0.130958125 1 1 1
v -0.0385159999 1.34333062 0.16310519 1 1 1
v -0.0428310595 1.34284818 0.166525275 1 1 1
v -0.0490457676 1.34056377 0.172320515 1 1 1
v -0.0503039472 1.34055984 0.173242912 1 1 1
v -0.0928633064 1.44292784 0.148381144 1 1 1
v -0.0945910662 1.44857955 0.146553591 1 1 1
v -0.0811827704 1.35063004 0.172670126 1 1 1
v 0.104088828 1.17745006 0.149528205 1 1 1
v 0.101517655 1.18373513 0.148140714 1 1 1
v 0.105366006 1.17675281 0.143979475 1 1 1
v 0.100992098 1.18014252 0.150320619 1 1 1
v 0.0999440327 1.17653894 0.153058276 1 1 1
v 0.0999718234 1.17747438 0.152526274 1 1 1
v 0.0306445863 1.19783044 0.201965958 1 1 1
v 0.0223855041 1.16572011 0.215705678 1 1 1
v -0.000546374067 1.22087812 0.202309638 1 1 1
v -0.0114205563 1.19123876 0.209023058 1 1 1
v -0.00878784526 1.21254385 0.205155179 1 1 1
v -0.0946744084 1.4472841 0.147323161 1 1 1
v -0.102921143 1.33993161 0.175481096 1 1 1
v -0.114145868 1.37214363 0.168734193 1 1 1
v -0.0811827704 1.35063004 0.172670126 1 1 1
v -0.100201003 1.35683227 0.172317356 1 1 1
v 0.0180882458 1.15732145 0.217195913 1 1 1
v -0.00284798001 1.14888108 0.217521131 1 1 1
v -0.0166605674 1.14824593 0.216806248 1 1 1
v 0.0471999533 1.16494405 0.197979748 1 1 1
v 0.024759151 1.16001081 0.217092291 1 1 1
v 0.0455369651 1.16689217 0.198130548 1 1 1
v 0.0435646549 1.1636796 0.198953599 1 1 1
v -0.0584809557 1.1264528 0.218385324 1 1 1
v -0.0732619688 1.12049389 0.218614921 1 1 1
v -0.0833555013 1.14517927 0.213354379 1 1 1
v -0.0631091297 1.14611018 0.214402243 1 1 1
v -0.0869335234 1.1400944 0.210871562 1 1 1
v -0.150650978 1.18883932 0.167239308 1 1 1
v -0.151816651 1.17923176 0.164582103 1 1 1
v -0.165837571 1.18554997 0.154200405 1 1 1
v -0.134137094 1.17126501 0.177672803 1 1 1
v -0.0841653794 1.11384213 0.208493873 1 1 1
v -0.0971519798 1.13190496 0.201040044 1 1 1
v -0.134137094 1.17126501 0.177672803 1 1 1
v -0.102921143 1.33993161 0.175481096 1 1 1
v -0.105469458 1.32602882 0.177946404 1 1 1
v -0.0811452717 1.22271574 0.198880121 1 1 1
v -0.0631091297 1.14611018 0.214402243 1 1 1
v -0.172547311 1.12794912 0.111801162 1 1 1
v -0.191480979 1.14744341 0.0580981411 1 1 1
v -0.188537151 1.13438773 0.0475560836 1 1 1
v -0.151816651 1.17923176 0.164582103 1 1 1
v -0.159919098 1.11245072 0.146112025 1 1 1
v -0.172369823 1.12776637 0.112304598 1 1 1
v 0.0215000883 1.1278882 0.208193392 1 1 1
v -0.0109661706 1.1451441 0.215530246 1 1 1
v -0.0166605674 1.14824593 0.216806248 1 1 1
v -0.0412820503 1.16165769 0.222323403 1 1 1
v 0.0219463073 1.12846649 0.207975015 1 1 1
v -0.0166605674 1.14824593 0.216806248 1 1 1
v -0.0109661706 1.1451441 0.215530246 1 1 1
v -0.15059571 1.18217325 0.167692915 1 1 1
v -0.0631091297 1.14611018 0.214402243 1 1 1
v -0.0773937851 1.13593531 0.209218279 1 1 1
v -0.0844164789 1.13093293 0.206669703 1 1 1
v -0.102358617 1.15020311 0.196942106 1 1 1
v -0.134137094 1.17126501 0.177672803 1 1 1
v -0.163243353 1.16646516 0.134789079 1 1 1
v -0.185303122 1.24254227 0.0723368302 1 1 1
v -0.176816747 1.21331549 0.0965461656 1 1 1
v -0.182207704 1.2319231 0.0813571885 1 1 1
v -0.187447757 1.47210538 0.0782414377 1 1 1
v -0.186032414 1.27241647 0.0693256482 1 1 1
v -0.185645789 1.31800914 0.0682562515 1 1 1
v -0.180462927 1.32217479 0.0608200952 1 1 1
v -0.18773748 1.49936569 0.0905709043 1 1 1
v -0.160251081 1.15891159 0.143092141 1 1 1
v -0.151816651 1.17923176 0.164582103 1 1 1
v -0.176360548 1.325472 0.0549341813 1 1 1
v -0.152634919 1.34308314 0.0208243355 1 1 1
v -0.152498528 1.34314966 0.0206265971 1 1 1
v -0.180462927 1.32217479 0.0608200952 1 1 1
v -0.120980404 1.38678622 0.0358356386 1 1 1
v -0.0846326947 1.46865988 0.0586969331 1 1 1
v -0.122861981 1.3501215 0.0230929684 1 1 1
v -0.1177404 1.3516022 0.0218439829 1 1 1
v -0.0976163149 1.3578552 0.0171181019 1 1 1
v -0.0798384324 1.3661139 0.0140862232 1 1 1
v -0.0549558178 1.36189067 0.00324599259 1 1 1
v -0.0323712304 1.38778973 0.0308806747 1 1 1
v -0.00839721411 1.37265229 0.0315163024 1 1 1
v 0.0267014373 1.38161337 0.0526171848 1 1 1
v -0.0462195016 1.3653456 0.00981699023 1 1 1
v 0.0275881477 1.38420129 0.0574311055 1 1 1
v -0.0161475167 1.51421928 0.119887672 1 1 1
v 0.00932898559 1.47468483 0.125641868 1 1 1
v 0.0287881829 1.38770378 0.0639460683 1 1 1
v 0.0304036681 1.38679421 0.0661701187 1 1 1
v 0.0556139238 1.35465944 0.0859865174 1 1 1
v 0.0639140829 1.34985185 0.10089767 1 1 1
v 0.0729570091 1.3393538 0.110340282 1 1 1
v 0.0796397477 1.3363502 0.123467267 1 1 1
v 0.0729570091 1.3393538 0.110340282 1 1 1
v 0.0735593215 1.33865452 0.110969216 1 1 1
v 0.0796414092 1.33559108 0.132032275 1 1 1
v 0.0946680233 1.2507267 0.136203885 1 1 1
v -0.588423193 2.8254323 0.268576622 1 1 1
v -0.59572947 2.82198071 0.267405123 1 1 1
v -0.589747965 2.8224225 0.257072449 1 1 1
v -0.600101173 2.81840134 0.261517137 1 1 1
v -0.599471211 2.81636858 0.253636658 1 1 1
v -0.594159722 2.81682611 0.247461081 1 1 1
v -0.586635947 2.81956577 0.245877862 1 1 1
v -0.580429673 2.82330227 0.24962981 1 1 1
v -0.578428984 2.82629299 0.256957054 1 1 1
v -0.581596136 2.82712698 0.264431357 1 1 1
v -0.179858178 1.75362968 0.35041219 1 1 1
v -0.248706177 1.76988292 0.357494503 1 1 1
v -0.394524246 2.26751828 0.486560941 1 1 1
v -0.344658047 2.28677678 0.494882375 1 1 1
v -0.291880995 1.76677322 0.312641084 1 1 1
v -0.441523224 2.24918389 0.450757027 1 1 1
v -0.303884476 1.82636726 0.273054898 1 1 1
v -0.419468611 2.2527194 0.392961115 1 1 1
v -0.285901874 1.89445746 0.245743006 1 1 1
v -0.3938936 2.26073551 0.349943906 1 1 1
v -0.231721982 1.92025256 0.23778227 1 1 1
v -0.343283653 2.28002 0.320613921 1 1 1
v -0.184129238 1.93375242 0.271999925 1 1 1
v -0.305440158 2.2948823 0.367063969 1 1 1
v -0.15215449 1.90955591 0.314514428 1 1 1
v -0.278554171 2.30832505 0.414655924 1 1 1
v -0.134257674 1.78136086 0.320299059 1 1 1
v -0.306435496 2.29904366 0.461964965 1 1 1
v -0.604944706 2.81754613 0.287168026 1 1 1
v -0.584190845 2.82506704 0.28806439 1 1 1
v -0.621678948 2.80819058 0.271654904 1 1 1
v -0.612528324 2.80183673 0.249798223 1 1 1
v -0.599328041 2.80302596 0.233265981 1 1 1
v -0.579538167 2.81032801 0.228672236 1 1 1
v -0.567642391 2.81567001 0.2448017 1 1 1
v -0.559583366 2.82616138 0.258521408 1 1 1
v -0.564519167 2.83351779 0.279667854 1 1 1
v -0.600028038 2.81980634 0.276679426 1 1 1
v -0.586536527 2.82618117 0.27883938 1 1 1
v -0.608099103 2.81319904 0.265805602 1 1 1
v -0.606936872 2.80944443 0.251253486 1 1 1
v -0.597129166 2.81029034 0.239850849 1 1 1
v -0.583235741 2.81534934 0.236927509 1 1 1
v -0.571775138 2.82224822 0.243855 1 1 1
v -0.568082213 2.82777071 0.257385612 1 1 1
v -0.573927701 2.82931018 0.271187693 1 1 1
v 0.0946680233 1.2507267 0.136203885 1 1 1
v 0.0990505368 1.1865629 0.151392803 1 1 1
v 0.0995261297 1.17985392 0.152605385 1 1 1
v 0.100070558 1.17650032 0.152647749 1 1 1
v 0.101417281 1.16321492 0.154304653 1 1 1
v 0.0700946227 1.20689297 0.187882558 1 1 1
v 0.100070558 1.17650032 0.152647749 1 1 1
v 0.0999718234 1.17747438 0.152526274 1 1 1
v 0.0455369651 1.16689217 0.198130548 1 1 1
v 0.0435646549 1.1636796 0.198953599 1 1 1
v 0.0323794261 1.14546049 0.203621238 1 1 1
v -0.163795963 1.301911 -0.0374388136 1 1 1
v -0.162140727 1.3039149 -0.0432448052 1 1 1
v -0.160692707 1.30407155 -0.0472124815 1 1 1
v -0.148437396 1.26852202 -0.0551179089 1 1 1
v -0.0732151419 1.31151164 -0.100820936 1 1 1
v -0.0709234104 1.31384659 -0.102741629 1 1 1
v -0.0615905039 1.3089782 -0.106309995 1 1 1
v -0.0128826359 1.34798932 -0.106150225 1 1 1
v -0.0587281249 1.31333184 -0.106899127 1 1 1
v -0.0484734364 1.32892883 -0.109009735 1 1 1
v 0.00936040189 1.36028397 -0.10375841 1 1 1
v 0.0284262132 1.37082243 -0.101708248 1 1 1
v 0.0990584195 1.3204577 -0.0143079152 1 1 1
v 0.104561619 1.29461741 -0.00225800625 1 1 1
v 0.0321438834 1.37411177 -0.0993567929 1 1 1
v 0.0769207105 1.37531483 -0.0538469031 1 1 1
v 0.0939271972 1.33370399 -0.0235691871 1 1 1
v 0.0973079428 1.32284105 -0.0170786642 1 1 1
v 0.0936880484 1.33729243 0.0156546477 1 1 1
v 0.0983992144 1.33200979 -0.00192729535 1 1 1
v 0.0915087461 1.34545457 0.0812692791 1 1 1
v 0.0920210853 1.34066761 0.0891521648 1 1 1
v 0.0729570091 1.3393538 0.110340282 1 1 1
v 0.0936880484 1.33729243 0.0156546477 1 1 1
v 0.0921204761 1.34316349 0.062851198 1 1 1
v 0.0704487115 1.33905625 0.113346472 1 1 1
v 0.0361768305 1.34244585 0.151241109 1 1 1
v 0.0264234673 1.34051907 0.163259059 1 1 1
v -0.0722419024 1.34602642 0.176690236 1 1 1
v -0.0879759938 1.48124623 0.141569078 1 1 1
v -0.0781079605 1.54381526 0.123069115 1 1 1
v -0.00973237306 1.34076416 0.169940382 1 1 1
v -0.0492864326 1.33922601 0.175550148 1 1 1
v -0.113583788 1.36914718 0.153913632 1 1 1
v -0.116163395 1.37077463 0.152070597 1 1 1
v -0.135683283 1.38488996 0.13790074 1 1 1
v -0.140035987 1.37890637 0.135875121 1 1 1
v -0.146294028 1.37530553 0.132341564 1 1 1
v -0.1532166 1.32673466 0.133970544 1 1 1
v -0.159750462 1.3235116 0.130214617 1 1 1
v -0.180462927 1.32217479 0.0608200952 1 1 1
v -0.221054673 1.71272945 -0.080097273 1 1 1
v -0.185597092 1.28190947 0.0391152352 1 1 1
v -0.209922194 1.76379991 -0.00280951522 1 1 1
v -0.180462927 1.32217479 0.0608200952 1 1 1
v -0.182293594 1.3219471 0.0553957671 1 1 1
v -0.185274869 1.32117093 0.0464957021 1 1 1
v -0.186425179 1.31740987 0.042494528 1 1 1
v -0.113583788 1.36914718 0.153913632 1 1 1
v -0.0811827704 1.35063004 0.172670126 1 1 1
v -0.0586511344 1.26925325 0.203981131 1 1 1
v -0.0886789709 1.32681656 0.18516089 1 1 1
v 0.0735652149 1.27083766 0.165466323 1 1 1
v 0.0609048344 1.27936614 0.181518674 1 1 1
v 0.0328226052 1.24026322 0.19246316 1 1 1
v -0.0310013071 1.27331173 0.203117117 1 1 1
v -0.0486087315 1.28493249 0.206769973 1 1 1
v -0.118771993 1.35452795 0.164707944 1 1 1
v -0.102921143 1.33993161 0.175481096 1 1 1
v -0.115476072 1.36564136 0.163293451 1 1 1
v -0.122861981 1.3501215 0.0230929684 1 1 1
v -0.106348932 1.35892928 -0.00542070763 1 1 1
v -0.103970587 1.35648763 -0.0133686932 1 1 1
v -0.0892684385 1.35176563 -0.0259561688 1 1 1
v -0.0577087179 1.35108745 -0.0398258492 1 1 1
v -0.0197933745 1.39837229 -0.0367420949 1 1 1
v -0.0098771397 1.39865267 -0.040897429 1 1 1
v -0.00183508568 1.40564287 -0.0345341302 1 1 1
v -0.11744187 1.3906188 0.11989212 1 1 1
v -0.127587125 1.36904705 0.104727656 1 1 1
v -0.143954307 1.34795463 0.0693024322 1 1 1
v -0.113583788 1.36914718 0.153913632 1 1 1
v -0.113329239 1.36961877 0.152651846 1 1 1
v -0.139398977 1.34177661 0.052140519 1 1 1
v -0.125809982 1.34854901 0.0281833764 1 1 1
v 0.0230949838 1.37299991 -0.0313678905 1 1 1
v 0.0245176814 1.37117207 -0.031415917 1 1 1
v 0.101180136 1.33277833 0.0267633907 1 1 1
v 0.111670293 1.27543426 0.0365125015 1 1 1
v 0.112827763 1.29161584 0.0743830204 1 1 1
v 0.113047287 1.29703188 0.0824235231 1 1 1
v 0.036734689 1.37335122 -0.0267094225 1 1 1
v 0.0753371119 1.38023674 -0.0118381828 1 1 1
v 0.0776755884 1.37986732 -0.00708968937 1 1 1
v 0.0804397464 1.38413632 -0.00146438216 1 1 1
v 0.086550504 1.3764286 0.00903484598 1 1 1
v 0.0924453959 1.33804119 0.0138121229 1 1 1
v 0.0936880484 1.33729243 0.0156546477 1 1 1
v -0.017292928 1.14305758 0.217745513 1 1 1
v 0.0995838121 1.17645967 0.153365076 1 1 1
v -0.515933335 2.29076695 -0.546807408 1 1 1
v -0.501821041 2.29424143 -0.549263895 1 1 1
v -0.508830905 2.29828835 -0.539589882 1 1 1
v -0.496853858 2.30167484 -0.537545025 1 1 1
v -0.507896245 2.30279493 -0.527845979 1 1 1
v -0.51968801 2.29605341 -0.533570409 1 1 1
v -0.381424695 1.97373331 -0.35821715 1 1 1
v -0.347484201 1.98541021 -0.363226354 1 1 1
v -0.495145291 2.29049349 -0.558769286 1 1 1
v -0.520164549 2.28344917 -0.550779641 1 1 1
v -0.35796535 2.02206469 -0.363033175 1 1 1
v -0.481268853 2.31032705 -0.536652744 1 1 1
v -0.395904839 2.03050637 -0.356737316 1 1 1
v -0.50629288 2.30187201 -0.519843459 1 1 1
v -0.40813911 2.00174809 -0.351872593 1 1 1
v -0.528234422 2.29314375 -0.528166592 1 1 1
v -0.175733626 1.64830995 -0.169513941 1 1 1
v -0.155401573 1.65534997 -0.172885835 1 1 1
v -0.249910921 1.62432611 -0.166990131 1 1 1
v -0.236750454 1.63304734 -0.171986371 1 1 1
v -0.214648664 1.63184965 -0.16220884 1 1 1
v -0.197900593 1.64047468 -0.165730581 1 1 1
v -0.187768415 1.64656115 -0.170557916 1 1 1
v -0.18243061 1.64635491 -0.168860763 1 1 1
v -0.178625047 1.64725673 -0.16896905 1 1 1
v -0.207203656 1.76201582 -0.195516527 1 1 1
v -0.167816713 1.68139446 -0.17801474 1 1 1
v -0.182116821 1.712062 -0.18364583 1 1 1
v -0.209471658 1.76281869 -0.195753723 1 1 1
v -0.21258001 1.76377666 -0.19486174 1 1 1
v -0.221940085 1.76625252 -0.188677371 1 1 1
v -0.287868261 1.78883874 -0.189136893 1 1 1
v -0.30619669 1.79460013 -0.19037655 1 1 1
v -0.310799837 1.79624355 -0.19229418 1 1 1
v -0.311222047 1.79634106 -0.192200229 1 1 1
v -0.326992601 1.70960939 -0.164369449 1 1 1
v -0.316714108 1.75600839 -0.178356349 1 1 1
v -0.280540794 1.65565825 -0.167924285 1 1 1
v -0.252146661 1.62663305 -0.166975692 1 1 1
v 1.0536983 1.67353332 -0.571988285 1 1 1
v 1.05745661 1.67890728 -0.563645005 1 1 1
v 1.05219209 1.68231428 -0.570217013 1 1 1
v 1.05289972 1.68849099 -0.563594282 1 1 1
v 1.04632497 1.68903995 -0.571906149 1 1 1
v 1.04681838 1.6797955 -0.577093959 1 1 1
v 0.842051923 1.57394731 -0.411923498 1 1 1
v 0.823220372 1.56375253 -0.375763923 1 1 1
v 0.964547515 1.63506675 -0.493803144 1 1 1
v 1.052068 1.66729665 -0.571109772 1 1 1
v 0.925445318 1.63031054 -0.464693904 1 1 1
v 0.746184468 1.52874935 -0.302797467 1 1 1
v 0.770589352 1.56877613 -0.329366744 1 1 1
v 0.798192024 1.56956017 -0.399210751 1 1 1
v 0.952705741 1.63639021 -0.504856467 1 1 1
v 0.913744509 1.6289084 -0.472011268 1 1 1
v 0.740097463 1.5172466 -0.294531435 1 1 1
v 0.694727182 1.49518025 -0.301609665 1 1 1
v 0.683138967 1.52259648 -0.338527173 1 1 1
v 0.714871287 1.5453068 -0.341535807 1 1 1
v 0.689507306 1.50867617 -0.319722623 1 1 1
v 0.758356452 1.56622839 -0.334945261 1 1 1
v 0.73050195 1.55989289 -0.346588463 1 1 1
v 0.235352457 3.15249896 0.636495292 1 1 1
v 0.230260238 3.15472126 0.630440354 1 1 1
v 0.237283647 3.15509725 0.630248129 1 1 1
v 0.234795749 3.15640759 0.623798072 1 1 1
v 0.242691144 3.15522742 0.625747859 1 1 1
v 0.243035182 3.15281177 0.633595109 1 1 1
v 0.14494583 1.94493985 0.169940546 1 1 1
v 0.105864532 1.97035563 0.126062438 1 1 1
v 0.115241364 2.34683418 0.341252387 1 1 1
v 0.149572298 2.32517743 0.3810229 1 1 1
v 0.142011583 1.99638999 0.0800820738 1 1 1
v 0.149508819 2.36258626 0.304535687 1 1 1
v 0.203433141 1.98706436 0.0955427289 1 1 1
v 0.200646371 2.35618162 0.311842412 1 1 1
v 0.205246583 1.95526648 0.151078358 1 1 1
v 0.198924363 2.33251452 0.359692782 1 1 1
v 0.169921339 2.74158549 0.505963445 1 1 1
v 0.198461398 2.72998548 0.530121982 1 1 1
v 0.191541165 2.75428247 0.46593219 1 1 1
v 0.229040846 2.74308944 0.485979021 1 1 1
v 0.236328825 2.72983623 0.521641791 1 1 1
v 0.222786352 3.15372443 0.630464554 1 1 1
v 0.233898744 3.1481576 0.63975811 1 1 1
v 0.231139734 3.16014194 0.614515305 1 1 1
v 0.247738793 3.15420198 0.621130288 1 1 1
v 0.245804384 3.14832282 0.634347618 1 1 1
v -0.569004118 5.35062742 0.755130708 1 1 1
v -0.581580937 5.34779406 0.749060988 1 1 1
v -0.571409523 5.35106564 0.743184149 1 1 1
v -0.579726219 5.34768152 0.734933197 1 1 1
v -0.566003144 5.35044479 0.732271671 1 1 1
v -0.559376478 5.35226536 0.744754314 1 1 1
v -0.19501093 3.15493298 0.117704779 1 1 1
v -0.254061401 3.16113567 0.094941169 1 1 1
v -0.303608626 3.59470224 0.474930525 1 1 1
v -0.219030946 3.58527517 0.502870679 1 1 1
v -0.252605289 3.21339893 0.0643887445 1 1 1
v -0.297353834 3.63290453 0.393273741 1 1 1
v -0.192924842 3.23188567 0.0598638654 1 1 1
v -0.211566567 3.64648652 0.372222692 1 1 1
v -0.152816728 3.18748665 0.083276622 1 1 1
v -0.143989235 3.61702824 0.443071783 1 1 1
v -0.319197744 4.17325687 0.662023723 1 1 1
v -0.252208114 4.17850399 0.685842872 1 1 1
v -0.320185542 4.19506121 0.586230695 1 1 1
v -0.243789434 4.21127701 0.577616334 1 1 1
v -0.203262448 4.20109034 0.639147818 1 1 1
v -0.478011519 4.74474335 0.78200376 1 1 1
v -0.440368623 4.75304031 0.797921419 1 1 1
v -0.471345872 4.75033045 0.741219461 1 1 1
v -0.431388646 4.76232243 0.727949798 1 1 1
v -0.40928033 4.76413965 0.769256353 1 1 1
v -0.594428241 5.34595346 0.756159008 1 1 1
v -0.567049444 5.34424639 0.758584738 1 1 1
v -0.58722651 5.34403515 0.727410138 1 1 1
v -0.56181854 5.34730053 0.725068867 1 1 1
v -0.552161515 5.34895229 0.745731592 1 1 1
v -0.154134661 2.68583488 -0.210269436 1 1 1
v -0.169543177 2.69760346 -0.205987394 1 1 1
v -0.196049497 2.70554566 -0.211189985 1 1 1
v -0.235741496 2.69525313 -0.245039523 1 1 1
v -0.261073887 2.69342756 -0.261052608 1 1 1
v -0.265020669 2.68150926 -0.277259469 1 1 1
v -0.265989065 2.74279881 -0.273947835 1 1 1
v -0.266068161 2.82428622 -0.290039361 1 1 1
v -0.266081125 2.82766962 -0.290523857 1 1 1
v -0.212709442 2.88274026 -0.250771999 1 1 1
v -0.210595757 2.88364387 -0.250681192 1 1 1
v -0.154710755 2.88017058 -0.280432701 1 1 1
v -0.134109572 2.84463859 -0.278977484 1 1 1
v -0.123744644 2.82655096 -0.279716522 1 1 1
v -0.0793418735 2.74609971 -0.287533969 1 1 1
v -0.102610879 2.7311368 -0.259131819 1 1 1
v -0.123184629 2.71481085 -0.237953082 1 1 1
v -0.963098466 6.857728 -1.69028401 1 1 1
v -0.9512887 6.85564852 -1.69196701 1 1 1
v -0.955757499 6.85825634 -1.68298709 1 1 1
v -0.94591099 6.85561848 -1.68111765 1 1 1
v -0.954397082 6.85767984 -1.67272925 1 1 1
v -0.965019524 6.85898399 -1.67839444 1 1 1
v -0.487643898 3.72861004 -0.959169507 1 1 1
v -0.440277845 3.74931526 -0.971120238 1 1 1
v -0.703125417 4.06691074 -1.35358572 1 1 1
v -0.771346211 4.03446198 -1.33373761 1 1 1
v -0.447335273 3.80786705 -0.966126978 1 1 1
v -0.681624532 4.11642408 -1.29646516 1 1 1
v -0.484909207 3.80846977 -0.92788744 1 1 1
v -0.736328542 4.11599684 -1.23935044 1 1 1
v -0.509237707 3.75728941 -0.921039879 1 1 1
v -0.795272529 4.06337976 -1.26193511 1 1 1
v -0.959741473 4.56058598 -1.54171705 1 1 1
v -1.0186919 4.54262686 -1.53271759 1 1 1
v -0.93159759 4.58636665 -1.49147081 1 1 1
v -0.976589859 4.58912563 -1.43263495 1 1 1
v -1.03038418 4.55755949 -1.47177041 1 1 1
v -1.08461213 5.11987066 -1.66390789 1 1 1
v -1.13474178 5.1163373 -1.65381432 1 1 1
v -1.06407988 5.12880087 -1.61754823 1 1 1
v -1.09894085 5.13122225 -1.57861507 1 1 1
v -1.14287746 5.12269163 -1.605865 1 1 1
v -1.07745159 5.7032814 -1.70531821 1 1 1
v -1.1262176 5.70567846 -1.69759464 1 1 1
v -1.05857408 5.70285034 -1.66097796 1 1 1
v -1.09167945 5.70479012 -1.62915802 1 1 1
v -1.13192725 5.70645285 -1.65066028 1 1 1
v -1.0381366 6.28337669 -1.66086435 1 1 1
v -1.07521689 6.28804731 -1.6636641 1 1 1
v -1.0028702 6.27982616 -1.6294682 1 1 1
v -1.04572606 6.28512526 -1.60620534 1 1 1
v -1.07824576 6.28887224 -1.62387025 1 1 1
v -0.949699104 6.85034657 -1.69616807 1 1 1
v -0.968413532 6.85457754 -1.69488454 1 1 1
v -0.940596342 6.85075092 -1.67974353 1 1 1
v -0.954608381 6.85276604 -1.66813648 1 1 1
v -0.97075659 6.85579205 -1.67555881 1 1 1
v -0.181490585 3.395751 -0.623276412 1 1 1
v -0.123006895 3.39387345 -0.605598986 1 1 1
v -0.229713857 3.37337279 -0.610780358 1 1 1
v -0.189154655 3.39252234 -0.621485949 1 1 1
v -0.181903973 3.39572477 -0.623354733 1 1 1
v -0.167894721 3.50746632 -0.656869352 1 1 1
v -0.182529554 3.55725861 -0.669034958 1 1 1
v -0.160520703 3.48765731 -0.64885664 1 1 1
v -0.242460713 3.55600595 -0.597249568 1 1 1
v -0.246735498 3.55272651 -0.585032582 1 1 1
v -0.212151125 3.5725565 -0.669440866 1 1 1
v -0.227709934 3.57671833 -0.661650419 1 1 1
v -0.25509882 3.5074439 -0.568377495 1 1 1
v -0.269125372 3.42869854 -0.535167515 1 1 1
v -0.256816 3.40783286 -0.61655587 1 1 1
v -0.256287038 3.40714526 -0.616726398 1 1 1
v -0.25019154 3.39939952 -0.615340352 1 1 1
v -0.268500626 3.42691255 -0.543174207 1 1 1
v -0.268384457 3.42670369 -0.543561816 1 1 1
v 0.381699324 3.44493008 -0.0622369647 1 1 1
v 0.37894395 3.44644547 -0.0507525876 1 1 1
v 0.372323573 3.44633961 -0.0584997833 1 1 1
v 0.367079407 3.44627428 -0.0497617461 1 1 1
v 0.362502098 3.4446528 -0.0606337078 1 1 1
v 0.371537745 3.44382238 -0.0683437213 1 1 1
v -0.220182672 2.00229383 0.395945996 1 1 1
v -0.225350022 2.05798745 0.478595525 1 1 1
v 0.150232226 2.41829753 0.245404348 1 1 1
v 0.109742418 2.44009542 0.202681839 1 1 1
v -0.296517372 2.12663937 0.465121984 1 1 1
v 0.0678840429 2.48729134 0.239453927 1 1 1
v 0.0561758354 2.506639 0.187618271 1 1 1
v -0.302777857 2.12450004 0.45044893 1 1 1
v -0.296035111 2.12947583 0.452257574 1 1 1
v -0.28381446 2.14062071 0.444396377 1 1 1
v -0.260993361 2.16241384 0.424575716 1 1 1
v -0.2550565 2.1693356 0.412860662 1 1 1
v -0.240003109 2.18670321 0.384113431 1 1 1
v -0.247257352 2.1841743 0.367373079 1 1 1
v -0.265117019 2.17600846 0.336320072 1 1 1
v 0.41512391 2.88174057 0.052544497 1 1 1
v 0.431912839 2.86545396 0.00302015315 1 1 1
v 0.36164549 2.89758945 0.0596710891 1 1 1
v 0.34492901 2.88892007 0.00834221207 1 1 1
v 0.0770073086 2.47433662 0.166356862 1 1 1
v 0.382828712 2.86978173 -0.0313646793 1 1 1
v 0.383407086 3.44378591 -0.0452656001 1 1 1
v 0.387003094 3.44060898 -0.0638249516 1 1 1
v 0.364305228 3.44265556 -0.0444706976 1 1 1
v 0.357286692 3.44009924 -0.0612928942 1 1 1
v 0.371432483 3.43766403 -0.0707200095 1 1 1
v -0.22269015 2.00355649 0.393564671 1 1 1
v -0.240717724 2.08083034 0.306492001 1 1 1
v -0.26162535 2.16445017 0.332728952 1 1 1
v -0.233077109 2.07946515 0.310357422 1 1 1
v -0.218845323 2.07146716 0.324448556 1 1 1
v -0.19810465 2.05452085 0.350918949 1 1 1
v -0.203754768 2.03982258 0.363830209 1 1 1
v -0.212413356 2.01634955 0.384604633 1 1 1
v -1.70338762 6.41741991 1.13119674 1 1 1
v -1.70572472 6.4171648 1.11696947 1 1 1
v -1.69473505 6.416152 1.12249005 1 1 1
v -1.69332206 6.41370583 1.11047757 1 1 1
v -1.68331969 6.41182327 1.12069249 1 1 1
v -1.68954051 6.41411829 1.13349771 1 1 1
v -1.24754739 2.88508439 0.246963069 1 1 1
v -1.28073776 2.92506433 0.209913522 1 1 1
v -1.66748393 3.0187037 0.595196784 1 1 1
v -1.63794017 2.96553731 0.673449934 1 1 1
v -1.26111042 2.98332405 0.228657335 1 1 1
v -1.61047053 3.10082459 0.590039909 1 1 1
v -1.19385219 2.97778678 0.247077778 1 1 1
v -1.54584444 3.09882021 0.664712489 1 1 1
v -1.19311166 2.91661334 0.273598075 1 1 1
v -1.55469239 3.00871468 0.731550515 1 1 1
v -2.00743532 3.44064593 0.896882176 1 1 1
v -1.99252319 3.41075683 0.972581565 1 1 1
v -1.93654072 3.4909358 0.862000287 1 1 1
v -1.887936 3.47771811 0.934915483 1 1 1
v -1.91731358 3.43474269 0.995381951 1 1 1
v -2.11809564 4.02529144 1.09398496 1 1 1
v -2.10410595 4.00652981 1.16276097 1 1 1
v -2.05157804 4.03385973 1.07233047 1 1 1
v -1.99770379 4.02412701 1.11535501 1 1 1
v -2.02804184 4.00248384 1.18898964 1 1 1
v -2.04193759 4.61955833 1.23541021 1 1 1
v -2.0377667 4.6133194 1.30456197 1 1 1
v -1.98529446 4.61380768 1.2083385 1 1 1
v -1.94270813 4.60422516 1.25148964 1 1 1
v -1.97055244 4.6035533 1.30662692 1 1 1
v -1.92836225 5.2135725 1.20520425 1 1 1
v -1.91867292 5.21601009 1.24862623 1 1 1
v -1.88812208 5.20684624 1.18520761 1 1 1
v -1.85384071 5.2052412 1.2162298 1 1 1
v -1.87330091 5.21150875 1.26105201 1 1 1
v -1.8707509 5.81987906 1.14385056 1 1 1
v -1.86283302 5.82133389 1.17744994 1 1 1
v -1.83573818 5.81113195 1.10292161 1 1 1
v -1.81307173 5.81115294 1.15274692 1 1 1
v -1.82962096 5.81648397 1.18433774 1 1 1
v -1.71216953 6.41333437 1.11452556 1 1 1
v -1.70954931 6.41505098 1.13679147 1 1 1
v -1.6934284 6.4086771 1.10389197 1 1 1
v -1.67985642 6.40503883 1.12024486 1 1 1
v -1.68775117 6.40909767 1.1395936 1 1 1
v -0.897922397 2.75068355 -0.172920868 1 1 1
v -0.910985887 2.77231336 -0.199756444 1 1 1
v -0.946809411 2.81314588 -0.231163144 1 1 1
v -0.878400445 2.73312259 -0.169109285 1 1 1
v -0.973590553 2.89322639 -0.139040679 1 1 1
v -0.95938164 2.92962098 -0.132401958 1 1 1
v -0.954755068 2.82877064 -0.209754765 1 1 1
v -0.974779904 2.84589624 -0.170892283 1 1 1
v -0.833899796 2.91780114 -0.139861196 1 1 1
v -0.785086215 2.91330147 -0.173399299 1 1 1
v -0.775342643 2.91238976 -0.178656772 1 1 1
v -0.940958083 2.92804694 -0.128360316 1 1 1
v -0.880424023 2.92238355 -0.138862714 1 1 1
v -0.776381552 2.9042356 -0.174285099 1 1 1
v -0.791150212 2.86359096 -0.138239682 1 1 1
v -0.780552387 2.82258654 -0.136437938 1 1 1
v -0.776354492 2.79486728 -0.131199047 1 1 1
v -0.846517861 2.76708627 -0.121959604 1 1 1
v -0.829016805 2.77689481 -0.117061861 1 1 1
v -1.01128793 7.95294333 -0.385992587 1 1 1
v -1.02020264 7.95259476 -0.383661717 1 1 1
v -1.01736629 7.95278025 -0.391026437 1 1 1
v -1.02511072 7.95128679 -0.391357601 1 1 1
v -1.01922941 7.95082664 -0.398444682 1 1 1
v -1.0106864 7.95184994 -0.395128667 1 1 1
v -1.36661851 4.97790098 -0.40795067 1 1 1
v -1.40313888 5.0080514 -0.396680623 1 1 1
v -1.27663851 5.54220533 -0.314050645 1 1 1
v -1.21695554 5.52481413 -0.335421115 1 1 1
v -1.42053199 5.05387974 -0.430936813 1 1 1
v -1.31548285 5.56890631 -0.370804965 1 1 1
v -1.39361799 5.03800726 -0.461632252 1 1 1
v -1.2626847 5.55899096 -0.415611893 1 1 1
v -1.36254144 4.97931099 -0.44818148 1 1 1
v -1.20762324 5.53496218 -0.397853732 1 1 1
v -1.06435013 6.11190891 -0.202771977 1 1 1
v -1.01849806 6.10310364 -0.21601072 1 1 1
v -1.08570123 6.12100363 -0.24459061 1 1 1
v -1.05876768 6.11967754 -0.287501872 1 1 1
v -1.01183963 6.10680676 -0.264686793 1 1 1
v -1.0056293 6.72693253 -0.208495468 1 1 1
v -0.96157068 6.72369242 -0.217984423 1 1 1
v -1.02940309 6.72618389 -0.245920375 1 1 1
v -1.00096714 6.7224288 -0.279854327 1 1 1
v -0.961351216 6.72100925 -0.262253016 1 1 1
v -0.981189728 7.33847237 -0.294538289 1 1 1
v -0.955558658 7.33838749 -0.299831718 1 1 1
v -1.00636387 7.33550596 -0.316446781 1 1 1
v -0.979148209 7.33339643 -0.337435216 1 1 1
v -0.948341072 7.33500671 -0.330041707 1 1 1
v -1.02314198 7.95188189 -0.375864774 1 1 1
v -1.00498641 7.95247173 -0.380733281 1 1 1
v -1.03200233 7.94857025 -0.391486466 1 1 1
v -1.02079415 7.94766426 -0.404906183 1 1 1
v -0.99479115 7.95718241 -0.406169921 1 1 1
v -1.49734592 4.40510607 -0.448110461 1 1 1
v -1.53933489 4.47016716 -0.435737491 1 1 1
v -1.5487659 4.45822001 -0.433784246 1 1 1
v -1.48383844 4.39942789 -0.45151937 1 1 1
v -1.55181074 4.50915194 -0.448524535 1 1 1
v -1.5693692 4.59542847 -0.492831767 1 1 1
v -1.569888 4.60055399 -0.494629383 1 1 1
v -1.52887082 4.57663822 -0.549207926 1 1 1
v -1.52871382 4.55984688 -0.551798761 1 1 1
v -1.55053699 4.6323719 -0.515214264 1 1 1
v -1.54222143 4.62416649 -0.526630282 1 1 1
v -1.48230541 4.36637211 -0.525289178 1 1 1
v -1.47685373 4.42495155 -0.508669376 1 1 1
v -1.47736013 4.43084383 -0.49212268 1 1 1
v -1.4830693 4.40467834 -0.453903943 1 1 1
v -2.81443644 9.01354122 -1.25947428 1 1 1
v -2.80898547 9.013731 -1.26299381 1 1 1
v -2.80936337 9.01473904 -1.25753951 1 1 1
v -2.8039856 9.01442146 -1.25891268 1 1 1
v -2.80634594 9.01466084 -1.25287092 1 1 1
v -2.8128047 9.01411724 -1.25321805 1 1 1
v -2.01464438 5.77353764 -0.817782938 1 1 1
v -2.00017619 5.79637766 -0.839324772 1 1 1
v -2.18543005 6.23827171 -0.951801121 1 1 1
v -2.2194705 6.23046303 -0.91840148 1 1 1
v -1.99752116 5.84333611 -0.828760326 1 1 1
v -2.16136408 6.25406504 -0.915713608 1 1 1
v -2.01719737 5.87265873 -0.808252573 1 1 1
v -2.17004967 6.25773048 -0.875711083 1 1 1
v -2.01595879 5.79106855 -0.791156352 1 1 1
v -2.22157454 6.23932362 -0.864404619 1 1 1
v -2.38069129 6.77528524 -1.01343143 1 1 1
v -2.413059 6.76788092 -0.998310447 1 1 1
v -2.35371566 6.78622437 -0.995488703 1 1 1
v -2.3699441 6.78571463 -0.966440141 1 1 1
v -2.40077639 6.77682781 -0.96385473 1 1 1
v -2.51507521 7.32614326 -1.09514248 1 1 1
v -2.537148 7.32274914 -1.08078635 1 1 1
v -2.47571969 7.33795547 -1.0848968 1 1 1
v -2.50520158 7.33498144 -1.05460525 1 1 1
v -2.53075218 7.32831001 -1.05555975 1 1 1
v -2.66163325 7.8750248 -1.17924786 1 1 1
v -2.68131399 7.8724885 -1.16500556 1 1 1
v -2.62538052 7.88458014 -1.16877067 1 1 1
v -2.65437722 7.88112545 -1.14428806 1 1 1
v -2.68227267 7.87634754 -1.13420236 1 1 1
v -2.7622366 8.43708706 -1.22946441 1 1 1
v -2.78274798 8.43496227 -1.2242384 1 1 1
v -2.75122094 8.43934631 -1.21984339 1 1 1
v -2.75583506 8.44002342 -1.20542765 1 1 1
v -2.77765489 8.43787384 -1.19866014 1 1 1
v -2.80844641 9.01462936 -1.27445579 1 1 1
v -2.8237443 9.01330757 -1.26310194 1 1 1
v -2.79903913 9.0123539 -1.26001251 1 1 1
v -2.80168319 9.01551628 -1.24560368 1 1 1
v -2.82034612 9.01599789 -1.2442987 1 1 1
v -1.83341646 5.36202717 -0.75541544 1 1 1
v -1.80310953 5.33036566 -0.758954763 1 1 1
v -1.82297266 5.27624178 -0.722249269 1 1 1
v -1.82663083 5.29406071 -0.728307426 1 1 1
v -1.83614385 5.36223364 -0.75390029 1 1 1
v -1.8113476 5.45024204 -0.751750231 1 1 1
v -1.82044351 5.45829344 -0.758022606 1 1 1
v -1.81190062 5.43770027 -0.753502548 1 1 1
v -1.88527596 5.60528564 -0.745993555 1 1 1
v -1.88525939 5.5984993 -0.73738265 1 1 1
v -1.81697845 5.46260643 -0.752122521 1 1 1
v -1.82736719 5.48820877 -0.757439554 1 1 1
v -1.86793399 5.57307196 -0.753124595 1 1 1
v -1.84067094 5.36365938 -0.690172493 1 1 1
v -1.83622646 5.35071945 -0.687749565 1 1 1
v -1.81337261 5.30248547 -0.678204715 1 1 1
v -1.81041944 5.27875328 -0.674185276 1 1 1
v -1.87704098 5.54818344 -0.726294875 1 1 1
v -1.87579453 5.51047134 -0.717724442 1 1 1
v -1.82970071 5.30074072 -0.717777729 1 1 1
v -1.82923543 5.29919481 -0.717931151 1 1 1
v -1.82812381 5.29458809 -0.719256639 1 1 1
v -1.81992877 5.30049086 -0.682590485 1 1 1
v -1.83219421 5.33015251 -0.687320292 1 1 1
v -1.83415616 5.33475494 -0.688612163 1 1 1
v -0.125055462 2.59495258 -0.810308993 1 1 1
v -0.111379988 2.59844375 -0.809119105 1 1 1
v -0.11986623 2.60005403 -0.800615072 1 1 1
v -0.109029382 2.60243154 -0.795732677 1 1 1
v -0.12125209 2.60140443 -0.788649201 1 1 1
v -0.131156787 2.59678197 -0.797657788 1 1 1
v 0.253955096 1.51264942 -0.313248277 1 1 1
v 0.359081149 1.57357526 -0.31986931 1 1 1
v 0.101712473 2.10064602 -0.563014746 1 1 1
v 0.064313516 2.0792675 -0.559972823 1 1 1
v 0.0865302533 2.15258598 -0.554545999 1 1 1
v 0.359230816 1.63830531 -0.252491713 1 1 1
v 0.340439975 1.66500092 -0.274721116 1 1 1
v 0.331334352 1.67748511 -0.287342519 1 1 1
v 0.330032468 1.68276525 -0.285397708 1 1 1
v 0.307689577 1.71678638 -0.31057772 1 1 1
v 0.298778117 1.73619533 -0.314578742 1 1 1
v -0.103074938 2.59715605 -0.817670584 1 1 1
v -0.12819995 2.58914781 -0.816576481 1 1 1
v -0.0943302661 2.61025929 -0.789834142 1 1 1
v 0.0399608016 2.16324377 -0.550756276 1 1 1
v -0.121183589 2.59854627 -0.781201005 1 1 1
v 0.0297865197 2.1146276 -0.547051609 1 1 1
v -0.140334144 2.59297943 -0.794956505 1 1 1
v 0.228903636 1.77088761 -0.327479273 1 1 1
v 0.179634377 1.78581834 -0.325220048 1 1 1
v 0.174810946 1.79095924 -0.330071449 1 1 1
v 0.16471009 1.78721559 -0.320226341 1 1 1
v 0.242546305 1.76068032 -0.319731712 1 1 1
v 0.158901587 1.69347298 -0.300331175 1 1 1
v 0.15923816 1.69095206 -0.299128473 1 1 1
v 0.158483565 1.67602587 -0.295320958 1 1 1
v 0.156583965 1.64814556 -0.28880012 1 1 1
v 0.155205995 1.62301934 -0.282520592 1 1 1
v 0.15702112 1.62059522 -0.282626092 1 1 1
v 0.207981601 1.55466831 -0.2736682 1 1 1
v 0.223334447 1.53470075 -0.269833058 1 1 1
v 0.331816912 1.68004799 -0.283386648 1 1 1
v 0.330032468 1.68276525 -0.285397708 1 1 1
v 1.26182389 2.46218061 -0.198697805 1 1 1
v 1.25502157 2.46420264 -0.189096957 1 1 1
v 1.25307238 2.46745443 -0.198585942 1 1 1
v 1.24487603 2.46931052 -0.192773148 1 1 1
v 1.24540806 2.47044516 -0.204646125 1 1 1
v 1.25588238 2.4660387 -0.208307832 1 1 1
v 1.09723592 2.1437726 -0.244653553 1 1 1
v 1.06932497 2.18256187 -0.218625456 1 1 1
v 1.25495493 2.45940709 -0.183570519 1 1 1
v 1.20047808 2.34652758 -0.215442926 1 1 1
v 1.01774979 2.19183421 -0.22785902 1 1 1
v 1.23905849 2.46675014 -0.190194339 1 1 1
v 1.07527602 2.18318152 -0.250942469 1 1 1
v 1.18691003 2.36028171 -0.22015819 1 1 1
v 1.18789732 2.32074976 -0.23484984 1 1 1
v 1.0703671 2.09048653 -0.284656554 1 1 1
v 1.10831892 2.11015153 -0.295490444 1 1 1
v 0.358984739 1.70141566 -0.259284556 1 1 1
v 0.359633416 1.70655215 -0.251234412 1 1 1
v 0.340401709 1.71091318 -0.236811027 1 1 1
v 0.620916009 1.77976584 -0.233171269 1 1 1
v 0.573362231 1.75802553 -0.250055283 1 1 1
v 0.575492561 1.7517134 -0.261071116 1 1 1
v 0.571992159 1.72618306 -0.295243144 1 1 1
v 0.572967589 1.71769094 -0.306705087 1 1 1
v 0.338138938 1.65720665 -0.322716475 1 1 1
v 0.331816912 1.68004799 -0.283386648 1 1 1
v 0.687339723 1.93484294 -0.251673818 1 1 1
v 0.716857851 1.8648417 -0.241958037 1 1 1
v 0.63460356 1.79030037 -0.234163523 1 1 1
v 0.34037587 1.71097136 -0.23682189 1 1 1
v 0.336117059 1.72099793 -0.239141136 1 1 1
v 0.304892212 1.78710127 -0.256019354 1 1 1
v 0.301833391 1.80183816 -0.259478867 1 1 1
v 0.306057483 1.81176937 -0.359000564 1 1 1
v 0.711444676 1.88212156 -0.321384549 1 1 1
v 0.697315037 1.87860715 -0.298940986 1 1 1
v 0.694523454 1.87795329 -0.295337796 1 1 1
v 0.705376446 1.87974787 -0.287151039 1 1 1
v 0.712917686 1.88085794 -0.277399391 1 1 1
v 0.30194661 1.80210435 -0.262146115 1 1 1
v 0.320579976 1.80666542 -0.274836063 1 1 1
v 0.321748018 1.80697584 -0.275897831 1 1 1
v 0.330104828 1.80929899 -0.284603208 1 1 1
v 0.325984597 1.81020129 -0.302554578 1 1 1
v 0.304534882 1.80818951 -0.323127002 1 1 1
v 0.328495562 1.72238207 -0.398083508 1 1 1
v 0.669325471 1.80223727 -0.359719545 1 1 1
v 0.669013977 1.80252504 -0.359596044 1 1 1
v 0.669661164 1.80411744 -0.358889788 1 1 1
v 0.678416193 1.82354498 -0.35006538 1 1 1
v 0.66237092 1.79635489 -0.35641098 1 1 1
v 0.667646587 1.80105293 -0.359147578 1 1 1
v 1.02114558 1.97739732 -0.257442623 1 1 1
v 0.976424754 1.95735812 -0.245147288 1 1 1
v 0.907359242 1.93523347 -0.218418807 1 1 1
v 0.77636987 1.91553366 -0.238561496 1 1 1
v 0.77266115 1.9117974 -0.238704965 1 1 1
v 0.765440404 1.90473843 -0.239009738 1 1 1
v 0.915994525 1.98038733 -0.224202976 1 1 1
v 0.882367611 1.97094727 -0.228391171 1 1 1
v 0.756558657 1.91001189 -0.262527943 1 1 1
v 0.784059465 1.92819667 -0.2469403 1 1 1
v 0.788530111 1.93093574 -0.243652582 1 1 1
v 0.905725062 2.00872111 -0.243836358 1 1 1
v 0.977778614 2.05706072 -0.251390934 1 1 1
v 1.02607715 2.09012413 -0.27109614 1 1 1
v 1.05177188 2.08822417 -0.280456305 1 1 1
v 1.09799492 2.06860399 -0.287103206 1 1 1
v 0.330754668 1.67921257 -0.284329027 1 1 1
v -0.841488004 0.733574033 0.620696783 1 1 1
v -0.848698914 0.737502098 0.613565028 1 1 1
v -0.846592426 0.741279483 0.621808767 1 1 1
v -0.851937413 0.747267246 0.61709249 1 1 1
v -0.846727908 0.749374449 0.626404405 1 1 1
v -0.840269804 0.740911603 0.628632009 1 1 1
v -0.528517485 0.953450322 0.359812737 1 1 1
v -0.546734691 0.979632139 0.376970768 1 1 1
v -0.703454852 0.849194288 0.509734154 1 1 1
v -0.696815252 0.836679161 0.503251255 1 1 1
v -0.718325019 0.833203197 0.541617513 1 1 1
v -0.562409222 0.95428282 0.414077759 1 1 1
v -0.611174822 0.919890046 0.440773457 1 1 1
v -0.609990835 0.920789063 0.481613845 1 1 1
v -0.706583142 0.806574702 0.52988863 1 1 1
v -0.713122249 0.813458145 0.548714697 1 1 1
v -0.338592947 1.1109705 0.175764278 1 1 1
v -0.340226054 1.11201108 0.173987493 1 1 1
v -0.530288875 0.885482252 0.385038316 1 1 1
v -0.522375405 0.891255796 0.380506247 1 1 1
v -0.496782988 0.881971896 0.394274235 1 1 1
v -0.273127943 1.08810496 0.222507417 1 1 1
v -0.312606186 1.09762776 0.200117946 1 1 1
v -0.377785444 1.15125084 0.210211232 1 1 1
v -0.392552406 1.16160452 0.224255353 1 1 1
v -0.545615733 0.967448235 0.441150993 1 1 1
v -0.56175375 0.955022693 0.413732529 1 1 1
v -0.392522812 1.1615932 0.224527225 1 1 1
v -0.392178059 1.16150248 0.227432415 1 1 1
v -0.374509305 1.1728555 0.249455333 1 1 1
v -0.373938203 1.17319608 0.250076145 1 1 1
v -0.365953773 1.18015015 0.250742167 1 1 1
v -0.34575066 1.19697654 0.255239189 1 1 1
v -0.328860134 1.2153399 0.243304983 1 1 1
v -0.324709535 1.21987784 0.24027963 1 1 1
v -0.320791036 1.22389543 0.238397092 1 1 1
v -0.318205357 1.22589946 0.239519015 1 1 1
v -0.318621099 1.22660792 0.235573187 1 1 1
v -0.318517476 1.22715545 0.23391147 1 1 1
v -0.304178357 1.23295546 0.259542674 1 1 1
v -0.257176101 1.19144464 0.26537165 1 1 1
v -0.262146533 1.17402196 0.274199098 1 1 1
v -0.267370015 1.14493775 0.288140804 1 1 1
v -0.497210681 0.925609887 0.442481101 1 1 1
v -0.273239672 1.10436213 0.245327562 1 1 1
v -0.273518085 1.10048175 0.24050574 1 1 1
v -0.255542368 1.13426566 0.250624776 1 1 1
v -0.585483849 0.862842202 0.417812943 1 1 1
v -0.574902534 0.84259057 0.446888983 1 1 1
v -0.587307096 0.87314558 0.494718283 1 1 1
v -0.792141438 1.15017521 0.843446672 1 1 1
v -0.79557085 1.15454853 0.840919256 1 1 1
v -0.791332364 1.15532339 0.843883216 1 1 1
v -0.792732298 1.15988922 0.841751814 1 1 1
v -0.787548661 1.1588167 0.844793737 1 1 1
v -0.787183523 1.1528132 0.845841169 1 1 1
v -0.581633449 1.15775454 0.51362288 1 1 1
v -0.594867945 1.18776143 0.535509825 1 1 1
v -0.409214199 1.2529943 0.270849377 1 1 1
v -0.397451192 1.21437192 0.26272887 1 1 1
v -0.397066742 1.21197212 0.262724042 1 1 1
v -0.604865611 1.17949545 0.51446557 1 1 1
v -0.783758402 1.16080153 0.843101442 1 1 1
v -0.726697385 1.16001797 0.727014124 1 1 1
v -0.717370689 1.15067506 0.727402866 1 1 1
v -0.716907382 1.13133121 0.707045794 1 1 1
v -0.617228329 1.08060956 0.528854549 1 1 1
v -0.632683933 1.08458877 0.548595965 1 1 1
v -0.72543323 1.1398859 0.708737612 1 1 1
v -0.449243367 1.2005775 0.248145923 1 1 1
v -0.471173227 1.21530306 0.250042409 1 1 1
v -0.636924803 1.11033702 0.509927034 1 1 1
v -0.609754801 1.08639073 0.510158539 1 1 1
v -0.432196766 1.19096625 0.244457796 1 1 1
v -0.470774263 1.2334913 0.273108631 1 1 1
v -0.465039611 1.24623311 0.275894642 1 1 1
v -0.462936997 1.2487725 0.274132848 1 1 1
v -0.461984307 1.24988997 0.27329129 1 1 1
v -0.635912716 1.12031269 0.522046685 1 1 1
v -0.473005116 1.21684813 0.256770968 1 1 1
v -0.472886175 1.22054565 0.261309981 1 1 1
v -0.472232103 1.23040175 0.272595584 1 1 1
v -0.439331263 1.25869203 0.254453689 1 1 1
v -0.439213693 1.25920117 0.253244758 1 1 1
v -0.439219087 1.25535619 0.262454718 1 1 1
v -0.398377687 1.21120775 0.260792017 1 1 1
v -0.418566406 1.19916904 0.260300606 1 1 1
v -0.423128903 1.19642484 0.255314112 1 1 1
v -0.608610988 1.08708179 0.512061954 1 1 1
v -0.397871614 1.21151173 0.261258662 1 1 1
v -0.639381349 1.08934247 0.555084348 1 1 1
v -0.662557006 1.11364627 0.559971154 1 1 1
v -0.65916425 1.1207521 0.562387288 1 1 1
v -0.635892153 1.12419403 0.526392579 1 1 1
v -0.320539445 1.22966945 0.228219301 1 1 1
v -0.320791036 1.22389543 0.238397092 1 1 1
v -0.3187356 1.22600293 0.237409607 1 1 1
v -0.537244678 0.878360927 0.419261813 1 1 1
v -0.566255033 0.936479747 0.446922123 1 1 1
v -0.547004342 0.90339905 0.450845838 1 1 1
v -0.318621099 1.22660792 0.235573187 1 1 1
v -0.318231255 1.22593212 0.237365529 1 1 1
v -0.317744792 1.22507691 0.237588421 1 1 1
v -0.673363328 2.06489921 -0.205082893 1 1 1
v -0.667156279 2.06353545 -0.210594431 1 1 1
v -0.666638076 2.06742263 -0.204553455 1 1 1
v -0.66003114 2.06653881 -0.207281306 1 1 1
v -0.661834598 2.06975889 -0.199722126 1 1 1
v -0.670074284 2.06874585 -0.198363364 1 1 1
v -0.324796736 1.23766947 0.267147988 1 1 1
v -0.384321809 1.21570063 0.284969807 1 1 1
v -0.526851833 1.6481005 0.0323063806 1 1 1
v -0.502578259 1.65159774 0.0264063068 1 1 1
v -0.541640162 1.64812088 0.00484350976 1 1 1
v -0.397564739 1.19302106 0.256795675 1 1 1
v -0.398182541 1.21330476 0.26122278 1 1 1
v -0.398208767 1.21831429 0.26252678 1 1 1
v -0.405062497 1.23935604 0.256764054 1 1 1
v -0.407540917 1.24651313 0.254558593 1 1 1
v -0.415767342 1.25442123 0.242974594 1 1 1
v -0.420624346 1.2594918 0.236243293 1 1 1
v -0.427109838 1.25729585 0.224842787 1 1 1
v -0.43199262 1.25584483 0.216314033 1 1 1
v -0.435573637 1.24585164 0.207656905 1 1 1
v -0.437549174 1.23970568 0.202710778 1 1 1
v -0.523757875 1.64352357 -0.0109537132 1 1 1
v -0.667611361 2.05894113 -0.216702938 1 1 1
v -0.678401768 2.06115389 -0.204689413 1 1 1
v -0.501908243 1.64903009 0.000615514815 1 1 1
v -0.655841172 2.06308985 -0.207362309 1 1 1
v -0.656756043 2.07159114 -0.194444671 1 1 1
v -0.678867102 2.07698298 -0.186994106 1 1 1
v -0.383871496 1.2180022 0.167429045 1 1 1
v -0.325815052 1.23785996 0.194190755 1 1 1
v -0.325455606 1.2379092 0.19437176 1 1 1
v -0.38263905 1.21896672 0.167934403 1 1 1
v -0.358047605 1.23562562 0.177475303 1 1 1
v -0.356785268 1.2356168 0.178151339 1 1 1
v -0.343251616 1.23576629 0.185344905 1 1 1
v -0.325568974 1.23861372 0.197300136 1 1 1
v -0.325891286 1.23920286 0.200932056 1 1 1
v -0.324677378 1.23710585 0.20772925 1 1 1
v -0.640082955 1.10858488 0.530359268 1 1 1
v -0.624937534 1.09004354 0.52949208 1 1 1
v -0.396779805 1.2121675 0.262265384 1 1 1
v -0.718267322 1.17668557 0.565333724 1 1 1
v -0.721898258 1.18054569 0.548430145 1 1 1
v -0.710432827 1.18623638 0.556549311 1 1 1
v -0.70860827 1.19039237 0.542087078 1 1 1
v -0.696763635 1.19261789 0.555070519 1 1 1
v -0.702733278 1.18414664 0.569437742 1 1 1
v -0.450698048 0.751371622 0.391431957 1 1 1
v -0.404518664 0.779940009 0.410089642 1 1 1
v -0.124920622 0.461169958 0.319010496 1 1 1
v -0.160025507 0.437226564 0.306126386 1 1 1
v -0.198637173 0.462874651 0.319710135 1 1 1
v -0.225024819 0.482263803 0.329987019 1 1 1
v -0.283333421 0.478901088 0.328025073 1 1 1
v -0.325829148 0.477516949 0.32716468 1 1 1
v -0.619647086 1.02333951 0.498021692 1 1 1
v -0.66024214 1.11406243 0.53973186 1 1 1
v -0.649378181 1.05123556 0.495587081 1 1 1
v -0.644791007 1.08116555 0.495121807 1 1 1
v -0.659422576 1.12801027 0.529079437 1 1 1
v -0.343459636 0.50199908 0.293272138 1 1 1
v -0.359694242 0.521453202 0.258198678 1 1 1
v -0.359143764 0.518885136 0.220478952 1 1 1
v -0.360705078 0.520566165 0.213234827 1 1 1
v -0.360335797 0.519415438 0.199592054 1 1 1
v -0.452795088 0.724688172 0.330449879 1 1 1
v -0.330269992 0.483700633 0.324425697 1 1 1
v -0.331470788 0.485573798 0.320918083 1 1 1
v -0.335501403 0.491844684 0.309375584 1 1 1
v -0.323590308 0.566413164 0.183131516 1 1 1
v -0.280399561 0.626667857 0.166057125 1 1 1
v -0.41466105 0.765121818 0.312961161 1 1 1
v -0.341632694 0.546811461 0.191433623 1 1 1
v -0.202657178 0.642596483 0.255761325 1 1 1
v -0.195476934 0.643142581 0.262249529 1 1 1
v -0.18449986 0.639352918 0.26420781 1 1 1
v -0.403072923 0.817874432 0.374830395 1 1 1
v -0.272239059 0.641344666 0.199840799 1 1 1
v -0.256729662 0.641722977 0.212476119 1 1 1
v -0.224739745 0.641079009 0.236086011 1 1 1
v -0.166677862 0.56637615 0.295360059 1 1 1
v -0.161863118 0.542340636 0.306539446 1 1 1
v -0.147077158 0.525090873 0.30071187 1 1 1
v -0.117007412 0.488003433 0.290285647 1 1 1
v 0.568419695 4.71911669 -0.973751783 1 1 1
v 0.561597407 4.71909761 -0.960415244 1 1 1
v 0.556412697 4.7229867 -0.971475363 1 1 1
v 0.54719007 4.72258329 -0.962580681 1 1 1
v 0.54510814 4.72475576 -0.977255821 1 1 1
v 0.55822885 4.72261381 -0.984159827 1 1 1
v -0.0723504499 2.61106968 -1.11674953 1 1 1
v -0.0973316431 2.62483978 -1.05686748 1 1 1
v 0.181053638 3.07603407 -1.01355267 1 1 1
v 0.217345387 3.06021738 -1.09841728 1 1 1
v -0.154737443 2.65415072 -1.06586099 1 1 1
v 0.0934853032 3.10880184 -1.02789629 1 1 1
v -0.147447318 2.680902 -1.12828565 1 1 1
v 0.0812358856 3.11116576 -1.11808801 1 1 1
v -0.101433404 2.64873624 -1.16387236 1 1 1
v 0.157275289 3.08161879 -1.18182826 1 1 1
v 0.324071288 3.61958122 -1.05014646 1 1 1
v 0.352409691 3.61498833 -1.11843216 1 1 1
v 0.241159618 3.64209867 -1.05100799 1 1 1
v 0.245435461 3.64401031 -1.13355601 1 1 1
v 0.304845393 3.63025331 -1.17266703 1 1 1
v 0.457518101 4.15853357 -0.984266341 1 1 1
v 0.472042054 4.16170788 -1.04260993 1 1 1
v 0.399342895 4.17424917 -1.00204873 1 1 1
v 0.39569664 4.18149805 -1.05445278 1 1 1
v 0.441810012 4.17542505 -1.09021127 1 1 1
v 0.565174758 4.71434259 -0.952142358 1 1 1
v 0.574087501 4.71316338 -0.975436866 1 1 1
v 0.537910998 4.72276354 -0.953432262 1 1 1
v 0.536593676 4.72367764 -0.981612802 1 1 1
v 0.558081031 4.7179389 -0.990697026 1 1 1
v -0.314843535 2.14099908 -1.100003 1 1 1
v -0.314177603 2.15271664 -1.08658743 1 1 1
v -0.343292326 2.15810537 -1.03130698 1 1 1
v -0.307982177 2.11048555 -1.14784086 1 1 1
v -0.366467983 2.18549347 -1.03472698 1 1 1
v -0.439222753 2.20641232 -1.04617512 1 1 1
v -0.453296661 2.21357036 -1.04845297 1 1 1
v -0.467656165 2.20205998 -1.05039454 1 1 1
v -0.34797129 2.16361356 -1.03186834 1 1 1
v -0.416203886 2.30674338 -1.16222274 1 1 1
v -0.414854348 2.30955505 -1.16532135 1 1 1
v -0.455546796 2.22071958 -1.05807972 1 1 1
v -0.452298909 2.23001242 -1.07443607 1 1 1
v -0.441205382 2.25710487 -1.11268425 1 1 1
v -0.355764568 2.26508617 -1.20606279 1 1 1
v -0.343211144 2.22135425 -1.22862625 1 1 1
v -0.410547763 2.30965209 -1.16694462 1 1 1
v -0.359732538 2.26824093 -1.20328796 1 1 1
v -0.334520102 2.19860196 -1.21191049 1 1 1
v -1.50714111 3.88482642 1.53577805 1 1 1
v -1.50005567 3.88737273 1.52549481 1 1 1
v -1.49671984 3.88804603 1.5358578 1 1 1
v -1.48804975 3.88923216 1.52934611 1 1 1
v -1.48771524 3.88783526 1.54200971 1 1 1
v -1.49951422 3.88511229 1.54598475 1 1 1
v -0.912742257 2.44607663 1.37621212 1 1 1
v -0.885199308 2.46472931 1.33376038 1 1 1
v -1.2035501 2.85609269 1.36837113 1 1 1
v -1.23766613 2.83160615 1.4269259 1 1 1
v -0.850342155 2.49760389 1.35285389 1 1 1
v -1.14177418 2.8849318 1.39398336 1 1 1
v -0.877804995 2.51900458 1.40899849 1 1 1
v -1.13725019 2.8789494 1.46735191 1 1 1
v -0.909350991 2.47946048 1.42481434 1 1 1
v -1.20449555 2.84082532 1.50130546 1 1 1
v -1.40803242 3.35520077 1.43409526 1 1 1
v -1.42920911 3.344347 1.47409546 1 1 1
v -1.35994804 3.36845779 1.4481132 1 1 1
v -1.35273826 3.36493564 1.50569701 1 1 1
v -1.40650547 3.34719467 1.51569295 1 1 1
v -1.50292289 3.88597083 1.51605141 1 1 1
v -1.52011538 3.88261271 1.53587484 1 1 1
v -1.4831841 3.88550496 1.52581203 1 1 1
v -1.48071146 3.88552642 1.54626799 1 1 1
v -1.50225174 3.88208938 1.55594289 1 1 1
v -0.590489507 2.06231666 1.25041223 1 1 1
v -0.574162602 2.05914545 1.2376045 1 1 1
v -0.618752599 2.00851035 1.31934798 1 1 1
v -0.623153806 2.01509547 1.31829143 1 1 1
v -0.628247499 2.02933335 1.31233525 1 1 1
v -0.5964095 2.0537622 1.26286387 1 1 1
v -0.545682669 2.1004169 1.25770712 1 1 1
v -0.537642539 2.11544847 1.26465464 1 1 1
v -0.496590197 2.12174964 1.27467346 1 1 1
v -0.555001438 2.17100239 1.32732475 1 1 1
v -0.555395603 2.17131519 1.32791054 1 1 1
v -0.556853414 2.1724894 1.32986224 1 1 1
v -0.614276707 2.2200048 1.39097404 1 1 1
v -0.617822468 2.21865106 1.39187133 1 1 1
v -0.624038339 2.21681952 1.39337492 1 1 1
v -0.652071118 2.14008117 1.41057312 1 1 1
v -0.653337479 2.13565278 1.41153038 1 1 1
v -0.642361164 2.11193538 1.4127413 1 1 1
v -0.644173324 2.09696579 1.39565599 1 1 1
v 0.1737746 4.50954294 2.30652905 1 1 1
v 0.164766923 4.50895452 2.31101131 1 1 1
v 0.166214019 4.51164055 2.3029418 1 1 1
v 0.157702744 4.510777 2.3040576 1 1 1
v 0.1623445 4.5124917 2.29527712 1 1 1
v 0.172277585 4.51172924 2.29680443 1 1 1
v -0.305038929 2.94112682 1.86961806 1 1 1
v -0.328606397 2.97519851 1.90053153 1 1 1
v -0.0983641595 3.40567517 2.09607244 1 1 1
v -0.0478682555 3.38973689 2.0653224 1 1 1
v -0.345034897 3.01689625 1.88397777 1 1 1
v -0.140218452 3.43907547 2.06121969 1 1 1
v -0.336911738 2.99568081 1.83806777 1 1 1
v -0.106712848 3.43839002 2.01000905 1 1 1
v -0.310105652 2.95769763 1.83264482 1 1 1
v -0.0607039556 3.41301131 2.01444268 1 1 1
v 0.136282727 3.93306732 2.20892596 1 1 1
v 0.167669311 3.93006396 2.19015932 1 1 1
v 0.111873373 3.94459438 2.18385959 1 1 1
v 0.126872942 3.9491272 2.14983225 1 1 1
v 0.164517269 3.93921351 2.15452766 1 1 1
v 0.163803115 4.5041523 2.31491637 1 1 1
v 0.183798373 4.50819445 2.31155777 1 1 1
v 0.150522068 4.50844908 2.30464172 1 1 1
v 0.155811667 4.51803923 2.28283501 1 1 1
v 0.178150177 4.51106453 2.29067612 1 1 1
v -0.565987468 2.53709602 1.7524575 1 1 1
v -0.533575356 2.44187498 1.6799736 1 1 1
v -0.568785846 2.64712286 1.74200094 1 1 1
v -0.568905473 2.64725685 1.74187994 1 1 1
v -0.570109069 2.6499753 1.74058855 1 1 1
v -0.574402928 2.65762997 1.73609221 1 1 1
v -0.558417261 2.58858871 1.75510883 1 1 1
v -0.560815275 2.59390306 1.75246155 1 1 1
v -0.580361187 2.58559823 1.63686216 1 1 1
v -0.585793436 2.56973982 1.62563944 1 1 1
v -0.57402724 2.65491772 1.72995234 1 1 1
v -0.57358551 2.6075151 1.65402794 1 1 1
v -0.543861151 2.49530888 1.61171877 1 1 1
v -0.537767887 2.4809711 1.60845089 1 1 1
v -0.579714 2.57480311 1.62882245 1 1 1
v -0.56816864 2.57915783 1.63329649 1 1 1
v -0.53223151 2.48392248 1.62553442 1 1 1
v -0.53166765 2.46872139 1.64952683 1 1 1
v -0.526281178 2.46586537 1.6757232 1 1 1
v 0.599588394 6.97796822 0.654873252 1 1 1
v 0.595363975 6.97751188 0.641390085 1 1 1
v 0.606791914 6.97869301 0.645180762 1 1 1
v 0.606884181 6.97686338 0.63322252 1 1 1
v 0.618228495 6.9769187 0.64165765 1 1 1
v 0.613719463 6.97760153 0.655038476 1 1 1
v 1.09508443 3.0205462 -0.171143994 1 1 1
v 1.07181895 3.04483294 -0.228186101 1 1 1
v 0.844984174 3.47754049 0.0545708016 1 1 1
v 0.87571454 3.4446795 0.145230144 1 1 1
v 1.11286378 3.0917809 -0.246937767 1 1 1
v 0.918445587 3.52561951 0.00976766367 1 1 1
v 1.1644057 3.09194398 -0.206079051 1 1 1
v 0.997514009 3.52530193 0.068960771 1 1 1
v 1.16062546 3.0383141 -0.163060293 1 1 1
v 0.985308588 3.47253847 0.169842318 1 1 1
v 0.694403231 4.02419424 0.262210071 1 1 1
v 0.722448885 4.00411797 0.342233032 1 1 1
v 0.762642205 4.06104946 0.206952006 1 1 1
v 0.823383868 4.05353642 0.27372399 1 1 1
v 0.802187383 4.02474403 0.342005372 1 1 1
v 0.566372514 4.58988285 0.437739491 1 1 1
v 0.602531195 4.57738733 0.504918337 1 1 1
v 0.635055065 4.61263466 0.400066465 1 1 1
v 0.687886357 4.60857582 0.448283851 1 1 1
v 0.674081624 4.5871253 0.516983688 1 1 1
v 0.503998697 5.17404366 0.588338494 1 1 1
v 0.525118053 5.16489077 0.649871826 1 1 1
v 0.558508396 5.1820178 0.560826957 1 1 1
v 0.608316183 5.18001461 0.591697812 1 1 1
v 0.585624695 5.16930723 0.645853996 1 1 1
v 0.522047102 5.77465582 0.649798989 1 1 1
v 0.534990609 5.77181053 0.697022498 1 1 1
v 0.561128676 5.77506208 0.622067571 1 1 1
v 0.597233355 5.77247238 0.651395321 1 1 1
v 0.583816171 5.77050495 0.695731044 1 1 1
v 0.554892778 6.37366056 0.658565462 1 1 1
v 0.571027875 6.37351799 0.69724369 1 1 1
v 0.59122014 6.3718977 0.631014884 1 1 1
v 0.624186993 6.37097454 0.6602844 1 1 1
v 0.612598002 6.37206316 0.70152384 1 1 1
v 0.582637429 6.97737026 0.637110174 1 1 1
v 0.596072495 6.97305202 0.65963465 1 1 1
v 0.606841743 6.97217512 0.62647742 1 1 1
v 0.622781396 6.97107029 0.64042908 1 1 1
v 0.619826615 6.97574854 0.663800001 1 1 1
v 1.25625634 2.57818222 -0.456141561 1 1 1
v 1.24468195 2.5882504 -0.490734339 1 1 1
v 1.23130846 2.59957075 -0.531814396 1 1 1
v 1.23434365 2.58946443 -0.549233437 1 1 1
v 1.27217853 2.55435824 -0.438559711 1 1 1
v 1.29391754 2.7004087 -0.562292099 1 1 1
v 1.296785 2.70472717 -0.563253582 1 1 1
v 1.36260223 2.71848607 -0.495056927 1 1 1
v 1.38661957 2.71237969 -0.4832789 1 1 1
v 1.31080687 2.71027708 -0.54540956 1 1 1
v 1.34504628 2.72331047 -0.503245711 1 1 1
v 1.39157999 2.60479617 -0.447024196 1 1 1
v 1.39770293 2.56822777 -0.444860429 1 1 1
v 1.38470113 2.66012144 -0.455937713 1 1 1
v 1.37909758 2.57405233 -0.438223064 1 1 1
v 1.33747089 2.57951379 -0.429439366 1 1 1
v 1.29183626 2.56163883 -0.436012805 1 1 1
v 2.3881824 7.8161726 -2.13355684 1 1 1
v 2.39369702 7.81683826 -2.12336993 1 1 1
v 2.38388062 7.8159833 -2.12460804 1 1 1
v 2.38595366 7.81483698 -2.11496425 1 1 1
v 2.37565374 7.8129344 -2.11995554 1 1 1
v 2.37703133 7.81376028 -2.1314466 1 1 1
v 2.03308725 3.75887012 -1.31111729 1 1 1
v 2.06691909 3.78888607 -1.28618932 1 1 1
v 2.279948 4.13752222 -1.71871734 1 1 1
v 2.24030519 4.10586786 -1.78010952 1 1 1
v 2.04984403 3.83980155 -1.28898346 1 1 1
v 2.23384833 4.18138456 -1.67662036 1 1 1
v 1.9955759 3.82933354 -1.29238033 1 1 1
v 2.16378999 4.18148375 -1.70622742 1 1 1
v 1.98611021 3.7814784 -1.31019115 1 1 1
v 2.16404724 4.13497639 -1.77151453 1 1 1
v 2.38192296 4.69842958 -1.99831307 1 1 1
v 2.34932852 4.684443 -2.05023718 1 1 1
v 2.34073091 4.72014999 -1.95601618 1 1 1
v 2.27835655 4.7216258 -1.97845805 1 1 1
v 2.27995801 4.69617176 -2.04780865 1 1 1
v 2.44415641 5.31235695 -2.14891076 1 1 1
v 2.4147706 5.30508232 -2.19831634 1 1 1
v 2.40356731 5.32058716 -2.11456203 1 1 1
v 2.35599589 5.32003498 -2.13224292 1 1 1
v 2.36498427 5.31076574 -2.1809175 1 1 1
v 2.43192744 5.93835688 -2.22249603 1 1 1
v 2.40878773 5.93880939 -2.25622749 1 1 1
v 2.40241385 5.94192171 -2.1937685 1 1 1
v 2.36441827 5.94441032 -2.20908737 1 1 1
v 2.3651495 5.94252205 -2.25453067 1 1 1
v 2.5286026 6.56085205 -2.20228815 1 1 1
v 2.50893092 6.56439829 -2.23198271 1 1 1
v 2.50463152 6.56111479 -2.16671181 1 1 1
v 2.46799111 6.56582355 -2.18955612 1 1 1
v 2.46911144 6.56820774 -2.23154783 1 1 1
v 2.53419328 7.1940136 -2.15126896 1 1 1
v 2.52369022 7.19474649 -2.1763823 1 1 1
v 2.5175066 7.1913085 -2.13254023 1 1 1
v 2.49252105 7.18973637 -2.14247465 1 1 1
v 2.49445057 7.19181108 -2.17140913 1 1 1
v 2.40024233 7.81411219 -2.12278152 1 1 1
v 2.39332652 7.81796408 -2.14484644 1 1 1
v 2.38802814 7.8125267 -2.10665607 1 1 1
v 2.37242603 7.80744314 -2.11784887 1 1 1
v 2.37141204 7.81048584 -2.13740396 1 1 1
v 1.90479732 3.4193511 -0.825939298 1 1 1
v 1.83901405 3.35924792 -0.867979228 1 1 1
v 1.90056908 3.41721892 -0.838384271 1 1 1
v 1.91244054 3.53094411 -0.899630368 1 1 1
v 1.90303314 3.55960202 -0.900744081 1 1 1
v 1.90884793 3.43417907 -0.840569079 1 1 1
v 1.91171086 3.49862409 -0.880737543 1 1 1
v 1.85156918 3.54767585 -0.897216499 1 1 1
v 1.79571211 3.52064896 -0.869967282 1 1 1
v 1.78255951 3.51457143 -0.864119589 1 1 1
v 1.88293719 3.55529523 -0.898719609 1 1 1
v 1.7756536 3.48908949 -0.864081085 1 1 1
v 1.75173044 3.40273428 -0.865752459 1 1 1
v 1.83662641 3.36712265 -0.875938177 1 1 1
v 1.77578962 3.40168309 -0.879754007 1 1 1
v 1.78276348 3.39786673 -0.879490793 1 1 1
v 1.83423233 3.37367487 -0.882308722 1 1 1
v 3.61461759 8.62221336 -0.578252971 1 1 1
v 3.60634136 8.62249851 -0.573042572 1 1 1
v 3.6068759 8.62279701 -0.581395566 1 1 1
v 3.59882259 8.62190247 -0.579274476 1 1 1
v 3.60245228 8.62125015 -0.588337183 1 1 1
v 3.61221409 8.62144184 -0.587705672 1 1 1
v 2.69645691 4.7241993 -0.821397305 1 1 1
v 2.67404795 4.74913597 -0.792537212 1 1 1
v 3.0397594 5.15471792 -0.657046735 1 1 1
v 3.08669305 5.13530493 -0.699453115 1 1 1
v 2.67122698 4.79966307 -0.809549332 1 1 1
v 2.98378825 5.19799471 -0.694033563 1 1 1
v 2.70033693 4.80644798 -0.847344637 1 1 1
v 3.02509284 5.1864233 -0.756758273 1 1 1
v 2.69789076 4.74409103 -0.85996747 1 1 1
v 3.08177614 5.15303516 -0.763038278 1 1 1
v 3.28957391 5.6893754 -0.564302266 1 1 1
v 3.33586621 5.67603588 -0.595283568 1 1 1
v 3.25317526 5.70783186 -0.600629568 1 1 1
v 3.26742697 5.71008348 -0.657090306 1 1 1
v 3.33308196 5.68616343 -0.662164152 1 1 1
v 3.45828629 6.26182985 -0.53671217 1 1 1
v 3.50626755 6.25089359 -0.552204967 1 1 1
v 3.42059135 6.27360725 -0.559363782 1 1 1
v 3.43926311 6.2726512 -0.605566919 1 1 1
v 3.4945631 6.25901461 -0.61220026 1 1 1
v 3.58878565 6.84006214 -0.485103339 1 1 1
v 3.62731481 6.83636427 -0.501217186 1 1 1
v 3.55557728 6.84648132 -0.506571889 1 1 1
v 3.56899738 6.84864998 -0.551245511 1 1 1
v 3.61553669 6.84178686 -0.544967651 1 1 1
v 3.61618829 7.43523407 -0.432105213 1 1 1
v 3.64711475 7.43416262 -0.455926925 1 1 1
v 3.58692694 7.43537426 -0.459454626 1 1 1
v 3.60436511 7.43446112 -0.490014613 1 1 1
v 3.63455248 7.43387318 -0.486692041 1 1 1
v 3.61419344 8.02610588 -0.512952089 1 1 1
v 3.64571452 8.02557755 -0.522820234 1 1 1
v 3.59430671 8.02433777 -0.52934885 1 1 1
v 3.60388827 8.02213001 -0.553313971 1 1 1
v 3.63117886 8.02241898 -0.553335488 1 1 1
v 3.6040411 8.63809967 -0.542226553 1 1 1
v 3.61972451 8.61898708 -0.575975478 1 1 1
v 3.59503508 8.61754513 -0.57795608 1 1 1
v 3.59484816 8.62222767 -0.600468516 1 1 1
v 3.61668754 8.61856747 -0.59282738 1 1 1
v 2.32719612 4.26826572 -0.93363148 1 1 1
v 2.33213949 4.27586508 -0.930217981 1 1 1
v 2.32104611 4.3085022 -0.902236342 1 1 1
v 2.3191154 4.32016993 -0.893064499 1 1 1
v 2.28874803 4.31796217 -0.882155478 1 1 1
v 2.3267343 4.4450736 -0.904281735 1 1 1
v 2.38964462 4.48989058 -0.937250733 1 1 1
v 2.40713739 4.49561453 -0.963103473 1 1 1
v 2.33086181 4.44827509 -0.905962348 1 1 1
v 2.38433409 4.48658657 -0.933630407 1 1 1
v 2.35477996 4.34185076 -0.994535208 1 1 1
v 2.34450078 4.33161306 -0.99755013 1 1 1
v 2.31299257 4.29268217 -1.00808954 1 1 1
v 2.40705991 4.45377636 -0.968911409 1 1 1
v 2.40799117 4.44735765 -0.969901145 1 1 1
v 2.39138913 4.40583467 -0.979066193 1 1 1
v 2.326056 4.29916 -0.993313491 1 1 1
v 2.34036803 4.31267023 -0.988606095 1 1 1
v 2.32819963 4.27471733 -0.943512678 1 1 1
v -3.46234035 2.47980452 0.000836147636 1 1 1
v -3.4541049 2.47980285 -0.0127370059 1 1 1
v -3.4489758 2.48194218 -0.000340409286 1 1 1
v -3.43867517 2.48072267 -0.00911384076 1 1 1
v -3.43737435 2.48129272 0.00669856928 1 1 1
v -3.45200014 2.48072529 0.0128480829 1 1 1
v -1.59812427 1.07042408 -0.0819201991 1 1 1
v -1.61783922 1.10478508 -0.135700881 1 1 1
v -2.12026119 0.816148579 -0.109352425 1 1 1
v -2.10404539 0.762792528 -0.0390775315 1 1 1
v -1.65851831 1.14965975 -0.113907233 1 1 1
v -2.13481379 0.89969945 -0.0848535076 1 1 1
v -1.64504468 1.15800619 -0.0484652966 1 1 1
v -2.12835574 0.90337795 0.00254445244 1 1 1
v -1.60348034 1.1109066 -0.0250800066 1 1 1
v -2.1074841 0.814728141 0.0501938686 1 1 1
v -2.74624443 0.841263056 -0.0531051978 1 1 1
v -2.75626159 0.805952728 0.00937680621 1 1 1
v -2.71114206 0.916228056 -0.0412574932 1 1 1
v -2.70847559 0.905290008 0.0336981267 1 1 1
v -2.73290205 0.846110761 0.0623731948 1 1 1
v -3.15698695 1.29798746 0.0203644652 1 1 1
v -3.1778295 1.28305113 0.0615762919 1 1 1
v -3.11692429 1.3255353 0.0285230093 1 1 1
v -3.11392593 1.32682955 0.0779504701 1 1 1
v -3.15214372 1.30028975 0.106196038 1 1 1
v -3.42739081 1.85476899 -0.00695425132 1 1 1
v -3.45219326 1.8498776 0.0227506123 1 1 1
v -3.39132333 1.86448348 -0.0028333161 1 1 1
v -3.39126849 1.86628032 0.0348283872 1 1 1
v -3.42363358 1.85858846 0.0499750972 1 1 1
v -3.45621657 2.4738946 -0.0182998218 1 1 1
v -3.46776485 2.47362328 0.00150503265 1 1 1
v -3.42016959 2.48731422 -0.0255656242 1 1 1
v -3.43256497 2.47540069 0.00961792562 1 1 1
v -3.4530313 2.4749732 0.0186922196 1 1 1
v -1.08209443 1.31705391 -0.152498037 1 1 1
v -1.10120058 1.37460387 -0.232478514 1 1 1
v -1.09445333 1.38290823 -0.237623602 1 1 1
v -1.06713188 1.30321205 -0.127822369 1 1 1
v -1.07794118 1.30836439 -0.139735505 1 1 1
v -1.23637509 1.43614817 -0.186609253 1 1 1
v -1.11011934 1.38101065 -0.233863905 1 1 1
v -1.20550406 1.4210217 -0.19858408 1 1 1
v -1.22426534 1.44262254 -0.0822337791 1 1 1
v -1.1898247 1.46808028 -0.0574183799 1 1 1
v -1.2411375 1.43201423 -0.170791879 1 1 1
v -1.23044419 1.43879473 -0.120465741 1 1 1
v -1.06326854 1.40046811 -0.0201283749 1 1 1
v -1.09518957 1.34815264 -0.052733317 1 1 1
v -1.09025276 1.34165323 -0.0643308088 1 1 1
v -1.63664126 3.71866393 -1.1396662 1 1 1
v -1.62657011 3.72037172 -1.13312864 1 1 1
v -1.6362493 3.72245193 -1.13001001 1 1 1
v -1.62988389 3.72342706 -1.12186956 1 1 1
v -1.64200294 3.72360706 -1.1214484 1 1 1
v -1.64617932 3.72066331 -1.13244736 1 1 1
v -1.60986042 2.34906197 -0.559559166 1 1 1
v -1.65274024 2.32684064 -0.578061283 1 1 1
v -1.65793574 1.85872757 -0.326262295 1 1 1
v -1.64251876 1.86487055 -0.318055958 1 1 1
v -1.63717389 1.87200308 -0.318400681 1 1 1
v -1.62875247 1.90558505 -0.333190262 1 1 1
v -1.59935832 1.92329991 -0.321371228 1 1 1
v -1.57566512 1.9348259 -0.310089111 1 1 1
v -1.58689189 2.74897408 -0.823724568 1 1 1
v -1.64694178 2.73355889 -0.857907295 1 1 1
v -1.62414467 2.38560724 -0.526361763 1 1 1
v -1.60812604 2.77949595 -0.763266504 1 1 1
v -1.67539763 2.40398026 -0.53711772 1 1 1
v -1.67809343 2.78287053 -0.760519624 1 1 1
v -1.69622338 2.36601496 -0.568516493 1 1 1
v -1.72008193 2.75256991 -0.825339735 1 1 1
v -1.60048771 3.22343421 -1.010041 1 1 1
v -1.64024401 3.21714544 -1.02883255 1 1 1
v -1.61186421 3.23920226 -0.964015305 1 1 1
v -1.66561973 3.24146795 -0.959184408 1 1 1
v -1.68354142 3.22475719 -1.00891042 1 1 1
v -1.61759365 3.71775746 -1.1358428 1 1 1
v -1.63712251 3.71568608 -1.1522634 1 1 1
v -1.62691724 3.71975207 -1.11693394 1 1 1
v -1.64632308 3.72244167 -1.1144923 1 1 1
v -1.6562531 3.718817 -1.13491762 1 1 1
v -1.59931552 2.00654984 -0.261283427 1 1 1
v -1.60319471 2.00989103 -0.245503739 1 1 1
v -1.57691681 1.94069648 -0.308901846 1 1 1
v -1.5904752 1.9806689 -0.279842913 1 1 1
v -1.63678622 2.0398581 -0.265850991 1 1 1
v -1.66486979 2.05741501 -0.277344853 1 1 1
v -1.70312905 2.08142805 -0.293072999 1 1 1
v -1.73259926 2.00719333 -0.339437693 1 1 1
v -1.73381662 1.99519968 -0.334688663 1 1 1
v -1.73667324 1.98066938 -0.333547145 1 1 1
v -1.71397984 2.06682515 -0.321104616 1 1 1
v -1.71551728 2.06226516 -0.322885841 1 1 1
v -1.66843545 1.86334825 -0.319337279 1 1 1
v -3.14375806 5.55588388 -0.530107737 1 1 1
v -3.13921595 5.55702066 -0.52710855 1 1 1
v -3.14347267 5.55579901 -0.525353253 1 1 1
v -3.14029384 5.55574179 -0.521806359 1 1 1
v -3.14550185 5.55381584 -0.521528482 1 1 1
v -3.14764261 5.5539031 -0.526658595 1 1 1
v -2.20215178 2.90045834 -0.383415639 1 1 1
v -2.17303705 2.9145937 -0.36304 1 1 1
v -2.38523865 3.447649 -0.462335646 1 1 1
v -2.39793301 3.43297863 -0.473749697 1 1 1
v -2.56449652 3.95958447 -0.566812694 1 1 1
v -2.58875585 3.94638991 -0.588947833 1 1 1
v -2.40548849 3.48343968 -0.445740372 1 1 1
v -2.57545733 3.96364832 -0.537685275 1 1 1
v -2.42443728 3.4767406 -0.445217669 1 1 1
v -2.60387349 3.95482922 -0.5375036 1 1 1
v -2.41558552 3.43741679 -0.46029985 1 1 1
v -2.60889935 3.94669771 -0.562913656 1 1 1
v -2.72707343 4.49757481 -0.684636235 1 1 1
v -2.75150585 4.4886446 -0.695893288 1 1 1
v -2.73510766 4.49651098 -0.654010773 1 1 1
v -2.76315045 4.48689365 -0.655707121 1 1 1
v -2.77527142 4.48140812 -0.682067156 1 1 1
v -2.93758464 5.02569628 -0.620340645 1 1 1
v -2.95250702 5.02304268 -0.639940083 1 1 1
v -2.94105029 5.02210951 -0.603881657 1 1 1
v -2.95675778 5.01628685 -0.603674173 1 1 1
v -2.96546841 5.01532221 -0.619487524 1 1 1
v -3.12963772 5.56384659 -0.53099066 1 1 1
v -3.14365315 5.55482769 -0.535452485 1 1 1
v -3.13228416 5.56121397 -0.509645402 1 1 1
v -3.14587045 5.54995012 -0.519504786 1 1 1
v -3.15350723 5.55115318 -0.528513908 1 1 1
v -2.23499608 3.04619932 -0.345021218 1 1 1
v -2.23612761 3.04626799 -0.341062367 1 1 1
v -2.2368207 3.04572105 -0.337722868 1 1 1
v -2.17374706 2.9145534 -0.360426456 1 1 1
v -2.22556448 3.03871942 -0.369925886 1 1 1
v -2.22680378 3.04044223 -0.365706205 1 1 1
v -2.22957897 3.04428601 -0.361509651 1 1 1
v -2.23297238 3.04607677 -0.352101594 1 1 1
v -2.25297642 3.04177523 -0.338958859 1 1 1
v -2.25723839 3.04015899 -0.338680267 1 1 1
v -2.25997806 3.03865361 -0.338448644 1 1 1
v -2.2659359 3.03537965 -0.337944835 1 1 1
v -2.26821423 3.03386164 -0.337722182 1 1 1
v -2.26951122 3.03299737 -0.337595433 1 1 1
v -2.27280164 3.03127646 -0.337327033 1 1 1
v -2.24231005 3.04508686 -0.338586241 1 1 1
v -2.24622512 3.04398704 -0.339187264 1 1 1
v -2.26931715 3.00103188 -0.351217687 1 1 1
v -2.2341311 2.90212369 -0.358439177 1 1 1
v -2.23107266 2.89325047 -0.359318435 1 1 1
v -2.27549601 3.02964282 -0.342099696 1 1 1
v -2.2764852 3.02418399 -0.347013205 1 1 1
v -2.27037358 3.00510621 -0.349995345 1 1 1
v -2.21784568 2.89524722 -0.369799644 1 1 1
v -2.23645353 2.92446423 -0.368027836 1 1 1
v 1.9261651 2.40070748 2.02525091 1 1 1
v 1.91173708 2.40250421 2.02712512 1 1 1
v 1.91767883 2.40192223 2.01609182 1 1 1
v 1.90531695 2.40163016 2.01397514 1 1 1
v 1.91577709 2.39929318 2.00397348 1 1 1
v 1.92866194 2.39872313 2.01094222 1 1 1
v 0.902422071 1.03164601 1.35495079 1 1 1
v 0.8765046 1.07347381 1.39015555 1 1 1
v 1.21198463 0.921500444 1.79822814 1 1 1
v 1.26432335 0.859907269 1.77213955 1 1 1
v 0.919985414 1.10998547 1.39553869 1 1 1
v 1.22526765 0.995073438 1.7539916 1 1 1
v 0.959399879 1.1021117 1.34816277 1 1 1
v 1.28676307 0.979497373 1.69942355 1 1 1
v 0.950013459 1.0530957 1.31966877 1 1 1
v 1.32423747 0.887145281 1.70190203 1 1 1
v 1.56077528 1.29402101 2.10387897 1 1 1
v 1.61514378 1.26247406 2.09033298 1 1 1
v 1.53996265 1.33119595 2.04438758 1 1 1
v 1.5928005 1.31227696 2.00053144 1 1 1
v 1.63804901 1.27066851 2.02960491 1 1 1
v 1.83742964 1.82127178 2.11708689 1 1 1
v 1.87702143 1.80936682 2.11205745 1 1 1
v 1.82157099 1.82465267 2.07943344 1 1 1
v 1.84923387 1.81554651 2.05063844 1 1 1
v 1.88450122 1.80580235 2.07183123 1 1 1
v 1.90486503 2.40528703 2.04009438 1 1 1
v 1.92779958 2.39398479 2.02853084 1 1 1
v 1.89410818 2.40073705 2.012146 1 1 1
v 1.91421568 2.39472246 1.99628878 1 1 1
v 1.93402255 2.39297223 2.00871158 1 1 1
v 0.519246161 1.1650995 0.996396124 1 1 1
v 0.474421471 1.22658825 1.01023352 1 1 1
v 0.47162655 1.23076355 1.01190448 1 1 1
v 0.518847048 1.14010715 0.93783921 1 1 1
v 0.519672573 1.1534164 0.96998316 1 1 1
v 0.618769646 1.26928318 1.08984482 1 1 1
v 0.477184892 1.23036277 1.01598775 1 1 1
v 0.519874215 1.22433281 1.04868698 1 1 1
v 0.574725628 1.23662007 1.07887447 1 1 1
v 0.583355665 1.24094343 1.08223283 1 1 1
v 0.655539215 1.25822437 1.05639923 1 1 1
v 0.6642676 1.25411737 1.05412972 1 1 1
v 0.680196822 1.26460969 0.983917356 1 1 1
v 0.680837572 1.26586831 0.978020012 1 1 1
v 0.632618487 1.20973182 0.902519763 1 1 1
v 0.6139943 1.19148028 0.873659551 1 1 1
v 0.677277923 1.25996637 0.972374856 1 1 1
v 0.6555112 1.23053598 0.937774956 1 1 1
v 0.58428514 1.15558457 0.922078371 1 1 1
v 0.576319516 1.14857626 0.931415498 1 1 1
v 0.614937246 1.18839002 0.878116131 1 1 1
v 0.485192865 3.08243656 1.94861627 1 1 1
v 0.493577063 3.08674383 1.94128478 1 1 1
v 0.495149553 3.08327079 1.95076764 1 1 1
v 0.504226923 3.08486533 1.94634938 1 1 1
v 0.502424657 3.07939672 1.95681131 1 1 1
v 0.490660906 3.07789564 1.95821214 1 1 1
v 0.569574356 2.03180146 1.40382123 1 1 1
v 0.599589467 2.05814195 1.38187265 1 1 1
v 0.524514139 2.55969715 1.63640571 1 1 1
v 0.484096795 2.54188895 1.66588104 1 1 1
v 0.631497383 2.08229065 1.41503644 1 1 1
v 0.574115813 2.55307817 1.6548754 1 1 1
v 0.622781932 2.06613255 1.45552051 1 1 1
v 0.561049044 2.52800322 1.69990158 1 1 1
v 0.587552011 2.02440834 1.44550788 1 1 1
v 0.50843662 2.51825666 1.71323037 1 1 1
v 0.492702127 3.0865798 1.93375933 1 1 1
v 0.479873002 3.07879043 1.94579458 1 1 1
v 0.509422719 3.0825088 1.94227457 1 1 1
v 0.506580651 3.074018 1.9584043 1 1 1
v 0.489559591 3.07137299 1.95810866 1 1 1
v 0.655830562 1.55625296 1.08839929 1 1 1
v 0.672771931 1.55877888 1.07222772 1 1 1
v 0.60705924 1.50276697 1.12202311 1 1 1
v 0.6348809 1.54515398 1.1063422 1 1 1
v 0.707341969 1.61857498 1.13264143 1 1 1
v 0.729502559 1.65181005 1.1678772 1 1 1
v 0.721638739 1.65875423 1.20263612 1 1 1
v 0.718938291 1.6530422 1.21664584 1 1 1
v 0.710100889 1.64028192 1.25886977 1 1 1
v 0.711029351 1.62982833 1.26163626 1 1 1
v 0.649415195 1.48144269 1.2094599 1 1 1
v 0.698650777 1.60047722 1.25069892 1 1 1
v 0.635666847 1.49386585 1.1884774 1 1 1
v 0.616551399 1.51486886 1.16138756 1 1 1
v 0.607367158 1.50306451 1.12319064 1 1 1
v 1.50993359 3.05654168 1.78888512 1 1 1
v 1.5049423 3.05290532 1.79522085 1 1 1
v 1.50238252 3.05595422 1.78877699 1 1 1
v 1.49663758 3.05240774 1.79221082 1 1 1
v 1.49649632 3.05573654 1.7840147 1 1 1
v 1.50471365 3.0582912 1.78195918 1 1 1
v 1.2873168 2.12172222 1.43867671 1 1 1
v 1.27308881 2.12243462 1.46593726 1 1 1
v 1.62585235 2.50088954 1.59242952 1 1 1
v 1.64557791 2.50829482 1.56390607 1 1 1
v 1.29486167 2.1651473 1.47248101 1 1 1
v 1.58703482 2.50760794 1.58695531 1 1 1
v 1.29809308 2.17904043 1.44278562 1 1 1
v 1.58075798 2.5235002 1.54381788 1 1 1
v 1.28729701 2.14742255 1.42132103 1 1 1
v 1.62514317 2.51953673 1.53851891 1 1 1
v 1.50717008 3.04840541 1.79848468 1 1 1
v 1.51688254 3.05570292 1.78842175 1 1 1
v 1.49312949 3.04762697 1.79365408 1 1 1
v 1.49485946 3.05187368 1.78050256 1 1 1
v 1.50677371 3.05727768 1.77647257 1 1 1
v 0.953825951 1.73614776 1.36509097 1 1 1
v 0.884324253 1.70198035 1.36016166 1 1 1
v 0.943303227 1.70873594 1.30354249 1 1 1
v 0.959335148 1.73809636 1.36339748 1 1 1
v 1.02123022 1.85150576 1.3942461 1 1 1
v 0.987588882 1.80289674 1.38494742 1 1 1
v 1.01820123 1.84595549 1.39331818 1 1 1
v 1.03140688 1.87016213 1.36418736 1 1 1
v 1.0538758 1.88505197 1.36032772 1 1 1
v 1.02945495 1.88009191 1.33352292 1 1 1
v 1.01779687 1.86667597 1.32444036 1 1 1
v 0.965732574 1.80050051 1.28340042 1 1 1
v 0.938634872 1.76939166 1.26530266 1 1 1
v 0.957419276 1.72599375 1.30133533 1 1 1
v 0.948107779 1.71754074 1.30112207 1 1 1
v 0.944316149 1.76759708 1.27021158 1 1 1
v 0.944188476 1.76147783 1.27398205 1 1 1
v 0.526830614 2.10777473 -0.637982249 1 1 1
v 0.523284256 2.10994506 -0.626156092 1 1 1
v 0.517615497 2.11235094 -0.634941399 1 1 1
v 0.511389136 2.11389661 -0.626342118 1 1 1
v 0.507583857 2.11416888 -0.638283193 1 1 1
v 0.517127275 2.11038542 -0.645477176 1 1 1
v 0.38597101 1.675825 -0.601689398 1 1 1
v 0.371212959 1.67180109 -0.564841211 1 1 1
v 0.529537261 2.10804033 -0.616876483 1 1 1
v 0.53301841 2.10248971 -0.640074551 1 1 1
v 0.337444723 1.69085848 -0.565224946 1 1 1
v 0.50314796 2.12107301 -0.613156736 1 1 1
v 0.336308271 1.71001387 -0.603691578 1 1 1
v 0.50085032 2.11188221 -0.639885306 1 1 1
v 0.371003658 1.71560991 -0.625745356 1 1 1
v 0.516453445 2.10789633 -0.65474689 1 1 1
v 0.256928831 1.23086452 -0.529589415 1 1 1
v 0.237965181 1.217623 -0.48805818 1 1 1
v 0.231898844 1.21248066 -0.475573927 1 1 1
v 0.268648922 1.21339929 -0.576096475 1 1 1
v 0.261633158 1.21957529 -0.552774906 1 1 1
v 0.212148666 1.2482326 -0.480427653 1 1 1
v 0.196396679 1.25051308 -0.480105132 1 1 1
v 0.154256642 1.26515579 -0.480607092 1 1 1
v 0.139109671 1.26054633 -0.479210168 1 1 1
v 0.137787163 1.29154217 -0.530804336 1 1 1
v 0.135934308 1.32170486 -0.583910823 1 1 1
v 0.228533521 1.36478317 -0.632877648 1 1 1
v 0.245281771 1.3687042 -0.642853498 1 1 1
v 0.140239462 1.32546282 -0.585671961 1 1 1
v 0.195212632 1.35588253 -0.613291264 1 1 1
v 0.201294333 1.35677969 -0.617038608 1 1 1
v 0.27232793 1.28197443 -0.597073913 1 1 1
v 0.270482033 1.25929654 -0.590565205 1 1 1
v 0.253664166 1.36278212 -0.636209011 1 1 1
v 0.253949732 1.36256182 -0.635977268 1 1 1
v 0.256100029 1.35577857 -0.632751226 1 1 1
v -0.164605781 2.13233304 -1.80301833 1 1 1
v -0.155519277 2.13503838 -1.79994285 1 1 1
v -0.162813798 2.13638616 -1.79572749 1 1 1
v -0.156303823 2.13838553 -1.79058743 1 1 1
v -0.165875241 2.13774872 -1.78788102 1 1 1
v -0.171006128 2.13400793 -1.7955637 1 1 1
v 0.0653527975 1.4650439 -1.19639456 1 1 1
v 0.0900502503 1.48745215 -1.21169937 1 1 1
v -0.0467071235 1.64742029 -1.6351608 1 1 1
v -0.0862854496 1.62748051 -1.64499605 1 1 1
v 0.0764521956 1.51801312 -1.21370709 1 1 1
v -0.0451040529 1.6797303 -1.59336364 1 1 1
v 0.0478056297 1.51213264 -1.18289101 1 1 1
v -0.0917729363 1.66541684 -1.59151959 1 1 1
v 0.0398968384 1.48116505 -1.17790186 1 1 1
v -0.109344169 1.64267075 -1.61454308 1 1 1
v -0.147889048 2.13332105 -1.80423236 1 1 1
v -0.167539448 2.12854314 -1.8142724 1 1 1
v -0.152545527 2.1357379 -1.78677142 1 1 1
v -0.168127537 2.13727117 -1.78084362 1 1 1
v -0.180448517 2.13159227 -1.79551673 1 1 1
v 0.265103102 1.31933165 -0.801535249 1 1 1
v 0.217749521 1.26407826 -0.750980973 1 1 1
v 0.214291662 1.38866043 -0.868826568 1 1 1
v 0.213056907 1.39273751 -0.866874397 1 1 1
v 0.240831628 1.34850538 -0.83815521 1 1 1
v 0.234763712 1.35091603 -0.855524719 1 1 1
v 0.166646391 1.38393593 -0.748435378 1 1 1
v 0.205303997 1.39231062 -0.848969221 1 1 1
v 0.178749353 1.38723969 -0.789510787 1 1 1
v 0.173954025 1.38631058 -0.779667914 1 1 1
v 0.161128342 1.35400379 -0.742290795 1 1 1
v 0.155773059 1.30481291 -0.717778623 1 1 1
v 0.161690816 1.36001909 -0.745634019 1 1 1
v 0.16691196 1.2957294 -0.73980552 1 1 1
v 0.168098643 1.29478455 -0.742326975 1 1 1
v 0.210262626 1.26782918 -0.759323299 1 1 1
v 0.211517274 1.26739073 -0.755839348 1 1 1
v 0.835215271 2.58537102 -1.45343137 1 1 1
v 0.838363469 2.58657169 -1.44730484 1 1 1
v 0.833185375 2.58897972 -1.44910586 1 1 1
v 0.833985209 2.59028959 -1.44331813 1 1 1
v 0.828131139 2.5913868 -1.4469806 1 1 1
v 0.828891277 2.58834672 -1.45323098 1 1 1
v 0.494358152 1.86214519 -1.13491118 1 1 1
v 0.493174016 1.84527135 -1.09963095 1 1 1
v 0.677004576 2.18944645 -1.2737844 1 1 1
v 0.663582921 2.18531752 -1.29891586 1 1 1
v 0.479705423 1.86099398 -1.08790016 1 1 1
v 0.658356726 2.20452332 -1.25732577 1 1 1
v 0.467582166 1.88022447 -1.11076903 1 1 1
v 0.629931927 2.21211195 -1.27079654 1 1 1
v 0.47809574 1.88464522 -1.14520395 1 1 1
v 0.630385518 2.19753361 -1.30677426 1 1 1
v 0.850373924 2.58462262 -1.44489384 1 1 1
v 0.833475769 2.58058524 -1.45208442 1 1 1
v 0.835425556 2.59281039 -1.43529093 1 1 1
v 0.822836995 2.59237027 -1.44445217 1 1 1
v 0.825024068 2.58560514 -1.45492017 1 1 1
v 0.342579961 1.53334594 -0.995893776 1 1 1
v 0.321627885 1.46850002 -0.901927769 1 1 1
v 0.312301874 1.4974227 -0.895069778 1 1 1
v 0.305333614 1.50896478 -0.889084458 1 1 1
v 0.299708813 1.5139569 -0.883874655 1 1 1
v 0.315437019 1.47259021 -0.896044374 1 1 1
v 0.298632234 1.53880584 -0.908451915 1 1 1
v 0.284707427 1.56025183 -0.93543148 1 1 1
v 0.282595485 1.56314635 -0.939175487 1 1 1
v 0.319539964 1.59909129 -1.02615941 1 1 1
v 0.320057184 1.59867823 -1.02836132 1 1 1
v 0.285874963 1.56767869 -0.946685255 1 1 1
v 0.314709693 1.60222125 -1.0064925 1 1 1
v 0.315776855 1.60286856 -1.0091877 1 1 1
v 0.319452703 1.60411835 -1.01967883 1 1 1
v 0.323272109 1.5950886 -1.02598965 1 1 1
v 0.325814962 1.59320343 -1.02476728 1 1 1
v 0.326553911 1.587358 -1.02078331 1 1 1
v 0.326508135 1.58471715 -1.01897323 1 1 1
v -1.43003118 0.787385523 -0.136489272 1 1 1
v -1.41997957 0.789847672 -0.14265117 1 1 1
v -1.42167294 0.792111456 -0.132737875 1 1 1
v -1.41176045 0.793969989 -0.134871677 1 1 1
v -1.41673243 0.794055521 -0.12390174 1 1 1
v -1.42802429 0.789986134 -0.124901459 1 1 1
v -0.869316876 0.234347522 0.126991019 1 1 1
v -0.840519845 0.259351194 0.101923846 1 1 1
v -1.25319743 0.314654857 -0.0909263864 1 1 1
v -1.28935778 0.293784648 -0.0688485876 1 1 1
v -0.855120718 0.292345703 0.109335631 1 1 1
v -1.22913754 0.344766021 -0.0661218762 1 1 1
v -0.888548374 0.288859189 0.140011325 1 1 1
v -1.24802744 0.344308406 -0.0279686879 1 1 1
v -0.904704869 0.252018154 0.148023337 1 1 1
v -1.28561532 0.315197498 -0.0235728193 1 1 1
v -1.41797709 0.785734832 -0.14876239 1 1 1
v -1.4335053 0.781389773 -0.138017729 1 1 1
v -1.40515196 0.791570842 -0.13548772 1 1 1
v -1.41287076 0.79163605 -0.118552387 1 1 1
v -1.42828941 0.784226656 -0.121576108 1 1 1
v -0.396208882 0.185316384 0.271862477 1 1 1
v -0.384444445 0.196056917 0.262295097 1 1 1
v -0.442685038 0.132236332 0.326865464 1 1 1
v -0.414745271 0.162723482 0.296802282 1 1 1
v -0.462277204 0.276406765 0.261529207 1 1 1
v -0.425581425 0.231975317 0.259941667 1 1 1
v -0.428443849 0.233538985 0.259499252 1 1 1
v -0.492034048 0.272640258 0.278324217 1 1 1
v -0.546340525 0.26676473 0.330655009 1 1 1
v -0.488236666 0.273059666 0.274734378 1 1 1
v -0.574422479 0.186264902 0.34290126 1 1 1
v -0.57533884 0.16966863 0.348663777 1 1 1
v -0.569235861 0.200891539 0.340418488 1 1 1
v -0.490555763 0.14024429 0.328577667 1 1 1
v -0.460364729 0.136283085 0.328892529 1 1 1
v -0.540934026 0.15426378 0.337539762 1 1 1
v -0.526469111 0.15135166 0.336391926 1 1 1
v -1.03556919 0.687565625 1.7044332 1 1 1
v -1.04094076 0.690365314 1.69763148 1 1 1
v -1.03358376 0.692640007 1.69885588 1 1 1
v -1.03587532 0.695303679 1.69189489 1 1 1
v -1.02737308 0.695556104 1.69515121 1 1 1
v -1.02718389 0.690773606 1.70290029 1 1 1
v -0.768311143 0.154261649 0.941765606 1 1 1
v -0.732708931 0.142582685 0.919897377 1 1 1
v -0.544841528 0.0544962287 0.392674834 1 1 1
v -0.602139175 0.0964913219 0.377448082 1 1 1
v -0.607689023 0.0940693319 0.392768532 1 1 1
v -0.602738798 0.0904013067 0.394187242 1 1 1
v -0.599262953 0.0883118808 0.393925309 1 1 1
v -0.590573549 0.0800282583 0.401190341 1 1 1
v -0.577982426 0.0695327446 0.407815725 1 1 1
v -0.577159882 0.0685672164 0.40897283 1 1 1
v -0.590706706 0.0608718358 0.450984687 1 1 1
v -0.590756595 0.0608060546 0.451236308 1 1 1
v -0.590973437 0.0607954338 0.451617509 1 1 1
v -0.622772932 0.0654808655 0.491359204 1 1 1
v -0.640032411 0.0735165253 0.498714507 1 1 1
v -0.650569737 0.0753559172 0.511141419 1 1 1
v -0.492611557 0.096876204 0.420141816 1 1 1
v -0.704588413 0.160314843 0.922875047 1 1 1
v -0.934511602 0.215951294 1.40221119 1 1 1
v -0.91309458 0.201258257 1.42227387 1 1 1
v -0.755454421 0.183156997 0.93381238 1 1 1
v -0.918918252 0.242374808 1.38574946 1 1 1
v -0.717312515 0.187795192 0.925867438 1 1 1
v -0.879738033 0.248160943 1.3954798 1 1 1
v -0.87572068 0.21400553 1.42559361 1 1 1
v -1.05395961 0.689121187 1.6972127 1 1 1
v -1.0347234 0.682052612 1.70265198 1 1 1
v -1.03870964 0.698789001 1.68374109 1 1 1
v -1.02190053 0.696371198 1.69117522 1 1 1
v -1.0226655 0.687062323 1.70370662 1 1 1
v -0.622733533 0.137675062 0.488429904 1 1 1
v -0.617275774 0.148196563 0.481866986 1 1 1
v -0.648003697 0.0856463686 0.514933586 1 1 1
v -0.599053681 0.109028146 0.380760729 1 1 1
v -0.558455229 0.155635849 0.463692516 1 1 1
v -0.529469252 0.159548312 0.451302588 1 1 1
v -0.61356169 0.148527816 0.482865363 1 1 1
v -0.576997042 0.151630238 0.480960757 1 1 1
v -0.508127272 0.133824438 0.425395548 1 1 1
v -0.503950298 0.127780557 0.420934379 1 1 1
v -0.521375299 0.142313555 0.447882116 1 1 1
v 0.891653359 6.70660543 -0.695461392 1 1 1
v 0.88597405 6.70709038 -0.687220573 1 1 1
v 0.883267105 6.70839453 -0.695254266 1 1 1
v 0.876423538 6.70805836 -0.690094054 1 1 1
v 0.876200438 6.70817184 -0.700111151 1 1 1
v 0.885613024 6.70727396 -0.703428328 1 1 1
v 0.296731442 4.5647459 -0.733881235 1 1 1
v 0.279875278 4.58406115 -0.768409491 1 1 1
v -0.0558160543 4.09838104 -0.802782595 1 1 1
v -0.0383084044 4.0855689 -0.77489382 1 1 1
v -0.0118374005 4.08490705 -0.747056663 1 1 1
v -0.0131011726 4.07197618 -0.738457799 1 1 1
v 0.284610361 4.58759928 -0.697105527 1 1 1
v 0.60851723 5.02876282 -0.675165415 1 1 1
v 0.63554132 5.01534891 -0.731552243 1 1 1
v 0.268464684 4.63775587 -0.708299518 1 1 1
v 0.544130683 5.06262541 -0.689084947 1 1 1
v 0.27282396 4.64134979 -0.752201557 1 1 1
v 0.554690778 5.05776024 -0.757839561 1 1 1
v 0.605761766 5.03176737 -0.784772635 1 1 1
v 0.799470186 5.56434298 -0.682128072 1 1 1
v 0.829023957 5.5591116 -0.723174751 1 1 1
v 0.754855752 5.57431507 -0.698009253 1 1 1
v 0.746145904 5.57779408 -0.749857783 1 1 1
v 0.802724421 5.56660271 -0.778912306 1 1 1
v 0.836990237 6.13475323 -0.671278238 1 1 1
v 0.858771384 6.13362074 -0.701225877 1 1 1
v 0.804770887 6.13772583 -0.683636963 1 1 1
v 0.803204954 6.13866758 -0.716920853 1 1 1
v 0.834608197 6.13616228 -0.72634238 1 1 1
v 0.88954109 6.70655298 -0.676950574 1 1 1
v 0.89642787 6.70239782 -0.695615232 1 1 1
v 0.873378813 6.70337009 -0.688178837 1 1 1
v 0.871396601 6.7051158 -0.703241408 1 1 1
v 0.887021244 6.70398903 -0.709216475 1 1 1
v -0.0147280488 4.12268543 -0.692497134 1 1 1
v -0.0226944406 4.12314701 -0.682592154 1 1 1
v -0.0352719277 4.119133 -0.671075761 1 1 1
v -0.0134467585 4.07437706 -0.736002922 1 1 1
v -0.0277132671 4.25921535 -0.694765627 1 1 1
v -0.0277063008 4.25944901 -0.694806039 1 1 1
v -0.00790600013 4.29077864 -0.770917892 1 1 1
v -0.0117347883 4.28582144 -0.774257541 1 1 1
v -0.0127951456 4.28118753 -0.716411054 1 1 1
v -0.0117533803 4.28414392 -0.744169176 1 1 1
v -0.0490926318 4.14571571 -0.794195473 1 1 1
v -0.0719073415 4.11018372 -0.795566678 1 1 1
v -0.032478679 4.20713615 -0.785306573 1 1 1
v -0.24431099 7.98308325 -1.6483829 1 1 1
v -0.251581371 7.98315716 -1.64782727 1 1 1
v -0.248333663 7.98194885 -1.65302277 1 1 1
v -0.254345089 7.9806366 -1.65408742 1 1 1
v -0.248782724 7.97900534 -1.6585114 1 1 1
v -0.242581382 7.98051739 -1.6549859 1 1 1
v -0.121006429 5.37718916 -1.04948497 1 1 1
v -0.143232048 5.37997246 -1.0257659 1 1 1
v -0.13899529 4.8195591 -0.871044278 1 1 1
v -0.121113703 4.81615925 -0.886558414 1 1 1
v -0.118208528 4.82848692 -0.894492328 1 1 1
v -0.112671524 4.81455421 -0.893882871 1 1 1
v -0.0978417322 4.81173468 -0.906749249 1 1 1
v -0.0991711766 5.45060921 -1.05581212 1 1 1
v -0.0956992209 4.81233263 -0.905602872 1 1 1
v -0.09010382 4.91943932 -0.935302436 1 1 1
v -0.0652316064 5.04678535 -0.959290802 1 1 1
v -0.113347009 5.50697422 -1.0422703 1 1 1
v -0.137115955 5.44724417 -1.01938522 1 1 1
v -0.155310899 5.88182449 -1.12651062 1 1 1
v -0.11384137 5.88022995 -1.12731767 1 1 1
v -0.175810471 5.87589836 -1.16314924 1 1 1
v -0.143780753 5.86643982 -1.20961261 1 1 1
v -0.0970996171 5.87148762 -1.17220259 1 1 1
v -0.124994159 6.42059278 -1.20144975 1 1 1
v -0.0782691836 6.42023849 -1.20068908 1 1 1
v -0.137023225 6.41536188 -1.23912585 1 1 1
v -0.109577127 6.41159964 -1.26363599 1 1 1
v -0.0731864125 6.41362524 -1.24668515 1 1 1
v -0.138011917 6.95835495 -1.28648329 1 1 1
v -0.107720286 6.96210527 -1.28684354 1 1 1
v -0.14938125 6.95174122 -1.31150937 1 1 1
v -0.129727021 6.94701672 -1.34699249 1 1 1
v -0.101410307 6.95644379 -1.31784081 1 1 1
v -0.253287137 7.4759798 -1.42719424 1 1 1
v -0.226733908 7.4750638 -1.43894291 1 1 1
v -0.253965139 7.46662045 -1.45428109 1 1 1
v -0.23916474 7.46493053 -1.46447003 1 1 1
v -0.218315318 7.46909952 -1.45977008 1 1 1
v -0.253169417 7.9805541 -1.64391828 1 1 1
v -0.237065345 7.98752213 -1.64090371 1 1 1
v -0.269082546 7.98248529 -1.65866172 1 1 1
v -0.249610722 7.97595453 -1.6689043 1 1 1
v -0.239344433 7.97669744 -1.65487695 1 1 1
v -0.140537411 5.0844264 -0.90409714 1 1 1
v -0.136573881 5.02020407 -0.882993996 1 1 1
v -0.103259489 5.24981546 -0.966566443 1 1 1
v -0.14742516 5.08186102 -0.915284812 1 1 1
v -0.152176365 5.08731508 -0.928867936 1 1 1
v -0.152217537 5.08689833 -0.928973675 1 1 1
v -0.152011737 5.07860327 -0.928177595 1 1 1
v -0.137409791 4.82087374 -0.867588401 1 1 1
v -0.0672891885 5.06248617 -0.962399006 1 1 1
v -0.0750941858 5.14870262 -0.98758173 1 1 1
v -0.0760188028 5.16515255 -0.99369818 1 1 1
v -0.0853838995 5.22332478 -1.00116801 1 1 1
v -0.0886348039 5.22758579 -0.995757163 1 1 1
v -0.100694858 5.27525711 -0.991691351 1 1 1
v -0.103073619 5.27299261 -0.985028088 1 1 1
v -1.01171935 3.03826928 0.533617914 1 1 1
v -1.01144993 3.03487301 0.519725323 1 1 1
v -1.00216377 3.03967118 0.526096404 1 1 1
v -0.998003066 3.03634596 0.51507467 1 1 1
v -0.989961922 3.04065275 0.526093066 1 1 1
v -0.998439074 3.04184151 0.53755343 1 1 1
v -0.60136646 2.11037111 0.502148628 1 1 1
v -0.59465158 2.06197 0.564320385 1 1 1
v -0.204849631 1.70436394 0.383571923 1 1 1
v -0.220015213 1.71796644 0.348044008 1 1 1
v -0.237793177 1.72644043 0.350488544 1 1 1
v -0.289065629 1.75858212 0.312084675 1 1 1
v -0.289975405 1.75922239 0.31099087 1 1 1
v -0.290283889 1.75942457 0.310708135 1 1 1
v -0.290468931 1.7609992 0.301961362 1 1 1
v -0.151437014 1.89503324 0.362854034 1 1 1
v -0.14367868 1.79694641 0.436737359 1 1 1
v -0.643912852 1.96321046 0.676570654 1 1 1
v -0.559475482 2.1256125 0.551171303 1 1 1
v -0.928605378 2.46571279 0.640228152 1 1 1
v -0.928477347 2.4699347 0.694990396 1 1 1
v -0.591739893 2.15280247 0.502084553 1 1 1
v -0.88052845 2.47920251 0.624096513 1 1 1
v -0.850812256 2.49140334 0.663176 1 1 1
v -0.876111448 2.48799491 0.715368211 1 1 1
v -1.01848531 3.0295229 0.515096068 1 1 1
v -1.01729405 3.03451014 0.539160669 1 1 1
v -0.995145798 3.03053284 0.510701478 1 1 1
v -0.980129898 3.03977275 0.526512325 1 1 1
v -0.993807316 3.04966164 0.553512514 1 1 1
v -0.32558918 1.89602363 0.33092168 1 1 1
v -0.294179738 1.77818584 0.305060089 1 1 1
v -0.326139033 1.89725268 0.334207505 1 1 1
v -0.334561557 1.90436518 0.352034152 1 1 1
v -0.306975484 1.91472769 0.38567844 1 1 1
v -0.291927457 1.91738474 0.395750493 1 1 1
v -0.246406436 1.91293943 0.392619431 1 1 1
v -0.228788257 1.91192424 0.393306255 1 1 1
v -0.182048902 1.89616311 0.359954655 1 1 1
v -0.171012148 1.89186966 0.350540221 1 1 1
v -0.165300131 1.88831627 0.342084795 1 1 1
v -1.083426 3.77146888 1.00082099 1 1 1
v -1.08607185 3.77104187 0.993094146 1 1 1
v -1.07970893 3.77314305 0.995127559 1 1 1
v -1.07970095 3.77243996 0.988160133 1 1 1
v -1.07311749 3.77373123 0.992837727 1 1 1
v -1.07541978 3.77313113 1.00066245 1 1 1
v -0.722132802 2.82299519 0.707224965 1 1 1
v -0.708429813 2.79546356 0.745113969 1 1 1
v -0.433883995 2.40233088 0.442142338 1 1 1
v -0.435035884 2.40313077 0.440439224 1 1 1
v -0.451523423 2.41651106 0.43254891 1 1 1
v -0.459736854 2.42273688 0.424864739 1 1 1
v -0.479895264 2.4382453 0.407953322 1 1 1
v -0.387222707 2.48819256 0.409690529 1 1 1
v -0.384510577 2.4411366 0.452448428 1 1 1
v -0.695830286 2.74872351 0.817611814 1 1 1
v -0.678272069 2.8302269 0.724105418 1 1 1
v -0.991788685 3.21217155 0.977957368 1 1 1
v -0.981872082 3.20780492 1.01347673 1 1 1
v -0.708417356 2.84610009 0.697874963 1 1 1
v -0.966992557 3.22573042 0.954707742 1 1 1
v -0.921617925 3.23789096 0.971244395 1 1 1
v -0.941651523 3.22077513 1.01666701 1 1 1
v -1.08990037 3.76705599 0.991671562 1 1 1
v -1.08656883 3.76859236 1.00603938 1 1 1
v -1.07920885 3.76956296 0.98312366 1 1 1
v -1.06958473 3.77002454 0.991836131 1 1 1
v -1.07200444 3.77050877 1.00434363 1 1 1
v -0.475286007 2.4786253 0.410031676 1 1 1
v -0.466272086 2.5054481 0.405461729 1 1 1
v -0.476676136 2.46305585 0.408838868 1 1 1
v -0.451508969 2.50466418 0.409613043 1 1 1
v -0.440991819 2.503263 0.411705643 1 1 1
v -0.405584395 2.48681545 0.399888575 1 1 1
v -0.401373595 2.485497 0.399508506 1 1 1
v -0.290734529 3.6844933 -0.0632423237 1 1 1
v -0.285821795 3.68339348 -0.0604184493 1 1 1
v -0.289978594 3.68515515 -0.0584006831 1 1 1
v -0.286851913 3.68394542 -0.0547656156 1 1 1
v -0.292401254 3.68538594 -0.0540959984 1 1 1
v -0.294800818 3.6857245 -0.0593349263 1 1 1
v -0.480392754 2.68598986 0.339405447 1 1 1
v -0.519141495 2.69604897 0.344081104 1 1 1
v -0.402332127 3.19113684 0.134954318 1 1 1
v -0.388535678 3.18461275 0.135969475 1 1 1
v -0.398793787 3.18839359 0.108197749 1 1 1
v -0.386723667 3.18033075 0.121120855 1 1 1
v -0.283045381 3.67988586 -0.0619302765 1 1 1
v -0.291818649 3.68284321 -0.0686767325 1 1 1
v -0.284694254 3.68099403 -0.0516024195 1 1 1
v -0.294285595 3.68198538 -0.0521498471 1 1 1
v -0.40736562 3.20190001 0.11191681 1 1 1
v -0.299106538 3.68399835 -0.0599630922 1 1 1
v -0.501603842 2.68450379 0.275594801 1 1 1
v -0.488181442 2.67689776 0.289016604 1 1 1
v -0.476519704 2.66843081 0.302246779 1 1 1
v -0.509267211 2.68850088 0.268430352 1 1 1
v -0.478457808 2.67546058 0.320292592 1 1 1
v -0.47900334 2.67333984 0.323157072 1 1 1
v -0.476457208 2.67298961 0.304704726 1 1 1
v -0.52353698 2.69222212 0.338111073 1 1 1
v -0.521307468 2.70597601 0.327435225 1 1 1
v -0.514655471 2.73025346 0.314889014 1 1 1
v -0.514223695 2.74114704 0.303409517 1 1 1
v -0.518786669 2.75098777 0.281187266 1 1 1
v -0.522673547 2.74900246 0.274285287 1 1 1
v -0.529229999 2.74407148 0.264478564 1 1 1
v -0.522106767 2.72522688 0.266034484 1 1 1
v -1.7756505 7.00208426 -1.52941144 1 1 1
v -1.76417518 7.0022006 -1.52638841 1 1 1
v -1.77201426 7.00241804 -1.51993334 1 1 1
v -1.76347792 7.00107527 -1.51459503 1 1 1
v -1.77452254 7.00026321 -1.51032913 1 1 1
v -1.78204572 7.00088692 -1.51948655 1 1 1
v -1.49190688 3.92397571 -0.691782117 1 1 1
v -1.52518702 3.94373941 -0.653706908 1 1 1
v -1.38868403 3.53514743 -0.266412914 1 1 1
v -1.38449848 3.53201628 -0.270574957 1 1 1
v -1.39360344 3.54670453 -0.288325012 1 1 1
v -1.39364254 3.55069757 -0.301773131 1 1 1
v -1.35716558 3.52617764 -0.347465008 1 1 1
v -1.35431468 3.52785921 -0.363279372 1 1 1
v -1.34239614 3.51588106 -0.364711314 1 1 1
v -1.44695783 3.95065045 -0.694630444 1 1 1
v -1.57599795 4.30768204 -1.03755617 1 1 1
v -1.65308642 4.28563213 -1.05407965 1 1 1
v -1.4593761 3.99985886 -0.677502751 1 1 1
v -1.57651854 4.3430438 -0.966777325 1 1 1
v -1.51241934 4.0073638 -0.667151213 1 1 1
v -1.64858401 4.34490013 -0.937489867 1 1 1
v -1.70773792 4.30847073 -0.98948139 1 1 1
v -1.61720824 4.82702065 -1.22642612 1 1 1
v -1.68502486 4.81930113 -1.23641098 1 1 1
v -1.61087072 4.85290241 -1.15485907 1 1 1
v -1.68518126 4.85858822 -1.12656331 1 1 1
v -1.73366225 4.83478689 -1.18542564 1 1 1
v -1.65723157 5.35563898 -1.39346671 1 1 1
v -1.70839179 5.34799147 -1.41064095 1 1 1
v -1.65369809 5.37109947 -1.34341645 1 1 1
v -1.70522058 5.37569427 -1.32036173 1 1 1
v -1.74844086 5.36033344 -1.36421525 1 1 1
v -1.68865371 5.89372253 -1.53548622 1 1 1
v -1.73124862 5.88943529 -1.54532325 1 1 1
v -1.67872679 5.90382624 -1.48641324 1 1 1
v -1.72901392 5.90327168 -1.47386658 1 1 1
v -1.75504911 5.89490271 -1.50975895 1 1 1
v -1.72632325 6.44749355 -1.59523427 1 1 1
v -1.76195478 6.44562626 -1.59985876 1 1 1
v -1.7236526 6.44794512 -1.55578303 1 1 1
v -1.76100671 6.44626951 -1.54052424 1 1 1
v -1.7753135 6.44511747 -1.57293689 1 1 1
v -1.75442708 7.00350189 -1.53431404 1 1 1
v -1.77725542 6.99776506 -1.5343895 1 1 1
v -1.75817096 6.99703836 -1.51166451 1 1 1
v -1.77538049 6.99467707 -1.50685871 1 1 1
v -1.79181194 6.99891043 -1.5191015 1 1 1
v -1.30966437 3.55589461 -0.384386212 1 1 1
v -1.29766905 3.56319642 -0.38477239 1 1 1
v -1.26055062 3.57108474 -0.371680707 1 1 1
v -1.30160868 3.69837737 -0.381452173 1 1 1
v -1.29031634 3.66771221 -0.373216689 1 1 1
v -1.41653013 3.74095678 -0.399905115 1 1 1
v -1.35695982 3.73207927 -0.408851027 1 1 1
v -1.36610782 3.73782158 -0.414380163 1 1 1
v -1.38661087 3.53859568 -0.264765203 1 1 1
v -1.41675043 3.72789407 -0.39577055 1 1 1
v -1.41855443 3.6902411 -0.385193855 1 1 1
v -1.41293156 3.62399554 -0.345638126 1 1 1
v -1.40257657 3.56815934 -0.303499997 1 1 1
v -1.39809239 3.55594897 -0.290807515 1 1 1
v -1.92368317 5.54016685 -1.67706561 1 1 1
v -1.91527343 5.53998613 -1.68480647 1 1 1
v -1.91410661 5.53980064 -1.67509365 1 1 1
v -1.90544164 5.53807402 -1.67929685 1 1 1
v -1.90777504 5.53707266 -1.66815102 1 1 1
v -1.91904891 5.53836679 -1.66677201 1 1 1
v -1.11016226 3.20285559 -1.69419813 1 1 1
v -1.10462761 3.149441 -1.71556354 1 1 1
v -0.649483442 2.81780696 -1.69303691 1 1 1
v -0.640728354 2.83304095 -1.68418193 1 1 1
v -0.643346608 2.83499742 -1.68411994 1 1 1
v -0.664030313 2.84601283 -1.68547809 1 1 1
v -0.712994635 2.88809896 -1.68203068 1 1 1
v -0.74075222 2.91263628 -1.67979395 1 1 1
v -0.74016434 2.96580291 -1.65749955 1 1 1
v -0.74074626 2.96924782 -1.65623307 1 1 1
v -1.1310879 3.12596273 -1.68165839 1 1 1
v -1.52777684 3.45113826 -1.79336083 1 1 1
v -1.57225108 3.42199802 -1.74567831 1 1 1
v -1.48356891 3.49607611 -1.75950325 1 1 1
v -1.11170602 3.1966567 -1.64549232 1 1 1
v -1.49891233 3.49692941 -1.68798685 1 1 1
v -1.12464106 3.14827991 -1.6378051 1 1 1
v -1.55569088 3.44912839 -1.68067718 1 1 1
v -1.81736898 3.91954017 -1.8426007 1 1 1
v -1.85663664 3.90406823 -1.80910754 1 1 1
v -1.77175069 3.94026947 -1.81809425 1 1 1
v -1.77442837 3.94226265 -1.74905682 1 1 1
v -1.84056008 3.91350961 -1.75085366 1 1 1
v -1.95675433 4.45069122 -1.81755912 1 1 1
v -1.98708606 4.44372416 -1.78185272 1 1 1
v -1.9159143 4.45560312 -1.79013157 1 1 1
v -1.92677236 4.45135736 -1.74568605 1 1 1
v -1.96955109 4.44437551 -1.74366009 1 1 1
v -1.98736799 4.99798393 -1.76583457 1 1 1
v -2.00776863 4.99659157 -1.74348426 1 1 1
v -1.9618963 4.99550629 -1.7487905 1 1 1
v -1.96551287 4.99291468 -1.71812153 1 1 1
v -2.00003982 4.99355793 -1.71133399 1 1 1
v -1.91653013 5.54092503 -1.69592547 1 1 1
v -1.93284726 5.5397644 -1.67902064 1 1 1
v -1.89430618 5.53739977 -1.68443167 1 1 1
v -1.90432501 5.53225756 -1.66428864 1 1 1
v -1.92209721 5.53381348 -1.66291583 1 1 1
v -0.659672558 2.80277085 -1.67477858 1 1 1
v -0.722831726 2.78413153 -1.62758696 1 1 1
v -0.731170654 2.82531071 -1.65855837 1 1 1
v -0.711344004 2.81947517 -1.66341901 1 1 1
v -0.723967075 2.95023632 -1.59117973 1 1 1
v -0.71310842 2.93856239 -1.56197953 1 1 1
v -0.741701007 2.96662712 -1.62394309 1 1 1
v -0.701167822 2.83606005 -1.54587197 1 1 1
v -0.700079262 2.82137203 -1.54339254 1 1 1
v -0.719851613 2.81193972 -1.57897341 1 1 1
v -0.717713177 2.80188537 -1.59314251 1 1 1
v -0.340299994 6.35105276 -2.86441422 1 1 1
v -0.335240066 6.3512888 -2.85771203 1 1 1
v -0.342374653 6.35219765 -2.85762262 1 1 1
v -0.340053737 6.35165358 -2.85083652 1 1 1
v -0.348088861 6.35164309 -2.85328913 1 1 1
v -0.348241061 6.35127163 -2.86168075 1 1 1
v -0.619037449 4.09810352 -2.08328605 1 1 1
v -0.605638564 4.05131483 -2.09224892 1 1 1
v -0.684664071 3.49819565 -1.77169836 1 1 1
v -0.687065244 3.50021553 -1.76842821 1 1 1
v -0.704656005 3.61291838 -1.77456176 1 1 1
v -0.707246244 3.61904979 -1.77224898 1 1 1
v -0.627085745 4.04395247 -2.11785316 1 1 1
v -0.491767019 4.56500816 -2.39615774 1 1 1
v -0.521118224 4.55241442 -2.4297204 1 1 1
v -0.513615012 4.59157896 -2.3597815 1 1 1
v -0.649649978 4.13047075 -2.10886455 1 1 1
v -0.571953237 4.59906864 -2.37112761 1 1 1
v -0.657289982 4.07681751 -2.12238407 1 1 1
v -0.573026657 4.56741905 -2.42561817 1 1 1
v -0.371702462 5.11534452 -2.67813921 1 1 1
v -0.399937958 5.10590124 -2.71509433 1 1 1
v -0.398293942 5.13162518 -2.64580798 1 1 1
v -0.439221472 5.13324261 -2.65858865 1 1 1
v -0.44310078 5.11816072 -2.70042276 1 1 1
v -0.320111275 5.71805239 -2.82992291 1 1 1
v -0.3418805 5.7153554 -2.85648274 1 1 1
v -0.340780735 5.72315502 -2.80286288 1 1 1
v -0.367307693 5.72251844 -2.81662703 1 1 1
v -0.372387052 5.71872807 -2.84501743 1 1 1
v -0.333513588 6.34611225 -2.85751438 1 1 1
v -0.337601185 6.3501792 -2.87325001 1 1 1
v -0.339098752 6.34743595 -2.84772658 1 1 1
v -0.355081946 6.35119057 -2.84799671 1 1 1
v -0.358049512 6.35235405 -2.86861205 1 1 1
v -0.688838065 3.49631977 -1.77642095 1 1 1
v -0.724296033 3.49526262 -1.82705939 1 1 1
v -0.722935617 3.49906063 -1.82792711 1 1 1
v -0.710410893 3.50635982 -1.81507623 1 1 1
v -0.69405663 3.51496577 -1.79747975 1 1 1
v -0.708039105 3.62912464 -1.77828729 1 1 1
v -0.718612969 3.65971327 -1.79926944 1 1 1
v -0.73385191 3.72561622 -1.84121454 1 1 1
v -0.739999771 3.73419356 -1.84787607 1 1 1
v -0.750319123 3.74789381 -1.85866046 1 1 1
v -0.765478194 3.68466425 -1.86299634 1 1 1
v -0.778624356 3.57209897 -1.83909476 1 1 1
v -0.779397547 3.5654285 -1.8372004 1 1 1
v -0.761480451 3.7169795 -1.86986935 1 1 1
v -0.751501799 3.53525376 -1.83340216 1 1 1
v -0.777698696 3.56624246 -1.83796036 1 1 1
v 2.93747401 9.91783619 -1.12208939 1 1 1
v 2.93575525 9.91776466 -1.11505318 1 1 1
v 2.93189144 9.91912365 -1.11971223 1 1 1
v 2.92858148 9.9185915 -1.11449373 1 1 1
v 2.9258666 9.91917324 -1.12118328 1 1 1
v 2.93136239 9.91870689 -1.12587762 1 1 1
v 2.49335384 5.32915306 -1.21096957 1 1 1
v 2.53484154 5.32606697 -1.24628353 1 1 1
v 2.60331154 5.94823408 -1.22162104 1 1 1
v 2.57680273 5.93640423 -1.20010567 1 1 1
v 2.6399281 6.0567131 -1.2018919 1 1 1
v 2.58108902 5.32179165 -1.21763504 1 1 1
v 2.59031677 5.42102385 -1.21674693 1 1 1
v 2.59035945 5.47203064 -1.21918118 1 1 1
v 2.60072827 5.62134457 -1.2200073 1 1 1
v 2.6036377 5.64864731 -1.21953499 1 1 1
v 2.60413241 5.65320826 -1.21945083 1 1 1
v 2.62054968 5.7461381 -1.21383703 1 1 1
v 2.63293862 6.06447554 -1.1711576 1 1 1
v 2.69239235 6.46892023 -1.15363503 1 1 1
v 2.70291281 6.46800327 -1.20095158 1 1 1
v 2.59518719 5.98892498 -1.17005754 1 1 1
v 2.6442554 6.47505331 -1.15065408 1 1 1
v 2.61535835 6.47930479 -1.19777489 1 1 1
v 2.66167355 6.47375345 -1.23820305 1 1 1
v 2.76025319 7.04239321 -1.15093076 1 1 1
v 2.77800345 7.0434227 -1.20031869 1 1 1
v 2.71496987 7.0459404 -1.1517601 1 1 1
v 2.69881177 7.0490818 -1.1908052 1 1 1
v 2.73100138 7.04815149 -1.22322512 1 1 1
v 2.78762555 7.61659479 -1.09258711 1 1 1
v 2.78629279 7.61789274 -1.14317358 1 1 1
v 2.73596287 7.62006855 -1.09888339 1 1 1
v 2.72267103 7.62196779 -1.13864625 1 1 1
v 2.75236249 7.62106276 -1.17536449 1 1 1
v 2.83678365 8.19273186 -1.11978507 1 1 1
v 2.83718824 8.19066906 -1.1633898 1 1 1
v 2.79164815 8.19603443 -1.12302351 1 1 1
v 2.78018522 8.19528675 -1.15917552 1 1 1
v 2.80726743 8.19223595 -1.18008816 1 1 1
v 2.85651708 8.7667408 -1.16780519 1 1 1
v 2.87069511 8.76635265 -1.19233513 1 1 1
v 2.83481479 8.76775169 -1.16556799 1 1 1
v 2.81961393 8.76871109 -1.18785822 1 1 1
v 2.84247684 8.76788235 -1.21275592 1 1 1
v 2.87433434 9.3408165 -1.12956822 1 1 1
v 2.88389993 9.34127045 -1.15051663 1 1 1
v 2.85450983 9.34220409 -1.12744939 1 1 1
v 2.84663725 9.34381962 -1.14635563 1 1 1
v 2.86163211 9.34409428 -1.17065251 1 1 1
v 2.9430027 9.91775608 -1.10656691 1 1 1
v 2.94212914 9.91493225 -1.12423074 1 1 1
v 2.9244082 9.91790295 -1.10791957 1 1 1
v 2.91723037 9.92009068 -1.12328255 1 1 1
v 2.930691 9.91716003 -1.13218772 1 1 1
v 2.58538699 5.37534761 -1.21495175 1 1 1
v 2.57915497 5.32185793 -1.20968878 1 1 1
v 2.62237859 5.77667332 -1.21029878 1 1 1
v 2.6226306 5.7888279 -1.20735312 1 1 1
v 2.61721325 5.80664444 -1.1843406 1 1 1
v 2.61768126 5.82876587 -1.17900896 1 1 1
v 2.60424709 5.74334478 -1.15904605 1 1 1
v 2.53467202 5.51215649 -1.15823758 1 1 1
v 2.52675176 5.47976637 -1.1583128 1 1 1
v 2.56479669 5.63328218 -1.15799403 1 1 1
v 2.5255456 5.49274874 -1.16349995 1 1 1
v 2.51155591 5.37204647 -1.17473137 1 1 1
v 2.50401878 5.32792711 -1.18484688 1 1 1
v -2.71523571 4.65612888 0.427460432 1 1 1
v -2.71704268 4.65499687 0.418798625 1 1 1
v -2.71014428 4.65637159 0.421772897 1 1 1
v -2.7092948 4.65458155 0.414397359 1 1 1
v -2.70269942 4.6554575 0.420339227 1 1 1
v -2.70637083 4.65641356 0.428412616 1 1 1
v -2.04693151 2.33575487 -0.238442078 1 1 1
v -2.06260347 2.35470152 -0.304869801 1 1 1
v -2.28451061 2.78703976 -0.0537368692 1 1 1
v -2.26945353 2.76525593 -0.0232689083 1 1 1
v -2.23962688 2.7844696 -0.0141327009 1 1 1
v -1.98475778 2.36510181 -0.221400276 1 1 1
v -1.98562515 2.36469245 -0.221638024 1 1 1
v -2.00640631 2.36744785 -0.221607924 1 1 1
v -2.00857329 2.35386062 -0.227928102 1 1 1
v -2.52440429 3.17638922 0.163385808 1 1 1
v -2.50674534 3.153759 0.213236123 1 1 1
v -2.28158116 2.8518126 -0.0501944572 1 1 1
v -2.4813118 3.2157712 0.133364946 1 1 1
v -2.24634171 2.83374667 -0.0298886951 1 1 1
v -2.44587779 3.20197749 0.181820929 1 1 1
v -2.45795441 3.173774 0.218027174 1 1 1
v -2.68350315 3.61589146 0.404358715 1 1 1
v -2.6752789 3.60597444 0.441403657 1 1 1
v -2.6515305 3.62950253 0.38504383 1 1 1
v -2.62133789 3.62805319 0.411455631 1 1 1
v -2.6329484 3.61260486 0.451732069 1 1 1
v -2.72567725 4.12870741 0.477269918 1 1 1
v -2.72016573 4.12885857 0.510573983 1 1 1
v -2.69744301 4.13035536 0.460393816 1 1 1
v -2.67279792 4.13158035 0.482650727 1 1 1
v -2.68705368 4.13060951 0.511869669 1 1 1
v -2.72645903 4.65431547 0.4146052 1 1 1
v -2.72081113 4.65556097 0.433737487 1 1 1
v -2.70805717 4.65387344 0.403073221 1 1 1
v -2.69770384 4.65212107 0.419735968 1 1 1
v -2.70424938 4.65304136 0.432468474 1 1 1
v -2.05433393 2.36117005 -0.308653057 1 1 1
v -2.06093788 2.36820865 -0.304166883 1 1 1
v -2.07775974 2.39334869 -0.291874141 1 1 1
v -2.11066628 2.45806694 -0.266339272 1 1 1
v -2.10908556 2.46468711 -0.266039133 1 1 1
v -2.11499238 2.49921155 -0.258638263 1 1 1
v -2.11597371 2.56195569 -0.250566065 1 1 1
v -2.11506629 2.56733894 -0.250420243 1 1 1
v -2.11416054 2.57069278 -0.2505171 1 1 1
v -2.05258155 2.53210664 -0.23444052 1 1 1
v -2.05037832 2.53038692 -0.234063134 1 1 1
v -2.04888988 2.52886772 -0.23416017 1 1 1
v -2.01828098 2.49672699 -0.237048432 1 1 1
v -2.01995635 2.49227047 -0.232680142 1 1 1
v -2.02030206 2.48450613 -0.228794351 1 1 1
v -1.98562002 2.36952281 -0.222395122 1 1 1
v -1.98461032 2.36534214 -0.221762374 1 1 1
v 0.772179604 2.42218399 0.23417677 1 1 1
v 0.786965191 2.41401148 0.23738569 1 1 1
v 0.778083146 2.41999531 0.247475803 1 1 1
v 0.788433433 2.41217518 0.25442028 1 1 1
v 0.774555147 2.41921306 0.261739343 1 1 1
v 0.764509737 2.42539907 0.249228194 1 1 1
v 0.423383713 1.57097054 0.382162422 1 1 1
v 0.395117134 1.57628238 0.453879923 1 1 1
v 0.238524497 1.136379 0.722419918 1 1 1
v 0.258197099 1.10069454 0.675664127 1 1 1
v 0.256221265 1.13404906 0.67343235 1 1 1
v 0.257524401 1.13659382 0.66919297 1 1 1
v 0.271158785 1.17015541 0.623223066 1 1 1
v 0.274176598 1.17890573 0.612740576 1 1 1
v 0.274263263 1.17895758 0.612485945 1 1 1
v 0.274772912 1.17905891 0.611036003 1 1 1
v 0.27480343 1.17905951 0.61095047 1 1 1
v 0.274946719 1.17904639 0.61055249 1 1 1
v 0.306773245 1.179793 0.52130264 1 1 1
v 0.486469001 1.55632484 0.392217815 1 1 1
v 0.574290097 1.94662988 0.177018404 1 1 1
v 0.505175412 1.9714824 0.161249459 1 1 1
v 0.503376365 1.58351374 0.446313381 1 1 1
v 0.587854147 1.9541924 0.24983196 1 1 1
v 0.449273467 1.59928524 0.482287019 1 1 1
v 0.528684318 1.98459518 0.285553277 1 1 1
v 0.469286919 1.99849474 0.228650287 1 1 1
v 0.794748425 2.4085629 0.228372365 1 1 1
v 0.766968131 2.42110181 0.225339025 1 1 1
v 0.803503156 2.40592241 0.263380408 1 1 1
v 0.770651996 2.41500878 0.268945962 1 1 1
v 0.753423333 2.42806077 0.250431299 1 1 1
v 0.403175592 1.16713262 0.534981906 1 1 1
v 0.405841589 1.16284549 0.537788808 1 1 1
v 0.444825917 1.12418497 0.563377023 1 1 1
v 0.308596283 1.18043101 0.521073401 1 1 1
v 0.314640552 1.17677832 0.524275959 1 1 1
v 0.361130983 1.17149425 0.531398594 1 1 1
v 0.489908844 1.22425246 0.660916805 1 1 1
v 0.479428917 1.19714737 0.642142534 1 1 1
v 0.485043466 1.23656845 0.656585336 1 1 1
v 0.445993632 1.25593889 0.675790787 1 1 1
v 0.417483836 1.26362598 0.695115268 1 1 1
v 0.384386837 1.25501812 0.729416728 1 1 1
v 0.36991626 1.25275004 0.743401647 1 1 1
v 0.355134934 1.24485326 0.736776948 1 1 1
v 0.324272662 1.19961238 0.748497844 1 1 1
v 0.305961341 1.17664063 0.751765549 1 1 1
v 0.324739665 1.16564846 0.78065902 1 1 1
v -0.719525397 3.52752066 -1.72422159 1 1 1
v -0.687065244 3.50021553 -1.76842821 1 1 1
v -0.688838065 3.49631977 -1.77642095 1 1 1
v -0.726428211 3.4794271 -1.81895089 1 1 1
v -0.787101388 3.49715233 -1.8006779 1 1 1
v -0.782835186 3.52687597 -1.74213183 1 1 1
v -0.69405663 3.51496577 -1.79747975 1 1 1
v -0.710410893 3.50635982 -1.81507623 1 1 1
v -0.722935617 3.49906063 -1.82792711 1 1 1
v -0.724296033 3.49526262 -1.82705939 1 1 1
v -0.707246244 3.61904979 -1.77224898 1 1 1
v -0.704656005 3.61291838 -1.77456176 1 1 1
v -0.750319123 3.74789381 -1.85866046 1 1 1
v -0.739999771 3.73419356 -1.84787607 1 1 1
v -0.73385191 3.72561622 -1.84121454 1 1 1
v -0.718612969 3.65971327 -1.79926944 1 1 1
v -0.708039105 3.62912464 -1.77828729 1 1 1
v -0.778624356 3.57209897 -1.83909476 1 1 1
v -0.765478194 3.68466425 -1.86299634 1 1 1
v -0.761480451 3.7169795 -1.86986935 1 1 1
v -0.779397547 3.5654285 -1.8372004 1 1 1
v -0.751501799 3.53525376 -1.83340216 1 1 1
v -0.777698696 3.56624246 -1.83796036 1 1 1
v 0.0242971871 1.62863874 0.0449632555 1 1 1
v 0.0225761961 1.65442479 0.052982185 1 1 1
v 0.0128345452 1.65898621 0.0424469374 1 1 1
v -0.00720462156 1.65937102 0.0784550831 1 1 1
v -0.0155920284 1.65849984 0.0945448503 1 1 1
v -0.0211812612 1.65822613 0.10371276 1 1 1
v -0.0246087909 1.65757108 0.111802958 1 1 1
v -0.0274885315 1.64991212 0.154612064 1 1 1
v -0.031423904 1.64775205 0.171033844 1 1 1
v -0.103043325 1.68578613 0.0780574828 1 1 1
v -0.0870916247 1.68182909 0.075896427 1 1 1
v -0.0684518889 1.67706347 0.0740898401 1 1 1
v -0.0226934478 1.66481149 0.0724560469 1 1 1
v -0.0150220739 1.6628896 0.0715125203 1 1 1
v -0.0032151253 1.65874219 0.0760863423 1 1 1
v -0.116479397 1.58764815 0.119330503 1 1 1
v -0.118375361 1.58690298 0.117853098 1 1 1
v -0.130265206 1.57239747 0.114335977 1 1 1
v -0.130518675 1.57085168 0.114983879 1 1 1
v -0.136402369 1.57500696 0.10661824 1 1 1
v -0.134871647 1.58335638 0.10328187 1 1 1
v -0.127898589 1.60870075 0.0955019072 1 1 1
v -0.116105571 1.63332367 0.0930069163 1 1 1
v -0.105799943 1.65949702 0.0881048739 1 1 1
v -0.0465833209 1.61415637 0.174358517 1 1 1
v -0.0495344661 1.61583269 0.170400873 1 1 1
v -0.127734855 1.56795824 0.115921602 1 1 1
v -0.123510018 1.56187677 0.111838818 1 1 1
v -0.127808735 1.56584311 0.108757265 1 1 1
v -0.131046027 1.56921422 0.107687615 1 1 1
v 0.0730751753 1.75636387 0.193205178 1 1 1
v 0.138339341 1.7964493 0.234970286 1 1 1
v 0.30879429 1.68775034 0.0473754257 1 1 1
v 0.276998341 1.66292977 0.0272136163 1 1 1
v 0.156803101 1.86999726 0.19183813 1 1 1
v 0.324651539 1.72037756 0.021241175 1 1 1
v 0.324689448 1.70355821 -0.0338134877 1 1 1
v 0.102950089 1.87536693 0.123415701 1 1 1
v 0.104070157 1.87449324 0.122503266 1 1 1
v 0.133154854 1.86083424 0.126479805 1 1 1
v 0.136732832 1.85809946 0.12373706 1 1 1
v 0.172263414 1.8319608 0.0996226966 1 1 1
v 0.173735246 1.83114517 0.0994425789 1 1 1
v 0.198648453 1.80642128 0.062930055 1 1 1
v 0.201250672 1.80478716 0.0620228089 1 1 1
v 0.199199513 1.80029082 0.0450084135 1 1 1
v 0.0652283505 1.77386212 0.168470338 1 1 1
v 0.10093224 1.87262833 0.123448648 1 1 1
v 0.190971971 1.76878965 0.0403086282 1 1 1
v 0.185982302 1.73953712 0.032267645 1 1 1
v 0.185229018 1.73793757 0.0320713893 1 1 1
v 0.177224249 1.71751928 0.0287499558 1 1 1
v 0.300214976 1.66573286 -0.0328312069 1 1 1
v 0.180462793 1.71174324 0.0334848948 1 1 1
v 0.181124568 1.71075928 0.0340520032 1 1 1
v 0.179177046 1.69821274 0.0672179386 1 1 1
v 0.179109469 1.69679677 0.071047321 1 1 1
v 0.178544521 1.69573271 0.0752625987 1 1 1
v 0.170548335 1.69851649 0.0888820887 1 1 1
v 0.143365666 1.71069074 0.128187105 1 1 1
v 0.120283931 1.72538877 0.150311321 1 1 1
v 0.0878599361 1.74838138 0.175338328 1 1 1
v 0.0698707327 1.76949322 0.167665482 1 1 1
v 0.495187789 1.57124472 -0.0939232185 1 1 1
v 0.454342216 1.55806589 -0.0911414549 1 1 1
v 0.447199941 1.55344748 -0.0938547701 1 1 1
v 0.425908715 1.54187226 -0.0988947824 1 1 1
v 0.508319139 1.62020481 -0.12043523 1 1 1
v 0.503484905 1.61238837 -0.113695458 1 1 1
v 0.500071108 1.62026954 -0.133439332 1 1 1
v 0.4746916 1.62783146 -0.168672189 1 1 1
v 0.421947747 1.5789243 -0.153474763 1 1 1
v 0.694727182 1.49518025 -0.301609665 1 1 1
v 0.425908715 1.54187226 -0.0988947824 1 1 1
v 0.447199941 1.55344748 -0.0938547701 1 1 1
v 0.454342216 1.55806589 -0.0911414549 1 1 1
v 0.495187789 1.57124472 -0.0939232185 1 1 1
v 0.740097463 1.5172466 -0.294531435 1 1 1
v 0.508319139 1.62020481 -0.12043523 1 1 1
v 0.66802913 1.57359684 -0.257812977 1 1 1
v 0.746184468 1.52874935 -0.302797467 1 1 1
v 0.503484905 1.61238837 -0.113695458 1 1 1
v 0.647023499 1.57665706 -0.27865237 1 1 1
v 0.500071108 1.62026954 -0.133439332 1 1 1
v 0.4746916 1.62783146 -0.168672189 1 1 1
v 0.421947747 1.5789243 -0.153474763 1 1 1
v 0.683138967 1.52259648 -0.338527173 1 1 1
v 0.714871287 1.5453068 -0.341535807 1 1 1
v 0.689507306 1.50867617 -0.319722623 1 1 1
v 0.770589352 1.56877613 -0.329366744 1 1 1
v 0.73050195 1.55989289 -0.346588463 1 1 1
v 0.758356452 1.56622839 -0.334945261 1 1 1
v 0.367073655 3.3243885 -0.70456171 1 1 1
v 0.370943695 3.32521701 -0.700497091 1 1 1
v 0.366178572 3.32608581 -0.700096309 1 1 1
v 0.368199289 3.32647181 -0.695692718 1 1 1
v 0.362633109 3.32641912 -0.696788549 1 1 1
v 0.361937493 3.32513165 -0.702269852 1 1 1
v 0.272374332 2.48121691 -0.288724482 1 1 1
v 0.275028646 2.49014187 -0.272054613 1 1 1
v 0.195294917 2.13031793 0.0618390515 1 1 1
v 0.188283309 2.10253096 0.0389492102 1 1 1
v 0.194368705 2.12705803 0.0264844801 1 1 1
v 0.198020324 2.14188242 0.0106064351 1 1 1
v 0.192358941 2.1191771 0.0133249341 1 1 1
v 0.290204048 2.48043108 -0.304753721 1 1 1
v 0.304341882 2.49531674 -0.300960243 1 1 1
v 0.36738354 2.83482361 -0.584818304 1 1 1
v 0.353393227 2.82577014 -0.611172795 1 1 1
v 0.296698481 2.50680304 -0.288764089 1 1 1
v 0.357827276 2.8443532 -0.562927842 1 1 1
v 0.335746944 2.84222889 -0.572568774 1 1 1
v 0.331905633 2.83511782 -0.591414511 1 1 1
v 0.375211895 3.32266998 -0.700443685 1 1 1
v 0.36790359 3.32123303 -0.708624125 1 1 1
v 0.369006306 3.32331586 -0.69286406 1 1 1
v 0.356942117 3.32767606 -0.691630721 1 1 1
v 0.353607148 3.32526088 -0.707070708 1 1 1
v 0.263081402 2.15920901 -0.0255048238 1 1 1
v 0.230706781 2.11942053 -0.0181572512 1 1 1
v 0.247350901 2.10273457 0.0408518873 1 1 1
v 0.241619095 2.09519458 0.0432542153 1 1 1
v 0.250295848 2.10083485 0.0492606461 1 1 1
v 0.252725482 2.11192775 0.0350529514 1 1 1
v 0.249596164 2.19740105 -0.0191134885 1 1 1
v 0.255044281 2.18854833 -0.0265170112 1 1 1
v 0.255017638 2.18858314 -0.0264746286 1 1 1
v 0.254987776 2.18866253 -0.0264564082 1 1 1
v 0.250471383 2.19522953 -0.0197583232 1 1 1
v 0.233935893 2.1305182 0.0692404807 1 1 1
v 0.239570856 2.15458441 0.0374484658 1 1 1
v 0.243520871 2.14399886 0.0351079814 1 1 1
v 0.250630409 2.11483359 0.0382417291 1 1 1
v 0.244685799 2.19552088 -0.0171845071 1 1 1
v 0.243342698 2.19517899 -0.0168898217 1 1 1
v 0.242030919 2.1944139 -0.0160195492 1 1 1
v 0.241891637 2.19428277 -0.0158607718 1 1 1
v 0.212453634 2.17636347 0.00265266327 1 1 1
v 0.211348146 2.17069912 0.0101330252 1 1 1
v 0.221184433 2.15874767 0.0283332542 1 1 1
v 0.227942303 2.15972352 0.0283487886 1 1 1
v 0.238882452 2.15414405 0.0379576422 1 1 1
v 0.204082429 2.11748767 0.00556625985 1 1 1
v 0.210249081 2.12062883 -0.0028597808 1 1 1
v 0.221718252 2.12002444 -0.0115153287 1 1 1
v 0.230525866 2.11954069 -0.0181409512 1 1 1
v -0.169543177 2.69760346 -0.205987394 1 1 1
v -0.154134661 2.68583488 -0.210269436 1 1 1
v -0.14809601 2.63070202 -0.273164153 1 1 1
v -0.263351321 2.65678215 -0.305490255 1 1 1
v -0.265020669 2.68150926 -0.277259469 1 1 1
v -0.261073887 2.69342756 -0.261052608 1 1 1
v -0.235741496 2.69525313 -0.245039523 1 1 1
v -0.196049497 2.70554566 -0.211189985 1 1 1
v -0.260252774 2.75031447 -0.384553969 1 1 1
v -0.261564642 2.76772594 -0.363389164 1 1 1
v -0.261682808 2.73870111 -0.354877532 1 1 1
v -0.263326138 2.79110503 -0.334970564 1 1 1
v -0.266081125 2.82766962 -0.290523857 1 1 1
v -0.266068161 2.82428622 -0.290039361 1 1 1
v -0.265989065 2.74279881 -0.273947835 1 1 1
v -0.213510677 2.77885818 -0.372481257 1 1 1
v -0.245606899 2.75830817 -0.381887585 1 1 1
v -0.143082172 2.78204036 -0.401092112 1 1 1
v -0.154710755 2.88017058 -0.280432701 1 1 1
v -0.210595757 2.88364387 -0.250681192 1 1 1
v -0.212709442 2.88274026 -0.250771999 1 1 1
v -0.25945425 2.79927158 -0.32720688 1 1 1
v -0.233372316 2.80131507 -0.336967736 1 1 1
v -0.0793418735 2.74609971 -0.287533969 1 1 1
v -0.123744644 2.82655096 -0.279716522 1 1 1
v -0.134109572 2.84463859 -0.278977484 1 1 1
v -0.073765479 2.70811582 -0.332249343 1 1 1
v -0.102610879 2.7311368 -0.259131819 1 1 1
v -0.123184629 2.71481085 -0.237953082 1 1 1
v -0.198622435 2.668118 -0.368705481 1 1 1
v -0.18644987 2.68007374 -0.36425665 1 1 1
v -0.188613534 2.68086743 -0.348189712 1 1 1
v -0.197718903 2.66899538 -0.343201041 1 1 1
v -0.203020915 2.65451264 -0.355954766 1 1 1
v -0.139564082 2.51490259 -0.397441387 1 1 1
v -0.159295112 2.57937717 -0.372702956 1 1 1
v -0.153941214 2.54203606 -0.357014358 1 1 1
v -0.113662593 2.39292383 -0.357946694 1 1 1
v -0.0991144478 2.52488351 -0.388088048 1 1 1
v -0.0970780849 2.53647876 -0.385227978 1 1 1
v -0.144933969 2.59225368 -0.367630184 1 1 1
v -0.136795998 2.57288456 -0.348312676 1 1 1
v -0.085253872 2.49412346 -0.353750676 1 1 1
v -0.0738490149 2.4770875 -0.335977912 1 1 1
v -0.0701016933 2.3804121 -0.317184299 1 1 1
v -0.139668852 2.54113221 -0.341433346 1 1 1
v -0.0842860043 2.37335539 -0.33527118 1 1 1
v -0.0885341167 2.36623478 -0.343551755 1 1 1
v -0.291266739 2.89066744 -0.364727974 1 1 1
v -0.291891038 2.8702848 -0.3569628 1 1 1
v -0.287965506 2.82022953 -0.347869962 1 1 1
v -0.282525986 2.93911028 -0.350743622 1 1 1
v -0.279587388 2.92177963 -0.328632534 1 1 1
v -0.282768101 2.86593533 -0.323121428 1 1 1
v -0.28335461 2.87983704 -0.323750943 1 1 1
v -0.115428939 4.14217424 -0.693612814 1 1 1
v -0.0522758439 4.09589434 -0.67098403 1 1 1
v -0.0154330432 4.06882858 -0.73845458 1 1 1
v -0.0383084044 4.0855689 -0.77489382 1 1 1
v -0.0719073415 4.11018372 -0.795566678 1 1 1
v -0.117616966 4.14371109 -0.775068879 1 1 1
v -0.0131011726 4.07197618 -0.738457799 1 1 1
v -0.0352719277 4.119133 -0.671075761 1 1 1
v -0.0226944406 4.12314701 -0.682592154 1 1 1
v -0.0147280488 4.12268543 -0.692497134 1 1 1
v -0.0134467585 4.07437706 -0.736002922 1 1 1
v -0.0277063008 4.25944901 -0.694806039 1 1 1
v -0.0277132671 4.25921535 -0.694765627 1 1 1
v -0.0127951456 4.28118753 -0.716411054 1 1 1
v -0.0117347883 4.28582144 -0.774257541 1 1 1
v -0.00790600013 4.29077864 -0.770917892 1 1 1
v -0.0117533803 4.28414392 -0.744169176 1 1 1
v -0.0490926318 4.14571571 -0.794195473 1 1 1
v -0.032478679 4.20713615 -0.785306573 1 1 1
v -0.0118374005 4.08490705 -0.747056663 1 1 1
v -0.136573881 5.02020407 -0.882993996 1 1 1
v -0.140537411 5.0844264 -0.90409714 1 1 1
v -0.103259489 5.24981546 -0.966566443 1 1 1
v -0.0627424866 4.84083414 -0.830244005 1 1 1
v -0.117302746 4.83754349 -0.823761523 1 1 1
v -0.152011737 5.07860327 -0.928177595 1 1 1
v -0.152217537 5.08689833 -0.928973675 1 1 1
v -0.152176365 5.08731508 -0.928867936 1 1 1
v -0.14742516 5.08186102 -0.915284812 1 1 1
v -0.137409791 4.82087374 -0.867588401 1 1 1
v -0.0956992209 4.81233263 -0.905602872 1 1 1
v -0.0507148728 4.82488346 -0.881533265 1 1 1
v -0.0652316064 5.04678535 -0.959290802 1 1 1
v -0.09010382 4.91943932 -0.935302436 1 1 1
v -0.103073619 5.27299261 -0.985028088 1 1 1
v -0.100694858 5.27525711 -0.991691351 1 1 1
v -0.0886348039 5.22758579 -0.995757163 1 1 1
v -0.0853838995 5.22332478 -1.00116801 1 1 1
v -0.0760188028 5.16515255 -0.99369818 1 1 1
v -0.0750941858 5.14870262 -0.98758173 1 1 1
v -0.0672891885 5.06248617 -0.962399006 1 1 1
v -1.24970663 3.61613369 -0.267377704 1 1 1
v -1.2405169 3.53861284 -0.328934342 1 1 1
v -1.32640958 3.48856068 -0.328338116 1 1 1
v -1.38449848 3.53201628 -0.270574957 1 1 1
v -1.38661087 3.53859568 -0.264765203 1 1 1
v -1.34127903 3.61399198 -0.228737265 1 1 1
v -1.26055062 3.57108474 -0.371680707 1 1 1
v -1.29766905 3.56319642 -0.38477239 1 1 1
v -1.30966437 3.55589461 -0.384386212 1 1 1
v -1.34239614 3.51588106 -0.364711314 1 1 1
v -1.30160868 3.69837737 -0.381452173 1 1 1
v -1.29031634 3.66771221 -0.373216689 1 1 1
v -1.41653013 3.74095678 -0.399905115 1 1 1
v -1.36610782 3.73782158 -0.414380163 1 1 1
v -1.35695982 3.73207927 -0.408851027 1 1 1
v -1.41855443 3.6902411 -0.385193855 1 1 1
v -1.41675043 3.72789407 -0.39577055 1 1 1
v -1.39809239 3.55594897 -0.290807515 1 1 1
v -1.40257657 3.56815934 -0.303499997 1 1 1
v -1.41293156 3.62399554 -0.345638126 1 1 1
v -1.35431468 3.52785921 -0.363279372 1 1 1
v -1.35716558 3.52617764 -0.347465008 1 1 1
v -1.39364254 3.55069757 -0.301773131 1 1 1
v -1.39360344 3.54670453 -0.288325012 1 1 1
v 0.31436801 2.11138725 0.771912158 1 1 1
v 0.301382571 2.11732411 0.764860511 1 1 1
v 0.314276516 2.12011552 0.761447728 1 1 1
v 0.306051105 2.12541986 0.751966357 1 1 1
v 0.321921855 2.12448645 0.751048923 1 1 1
v 0.327062011 2.11581373 0.763376176 1 1 1
v 0.271754861 1.76763213 0.377334058 1 1 1
v 0.2383582 1.79895091 0.386787593 1 1 1
v 0.289460242 2.11473513 0.768113017 1 1 1
v 0.314216435 2.10332417 0.777494609 1 1 1
v 0.249645606 1.83135033 0.344409376 1 1 1
v 0.295386821 2.13609862 0.741794467 1 1 1
v 0.294792891 1.82340157 0.327585518 1 1 1
v 0.325660944 2.12339067 0.743285179 1 1 1
v 0.308345556 1.78713703 0.357204705 1 1 1
v 0.33698976 2.11121631 0.76416117 1 1 1
v 0.142572105 1.48208642 0.0572937801 1 1 1
v 0.226099238 1.38111687 -0.0121509302 1 1 1
v 0.221486703 1.38610756 -0.0111767314 1 1 1
v 0.212909237 1.39446199 -0.011633398 1 1 1
v 0.189939916 1.4139576 -0.0114221433 1 1 1
v 0.187443584 1.41581357 -0.0120136887 1 1 1
v 0.141031191 1.45611584 -0.00893391948 1 1 1
v 0.137431353 1.45925033 -0.00867401343 1 1 1
v 0.131397367 1.4627918 -0.0123982569 1 1 1
v 0.141043648 1.47944736 0.0477614515 1 1 1
v 0.141990751 1.47892475 0.0484267585 1 1 1
v 0.146608606 1.50283039 -0.0349314958 1 1 1
v 0.154180333 1.52354848 -0.0490328111 1 1 1
v 0.170044556 1.56695068 -0.07853017 1 1 1
v 0.142772034 1.48355317 0.0481397733 1 1 1
v 0.272048444 1.55475688 -0.124643706 1 1 1
v 0.295519501 1.55172884 -0.134557366 1 1 1
v 0.190730482 1.56565261 -0.0881930441 1 1 1
v 0.192046285 1.56556344 -0.0883305371 1 1 1
v 0.203490779 1.5641923 -0.0926175416 1 1 1
v 0.247381538 1.55893111 -0.109072618 1 1 1
v 0.314407825 1.48447835 -0.114607714 1 1 1
v 0.321149915 1.4675169 -0.0832420588 1 1 1
v 0.329844713 1.44629848 -0.0402620099 1 1 1
v 0.245490059 1.38961709 -0.0298133474 1 1 1
v 0.264925778 1.85602498 -0.384722501 1 1 1
v 0.295620292 1.88683307 -0.440162778 1 1 1
v 0.073138386 2.20929861 -0.397255898 1 1 1
v 0.0728148222 2.16471767 -0.369578362 1 1 1
v 0.063682586 2.27074075 -0.381841004 1 1 1
v 0.347475559 1.92808652 -0.416202486 1 1 1
v 0.234650582 2.05427885 -0.400623202 1 1 1
v 0.216236606 2.04479909 -0.407510698 1 1 1
v 0.212094739 2.05477667 -0.405262858 1 1 1
v 0.208087131 2.08398938 -0.396955252 1 1 1
v 0.288784355 1.87214088 -0.342479825 1 1 1
v 0.304269046 1.88387585 -0.328960985 1 1 1
v 0.348829389 1.92277455 -0.345953822 1 1 1
v 0.21276395 2.07982039 -0.347378135 1 1 1
v 0.218270615 2.07315969 -0.341608375 1 1 1
v 0.225640818 2.06433058 -0.335492283 1 1 1
v 0.0705830306 2.25319576 -0.347924918 1 1 1
v 0.207440451 2.0848155 -0.395792693 1 1 1
v 0.206834808 2.08590889 -0.391364723 1 1 1
v 0.198367208 2.09681892 -0.375164062 1 1 1
v 0.200739965 2.09472919 -0.369599849 1 1 1
v 0.288333505 1.99245453 -0.343890578 1 1 1
v 0.277604282 2.00612783 -0.368162483 1 1 1
v 0.276651889 2.00749779 -0.373242497 1 1 1
v 0.272004366 2.01322317 -0.380057454 1 1 1
v 0.246768683 2.04123688 -0.396951407 1 1 1
v 0.236870646 2.05203414 -0.398438871 1 1 1
v 0.28541255 1.99564695 -0.340568274 1 1 1
v 0.204146042 2.03094363 -0.325342476 1 1 1
v 0.194135278 2.00416732 -0.318866044 1 1 1
v 0.0668578446 2.20062327 -0.338388413 1 1 1
v 0.216887698 2.0533092 -0.331782162 1 1 1
v 0.290596485 1.97874355 -0.339467883 1 1 1
v 0.295176327 1.92247009 -0.332352698 1 1 1
v 0.237963006 1.90798187 -0.362708628 1 1 1
v 0.269901127 1.88941181 -0.346065789 1 1 1
v 0.188894778 2.00363827 -0.32407245 1 1 1
v 0.178684458 1.99853909 -0.337841302 1 1 1
v 0.183262676 1.9846437 -0.346622288 1 1 1
v 0.183465913 1.97169137 -0.359274328 1 1 1
v 0.188255146 1.95735657 -0.368260235 1 1 1
v 0.198915005 1.93865919 -0.375130475 1 1 1
v 0.211487934 1.93397486 -0.365968317 1 1 1
v -0.113662593 2.39292383 -0.357946694 1 1 1
v -0.139564082 2.51490259 -0.397441387 1 1 1
v -0.0991144478 2.52488351 -0.388088048 1 1 1
v -0.0970780849 2.53647876 -0.385227978 1 1 1
v -0.0738490149 2.4770875 -0.335977912 1 1 1
v -0.085253872 2.49412346 -0.353750676 1 1 1
v -0.0701016933 2.3804121 -0.317184299 1 1 1
v -0.0842860043 2.37335539 -0.33527118 1 1 1
v -0.0885341167 2.36623478 -0.343551755 1 1 1
v -0.353488386 3.06206846 -0.327172697 1 1 1
v -0.348627746 3.06442118 -0.334224582 1 1 1
v -0.346663415 3.06541419 -0.326945841 1 1 1
v -0.340652764 3.06703234 -0.331313699 1 1 1
v -0.340584576 3.06629324 -0.322462797 1 1 1
v -0.348517418 3.06322551 -0.319903553 1 1 1
v -0.318760127 2.9566381 -0.336435646 1 1 1
v -0.318005145 2.97601414 -0.343523651 1 1 1
v -0.313365966 2.99232912 -0.338706374 1 1 1
v -0.31227985 2.98716068 -0.329244494 1 1 1
v -0.315581381 2.96824002 -0.327176273 1 1 1
v -0.287965506 2.82022953 -0.347869962 1 1 1
v -0.291891038 2.8702848 -0.3569628 1 1 1
v -0.291266739 2.89066744 -0.364727974 1 1 1
v -0.282525986 2.93911028 -0.350743622 1 1 1
v -0.279587388 2.92177963 -0.328632534 1 1 1
v -0.28335461 2.87983704 -0.323750943 1 1 1
v -0.282768101 2.86593533 -0.323121428 1 1 1
v -0.493896812 2.16662216 -1.0536499 1 1 1
v -0.390494764 2.090415 -1.03643465 1 1 1
v -0.338893771 2.06603789 -1.15279186 1 1 1
v -0.410404682 2.12717938 -1.24191999 1 1 1
v -0.506201923 2.18934393 -1.1806469 1 1 1
v -0.314843535 2.14099908 -1.100003 1 1 1
v -0.307982177 2.11048555 -1.14784086 1 1 1
v -0.343292326 2.15810537 -1.03130698 1 1 1
v -0.314177603 2.15271664 -1.08658743 1 1 1
v -0.467656165 2.20205998 -1.05039454 1 1 1
v -0.453296661 2.21357036 -1.04845297 1 1 1
v -0.439222753 2.20641232 -1.04617512 1 1 1
v -0.366467983 2.18549347 -1.03472698 1 1 1
v -0.34797129 2.16361356 -1.03186834 1 1 1
v -0.414854348 2.30955505 -1.16532135 1 1 1
v -0.416203886 2.30674338 -1.16222274 1 1 1
v -0.441205382 2.25710487 -1.11268425 1 1 1
v -0.452298909 2.23001242 -1.07443607 1 1 1
v -0.455546796 2.22071958 -1.05807972 1 1 1
v -0.343211144 2.22135425 -1.22862625 1 1 1
v -0.355764568 2.26508617 -1.20606279 1 1 1
v -0.359732538 2.26824093 -1.20328796 1 1 1
v -0.410547763 2.30965209 -1.16694462 1 1 1
v -0.334520102 2.19860196 -1.21191049 1 1 1
v -0.887553096 4.26737928 -1.94137812 1 1 1
v -0.892820716 4.26982641 -1.92278147 1 1 1
v -0.864530623 4.27290344 -1.89372122 1 1 1
v -0.842140615 4.2702446 -1.91121888 1 1 1
v -0.853848875 4.26653147 -1.94264209 1 1 1
v -0.892601967 4.40335321 -1.94209433 1 1 1
v -0.892930746 4.40331888 -1.94090748 1 1 1
v -0.893010437 4.40328217 -1.94061601 1 1 1
v -0.894806623 4.40101099 -1.9305079 1 1 1
v -0.89522934 4.37360001 -1.92573583 1 1 1
v -0.895422697 4.36155701 -1.92356801 1 1 1
v -0.892531276 4.29782391 -1.92770636 1 1 1
v -0.887185156 4.40284634 -1.96149659 1 1 1
v -0.888380885 4.40356636 -1.95729804 1 1 1
v -0.888813794 4.4037528 -1.95576763 1 1 1
v -0.877023578 4.40557146 -1.95848536 1 1 1
v -0.877933085 4.40534592 -1.95875764 1 1 1
v -0.851450145 4.4039135 -1.95930684 1 1 1
v -0.853510737 4.40451288 -1.95929563 1 1 1
v -0.861509562 4.40580082 -1.95912659 1 1 1
v -0.864137769 4.4062233 -1.95907104 1 1 1
v -0.875031412 4.40573978 -1.9585712 1 1 1
v -0.876274586 4.40566778 -1.95851207 1 1 1
v -0.876624525 4.40563297 -1.95849371 1 1 1
v -0.84186101 4.31141376 -1.91746759 1 1 1
v -0.845988929 4.40428257 -1.94459236 1 1 1
v -0.846477032 4.40627766 -1.94626868 1 1 1
v -0.848507404 4.4058547 -1.95175552 1 1 1
v -0.850861907 4.40412951 -1.95777285 1 1 1
v -0.841540158 4.30823755 -1.91604817 1 1 1
v -0.86348176 4.28877211 -1.89612269 1 1 1
v -0.859807432 4.31219673 -1.90135407 1 1 1
v -0.845456958 4.31976366 -1.91348588 1 1 1
v -0.925468147 7.07176018 -2.48981333 1 1 1
v -0.929691315 7.07063913 -2.49243307 1 1 1
v -0.925620973 7.07056665 -2.49400973 1 1 1
v -0.928286374 7.06874752 -2.49695063 1 1 1
v -0.923194349 7.06870079 -2.49712253 1 1 1
v -0.921452761 7.07056236 -2.49271107 1 1 1
v -0.868608713 4.27338791 -1.89053428 1 1 1
v -0.896675169 4.27161741 -1.90917373 1 1 1
v -0.895165622 4.85656881 -1.98689783 1 1 1
v -0.878958464 4.85339642 -1.97319269 1 1 1
v -0.914920866 5.41155386 -2.05376434 1 1 1
v -0.889542699 5.41672707 -2.02634287 1 1 1
v -0.890108109 4.88970757 -2.01146078 1 1 1
v -0.908891797 5.40726233 -2.08502245 1 1 1
v -0.869190156 4.89215422 -2.01242661 1 1 1
v -0.872685373 5.40809536 -2.08994365 1 1 1
v -0.862516761 4.86690092 -1.98899567 1 1 1
v -0.860378385 5.41381454 -2.05431533 1 1 1
v -0.924842834 5.97936106 -2.15029502 1 1 1
v -0.905115664 5.98174047 -2.14029837 1 1 1
v -0.923780024 5.9740386 -2.17971063 1 1 1
v -0.893926203 5.97573376 -2.17478013 1 1 1
v -0.88044256 5.98065615 -2.15037823 1 1 1
v -0.9378106 6.53975201 -2.26518774 1 1 1
v -0.922649205 6.54155159 -2.2600975 1 1 1
v -0.934576035 6.53390121 -2.28447461 1 1 1
v -0.915244877 6.53511763 -2.28153062 1 1 1
v -0.91142422 6.53955078 -2.26730132 1 1 1
v -0.948938072 7.08058929 -2.48902631 1 1 1
v -0.925110996 7.07744789 -2.48077893 1 1 1
v -0.933816314 7.0666914 -2.5037601 1 1 1
v -0.918539405 7.06637716 -2.50362921 1 1 1
v -0.915561795 7.07030344 -2.49076843 1 1 1
v -0.893010437 4.40328217 -1.94061601 1 1 1
v -0.892930746 4.40331888 -1.94090748 1 1 1
v -0.892601967 4.40335321 -1.94209433 1 1 1
v -0.888813794 4.4037528 -1.95576763 1 1 1
v -0.888380885 4.40356636 -1.95729804 1 1 1
v -0.887185156 4.40284634 -1.96149659 1 1 1
v -0.892820716 4.26982641 -1.92278147 1 1 1
v -0.892531276 4.29782391 -1.92770636 1 1 1
v -0.895422697 4.36155701 -1.92356801 1 1 1
v -0.89522934 4.37360001 -1.92573583 1 1 1
v -0.894806623 4.40101099 -1.9305079 1 1 1
v -0.876274586 4.40566778 -1.95851207 1 1 1
v -0.875031412 4.40573978 -1.9585712 1 1 1
v -0.864137769 4.4062233 -1.95907104 1 1 1
v -0.861509562 4.40580082 -1.95912659 1 1 1
v -0.853510737 4.40451288 -1.95929563 1 1 1
v -0.851450145 4.4039135 -1.95930684 1 1 1
v -0.877933085 4.40534592 -1.95875764 1 1 1
v -0.877023578 4.40557146 -1.95848536 1 1 1
v -0.876624525 4.40563297 -1.95849371 1 1 1
v -0.848507404 4.4058547 -1.95175552 1 1 1
v -0.846477032 4.40627766 -1.94626868 1 1 1
v -0.845988929 4.40428257 -1.94459236 1 1 1
v -0.84186101 4.31141376 -1.91746759 1 1 1
v -0.841540158 4.30823755 -1.91604817 1 1 1
v -0.850861907 4.40412951 -1.95777285 1 1 1
v -0.86348176 4.28877211 -1.89612269 1 1 1
v -0.864530623 4.27290344 -1.89372122 1 1 1
v -0.845456958 4.31976366 -1.91348588 1 1 1
v -0.859807432 4.31219673 -1.90135407 1 1 1
v -0.0883012265 3.01848412 2.74908447 1 1 1
v -0.102248684 3.0155561 2.74387383 1 1 1
v -0.0917193443 3.01769519 2.73658204 1 1 1
v -0.101340018 3.01367259 2.72884464 1 1 1
v -0.0868309736 3.01543641 2.72476625 1 1 1
v -0.0787724927 3.01840997 2.73727536 1 1 1
v -0.24899967 1.45441639 1.45661569 1 1 1
v -0.302533269 1.48534012 1.47811854 1 1 1
v -0.19370456 1.33468604 1.94606316 1 1 1
v -0.114993669 1.29023886 1.92627394 1 1 1
v -0.280418128 1.53846478 1.50320268 1 1 1
v -0.172851652 1.4246757 1.9339999 1 1 1
v -0.221538037 1.54940581 1.47595382 1 1 1
v -0.0905458331 1.43279684 1.90981019 1 1 1
v -0.198004395 1.49691081 1.44689059 1 1 1
v -0.034748368 1.34834635 1.90009308 1 1 1
v -0.0383082703 1.51693702 2.42649531 1 1 1
v 0.0282167178 1.48765326 2.43271613 1 1 1
v -0.0426227041 1.58094752 2.37880325 1 1 1
v 0.0297115445 1.57662225 2.36382961 1 1 1
v 0.0640902594 1.52923059 2.3917942 1 1 1
v 0.0314152725 1.9584409 2.72512126 1 1 1
v 0.0800308064 1.95172119 2.74300814 1 1 1
v 0.0314148441 1.97844541 2.67886782 1 1 1
v 0.0813492388 1.98876464 2.65779495 1 1 1
v 0.127553582 1.97015202 2.70346498 1 1 1
v -0.0330354869 2.48440003 2.82549667 1 1 1
v 0.00283701671 2.4892776 2.84436178 1 1 1
v -0.0431905016 2.48471498 2.77943254 1 1 1
v 0.00558368303 2.49211621 2.7719214 1 1 1
v 0.0325990058 2.49495268 2.80966783 1 1 1
v -0.112859562 3.01376843 2.75114298 1 1 1
v -0.0856942534 3.01559758 2.75711441 1 1 1
v -0.108187415 3.00862122 2.72335625 1 1 1
v -0.0834968314 3.01035976 2.71869826 1 1 1
v -0.0674000457 3.01811695 2.73800635 1 1 1
v -0.477372497 1.6070298 1.00742829 1 1 1
v -0.487010598 1.61379325 1.00659239 1 1 1
v -0.380467355 1.54517603 0.975180268 1 1 1
v -0.39021039 1.55105174 0.984629691 1 1 1
v -0.408647329 1.56107378 1.00075698 1 1 1
v -0.448049098 1.65100622 1.08774376 1 1 1
v -0.443261981 1.65521181 1.09773088 1 1 1
v -0.424749553 1.69443727 1.12473869 1 1 1
v -0.368247569 1.6988169 1.11173558 1 1 1
v -0.324190617 1.7260747 1.05141199 1 1 1
v -0.317390293 1.72862828 1.04571176 1 1 1
v -0.317183703 1.72945094 1.0439117 1 1 1
v -0.380558103 1.69832337 1.11303794 1 1 1
v -0.300407648 1.67718697 0.991016507 1 1 1
v -0.286731452 1.63547456 0.954899669 1 1 1
v -0.303711802 1.68658221 0.996184468 1 1 1
v -0.301402777 1.67997205 0.992341042 1 1 1
v -0.31740135 1.59099877 0.985342741 1 1 1
v -0.323251992 1.58333421 0.9900015 1 1 1
v -0.462228328 2.09091234 1.2700119 1 1 1
v -0.53375715 2.02016139 1.23095882 1 1 1
v -0.575708628 1.96575975 1.31419206 1 1 1
v -0.5301072 2.00288868 1.40468621 1 1 1
v -0.459972501 2.08023739 1.37738132 1 1 1
v -0.574162602 2.05914545 1.2376045 1 1 1
v -0.590489507 2.06231666 1.25041223 1 1 1
v -0.5964095 2.0537622 1.26286387 1 1 1
v -0.628247499 2.02933335 1.31233525 1 1 1
v -0.623153806 2.01509547 1.31829143 1 1 1
v -0.618752599 2.00851035 1.31934798 1 1 1
v -0.496590197 2.12174964 1.27467346 1 1 1
v -0.537642539 2.11544847 1.26465464 1 1 1
v -0.545682669 2.1004169 1.25770712 1 1 1
v -0.555001438 2.17100239 1.32732475 1 1 1
v -0.614276707 2.2200048 1.39097404 1 1 1
v -0.556853414 2.1724894 1.32986224 1 1 1
v -0.555395603 2.17131519 1.32791054 1 1 1
v -0.642361164 2.11193538 1.4127413 1 1 1
v -0.653337479 2.13565278 1.41153038 1 1 1
v -0.652071118 2.14008117 1.41057312 1 1 1
v -0.624038339 2.21681952 1.39337492 1 1 1
v -0.617822468 2.21865106 1.39187133 1 1 1
v -0.644173324 2.09696579 1.39565599 1 1 1
v -0.666624308 2.46867394 1.65867269 1 1 1
v -0.617147803 2.42565751 1.70803344 1 1 1
v -0.547534108 2.41057444 1.66727495 1 1 1
v -0.553986907 2.44426918 1.59272373 1 1 1
v -0.627588749 2.48017669 1.58740723 1 1 1
v -0.565987468 2.53709602 1.7524575 1 1 1
v -0.533575356 2.44187498 1.6799736 1 1 1
v -0.574402928 2.65762997 1.73609221 1 1 1
v -0.570109069 2.6499753 1.74058855 1 1 1
v -0.568905473 2.64725685 1.74187994 1 1 1
v -0.568785846 2.64712286 1.74200094 1 1 1
v -0.560815275 2.59390306 1.75246155 1 1 1
v -0.558417261 2.58858871 1.75510883 1 1 1
v -0.580361187 2.58559823 1.63686216 1 1 1
v -0.57358551 2.6075151 1.65402794 1 1 1
v -0.57402724 2.65491772 1.72995234 1 1 1
v -0.585793436 2.56973982 1.62563944 1 1 1
v -0.537767887 2.4809711 1.60845089 1 1 1
v -0.543861151 2.49530888 1.61171877 1 1 1
v -0.56816864 2.57915783 1.63329649 1 1 1
v -0.579714 2.57480311 1.62882245 1 1 1
v -0.526281178 2.46586537 1.6757232 1 1 1
v -0.53166765 2.46872139 1.64952683 1 1 1
v -0.53223151 2.48392248 1.62553442 1 1 1
v -1.51695061 5.50756168 2.56139827 1 1 1
v -1.51839387 5.50801039 2.55471492 1 1 1
v -1.51318336 5.50911903 2.55717707 1 1 1
v -1.51252031 5.50906181 2.55134678 1 1 1
v -1.50744689 5.50926352 2.55594754 1 1 1
v -1.510185 5.50833654 2.56215978 1 1 1
v -0.987554789 3.40510225 2.11053085 1 1 1
v -0.970030904 3.37871552 2.12601495 1 1 1
v -0.751840651 2.87075734 1.91168153 1 1 1
v -0.759128809 2.87839031 1.888816 1 1 1
v -0.766681135 2.89190912 1.89061594 1 1 1
v -0.781414926 2.91666532 1.88677561 1 1 1
v -0.784053445 2.92034698 1.882671 1 1 1
v -0.705750465 2.89005804 1.92071581 1 1 1
v -0.948423743 3.39769578 2.13858938 1 1 1
v -1.20105577 3.85022283 2.30549049 1 1 1
v -1.19230461 3.84130669 2.34325814 1 1 1
v -0.995079041 3.47112322 2.12794709 1 1 1
v -1.17063582 3.86508584 2.29334879 1 1 1
v -0.973289609 3.46991563 2.14327288 1 1 1
v -1.14153957 3.86897469 2.31439376 1 1 1
v -1.14462411 3.85209489 2.36435413 1 1 1
v -1.36296594 4.38300228 2.43573284 1 1 1
v -1.35784256 4.37950182 2.46402144 1 1 1
v -1.33973801 4.39079571 2.42372489 1 1 1
v -1.31911516 4.39295578 2.44133306 1 1 1
v -1.32866335 4.38605547 2.46820116 1 1 1
v -1.45436811 4.9443984 2.49882412 1 1 1
v -1.45379686 4.94277668 2.51648784 1 1 1
v -1.44128346 4.94732285 2.48970914 1 1 1
v -1.42486382 4.9488039 2.50050402 1 1 1
v -1.42841625 4.94554043 2.52907658 1 1 1
v -1.52065861 5.50409937 2.55313349 1 1 1
v -1.52444983 5.50720549 2.56968069 1 1 1
v -1.51150107 5.51435375 2.53690457 1 1 1
v -1.49723697 5.51181936 2.55391335 1 1 1
v -1.50810957 5.50475597 2.56466126 1 1 1
v -0.848836005 3.14438963 1.96463585 1 1 1
v -0.810878277 3.01099515 1.91647553 1 1 1
v -0.832282901 3.17282414 2.00069928 1 1 1
v -0.830120027 3.17277288 2.00248289 1 1 1
v -0.828564942 3.17213726 2.00320435 1 1 1
v -0.80811584 3.14186859 1.99216175 1 1 1
v -0.848787785 3.17163467 1.98743594 1 1 1
v -0.847227931 3.17166686 1.98842037 1 1 1
v -0.846585393 3.17215061 1.98921907 1 1 1
v -0.723813057 2.95078731 1.92704654 1 1 1
v -0.700467825 2.90052342 1.90519309 1 1 1
v 1.33980882 2.61701083 -0.63125062 1 1 1
v 1.25622046 2.54180717 -0.58542192 1 1 1
v 1.30291021 2.48985577 -0.486104459 1 1 1
v 1.41535461 2.53295159 -0.470551461 1 1 1
v 1.43815923 2.61153769 -0.560256779 1 1 1
v 1.23434365 2.58946443 -0.549233437 1 1 1
v 1.23130846 2.59957075 -0.531814396 1 1 1
v 1.24468195 2.5882504 -0.490734339 1 1 1
v 1.25625634 2.57818222 -0.456141561 1 1 1
v 1.27217853 2.55435824 -0.438559711 1 1 1
v 1.296785 2.70472717 -0.563253582 1 1 1
v 1.29391754 2.7004087 -0.562292099 1 1 1
v 1.36260223 2.71848607 -0.495056927 1 1 1
v 1.34504628 2.72331047 -0.503245711 1 1 1
v 1.31080687 2.71027708 -0.54540956 1 1 1
v 1.38661957 2.71237969 -0.4832789 1 1 1
v 1.39770293 2.56822777 -0.444860429 1 1 1
v 1.39157999 2.60479617 -0.447024196 1 1 1
v 1.38470113 2.66012144 -0.455937713 1 1 1
v 1.37909758 2.57405233 -0.438223064 1 1 1
v 1.29183626 2.56163883 -0.436012805 1 1 1
v 1.33747089 2.57951379 -0.429439366 1 1 1
v 1.83813906 3.47090268 -0.751076877 1 1 1
v 1.88464034 3.39081287 -0.779398322 1 1 1
v 1.8251214 3.3403511 -0.836756647 1 1 1
v 1.74183536 3.38925385 -0.843884647 1 1 1
v 1.74988055 3.46993923 -0.790931582 1 1 1
v 1.83901405 3.35924792 -0.867979228 1 1 1
v 1.90479732 3.4193511 -0.825939298 1 1 1
v 1.90056908 3.41721892 -0.838384271 1 1 1
v 1.90303314 3.55960202 -0.900744081 1 1 1
v 1.91244054 3.53094411 -0.899630368 1 1 1
v 1.91171086 3.49862409 -0.880737543 1 1 1
v 1.90884793 3.43417907 -0.840569079 1 1 1
v 1.78255951 3.51457143 -0.864119589 1 1 1
v 1.79571211 3.52064896 -0.869967282 1 1 1
v 1.85156918 3.54767585 -0.897216499 1 1 1
v 1.88293719 3.55529523 -0.898719609 1 1 1
v 1.75173044 3.40273428 -0.865752459 1 1 1
v 1.7756536 3.48908949 -0.864081085 1 1 1
v 1.83423233 3.37367487 -0.882308722 1 1 1
v 1.78276348 3.39786673 -0.879490793 1 1 1
v 1.77578962 3.40168309 -0.879754007 1 1 1
v 1.83662641 3.36712265 -0.875938177 1 1 1
v 2.21926022 4.34202814 -0.934065104 1 1 1
v 2.25889301 4.28882647 -0.890791535 1 1 1
v 2.30939555 4.25103903 -0.938701153 1 1 1
v 2.30097508 4.28088617 -1.01158464 1 1 1
v 2.24526834 4.33712101 -1.00871933 1 1 1
v 2.28874803 4.31796217 -0.882155478 1 1 1
v 2.3191154 4.32016993 -0.893064499 1 1 1
v 2.32104611 4.3085022 -0.902236342 1 1 1
v 2.33213949 4.27586508 -0.930217981 1 1 1
v 2.32719612 4.26826572 -0.93363148 1 1 1
v 2.3267343 4.4450736 -0.904281735 1 1 1
v 2.40713739 4.49561453 -0.963103473 1 1 1
v 2.38964462 4.48989058 -0.937250733 1 1 1
v 2.38433409 4.48658657 -0.933630407 1 1 1
v 2.33086181 4.44827509 -0.905962348 1 1 1
v 2.39138913 4.40583467 -0.979066193 1 1 1
v 2.40799117 4.44735765 -0.969901145 1 1 1
v 2.40705991 4.45377636 -0.968911409 1 1 1
v 2.31299257 4.29268217 -1.00808954 1 1 1
v 2.34450078 4.33161306 -0.99755013 1 1 1
v 2.35477996 4.34185076 -0.994535208 1 1 1
v 2.32819963 4.27471733 -0.943512678 1 1 1
v 2.34036803 4.31267023 -0.988606095 1 1 1
v 2.326056 4.29916 -0.993313491 1 1 1
v 2.61768126 5.82876587 -1.17900896 1 1 1
v 2.61721325 5.80664444 -1.1843406 1 1 1
v 2.6226306 5.7888279 -1.20735312 1 1 1
v 2.62237859 5.77667332 -1.21029878 1 1 1
v 2.62054968 5.7461381 -1.21383703 1 1 1
v 2.59031677 5.42102385 -1.21674693 1 1 1
v 2.58538699 5.37534761 -1.21495175 1 1 1
v 2.57915497 5.32185793 -1.20968878 1 1 1
v 2.56818366 5.32223511 -1.16461527 1 1 1
v 2.60424709 5.74334478 -1.15904605 1 1 1
v 2.51396036 5.32678461 -1.16049576 1 1 1
v 2.52675176 5.47976637 -1.1583128 1 1 1
v 2.53467202 5.51215649 -1.15823758 1 1 1
v 2.56479669 5.63328218 -1.15799403 1 1 1
v 2.50401878 5.32792711 -1.18484688 1 1 1
v 2.51155591 5.37204647 -1.17473137 1 1 1
v 2.5255456 5.49274874 -1.16349995 1 1 1
v 2.60413241 5.65320826 -1.21945083 1 1 1
v 2.6036377 5.64864731 -1.21953499 1 1 1
v 2.60072827 5.62134457 -1.2200073 1 1 1
v 2.59035945 5.47203064 -1.21918118 1 1 1
v -1.60046363 1.94860613 -0.200471058 1 1 1
v -1.57304978 1.89255071 -0.281078249 1 1 1
v -1.64251876 1.86487055 -0.318055958 1 1 1
v -1.66843545 1.86334825 -0.319337279 1 1 1
v -1.73781228 1.89387906 -0.273580372 1 1 1
v -1.70229244 1.94942713 -0.195837051 1 1 1
v -1.57566512 1.9348259 -0.310089111 1 1 1
v -1.59935832 1.92329991 -0.321371228 1 1 1
v -1.62875247 1.90558505 -0.333190262 1 1 1
v -1.63717389 1.87200308 -0.318400681 1 1 1
v -1.5904752 1.9806689 -0.279842913 1 1 1
v -1.57691681 1.94069648 -0.308901846 1 1 1
v -1.60319471 2.00989103 -0.245503739 1 1 1
v -1.59931552 2.00654984 -0.261283427 1 1 1
v -1.66486979 2.05741501 -0.277344853 1 1 1
v -1.63678622 2.0398581 -0.265850991 1 1 1
v -1.70312905 2.08142805 -0.293072999 1 1 1
v -1.73667324 1.98066938 -0.333547145 1 1 1
v -1.73381662 1.99519968 -0.334688663 1 1 1
v -1.73259926 2.00719333 -0.339437693 1 1 1
v -1.71551728 2.06226516 -0.322885841 1 1 1
v -1.71397984 2.06682515 -0.321104616 1 1 1
v -2.18306279 2.91402578 -0.326137245 1 1 1
v -2.17374706 2.9145534 -0.360426456 1 1 1
v -2.21784568 2.89524722 -0.369799644 1 1 1
v -2.23017168 2.89115429 -0.359105766 1 1 1
v -2.21837401 2.89953923 -0.323705733 1 1 1
v -2.23612761 3.04626799 -0.341062367 1 1 1
v -2.23499608 3.04619932 -0.345021218 1 1 1
v -2.23297238 3.04607677 -0.352101594 1 1 1
v -2.22957897 3.04428601 -0.361509651 1 1 1
v -2.22680378 3.04044223 -0.365706205 1 1 1
v -2.22556448 3.03871942 -0.369925886 1 1 1
v -2.2368207 3.04572105 -0.337722868 1 1 1
v -2.27280164 3.03127646 -0.337327033 1 1 1
v -2.26951122 3.03299737 -0.337595433 1 1 1
v -2.26821423 3.03386164 -0.337722182 1 1 1
v -2.2659359 3.03537965 -0.337944835 1 1 1
v -2.25997806 3.03865361 -0.338448644 1 1 1
v -2.25723839 3.04015899 -0.338680267 1 1 1
v -2.25297642 3.04177523 -0.338958859 1 1 1
v -2.24622512 3.04398704 -0.339187264 1 1 1
v -2.24231005 3.04508686 -0.338586241 1 1 1
v -2.23107266 2.89325047 -0.359318435 1 1 1
v -2.2341311 2.90212369 -0.358439177 1 1 1
v -2.26931715 3.00103188 -0.351217687 1 1 1
v -2.27037358 3.00510621 -0.349995345 1 1 1
v -2.2764852 3.02418399 -0.347013205 1 1 1
v -2.27549601 3.02964282 -0.342099696 1 1 1
v -2.23645353 2.92446423 -0.368027836 1 1 1
v 0.481454492 1.11565137 0.740246475 1 1 1
v 0.436587632 1.03663802 0.619536042 1 1 1
v 0.286448777 1.04944825 0.608518541 1 1 1
v 0.258197099 1.10069454 0.675664127 1 1 1
v 0.324739665 1.16564846 0.78065902 1 1 1
v 0.359044731 1.17729473 0.803832352 1 1 1
v 0.314640552 1.17677832 0.524275959 1 1 1
v 0.308596283 1.18043101 0.521073401 1 1 1
v 0.306773245 1.179793 0.52130264 1 1 1
v 0.444825917 1.12418497 0.563377023 1 1 1
v 0.405841589 1.16284549 0.537788808 1 1 1
v 0.403175592 1.16713262 0.534981906 1 1 1
v 0.361130983 1.17149425 0.531398594 1 1 1
v 0.489908844 1.22425246 0.660916805 1 1 1
v 0.479428917 1.19714737 0.642142534 1 1 1
v 0.36991626 1.25275004 0.743401647 1 1 1
v 0.384386837 1.25501812 0.729416728 1 1 1
v 0.417483836 1.26362598 0.695115268 1 1 1
v 0.445993632 1.25593889 0.675790787 1 1 1
v 0.485043466 1.23656845 0.656585336 1 1 1
v 0.305961341 1.17664063 0.751765549 1 1 1
v 0.324272662 1.19961238 0.748497844 1 1 1
v 0.355134934 1.24485326 0.736776948 1 1 1
v 0.274176598 1.17890573 0.612740576 1 1 1
v 0.271158785 1.17015541 0.623223066 1 1 1
v 0.257524401 1.13659382 0.66919297 1 1 1
v 0.256221265 1.13404906 0.67343235 1 1 1
v 0.274946719 1.17904639 0.61055249 1 1 1
v 0.27480343 1.17905951 0.61095047 1 1 1
v 0.274772912 1.17905891 0.611036003 1 1 1
v 0.274263263 1.17895758 0.612485945 1 1 1
v 0.843972683 1.75986433 1.35796082 1 1 1
v 0.876750112 1.69787276 1.35857069 1 1 1
v 0.89850527 1.6842196 1.29331732 1 1 1
v 0.879173219 1.7377733 1.25237846 1 1 1
v 0.84547025 1.78452444 1.29233038 1 1 1
v 0.884324253 1.70198035 1.36016166 1 1 1
v 0.953825951 1.73614776 1.36509097 1 1 1
v 0.959335148 1.73809636 1.36339748 1 1 1
v 0.943303227 1.70873594 1.30354249 1 1 1
v 1.02123022 1.85150576 1.3942461 1 1 1
v 1.01820123 1.84595549 1.39331818 1 1 1
v 0.987588882 1.80289674 1.38494742 1 1 1
v 1.02945495 1.88009191 1.33352292 1 1 1
v 1.0538758 1.88505197 1.36032772 1 1 1
v 1.03140688 1.87016213 1.36418736 1 1 1
v 0.965732574 1.80050051 1.28340042 1 1 1
v 1.01779687 1.86667597 1.32444036 1 1 1
v 0.938634872 1.76939166 1.26530266 1 1 1
v 0.948107779 1.71754074 1.30112207 1 1 1
v 0.957419276 1.72599375 1.30133533 1 1 1
v 0.944188476 1.76147783 1.27398205 1 1 1
v 0.944316149 1.76759708 1.27021158 1 1 1
v 0.226752684 1.0931648 -0.400932282 1 1 1
v 0.226081967 1.09998631 -0.34969005 1 1 1
v 0.212838665 1.12690568 -0.357809246 1 1 1
v 0.206572145 1.1281544 -0.470379293 1 1 1
v 0.225600988 1.08827949 -0.470026135 1 1 1
v 0.232636765 1.07807469 -0.426942587 1 1 1
v 0.230995357 1.08204699 -0.421931803 1 1 1
v 0.108016267 1.0754627 -0.50137341 1 1 1
v 0.130530015 1.05266833 -0.498350441 1 1 1
v 0.141506374 1.0522269 -0.495633543 1 1 1
v 0.196398675 1.05358052 -0.481631666 1 1 1
v 0.204061672 1.06355655 -0.478536993 1 1 1
v 0.106189035 1.06576681 -0.292276382 1 1 1
v 0.183225557 0.930796564 -0.307769835 1 1 1
v 0.162943363 0.919805288 -0.33687973 1 1 1
v 0.116814539 0.939970553 -0.37086913 1 1 1
v 0.113088675 0.940516531 -0.374386877 1 1 1
v 0.0991373658 0.946655631 -0.383935869 1 1 1
v 0.092283763 0.949357986 -0.38837868 1 1 1
v 0.0499613695 1.00069356 -0.396409929 1 1 1
v 0.0482115783 1.00271869 -0.396796465 1 1 1
v 0.0379879661 1.01994181 -0.39603588 1 1 1
v 0.036495652 1.02429771 -0.394893318 1 1 1
v 0.0361332744 1.02575433 -0.394284427 1 1 1
v 0.0344559811 1.0306474 -0.392552972 1 1 1
v 0.204924792 1.1216073 -0.334629774 1 1 1
v 0.225457147 1.0930289 -0.339288503 1 1 1
v 0.221789032 1.03310335 -0.33174327 1 1 1
v 0.221764997 1.03290379 -0.331713736 1 1 1
v 0.217667058 1.01352298 -0.328194529 1 1 1
v 0.216761738 1.00990033 -0.327485085 1 1 1
v 0.216843426 1.00426042 -0.326933175 1 1 1
v 0.217339888 0.998080373 -0.326479197 1 1 1
v 0.190312758 0.944086075 -0.311401188 1 1 1
v 0.0386879705 1.02031076 -0.397229195 1 1 1
v 0.0475982502 1.02070165 -0.409244388 1 1 1
v 0.0465243496 1.02514029 -0.411102682 1 1 1
v 0.0462290049 1.02559125 -0.411046416 1 1 1
v 0.797075212 -0.0134037752 -0.455045223 1 1 1
v 0.804958522 -0.00823294185 -0.443072945 1 1 1
v 0.808341324 -0.00685962616 -0.455591679 1 1 1
v 0.81635648 0.000414686743 -0.448319167 1 1 1
v 0.815517545 0.000588412397 -0.463533789 1 1 1
v 0.803601027 -0.00795187615 -0.467690736 1 1 1
v 0.3813591 0.71795553 -0.450585753 1 1 1
v 0.384168923 0.718288898 -0.393895894 1 1 1
v 0.21391435 1.12669134 -0.338485897 1 1 1
v 0.212838665 1.12690568 -0.357809246 1 1 1
v 0.226081967 1.09998631 -0.34969005 1 1 1
v 0.226752684 1.0931648 -0.400932282 1 1 1
v 0.230995357 1.08204699 -0.421931803 1 1 1
v 0.232636765 1.07807469 -0.426942587 1 1 1
v 0.225600988 1.08827949 -0.470026135 1 1 1
v 0.309748411 0.669216037 -0.41912359 1 1 1
v 0.329517454 0.697218239 -0.467169642 1 1 1
v 0.0943089426 1.06813419 -0.505684137 1 1 1
v 0.0322688222 1.02957654 -0.395610422 1 1 1
v 0.0379879661 1.01994181 -0.39603588 1 1 1
v 0.0386879705 1.02031076 -0.397229195 1 1 1
v 0.0462290049 1.02559125 -0.411046416 1 1 1
v 0.0465243496 1.02514029 -0.411102682 1 1 1
v 0.0475982502 1.02070165 -0.409244388 1 1 1
v 0.0482115783 1.00271869 -0.396796465 1 1 1
v 0.35444954 0.663015962 -0.377223551 1 1 1
v 0.540655375 0.333762228 -0.388105035 1 1 1
v 0.506815135 0.313911319 -0.435304672 1 1 1
v 0.586952806 0.36549294 -0.409288317 1 1 1
v 0.586148977 0.368035555 -0.471251339 1 1 1
v 0.532653451 0.333567053 -0.49328503 1 1 1
v 0.801828086 -0.00967130531 -0.43117857 1 1 1
v 0.787878036 -0.0158525147 -0.454566747 1 1 1
v 0.830011845 0.0068550813 -0.438486278 1 1 1
v 0.8170017 0.00779952202 -0.467628837 1 1 1
v 0.799007177 -0.00777823944 -0.477365375 1 1 1
v 0.0499613695 1.00069356 -0.396409929 1 1 1
v 0.092283763 0.949357986 -0.38837868 1 1 1
v 0.0991373658 0.946655631 -0.383935869 1 1 1
v 0.113088675 0.940516531 -0.374386877 1 1 1
v 0.116814539 0.939970553 -0.37086913 1 1 1
v 0.162943363 0.919805288 -0.33687973 1 1 1
v 0.183225557 0.930796564 -0.307769835 1 1 1
v 0.0344559811 1.0306474 -0.392552972 1 1 1
v 0.0361332744 1.02575433 -0.394284427 1 1 1
v 0.036495652 1.02429771 -0.394893318 1 1 1
v 0.190312758 0.944086075 -0.311401188 1 1 1
v 0.217339888 0.998080373 -0.326479197 1 1 1
v 0.216843426 1.00426042 -0.326933175 1 1 1
v 0.216761738 1.00990033 -0.327485085 1 1 1
v 0.217667058 1.01352298 -0.328194529 1 1 1
v 0.221764997 1.03290379 -0.331713736 1 1 1
v 0.221789032 1.03310335 -0.33174327 1 1 1
v 0.225457147 1.0930289 -0.339288503 1 1 1
v 0.204924792 1.1216073 -0.334629774 1 1 1
v 0.204061672 1.06355655 -0.478536993 1 1 1
v 0.196398675 1.05358052 -0.481631666 1 1 1
v 0.141506374 1.0522269 -0.495633543 1 1 1
v 0.130530015 1.05266833 -0.498350441 1 1 1
v 0.108016267 1.0754627 -0.50137341 1 1 1
v 0.258770764 1.38861179 -0.71454531 1 1 1
v 0.287927896 1.31414092 -0.727288783 1 1 1
v 0.228094652 1.26121926 -0.713957787 1 1 1
v 0.161958367 1.30298269 -0.692975283 1 1 1
v 0.180917233 1.38171566 -0.693338394 1 1 1
v 0.217749521 1.26407826 -0.750980973 1 1 1
v 0.265103102 1.31933165 -0.801535249 1 1 1
v 0.213056907 1.39273751 -0.866874397 1 1 1
v 0.214291662 1.38866043 -0.868826568 1 1 1
v 0.234763712 1.35091603 -0.855524719 1 1 1
v 0.240831628 1.34850538 -0.83815521 1 1 1
v 0.166646391 1.38393593 -0.748435378 1 1 1
v 0.173954025 1.38631058 -0.779667914 1 1 1
v 0.178749353 1.38723969 -0.789510787 1 1 1
v 0.205303997 1.39231062 -0.848969221 1 1 1
v 0.161690816 1.36001909 -0.745634019 1 1 1
v 0.155773059 1.30481291 -0.717778623 1 1 1
v 0.161128342 1.35400379 -0.742290795 1 1 1
v 0.211517274 1.26739073 -0.755839348 1 1 1
v 0.210262626 1.26782918 -0.759323299 1 1 1
v 0.168098643 1.29478455 -0.742326975 1 1 1
v 0.16691196 1.2957294 -0.73980552 1 1 1
v -0.622772932 0.0654808655 0.491359204 1 1 1
v -0.590973437 0.0607954338 0.451617509 1 1 1
v -0.590756595 0.0608060546 0.451236308 1 1 1
v -0.590706706 0.0608718358 0.450984687 1 1 1
v -0.577159882 0.0685672164 0.40897283 1 1 1
v -0.577982426 0.0695327446 0.407815725 1 1 1
v -0.590573549 0.0800282583 0.401190341 1 1 1
v -0.599262953 0.0883118808 0.393925309 1 1 1
v -0.602738798 0.0904013067 0.394187242 1 1 1
v -0.607689023 0.0940693319 0.392768532 1 1 1
v -0.650569737 0.0753559172 0.511141419 1 1 1
v -0.640032411 0.0735165253 0.498714507 1 1 1
v -0.622733533 0.137675062 0.488429904 1 1 1
v -0.648003697 0.0856463686 0.514933586 1 1 1
v -0.599053681 0.109028146 0.380760729 1 1 1
v -0.585321188 0.164825678 0.395504326 1 1 1
v -0.617275774 0.148196563 0.481866986 1 1 1
v -0.517629325 0.165063605 0.421890557 1 1 1
v -0.529469252 0.159548312 0.451302588 1 1 1
v -0.558455229 0.155635849 0.463692516 1 1 1
v -0.576997042 0.151630238 0.480960757 1 1 1
v -0.61356169 0.148527816 0.482865363 1 1 1
v -0.521375299 0.142313555 0.447882116 1 1 1
v -0.503950298 0.127780557 0.420934379 1 1 1
v -0.508127272 0.133824438 0.425395548 1 1 1
vt 1 0 0
vt 1 0.193641856 0
vt 0.888851225 0.193641856 0
vt 0.888851225 0 0
vt 0.777752757 0.193641856 0
vt 0.777752757 0 0
vt 0.666630566 0.193641856 0
vt 0.666630566 0 0
vt 0.555557072 0.193641856 0
vt 0.555557072 0 0
vt 0.444443464 0.193641856 0
vt 0.444443464 0 0
vt 0.333369911 0.193641856 0
vt 0.333369911 0 0
vt 0.222247541 0.193641856 0
vt 0.222247541 0 0
vt 0.111148894 0.193641856 0
vt 0.111148894 0 0
vt 0 0.193641856 0
vt 0 0 0
vt 1 0.548974395 0
vt 0.888851225 0.548974395 0
vt 0.777752757 0.548974395 0
vt 0.666630566 0.548974395 0
vt 0.555557072 0.548974395 0
vt 0.444443464 0.548974395 0
vt 0.333369911 0.548974395 0
vt 0.222247541 0.548974395 0
vt 0.111148894 0.548974395 0
vt 0 0.548974395 0
vt 1 1 0
vt 0.888851225 1 0
vt 0.777752757 1 0
vt 0.666630566 1 0
vt 0.555557072 1 0
vt 0.444443464 1 0
vt 0.333369911 1 0
vt 0.222247541 1 0
vt 0.111148894 1 0
vt 0 1 0
vt 0.0600308701 0.222421482 0
vt 0.13810502 0.267624766 0
vt 0.0887957141 0.549078286 0
vt 0 0.564644635 0
vt 0.230927378 0.796832502 0
vt 0.172880903 0.865896404 0
vt 0.499373466 0.894573689 0
vt 0.499297529 0.984777153 0
vt 0.767902732 0.797379494 0
vt 0.825824618 0.866569698 0
vt 0.911053658 0.550166547 0
vt 0.999893188 0.565957904 0
vt 0.861685872 0.268890321 0
vt 0.939883053 0.223928794 0
vt 0.643296003 0.0847207084 0
vt 0.674294472 0 0
vt 0.357666939 0.0847667903 0
vt 0.326982349 0 0
vt 0.294239104 0.358037859 0
vt 0.266252697 0.517950118 0
vt 0.346983522 0.658709228 0
vt 0.499501735 0.71422565 0
vt 0.652056158 0.659015059 0
vt 0.733385324 0.518566847 0
vt 0.70533371 0.358771443 0
vt 0.581269085 0.254127383 0
vt 0.41899693 0.254172295 0
vt 0.499660164 0.476994634 0
vt 1 0.535360813 0
vt 1 1.36426485 0
vt 0.888851166 1.36426485 0
vt 0.888851166 0.535360813 0
vt 0.777752638 1.36426485 0
vt 0.777752638 0.535360813 0
vt 0.666630566 1.36426485 0
vt 0.666630566 0.535360813 0
vt 0.555557013 1.36426485 0
vt 0.555557013 0.535360813 0
vt 0.444443405 1.36426485 0
vt 0.444443405 0.535360813 0
vt 0.333369911 1.36426485 0
vt 0.333369911 0.535360813 0
vt 0.222247541 1.36426485 0
vt 0.222247541 0.535360813 0
vt 0.111148894 1.36426485 0
vt 0.111148894 0.535360813 0
vt 0 1.36426485 0
vt 0 0.535360813 0
vt 1 3.00000024 0
vt 0.888851166 3.00000024 0
vt 0.777752638 3.00000024 0
vt 0.666630566 3.00000024 0
vt 0.555557013 3.00000024 0
vt 0.444443405 3.00000024 0
vt 0.333369911 3.00000024 0
vt 0.222247541 3.00000024 0
vt 0.111148894 3.00000024 0
vt 0 3.00000024 0
vt 0.940968812 0.143221736 0
vt 1 0.189404607 0
vt 0.888851166 0.121907465 0
vt 0.777752638 0.396471053 0
vt 0.778201401 0.395718396 0
vt 0.824467838 0.16871348 0
vt 0.807953537 0.117273614 0
vt 0.860231638 0.134550169 0
vt 0.666630566 0.461629212 0
vt 0.56019181 0.394740403 0
vt 0.568713665 0.39798227 0
vt 0.644699395 0.461364031 0
vt 0.666630626 0.461629182 0
vt 0.555557013 0.400959492 0
vt 0.449475586 0.449620843 0
vt 0.555557013 0.400959522 0
vt 0.444443405 0.443901092 0
vt 0.357777596 0.260707647 0
vt 0.444443434 0.443901122 0
vt 0.333369911 0.21030733 0
vt 0.358879089 0.222882822 0
vt 0.222247511 0.128196687 0
vt 0.275338769 0.123042859 0
vt 0.317004144 0.203342676 0
vt 0.333369911 0.210307315 0
vt 0.111148909 0.173869178 0
vt 0.173692718 0.163373023 0
vt 0.213710338 0.135999024 0
vt 0.222247526 0.128196672 0
vt 0.0186975915 0.218823642 0
vt 0.0728146434 0.195772082 0
vt 0.111148886 0.173869178 0
vt 1.23400061e-17 0.535360813 0
vt 9.769201e-10 0.189404607 0
vt 1 0.649081707 0
vt 1 1.48728478 0
vt 0.888851166 1.48728478 0
vt 0.888851166 0.649081707 0
vt 0.777752638 1.48728478 0
vt 0.777752638 0.649081707 0
vt 0.666630566 1.48728478 0
vt 0.666630566 0.649081707 0
vt 0.555557013 1.48728478 0
vt 0.555557013 0.649081707 0
vt 0.444443405 1.48728478 0
vt 0.444443405 0.649081707 0
vt 0.333369911 1.48728478 0
vt 0.333369911 0.649081707 0
vt 0.222247541 1.48728478 0
vt 0.222247541 0.649081707 0
vt 0.111148894 1.48728478 0
vt 0.111148894 0.649081707 0
vt 0 1.48728478 0
vt 0 0.649081707 0
vt 1 2.7120316 0
vt 0.888851166 2.7120316 0
vt 0.777752638 2.7120316 0
vt 0.666630566 2.7120316 0
vt 0.555557013 2.7120316 0
vt 0.444443405 2.7120316 0
vt 0.333369911 2.7120316 0
vt 0.222247541 2.7120316 0
vt 0.111148894 2.7120316 0
vt 0 2.7120316 0
vt 1 4.99999952 0
vt 0.888851166 4.99999952 0
vt 0.777752638 4.99999952 0
vt 0.666630566 4.99999952 0
vt 0.555557013 4.99999952 0
vt 0.444443405 4.99999952 0
vt 0.333369911 4.99999952 0
vt 0.222247541 4.99999952 0
vt 0.111148894 4.99999952 0
vt 0 4.99999952 0
vt 0.945794582 0.163261607 0
vt 1 0.155827701 0
vt 0.888851166 0.10610263 0
vt 0.777752638 0.308648825 0
vt 0.836419821 0.163066387 0
vt 0.834610343 0.137210101 0
vt 0.888851106 0.10610263 0
vt 0.666630566 0.363316238 0
vt 0.767182827 0.333653271 0
vt 0.777752638 0.308648854 0
vt 0.555557013 0.268969536 0
vt 0.574079812 0.279460222 0
vt 0.577950358 0.277940363 0
vt 0.652358294 0.359214067 0
vt 0.666630566 0.363316208 0
vt 0.444443405 0.25083214 0
vt 0.518482447 0.247600272 0
vt 0.333369911 0.14783749 0
vt 0.421699882 0.245289832 0
vt 0.261538476 0.14060612 0
vt 0.289536238 0.122927263 0
vt 0.32440275 0.0872728825 0
vt 0.331005037 0.146052375 0
vt 0.222247541 0.137236699 0
vt 0.157876596 0.155472755 0
vt 0.111148909 0.169659898 0
vt -3.6146372e-10 0.155827701 0
vt 0.0194199998 0.158546612 0
vt 0.103178352 0.174309388 0
vt 0.111148886 0.169659883 0
vt 1 0.588760734 0
vt 1 1.28705597 0
vt 0.888851166 1.28705597 0
vt 0.888851166 0.588760734 0
vt 0.777752638 1.28705597 0
vt 0.777752638 0.588760734 0
vt 0.666630566 1.28705597 0
vt 0.666630566 0.588760734 0
vt 0.555557013 1.28705597 0
vt 0.555557013 0.588760734 0
vt 0.444443405 1.28705597 0
vt 0.444443405 0.588760734 0
vt 0.333369911 1.28705597 0
vt 0.333369911 0.588760734 0
vt 0.222247541 1.28705597 0
vt 0.222247541 0.588760734 0
vt 0.111148894 1.28705597 0
vt 0.111148894 0.588760734 0
vt 0 1.28705597 0
vt 0 0.588760734 0
vt 1 2.12826657 0
vt 0.888851166 2.12826657 0
vt 0.777752638 2.12826657 0
vt 0.666630566 2.12826657 0
vt 0.555557013 2.12826657 0
vt 0.444443405 2.12826657 0
vt 0.333369911 2.12826657 0
vt 0.222247541 2.12826657 0
vt 0.111148894 2.12826657 0
vt 0 2.12826657 0
vt 1 3.17571664 0
vt 0.888851166 3.17571664 0
vt 0.777752638 3.17571664 0
vt 0.666630566 3.17571664 0
vt 0.555557013 3.17571664 0
vt 0.444443405 3.17571664 0
vt 0.333369911 3.17571664 0
vt 0.222247541 3.17571664 0
vt 0.111148894 3.17571664 0
vt 0 3.17571664 0
vt 1 4.59867382 0
vt 0.888851166 4.59867382 0
vt 0.777752638 4.59867382 0
vt 0.666630566 4.59867382 0
vt 0.555557013 4.59867382 0
vt 0.444443405 4.59867382 0
vt 0.333369911 4.59867382 0
vt 0.222247541 4.59867382 0
vt 0.111148894 4.59867382 0
vt 0 4.59867382 0
vt 1 7 0
vt 0.888851166 7 0
vt 0.777752638 7 0
vt 0.666630566 7 0
vt 0.555557013 7 0
vt 0.444443405 7 0
vt 0.333369911 7 0
vt 0.222247541 7 0
vt 0.111148894 7 0
vt 0 7 0
vt 0.888851106 0.11208801 0
vt 0.908382773 0.126163349 0
vt 0.946547508 0.121098891 0
vt 0.988619626 0.122546718 0
vt 1 0.128073961 0
vt 0.846538961 0.111388832 0
vt 0.888851166 0.11208801 0
vt 0.777752638 0.144720092 0
vt 0.711197913 0.305321544 0
vt 0.735103011 0.153284371 0
vt 0.765657187 0.152668536 0
vt 0.777752697 0.144720092 0
vt 0.666630626 0.376058012 0
vt 0.555557013 0.412403017 0
vt 0.608937621 0.424158514 0
vt 0.444443405 0.398946434 0
vt 0.491010606 0.338041514 0
vt 0.333369911 0.440459996 0
vt 0.354576975 0.451247215 0
vt 0.444443434 0.398946464 0
vt 0.222247541 0.165104151 0
vt 0.274531245 0.262681603 0
vt 0.295284092 0.272499889 0
vt 0.309038103 0.391629636 0
vt 0.333369881 0.440459996 0
vt 0.111148909 0.104770727 0
vt 0.112787381 0.10263671 0
vt 0.201812223 0.122047111 0
vt 0.199843928 0.137525499 0
vt 0.222247556 0.165104136 0
vt 2.14706586e-09 0.128073961 0
vt 0.00177532178 0.129305959 0
vt 0.00796697848 0.126478538 0
vt 0.0399110429 0.139500588 0
vt 0.0690736249 0.123052515 0
vt 0.0997771174 0.108254932 0
vt 0.110210389 0.1063288 0
vt 0.111148901 0.104770727 0
vt 1 0.63413924 0
vt 1 1.41485023 0
vt 0.888851166 1.41485023 0
vt 0.888851166 0.63413924 0
vt 0.777752638 1.41485023 0
vt 0.777752638 0.63413924 0
vt 0.666630566 1.41485023 0
vt 0.666630566 0.63413924 0
vt 0.555557013 1.41485023 0
vt 0.555557013 0.63413924 0
vt 0.444443405 1.41485023 0
vt 0.444443405 0.63413924 0
vt 0.333369911 1.41485023 0
vt 0.333369911 0.63413924 0
vt 0.222247541 1.41485023 0
vt 0.222247541 0.63413924 0
vt 0.111148894 1.41485023 0
vt 0.111148894 0.63413924 0
vt 0 1.41485023 0
vt 0 0.63413924 0
vt 1 2.39593005 0
vt 0.888851166 2.39593005 0
vt 0.777752638 2.39593005 0
vt 0.666630566 2.39593005 0
vt 0.555557013 2.39593005 0
vt 0.444443405 2.39593005 0
vt 0.333369911 2.39593005 0
vt 0.222247541 2.39593005 0
vt 0.111148894 2.39593005 0
vt 0 2.39593005 0
vt 1 3.71177006 0
vt 0.888851166 3.71177006 0
vt 0.777752638 3.71177006 0
vt 0.666630566 3.71177006 0
vt 0.555557013 3.71177006 0
vt 0.444443405 3.71177006 0
vt 0.333369911 3.71177006 0
vt 0.222247541 3.71177006 0
vt 0.111148894 3.71177006 0
vt 0 3.71177006 0
vt 1 6 0
vt 0.888851166 6 0
vt 0.777752638 6 0
vt 0.666630566 6 0
vt 0.555557013 6 0
vt 0.444443405 6 0
vt 0.333369911 6 0
vt 0.222247541 6 0
vt 0.111148894 6 0
vt 0 6 0
vt 0.888851166 0.12261761 0
vt 0.901983023 0.117493428 0
vt 0.905478537 0.12148618 0
vt 0.907624841 0.12148343 0
vt 0.981603324 0.11715541 0
vt 1 0.130797893 0
vt 0.777752638 0.206660241 0
vt 0.866482675 0.150259465 0
vt 0.695148468 0.386461109 0
vt 0.749520898 0.335268557 0
vt 0.755664289 0.231137812 0
vt 0.754380822 0.215901047 0
vt 0.666630566 0.389078319 0
vt 0.555557013 0.36986059 0
vt 0.5749529 0.33040446 0
vt 0.631269217 0.388295174 0
vt 0.444443405 0.409403682 0
vt 0.49328956 0.442598939 0
vt 0.375572413 0.289317161 0
vt 0.444443405 0.409403712 0
vt 0.333369941 0.210367262 0
vt 0.3642627 0.243820667 0
vt 0.368968904 0.262752682 0
vt 0.367293388 0.265303254 0
vt 0.370036125 0.267045885 0
vt 0.222247541 0.257320523 0
vt 0.289223522 0.172978669 0
vt 0.33336997 0.210367262 0
vt 0.111148909 0.254109412 0
vt 0.209855765 0.265600801 0
vt 7.09125247e-09 0.130797893 0
vt 0.0925492942 0.240562588 0
vt 1 0.626661658 0
vt 1 1.34625804 0
vt 0.888851166 1.34625804 0
vt 0.888851166 0.626661658 0
vt 0.777752638 1.34625804 0
vt 0.777752638 0.626661658 0
vt 0.666630566 1.34625804 0
vt 0.666630566 0.626661658 0
vt 0.555557013 1.34625804 0
vt 0.555557013 0.626661658 0
vt 0.444443405 1.34625804 0
vt 0.444443405 0.626661658 0
vt 0.333369911 1.34625804 0
vt 0.333369911 0.626661658 0
vt 0.222247541 1.34625804 0
vt 0.222247541 0.626661658 0
vt 0.111148894 1.34625804 0
vt 0.111148894 0.626661658 0
vt 0 1.34625804 0
vt 0 0.626661658 0
vt 1 2.18192005 0
vt 0.888851166 2.18192005 0
vt 0.777752638 2.18192005 0
vt 0.666630566 2.18192005 0
vt 0.555557013 2.18192005 0
vt 0.444443405 2.18192005 0
vt 0.333369911 2.18192005 0
vt 0.222247541 2.18192005 0
vt 0.111148894 2.18192005 0
vt 0 2.18192005 0
vt 1 3.1754148 0
vt 0.888851166 3.1754148 0
vt 0.777752638 3.1754148 0
vt 0.666630566 3.1754148 0
vt 0.555557013 3.1754148 0
vt 0.444443405 3.1754148 0
vt 0.333369911 3.1754148 0
vt 0.222247541 3.1754148 0
vt 0.111148894 3.1754148 0
vt 0 3.1754148 0
vt 1 4.43298674 0
vt 0.888851166 4.43298674 0
vt 0.777752638 4.43298674 0
vt 0.666630566 4.43298674 0
vt 0.555557013 4.43298674 0
vt 0.444443405 4.43298674 0
vt 0.333369911 4.43298674 0
vt 0.222247541 4.43298674 0
vt 0.111148894 4.43298674 0
vt 0 4.43298674 0
vt 1 6.18593264 0
vt 0.888851166 6.18593264 0
vt 0.777752638 6.18593264 0
vt 0.666630566 6.18593264 0
vt 0.555557013 6.18593264 0
vt 0.444443405 6.18593264 0
vt 0.333369911 6.18593264 0
vt 0.222247541 6.18593264 0
vt 0.111148894 6.18593264 0
vt 0 6.18593264 0
vt 1 9 0
vt 0.888851166 9 0
vt 0.777752638 9 0
vt 0.666630566 9 0
vt 0.555557013 9 0
vt 0.444443405 9 0
vt 0.333369911 9 0
vt 0.222247541 9 0
vt 0.111148894 9 0
vt 0 9 0
vt 0.888851166 0.293274313 0
vt 0.895803928 0.290964186 0
vt 1 0.152205512 0
vt 0.796252787 0.23582451 0
vt 0.777752638 0.243705928 0
vt 0.794064999 0.228620082 0
vt 0.666630566 0.410400659 0
vt 0.743402004 0.322217286 0
vt 0.760213017 0.262783557 0
vt 0.555557013 0.530141115 0
vt 0.598980844 0.408005416 0
vt 0.616567969 0.412171304 0
vt 0.633045435 0.398974359 0
vt 0.664472938 0.411341488 0
vt 0.444443405 0.574645162 0
vt 0.479341298 0.579598069 0
vt 0.529502153 0.512880743 0
vt 0.55118227 0.533441961 0
vt 0.555557013 0.530141175 0
vt 0.333369911 0.279973924 0
vt 0.364501536 0.489762932 0
vt 0.444443434 0.574645162 0
vt 0.222247541 0.335401028 0
vt 0.277846336 0.326955974 0
vt 0.317614615 0.232353285 0
vt 0.321706831 0.236143261 0
vt 0.326254964 0.235026255 0
vt 0.160373405 0.303040594 0
vt 0.111148909 0.236792073 0
vt 0.0214851871 0.127122879 0
vt 0.111148894 0.236792073 0
vt -2.58974908e-09 0.152205512 0
vt 0.888851166 1 0
vt 0.888851166 0.521990657 0
vt 1.00000024 0.587023556 0
vt 0.777752638 1 0
vt 0.777752638 0.392449826 0
vt 0.666630507 0.535930812 0
vt 0.734658897 0.368237555 0
vt 0.555556953 0.591883302 0
vt 0.58079648 0.593205035 0
vt 0.666630566 0.535930812 0
vt 0.555557013 1 0
vt 0.445196152 0.459986359 0
vt 0.555556893 0.591883302 0
vt 0.444443405 1 0
vt 0.444443375 0.329295099 0
vt 0.450042129 0.326509118 0
vt 0.333369911 0.449960679 0
vt 0.412362933 0.34909445 0
vt 0.4238289 0.330747306 0
vt 0.444443315 0.329295099 0
vt 0.259074956 0.475102007 0
vt 0.222247541 0.444759846 0
vt 0.111148909 0.551041245 0
vt 0.157247797 0.426117778 0
vt 0.165253446 0.439917892 0
vt 0.214865297 0.441965044 0
vt 0.222247511 0.444759846 0
vt 0.0302441809 0.584136546 0
vt 0.11114902 0.551041245 0
vt 4.53735289e-08 0.587023497 0
vt 1 0.632380903 0
vt 1 2 0
vt 0.888851166 2 0
vt 0.888851166 0.632380903 0
vt 0.777752638 2 0
vt 0.777752638 0.632380903 0
vt 0.666630566 2 0
vt 0.666630566 0.632380903 0
vt 0.555557013 2 0
vt 0.555557013 0.632380903 0
vt 0.444443405 2 0
vt 0.444443405 0.632380903 0
vt 0.333369911 2 0
vt 0.333369911 0.632380903 0
vt 0.222247541 2 0
vt 0.222247541 0.632380903 0
vt 0.111148894 2 0
vt 0.111148894 0.632380903 0
vt 0 2 0
vt 0 0.632380903 0
vt 0.888851225 0.488214284 0
vt 0.944143474 0.456604779 0
vt 1 0.391906857 0
vt 0.808555841 0.443621993 0
vt 0.888851166 0.488214284 0
vt 0.777752638 0.375216544 0
vt 0.666630566 0.471562684 0
vt 0.766755581 0.360185266 0
vt 0.555557013 0.472752959 0
vt 0.655140758 0.48099494 0
vt 0.666630566 0.471562713 0
vt 0.444443405 0.229938447 0
vt 0.492465317 0.392260969 0
vt 0.343076825 0.171087265 0
vt 0.43992874 0.224790707 0
vt 0.333369911 0.159416929 0
vt 0.283339024 0.103980683 0
vt 0.222247526 0.0586934984 0
vt 0.279130638 0.1086509 0
vt 0.111148894 0.183717594 0
vt 0.206499934 0.059976276 0
vt 0.222247541 0.0586934984 0
vt 8.21601898e-09 0.391906857 0
vt 0.888851166 0.752497911 0
vt 0.94678551 0.740219235 0
vt 0.983307302 0.632861555 0
vt 1 0.632861555 0
vt 0.777752638 0.632861555 0
vt 0.666630566 0.632861555 0
vt 0.555557013 0.632861555 0
vt 0.444443405 0.632861555 0
vt 0.333369911 0.632861555 0
vt 0.222247541 0.632861555 0
vt 0.111148894 0.632861555 0
vt 0 0.632861555 0
vt 0.983307242 0.632861495 0
vt 1 0.574690998 0
vt 0.777752638 0.411252737 0
vt 0.844776154 0.632861555 0
vt 0.666630626 0.196281835 0
vt 0.680795252 0.241176978 0
vt 0.701469779 0.317688644 0
vt 0.767047465 0.37523523 0
vt 0.620350242 0.136088774 0
vt 0.666630566 0.196281835 0
vt 0.555557013 0.11053104 0
vt 0.557519734 0.110119119 0
vt 0.566492736 0.0996047482 0
vt 0.444443405 0.131422669 0
vt 0.454887688 0.12884371 0
vt 0.486837804 0.135437295 0
vt 0.530227304 0.149657235 0
vt 0.547011495 0.11158216 0
vt 0.555557013 0.110531047 0
vt 0.345953852 0.150200441 0
vt 0.382857621 0.1698322 0
vt 0.438325763 0.130077273 0
vt 0.44190675 0.131405488 0
vt 0.333369911 0.141905397 0
vt 0.222247541 0.182536185 0
vt 0.333369941 0.141905397 0
vt 0.111148879 0.296790093 0
vt 0.222247526 0.182536185 0
vt 0.0450105816 0.362097383 0
vt 0.103041276 0.305313468 0
vt 0.111148871 0.296790093 0
vt 1.23400061e-17 0.632861555 0
vt 1.03944604e-08 0.574690998 0
vt 0.0132849785 0.481304228 0
vt 0.844776094 0.632861555 0
vt 0.888851225 0.752497911 0
vt 1 0.623966575 0
vt 1 1.31789267 0
vt 0.888851166 1.31789267 0
vt 0.888851166 0.623966575 0
vt 0.777752638 1.31789267 0
vt 0.777752638 0.623966575 0
vt 0.666630566 1.31789267 0
vt 0.666630566 0.623966575 0
vt 0.555557013 1.31789267 0
vt 0.555557013 0.623966575 0
vt 0.444443405 1.31789267 0
vt 0.444443405 0.799447954 0
vt 0.4475106 0.791316688 0
vt 0.485115439 0.623966575 0
vt 0.222247541 0.623966575 0
vt 0.222247541 1.31789267 0
vt 0.111148894 1.31789267 0
vt 0.111148894 0.623966575 0
vt 0 1.31789267 0
vt 0 0.623966575 0
vt 1 2.11159778 0
vt 0.888851166 2.11159778 0
vt 0.777752638 2.11159778 0
vt 0.666630566 2.11159778 0
vt 0.555557013 2.11159778 0
vt 0.444443405 2.11159778 0
vt 0.333369911 2.11159778 0
vt 0.333369911 1.31789267 0
vt 0.222247541 2.11159778 0
vt 0.111148894 2.11159778 0
vt 0 2.11159778 0
vt 1 3.0618217 0
vt 0.888851166 3.0618217 0
vt 0.777752638 3.0618217 0
vt 0.666630566 3.0618217 0
vt 0.555557013 3.0618217 0
vt 0.444443405 3.0618217 0
vt 0.333369911 3.0618217 0
vt 0.222247541 3.0618217 0
vt 0.111148894 3.0618217 0
vt 0 3.0618217 0
vt 1 4.19197702 0
vt 0.888851166 4.19197702 0
vt 0.777752638 4.19197702 0
vt 0.666630566 4.19197702 0
vt 0.555557013 4.19197702 0
vt 0.444443405 4.19197702 0
vt 0.333369911 4.19197702 0
vt 0.222247541 4.19197702 0
vt 0.111148894 4.19197702 0
vt 0 4.19197702 0
vt 1 5.47879839 0
vt 0.888851166 5.47879839 0
vt 0.777752638 5.47879839 0
vt 0.666630566 5.47879839 0
vt 0.555557013 5.47879839 0
vt 0.444443405 5.47879839 0
vt 0.333369911 5.47879839 0
vt 0.222247541 5.47879839 0
vt 0.111148894 5.47879839 0
vt 0 5.47879839 0
vt 1 6.94302654 0
vt 0.888851166 6.94302654 0
vt 0.777752638 6.94302654 0
vt 0.666630566 6.94302654 0
vt 0.555557013 6.94302654 0
vt 0.444443405 6.94302654 0
vt 0.333369911 6.94302654 0
vt 0.222247541 6.94302654 0
vt 0.111148894 6.94302654 0
vt 0 6.94302654 0
vt 1 8.65782642 0
vt 0.888851166 8.65782642 0
vt 0.777752638 8.65782642 0
vt 0.666630566 8.65782642 0
vt 0.555557013 8.65782642 0
vt 0.444443405 8.65782642 0
vt 0.333369911 8.65782642 0
vt 0.222247541 8.65782642 0
vt 0.111148894 8.65782642 0
vt 0 8.65782642 0
vt 1 10.8360052 0
vt 0.888851166 10.8360052 0
vt 0.777752638 10.8360052 0
vt 0.666630566 10.8360052 0
vt 0.555557013 10.8360052 0
vt 0.444443405 10.8360052 0
vt 0.333369911 10.8360052 0
vt 0.222247541 10.8360052 0
vt 0.111148894 10.8360052 0
vt 0 10.8360052 0
vt 1 14 0
vt 0.888851166 14 0
vt 0.777752638 14 0
vt 0.666630566 14 0
vt 0.555557013 14 0
vt 0.444443405 14 0
vt 0.333369911 14 0
vt 0.222247541 14 0
vt 0.111148894 14 0
vt 0 14 0
vt 0.888851225 0.1172406 0
vt 0.935572803 0.100152276 0
vt 0.961591899 0.102974124 0
vt 1 0.124792412 0
vt 0.777752638 0.172377095 0
vt 0.887328267 0.119255602 0
vt 0.888851166 0.1172406 0
vt 0.686061144 0.157239869 0
vt 0.758806646 0.181721181 0
vt 0.666630507 0.173639163 0
vt 0.555557013 0.428428829 0
vt 0.567287564 0.407658905 0
vt 0.633846045 0.227035105 0
vt 0.641552329 0.21564284 0
vt 0.539882421 0.480648637 0
vt 0.222247571 0.31245935 0
vt 0.287963718 0.258385718 0
vt 0.29519695 0.275947154 0
vt 0.314262509 0.289896637 0
vt 0.29440254 0.40456593 0
vt 0.314362675 0.623966575 0
vt 0.111570284 0.280645639 0
vt 0.205591321 0.316592693 0
vt 0.222247556 0.31245932 0
vt 0.111148909 0.2799851 0
vt 3.72445763e-09 0.124792412 0
vt 0.111148894 0.2799851 0
vt 0.33938542 0.801104128 0
vt 0.416497648 0.838187933 0
vt 0.333369911 0.789443612 0
vt 0.314362645 0.623966634 0
vt 0.320941567 0.745910168 0
vt 0.333369941 0.789443612 0
vt 0.888851166 0.756014824 0
vt 0.974869907 0.679155588 0
vt 1 0.679155529 0
vt 0.777752638 0.679155529 0
vt 0.666630566 0.679155529 0
vt 0.555557013 0.679155529 0
vt 0.444443405 0.679155529 0
vt 0.333369911 0.679155529 0
vt 0.222247541 0.679155529 0
vt 0.111148894 0.679155529 0
vt 0 0.679155529 0
vt 1 0.630012274 0
vt 0.983624399 0.669106066 0
vt 0.777752638 0.280327141 0
vt 0.777752638 0.0464552194 0
vt 0.805742025 0.0700492263 0
vt 0.816712081 0.073771812 0
vt 0.800523579 0.527793288 0
vt 0.828662455 0.679155469 0
vt 0.777752638 0.363825947 0
vt 0.706350029 0.234886631 0
vt 0.760133922 0.0981727988 0
vt 0.777752638 0.0464552119 0
vt 0.768299818 0.307258695 0
vt 0.777752578 0.363825947 0
vt 0.666630507 0.315549195 0
vt 0.676030874 0.30517292 0
vt 0.696357071 0.24738276 0
vt 0.592451453 0.388943166 0
vt 0.555557013 0.486103237 0
vt 0.444443405 0.403157413 0
vt 0.554846168 0.487041146 0
vt 0.555557013 0.486103266 0
vt 0.378248781 0.354428709 0
vt 0.416518211 0.352357626 0
vt 0.440095812 0.397862881 0
vt 0.444443375 0.403157413 0
vt 0.333369911 0.341296583 0
vt 0.366485 0.326740533 0
vt 0.222247556 0.254614711 0
vt 0.329785317 0.34010005 0
vt 0.333369911 0.341296554 0
vt 0.111148909 0.31180501 0
vt 0.153926671 0.199528635 0
vt 0.161965504 0.208749563 0
vt 0.173468828 0.199654847 0
vt -4.9151585e-09 0.630012274 0
vt 0.0363117456 0.523302734 0
vt 0.111148886 0.31180501 0
vt 0.835006952 0.694962502 0
vt 0.888851166 0.756014764 0
vt 0.828662336 0.679155469 0
vt 1 0.630922377 0
vt 1 1.3348912 0
vt 0.888851166 1.3348912 0
vt 0.888851166 0.630922377 0
vt 0.777752638 1.3348912 0
vt 0.777752638 0.630922377 0
vt 0.666630566 1.3348912 0
vt 0.666630626 0.946608901 0
vt 0.727095366 0.742278755 0
vt 0.730070412 0.726179838 0
vt 0.720623016 0.630922377 0
vt 0.333369911 0.630922377 0
vt 0.333369911 1.3348912 0
vt 0.222247541 1.3348912 0
vt 0.222247541 0.630922377 0
vt 0.111148894 1.3348912 0
vt 0.111148894 0.630922377 0
vt 0 1.3348912 0
vt 0 0.630922377 0
vt 1 2.12699604 0
vt 0.888851166 2.12699604 0
vt 0.777752638 2.12699604 0
vt 0.666630566 2.12699604 0
vt 0.555557013 2.12699604 0
vt 0.555557013 1.3348912 0
vt 0.444443405 2.12699604 0
vt 0.444443405 1.3348912 0
vt 0.333369911 2.12699604 0
vt 0.222247541 2.12699604 0
vt 0.111148894 2.12699604 0
vt 0 2.12699604 0
vt 1 3.02786255 0
vt 0.888851166 3.02786255 0
vt 0.777752638 3.02786255 0
vt 0.666630566 3.02786255 0
vt 0.555557013 3.02786255 0
vt 0.444443405 3.02786255 0
vt 0.333369911 3.02786255 0
vt 0.222247541 3.02786255 0
vt 0.111148894 3.02786255 0
vt 0 3.02786255 0
vt 1 4.06175995 0
vt 0.888851166 4.06175995 0
vt 0.777752638 4.06175995 0
vt 0.666630566 4.06175995 0
vt 0.555557013 4.06175995 0
vt 0.444443405 4.06175995 0
vt 0.333369911 4.06175995 0
vt 0.222247541 4.06175995 0
vt 0.111148894 4.06175995 0
vt 0 4.06175995 0
vt 1 5.30362368 0
vt 0.888851166 5.30362368 0
vt 0.777752638 5.30362368 0
vt 0.666630566 5.30362368 0
vt 0.555557013 5.30362368 0
vt 0.444443405 5.30362368 0
vt 0.333369911 5.30362368 0
vt 0.222247541 5.30362368 0
vt 0.111148894 5.30362368 0
vt 0 5.30362368 0
vt 1 6.85807848 0
vt 0.888851166 6.85807848 0
vt 0.777752638 6.85807848 0
vt 0.666630566 6.85807848 0
vt 0.555557013 6.85807848 0
vt 0.444443405 6.85807848 0
vt 0.333369911 6.85807848 0
vt 0.222247541 6.85807848 0
vt 0.111148894 6.85807848 0
vt 0 6.85807848 0
vt 1 8.93379879 0
vt 0.888851166 8.93379879 0
vt 0.777752638 8.93379879 0
vt 0.666630566 8.93379879 0
vt 0.555557013 8.93379879 0
vt 0.444443405 8.93379879 0
vt 0.333369911 8.93379879 0
vt 0.222247541 8.93379879 0
vt 0.111148894 8.93379879 0
vt 0 8.93379879 0
vt 1 12 0
vt 0.888851166 12 0
vt 0.777752638 12 0
vt 0.666630566 12 0
vt 0.555557013 12 0
vt 0.444443405 12 0
vt 0.333369911 12 0
vt 0.222247541 12 0
vt 0.111148894 12 0
vt 0 12 0
vt 0.888851166 0.369428128 0
vt 0.976624966 0.163287267 0
vt 0.991304636 0.117348 0
vt 1 0.122516699 0
vt 0.777752638 0.466694504 0
vt 0.816460133 0.467149913 0
vt 0.720623016 0.630922318 0
vt 0.71877867 0.39399457 0
vt 0.777752697 0.466694474 0
vt 0.349499643 0.472264767 0
vt 0.373465121 0.630922437 0
vt 0.333369911 0.482086807 0
vt 0.222247526 0.436339855 0
vt 0.264952183 0.516427279 0
vt 0.153594524 0.157601401 0
vt 0.188454449 0.338434339 0
vt 0.222247541 0.436339855 0
vt 0.111148909 0.173979506 0
vt 0.151687726 0.15881218 0
vt 0.0787678286 0.173663989 0
vt 0.111148909 0.173979521 0
vt 1.23400061e-17 0.630922377 0
vt 5.77352e-10 0.122516699 0
vt 0.581219673 1.15400112 0
vt 0.666630626 0.946608961 0
vt 0.555557013 1.19302487 0
vt 0.463859439 1.09035528 0
vt 0.444443405 0.966719747 0
vt 0.373465091 0.630922437 0
vt 0.386920035 0.746025205 0
vt 0.888851166 0.679836571 0
vt 0.888851166 1.44628894 0
vt 0.777752638 1.44628894 0
vt 0.777752638 0.679836571 0
vt 0.666630566 1.44628894 0
vt 0.666630566 0.679836571 0
vt 0.555557013 1.44628894 0
vt 0.555557013 0.679836571 0
vt 0.444443405 1.44628894 0
vt 0.444443405 0.679836571 0
vt 0.333369911 1.44628894 0
vt 0.333369911 0.679836571 0
vt 0.222247541 1.44628894 0
vt 0.222247541 0.679836571 0
vt 0.111148894 1.44628894 0
vt 0.111148894 1.07361209 0
vt 0.137352183 0.936326504 0
vt 0.155112281 0.679836571 0
vt 1 1.44628894 0
vt 1 2.31958675 0
vt 0.888851166 2.31958675 0
vt 0.777752638 2.31958675 0
vt 0.666630566 2.31958675 0
vt 0.555557013 2.31958675 0
vt 0.444443405 2.31958675 0
vt 0.333369911 2.31958675 0
vt 0.222247541 2.31958675 0
vt 0.111148894 2.31958675 0
vt 0 2.31958675 0
vt 0 1.44628894 0
vt 1 3.32157826 0
vt 0.888851166 3.32157826 0
vt 0.777752638 3.32157826 0
vt 0.666630566 3.32157826 0
vt 0.555557013 3.32157826 0
vt 0.444443405 3.32157826 0
vt 0.333369911 3.32157826 0
vt 0.222247541 3.32157826 0
vt 0.111148894 3.32157826 0
vt 0 3.32157826 0
vt 1 4.49388981 0
vt 0.888851166 4.49388981 0
vt 0.777752638 4.49388981 0
vt 0.666630566 4.49388981 0
vt 0.555557013 4.49388981 0
vt 0.444443405 4.49388981 0
vt 0.333369911 4.49388981 0
vt 0.222247541 4.49388981 0
vt 0.111148894 4.49388981 0
vt 0 4.49388981 0
vt 1 5.92784023 0
vt 0.888851166 5.92784023 0
vt 0.777752638 5.92784023 0
vt 0.666630566 5.92784023 0
vt 0.555557013 5.92784023 0
vt 0.444443405 5.92784023 0
vt 0.333369911 5.92784023 0
vt 0.222247541 5.92784023 0
vt 0.111148894 5.92784023 0
vt 0 5.92784023 0
vt 1 7.8845849 0
vt 0.888851166 7.8845849 0
vt 0.777752638 7.8845849 0
vt 0.666630566 7.8845849 0
vt 0.555557013 7.8845849 0
vt 0.444443405 7.8845849 0
vt 0.333369911 7.8845849 0
vt 0.222247541 7.8845849 0
vt 0.111148894 7.8845849 0
vt 0 7.8845849 0
vt 1 11 0
vt 0.888851166 11 0
vt 0.777752638 11 0
vt 0.666630566 11 0
vt 0.555557013 11 0
vt 0.444443405 11 0
vt 0.333369911 11 0
vt 0.222247541 11 0
vt 0.111148894 11 0
vt 0 11 0
vt 0.888851166 0.663743913 0
vt 0.891160727 0.679836512 0
vt 0.777752638 0.352231741 0
vt 0.801903546 0.326052696 0
vt 0.862045527 0.575333834 0
vt 0.888851166 0.663743854 0
vt 0.666630566 0.257397979 0
vt 0.689592302 0.21654202 0
vt 0.716380477 0.206181467 0
vt 0.771533728 0.349471986 0
vt 0.777752638 0.352231711 0
vt 0.555557013 0.338655651 0
vt 0.664017737 0.262457609 0
vt 0.666630626 0.257398009 0
vt 0.51433754 0.241468832 0
vt 0.554690301 0.337982953 0
vt 0.555557013 0.338655621 0
vt 0.444443405 0.388530612 0
vt 0.514319777 0.246458203 0
vt 0.333369911 0.48486048 0
vt 0.419692159 0.47218281 0
vt 0.444443405 0.388530642 0
vt 0.222247541 0.402945787 0
vt 0.248774618 0.379633188 0
vt 0.323788166 0.478564084 0
vt 0.207082942 0.409508884 0
vt 0.155112296 0.679836571 0
vt 0.169328392 0.567151666 0
vt 0.190816462 0.393788517 0
vt 0.91645509 0.916531742 0
vt 1 1.14593554 0
vt 0.0214804802 1.1921351 0
vt -3.19010418e-08 1.14593554 0
vt 0.555557013 0.0921966732 0
vt 0.444443405 0.126688331 0
vt 0.777752638 0.107293047 0
vt 0.666630566 0.268693805 0
vt 0.722621679 0.200421587 0
vt 0.728357673 0.188563362 0
vt 0.751875579 0.14688991 0
vt 0.577447176 0.401304573 0
vt 0.610832989 0.340016812 0
vt 0.666630626 0.268693835 0
vt 0.555557013 0.392977238 0
vt 0.472722232 0.327987194 0
vt 0.444443405 0.295222789 0
vt 0.391541421 0.239147753 0
vt 0.428916931 0.283918619 0
vt 0.444443464 0.295222819 0
vt 0.36029014 0.174426854 0
vt 0.333369911 0.123893857 0
vt 0.343747377 0.140167087 0
vt 0.333369911 0.123893864 0
vt 0.777752638 0.151405066 0
vt 0.812852859 0.1449292 0
vt 0.666630566 0.244383514 0
vt 0.716870189 0.227816388 0
vt 0.735227644 0.207121924 0
vt 0.610043347 0.265338182 0
vt 0.666630566 0.244383499 0
vt 0.444443434 0.196657524 0
vt 0.444843382 0.197795257 0
vt 0.469193161 0.215826392 0
vt 0.333369911 0.082201764 0
vt 0.368217021 0.119245246 0
vt 0.444443405 0.196657509 0
vt 0.333369941 0.0822017714 0
vt 0.666630566 0.177525908 0
vt 0.698533595 0.154162526 0
vt 0.555557013 0.310944706 0
vt 0.563860774 0.305790514 0
vt 0.604821086 0.243257597 0
vt 0.507318497 0.317526102 0
vt 0.513018966 0.317238688 0
vt 0.555557013 0.310944676 0
vt 0.740420699 0.12348754 0
vt 0.777752638 0.10106127 0
vt 0.760108411 0.109331943 0
vt 0.500726342 0.317858517 0
vt 0.482742459 0.329120725 0
vt 0.475236118 0.321021825 0
vt 0.464732498 0.322524011 0
vt 0.47886619 0.331746221 0
vt 0.407692254 0.285383403 0
vt 0.384287775 0.293667495 0
vt 0.333369911 0.288181841 0
vt 0.333369881 0.213801488 0
vt 0.362502664 0.242882982 0
vt 0.2957609 0.25005424 0
vt 0.307202101 0.194754764 0
vt 0.333369851 0.288181812 0
vt 0.444443405 0.316792101 0
vt 0.454370439 0.324005902 0
vt 0.444443464 0.316792101 0
vt 0.243864909 0.146655813 0
vt 0.222247541 0.122237429 0
vt 0.214833364 0.127355814 0
vt 0.222247556 0.122237429 0
vt 0.208282813 0.124839589 0
vt 0.212425053 0.126457348 0
vt 1 0.123230778 0
vt -4.92388574e-09 0.123230778 0
vt 0.111148886 0.102289148 0
vt 0.111148901 0.10228914 0
vt 0.888851166 0.0950850919 0
vt 0.848119557 0.115459718 0
vt 0.888851166 0.0950850844 0
vt 0.777752638 0.081122309 0
vt 0.844667792 0.116454169 0
vt 0.845328212 0.116696864 0
vt 0.555557013 0.323589534 0
vt 0.586372733 0.29966259 0
vt 0.480460376 0.350469112 0
vt 0.546620846 0.326086372 0
vt 0.444443405 0.623966575 0
vt 0.444443405 0.351537317 0
vt 0.451037169 0.350333095 0
vt 0.333369911 0.303876668 0
vt 0.333369911 0.623966575 0
vt 0.333369851 0.303876638 0
vt 0.996707201 0.107455976 0
vt 1 0.105576225 0
vt 0.222247541 0.142844841 0
vt 0.111148901 0.129808143 0
vt 0.127188951 0.141221479 0
vt 0.158820018 0.161982402 0
vt 0.179240599 0.178429857 0
vt 0.222247526 0.142844826 0
vt -7.85078169e-10 0.105576232 0
vt 0.0188215822 0.10422267 0
vt 0.111148894 0.129808158 0
vt 0.888851166 0.102493659 0
vt 0.777752638 0.0850654319 0
vt 0.872952223 0.106451094 0
vt 0.725794852 0.126347706 0
vt 0.666630566 0.21375154 0
vt 0.666630507 0.175657287 0
vt 0.716878295 0.229564697 0
vt 0.644662499 0.204750657 0
vt 0.58867383 0.302492827 0
vt 0.589580178 0.299128562 0
vt 0.61613059 0.27139315 0
vt 0.623109162 0.233757034 0
vt 0.596944451 0.270793349 0
vt 0.622777402 0.234240696 0
vt 0.567343593 0.322357625 0
vt 0.563428402 0.318217188 0
vt 0.555557013 0.334670335 0
vt 0.446900904 0.327860951 0
vt 0.484724104 0.325291842 0
vt 0.519333959 0.339769125 0
vt 0.444443405 0.325596154 0
vt 0.407917202 0.290193528 0
vt 0.56221962 0.319927633 0
vt 0.555557013 0.323893964 0
vt 0.529385567 0.325878918 0
vt 0.388985932 0.270593196 0
vt 0.374279916 0.254668236 0
vt 1 0.116628915 0
vt 0.222247541 0.0930167958 0
vt 0.264874995 0.152660236 0
vt 0.116127186 0.0986476019 0
vt 0.185149804 0.105491936 0
vt 0.205546603 0.109895006 0
vt 0.111148894 0.0973464102 0
vt -6.94177871e-09 0.116628915 0
vt 0.0447215512 0.137693524 0
vt 0.0482150018 0.139161378 0
vt 0.0487385653 0.13930884 0
vt 0.082241565 0.117987722 0
vt 0.888851166 0.136836469 0
vt 0.968298256 0.1279172 0
vt 0.982519448 0.122913562 0
vt 1 0.105274849 0
vt -4.12740064e-09 0.105274849 0
vt 0.00320857065 0.104601547 0
vt 0.678505063 0.359451413 0
vt 0.666630566 0.372075796 0
vt 0.666630626 0.372075766 0
vt 0.555557013 0.476253957 0
vt 0.583840668 0.405698985 0
vt 0.555557013 0.41092515 0
vt 0.562921882 0.410916626 0
vt 0.581275463 0.405399382 0
vt 0.444443405 0.399783641 0
vt 0.506062329 0.410102874 0
vt 0.529432118 0.401741147 0
vt 0.537080884 0.411289662 0
vt 0.44977957 0.484346002 0
vt 0.444443405 0.469626039 0
vt 0.430061966 0.395820409 0
vt 0.444443434 0.399783641 0
vt 0.444443434 0.469626039 0
vt 0.414529264 0.376426518 0
vt 0.423530579 0.392272472 0
vt 0.333369911 0.234350517 0
vt 0.342314333 0.234715268 0
vt 0.333369911 0.234350532 0
vt 0.222247541 0.0765410215 0
vt 0.249924064 0.11054948 0
vt 0.257445395 0.173577502 0
vt 0.111148909 0.0743586794 0
vt 0.219748572 0.0762488917 0
vt 0.222247541 0.0765410289 0
vt 0.0490090773 0.0949904397 0
vt 0.0990939215 0.0839142725 0
vt 0.10531643 0.0834082663 0
vt 0.111148901 0.0743586794 0
vt 0.333369881 0.216015711 0
vt 0.333369851 0.216015711 0
vt 0.324106336 0.221452698 0
vt 0.329999775 0.21155636 0
vt 0.323451817 0.202892125 0
vt 0.322040439 0.208402127 0
vt 0.888851225 0.188960716 0
vt 0.940758109 0.191960871 0
vt 1.00000012 0.191515192 0
vt 0.805894256 0.254399091 0
vt 0.818063617 0.259835958 0
vt 0.888851166 0.188960716 0
vt 0.777752638 0.338655263 0
vt 0.777752638 0.338655293 0
vt 0.111148909 0.346652567 0
vt 0.0316154361 0.250900179 0
vt 0.060302332 0.298572361 0
vt 0.111149043 0.346652567 0
vt 3.18417257e-08 0.191515163 0
vt 0.0357429758 0.242027402 0
vt 0.777752638 0.241449758 0
vt 0.787531257 0.246195212 0
vt 0.678236306 0.241246477 0
vt 0.666630507 0.241787821 0
vt 0.555557013 0.273191333 0
vt 0.615921855 0.232403681 0
vt 0.636911273 0.243071347 0
vt 0.666630507 0.241787806 0
vt 0.555556893 0.273191333 0
vt 0.555556953 0.193934083 0
vt 0.59715122 0.222863615 0
vt 0.449540555 0.280982882 0
vt 0.464753509 0.267956376 0
vt 0.555556774 0.193934083 0
vt 0.446817666 0.283314437 0
vt 0.444443464 0.296043783 0
vt 0.396035701 0.325324744 0
vt 0.404079497 0.332545131 0
vt 0.333369881 0.394776106 0
vt 0.362016022 0.378591388 0
vt 0.222247541 0.441747606 0
vt 0.274604291 0.398722321 0
vt 0.284720749 0.39709869 0
vt 0.222247556 0.441747606 0
vt 0.444443345 0.285347521 0
vt 0.444443345 0.285347492 0
vt 0.162574798 0.407982379 0
vt 0.222247541 0.407125205 0
vt 0.165315688 0.398651034 0
vt 0.222247526 0.407125205 0
vt 0.0490376577 0.260815561 0
vt 0.0488104708 0.278855115 0
vt 0.111148901 0.325670838 0
vt 0.111148909 0.301230133 0
vt 0.129441172 0.338602036 0
vt 0.163821265 0.398216128 0
vt 0.111148968 0.301230103 0
vt 0.111148968 0.325670838 0
vt 0.888851166 0.0673882738 0
vt 0.974662125 0.0850118697 0
vt 1 0.0921395794 0
vt 0.888851166 0.679155529 0
vt 0.864366233 0.0899431333 0
vt 0.888851225 0.0673882663 0
vt 0.111148909 0.150460556 0
vt 0.00876604393 0.101458497 0
vt 0.0979868919 0.142677724 0
vt 0.111148886 0.150460556 0
vt -6.07119022e-09 0.0921395794 0
vt 0.555557013 0.354921192 0
vt 0.555557013 0.299313396 0
vt 0.565953851 0.303633809 0
vt 0.575896502 0.317507565 0
vt 0.549806774 0.362066716 0
vt 0.528011203 0.356104046 0
vt 0.503569484 0.335512131 0
vt 0.542729378 0.312107354 0
vt 0.55102092 0.298917979 0
vt 0.590599775 0.338024259 0
vt 0.628654003 0.314228237 0
vt 0.639259219 0.294461399 0
vt 0.650502563 0.289470792 0
vt 0.590374231 0.390988439 0
vt 0.555557013 0.379311174 0
vt 0.666630626 0.282311916 0
vt 0.669706941 0.28203854 0
vt 0.688613415 0.257066131 0
vt 0.456193656 0.362382382 0
vt 0.464598268 0.367391318 0
vt 0.48704499 0.348584175 0
vt 0.444443405 0.351850122 0
vt 0.447372139 0.353952318 0
vt 0.333369881 0.248798355 0
vt 0.235116154 0.19637087 0
vt 0.222247556 0.187220141 0
vt 0.222247541 0.187220141 0
vt 0.975193143 0.0979242325 0
vt 0.995737791 0.103474982 0
vt 0.974109471 0.10756357 0
vt 0.96833545 0.102174081 0
vt 1 0.0824972689 0
vt 1 0.0901364833 0
vt 3.6344534e-09 0.0824972689 0
vt 0.00339626963 0.0853326991 0
vt -7.19112681e-09 0.0901364833 0
vt 0.908263922 0.131332353 0
vt 0.960063934 0.107300118 0
vt 0.888851166 0.109024949 0
vt 0.777752638 0.188533545 0
vt 0.813875675 0.160187095 0
vt 0.736148298 0.260189742 0
vt 0.734270811 0.252855033 0
vt 0.767492831 0.206763953 0
vt 0.726099849 0.264898241 0
vt 0.689513743 0.354062378 0
vt 0.678625584 0.272964865 0
vt 0.555557013 0.242626697 0
vt 0.586646795 0.256445467 0
vt 0.574831843 0.276803076 0
vt 0.555557013 0.282393366 0
vt 0.555557013 0.282393396 0
vt 0.548423529 0.27887851 0
vt 0.528541863 0.244985223 0
vt 0.551775336 0.241199493 0
vt 0.555557013 0.242626682 0
vt 0.612555623 0.270901442 0
vt 0.610915124 0.267232269 0
vt 0.666630566 0.630922377 0
vt 0.666630566 0.275002956 0
vt 0.555557013 0.310014397 0
vt 0.620120227 0.292136073 0
vt 0.651739001 0.283779979 0
vt 0.664725661 0.27558741 0
vt 0.555557013 0.630922377 0
vt 0.459879428 0.444601089 0
vt 0.545715332 0.372032225 0
vt 0.444443405 0.630922377 0
vt 0.444443405 0.447268456 0
vt 0.37178877 0.459864169 0
vt 0.394359618 0.420437723 0
vt 0.500408828 0.24977988 0
vt 0.444443405 0.336930454 0
vt 0.488827556 0.265227228 0
vt 0.493570149 0.252825797 0
vt 0.444443405 0.207524523 0
vt 0.46321857 0.215306506 0
vt 0.478868544 0.248628438 0
vt 0.487019479 0.255743474 0
vt 0.36935994 0.406950414 0
vt 0.334167838 0.345182657 0
vt 0.333369911 0.338569105 0
vt 0.333369911 0.216064513 0
vt 0.334986091 0.215765536 0
vt 0.344177365 0.216772363 0
vt 0.34997046 0.216261223 0
vt 0.401726425 0.219537094 0
vt 0.422789276 0.212279052 0
vt 0.444443405 0.207524508 0
vt 0.30659911 0.237984538 0
vt 0.333369881 0.216064513 0
vt 0.333369911 0.338569134 0
vt 0.444443405 0 0
vt 0.450474143 -1.38239145e-08 0
vt 0.444443405 0.00748019526 0
vt 0.441906661 0.0036987178 0
vt 0.439174682 0.00101904874 0
vt 0.438640088 4.29540208e-08 0
vt 0.363696039 0.00253697997 0
vt 0.333369911 0.0728404075 0
vt 0.333369911 0.00683236448 0
vt 0.32928288 0.00325510069 0
vt 0.333369911 0.00683236402 0
vt 0.333369911 0.0728404149 0
vt 0.321628988 0.0671949461 0
vt 0.310585648 0.0465998203 0
vt 0.333369911 0.343782276 0
vt 0.280705452 0.235365316 0
vt 0.290111005 0.25148505 0
vt 0.333369911 0.343782306 0
vt 0.282599717 0.272732943 0
vt 0.288377315 0.00501800794 0
vt 0.302072883 -3.1753149e-09 0
vt 0.325807393 -5.38715517e-09 0
vt 0.36479038 1.70066929e-08 0
vt 0.330799013 4.47016397e-08 0
vt 0.23900415 -8.39759284e-09 0
vt 0.242322341 0.021892529 0
vt 0.222247541 0.0292479713 0
vt 0.216390431 0.0261588767 0
vt 0.214342043 0.0431268439 0
vt 0.218341574 3.71952034e-08 0
vt 0.222247541 7.0046455e-17 0
vt 0.222247526 0.0292479713 0
vt 0.165267557 0.10818699 0
vt 0.175754234 0.0823016837 0
vt 0.215860009 0.0745679736 0
vt 0.173908859 0.136505798 0
vt 0.145303532 0.116597556 0
vt 0.144746423 0.113781251 0
vt 0.158460945 0.0998579785 0
vt 0.205115035 -3.96629822e-08 0
vt 0.199240595 0.0243280251 0
vt 0.222247541 0.131229416 0
vt 0.255253464 0.107208572 0
vt 0.272692889 0.222268939 0
vt 0.189071298 0.147058293 0
vt 0.222247526 0.131229401 0
vt 1 0.104956761 0
vt 0.111148894 0.0928272083 0
vt -2.9078655e-09 0.104956761 0
vt 0.0158183873 0.0957035646 0
vt 0.0297491997 0.107334018 0
vt 0.0805495679 0.0693829432 0
vt 0.111148901 0.0928272009 0
vt 0.111148901 0.0419639498 0
vt 0.0810257867 0.069027178 0
vt 0.894113898 0.0624092072 0
vt 0.915801764 0.0580892451 0
vt 0.943409622 0.0722147152 0
vt 0.965557158 0.048178643 0
vt 0.980353117 0.0452315211 0
vt 0.970679402 0.042619653 0
vt 1 0.0113235991 0
vt 1 0.0768300965 0
vt 0.945506573 0.227171212 0
vt 0.888851166 0.263847351 0
vt 0.888851166 0.0568182655 0
vt 0.854629755 0.111139648 0
vt 0.87706095 0.0731547922 0
vt 0.888851166 0.0568182617 0
vt 0.888851166 0.263847381 0
vt 0.805208087 0.197120488 0
vt 0.789127886 0.146254927 0
vt 0.00952944998 0.051324226 0
vt 1.54724145e-08 0.0768300965 0
vt -5.01848829e-09 0.0113235991 0
vt 0.000750047329 0.0117068877 0
vt 0.0194670949 0.0247258674 0
vt 0.0113664167 0.0464074612 0
vt 0.00576642808 0.0479431711 0
vt 0.777752638 0.11027208 0
vt 0.777752638 0.10325224 0
vt 0.797322392 0.0973211452 0
vt 0.800155282 0.101706117 0
vt 0.821998775 0.0898425356 0
vt 0.777752697 0.110272072 0
vt 0.776205838 0.106372669 0
vt 0.897733808 0.0488450378 0
vt 0.888851166 0.0560510494 0
vt 0.888851166 0.0560510531 0
vt 0.888851106 0.0443001837 0
vt 0.864174366 0.0669360384 0
vt 0.888851225 0.0443001799 0
vt 0.754146218 0.151707798 0
vt 0.752260685 0.150786236 0
vt 0.704208076 0.110216931 0
vt 0.763881147 0.0732237101 0
vt 0.666630566 0.133124396 0
vt 0.68050766 0.124909595 0
vt 0.666630566 0.342619807 0
vt 0.555557013 0.396780699 0
vt 0.613262892 0.217176974 0
vt 0.624087334 0.217820093 0
vt 0.648570597 0.166612208 0
vt 0.617610037 0.456239104 0
vt 0.555557013 0.537747741 0
vt 0.478607237 0.504421413 0
vt 0.464308321 0.489610404 0
vt 0.54766655 0.433595985 0
vt 0.555557013 0.396780729 0
vt 0.777752578 0.0670291334 0
vt 0.777752697 0.0670291334 0
vt 0.777752638 0.152353063 0
vt 0.604695141 0.216667905 0
vt 0.555557013 0.211982071 0
vt 0.555821836 0.212048531 0
vt 0.444443434 0.470850945 0
vt 0.444443405 0.350739151 0
vt 0.520652175 0.211405888 0
vt 0.444443405 0.470850945 0
vt 0.409555495 0.42454052 0
vt 0.444443405 0.503486574 0
vt 0.421528101 0.497007787 0
vt 0.388567209 0.468248218 0
vt 0.444443375 0.503486574 0
vt 0.444443434 0.194105804 0
vt 0.469828069 0.211815029 0
vt 0.491320431 0.209447533 0
vt 0.51472789 0.210891068 0
vt 0.400808394 0.227776885 0
vt 0.429125667 0.197516292 0
vt 0.444443405 0.194105819 0
vt 0.348636091 0.330318034 0
vt 0.333369911 0.233901605 0
vt 0.333369911 0.214127392 0
vt 0.378261536 0.20414491 0
vt 0.328101009 0.218538508 0
vt 0.333369911 0.407556593 0
vt 0.294527352 0.354578376 0
vt 0.238564223 0.179250821 0
vt 0.254600972 0.188730672 0
vt 0.27385515 0.189100862 0
vt 0.316928804 0.223669648 0
vt 0.320970297 0.224508435 0
vt 0.380160153 0.485755742 0
vt 0.333369911 0.547735989 0
vt 0.222247511 0.180449069 0
vt 0.237496078 0.178619355 0
vt 0.269424647 0.618479431 0
vt 0.222247541 0.573694468 0
vt 0.13352716 0.246611878 0
vt 0.169127479 0.086964339 0
vt 0.212731168 0.182413787 0
vt 0.222247526 0.180449069 0
vt 0.222247571 0.573694468 0
vt 0.180084571 0.496657014 0
vt 1 0.757426798 0
vt 1 1.84976697 0
vt 0.888851166 1.84976697 0
vt 0.888851166 0.757426798 0
vt 0.777752638 1.84976697 0
vt 0.777752638 0.757426798 0
vt 0.666630566 1.84976697 0
vt 0.666630566 0.757426798 0
vt 0.555557013 1.84976697 0
vt 0.555557013 0.757426798 0
vt 0.444443405 1.84976697 0
vt 0.444443405 0.757426798 0
vt 0.333369911 1.84976697 0
vt 0.333369911 0.757426798 0
vt 0.222247541 1.84976697 0
vt 0.222247541 0.757426798 0
vt 0.111148894 1.84976697 0
vt 0.111148894 0.757426798 0
vt 0 1.84976697 0
vt 0 0.757426798 0
vt 1 4 0
vt 0.888851166 4 0
vt 0.777752638 4 0
vt 0.666630566 4 0
vt 0.555557013 4 0
vt 0.444443405 4 0
vt 0.333369911 4 0
vt 0.222247541 4 0
vt 0.111148894 4 0
vt 0 4 0
vt 0.111148894 0.000248784228 0
vt 0.118845858 0.0140296416 0
vt 0.118447617 0.0143043371 0
vt 0.119410187 0.0150400288 0
vt 0.124675661 0.0244674925 0
vt 0.0139510222 0.0549399294 0
vt 0.0430717692 0.0411445275 0
vt 0.087128289 0.0717888549 0
vt 0.111148894 0.000248784258 0
vt 0.0395334512 0.038683407 0
vt 0.896894097 0.264941901 0
vt 0.888851166 0.281232715 0
vt 0.888851166 0.117961153 0
vt 0.910178423 0.157627597 0
vt 0.914750457 0.15647155 0
vt 0.92083621 0.152702928 0
vt 0.777752638 0.180173546 0
vt 0.777752697 0.168083966 0
vt 0.788878024 0.173814714 0
vt 0.792114019 0.170889691 0
vt 0.773806572 0.172857374 0
vt 0.777752638 0.168083966 0
vt 0.759669423 0.18995811 0
vt 0.666630566 0.225422665 0
vt 0.562243342 0.132644042 0
vt 0.565099716 0.136411846 0
vt 0.569833815 0.151159585 0
vt 0.595277667 0.209791094 0
vt 0.661599994 0.227962255 0
vt 0.666630566 0.225422651 0
vt 0.555557013 0.0989020541 0
vt 0.524794221 0.143748686 0
vt 0.544676661 0.142266631 0
vt 0.444443405 0.126069367 0
vt 0.451586068 0.133927926 0
vt 0.472135633 0.136684656 0
vt 0.333369911 0.278744489 0
vt 0.411593169 0.120700367 0
vt 0.444443405 0.126069352 0
vt 0.308946759 0.328553677 0
vt 0.333369911 0.112554386 0
vt 0.350231886 0.117008187 0
vt 0.40729934 0.119805425 0
vt 0.222247541 0.127684355 0
vt 0.247118399 0.117253549 0
vt 0.291703641 0.115423337 0
vt 0.24149023 0.369100094 0
vt 0.222247541 0.293827713 0
vt 0.212765127 0.248756066 0
vt 0.213719681 0.135148302 0
vt 0.211679384 0.255930424 0
vt 0.111148894 0.341765463 0
vt 0.111148894 0.127045944 0
vt 0.120184496 0.128732517 0
vt 0.138972431 0.183362007 0
vt 0.147731453 0.185578689 0
vt 0.154533654 0.191191748 0
vt 0.176682144 0.16844441 0
vt 0.179657668 0.165716708 0
vt 0.0935853124 0.314574718 0
vt 0.0364378951 0.14885366 0
vt 0.111148901 0.127045944 0
vt 1 0.110224754 0
vt 1 0.679836571 0
vt 0.111148894 0.679836571 0
vt 0 0.679836571 0
vt 5.64491032e-09 0.110224754 0
vt 0.0143019166 0.149631366 0
vt 0.0199381653 0.152569532 0
vt 0.0302348156 0.150434926 0
vt 0.888851166 0.14974314 0
vt 0.914952695 0.119679272 0
vt 0.938405216 0.111705683 0
vt 1 0.061447911 0
vt 0.817986846 0.279388577 0
vt 0.833721399 0.242247373 0
vt 0.834990382 0.240988255 0
vt 0.777752638 0.347181529 0
vt 0.166041225 0.0846725032 0
vt 0.111148894 0.0496741943 0
vt 0.142951801 0.0952752605 0
vt -2.81364243e-09 0.061447911 0
vt 0.00705177896 0.0812429339 0
vt 0.0297937263 0.0720694661 0
vt 0.111148909 0.049674198 0
vt 0.888851166 0.12855342 0
vt 0.867854238 0.148322165 0
vt 0.882977128 0.142532438 0
vt 0.888851166 0.128553405 0
vt 0.707762122 0.250883281 0
vt 0.739301443 0.322659582 0
vt 0.681751549 0.361815602 0
vt 0.666630626 0.353988826 0
vt 0.666630507 0.0920145139 0
vt 0.675352871 0.0966915563 0
vt 0.714050114 0.0907468498 0
vt 0.640678287 0.0896586925 0
vt 0.666630626 0.0920145065 0
vt 0.666630566 0.353988826 0
vt 0.555557013 0.279672563 0
vt 0.555557013 0.163594797 0
vt 0.567755342 0.161876515 0
vt 0.601414382 0.0930102244 0
vt 0.504059911 0.220020473 0
vt 0.494149089 0.175832361 0
vt 0.503895938 0.143177122 0
vt 0.545191288 0.175831601 0
vt 0.444443434 0.226785094 0
vt 0.48316443 0.212634891 0
vt 0.444443464 0.226785108 0
vt 0.821597576 0.163075849 0
vt 0.865819931 0.149100974 0
vt 0.777752638 0.297785968 0
vt 0.777752638 0.0932244509 0
vt 0.811173975 0.131650627 0
vt 0.720958471 0.0896854773 0
vt 0.753207088 0.08550293 0
vt 0.488074064 0.148746252 0
vt 0.501882434 0.141337857 0
vt 0.333369911 0.0686110705 0
vt 0.367428899 0.130201757 0
vt 0.383556545 0.130138129 0
vt 0.2910133 0.0954641178 0
vt 0.333369941 0.0686110705 0
vt 0.444443375 0.172154769 0
vt 0.386231512 0.130127624 0
vt 0.406757176 0.172188565 0
vt 0.427708358 0.178761333 0
vt 0.43541804 0.172353402 0
vt 0.285697222 -5.63755549e-08 0
vt 0.438135684 -4.14947294e-08 0
vt 1 1.23462677 0
vt 0.800000131 4 0
vt 0.800000131 1.23462677 0
vt 0.600000322 4 0
vt 0.600000322 1.23462677 0
vt 0.400000155 4 0
vt 0.400000155 1.23462677 0
vt 0.200000107 4 0
vt 0.200000107 1.23462677 0
vt 0 1.23462677 0
vt 0.831814945 0.81409049 0
vt 0.836424828 0.815956235 0
vt 0.841695786 0.819618404 0
vt 0.846669912 0.828419626 0
vt 0.867436945 0.828835487 0
vt 0.918471456 0.828740418 0
vt 0.95516032 0.862231851 0
vt 1 0.85696286 0
vt 0.800000191 0.800059795 0
vt 0.600000262 1.00540543 0
vt 0.675897717 0.914927363 0
vt 0.743278444 0.853187323 0
vt 0.800000072 0.800059855 0
vt 0.400000155 1.15583241 0
vt 0.40061897 1.15538383 0
vt 0.404530108 1.14572728 0
vt 0.431270629 1.11705434 0
vt 0.558949471 1.01716685 0
vt 0.58834058 1.01249743 0
vt 0.596007049 1.00917864 0
vt 0.600000322 1.00540555 0
vt 0.200000107 1.02679646 0
vt 0.298503846 1.08601081 0
vt 0.0480033867 0.914877951 0
vt 0.200000137 1.02679646 0
vt -1.7459401e-08 0.85696286 0
vt 0.00361242029 0.861090183 0
vt 1 3.16519904 0
vt 1 7.00000048 0
vt 0.800000131 7.00000048 0
vt 0.800000131 3.16519904 0
vt 0.600000322 7.00000048 0
vt 0.600000262 3.52892613 0
vt 0.734122336 3.16519928 0
vt 0.200000107 3.16519904 0
vt 0.200000107 7.00000048 0
vt 0 7.00000048 0
vt 0 3.16519904 0
vt 0.800000012 3.11561537 0
vt 1 2.96806145 0
vt 0.799999833 3.11561561 0
vt 0.734122276 3.16519928 0
vt 0.200000182 3.03068757 0
vt 0.351566881 3.1651988 0
vt -3.79117289e-08 2.96806121 0
vt 0.092724286 2.99628425 0
vt 0.200000137 3.03068781 0
vt 0.5299685 3.46814537 0
vt 0.600000203 3.52892613 0
vt 0.400000155 7.00000048 0
vt 0.400000155 3.32289314 0
vt 0.351566941 3.1651988 0
vt 0.400000513 3.32289314 0
vt 1 1.62564766 0
vt 0.800000131 1.62564766 0
vt 0.800000131 0 0
vt 0.600000322 1.62564766 0
vt 0.600000322 0 0
vt 0.400000155 1.62564766 0
vt 0.400000155 0 0
vt 0.200000107 1.62564766 0
vt 0.200000107 0 0
vt 0 1.62564766 0
vt 1 4.09350872 0
vt 0.800000131 4.09350872 0
vt 0.600000322 4.09350872 0
vt 0.400000155 4.09350872 0
vt 0.200000107 4.09350872 0
vt 0 4.09350872 0
vt 0.800000131 9 0
vt 0.600000322 9 0
vt 0.400000155 9 0
vt 0.200000107 9 0
vt 1 1.09137452 0
vt 1 2.43090987 0
vt 0.800000131 2.43090987 0
vt 0.800000131 1.09137452 0
vt 0.600000322 2.43090987 0
vt 0.600000322 1.09137452 0
vt 0.400000155 2.43090987 0
vt 0.400000155 1.09137452 0
vt 0.200000107 2.43090987 0
vt 0.200000107 1.09137452 0
vt 0 2.43090987 0
vt 0 1.09137452 0
vt 1 4.18358755 0
vt 0.800000131 4.18358755 0
vt 0.600000322 4.18358755 0
vt 0.400000155 4.18358755 0
vt 0.200000107 4.18358755 0
vt 0 4.18358755 0
vt 1 6.6783762 0
vt 0.800000131 6.6783762 0
vt 0.600000322 6.6783762 0
vt 0.400000155 6.6783762 0
vt 0.200000107 6.6783762 0
vt 0 6.6783762 0
vt 0.800000131 11 0
vt 0.600000322 11 0
vt 0.400000155 11 0
vt 0.200000107 11 0
vt 0.800000131 0.0662763864 0
vt 0.808372974 0.101147562 0
vt 0.853230953 0.121719286 0
vt 0.924400449 0.174181148 0
vt 0.970365167 0.168908566 0
vt 1 0.146741867 0
vt 0.72424078 0.144577026 0
vt 0.600000381 0.221080691 0
vt 0.604770303 0.217786342 0
vt 0.495417655 0.337671071 0
vt 0.400000185 0.286057651 0
vt 0.491744757 0.338606566 0
vt 0.200000197 0.105716616 0
vt 0.311493784 0.214931399 0
vt 0.337867379 0.238141373 0
vt 0.400000036 0.286057651 0
vt 0.136422962 0.12677139 0
vt 0.200000212 0.105716638 0
vt -8.2543508e-08 0.146741882 0
vt 0.0824150145 0.138958365 0
vt 1 1.26516974 0
vt 1 2.78459406 0
vt 0.800000131 2.78459406 0
vt 0.800000131 1.26516974 0
vt 0.600000322 2.78459406 0
vt 0.600000322 1.26516974 0
vt 0.400000155 2.78459406 0
vt 0.400000155 1.26516974 0
vt 0.200000107 2.78459406 0
vt 0.200000107 1.26516974 0
vt 0 2.78459406 0
vt 0 1.26516974 0
vt 1 4.61785555 0
vt 0.800000131 4.61785555 0
vt 0.600000322 4.61785555 0
vt 0.400000155 4.61785555 0
vt 0.200000107 4.61785555 0
vt 0 4.61785555 0
vt 1 6.8750205 0
vt 0.800000131 6.8750205 0
vt 0.600000322 6.8750205 0
vt 0.400000155 6.8750205 0
vt 0.200000107 6.8750205 0
vt 0 6.8750205 0
vt 1 9.70172405 0
vt 0.800000131 9.70172405 0
vt 0.600000322 9.70172405 0
vt 0.400000155 9.70172405 0
vt 0.200000107 9.70172405 0
vt 0 9.70172405 0
vt 1 13.4238691 0
vt 0.800000131 13.4238691 0
vt 0.600000322 13.4238691 0
vt 0.400000155 13.4238691 0
vt 0.200000107 13.4238691 0
vt 0 13.4238691 0
vt 1 19 0
vt 0.800000131 19 0
vt 0.600000322 19 0
vt 0.400000155 19 0
vt 0.200000107 19 0
vt 0 19 0
vt 0.890817404 0.130229786 0
vt 0.891513824 0.130707368 0
vt 0.907515526 0.130965814 0
vt 1 0.131340146 0
vt 0.800000191 0.0461378656 0
vt 0.668510258 0.296266943 0
vt 0.692277372 0.254674762 0
vt 0.800000191 0.0461378582 0
vt 0.600000203 0.38434568 0
vt 0.419510037 0.329176009 0
vt 0.508976638 0.443531901 0
vt 0.544825792 0.435337573 0
vt 0.600000322 0.384345651 0
vt 0.400000155 0.30961591 0
vt 0.323956758 0.238307193 0
vt 0.199999943 0.109988429 0
vt 0.0562992208 0.203329831 0
vt 0.184921682 0.118831992 0
vt 0.185845971 0.118659467 0
vt 0.199999943 0.109988406 0
vt -4.36505125e-08 0.131340146 0
vt 0.0422675386 0.186034858 0
vt 0.0548095517 0.202359647 0
vt 1 1.34212196 0
vt 0.800000131 1.34212196 0
vt 0.600000322 1.34212196 0
vt 0.400000155 1.34212196 0
vt 0.400000155 0.24289526 0
vt 0.472705424 0.25586319 0
vt 0.509614408 0.256177485 0
vt 0.546505511 0.179336876 0
vt 0.56172967 0.148578674 0
vt 0.575184703 0.0606026836 0
vt 0.577469289 0.0167949367 0
vt 0.567743599 -5.30662412e-08 0
vt 1 3.23078465 0
vt 0.800000131 3.23078465 0
vt 0.600000322 3.23078465 0
vt 0.400000155 3.23078465 0
vt 0.200000107 3.23078465 0
vt 0.200000107 1.34212196 0
vt 0 3.23078465 0
vt 0 1.34212196 0
vt 1 6.99999952 0
vt 0.800000131 6.99999952 0
vt 0.600000322 6.99999952 0
vt 0.400000155 6.99999952 0
vt 0.200000107 6.99999952 0
vt 0 6.99999952 0
vt 0.200000107 0.163195848 0
vt 0.371389031 0.230562836 0
vt 0.00737771625 -1.33947864e-07 0
vt 0.0134989601 0.042701818 0
vt 0.0443432331 0.108848058 0
vt 0.0632178858 0.150540411 0
vt 0.13739875 0.165990934 0
vt 0.181375697 0.168265387 0
vt 2.22044724e-17 1.34212196 0
vt 1 1.08162975 0
vt 1 2.36610484 0
vt 0.800000131 2.36610484 0
vt 0.800000131 1.08162975 0
vt 0.600000322 2.36610484 0
vt 0.600000322 1.08162975 0
vt 0.400000155 2.36610484 0
vt 0.400000155 1.08162975 0
vt 0.200000107 2.36610484 0
vt 0.200000107 1.08162975 0
vt 0 2.36610484 0
vt 0 1.08162975 0
vt 1 3.89523053 0
vt 0.800000131 3.89523053 0
vt 0.600000322 3.89523053 0
vt 0.400000155 3.89523053 0
vt 0.200000107 3.89523053 0
vt 0 3.89523053 0
vt 1 5.72789526 0
vt 0.800000131 5.72789526 0
vt 0.600000322 5.72789526 0
vt 0.400000155 5.72789526 0
vt 0.200000107 5.72789526 0
vt 0 5.72789526 0
vt 1 7.90612984 0
vt 0.800000131 7.90612984 0
vt 0.600000322 7.90612984 0
vt 0.400000155 7.90612984 0
vt 0.200000107 7.90612984 0
vt 0 7.90612984 0
vt 1 10.5458736 0
vt 0.800000131 10.5458736 0
vt 0.600000322 10.5458736 0
vt 0.400000155 10.5458736 0
vt 0.200000107 10.5458736 0
vt 0 10.5458736 0
vt 1 13.955121 0
vt 0.800000131 13.955121 0
vt 0.600000322 13.955121 0
vt 0.400000155 13.955121 0
vt 0.200000107 13.955121 0
vt 0 13.955121 0
vt 0.956553221 0.181832761 0
vt 0.999999881 0.160511255 0
vt 0.800000072 0.156808794 0
vt 0.901000798 0.159528241 0
vt 0.66381228 0.330450088 0
vt 0.744424641 0.279836506 0
vt 0.771923721 0.199490353 0
vt 0.800000012 0.156808794 0
vt 0.600000322 0.329289943 0
vt 0.438102663 0.180284932 0
vt 0.497303367 0.230778873 0
vt 0.568335712 0.31217441 0
vt 0.400000185 0.0632205904 0
vt 0.407502055 0.0809918493 0
vt 0.200000018 0.115784705 0
vt 0.245937675 0.115898296 0
vt 0.312981337 0.1288445 0
vt 0.384682953 0.068077676 0
vt 0.400000244 0.0632205978 0
vt 0.100760378 0.19772771 0
vt 0.132794499 0.187783137 0
vt 0.200000048 0.115784705 0
vt -9.31796862e-09 0.16051124 0
vt 1 1.8376497 0
vt 1 4.00641537 0
vt 0.800000131 4.00641537 0
vt 0.800000131 1.8376497 0
vt 0.600000322 4.00641537 0
vt 0.600000322 1.8376497 0
vt 0.400000155 4.00641537 0
vt 0.400000155 1.8376497 0
vt 0.200000107 4.00641537 0
vt 0.200000107 1.8376497 0
vt 0 4.00641537 0
vt 0 1.8376497 0
vt 1 6.59199905 0
vt 0.800000131 6.59199905 0
vt 0.600000322 6.59199905 0
vt 0.400000155 6.59199905 0
vt 0.200000107 6.59199905 0
vt 0 6.59199905 0
vt 1 9.8005352 0
vt 0.800000131 9.8005352 0
vt 0.600000322 9.8005352 0
vt 0.400000155 9.8005352 0
vt 0.200000107 9.8005352 0
vt 0 9.8005352 0
vt 1 14.3160686 0
vt 0.800000131 14.3160686 0
vt 0.600000322 14.3160686 0
vt 0.400000155 14.3160686 0
vt 0.200000107 14.3160686 0
vt 0 14.3160686 0
vt 1 21.9999981 0
vt 0.800000131 21.9999981 0
vt 0.600000322 21.9999981 0
vt 0.400000155 21.9999981 0
vt 0.200000107 21.9999981 0
vt 0 21.9999981 0
vt 0.96015799 0.123436876 0
vt 1.00000012 0.112371989 0
vt 0.800000191 0.264002651 0
vt 0.822240651 0.302759409 0
vt 0.749720156 0.407582581 0
vt 0.600000381 0.668003976 0
vt 0.605879784 0.653214216 0
vt 0.408813953 0.6101771 0
vt 0.487796813 0.745189428 0
vt 0.527811408 0.766713798 0
vt 0.600000262 0.668003976 0
vt 0.400000155 0.561050475 0
vt 0.200000092 0.0116450116 0
vt 0.400000095 0.561050475 0
vt 0.155772462 0.190258518 0
vt 0.200000077 0.0116450135 0
vt -2.33839721e-08 0.112371974 0
vt 0.00656432472 0.128378779 0
vt 0.110877037 0.208190858 0
vt 1 2.60274625 0
vt 1 5.69295263 0
vt 0.800000131 5.69295263 0
vt 0.800000131 2.60274625 0
vt 0.600000322 5.69295263 0
vt 0.600000322 2.60274625 0
vt 0.400000155 5.69295263 0
vt 0.400000155 2.60274625 0
vt 0.200000107 5.69295263 0
vt 0.200000107 2.60274625 0
vt 0 5.69295263 0
vt 0 2.60274625 0
vt 1 9.45421982 0
vt 0.800000131 9.45421982 0
vt 0.600000322 9.45421982 0
vt 0.400000155 9.45421982 0
vt 0.200000107 9.45421982 0
vt 0 9.45421982 0
vt 1 14.0620985 0
vt 0.800000131 14.0620985 0
vt 0.600000322 14.0620985 0
vt 0.400000155 14.0620985 0
vt 0.200000107 14.0620985 0
vt 0 14.0620985 0
vt 1 19.8961811 0
vt 0.800000131 19.8961811 0
vt 0.600000322 19.8961811 0
vt 0.400000155 19.8961811 0
vt 0.200000107 19.8961811 0
vt 0 19.8961811 0
vt 1 27.8366394 0
vt 0.800000131 27.8366394 0
vt 0.600000322 27.8366394 0
vt 0.400000155 27.8366394 0
vt 0.200000107 27.8366394 0
vt 0 27.8366394 0
vt 1 40 0
vt 0.800000131 40 0
vt 0.600000322 40 0
vt 0.400000155 40 0
vt 0.200000107 40 0
vt 0 40 0
vt 0.884512067 0.841628492 0
vt 0.897200465 0.845662653 0
vt 0.983096361 0.526785433 0
vt 1.00000024 0.442124754 0
vt 0.80000031 0.664050281 0
vt 0.600000381 1.16503668 0
vt 0.627602458 1.11579406 0
vt 0.628627181 1.2187407 0
vt 0.800000191 0.664050281 0
vt 0.432465047 1.92240655 0
vt 0.493579298 1.76687717 0
vt 0.589870691 1.35305095 0
vt 0.590299249 1.22570789 0
vt 0.600000381 1.1650368 0
vt 0.400000334 1.88685 0
vt 0.220154688 0.804351985 0
vt 0.316066086 1.49241447 0
vt 0.361247718 1.65671992 0
vt 0.400000364 1.88685012 0
vt 0.200000122 0.389609426 0
vt 0.227123171 0.496029705 0
vt 0.21643503 0.7414307 0
vt 0.0409758724 0.550502837 0
vt 0.187262475 0.672812462 0
vt 0.188684657 0.649426699 0
vt 0.185141981 0.502472401 0
vt 0.200000018 0.389609426 0
vt -2.76831599e-07 0.442124754 0
vt 0.0291753039 0.523783743 0
vt 0.0389362872 0.543483734 0
vt 1 1.25594091 0
vt 0.800000131 1.25594091 0
vt 0.600000322 1.25594091 0
vt 0.600000381 0.261832565 0
vt 0.618621826 0.223185688 0
vt 0.630678654 0.126435757 0
vt 0.639181435 0.120765336 0
vt 0.631641746 0.118708521 0
vt 0.646435082 -5.16387786e-08 0
vt 0.400000155 1.25594091 0
vt 0.200000107 1.25594091 0
vt 0 1.25594091 0
vt 0.496832907 0.385123372 0
vt 0.509523749 0.349850565 0
vt 0.600000322 0.261832565 0
vt 0.400000155 0.452607989 0
vt 0.422628373 0.461601555 0
vt 0.425321519 0.444371164 0
vt 0.273057491 0.297165841 0
vt 0.400000244 0.452607989 0
vt 0.200000077 0.186765403 0
vt 0.226161107 0.225998327 0
vt 0.255845904 0.268668383 0
vt 0.271273553 0.292123675 0
vt 0.0945420563 1.76157808e-08 0
vt 0.114619344 0.042480927 0
vt 0.194547042 0.181519702 0
vt 1 2.28939366 0
vt 1 5 0
vt 0.800000131 5 0
vt 0.800000131 2.28939366 0
vt 0.600000322 5 0
vt 0.600000322 2.28939366 0
vt 0.400000155 5 0
vt 0.400000155 2.28939366 0
vt 0.200000107 5 0
vt 0.200000301 2.5323751 0
vt 0.30254811 2.28939319 0
vt 0.852901161 0.0721584186 0
vt 0.908212304 0.00271515269 0
vt 0.917410612 2.59059174e-08 0
vt 1 0.503365397 0
vt 0.963775694 0.511115849 0
vt 0.863604426 0.544145644 0
vt 0.837884963 0.544120908 0
vt 0.800000131 0.655044556 0
vt 0.800000131 0.0410222188 0
vt 0.834172487 0.0769559741 0
vt 0.600000322 0.917284966 0
vt 0.630854845 -2.30430999e-08 0
vt 0.775938094 0.037788555 0
vt 0.799833834 0.0410204157 0
vt 0.80000025 0.0410222001 0
vt 0.800000012 0.655044556 0
vt 0.781491637 0.691096425 0
vt 0.641285181 0.917284966 0
vt 0.472092152 9.78729897e-09 0
vt 0.509288549 0.0497617535 0
vt 0.544457018 0.0606449954 0
vt 0.563435018 0.0428397954 0
vt 0.565777361 0.0403364822 0
vt 0.594640136 3.46902134e-08 0
vt 0.514173865 0.917285025 0
vt 0.489398301 0.898896217 0
vt 0.46902746 0.873337626 0
vt 0.459344059 0.879027367 0
vt 0.400000155 0.907240093 0
vt 0.400000185 0.907240093 0
vt 0.244222164 0.778895855 0
vt 0.203806922 0.748427033 0
vt 0.200762317 0.746260703 0
vt 0.200000018 0.746755779 0
vt -1.40190837e-08 0.503365397 0
vt 0.199999988 0.746755779 0
vt 0.19724755 0.7425071 0
vt 0.185200825 0.728452563 0
vt 0.800000191 1.58536673 0
vt 0.915698588 1.80122066 0
vt 1 1.93245149 0
vt 0.615649164 1.17640162 0
vt 0.647540569 1.59024036 0
vt 0.675757885 1.71039951 0
vt 0.80000031 1.58536673 0
vt 0.641285181 0.917284906 0
vt 0.623660862 1.12678349 0
vt 0.618530273 1.1594646 0
vt 0.514173806 0.917285085 0
vt 0.400000155 2.19643235 0
vt 0.487245739 2.00404143 0
vt 0.5406726 1.71204436 0
vt 0.579008698 1.23470926 0
vt 0.5672521 1.21584594 0
vt 0.534528732 1.09949362 0
vt 0.336428076 2.24388742 0
vt 0.399999946 2.19643235 0
vt 0.302548021 2.28939342 0
vt -2.95261469e-08 1.93245149 0
vt 0.146069869 2.28939366 0
vt 0 2.28939366 0
vt 0.14606984 2.28939366 0
vt 0.200000316 2.53237534 0
vt 0 5 0
vt 0.910374999 -1.0293185e-08 0
vt 0.800000131 1.28148282 0
vt 0.600000322 1.28148282 0
vt 0.400000125 1.84401679 0
vt 0.5209589 1.71796155 0
vt 0.510369778 1.28148282 0
vt 0.805696547 0.17596814 0
vt 0.889505506 0.189042777 0
vt 1 0.163916036 0
vt 0.99999994 1.23036516 0
vt 0.903674364 1.24855089 0
vt 0.899220347 1.2814827 0
vt 0.80000025 0.174385652 0
vt 0.6473037 0.227456436 0
vt 0.800000191 0.174385652 0
vt 0.600000322 0.256926745 0
vt 0.400000185 1.26468897 0
vt 0.400000155 1.42273173e-16 0
vt 0.466674894 -6.66878464e-08 0
vt 0.463775218 0.00380936754 0
vt 0.455978364 0.0104148304 0
vt 0.461593419 0.0176337585 0
vt 0.463543206 0.0359629467 0
vt 0.463720262 0.0575050525 0
vt 0.465131432 0.144390538 0
vt 0.50118804 0.209599182 0
vt 0.513403356 0.237662032 0
vt 0.5153265 0.238487259 0
vt 0.590737164 0.261265427 0
vt 0.5992136 0.257307827 0
vt 0.510369837 1.28148282 0
vt 0.509696543 1.27823961 0
vt 0.400000095 1.26468897 0
vt 0.200000137 1.23502779 0
vt 0.200000077 0.143475577 0
vt 0.239141166 0.0563783683 0
vt 0.259734571 1.2501323e-07 0
vt 0.0623111948 0.166814044 0
vt 0.114082105 0.0843936577 0
vt 0.200000107 0.143475577 0
vt 1.56062863e-09 1.23036528 0
vt -1.06456364e-08 0.163916036 0
vt 0.04850927 0.167617723 0
vt 0.86829567 1.71952879 0
vt 1.00000012 1.83893657 0
vt 0.899220288 1.2814827 0
vt 0.200000182 1.94947195 0
vt 0.400000334 1.84401679 0
vt 1.52380029e-08 1.83893657 0
vt 0.200000197 1.94947195 0
vt 0.200000107 2.23719549 0
vt 0.199999988 0.00351857673 0
vt 0.210798979 -1.11333227e-08 0
vt 0.400000155 2.23719549 0
vt 0.600000322 2.23719549 0
vt -6.03504731e-08 2.57106638 0
vt 0.016804805 2.23719573 0
vt 0.916097403 0.125587791 0
vt 0.999999881 0.0705668405 0
vt 0.99999994 2.11124206 0
vt 0.800000131 2.18203545 0
vt 0.800000012 0.176508427 0
vt 0.671812415 0.255289972 0
vt 0.68627125 0.263921201 0
vt 0.751129746 0.230615214 0
vt 0.776053905 0.216195881 0
vt 0.799999893 0.176508471 0
vt 0.799999952 2.18203545 0
vt 0.710850418 2.23719549 0
vt 0.600000143 0.193458945 0
vt 0.603235662 0.203057155 0
vt 0.610880792 0.223919198 0
vt 0.559530616 0.00739701185 0
vt 0.537608624 0.0533284359 0
vt 0.600000322 0.19345893 0
vt 0.562327087 1.25360948e-08 0
vt 0.189084485 -1.28579973e-08 0
vt 0.192541674 -4.05776257e-09 0
vt 0.200000152 0.00351858116 0
vt 0.0168048199 2.23719573 0
vt 0.0102111921 2.11527562 0
vt 2.24420361e-07 2.11124229 0
vt 5.25693844e-09 0.0705668256 0
vt 0.0689929947 0.082423754 0
vt 0.102362707 0.0861282051 0
vt 0.963399529 2.68803287 0
vt 0.999999821 2.57106638 0
vt 0.799999952 2.87625885 0
vt 0.710850418 2.23719525 0
vt 0.685683548 2.2824254 0
vt 0.732290924 2.87570333 0
vt 0.799999475 2.87625909 0
vt 0.460570663 0.00801905338 0
vt 1 1.28148282 0
vt 0.400000155 1.28148282 0
vt 0.200000107 1.28148282 0
vt 0 1.28148282 0
vt 0.493305147 1.1770527e-07 0
vt 0.499825031 -1.60958265e-07 0
vt 0.499071032 0.00363956904 0
vt 0.502841473 0.00915313791 0
vt 0.129910588 0.0444347598 0
vt 0.133681998 0.0519432612 0
vt 0.124957338 0.0466886871 0
vt 0.400000155 1.88168252 0
vt 0.200000107 1.88168252 0
vt 0 1.88168252 0
vt -3.97154132e-08 0.282743841 0
vt 0.0239086673 0.28952685 0
vt 0.0645594746 0.299004942 0
vt 0.0914646909 0.282036722 0
vt 0.127830654 0.260158479 0
vt 0.139333248 0.227286875 0
vt 0.16040884 0.173280925 0
vt 0.155572668 0.145287782 0
vt 0.139271036 0.0648079664 0
vt 0.127661124 0.0523983128 0
vt 0.0831154734 4.68038834e-08 0
vt 0.200000107 2.08908725e-16 0
vt 1 1.88168252 0
vt 0.800000131 6 0
vt 0.800000131 1.88168252 0
vt 0.600000322 6 0
vt 0.600000322 1.88168252 0
vt 0.400000155 6 0
vt 0.200000107 6 0
vt 0.800000191 0.195012659 0
vt 1.00000012 0.282743871 0
vt 0.601069331 0.120762773 0
vt 0.652451515 0.156379536 0
vt 0.68997252 0.188889831 0
vt 0.693435848 0.191997275 0
vt 0.79246062 0.195850372 0
vt 0.800000072 0.195012659 0
vt 0.600000322 0.120048583 0
vt 0.561415315 0.0948046818 0
vt 0.576452792 0.113929667 0
vt 0.587198794 0.117599756 0
vt 1 2.23719549 0
vt 0.800000131 2.23719549 0
vt 0 2.23719549 0
vt 0 0.93088454 0
vt -8.13141376e-09 0.261852592 0
vt 0.0462670214 0.214732274 0
vt 0.110948265 0.152576864 0
vt 0.123102449 0.0887482315 0
vt 0.143116087 1.87115248e-08 0
vt 0.200000107 1.03348945e-16 0
vt 0.200000107 0.93088454 0
vt 0.200000182 2.52935624 0
vt 0.152287617 2.67015028 0
vt 0.200000182 2.69227672 0
vt 0.200000107 3 0
vt 0 3 0
vt 0.919454813 0.289578229 0
vt 0.949879169 0.280222058 0
vt 0.97922647 0.274984151 0
vt 0.988110721 0.273464084 0
vt 0.99999994 0.261852592 0
vt 1 0.93088454 0
vt 0.800000131 0.93088454 0
vt 0.800000072 0.250807047 0
vt 0.814373195 0.264520705 0
vt 0.823884487 0.26678744 0
vt 0.864126384 0.30336076 0
vt 0.697675705 0.258942604 0
vt 0.733185887 0.262627542 0
vt 0.600000322 0.93088454 0
vt 0.600000322 0.270029873 0
vt 0.422080398 0.275765181 0
vt 0.459364742 0.28322053 0
vt 0.507949114 0.302072376 0
vt 0.53282249 0.309255987 0
vt 0.600000322 0.270029843 0
vt 0.400000155 0.93088454 0
vt 0.400000155 0.256911874 0
vt 0.409856617 0.27349028 0
vt 0.293893307 0.163363725 0
vt 0.400000155 0.256911904 0
vt 0.251367629 -1.95683167e-08 0
vt 0.261795074 0.0920416564 0
vt 0.265463054 0.136647344 0
vt 1 3 0
vt 0.800000131 3 0
vt 0.800000131 1.71960831 0
vt 0.882920206 1.78480458 0
vt 0.978457272 1.58984303 0
vt 0.876259208 1.38579798 0
vt 0.800000131 1.43207765 0
vt 0.602287292 1.67708158 0
vt 0.800000191 1.71960831 0
vt 0.600000322 3 0
vt 0.600000322 1.67734849 0
vt 0.623599768 1.32188177 0
vt 0.600000322 1.3140316 0
vt 0.800000072 1.43207765 0
vt 0.408758849 2.58169246 0
vt 0.434193164 2.53085279 0
vt 0.405034661 2.38631177 0
vt 0.400000095 2.38901734 0
vt 0.600000262 1.3140316 0
vt 0.51870501 1.24287093 0
vt 0.422241062 1.46895576 0
vt 0.476033658 1.72220504 0
vt 0.600000501 1.67734849 0
vt 0.400000155 3 0
vt 0.400000155 2.60175681 0
vt 0.399999917 2.38901734 0
vt 0.26322329 2.40518808 0
vt 0.213197693 2.48705792 0
vt 0.200000107 2.529356 0
vt 0.200000167 2.69227672 0
vt 0.399999797 2.60175657 0
vt 1 0.933674216 0
vt 1 2.07829022 0
vt 0.800000131 2.07829022 0
vt 0.800000131 0.933674216 0
vt 0.600000322 2.07829022 0
vt 0.600000322 0.933674216 0
vt 0.400000155 2.07829022 0
vt 0.400000155 0.933674216 0
vt 0.200000107 2.07829022 0
vt 0.200000107 0.933674216 0
vt 0 2.07829022 0
vt 0 0.933674216 0
vt 1 3.52824831 0
vt 0.800000131 3.52824831 0
vt 0.600000322 3.52824831 0
vt 0.400000155 3.52824831 0
vt 0.200000107 3.52824831 0
vt 0 3.52824831 0
vt 1 5.51600647 0
vt 0.800000131 5.51600647 0
vt 0.600000322 5.51600647 0
vt 0.400000155 5.51600647 0
vt 0.200000107 5.51600647 0
vt 0 5.51600647 0
vt 0.917718768 0.129858196 0
vt 1 0.0889695361 0
vt 0.800000072 0.135374025 0
vt 0.895837963 0.147958547 0
vt 0.741969228 0.151726574 0
vt 0.787577868 0.139140785 0
vt 0.800000012 0.135374039 0
vt 0.600000441 0.0736894235 0
vt 0.607303739 0.103410631 0
vt 0.631547034 0.107734844 0
vt 0.405322969 0.251206249 0
vt 0.491342366 0.166339919 0
vt 0.555552065 0.124194868 0
vt 0.583431661 0.110370614 0
vt 0.600000381 0.0736894235 0
vt 0.400000066 0.255904347 0
vt 0.262441307 0.24448894 0
vt 0.271315843 0.245306715 0
vt 0.393063426 0.259671688 0
vt 0.400000155 0.255904347 0
vt 0.200000122 0.194303513 0
vt 0.154025331 0.171097457 0
vt 0.200000226 0.194303527 0
vt -2.10159214e-08 0.0889695361 0
vt 1 1.07012904 0
vt 1 2.47112608 0
vt 0.800000131 2.47112608 0
vt 0.800000131 1.07012904 0
vt 0.600000322 2.47112608 0
vt 0.600000322 1.07012904 0
vt 0.400000155 2.47112608 0
vt 0.400000155 1.07012904 0
vt 0.200000107 2.47112608 0
vt 0.200000107 1.07012904 0
vt 0 2.47112608 0
vt 0 1.07012904 0
vt 1 4.4406147 0
vt 0.800000131 4.4406147 0
vt 0.600000322 4.4406147 0
vt 0.400000155 4.4406147 0
vt 0.200000107 4.4406147 0
vt 0 4.4406147 0
vt 1 8 0
vt 0.800000131 8 0
vt 0.600000322 8 0
vt 0.400000155 8 0
vt 0.200000107 8 0
vt 0 8 0
vt 0.826521635 0.140894458 0
vt 0.856594741 0.139826059 0
vt 0.973207712 0.16011928 0
vt 0.994793594 0.133516312 0
vt 0.99999994 0.118374772 0
vt 0.80000025 0.111256197 0
vt 0.696914911 0.132369667 0
vt 0.80000037 0.111256175 0
vt 0.600000381 0.093218945 0
vt 0.663942397 0.142549112 0
vt 0.50863409 0.255366206 0
vt 0.600000203 0.093218945 0
vt 0.400000095 0.420069426 0
vt 0.504219532 0.260543525 0
vt 0.507609487 0.25647071 0
vt 0.200000092 0.309280097 0
vt 0.217947185 0.3568618 0
vt 0.225726426 0.360888749 0
vt 0.379152298 0.428071022 0
vt 0.392086327 0.422672063 0
vt 0.399999917 0.420069426 0
vt 2.22044724e-17 1.07012904 0
vt 6.8405889e-08 0.118374765 0
vt 0.154140756 0.285009503 0
vt 0.200000107 0.309280097 0
vt 1 1.62569702 0
vt 1 3.77080131 0
vt 0.800000131 3.77080131 0
vt 0.800000131 1.62569702 0
vt 0.600000322 3.77080131 0
vt 0.600000322 1.62569702 0
vt 0.400000155 3.77080131 0
vt 0.400000155 1.62569702 0
vt 0.200000107 3.77080131 0
vt 0.200000107 1.62569702 0
vt 0 3.77080131 0
vt 0 1.62569702 0
vt 1 6.72836399 0
vt 0.800000131 6.72836399 0
vt 0.600000322 6.72836399 0
vt 0.400000155 6.72836399 0
vt 0.200000107 6.72836399 0
vt 0 6.72836399 0
vt 0.800000131 12 0
vt 0.600000322 12 0
vt 0.400000155 12 0
vt 0.200000107 12 0
vt 0.800000191 0.361561418 0
vt 1 0.101946391 0
vt 0.630495787 0.605796576 0
vt 0.726832807 0.499379367 0
vt 0.741398513 0.492090791 0
vt 0.800000072 0.361561418 0
vt 0.60000056 0.618724406 0
vt 0.622789383 0.609709263 0
vt 0.62997067 0.605865479 0
vt 0.411692142 0.347493947 0
vt 0.43219772 0.423141688 0
vt 0.585093141 0.607069373 0
vt 0.600000441 0.618724406 0
vt 0.400000274 0.293349773 0
vt 0.227784485 0.150653034 0
vt 0.366104245 0.343798459 0
vt 0.390477836 0.315440357 0
vt 0.400000066 0.293349773 0
vt 0.200000137 0.12006703 0
vt 0.162087917 0.149954751 0
vt 0.200000301 0.120067038 0
vt 5.79221009e-08 0.101946391 0
vt 0.0317007117 0.162688673 0
vt 0.093715407 0.137961969 0
vt 1 1.04290712 0
vt 1 2.24726748 0
vt 0.800000131 2.24726748 0
vt 0.800000131 1.04290712 0
vt 0.600000322 2.24726748 0
vt 0.600000322 1.04290712 0
vt 0.400000155 2.24726748 0
vt 0.400000155 1.04290712 0
vt 0.200000107 2.24726748 0
vt 0.200000107 1.04290712 0
vt 0 2.24726748 0
vt 0 1.04290712 0
vt 1 3.67223287 0
vt 0.800000131 3.67223287 0
vt 0.600000322 3.67223287 0
vt 0.400000155 3.67223287 0
vt 0.200000107 3.67223287 0
vt 0 3.67223287 0
vt 1 5.40067196 0
vt 0.800000131 5.40067196 0
vt 0.600000322 5.40067196 0
vt 0.400000155 5.40067196 0
vt 0.200000107 5.40067196 0
vt 0 5.40067196 0
vt 1 7.47928858 0
vt 0.800000131 7.47928858 0
vt 0.600000322 7.47928858 0
vt 0.400000155 7.47928858 0
vt 0.200000107 7.47928858 0
vt 0 7.47928858 0
vt 1 10.0045033 0
vt 0.800000131 10.0045033 0
vt 0.600000322 10.0045033 0
vt 0.400000155 10.0045033 0
vt 0.200000107 10.0045033 0
vt 0 10.0045033 0
vt 1 13.2188597 0
vt 0.800000131 13.2188597 0
vt 0.600000322 13.2188597 0
vt 0.400000155 13.2188597 0
vt 0.200000107 13.2188597 0
vt 0 13.2188597 0
vt 1 18 0
vt 0.800000131 18 0
vt 0.600000322 18 0
vt 0.400000155 18 0
vt 0.200000107 18 0
vt 0 18 0
vt 0.946517885 0.172117233 0
vt 0.999999881 0.147361308 0
vt 0.800000072 0.110199988 0
vt 0.814044952 0.142005309 0
vt 0.885641575 0.158833131 0
vt 0.608277023 0.204412535 0
vt 0.800000131 0.110199988 0
vt 0.600000381 0.207262829 0
vt 0.443738103 0.24927482 0
vt 0.475323081 0.258609384 0
vt 0.561308026 0.222390592 0
vt 0.400000155 0.237702459 0
vt 0.239194602 0.129669979 0
vt 0.306169599 0.196312532 0
vt 0.400000125 0.237702459 0
vt 0.200000063 0.0810409114 0
vt -1.27688864e-08 0.147361308 0
vt 0.0347827151 0.146871611 0
vt 0.116226904 0.147615165 0
vt 0.174920693 0.106244169 0
vt 0.200000122 0.0810409039 0
vt 2.22044724e-17 1.04290712 0
vt 1 1.40170193 0
vt 1 3.03162789 0
vt 0.800000131 3.03162789 0
vt 0.800000131 1.40170193 0
vt 0.600000322 3.03162789 0
vt 0.600000322 1.40170193 0
vt 0.400000155 3.03162789 0
vt 0.400000155 1.40170193 0
vt 0.200000107 3.03162789 0
vt 0.200000107 1.40170193 0
vt 0 3.03162789 0
vt 0 1.40170193 0
vt 1 5.01015568 0
vt 0.800000131 5.01015568 0
vt 0.600000322 5.01015568 0
vt 0.400000155 5.01015568 0
vt 0.200000107 5.01015568 0
vt 0 5.01015568 0
vt 1 7.51630163 0
vt 0.800000131 7.51630163 0
vt 0.600000322 7.51630163 0
vt 0.400000155 7.51630163 0
vt 0.200000107 7.51630163 0
vt 0 7.51630163 0
vt 1 10.6174173 0
vt 0.800000131 10.6174173 0
vt 0.600000322 10.6174173 0
vt 0.400000155 10.6174173 0
vt 0.200000107 10.6174173 0
vt 0 10.6174173 0
vt 1 14.3800058 0
vt 0.800000131 14.3800058 0
vt 0.600000322 14.3800058 0
vt 0.400000155 14.3800058 0
vt 0.200000107 14.3800058 0
vt 0 14.3800058 0
vt 1 19.1512127 0
vt 0.800000131 19.1512127 0
vt 0.600000322 19.1512127 0
vt 0.400000155 19.1512127 0
vt 0.200000107 19.1512127 0
vt 0 19.1512127 0
vt 1 25.9999981 0
vt 0.800000131 25.9999981 0
vt 0.600000322 25.9999981 0
vt 0.400000155 25.9999981 0
vt 0.200000107 25.9999981 0
vt 0 25.9999981 0
vt 0.800000191 0.128410801 0
vt 0.822802722 0.144704372 0
vt 1 0.0851805955 0
vt 0.657802582 0.390366644 0
vt 0.70141238 0.320651382 0
vt 0.786551297 0.174773514 0
vt 0.600000322 0.416227311 0
vt 0.502272129 0.356373608 0
vt 0.561216295 0.392242938 0
vt 0.600000441 0.416227311 0
vt 0.400000155 0.205915466 0
vt 0.419879854 0.233513549 0
vt 0.199999884 0.0607583635 0
vt 0.354216158 0.16956152 0
vt 0.400000334 0.205915496 0
vt 0.013715338 0.10556037 0
vt 0.025810698 0.121764258 0
vt 0.141971692 0.102781959 0
vt 0.158375099 0.101905167 0
vt 0.200000033 0.060758356 0
vt 2.22044724e-17 1.40170193 0
vt -5.44330874e-08 0.0851805881 0
vt 1 1.62695456 0
vt 1 3.50880885 0
vt 0.800000131 3.50880885 0
vt 0.800000131 1.62695456 0
vt 0.600000322 3.50880885 0
vt 0.600000322 1.62695456 0
vt 0.400000155 3.50880885 0
vt 0.400000155 1.62695456 0
vt 0.200000107 3.50880885 0
vt 0.200000107 1.62695456 0
vt 0 3.50880885 0
vt 0 1.62695456 0
vt 1 5.76762629 0
vt 0.800000131 5.76762629 0
vt 0.600000322 5.76762629 0
vt 0.400000155 5.76762629 0
vt 0.200000107 5.76762629 0
vt 0 5.76762629 0
vt 1 8.55580521 0
vt 0.800000131 8.55580521 0
vt 0.600000322 8.55580521 0
vt 0.400000155 8.55580521 0
vt 0.200000107 8.55580521 0
vt 0 8.55580521 0
vt 1 11.9534197 0
vt 0.800000131 11.9534197 0
vt 0.600000322 11.9534197 0
vt 0.400000155 11.9534197 0
vt 0.200000107 11.9534197 0
vt 0 11.9534197 0
vt 1 16.0738087 0
vt 0.800000131 16.0738087 0
vt 0.600000322 16.0738087 0
vt 0.400000155 16.0738087 0
vt 0.200000107 16.0738087 0
vt 0 16.0738087 0
vt 1 21.304327 0
vt 0.800000131 21.304327 0
vt 0.600000322 21.304327 0
vt 0.400000155 21.304327 0
vt 0.200000107 21.304327 0
vt 0 21.304327 0
vt 1 29 0
vt 0.800000131 29 0
vt 0.600000322 29 0
vt 0.400000155 29 0
vt 0.200000107 29 0
vt 0 29 0
vt 0.800000191 0.116287202 0
vt 0.863000095 0.172606394 0
vt 0.894127905 0.14951089 0
vt 0.993748009 0.0942308009 0
vt 1 0.0685325935 0
vt 0.600000381 0.417057961 0
vt 0.800000072 0.116287202 0
vt 0.47509414 0.603051007 0
vt 0.487576842 0.588625371 0
vt 0.592931509 0.429974288 0
vt 0.600000262 0.417057961 0
vt 0.400000095 0.633283615 0
vt 0.214698076 0.225239828 0
vt 0.265276074 0.422462583 0
vt 0.31076467 0.536338151 0
vt 0.323987067 0.547042608 0
vt 0.399999976 0.633283615 0
vt 0.200000003 0.0467507802 0
vt 0.214431345 0.184962392 0
vt 7.36897974e-08 0.068532601 0
vt 0.0288484581 0.07707192 0
vt 0.166633755 0.146255404 0
vt 0.168425009 0.0914442912 0
vt 0.200000033 0.0467507765 0
vt 1 0.983565152 0
vt 1 2.2634573 0
vt 0.800000131 2.2634573 0
vt 0.800000131 0.983565152 0
vt 0.600000322 2.2634573 0
vt 0.600000322 0.983565152 0
vt 0.400000155 2.2634573 0
vt 0.400000155 0.983565152 0
vt 0.200000107 2.2634573 0
vt 0.200000107 0.983565152 0
vt 0 2.2634573 0
vt 0 0.983565152 0
vt 1 3.96350145 0
vt 0.800000131 3.96350145 0
vt 0.600000322 3.96350145 0
vt 0.400000155 3.96350145 0
vt 0.200000107 3.96350145 0
vt 0 3.96350145 0
vt 1 6.22936916 0
vt 0.800000131 6.22936916 0
vt 0.600000322 6.22936916 0
vt 0.400000155 6.22936916 0
vt 0.200000107 6.22936916 0
vt 0 6.22936916 0
vt 1 9.38930988 0
vt 0.800000131 9.38930988 0
vt 0.600000322 9.38930988 0
vt 0.400000155 9.38930988 0
vt 0.200000107 9.38930988 0
vt 0 9.38930988 0
vt 0.800000131 14 0
vt 0.600000322 14 0
vt 0.400000155 14 0
vt 0.200000107 14 0
vt 0.947728634 0.154387653 0
vt 0.97114265 0.158120483 0
vt 1.00000012 0.148837924 0
vt 0.800000131 0.101552121 0
vt 0.807255626 0.118280672 0
vt 0.600000322 0.244411424 0
vt 0.646926522 0.216880083 0
vt 0.786009371 0.124864608 0
vt 0.800000072 0.101552129 0
vt 0.438530266 0.234001815 0
vt 0.494245112 0.241549 0
vt 0.572630525 0.2562792 0
vt 0.400000155 0.168163478 0
vt 0.200000033 0.0684108958 0
vt 0.400000215 0.168163478 0
vt 0.132830858 0.151782498 0
vt 0.200000048 0.0684108883 0
vt -3.79673075e-08 0.148837939 0
vt 0.112403244 0.150164917 0
vt 0.800000131 1.05528688 0
vt 0.800000131 0.106993012 0
vt 0.856120348 0.101842284 0
vt 0.926229835 0.0870158747 0
vt 0.950371265 0.0123569425 0
vt 0.963675976 1.61554876e-08 0
vt 1 1.05528688 0
vt 1 2.41832423 0
vt 0.800000131 2.41832423 0
vt 0.600000322 2.41832423 0
vt 0.600000322 1.05528688 0
vt 0.400000155 2.41832423 0
vt 0.400000155 1.05528688 0
vt 0.200000107 2.41832423 0
vt 0.200000107 1.05528688 0
vt 0 2.41832423 0
vt 0 1.05528688 0
vt 1 4.37209368 0
vt 0.800000131 4.37209368 0
vt 0.600000322 4.37209368 0
vt 0.400000155 4.37209368 0
vt 0.200000107 4.37209368 0
vt 0 4.37209368 0
vt 0.629943132 0.172571987 0
vt 0.691647291 0.150233984 0
vt 0.789502382 0.115907684 0
vt 0.800000072 0.106993012 0
vt 0.600000262 0.159431577 0
vt 0.52979207 0.235587046 0
vt 0.600000381 0.159431577 0
vt 0.400000155 0.341869265 0
vt 0.474849403 0.28047365 0
vt 0.221418396 0.270024925 0
vt 0.315461457 0.342840075 0
vt 0.323955685 0.348375112 0
vt 0.400000095 0.341869265 0
vt 0.200000048 0.21827814 0
vt 0.215325162 0.244117066 0
vt 0.0262899119 4.02281408e-08 0
vt 0.200000137 0.218278155 0
vt 1 3.32050347 0
vt 0.800000131 3.32050347 0
vt 1 7.5785594 0
vt 0.800000131 7.5785594 0
vt 0.600000322 7.5785594 0
vt 0.600000322 3.32050347 0
vt 0.400000155 7.5785594 0
vt 0.400000155 3.32050347 0
vt 0.200000107 7.5785594 0
vt 0.200000107 3.32050347 0
vt 0 7.5785594 0
vt 0 3.32050347 0
vt 1 13.2054749 0
vt 0.800000131 13.2054749 0
vt 0.600000322 13.2054749 0
vt 0.400000155 13.2054749 0
vt 0.200000107 13.2054749 0
vt 0 13.2054749 0
vt 1 21.2981071 0
vt 0.800000131 21.2981071 0
vt 0.600000322 21.2981071 0
vt 0.400000155 21.2981071 0
vt 0.200000107 21.2981071 0
vt 0 21.2981071 0
vt 1 35 0
vt 0.800000131 35 0
vt 0.600000322 35 0
vt 0.400000155 35 0
vt 0.200000107 35 0
vt 0 35 0
vt 0.639380097 0.826999366 0
vt 0.677863657 0.825547755 0
vt 0.729776025 0.81341064 0
vt 0.75415802 0.789229512 0
vt 0.775119841 0.781985164 0
vt 0.785835743 -4.63085343e-07 0
vt 0.600000203 0.824704885 0
vt 0.617862821 0.827811778 0
vt 0.517021954 0.838696241 0
vt 0.55387634 0.835737824 0
vt 0.573781312 0.833177686 0
vt 0.599999905 0.824704885 0
vt 0.400000393 0.82601434 0
vt 0.419379413 0.828003407 0
vt 0.427390158 0.829784334 0
vt 0.441461593 0.83291173 0
vt 0.476866633 0.837360322 0
vt 0.493147075 0.839405239 0
vt 0.305023462 0.667635202 0
vt 0.314047992 0.691030025 0
vt 0.34117952 0.804589033 0
vt 0.371961623 0.827529311 0
vt 0.400000304 0.82601434 0
vt 0.200000271 0.0132681886 0
vt 0.209817797 0.0668290779 0
vt 0.112019897 3.15458891e-07 0
vt 0.152254298 0.19717665 0
vt 0.199999735 0.0132682314 0
vt 1 1.03081548 0
vt 1 2.34593081 0
vt 0.800000131 2.34593081 0
vt 0.800000131 1.03081548 0
vt 0.600000322 2.34593081 0
vt 0.600000322 1.03081548 0
vt 0.400000155 2.34593081 0
vt 0.400000155 1.03081548 0
vt 0.200000107 2.34593081 0
vt 0.200000107 1.03081548 0
vt 0 2.34593081 0
vt 0 1.03081548 0
vt 1 4.17835283 0
vt 0.800000131 4.17835283 0
vt 0.600000322 4.17835283 0
vt 0.400000155 4.17835283 0
vt 0.200000107 4.17835283 0
vt 0 4.17835283 0
vt 1 6.78223658 0
vt 0.800000131 6.78223658 0
vt 0.600000322 6.78223658 0
vt 0.400000155 6.78223658 0
vt 0.200000107 6.78223658 0
vt 0 6.78223658 0
vt 0.906372786 0.136973441 0
vt 0.94797045 0.11527539 0
vt 1.00000012 0.0848598704 0
vt 0.800000072 0.0564532503 0
vt 0.807420254 0.0605301261 0
vt 0.600000381 0.271033525 0
vt 0.670495808 0.24925907 0
vt 0.684577882 0.239975467 0
vt 0.755865633 0.157576367 0
vt 0.794037879 0.068048723 0
vt 0.800000072 0.0564532615 0
vt 0.51033777 0.275685757 0
vt 0.600000381 0.271033555 0
vt 0.400000155 0.198716 0
vt 0.406682789 0.206343114 0
vt 0.496888965 0.285082161 0
vt 0.250070453 0.100254849 0
vt 0.309173852 0.147889659 0
vt 0.383529872 0.190203026 0
vt 0.400000125 0.198716 0
vt 0.200000152 0.0623458475 0
vt 0.104548797 0.117005028 0
vt 0.195832133 0.0705728829 0
vt 0.200000122 0.0623458475 0
vt 2.22044724e-17 1.03081548 0
vt -3.21910001e-08 0.0848598778 0
vt 0.0836082548 0.125718832 0
vt 1 1.32172191 0
vt 1 3.22165895 0
vt 0.800000131 3.22165895 0
vt 0.800000131 1.32172191 0
vt 0.600000322 3.22165895 0
vt 0.600000322 1.32172191 0
vt 0.400000155 3.22165895 0
vt 0.400000155 1.32172191 0
vt 0.200000107 3.22165895 0
vt 0.200000107 1.32172191 0
vt 0 3.22165895 0
vt 0 1.32172191 0
vt 0.800000131 7 0
vt 0.600000322 7 0
vt 0.400000155 7 0
vt 0.200000107 7 0
vt 0.843596876 0.143007621 0
vt 0.902660191 0.148642614 0
vt 1.00000012 0.095464617 0
vt 0.800000191 0.124703728 0
vt 0.674249649 0.279190898 0
vt 0.600000381 0.364218652 0
vt 0.532934189 0.414570868 0
vt 0.600000381 0.364218682 0
vt 0.400000125 0.418487668 0
vt 0.413954973 0.436557353 0
vt 0.50235033 0.417821348 0
vt 0.200000092 0.114251509 0
vt 0.353928924 0.354303986 0
vt 0.400000155 0.418487698 0
vt -8.75633344e-09 0.095464617 0
vt 0.00207097596 0.096921809 0
vt 0.0678168908 0.148930445 0
vt 0.142923504 0.124300666 0
vt 0.200000018 0.114251502 0
vt 2.22044724e-17 1.32172191 0
vt 1 1.87569284 0
vt 1 4.50656605 0
vt 0.800000131 4.50656605 0
vt 0.800000131 1.87569284 0
vt 0.600000322 4.50656605 0
vt 0.600000322 1.87569284 0
vt 0.400000155 4.50656605 0
vt 0.400000155 1.87569284 0
vt 0.200000107 4.50656605 0
vt 0.200000107 1.87569284 0
vt 0 4.50656605 0
vt 0 1.87569284 0
vt 1 10 0
vt 0.800000131 10 0
vt 0.600000322 10 0
vt 0.400000155 10 0
vt 0.200000107 10 0
vt 0 10 0
vt 0.827697277 0.266843498 0
vt 0.835862756 0.283492535 0
vt 1 0.15970476 0
vt 0.800000131 0.0272890534 0
vt 0.600000381 0.652297795 0
vt 0.610095203 0.635063171 0
vt 0.679092348 0.480799556 0
vt 0.49164623 0.694624662 0
vt 0.600000262 0.652297854 0
vt 0.400000155 0.684805393 0
vt 0.464691997 0.777504742 0
vt 0.200000077 0.214996219 0
vt 0.251644284 0.344440609 0
vt 0.374562889 0.618440211 0
vt 0.400000274 0.684805453 0
vt 0.0297272205 0.220272347 0
vt 0.162964597 0.219017252 0
vt 0.182698458 0.227183238 0
vt 0.199999973 0.214996204 0
vt 2.22044724e-17 1.87569284 0
vt -1.29028322e-07 0.15970476 0
vt 0.0192578398 0.183469236 0
vt 1 1.26630843 0
vt 0.800000131 1.26630843 0
vt 0.600000322 1.26630843 0
vt 0.400000155 1.26630843 0
vt 0.200000107 1.26630843 0
vt 0 1.26630843 0
vt 0.898116291 0.124607749 0
vt 0.946755409 0.108566754 0
vt 1 0.106659569 0
vt 0.800000072 0.0399573296 0
vt 0.822373211 0.0619616434 0
vt 0.734603524 0.107663564 0
vt 0.800000131 0.0399573334 0
vt 0.600000381 0.0617694855 0
vt 0.622050762 0.0889393315 0
vt 0.705881298 0.0968412533 0
vt 0.400000215 0.234988213 0
vt 0.499813974 0.149427265 0
vt 0.600000262 0.0617694892 0
vt 0.231909513 0.445781142 0
vt 0.282346398 0.394269854 0
vt 0.294406384 0.384852678 0
vt 0.392791539 0.248766407 0
vt 0.400000155 0.234988213 0
vt 0.200000077 0.475111455 0
vt 0.0475189462 0.280289829 0
vt 0.149619311 0.450757474 0
vt 0.165160418 0.46624583 0
vt 0.166331753 0.466583222 0
vt 0.200000077 0.475111425 0
vt 5.23084864e-08 0.106659576 0
vt 0.0332033522 0.222343788 0
vt 1 1.46008134 0
vt 1 3.65898848 0
vt 0.800000131 3.65898848 0
vt 0.800000131 1.46008134 0
vt 0.600000322 3.65898848 0
vt 0.600000322 1.46008134 0
vt 0.400000155 3.65898848 0
vt 0.400000155 1.46008134 0
vt 0.200000107 3.65898848 0
vt 0.200000107 1.46008134 0
vt 0 3.65898848 0
vt 0 1.46008134 0
vt 0.800000191 0.2121595 0
vt 1 0.102911517 0
vt 0.611040473 0.450644284 0
vt 0.710976601 0.392927915 0
vt 0.716163218 0.340990692 0
vt 0.800000131 0.2121595 0
vt 0.600000262 0.446980149 0
vt 0.400000155 0.160969034 0
vt 0.436947823 0.240770817 0
vt 0.454572499 0.264067471 0
vt 0.558777511 0.405953705 0
vt 0.600000381 0.446980149 0
vt 0.320402801 0.138987571 0
vt 0.335061401 0.148376495 0
vt 0.200000137 0.0702153221 0
vt 0.149891138 0.1155589 0
vt 0.200000107 0.0702153221 0
vt 2.22044724e-17 1.46008134 0
vt 4.42136923e-08 0.102911517 0
vt 0.0135410475 0.120364919 0
vt 0.0143220425 0.130276844 0
vt 0.144637674 0.121035643 0
vt 1 2.02447248 0
vt 1 5.0253191 0
vt 0.800000131 5.0253191 0
vt 0.800000131 2.02447248 0
vt 0.600000322 5.0253191 0
vt 0.600000322 2.02447248 0
vt 0.400000155 5.0253191 0
vt 0.400000155 2.02447248 0
vt 0.200000107 5.0253191 0
vt 0.200000107 2.02447248 0
vt 0 5.0253191 0
vt 0 2.02447248 0
vt 0.800000191 0.106383219 0
vt 0.99999994 0.56400615 0
vt 0.690530777 0.168653548 0
vt 0.763619363 0.0952956155 0
vt 0.800000012 0.106383227 0
vt 0.600000203 0.172725081 0
vt 0.634597301 0.179263398 0
vt 0.52872473 0.307195753 0
vt 0.600000322 0.172725081 0
vt 0.400000095 0.423717648 0
vt 0.4161461 0.41007188 0
vt 0.207831144 0.800297201 0
vt 0.239277482 0.802172363 0
vt 0.269499838 0.767662704 0
vt 0.276545256 0.757492423 0
vt 0.386847168 0.460265279 0
vt 0.400000155 0.423717648 0
vt 0.199999914 0.804839134 0
vt -1.24565091e-07 0.56400615 0
vt 0.153047577 0.750194728 0
vt 0.157884479 0.763004899 0
vt 0.171275347 0.78971827 0
vt 0.1829561 0.793830156 0
vt 0.200000137 0.804839194 0
vt 1 1.21321762 0
vt 1 3.10274625 0
vt 0.800000131 3.10274625 0
vt 0.800000131 1.21321762 0
vt 0.600000322 3.10274625 0
vt 0.600000322 1.21321762 0
vt 0.400000155 3.10274625 0
vt 0.400000155 1.21321762 0
vt 0.200000107 3.10274625 0
vt 0.200000107 1.21321762 0
vt 0 3.10274625 0
vt 0 1.21321762 0
vt 0.831489801 0.036244534 0
vt 0.903154552 0.0642914101 0
vt 0.99999994 0.10796424 0
vt 0.800000191 0.0144178197 0
vt 0.600000322 0.145431951 0
vt 0.701937318 0.0955755264 0
vt 0.706580937 0.0895916075 0
vt 0.800000131 0.0144178225 0
vt 0.539248526 0.197995469 0
vt 0.548861086 0.192807123 0
vt 0.400000155 0.27113539 0
vt 0.234638542 0.348542154 0
vt 0.26296103 0.332040876 0
vt 0.400000095 0.27113536 0
vt 0.200000107 0.353876293 0
vt 0.0521449819 0.201193154 0
vt 0.106064305 0.262514621 0
vt 0.123249672 0.289852947 0
vt -5.95309402e-09 0.10796424 0
vt 0.0224192906 0.140554458 0
vt 0.800000131 1.89114392 0
vt 0.800000191 0.481193662 0
vt 0.819217861 0.431200176 0
vt 0.865688801 0.391992629 0
vt 0.921100378 0.233768865 0
vt 0.921351135 0.232328117 0
vt 0.921219766 0.231458485 0
vt 0.915895998 0.0817067921 0
vt 0.911942363 0.0786254704 0
vt 0.86421001 0.0678589195 0
vt 0.828163207 0.0515880585 0
vt 0.817398131 0.0554806925 0
vt 0.800000191 0.0551418886 0
vt 1 1.89114392 0
vt 0.200000107 1.89114392 0
vt 0 1.89114392 0
vt 1 4.87698555 0
vt 0.800000131 4.87698555 0
vt 0.600000322 4.87698555 0
vt 0.600000322 1.89114392 0
vt 0.400000155 4.87698555 0
vt 0.400000155 1.89114392 0
vt 0.200000107 4.87698555 0
vt 0 4.87698555 0
vt 1 10.999999 0
vt 0.800000131 10.999999 0
vt 0.600000322 10.999999 0
vt 0.400000155 10.999999 0
vt 0.200000107 10.999999 0
vt 0 10.999999 0
vt 0.625784099 0.354405373 0
vt 0.75942117 0.49417904 0
vt 0.800000191 0.481193632 0
vt 0.600000262 0.321326047 0
vt 0.800000072 0.0551418886 0
vt 0.763307571 -3.38216033e-08 0
vt 0.461288005 0.188334867 0
vt 0.490888059 0.268268138 0
vt 0.58664459 0.320308387 0
vt 0.400000215 0.111035563 0
vt 0.310461074 0.0156754199 0
vt 0.346159905 0.0967392921 0
vt 0.400000155 0.111035563 0
vt 0.29064548 -1.67544769e-08 0
vt 0 1.55057645 0
vt -1.10607644e-07 0.010625734 0
vt 0.0267056674 0.040956337 0
vt 0.113292083 7.69437491e-08 0
vt 0.200000107 1.55057645 0
vt 1 1.55057645 0
vt 1 3.42659664 0
vt 0.800000131 3.42659664 0
vt 0.800000131 1.55057645 0
vt 0.600000322 3.42659664 0
vt 0.600000322 1.55057645 0
vt 0.400000155 3.42659664 0
vt 0.400000155 1.55057645 0
vt 0.200000107 3.42659664 0
vt 0 3.42659664 0
vt 1 5.77820635 0
vt 0.800000131 5.77820635 0
vt 0.600000322 5.77820635 0
vt 0.400000155 5.77820635 0
vt 0.200000107 5.77820635 0
vt 0 5.77820635 0
vt 1 9.11499405 0
vt 0.800000131 9.11499405 0
vt 0.600000322 9.11499405 0
vt 0.400000155 9.11499405 0
vt 0.200000107 9.11499405 0
vt 0 9.11499405 0
vt 1 15.000001 0
vt 0.800000131 15.000001 0
vt 0.600000322 15.000001 0
vt 0.400000155 15.000001 0
vt 0.200000107 15.000001 0
vt 0 15.000001 0
vt 0.863356471 0.119101584 0
vt 0.992679238 0.0153494589 0
vt 1 0.010625734 0
vt 0.80000025 0.078262873 0
vt 0.834036946 0.107293755 0
vt 0.600343645 0.398122549 0
vt 0.80000031 0.0782628655 0
vt 0.600000381 0.398646772 0
vt 0.408129662 0.499050707 0
vt 0.473892093 0.478260428 0
vt 0.542345822 0.470067024 0
vt 0.600000322 0.398646772 0
vt 0.400000155 0.482024729 0
vt 0.25849697 0.114430249 0
vt 0.317754209 0.275582433 0
vt 0.400000036 0.482024729 0
vt 0.252074659 -9.98450034e-08 0
vt 0.400000155 2.14446282 0
vt 0.472070754 -4.39127668e-08 0
vt 0.492659092 0.0541210733 0
vt 0.513098419 -2.42824541e-07 0
vt 0.600000322 2.14446282 0
vt 0.200000107 2.14446282 0
vt 0.200000063 0.925382078 0
vt 0.338383913 0.432260066 0
vt 0.390907496 6.57684609e-07 0
vt 1 2.14446282 0
vt 1 4.73309612 0
vt 0.800000131 4.73309612 0
vt 0.800000131 2.14446282 0
vt 0.600000322 4.73309612 0
vt 0.400000155 4.73309612 0
vt 0.200000107 4.73309612 0
vt 0 4.73309612 0
vt 0 2.14446282 0
vt 1 7.95905352 0
vt 0.800000131 7.95905352 0
vt 0.600000322 7.95905352 0
vt 0.400000155 7.95905352 0
vt 0.200000107 7.95905352 0
vt 0 7.95905352 0
vt 1 12.107729 0
vt 0.800000131 12.107729 0
vt 0.600000322 12.107729 0
vt 0.400000155 12.107729 0
vt 0.200000107 12.107729 0
vt 0 12.107729 0
vt 1 17.8187294 0
vt 0.800000131 17.8187294 0
vt 0.600000322 17.8187294 0
vt 0.400000155 17.8187294 0
vt 0.200000107 17.8187294 0
vt 0 17.8187294 0
vt 1 27 0
vt 0.800000131 27 0
vt 0.600000322 27 0
vt 0.400000155 27 0
vt 0.200000107 27 0
vt 0 27 0
vt 0.81024307 1.02296627 0
vt 1 1.70781267 0
vt 0.800000072 0.757376254 0
vt 0.614618421 6.19604066e-07 0
vt 0.710038304 1.02883267 0
vt 0.716529548 1.06111193 0
vt 0.717355192 1.06257093 0
vt 0.757850766 1.02676165 0
vt 0.800000072 0.757376194 0
vt 2.33245823e-09 1.70781267 0
vt 0.0369418748 1.81680703 0
vt 0.054822173 1.83194304 0
vt 0.118092582 1.6532855 0
vt 0.139123321 1.64221144 0
vt 0.178463072 1.41214406 0
vt 0.177390426 1.34320259 0
vt 0.192708731 0.988536835 0
vt 0.200000018 0.925382078 0
vt 0.800000131 1.03440917 0
vt 0.800000191 0.0877520517 0
vt 0.813098431 0.0938840881 0
vt 0.813802361 0.0935595632 0
vt 0.816262484 0.0927942395 0
vt 0.92056036 0.032523293 0
vt 0.933431745 1.83118214e-08 0
vt 1 1.03440917 0
vt 0.400000155 1.03440917 0
vt 0.200000107 1.03440917 0
vt 0 1.03440917 0
vt 1 2.66090345 0
vt 0.800000131 2.66090345 0
vt 0.600000322 2.66090345 0
vt 0.600000322 1.03440917 0
vt 0.400000155 2.66090345 0
vt 0.200000107 2.66090345 0
vt 0 2.66090345 0
vt 0.600000381 0.247936502 0
vt 0.769312918 0.111909121 0
vt 0.800000072 0.0877520591 0
vt 0.442031384 -2.59573891e-08 0
vt 0.433924228 0.0185854677 0
vt 0.428606033 0.0469332002 0
vt 0.415824026 0.159862846 0
vt 0.430820227 0.187947169 0
vt 0.462235659 0.265869051 0
vt 0.489219815 0.279494256 0
vt 0.568446815 0.286790133 0
vt 0.594028354 0.252658546 0
vt 0.600000322 0.247936502 0
vt 0.800000131 1.97599661 0
vt 0.800000191 0.0814440027 0
vt 0.892018557 0.0504127741 0
vt 0.931315839 0.0396794677 0
vt 0.99306643 1.07560936e-07 0
vt 1 1.97599661 0
vt 0.400000155 1.97599661 0
vt 0.200000107 1.97599661 0
vt 0 1.97599661 0
vt 1 4.70967579 0
vt 0.800000131 4.70967579 0
vt 0.600000322 4.70967579 0
vt 0.600000322 1.97599661 0
vt 0.400000155 4.70967579 0
vt 0.200000107 4.70967579 0
vt 0 4.70967579 0
vt 0.68783462 0.15581356 0
vt 0.729661047 0.126115665 0
vt 0.80000031 0.0814439729 0
vt 0.60000062 0.17917718 0
vt 0.455440015 -1.82050144e-07 0
vt 0.464701504 0.0116864266 0
vt 0.524285793 0.139502451 0
vt 0.553872526 0.158265889 0
vt 0.600000322 0.179177195 0
vt 0.600000322 3.35546708 0
vt 0.400000155 3.35546708 0
vt 1 3.35546708 0
vt 0.800000131 3.35546708 0
vt 0.200000107 3.35546708 0
vt 0 3.35546708 0
vt 0.952888787 0.197768867 0
vt 0.999999881 0.232463464 0
vt 0.800000131 0.0519505925 0
vt 0.8719697 0.127141729 0
vt 0.707393169 0.0203307848 0
vt 0.776598632 0.0654920116 0
vt 0.80000037 0.0519504882 0
vt 0.702413499 4.8225337e-07 0
vt 0.358600825 -8.34434957e-08 0
vt 0.200000212 0.48443377 0
vt 0.263188928 0.477805585 0
vt 0.302383095 0.465877116 0
vt 0.370887458 0.348078489 0
vt 0.385965735 0.259254456 0
vt 0.357768804 0.100738347 0
vt 0.130224183 0.395475417 0
vt 0.200000152 0.48443377 0
vt 2.22044724e-17 3.35546708 0
vt -2.14052378e-07 0.232463449 0
vt 0 1.2211448 0
vt 2.10435864e-08 0.103524059 0
vt 0.0280426126 0.124160886 0
vt 0.0499476679 0.0984544083 0
vt 0.176349193 0.0797987133 0
vt 0.189470977 0.0530866012 0
vt 0.186557874 -4.99913462e-08 0
vt 0.200000107 1.35574307e-16 0
vt 0.200000107 1.2211448 0
vt 1 1.2211448 0
vt 1 2.64390039 0
vt 0.800000131 2.64390039 0
vt 0.800000131 1.2211448 0
vt 0.600000322 2.64390039 0
vt 0.600000322 1.2211448 0
vt 0.400000155 2.64390039 0
vt 0.400000155 1.2211448 0
vt 0.200000107 2.64390039 0
vt 0 2.64390039 0
vt 1 4.32799864 0
vt 0.800000131 4.32799864 0
vt 0.600000322 4.32799864 0
vt 0.400000155 4.32799864 0
vt 0.200000107 4.32799864 0
vt 0 4.32799864 0
vt 1 6.36304522 0
vt 0.800000131 6.36304522 0
vt 0.600000322 6.36304522 0
vt 0.400000155 6.36304522 0
vt 0.200000107 6.36304522 0
vt 0 6.36304522 0
vt 1 8.95454693 0
vt 0.800000131 8.95454693 0
vt 0.600000322 8.95454693 0
vt 0.400000155 8.95454693 0
vt 0.200000107 8.95454693 0
vt 0 8.95454693 0
vt 1 12.4980698 0
vt 0.800000131 12.4980698 0
vt 0.600000322 12.4980698 0
vt 0.400000155 12.4980698 0
vt 0.200000107 12.4980698 0
vt 0 12.4980698 0
vt 1 17.9999981 0
vt 0.800000131 17.9999981 0
vt 0.600000322 17.9999981 0
vt 0.400000155 17.9999981 0
vt 0.200000107 17.9999981 0
vt 0 17.9999981 0
vt 0.900169671 0.163417518 0
vt 1 0.103524059 0
vt 0.800000072 0.125299498 0
vt 0.87190932 0.164302513 0
vt 0.600000143 0.336637288 0
vt 0.640570164 0.275485307 0
vt 0.800000012 0.125299528 0
vt 0.400000095 0.508991659 0
vt 0.504616976 0.491931528 0
vt 0.516992092 0.468380064 0
vt 0.600000381 0.336637288 0
vt 0.20874697 9.6687728e-08 0
vt 0.204931945 0.0728305206 0
vt 0.210093558 0.112130396 0
vt 0.255852193 0.258110017 0
vt 0.324683696 0.40916279 0
vt 0.381061494 0.48216185 0
vt 0.399999976 0.508991659 0
vt 0.600000322 1.26994073 0
vt 0.600000322 0.36207068 0
vt 0.606317937 0.356868535 0
vt 0.715142965 0.296013474 0
vt 0.732198834 0.211008891 0
vt 0.759849906 0.0624587201 0
vt 0.75777632 0.00760015007 0
vt 0.758656919 -1.14157217e-07 0
vt 0.800000131 1.26994073 0
vt 1 1.26994073 0
vt 1 2.81419897 0
vt 0.800000131 2.81419897 0
vt 0.600000322 2.81419897 0
vt 0.400000155 2.81419897 0
vt 0.400000155 1.26994073 0
vt 0.200000107 2.81419897 0
vt 0.200000107 1.26994073 0
vt 0 2.81419897 0
vt 0 1.26994073 0
vt 1 4.73992109 0
vt 0.800000131 4.73992109 0
vt 0.600000322 4.73992109 0
vt 0.400000155 4.73992109 0
vt 0.200000107 4.73992109 0
vt 0 4.73992109 0
vt 1 7.21080494 0
vt 0.800000131 7.21080494 0
vt 0.600000322 7.21080494 0
vt 0.400000155 7.21080494 0
vt 0.200000107 7.21080494 0
vt 0 7.21080494 0
vt 1 10.599803 0
vt 0.800000131 10.599803 0
vt 0.600000322 10.599803 0
vt 0.400000155 10.599803 0
vt 0.200000107 10.599803 0
vt 0 10.599803 0
vt 1 16 0
vt 0.800000131 16 0
vt 0.600000322 16 0
vt 0.400000155 16 0
vt 0.200000107 16 0
vt 0 16 0
vt 0.85411495 -5.33753415e-08 0
vt 0.892140388 0.121509239 0
vt 0.908191204 0.167382747 0
vt 1.00000024 0.0960152447 0
vt 0.800000131 1.40991744e-16 0
vt 0.460308731 0.294685215 0
vt 0.527264833 0.353119433 0
vt 0.600000262 0.36207065 0
vt 0.400000185 0.255903065 0
vt 0.22537899 0.105997279 0
vt 0.400000125 0.255903095 0
vt 0.199999899 0.0861781463 0
vt 0.116094403 0.117792405 0
vt 0.200000092 0.0861781463 0
vt -8.97953498e-08 0.0960152671 0
vt 0.0818472654 0.103250615 0
vt 0.600000322 2.14600849 0
vt 0.60000056 0.35409987 0
vt 0.617594242 0.340359241 0
vt 0.786224425 3.55457246e-08 0
vt 0.800000131 2.14600849 0
vt 1 2.14600849 0
vt 1 4.82586527 0
vt 0.800000131 4.82586527 0
vt 0.600000322 4.82586527 0
vt 0.400000155 4.82586527 0
vt 0.400000155 2.14600849 0
vt 0.200000107 4.82586527 0
vt 0.200000107 2.14600849 0
vt 0 4.82586527 0
vt 0 2.14600849 0
vt 1 8.22828007 0
vt 0.800000131 8.22828007 0
vt 0.600000322 8.22828007 0
vt 0.400000155 8.22828007 0
vt 0.200000107 8.22828007 0
vt 0 8.22828007 0
vt 1 12.8721733 0
vt 0.800000131 12.8721733 0
vt 0.600000322 12.8721733 0
vt 0.400000155 12.8721733 0
vt 0.200000107 12.8721733 0
vt 0 12.8721733 0
vt 1 21.0000019 0
vt 0.800000131 21.0000019 0
vt 0.600000322 21.0000019 0
vt 0.400000155 21.0000019 0
vt 0.200000107 21.0000019 0
vt 0 21.0000019 0
vt 0.819988787 -2.07015717e-07 0
vt 0.860017955 0.0871032178 0
vt 0.937435329 0.0818897411 0
vt 0.995984972 0.0748011768 0
vt 0.99999994 0.0614320263 0
vt 0.400000036 0.854730904 0
vt 0.439025462 0.80126214 0
vt 0.462468594 0.767799079 0
vt 0.541356921 0.511952519 0
vt 0.592345476 0.393140912 0
vt 0.600000203 0.35409987 0
vt 0.302049845 0.668400347 0
vt 0.329889715 0.777608812 0
vt 0.399999917 0.854730904 0
vt 0.199999988 0.264792711 0
vt 0.204496771 0.288070679 0
vt 0.103363313 0.181035042 0
vt 0.195699781 0.26944074 0
vt 0.200000122 0.264792681 0
vt -5.45775798e-08 0.0614320263 0
vt 0.400000155 2.27768326 0
vt 0.200000107 2.27768326 0
vt 0 2.27768326 0
vt 2.16411404e-08 1.68417096 0
vt 0.0333394893 1.31251705 0
vt 0.0336420126 1.29438961 0
vt 0.0352307521 1.18589413 0
vt 0.0201544818 0.594567358 0
vt 1.1771305e-07 0.393838525 0
vt 1 2.27768326 0
vt 1 4.89595842 0
vt 0.800000131 4.89595842 0
vt 0.800000131 2.27768326 0
vt 0.600000322 4.89595842 0
vt 0.600000322 2.27768326 0
vt 0.400000155 4.89595842 0
vt 0.200000107 4.89595842 0
vt 0 4.89595842 0
vt 1 7.95805645 0
vt 0.800000131 7.95805645 0
vt 0.600000322 7.95805645 0
vt 0.400000155 7.95805645 0
vt 0.200000107 7.95805645 0
vt 0 7.95805645 0
vt 1 11.5576115 0
vt 0.800000131 11.5576115 0
vt 0.600000322 11.5576115 0
vt 0.400000155 11.5576115 0
vt 0.200000107 11.5576115 0
vt 0 11.5576115 0
vt 1 15.8238525 0
vt 0.800000131 15.8238525 0
vt 0.600000322 15.8238525 0
vt 0.400000155 15.8238525 0
vt 0.200000107 15.8238525 0
vt 0 15.8238525 0
vt 1 21.029974 0
vt 0.800000131 21.029974 0
vt 0.600000322 21.029974 0
vt 0.400000155 21.029974 0
vt 0.200000107 21.029974 0
vt 0 21.029974 0
vt 1 27.7622032 0
vt 0.800000131 27.7622032 0
vt 0.600000322 27.7622032 0
vt 0.400000155 27.7622032 0
vt 0.200000107 27.7622032 0
vt 0 27.7622032 0
vt 1 38 0
vt 0.800000131 38 0
vt 0.600000322 38 0
vt 0.400000155 38 0
vt 0.200000107 38 0
vt 0 38 0
vt 0.992053807 0.212374896 0
vt 0.97002542 -6.77086348e-07 0
vt 1.00000012 0.393838525 0
vt 0.799999952 1.66927326 0
vt 0.877096415 2.00930738 0
vt 0.895605326 1.92193234 0
vt 0.978000045 1.85309911 0
vt 0.988228321 1.80509257 0
vt 0.999999762 1.68417096 0
vt 0.619090199 0.734581113 0
vt 0.692333579 1.22003627 0
vt 0.800000072 1.66927338 0
vt 0.600000024 0.604810536 0
vt 0.503510177 -6.05379967e-07 0
vt 0.541584611 0.175980642 0
vt 0.579409003 0.65487045 0
vt 0.600000203 0.604810536 0
vt 1 1.62661052 0
vt 0.800000131 1.62661052 0
vt 0 1.62661052 0
vt 0.123390593 2.18282793e-07 0
vt 0.14889957 0.0378458165 0
vt 0.197210014 1.1206459e-07 0
vt 0.200000107 1.62661052 0
vt 1 3.6662209 0
vt 0.800000131 3.6662209 0
vt 0.600000322 3.6662209 0
vt 0.600000322 1.62661052 0
vt 0.400000155 3.6662209 0
vt 0.400000155 1.62661052 0
vt 0.200000107 3.6662209 0
vt 0 3.6662209 0
vt 1 6.26128197 0
vt 0.800000131 6.26128197 0
vt 0.600000322 6.26128197 0
vt 0.400000155 6.26128197 0
vt 0.200000107 6.26128197 0
vt 0 6.26128197 0
vt 1 9.81597328 0
vt 0.800000131 9.81597328 0
vt 0.600000322 9.81597328 0
vt 0.400000155 9.81597328 0
vt 0.200000107 9.81597328 0
vt 0 9.81597328 0
vt 0.600000381 0.669163764 0
vt 0.60754323 0.662257671 0
vt 0.618229389 0.650056779 0
vt 0.712724566 0.484249085 0
vt 0.750762939 0.382055193 0
vt 0.765782416 0.367796868 0
vt 0.779638648 0.131845027 0
vt 0.774777055 0.0318613276 0
vt 0.768489778 8.87269209e-08 0
vt 0.400000215 0.362993687 0
vt 0.444194257 0.491852641 0
vt 0.446444213 0.497962922 0
vt 0.450986505 0.505126238 0
vt 0.600000322 0.669163764 0
vt 0.201295927 1.37171909e-07 0
vt 0.207890555 0.0114201466 0
vt 0.35841617 0.34754163 0
vt 0.38063848 0.360535532 0
vt 0.400000304 0.362993687 0
vt 0 0.745715499 0
vt -8.81169626e-09 0.224904269 0
vt 0.103157133 0.14625065 0
vt 0.103629917 0.145918697 0
vt 0.103728868 0.145843461 0
vt 0.105335385 0.144463778 0
vt 0.105591021 0.144182578 0
vt 0.110969707 0.125050396 0
vt 0.138299882 0.0466443375 0
vt 0.141248301 0.0400422253 0
vt 0.117901377 6.10787723e-08 0
vt 0.200000107 8.27910517e-17 0
vt 0.200000107 0.745715499 0
vt 1 0.745715499 0
vt 1 1.83328283 0
vt 0.800000131 1.83328283 0
vt 0.800000131 0.745715499 0
vt 0.600000322 1.83328283 0
vt 0.600000322 0.745715499 0
vt 0.400000155 1.83328283 0
vt 0.400000155 0.745715499 0
vt 0.200000107 1.83328283 0
vt 0 1.83328283 0
vt 0.860381246 0.218643069 0
vt 0.916485131 0.219969317 0
vt 0.986706376 0.221206516 0
vt 0.997251868 0.22631602 0
vt 1 0.224904269 0
vt 0.800000072 0.151164576 0
vt 0.85632503 0.211689189 0
vt 0.600000262 0.200961143 0
vt 0.64323765 0.182413295 0
vt 0.800000131 0.151164576 0
vt 0.400000095 0.145323008 0
vt 0.421545833 0.162480935 0
vt 0.470074266 0.207866162 0
vt 0.515191317 0.219843104 0
vt 0.588531435 0.21888645 0
vt 0.343071878 2.65264308e-08 0
vt 0.305575937 0.0340678357 0
vt 0.329852581 0.0669348463 0
vt 0.369660646 0.135837927 0
vt 0.400000155 0.145323008 0
vt 0 2.38254804e-16 0
vt 0.200000107 2.38254804e-16 0
vt 0.642250717 0.272126228 0
vt 0.600000322 0.312172979 0
vt 0.600000381 0.281481802 0
vt 0.519526958 0.284772128 0
vt 0.526801407 0.282932639 0
vt 0.600000322 0.281481773 0
vt 0.600000262 0.312172979 0
vt 0.516437054 0.307142794 0
vt 0.505929589 0.316530138 0
vt 0.447103649 0.378994644 0
vt 0.422041118 0.402591079 0
vt 0.400000155 0.421788424 0
vt 0.400000155 0.16925633 0
vt 0.420750767 0.190259919 0
vt 0.465611815 0.25551334 0
vt 0.477697343 0.263742357 0
vt 0.493526101 0.270641297 0
vt 0.234401435 0.292396098 0
vt 0.33158952 0.161847889 0
vt 0.332114875 0.151603803 0
vt 0.400000155 0.169256315 0
vt 0.400000215 0.421788424 0
vt 0.33664754 0.375157148 0
vt 0.293565959 0.361672968 0
vt 0.251128286 0.354436874 0
vt 0.212145448 0.333570987 0
vt 0.200000152 0.324705988 0
vt 0.200000167 0.303031832 0
vt 0.202221513 0.30475083 0
vt 0.231717259 0.296175003 0
vt 0.200000197 0.303031832 0
vt 0.185411885 0.310421526 0
vt 0.177538261 0.301435888 0
vt 0.170785025 0.288121998 0
vt 0.193269297 0.295289934 0
vt 1 1.22948694 0
vt 0.800000131 1.22948694 0
vt 0.600000322 1.22948694 0
vt 0.400000155 1.22948694 0
vt 0.400000155 0.418573081 0
vt 0.433279932 0.388522983 0
vt 0.431120217 0.37973541 0
vt 0.460004807 0.237568378 0
vt 0.458190084 0.233292595 0
vt 0.449587941 0.0888488963 0
vt 0.449281663 0.0736475065 0
vt 0.400000155 0.00487101218 0
vt 0.400000125 0.00487100659 0
vt 0.392201155 2.98494918e-08 0
vt 0.31454742 0.44401741 0
vt 0.400000274 0.418573111 0
vt 0.200000107 1.22948694 0
vt 0.200000197 0.508079231 0
vt 0.248930484 0.48931101 0
vt 0.252928853 0.48817715 0
vt 0 1.22948694 0
vt 0.0717528984 -2.39325857e-08 0
vt 0.0646595061 0.0157885198 0
vt 0.0124577824 0.065932624 0
vt 0.00735809607 0.196050286 0
vt 0.0135944365 0.293083161 0
vt 0.0512837321 0.420906305 0
vt 0.0670824274 0.460611224 0
vt 0.0756486803 0.466743261 0
vt 0.0842885748 0.47087732 0
vt 0.172761753 0.51390785 0
vt 0.176286578 0.512520432 0
vt 0.800000131 1.69045568 0
vt 1.00000012 1.5100466 0
vt 0.920583189 1.55782819 0
vt 0.894266903 1.56739116 0
vt 0.800000072 1.69045568 0
vt 0.632128596 1.72598779 0
vt 0.600000203 1.74854159 0
vt 0.531900644 1.75375509 0
vt 0.400000095 1.74926209 0
vt 0.600000262 1.74854159 0
vt 0.199999914 1.59189606 0
vt 0.400000393 1.74926209 0
vt 0.199999958 1.59189582 0
vt -1.13991035e-07 1.51004672 0
vt 0.600000322 3.16519904 0
vt 0.400000155 3.16519904 0
vt 0.200000107 3.04624248 0
vt 0.199999869 0.187304124 0
vt 0.28413853 0.289307714 0
vt 0.27410838 0.155556276 0
vt 0.213556379 -2.15144681e-07 0
vt 0.400000155 3.38200853e-16 0
vt 0.400000155 3.04624248 0
vt 1 3.04624248 0
vt 1 7.69920206 0
vt 0.800000131 7.69920206 0
vt 0.800000131 3.04624248 0
vt 0.600000322 7.69920206 0
vt 0.600000322 3.04624248 0
vt 0.400000155 7.69920206 0
vt 0.200000107 7.69920206 0
vt 0 7.69920206 0
vt 0 3.04624248 0
vt 1 17 0
vt 0.800000131 17 0
vt 0.600000322 17 0
vt 0.400000155 17 0
vt 0.200000107 17 0
vt 0 17 0
vt 0.800000429 0.584881008 0
vt 1.00000012 0.369392157 0
vt 0.827472746 0.0445584133 0
vt 0.800000072 0.111145206 0
vt 0.860825896 -5.16824414e-08 0
vt 0.600000739 0.69183737 0
vt 0.611872137 0.687600434 0
vt 0.663815558 0.699416161 0
vt 0.66423136 0.699233413 0
vt 0.66452992 0.69933176 0
vt 0.800000548 0.584880948 0
vt 0.799999952 0.111145243 0
vt 0.77474767 0.106034927 0
vt 0.65515691 0.224121869 0
vt 0.600000322 0.24894096 0
vt 0.600000262 0.24894096 0
vt 0.596374333 0.244185969 0
vt 0.530266285 0.301528782 0
vt 0.496534228 0.291825891 0
vt 0.429730356 0.415613472 0
vt 0.42795974 0.473972738 0
vt 0.556801438 0.65721035 0
vt 0.5574646 0.658598661 0
vt 0.564481497 0.666899443 0
vt 0.572306633 0.670865417 0
vt 0.600000322 0.69183737 0
vt -9.03127031e-08 0.369392186 0
vt 0.00109360169 0.369595736 0
vt 0.0475974903 0.332259417 0
vt 0.108122192 0.283415675 0
vt 0.136315659 0.226612791 0
vt 0.199999958 0.187304094 0
vt 0.800000131 1.21166912e-16 0
vt 1 1.21166912e-16 0
vt 0.600000203 0.116579086 0
vt 0.64543879 0.0275410116 0
vt 0.600000381 0.0497619845 0
vt 0.517101884 0.0448734611 0
vt 0.545548856 0.12349157 0
vt 0.59132129 0.136911944 0
vt 0.600000262 0.116579086 0
vt 0.400000155 1.21166912e-16 0
vt 0.600000322 1.21166912e-16 0
vt 0.600000322 0.0497619845 0
vt 0.574211597 0.011377112 0
vt 0 1.21166912e-16 0
vt 0.200000107 1.21166912e-16 0
vt 0.80000025 2.99599791 0
vt 1 2.42579722 0
vt 1 3.65081406 0
vt 0.800000131 3.65081406 0
vt 0.629947007 2.95318437 0
vt 0.600000322 3.65081406 0
vt 0.600000501 2.99566221 0
vt 0.400000155 3.65081406 0
vt 0.400000125 2.68538547 0
vt 0.461001098 2.7855432 0
vt 0.600000322 2.99566221 0
vt 0.200000271 2.27058387 0
vt 0.400000215 2.68538547 0
vt 0.200000107 3.65081406 0
vt 0 3.65081406 0
vt -1.10986377e-07 2.42579722 0
vt 0.0567161627 2.25213742 0
vt 0.0921318084 2.27021933 0
vt 0.200000301 2.27058387 0
vt 0.999999762 4.59620142 0
vt 0.800000012 4.82902622 0
vt 0.799999893 4.82902622 0
vt 0.600000262 4.64583826 0
vt 0.600000262 4.64583778 0
vt 0.400000095 4.30404186 0
vt 0.199999988 4.27639103 0
vt 0.199999958 4.27639103 0
vt 9.16676797e-08 4.59620142 0
vt 0.899878025 5.06054258 0
vt 0.999999762 4.80298615 0
vt 0.999999762 5.61647034 0
vt 0.860165 6.07813072 0
vt 0.800000012 6.2519989 0
vt 0.800000131 4.91091585 0
vt 0.600000262 4.97871494 0
vt 0.799999952 4.91091585 0
vt 0.799999654 6.25199842 0
vt 0.600000262 6.67465687 0
vt 0.60000056 6.67465687 0
vt 0.400000185 6.51202297 0
vt 0.400000155 5.26591396 0
vt 0.600000501 4.97871494 0
vt 0.200000107 5.34282207 0
vt 0.400000334 6.51202297 0
vt 0.226643175 6.1436224 0
vt 0.199999899 6.01953077 0
vt 0.115913317 5.27173996 0
vt 0.199999988 5.34282207 0
vt 0.200000018 6.01953077 0
vt 8.86916429e-10 5.61647034 0
vt 8.48167119e-08 4.80298615 0
vt 0.400000155 1.35574307e-16 0
vt 0 1.35574307e-16 0
vt 1 1.23159862 0
vt 1 3.99999976 0
vt 0.800000131 3.99999976 0
vt 0.800000131 1.23159862 0
vt 0.600000322 3.99999976 0
vt 0.600000322 1.23159862 0
vt 0.400000155 3.99999976 0
vt 0.400000155 1.23159862 0
vt 0.200000107 3.99999976 0
vt 0.200000107 1.23159862 0
vt 0 3.99999976 0
vt 0 1.23159862 0
vt 0.800000131 0.458251834 0
vt 0.801582754 0.439733684 0
vt 0.800000131 0.438584179 0
vt 0.800000191 0.314459145 0
vt 0.81023854 0.320699275 0
vt 0.817095876 0.319195926 0
vt 0.90542686 0.300383925 0
vt 0.909949243 0.30096662 0
vt 0.954193294 0.293989986 0
vt 0.983769178 0.286354035 0
vt 1.00000012 0.27969864 0
vt 0.70919019 0.306468964 0
vt 0.80000025 0.314459115 0
vt 0.800000072 0.438584208 0
vt 0.789285302 0.444458634 0
vt 0.800000072 0.458251834 0
vt 0.600000322 0.255048841 0
vt 0.673905849 0.289826363 0
vt 0.434267104 0.172195017 0
vt 0.470473677 0.201912373 0
vt 0.534474373 0.23115249 0
vt 0.551162362 0.238769174 0
vt 0.553067684 0.238898233 0
vt 0.400000155 0.154217884 0
vt 0.28530699 0.155088767 0
vt 0.400000066 0.154217839 0
vt 0.200000048 0.280628562 0
vt 0.248086512 0.207674503 0
vt -3.92214936e-08 0.27969867 0
vt 0.0353553593 0.253618777 0
vt 0.200000048 0.280628532 0
vt 1 1.44988883 0
vt 0.800000131 1.44988883 0
vt 0.600000322 1.44988883 0
vt 0.600000441 0.679687262 0
vt 0.64983356 0.597141981 0
vt 0.660604 0.563328385 0
vt 0.600000262 0.55015856 0
vt 0.436892509 0.667095482 0
vt 0.50376606 0.723740637 0
vt 0.525291502 0.7334705 0
vt 0.580207586 0.687486112 0
vt 0.59607929 0.683175981 0
vt 0.600000381 0.679687321 0
vt 0.400000155 1.44988883 0
vt 0.400000095 0.60507369 0
vt 0.419163406 0.640637457 0
vt 0.408738285 0.296851248 0
vt 0.400000155 0.311489016 0
vt 0.590900064 0.540110707 0
vt 0.58047241 0.49273771 0
vt 0.515479922 0.37350738 0
vt 0.494987369 0.351361066 0
vt 0.480318099 0.34717074 0
vt 0.27311492 0.561568081 0
vt 0.349902511 0.591698706 0
vt 0.399999917 0.605073631 0
vt 0.200000107 1.44988883 0
vt 0.200000107 0.51836735 0
vt 0.373984873 0.256754994 0
vt 0.27705124 0.11144609 0
vt 0.225317538 8.97296601e-08 0
vt 0.400000215 0.311489016 0
vt 0.0614776872 0.185135379 0
vt 0.0414392166 0.300898552 0
vt 0.00731198536 0.335664898 0
vt 0.0256925449 0.403993785 0
vt 0.0530185364 0.450349927 0
vt 0.09384045 0.484885544 0
vt 0.120579861 0.529706299 0
vt 0.1775323 0.525907159 0
vt 0.200000063 0.51836741 0
vt 0 1.44988883 0
vt 0.145103171 -1.30277556e-07 0
vt 0.126734972 0.0792207047 0
vt 0.718643844 0.870919943 0
vt 0.635717392 0.884994924 0
vt 0.626226604 0.885090709 0
vt 0.600000739 0.88401866 0
vt 0.715491414 -1.33510503e-06 0
vt 0.7108199 0.183348194 0
vt 0.785651565 0.588045001 0
vt 0.782726347 0.666972876 0
vt 0.7767452 0.846493244 0
vt 0.727584362 0.869219959 0
vt 0.725842059 0.869700491 0
vt 0.551809192 0.898107886 0
vt 0.54949683 0.89855063 0
vt 0.547424853 0.898833454 0
vt 0.540058553 0.89950341 0
vt 0.475494355 0.904417038 0
vt 0.459861755 0.90210551 0
vt 0.412284315 0.895056605 0
vt 0.400000125 0.891504943 0
vt 0.600000381 0.88401866 0
vt 0.55612278 0.896966696 0
vt 0.206369177 0.267911613 0
vt 0.200000063 0.246534094 0
vt 0.400000393 0.891505003 0
vt 0.389071226 0.891580641 0
vt 0.3460989 0.897566855 0
vt 0.311356276 0.896125913 0
vt 0.302435011 0.882105172 0
vt 0.0308150426 -1.05645836e-06 0
vt 0.200000107 4.12155671e-16 0
vt 0.200000212 0.246534094 0
vt 0.167227328 0.31801641 0
vt 0.0602467433 0.257998645 0
vt 0.0362292714 0.103532486 0
vt 1 3.71236825 0
vt 0.800000131 3.71236825 0
vt 1 8.33606625 0
vt 0.800000131 8.33606625 0
vt 0.600000322 8.33606625 0
vt 0.600000322 3.71236825 0
vt 0.400000155 8.33606625 0
vt 0.400000155 3.71236825 0
vt 0.200000107 8.33606625 0
vt 0.200000107 3.71236825 0
vt 0 8.33606625 0
vt 0 3.71236825 0
vt 1 14.3731766 0
vt 0.800000131 14.3731766 0
vt 0.600000322 14.3731766 0
vt 0.400000155 14.3731766 0
vt 0.200000107 14.3731766 0
vt 0 14.3731766 0
vt 1 22.7277718 0
vt 0.800000131 22.7277718 0
vt 0.600000322 22.7277718 0
vt 0.400000155 22.7277718 0
vt 0.200000107 22.7277718 0
vt 0 22.7277718 0
vt 1 37 0
vt 0.800000131 37 0
vt 0.600000322 37 0
vt 0.400000155 37 0
vt 0.200000107 37 0
vt 0 37 0
vt 0 4.12155671e-16 0
vt 1 0.948684454 0
vt 1 2.16620278 0
vt 0.800000131 2.16620278 0
vt 0.800000131 0.948684454 0
vt 0.600000322 2.16620278 0
vt 0.600000322 0.948684454 0
vt 0.400000155 2.16620278 0
vt 0.400000155 0.948684454 0
vt 0.200000107 2.16620278 0
vt 0.200000107 0.948684454 0
vt 0 2.16620278 0
vt 0 0.948684454 0
vt 1 3.70855427 0
vt 0.800000131 3.70855427 0
vt 0.600000322 3.70855427 0
vt 0.400000155 3.70855427 0
vt 0.200000107 3.70855427 0
vt 0 3.70855427 0
vt 1 5.79737282 0
vt 0.800000131 5.79737282 0
vt 0.600000322 5.79737282 0
vt 0.400000155 5.79737282 0
vt 0.200000107 5.79737282 0
vt 0 5.79737282 0
vt 1 8.68702793 0
vt 0.800000131 8.68702793 0
vt 0.600000322 8.68702793 0
vt 0.400000155 8.68702793 0
vt 0.200000107 8.68702793 0
vt 0 8.68702793 0
vt 1 13 0
vt 0.800000131 13 0
vt 0.600000322 13 0
vt 0.400000155 13 0
vt 0.200000107 13 0
vt 0 13 0
vt 0.815523922 0.121377259 0
vt 0.933008313 0.171054155 0
vt 0.973762929 0.160050809 0
vt 0.99999994 0.152224615 0
vt 0.800000131 0.11142458 0
vt 0.687890768 0.235214487 0
vt 0.600000262 0.275542855 0
vt 0.675147593 0.250456721 0
vt 0.50115329 0.277622968 0
vt 0.519881904 0.274560988 0
vt 0.400000155 0.171390653 0
vt 0.400982976 0.174727336 0
vt 0.413201153 0.182525888 0
vt 0.283617616 0.127247259 0
vt 0.288548112 0.127060547 0
vt 0.300670326 0.12774168 0
vt 0.400000185 0.171390668 0
vt 0.200000077 0.103889525 0
vt 0.118820094 0.165444866 0
vt 0.200000107 0.103889525 0
vt 2.9422802e-08 0.152224615 0
vt 0.104764782 0.175134987 0
vt 0.800000131 1.1880819e-16 0
vt 1 1.1880819e-16 0
vt 0.800000131 2.5825007 0
vt 0.80000025 0.189402118 0
vt 0.822101057 0.178431392 0
vt 0.882380664 0.0670159683 0
vt 0.900810122 -1.83563227e-08 0
vt 1 2.5825007 0
vt 0.200000107 2.5825007 0
vt 0 2.5825007 0
vt 1 5.94463444 0
vt 0.800000131 5.94463444 0
vt 0.600000322 5.94463444 0
vt 0.600000322 2.5825007 0
vt 0.400000155 5.94463444 0
vt 0.400000155 2.5825007 0
vt 0.200000107 5.94463444 0
vt 0 5.94463444 0
vt 1 10.375041 0
vt 0.800000131 10.375041 0
vt 0.600000322 10.375041 0
vt 0.400000155 10.375041 0
vt 0.200000107 10.375041 0
vt 0 10.375041 0
vt 1 16.6396828 0
vt 0.800000131 16.6396828 0
vt 0.600000322 16.6396828 0
vt 0.400000155 16.6396828 0
vt 0.200000107 16.6396828 0
vt 0 16.6396828 0
vt 1 27.0000019 0
vt 0.800000131 27.0000019 0
vt 0.600000322 27.0000019 0
vt 0.400000155 27.0000019 0
vt 0.200000107 27.0000019 0
vt 0 27.0000019 0
vt 0.600000083 1.28607929 0
vt 0.720829368 0.635904253 0
vt 0.800000072 0.189402133 0
vt 0.441991925 1.42657042 0
vt 0.516631186 1.42986226 0
vt 0.521098137 1.42778468 0
vt 0.528975189 1.42872202 0
vt 0.600000381 1.28607929 0
vt 0.400000274 1.25121045 0
vt 0.424666852 1.42157555 0
vt 0.430984795 1.42554343 0
vt 0.276615888 -6.98548774e-08 0
vt 0.291852564 0.268066347 0
vt 0.200000107 1.55620175e-16 0
vt 0.400000155 1.55620175e-16 0
vt 0 8.27910517e-17 0
vt 0.200000107 2.08243738e-16 0
vt 0 2.08243738e-16 0
vt 0.504848421 0.0635892749 0
vt 0.472852767 0.0846822783 0
vt 0.465200394 0.0921672359 0
vt 0.400000155 0.0740918964 0
vt 0.570698798 1.64928746e-08 0
vt 0.582650244 0.0498566516 0
vt 0.224420145 -7.27466158e-08 0
vt 0.400000155 7.94243736e-17 0
vt 0.400000185 0.0740918964 0
vt 0.345757663 0.0933502018 0
vt 0.327480078 0.102026343 0
vt 0.251713753 0.06071404 0
vt 0.237123653 0.0514022633 0
vt 0.994082391 -7.82704888e-08 0
vt 0.996441245 0.00862050615 0
vt 0.997484803 0.0110746548 0
vt 1 0.0186607055 0
vt 0.99999994 0.0520187467 0
vt 0.998740077 0.0563671067 0
vt 0.971480727 0.165012985 0
vt 0.959404826 0.174330711 0
vt 0.936586022 0.194050372 0
vt 0.929365933 0.19762595 0
vt 0.856157184 0.262118101 0
vt 0.800000191 0.260516852 0
vt 0.61669004 -6.72749962e-08 0
vt 0.800000131 7.94243736e-17 0
vt 0.773275077 0.247280449 0
vt 0.685961664 0.19110401 0
vt 0.682314456 0.181646287 0
vt 0.678444982 0.173322633 0
vt 0.674564362 0.168769091 0
vt 0.654889524 0.14379102 0
vt 0.654713392 0.143518791 0
vt 0.606992245 0.0588331595 0
vt 0.00216428819 0.0187542252 0
vt 0.0273045059 0.0179141182 0
vt 0.0273695718 0.018811876 0
vt 0.0236938335 0.026036201 0
vt 2.19609628e-08 0.0520187467 0
vt -1.43264094e-08 0.0186607055 0
vt 0.400000155 0.715391159 0
vt 0.600000322 0.715391159 0
vt 0 0.715391159 0
vt 0.200000107 0.715391159 0
vt 1 0.715391159 0
vt 1 1.80730212 0
vt 0.800000131 1.80730212 0
vt 0.800000131 0.715391159 0
vt 0.600000322 1.80730212 0
vt 0.400000155 1.80730212 0
vt 0.200000107 1.80730212 0
vt 0 1.80730212 0
vt 0.600000322 7.94243736e-17 0
vt 0.200000107 7.94243736e-17 0
vt 0.800000131 1.62101592e-16 0
vt 1 1.62101592e-16 0
vn 0.824778676 0.488138318 0.285413772
vn 0.502284944 0.471501887 0.724841893
vn -0.0519053899 0.509553611 0.858871818
vn -0.565933824 0.564349651 0.60102278
vn -0.782149315 0.615501225 0.0969568789
vn -0.631657004 0.609630346 -0.478915751
vn -0.186592177 0.5470348 -0.816049218
vn 0.360505849 0.51669693 -0.776569247
vn 0.795661211 0.509119749 -0.328208059
vn 0.88168025 0.375375628 0.285889983
vn 0.544141114 0.336326689 0.768631816
vn -0.070938997 0.350275457 0.933956504
vn -0.656208277 0.389381319 0.646353483
vn -0.889445603 0.448467225 0.0881123245
vn -0.715915918 0.464697093 -0.521076798
vn -0.242445409 0.421571195 -0.873783708
vn 0.389891088 0.413908213 -0.822596371
vn 0.853858948 0.400994778 -0.331855655
vn 0.956034958 0.148729369 0.252738506
vn 0.585599363 0.0963356122 0.804855824
vn -0.102889627 0.0487097651 0.993499398
vn -0.749526501 0.013035317 0.661846042
vn -0.998837888 0.0211993288 0.0432841443
vn -0.820210636 0.0667778254 -0.568150699
vn -0.368218631 0.0982595906 -0.924532354
vn 0.445871353 0.15816246 -0.881012678
vn 0.940847814 0.165346846 -0.295746148
vn 0.951386094 0.210328296 0.225003064
vn 0.569515646 0.208156124 0.795187354
vn -0.104081236 0.15271613 0.982774138
vn -0.740609527 0.0846419409 0.66658324
vn -0.998597562 0.0461022295 0.0260313954
vn -0.814392686 0.0541257076 -0.577784538
vn -0.406442225 0.0952464715 -0.90869838
vn 0.451553196 0.195441827 -0.870575786
vn 0.948500037 0.185343921 -0.25689584
vn 0.417199701 0.882991076 0.215106979
vn 0.168323964 0.923410058 0.344936281
vn 0.0803808495 0.844340324 0.52974385
vn -0.387936115 0.871273756 0.300645202
vn -0.627925396 0.772516072 -0.0944917724
vn -0.380417198 0.900255919 -0.211712062
vn -0.348825604 0.824129164 -0.446241975
vn 0.0477232076 0.946674883 -0.318636328
vn 0.547215879 0.836204112 -0.0362987556
vn 0.0893341675 0.97890532 0.183749288
vn 0.11812152 0.907022774 0.404174417
vn 0.270345718 0.891134322 0.36440745
vn -0.0701837465 0.995675981 -0.0608573854
vn -0.396486551 0.886368036 -0.239060521
vn -0.137604177 0.989923596 -0.0334102847
vn -0.370240927 0.904260695 -0.212683648
vn -0.190552428 0.98058486 0.0462940261
vn 0.23558031 0.965780854 0.108486608
vn -0.0988660678 0.995057464 -0.0092837736
vn 0.305141628 0.41658479 -0.856356025
vn 0.360629618 0.46583727 -0.808048189
vn 0.240052983 0.529176295 -0.813847005
vn 0.361431926 0.540167511 -0.759990811
vn 0.306634635 0.605670393 -0.734260619
vn 0.220768973 0.630877554 -0.743810892
vn 0.144546315 0.603044033 -0.784502566
vn 0.114975393 0.535504401 -0.836669385
vn 0.145703092 0.460882425 -0.875418723
vn 0.220724657 0.414244413 -0.882996202
vn 0.50364238 -0.0264118463 -0.863508463
vn 0.621426284 0.070920378 -0.780256093
vn 0.791074514 -0.00445945701 -0.611703455
vn 0.548086643 -0.220216796 -0.806911111
vn 0.652830482 0.222789928 -0.724000633
vn 0.836489856 0.305965334 -0.454609752
vn 0.593183577 0.364238739 -0.717957854
vn 0.710997343 0.57894659 -0.399128526
vn 0.446991175 0.449886471 -0.773176014
vn 0.392599553 0.793717742 -0.464626431
vn 0.246655852 0.381809711 -0.890720069
vn -0.101881333 0.664086938 -0.74068135
vn 0.180902973 0.204317376 -0.962043941
vn -0.218479529 0.205519632 -0.953954041
vn 0.223213032 0.069838427 -0.972264707
vn -0.107826389 -0.0269628707 -0.993804097
vn 0.342987537 -0.024652699 -0.939016342
vn 0.200740233 -0.230940014 -0.952034771
vn 0.63628751 0.293399483 -0.71348083
vn 0.488801211 0.0295064095 -0.871896088
vn 0.748978853 0.511427045 -0.421275556
vn 0.628798485 0.684868634 -0.368194818
vn 0.256667852 0.863654971 -0.433845311
vn -0.162740842 0.71410948 -0.680854499
vn -0.358864754 0.292495519 -0.886376083
vn -0.272300214 0.180285454 -0.945171773
vn 0.166078493 0.133005649 -0.977101505
vn 0.3530536 0.476851225 -0.80496341
vn 0.325103968 0.397254854 -0.858193517
vn 0.482905835 0.57548672 -0.660012841
vn 0.436404169 0.648731172 -0.62345767
vn 0.227255344 0.700388968 -0.676616728
vn 0.0463915542 0.637256444 -0.769254267
vn -0.0930232629 0.469827771 -0.877843082
vn -0.0144841298 0.41901651 -0.907863021
vn 0.231785953 0.445641905 -0.864684105
vn 0.792535841 0.262816072 -0.550286055
vn 0.919317722 0.233635426 -0.316653669
vn 0.546727896 0.265088499 -0.794239581
vn 0.554950237 0.172178566 -0.813870311
vn 0.926943243 0.218066841 -0.305324525
vn 0.9304021 0.203379974 -0.304939955
vn 0.931512296 0.193890229 -0.307719886
vn 0.555935323 0.172188327 -0.813195646
vn 0.448032558 0.171850517 -0.877344966
vn 0.352517754 0.171290785 -0.91999495
vn 0.341571659 0.171103343 -0.924149632
vn 0.448176026 0.172779232 -0.877089202
vn 0.401476294 0.172938898 -0.899393618
vn 0.0551733188 0.150550306 -0.987061501
vn 0.013534219 0.14659214 -0.989104509
vn -0.416069657 0.0963386521 -0.904215038
vn -0.517606437 0.0918081552 -0.85067904
vn -0.547028959 0.0905320346 -0.832203865
vn -0.543871284 0.18964459 -0.817458928
vn -0.541602671 0.0910204202 -0.835692525
vn -0.65860337 0.141586289 -0.739050031
vn -0.0481210016 0.254143834 -0.965968609
vn -0.505178571 0.19123596 -0.841560185
vn -0.335361272 0.196355522 -0.921399653
vn 0.430491686 0.24627924 -0.86834532
vn 0.150875881 0.256525397 -0.954689026
vn 0.561442971 0.666597605 0.49033612
vn 0.480866164 0.727277279 0.48973003
vn 0.557713926 0.748685002 0.358365744
vn 0.433537126 0.792596579 0.428761542
vn 0.44179368 0.832205892 0.335039854
vn 0.503099501 0.82643199 0.252786487
vn 0.588368058 0.777655721 0.221527979
vn 0.656434298 0.709577322 0.256113142
vn 0.67551893 0.654612005 0.339348227
vn 0.638015866 0.637818158 0.431420475
vn 0.471966088 -0.104639329 0.875384986
vn 0.362832785 0.0287772305 0.931409776
vn 0.0634502172 -0.0167114288 0.997845054
vn 0.3302342 -0.255972326 0.908528209
vn 0.333459139 0.222143501 0.916219056
vn -0.0620913245 0.373533189 0.925536394
vn 0.410237998 0.38713634 0.825730145
vn 0.0694196224 0.709513843 0.701263905
vn 0.552518487 0.43058154 0.713668585
vn 0.374052912 0.813910007 0.444561601
vn 0.714094639 0.320974618 0.622128606
vn 0.813358307 0.530956268 0.237768471
vn 0.775971472 0.120680936 0.619115829
vn 0.943296313 0.0941445455 0.318321913
vn 0.736606181 -0.035347648 0.675397575
vn 0.872913837 -0.147378013 0.465081751
vn 0.625291944 -0.128048375 0.769814014
vn 0.647489607 -0.306126505 0.697885275
vn -0.0825109258 0.0403689556 0.995772243
vn 0.288456261 -0.212085232 0.933709204
vn -0.397553146 0.509393275 0.763197362
vn -0.374187887 0.837337434 0.398559183
vn -0.0176308509 0.995089412 -0.0973964855
vn 0.752220988 0.540976644 -0.376175374
vn 0.995423496 0.0311938617 -0.0903264955
vn 0.944635153 -0.209430724 0.2525931
vn 0.626688838 -0.304827243 0.71717608
vn 0.214068204 0.493543476 0.842964768
vn 0.494986624 0.0647644997 0.86648351
vn -0.246843472 0.774821341 0.581996739
vn -0.245507255 0.910978973 0.331426531
vn 0.111537866 0.993655801 0.0144035537
vn 0.618611932 0.780820608 -0.0873984918
vn 0.875354767 0.482899725 0.0237039868
vn 0.887808442 0.262421399 0.378062218
vn 0.635898888 0.0466008373 0.770364225
vn 0.459557712 0.709576249 0.534142494
vn 0.613828778 0.484422415 0.62333715
vn 0.209844574 0.852207303 0.479278505
vn 0.215367541 0.905994713 0.364404112
vn 0.417726159 0.869392872 0.26393339
vn 0.553022146 0.775594771 0.304334283
vn 0.608275473 0.714696348 0.34526813
vn 0.628555059 0.642149568 0.438819438
vn 0.641857922 0.486721247 0.59255445
vn -0.0953510553 0.129453003 0.986990392
vn -0.459367692 0.105877377 0.881913483
vn 0.0870761797 0.174746171 0.980755508
vn -0.103137717 0.0641885549 0.992593765
vn -0.372153372 0.0740746781 0.925210655
vn -0.322458982 0.0556046888 0.944948852
vn 0.226078525 0.116446562 0.967123926
vn -0.103178039 0.0668569505 0.992413461
vn 0.669070959 0.151307851 0.727632999
vn 0.292350441 0.122671522 0.948410809
vn 0.561931908 0.139546573 0.815327704
vn 0.580188453 0.140351906 0.802298427
vn 0.92154938 0.160853341 0.353373915
vn 0.809633851 0.150004148 0.567443252
vn 0.927963138 0.158007801 0.337517291
vn 0.974720061 0.170926839 0.143891796
vn 0.945117831 0.19672294 0.260868341
vn 0.912043214 0.21512875 0.349137008
vn 0.974639535 0.172300965 0.142793685
vn 0.980762839 0.191779464 -0.0364009701
vn 0.968970895 0.19455272 0.152461901
vn 0.7564345 0.213519648 0.618236184
vn 0.602534235 0.199250683 0.772820532
vn 0.573487282 0.191924438 0.796415389
vn 0.18670468 0.182126448 0.965386629
vn -0.480343848 0.871819317 -0.095922038
vn -0.428595781 0.882709742 -0.192689404
vn -0.331848115 0.940497518 -0.0730837211
vn -0.330940336 0.914443314 -0.232963696
vn -0.232820019 0.952123642 -0.198129341
vn -0.180741012 0.978031754 -0.103859179
vn -0.199136287 0.97995609 0.00553368917
vn -0.279227555 0.957026124 0.0783128515
vn -0.383409709 0.920060694 0.0805323273
vn -0.462744504 0.886411726 0.0119087948
vn -0.982752144 -0.184578747 0.0113521758
vn -0.880583704 -0.121193022 -0.458131641
vn -0.79326576 -0.301928848 -0.528742313
vn -0.919303 -0.392677724 -0.0261927415
vn -0.708378077 0.0156237548 -0.705660164
vn -0.5418818 -0.0259949062 -0.840052605
vn -0.653233945 0.153484076 -0.741436481
vn -0.452632517 0.301188946 -0.839290798
vn -0.880839884 0.318688601 -0.350083977
vn -0.631082654 0.70331943 -0.327225327
vn -0.941793621 0.294743955 0.161711648
vn -0.683938026 0.644181073 0.342431605
vn -0.948371053 0.155101821 0.276650906
vn -0.759137928 0.303038239 0.576087952
vn -0.961646318 0.00539049553 0.274239361
vn -0.838281214 -0.00628059916 0.545201778
vn -0.976108611 -0.127489448 0.175949916
vn -0.908380032 -0.286072254 0.304972708
vn -0.760496914 -0.399877757 -0.511607409
vn -0.869293272 -0.490007937 -0.0649720952
vn -0.422399163 -0.0126026608 -0.9063223
vn -0.195395663 0.475054353 -0.857988298
vn -0.0676845536 0.943958223 -0.323050797
vn -0.179501578 0.861845613 0.474343002
vn -0.434746265 0.423572689 0.794721305
vn -0.662087262 0.00694228988 0.749394655
vn -0.849523008 -0.376410306 0.369629532
vn -0.711516142 -0.363460928 -0.601365864
vn -0.879564941 -0.463708192 -0.106490538
vn -0.234591141 0.0303328186 -0.971620798
vn 0.186233103 0.44395411 -0.876482666
vn 0.4923096 0.797677159 -0.348342329
vn 0.368103236 0.774020135 0.515163004
vn -0.117234655 0.372315019 0.920672297
vn -0.493279964 0.0195932649 0.869649947
vn -0.835722685 -0.352438956 0.421134561
vn -0.716447115 -0.247835234 -0.652135789
vn -0.930279791 -0.326313674 -0.167626873
vn -0.119436808 0.0159933288 -0.992712915
vn 0.402137429 0.276288718 -0.872897565
vn 0.76993525 0.504524767 -0.390710205
vn 0.680454195 0.540397465 0.494926989
vn 0.0294738803 0.257605165 0.965800583
vn -0.451933354 0.0155021185 0.89191699
vn -0.873448312 -0.228131518 0.430167496
vn -0.725190759 0.0890910327 -0.68276006
vn -0.954878271 0.137537077 -0.263231933
vn -0.11812415 0.300581664 -0.946412802
vn 0.27597031 0.545327306 -0.791491389
vn 0.417170584 0.822167575 -0.387310177
vn 0.27153486 0.902562678 0.334139735
vn -0.133520499 0.598151088 0.790181994
vn -0.469618976 0.423104435 0.774880946
vn -0.879414022 0.356372446 0.315641612
vn -0.607900739 0.636697412 -0.474418789
vn -0.70421958 0.681954265 -0.197517246
vn -0.260641456 0.732165337 -0.629285336
vn -0.066787295 0.876617014 -0.476531416
vn -0.111823536 0.974165142 -0.196208701
vn -0.191793039 0.978968263 0.069545202
vn -0.281738937 0.903723657 0.322345734
vn -0.411320865 0.839841902 0.354232609
vn -0.584812939 0.805740893 0.0936776251
vn -0.979424119 0.158880115 -0.124441057
vn -0.968738377 0.163402691 -0.186669677
vn -0.901518285 0.165358275 -0.399901897
vn -0.809023857 0.158100039 -0.56611383
vn -0.745294154 0.166780666 -0.645539105
vn -0.65860337 0.141586319 -0.739050031
vn -0.786690772 0.0671598315 -0.613683403
vn -0.817440391 0.060692016 -0.572806895
vn -0.863669157 0.0565713979 -0.500874698
vn -0.816557407 0.0587759726 -0.574264288
vn -0.998779833 0.0377831869 0.0318007283
vn -0.984384775 0.0456486568 -0.170008123
vn -0.998806298 0.0359483287 0.0330724716
vn -0.995361507 0.0371059738 0.0887620673
vn -0.977993071 0.0377626717 0.205191299
vn -0.879432261 0.0355258808 0.474696577
vn -0.872787595 0.032694824 0.487004101
vn -0.781274021 0.0185695142 0.623911858
vn -0.891719759 0.105336346 0.440159291
vn -0.789040148 0.0156264585 0.614142776
vn -0.76431793 0.0197051689 0.644538462
vn -0.85768348 0.0742538422 0.508788347
vn -0.895271897 0.105229683 0.432914674
vn -0.917489529 0.109528877 0.382382512
vn -0.969820201 0.116918832 0.213959351
vn -0.991309643 0.119795047 0.0543529205
vn -0.984238863 0.152976617 -0.0887238979
vn -0.980758488 0.15689078 -0.116180599
vn -0.347701013 0.805895984 0.479203194
vn -0.430734366 0.801838636 0.41415292
vn -0.315387338 0.882435083 0.349054396
vn -0.457922906 0.830711484 0.316583514
vn -0.41717872 0.878714442 0.231997713
vn -0.327340573 0.923452973 0.200206742
vn -0.230251253 0.944118857 0.235847384
vn -0.171446577 0.930984318 0.322295368
vn -0.178579882 0.890065312 0.419395953
vn -0.247999594 0.840627909 0.481498808
vn -0.127472252 -0.0758381858 0.98893851
vn -0.618649423 -0.0745025352 0.782126844
vn -0.815467417 0.362012058 0.451619416
vn -0.147214442 -0.265270263 0.952869177
vn -0.855871916 0.0197880007 0.516809285
vn -0.825712144 0.552291512 0.114776552
vn -0.866274178 0.231261477 0.44281739
vn -0.635976613 0.766239762 -0.0917085707
vn -0.39473775 0.913871109 0.0949828029
vn -0.386731714 0.910651982 -0.145436034
vn 0.0278153475 0.400501996 0.915873647
vn -0.0366050899 0.998120368 -0.0491506867
vn 0.142573863 0.275200903 0.950756073
vn 0.475847423 0.385181755 0.790698588
vn 0.135721132 0.140376568 0.980751812
vn 0.423268199 0.099362202 0.900539398
vn 0.0353386328 -0.00184586609 0.999373674
vn 0.192652792 -0.148318455 0.969993055
vn -0.838197291 0.0587890893 0.542189062
vn -0.436361849 -0.056460429 0.897998095
vn -0.934377789 0.346441805 0.0831648782
vn -0.673326433 0.681373417 -0.286987573
vn -0.337847799 0.856196165 -0.39087972
vn 0.180758223 0.941678226 -0.283845991
vn 0.57479471 0.816104054 0.0598775074
vn 0.66690433 0.542549968 0.510762215
vn 0.229452714 0.105713069 0.96756196
vn -0.804497063 -0.112658635 0.583174646
vn -0.352578431 -0.153556719 0.923097372
vn -0.989345253 0.145500928 -0.00503897807
vn -0.687138736 0.497016102 -0.529920101
vn -0.289919108 0.680689335 -0.672762096
vn 0.375913709 0.784875095 -0.49260509
vn 0.746023059 0.661248505 -0.0787403584
vn 0.782488823 0.386447102 0.488231242
vn 0.239600554 -0.0112668928 0.970806241
vn -0.729628503 0.22607623 0.645392835
vn -0.379511446 0.211467922 0.900695503
vn -0.879521132 0.47528863 0.0233114492
vn -0.682838798 0.539254308 -0.492885441
vn -0.40383178 0.735905409 -0.543473303
vn 0.232244372 0.939911902 -0.250256151
vn 0.420630336 0.906924665 -0.0236187503
vn 0.149848104 0.855779827 0.495162934
vn -0.0885565057 0.366137505 0.926337421
vn -0.519524693 0.676121056 0.522450447
vn -0.383122593 0.648223937 0.658044696
vn -0.558843076 0.799245954 0.221134186
vn -0.579845309 0.811342776 -0.0741767362
vn -0.410257041 0.911017656 -0.041666761
vn -0.0853239745 0.990899026 0.104110084
vn -0.0633969456 0.978505373 0.196234927
vn -0.252013355 0.893095732 0.372651696
vn -0.285333574 0.741701365 0.607012153
vn -0.424914181 0.0551889427 0.903549731
vn -0.742008388 0.0186620392 0.67013067
vn -0.74906826 0.0176394843 0.66225791
vn -0.765674829 0.0155263115 0.643040419
vn -0.744324267 0.0584746897 0.66525346
vn -0.743777692 0.0625689626 0.665492177
vn -0.851895392 0.0369317494 0.522408128
vn -0.745735705 0.0474173687 0.66455245
vn -0.713684797 0.0778672919 0.696125567
vn -0.743228972 0.0665870756 0.665715396
vn -0.743089855 0.067590937 0.665769398
vn -0.339727074 0.128605783 0.931689858
vn -0.103988625 0.139008597 0.984816253
vn 0.169696242 0.145936549 0.974631011
vn 0.254248619 0.1492033 0.955560505
vn 0.266778201 0.149525508 0.952087998
vn 0.270224899 0.149685204 0.951090336
vn 0.338918895 0.151242688 0.92857945
vn 0.499406546 0.150682285 0.853163481
vn 0.395790279 0.13493593 0.908373415
vn -0.161114827 0.918305159 -0.361604422
vn -0.0508709326 0.933006883 -0.356244743
vn -0.120273061 0.970073283 -0.210931823
vn 0.0278538596 0.958946049 -0.282217413
vn 0.0388627276 0.983932257 -0.174261212
vn -0.0234415289 0.996280909 -0.0829151645
vn -0.130061463 0.990207374 -0.0507269204
vn -0.230895117 0.968528628 -0.0929495692
vn -0.278656185 0.94140029 -0.190043062
vn -0.2512573 0.921496272 -0.296166211
vn -0.372899473 -0.0859887004 -0.923878789
vn 0.182515636 0.0189144257 -0.983021021
vn 0.535891712 -0.116537854 -0.836205184
vn -0.120055713 -0.291198909 -0.949099481
vn 0.517785013 0.154963434 -0.841359079
vn 0.715197325 0.0989412367 -0.691883922
vn 0.558307052 0.269848049 -0.784522295
vn 0.767108679 0.347699583 -0.539119124
vn 0.238988951 0.41370064 -0.878485024
vn 0.684111595 0.598176241 -0.41734457
vn -0.394669235 0.893018126 -0.216228902
vn -0.358673811 0.932156265 0.0493741296
vn -0.806426644 0.134224609 -0.575899243
vn -0.663116872 0.747815609 -0.0323705375
vn -0.787891686 0.0334344171 -0.614905477
vn -0.830382288 -0.00360074802 -0.55718267
vn -0.536245286 -0.0553003624 -0.842248678
vn -0.628744245 -0.228233084 -0.743364275
vn 0.518907785 -0.225480989 -0.824556231
vn 0.0957311094 -0.397765338 -0.912479281
vn 0.80419457 0.0962295234 -0.586524665
vn 0.85175705 0.4157435 -0.31885308
vn 0.691096544 0.721437693 -0.0437406786
vn 0.114552513 0.975950658 0.185466602
vn -0.764927924 0.644062936 0.00825241674
vn -0.939903498 0.00874917675 -0.341328025
vn -0.469007671 -0.378826439 -0.797823548
vn 0.458218783 -0.148949653 -0.876270175
vn -0.038858328 -0.302697241 -0.95229429
vn 0.847072065 0.129530266 -0.515452087
vn 0.925444305 0.358671695 -0.122096188
vn 0.720897198 0.579256892 0.38048467
vn 0.0240699351 0.648047507 0.761219501
vn -0.776879549 0.36943531 0.509878159
vn -0.998959661 0.00569981895 -0.045246169
vn -0.597956061 -0.309978753 -0.739162803
vn 0.401184291 -0.0665931031 -0.913573503
vn -0.133641824 -0.174064249 -0.975623608
vn 0.858089089 0.106954321 -0.50223881
vn 0.968724191 0.247494176 -0.0178913679
vn 0.686860442 0.37297821 0.623786867
vn -0.0409944579 0.342802614 0.938512444
vn -0.71559763 0.158163682 0.680370748
vn -0.997466445 -0.0504628643 0.0501405112
vn -0.659368455 -0.186408564 -0.728344142
vn 0.36615786 -0.0883189812 -0.926352084
vn -0.243600771 -0.181433976 -0.95275408
vn 0.871768117 0.0802578554 -0.48330003
vn 0.972379386 0.222477376 0.070583947
vn 0.60394305 0.32092616 0.729560912
vn -0.0958927348 0.26772067 0.958712816
vn -0.618885934 0.148415864 0.771331906
vn -0.997031689 -0.0600366183 0.04820228
vn -0.662465274 -0.186682254 -0.725458145
vn 0.154486433 0.51867944 -0.840895593
vn -0.358938694 0.298520654 -0.884335041
vn 0.633153021 0.625772119 -0.45555082
vn 0.696825087 0.712317765 0.0838935599
vn 0.431815088 0.676382661 0.596692622
vn -0.0585516281 0.69873637 0.712979019
vn -0.637038589 0.595025897 0.490026414
vn -0.91898185 0.392578751 -0.0368001387
vn -0.705195069 0.271751136 -0.654867351
vn -0.0452507585 0.895783067 -0.442182124
vn -0.24806039 0.802606523 -0.542483985
vn 0.127415001 0.940755427 -0.314236492
vn 0.170686215 0.981669366 -0.084803015
vn 0.142664939 0.974926114 0.170779914
vn -0.0689520538 0.984066129 0.16388838
vn -0.398632973 0.916938126 0.017785484
vn -0.560452878 0.814964414 -0.14739567
vn -0.452267975 0.792306423 -0.40951699
vn 0.352517694 0.171290755 -0.919994891
vn 0.394141495 0.174454913 -0.902340353
vn 0.242502704 0.18006961 -0.953292966
vn 0.378255844 0.175828025 -0.908849239
vn 0.33831349 0.178043708 -0.92403698
vn -0.241295263 0.875711739 -0.418217063
vn 0.233970374 0.179553092 -0.955520034
vn 0.123268723 0.170579627 -0.977602899
vn 0.0464127511 0.16364865 -0.985426307
vn -0.0452316962 0.487935483 -0.871707022
vn -0.260880262 0.867414117 -0.423714638
vn -0.348825574 0.824129105 -0.446241915
vn -0.36771521 0.869519234 -0.329729885
vn -0.378119141 0.894668877 -0.237893716
vn -0.962882459 0.0502531119 -0.265201837
vn -0.814392686 0.0541257113 -0.577784538
vn -0.986372709 0.0453766771 -0.158144608
vn -0.984166265 0.0458580814 -0.171212673
vn -0.800348163 0.200674921 0.564953446
vn -0.824298859 0.158157066 0.54361546
vn -0.861066043 0.209699169 0.463240266
vn -0.86325711 0.135855585 0.486138493
vn -0.897598505 0.143483996 0.416808337
vn -0.91239363 0.178469002 0.368356764
vn -0.903041124 0.22553046 0.365585536
vn -0.87310344 0.262260497 0.410986185
vn -0.833944798 0.269787908 0.481404781
vn -0.804298043 0.244824976 0.54144752
vn -0.631266773 0.0756023452 0.771872163
vn -0.6804052 -0.039806556 0.731754124
vn -0.717232525 -0.00516016874 0.696814835
vn -0.636211693 0.138642251 0.75895524
vn -0.836722851 -0.106878802 0.537095606
vn -0.841392159 -0.0871470496 0.533352315
vn -0.953656495 -0.093101114 0.286131978
vn -0.942537844 -0.065027006 0.327710062
vn -0.997033417 0.0118836146 0.0760459974
vn -0.983356297 0.0564693213 0.172689721
vn -0.989703596 0.141370326 0.0223884303
vn -0.959596813 0.233916998 0.156386703
vn -0.938890219 0.249184281 0.23747097
vn -0.874829948 0.378878564 0.301866949
vn -0.786358356 0.280652106 0.550340652
vn -0.747714758 0.403675109 0.52722764
vn -0.634811044 0.2006291 0.746165395
vn -0.647050023 0.297209024 0.702134728
vn -0.984280467 0.0480104685 0.169961751
vn -0.993127823 0.0434172526 -0.108683169
vn -0.928897321 0.0582071319 0.365734369
vn -0.823835015 0.0662588999 0.562943697
vn -0.817627251 0.0665100813 0.571893573
vn -0.756890118 0.068128489 0.649981439
vn 0.135546818 0.983816147 -0.117187075
vn 0.0729380921 0.985210657 -0.155048147
vn 0.162366241 0.959875703 -0.22863923
vn 0.0459621511 0.973940432 -0.222097963
vn 0.0666414872 0.954993963 -0.289042115
vn 0.127588376 0.937086821 -0.32494545
vn 0.470367968 0.820563734 -0.324698389
vn 0.512086093 0.816474617 -0.266715288
vn 0.511985719 0.835837007 -0.198109254
vn 0.471098334 0.869193614 -0.150228575
vn 0.151637524 0.912750125 0.379332691
vn -0.0472679846 0.949728608 0.309485584
vn -0.249095097 0.940019369 0.233056188
vn -0.0574366637 0.922216594 0.382384032
vn -0.368756354 0.929472387 -0.00998457428
vn -0.329146177 0.936189592 -0.123336218
vn -0.34066394 0.932135999 -0.122761793
vn -0.352708966 0.865875781 -0.354761302
vn -0.291093558 0.939535856 -0.180379942
vn -0.272285223 0.87043798 -0.410120189
vn 0.58436048 0.762582362 -0.277472287
vn 0.559852719 0.721171319 -0.408015817
vn 0.704810262 0.697824359 -0.127607971
vn 0.714797497 0.656277776 -0.241586253
vn 0.707615256 0.705494344 0.0394768752
vn 0.704496682 0.709681571 -0.00603647158
vn 0.251603097 0.902254283 0.350190133
vn 0.604035616 0.754134357 0.257725328
vn -0.0525557362 0.998433471 0.0191923939
vn 0.037963178 0.990577638 0.131585971
vn -0.0548314378 0.978846073 -0.19711408
vn -0.115659863 0.91353029 -0.389981121
vn -0.0367342047 0.908888996 -0.415417105
vn 0.503357768 0.796207905 -0.335684329
vn 0.567148566 0.782010615 -0.258460671
vn 0.535525322 0.831619024 -0.147046283
vn 0.49577865 0.867754042 0.0347339958
vn -0.070183754 0.995675981 -0.0608573556
vn 0.293264955 0.19616887 0.935688734
vn -0.0592773743 0.99712956 -0.0471051075
vn -0.070183754 0.995675981 -0.0608574152
vn -0.070183754 0.995675981 -0.0608573854
vn -0.170105174 0.984845161 0.0338287279
vn -0.070183754 0.995675981 -0.0608573854
vn -0.190552443 0.98058486 0.0462940335
vn -0.178776503 0.983112097 0.0391099863
vn 0.545393527 0.837566078 -0.0320765153
vn -0.190552413 0.98058486 0.0462940261
vn 0.815685034 0.567914069 0.110142611
vn 0.973291814 0.208397463 0.0962993354
vn 0.542822599 0.839439571 -0.0261672102
vn 0.956623077 0.205250725 0.206747234
vn 0.951905429 0.205559924 0.227202773
vn 0.855031908 0.205388859 0.476167887
vn 0.814739525 0.205266878 0.542277575
vn 0.542766035 0.207835853 0.813762426
vn -0.771945417 -0.148780242 0.618032992
vn -0.82175082 -0.158356935 0.547401726
vn -0.818984091 -0.0991359726 0.565187812
vn -0.865356207 -0.116941877 0.487322539
vn -0.883065462 -0.0641396865 0.464845538
vn -0.868946731 -0.00804277975 0.494840413
vn -0.831574738 0.0131610055 0.555256903
vn -0.785091221 -0.0026643211 0.619374454
vn -0.749425411 -0.0488305576 0.660285652
vn -0.742764473 -0.112009704 0.660117209
vn -0.770957351 0.34777385 0.533552468
vn -0.405649424 0.286481589 0.86797291
vn -0.527808189 0.445388734 0.72322011
vn -0.54190594 0.482395023 0.688209951
vn -0.609407783 0.488535792 0.624463856
vn -0.66441828 0.515914917 0.540721953
vn -0.800762534 0.492071956 0.341532558
vn -0.831716061 0.498463839 0.244504035
vn -0.876393318 0.465893537 0.121975712
vn -0.881746173 0.446030796 0.153558761
vn -0.794560969 0.526355088 0.302693069
vn -0.836235583 0.478716135 0.267471462
vn -0.679776371 0.53689611 0.499646574
vn -0.724264026 0.466963649 0.507332802
vn -0.556470752 0.501088142 0.662760198
vn -0.596922159 0.440956026 0.670255005
vn -0.495424807 0.465688914 0.733272254
vn -0.506387115 0.324067771 0.799094617
vn -0.484724134 0.442910463 0.754236579
vn -0.352851808 0.252089977 0.901080549
vn -0.832080424 -0.223615348 0.507580817
vn -0.536946476 -0.227835968 0.812268019
vn -0.985081375 -0.0472481214 0.16547586
vn -0.973269641 0.131466657 0.188315287
vn -0.914025426 0.180523112 0.36327526
vn -0.817695498 0.167349711 0.550788581
vn -0.747759163 0.149244949 0.646979272
vn -0.705203295 0.0507928878 0.70718348
vn -0.580823839 -0.0933462903 0.808659494
vn -0.501925766 0.465717465 0.72881937
vn -0.700606704 0.50722909 0.501865506
vn -0.847086966 0.460645318 0.265046537
vn -0.868134677 0.450116038 0.209135726
vn -0.920569599 0.381936401 0.0817080885
vn -0.934991837 0.341330677 -0.0963514522
vn -0.927438915 0.309910536 -0.209314451
vn -0.931747794 0.239071414 -0.273296446
vn -0.968738377 0.163402706 -0.186669692
vn -0.984238863 0.152976617 -0.088723883
vn -0.985198975 0.160993472 0.0588568039
vn -0.961979926 0.131547123 0.239353061
vn -0.920477808 0.114785202 0.373557091
vn -0.575422347 0.126758531 0.807973623
vn -0.509195685 0.125961185 0.851383328
vn -0.887368381 0.104579136 0.449044079
vn -0.734099865 0.123196423 0.667772532
vn -0.136405408 0.194128096 0.971446216
vn -0.135117069 0.309544325 0.941236198
vn -0.309354514 0.385009646 0.86952126
vn -0.447841793 0.43446058 0.781461358
vn -0.157833084 0.319315672 0.934412181
vn 0.440348566 0.892043352 -0.101744249
vn 0.453049332 0.891438007 0.00919965003
vn 0.305825531 0.951608181 -0.0302083902
vn 0.394713968 0.913165689 0.101633854
vn 0.292944372 0.946852505 0.132868007
vn 0.195531547 0.976756275 0.0878330991
vn 0.147696301 0.988956928 -0.0122502046
vn 0.171886072 0.977725506 -0.12044993
vn 0.257087111 0.948263288 -0.186287865
vn 0.363034487 0.914389312 -0.179159403
vn 0.934859157 0.0162741095 -0.35464564
vn 0.986278892 0.0503417552 -0.157225043
vn 0.888667405 0.42809841 0.164322779
vn 0.616471887 -0.148914009 -0.773166835
vn 0.988396049 0.14132151 -0.0556926653
vn 0.694626212 0.60973686 0.381726742
vn 0.553138316 0.820784628 0.142655998
vn 0.444864988 0.799788356 0.403030485
vn 0.473672122 0.878289163 0.0651366487
vn 0.274351329 0.933889806 0.22930555
vn 0.224004626 0.97436893 -0.0206719674
vn 0.547215819 0.836204112 -0.0362987518
vn 0.547215879 0.836204112 -0.0362987518
vn 0.547215819 0.836204112 -0.0362987518
vn 0.367054284 0.172267422 -0.914108872
vn 0.420826733 0.0825496688 -0.903377235
vn 0.361788929 -0.0378902927 -0.931489706
vn 0.195746705 0.141684204 -0.970365286
vn 0.964193881 0.169901967 0.203625888
vn 0.948046029 0.0682992488 -0.310715139
vn 0.686548233 0.423559397 0.59097296
vn 0.320717037 0.713617265 0.622808993
vn -0.0112887649 0.910513937 0.413324207
vn -0.182108805 0.983272374 0.00343886763
vn 0.152661338 0.288246065 -0.945308805
vn -0.192544937 0.355161816 -0.914760351
vn 0.00482256338 0.109853178 -0.993936121
vn 0.370749056 -0.138663933 -0.91832304
vn 0.973518133 -0.0233474243 0.227414727
vn 0.928927958 -0.131099477 -0.346274197
vn 0.664585292 0.296042919 0.686064899
vn 0.225641638 0.566420436 0.792624533
vn -0.256374776 0.804137111 0.536316633
vn -0.535780728 0.844250202 0.0134397931
vn -0.480157912 0.67104876 -0.564926326
vn -0.15140678 0.385734409 -0.910101652
vn 0.358828485 -0.223836437 -0.906167388
vn 0.959471524 -0.16462782 0.22871843
vn 0.886241198 -0.268769741 -0.377278775
vn 0.643066466 0.0990523025 0.75937748
vn 0.152875438 0.402990788 0.902345538
vn -0.457320899 0.66214478 0.593651354
vn -0.725760698 0.687946379 -0.00108068762
vn -0.621762633 0.501512289 -0.601578593
vn -0.223866984 0.208829403 -0.951984107
vn 0.436345011 -0.112617075 -0.89270401
vn 0.933398664 -0.296255887 0.202482745
vn 0.854330063 -0.346324563 -0.387529939
vn 0.598169148 -0.00501517532 0.801354229
vn 0.0811006948 0.28543213 0.95496136
vn -0.511319876 0.549123108 0.661071658
vn -0.8151173 0.579180598 -0.0115645118
vn -0.671223581 0.401619941 -0.623025239
vn -0.226672739 0.115363576 -0.967114627
vn 0.396239191 -0.203824595 -0.895237446
vn 0.945375621 -0.243871331 0.21631372
vn 0.843186855 -0.363799512 -0.395835549
vn 0.606190264 0.0366349965 0.794475496
vn 0.0441625752 0.300731331 0.952685833
vn -0.539893508 0.476109892 0.694142938
vn -0.88117379 0.468836904 0.061031159
vn -0.74494338 0.23083362 -0.625919521
vn -0.315089971 -0.0256668646 -0.948714674
vn 0.358128339 -0.28016454 -0.890646994
vn 0.961801469 -0.131436646 0.24012956
vn 0.871482015 -0.22205013 -0.437278867
vn 0.661148012 0.0274269618 0.749754012
vn -0.035560295 0.226871014 0.973275483
vn -0.650952637 0.322061032 0.687413573
vn -0.935525179 0.305081159 0.178095743
vn -0.786787271 0.138750106 -0.601426661
vn -0.305229247 -0.0290579591 -0.951835394
vn 0.362129062 -0.179474682 -0.914686501
vn 0.964008093 -0.183975175 0.191941291
vn 0.896473587 -0.198244095 -0.396275699
vn 0.704609036 -0.100806877 0.702398777
vn -0.0824098513 0.110471681 0.99045682
vn -0.659519494 0.225793913 0.716973603
vn -0.947113752 0.275429219 0.164664283
vn -0.714146852 0.186137587 -0.674794078
vn -0.289230853 0.0726185963 -0.954500973
vn 0.382105082 -0.0925131887 -0.91947639
vn 0.993245184 0.0596646406 0.0995190814
vn 0.943593502 0.0364753716 -0.329090983
vn 0.76526767 0.31824404 0.559540927
vn 0.0553692318 0.591397524 0.804477036
vn -0.324581414 0.667299569 0.67034173
vn -0.449352771 0.893038332 0.0237596929
vn -0.44882533 0.539791226 -0.712166488
vn -0.231778994 0.408097804 -0.883025765
vn 0.486495286 0.293809563 -0.822799027
vn 0.757997751 0.651173413 0.0375862792
vn 0.743171573 0.6281721 -0.230425537
vn 0.532894492 0.809021294 0.248008251
vn 0.223017231 0.912323058 0.343409091
vn 0.0882694647 0.954384387 0.285235077
vn 0.0814093873 0.996382713 -0.0243760254
vn -0.0441570356 0.9211815 -0.386619806
vn 0.0575534627 0.849077582 -0.525123715
vn 0.453420818 0.775301516 -0.43967855
vn 0.969004869 0.196334869 -0.149940535
vn 0.980762839 0.191779494 -0.0364009701
vn 0.782177091 0.156590447 0.603057504
vn 0.78079319 0.162136078 0.603385389
vn 0.97727412 0.203224152 0.0602926537
vn 0.847925425 0.177148178 0.499640822
vn 0.953726709 0.186321259 0.235987201
vn 0.97334224 0.202021807 0.108592004
vn 0.977400601 0.200520769 -0.0669297427
vn 0.451407194 0.194427311 -0.870878696
vn 0.449590415 0.182076037 -0.874480844
vn 0.478665918 0.179865867 -0.859376132
vn 0.448605746 0.175576001 -0.876313746
vn 0.44838503 0.17413649 -0.876713932
vn 0.451553196 0.195441827 -0.870575786
vn 0.451553196 0.195441827 -0.870575786
vn 0.492263854 0.198512301 -0.847507656
vn 0.451553196 0.195441812 -0.870575786
vn 0.298907399 0.689237356 -0.660004735
vn 0.317088991 0.727977753 -0.607867658
vn 0.200722039 0.758584976 -0.619886816
vn 0.289297909 0.769829631 -0.568919182
vn 0.21817857 0.80482167 -0.551960349
vn 0.144527718 0.801067173 -0.580864191
vn 0.101464346 0.768771589 -0.631423175
vn 0.113386013 0.723134339 -0.681337178
vn 0.170104966 0.686950803 -0.706514597
vn 0.240010485 0.67753154 -0.695230901
vn 0.687001288 0.247726843 -0.683125615
vn 0.546914816 0.124428831 -0.827889979
vn 0.433908701 0.155825436 -0.88737911
vn 0.563343108 0.823147953 0.0712182373
vn 0.362003684 0.931610048 0.0324969701
vn 0.611183822 0.5712924 -0.547794938
vn 0.726879895 0.382412702 -0.570443869
vn 0.192843288 0.764299572 -0.615351677
vn 0.262580663 0.683108687 -0.681479096
vn 0.225145549 0.370192558 -0.901258647
vn 0.0470154062 0.546518624 -0.836126149
vn 0.244207188 0.198923483 -0.949100733
vn 0.0531555153 0.390834719 -0.918924749
vn 0.32005012 0.137336656 -0.937393427
vn 0.218671069 0.310115963 -0.925208628
vn 0.389910579 0.127778858 -0.911944211
vn 0.425237387 0.155495375 -0.89162457
vn 0.642159402 0.505949676 -0.575887263
vn 0.565599203 0.374345392 -0.734821856
vn 0.616949975 0.683853209 -0.389509439
vn 0.390916914 0.829336166 -0.399231046
vn 0.16074343 0.824941576 -0.541879058
vn 0.102729514 0.709887207 -0.696783066
vn 0.109199487 0.639584661 -0.760924935
vn 0.221269771 0.598749161 -0.769765675
vn 0.413732469 0.461386442 -0.784823537
vn 0.864021778 0.180574507 0.469956607
vn 0.833353281 0.179798603 0.522680342
vn 0.705402374 0.169630602 0.688209832
vn 0.95214498 0.203271925 0.228255093
vn 0.956623077 0.205250725 0.206747234
vn 0.79371053 0.186195999 0.579097986
vn 0.422522843 0.898465931 -0.119304121
vn 0.163511425 0.84731698 -0.505289972
vn 0.419966638 0.899450421 -0.120900325
vn 0.215570852 0.180479109 -0.959664762
vn 0.123268791 0.170579627 -0.977602899
vn 0.172188386 0.837447166 -0.518684268
vn 0.0913352519 0.672636032 -0.734315097
vn 0.378255844 0.17582801 -0.908849239
vn 0.449012607 0.178246185 -0.875566006
vn 0.465939403 0.181191444 -0.866065919
vn -0.378215283 0.925154805 -0.0322791375
vn -0.322581828 0.937759101 -0.128642112
vn -0.224895284 0.97438103 -0.00191943615
vn -0.219737723 0.961447239 -0.165331662
vn -0.117749542 0.985043049 -0.125798553
vn -0.0646767244 0.997503042 -0.0283654798
vn -0.0850054994 0.993039727 0.0815241188
vn -0.169192612 0.97373271 0.152376235
vn -0.278186291 0.948601186 0.150891647
vn -0.360879064 0.929325938 0.0782281756
vn -0.568368793 0.789215326 -0.232585818
vn -0.474020958 0.805585206 -0.355438679
vn -0.554122925 0.606395125 -0.570291877
vn -0.782904327 0.563737452 -0.263174802
vn -0.371388674 0.861475646 -0.346309632
vn -0.293850243 0.746168733 -0.597397864
vn -0.162015036 0.863416433 -0.477769047
vn -0.369710445 0.874329925 -0.314422041
vn -0.376801223 0.891471863 -0.251592606
vn -0.377229393 0.892510056 -0.247232243
vn -0.190552443 0.98058486 0.0462939739
vn -0.0512968972 0.99614501 0.071159035
vn -0.307593971 0.900471568 0.307468802
vn -0.224305183 0.870291412 0.438497484
vn 0.0412383452 0.951084018 0.306167722
vn -0.554129839 0.826511025 -0.0990940928
vn -0.750500441 0.655382931 0.0849840567
vn -0.632089555 0.309539586 -0.710385859
vn -0.943733037 0.18761313 -0.272340447
vn -0.173113838 0.560454667 -0.80989027
vn 0.106312767 0.777072072 -0.620368123
vn 0.096450761 0.994968176 -0.0271219164
vn 0.378606766 0.92040199 -0.0975555107
vn 0.15202041 0.980188131 0.126968339
vn 0.377004951 0.896817148 0.231486782
vn 0.185706511 0.818703771 0.543357313
vn -0.284502834 0.570178926 0.770684183
vn -0.913936794 0.293205768 0.2806243
vn -0.657561541 0.039562542 -0.752361476
vn -0.964021444 -0.111547828 -0.241287768
vn -0.112116724 0.384661049 -0.916223645
vn 0.267016679 0.635783136 -0.724211276
vn 0.489030153 0.832600713 -0.260049433
vn 0.470192105 0.779244959 0.414362818
vn 0.0683380142 0.553280413 0.830187082
vn -0.286623955 0.309216797 0.906769931
vn -0.807902813 -0.0189759061 0.58901006
vn -0.659918308 -0.0976025462 -0.744970798
vn -0.972207129 -0.128543213 -0.195678085
vn 0.00571057526 0.112545997 -0.993630171
vn 0.485116303 0.359823257 -0.796987772
vn 0.802738488 0.58055377 -0.136265144
vn 0.588393092 0.604682446 0.536798716
vn 0.155138537 0.458421081 0.875089824
vn -0.345584899 0.274252951 0.897416472
vn -0.858681738 0.0155396266 0.51227361
vn -0.668925524 -0.206987053 -0.713929296
vn -0.970668375 -0.154977858 -0.183806002
vn 0.08948493 -0.0590460449 -0.99423641
vn 0.613402665 0.144618779 -0.776416421
vn 0.897836924 0.38717553 -0.209723726
vn 0.753014982 0.488947123 0.440339714
vn 0.247035503 0.457723498 0.854085863
vn -0.411752284 0.258438647 0.873881876
vn -0.92814368 0.00668011094 0.372162223
vn -0.674165845 -0.250317216 -0.694868088
vn -0.960114777 -0.211115986 -0.183329552
vn 0.108780347 -0.112781875 -0.987647295
vn 0.672161996 0.107903801 -0.732499182
vn 0.925712883 0.297119498 -0.234042123
vn 0.788232684 0.432531774 0.437727481
vn 0.195016429 0.378312588 0.904902339
vn -0.396615654 0.218904406 0.891502678
vn -0.910426676 -0.0441865735 0.411303729
vn -0.675871551 -0.180581957 -0.714554191
vn -0.976690531 -0.195704937 -0.0881780088
vn 0.115493447 -0.0207306333 -0.993091881
vn 0.715890765 0.156851068 -0.680366158
vn 0.92955482 0.259357274 -0.262033701
vn 0.824353039 0.31098175 0.473003566
vn 0.19082208 0.206763312 0.959601879
vn -0.382796407 0.0749277025 0.920789242
vn -0.8746382 -0.0990846902 0.474542081
vn -0.630315006 0.566121221 -0.531234145
vn -0.910963476 0.402654171 0.0895271674
vn 0.0714145377 0.656942964 -0.75055033
vn 0.578400671 0.557667136 -0.595365405
vn 0.647028565 0.65598762 -0.388631463
vn 0.364917189 0.860480011 0.355541468
vn 0.0497561023 0.619064689 0.783762276
vn -0.483651876 0.512101173 0.709812105
vn -0.85859257 0.280947059 0.428821146
vn -0.357125133 0.918842912 -0.16789712
vn -0.494577497 0.868108094 0.0422071815
vn -0.121688157 0.958701611 -0.257066429
vn 0.16015403 0.927305222 -0.338312984
vn 0.107670911 0.970975161 -0.213574752
vn -0.0969626978 0.98978442 0.104523301
vn -0.140930921 0.947571456 0.286786944
vn -0.354158938 0.900216818 0.253340095
vn -0.577623248 0.789966583 0.205680221
vn -0.0701837465 0.995675981 -0.0608574152
vn -0.127516463 0.991834819 0.00181070191
vn -0.0701837391 0.995676041 -0.0608573556
vn -0.387936175 0.871273875 0.300645232
vn -0.352445781 0.89947921 0.258300275
vn -0.416468233 0.870169759 0.26336056
vn -0.190552413 0.98058486 0.0462940335
vn -0.190552413 0.98058486 0.0462940335
vn -0.190552413 0.98058486 0.0462940335
vn -0.190552443 0.98058486 0.0462940335
vn -0.0701837465 0.995675981 -0.0608574152
vn 0.00688835932 0.954154611 -0.299234986
vn 0.0496097021 0.917083859 -0.3955957
vn 0.170291454 0.942545533 -0.287417382
vn 0.147918507 0.886057138 -0.43934378
vn 0.255227178 0.87572664 -0.409831822
vn 0.321746916 0.890610576 -0.321390539
vn 0.315636694 0.924285412 -0.214639127
vn 0.240853131 0.960361063 -0.140344054
vn 0.131268561 0.982417107 -0.132759586
vn 0.0389377102 0.9799667 -0.195317417
vn -0.255928367 0.962845922 -0.0861884132
vn -0.195104823 0.967507541 -0.160821229
vn -0.248737469 0.825448573 -0.506719053
vn -0.498903692 0.824300468 -0.267626077
vn -0.0662341416 0.984738469 -0.160944104
vn 0.165733218 0.886822879 -0.431367159
vn 0.0323015377 0.998634994 -0.0410457179
vn 0.38092193 0.908283532 -0.172972411
vn 0.0260691606 0.991233289 0.129525915
vn 0.309750766 0.925722003 0.217010006
vn -0.096958518 0.973089814 0.209034175
vn 0.0308460481 0.899175644 0.436499417
vn -0.183872566 0.966870606 0.177065372
vn -0.210479841 0.887613237 0.409684062
vn -0.417818069 0.874457359 0.246480152
vn -0.520716667 0.853724241 0.00302227377
vn -0.72021085 0.537964225 -0.438053519
vn -0.787377656 0.616317451 -0.0137588466
vn -0.230519563 0.527886748 -0.817432702
vn 0.441770256 0.568158448 -0.694287539
vn 0.700376153 0.667718947 -0.252239257
vn 0.60828948 0.730821371 0.309651524
vn 0.203469425 0.768791795 0.606266856
vn -0.194142073 0.743579566 0.639842451
vn -0.631865799 0.682310045 0.367693841
vn -0.744243383 0.32584852 -0.583030522
vn -0.889567018 0.44924885 -0.0827393979
vn -0.114419267 0.184552237 -0.976139665
vn 0.513824761 0.201568633 -0.833878994
vn 0.9104895 0.272401929 -0.311136663
vn 0.784624517 0.472718924 0.401124954
vn 0.314711928 0.577732503 0.753114522
vn -0.120785929 0.625991046 0.770419419
vn -0.702185571 0.568204641 0.429044217
vn -0.760245442 0.191415191 -0.620795548
vn -0.94016546 0.321482033 -0.11286407
vn -0.119803861 0.0539306477 -0.991331697
vn 0.51682204 0.0129401237 -0.855995059
vn 0.935238242 0.103535436 -0.338540703
vn 0.864999056 0.258076459 0.430317551
vn 0.406710535 0.388546467 0.826811969
vn -0.179274485 0.445688635 0.877053201
vn -0.799476027 0.418444008 0.430978596
vn -0.745828986 0.0351516232 -0.665209353
vn -0.984165847 0.145311236 -0.10149993
vn -0.159465507 -0.0312839821 -0.986707747
vn 0.557384849 -0.00454103202 -0.830241859
vn 0.940689087 0.0793192163 -0.329867274
vn 0.914332807 0.210182473 0.34614861
vn 0.530728459 0.288138211 0.797059417
vn -0.300698012 0.3311795 0.894371808
vn -0.845158339 0.255426913 0.469536394
vn -0.703674078 -0.0522798821 -0.708596945
vn -0.978997767 0.132764921 -0.154715493
vn -0.233527154 -0.148790061 -0.960898817
vn 0.587161303 -0.173868507 -0.790576637
vn 0.948906004 -0.0661398992 -0.30855
vn 0.956753433 0.101023324 0.272795171
vn 0.405629128 0.338404685 0.849086046
vn -0.327109486 0.380654633 0.864928544
vn -0.750847876 0.312973469 0.581614316
vn -0.721870422 0.292682528 -0.627088547
vn -0.932904303 0.298524141 -0.201426864
vn -0.216702998 0.491037369 -0.843754888
vn 0.618757248 0.432344347 -0.655909896
vn 0.845797777 0.351991981 -0.400908709
vn 0.78905195 0.611733079 0.0563884042
vn 0.183740705 0.608257055 0.772180557
vn -0.230955452 0.492895961 0.838876128
vn -0.678530991 0.514630854 0.524166763
vn -0.347893864 0.798693478 -0.490976989
vn -0.574914932 0.765757561 -0.288250089
vn 0.0384151302 0.883233547 -0.467357218
vn 0.343735874 0.854330003 -0.389828086
vn 0.44718644 0.818605304 -0.360429555
vn 0.353908926 0.92004025 -0.168150142
vn 0.215772316 0.940783501 0.261474043
vn -0.0177767817 0.899407923 0.436748624
vn -0.387134224 0.912751257 0.130430728
vn -0.0452316962 0.487935483 -0.871707022
vn 0.0473760255 0.799635112 -0.598614514
vn -0.070183754 0.995675981 -0.0608574152
vn -0.0701837465 0.995675981 -0.0608573556
vn -0.974647105 0.147706717 -0.168064728
vn -0.968738377 0.163402691 -0.186669692
vn -0.984238863 0.152976632 -0.0887238979
vn -0.897922873 0.101952232 0.428182632
vn 0.982025266 0.181088299 -0.0532291569
vn 0.972375095 0.165954664 -0.164151266
vn 0.94986099 0.167421982 -0.264072031
vn 0.941655815 0.167264029 -0.292073756
vn 0.862564683 0.18047078 -0.47266537
vn 0.660114169 0.184604689 -0.728127897
vn 0.448372364 0.174053818 -0.87673676
vn 0.324614853 0.170142815 -0.930417418
vn -0.148450106 0.128509134 -0.980534494
vn -0.350683033 0.101703942 -0.930955231
vn -0.378512442 0.097469613 -0.920449853
vn -0.478387356 0.0934469625 -0.873162746
vn -0.640218377 0.084253937 -0.763558686
vn -0.478387356 0.0934469625 -0.873162746
vn -0.640218377 0.0842539445 -0.763558686
vn -0.71507436 0.078544952 -0.694621682
vn -0.746042073 0.0892800391 -0.659886479
vn -0.65860337 0.141586289 -0.739050031
vn -0.430911511 0.0345880687 0.901731133
vn -0.448145777 0.0415589251 0.892993867
vn 0.0755184963 0.099739559 0.992143631
vn -0.203607842 0.0635743365 0.976986229
vn -0.103253976 0.0720232725 0.992043972
vn 0.390324205 0.129541397 0.911518574
vn 0.78217721 0.156590462 0.603057504
vn 0.915362775 0.161916375 0.368638217
vn 0.955434024 0.161510676 0.247103766
vn 0.956436038 0.161692739 0.243075311
vn 0.986595154 0.16184856 0.0208571553
vn 0.979319155 0.189279437 -0.0714653432
vn 0.980762839 0.191779479 -0.0364009701
vn -0.478387356 0.09344697 -0.873162746
vn -0.493372619 0.0922881216 -0.864908278
vn -0.673306227 0.0781070367 -0.735226452
vn -0.816904128 0.0595271587 -0.573693335
vn -0.836208463 0.058612965 -0.545270562
vn -0.948261082 0.0512522981 -0.313327312
vn -0.958815336 0.0499526262 -0.279602855
vn -0.459002793 0.0948195681 -0.883360505
vn -0.448801756 0.110184774 -0.886812508
vn -0.45008257 0.0954023302 -0.887876213
vn -0.459002793 0.0948195532 -0.883360505
vn -0.969515383 0.0483674146 -0.240209147
vn -0.995301545 0.0417261012 -0.0873714015
vn -0.99101001 0.04363418 -0.126471952
vn -0.958815336 0.0499526262 -0.279602855
vn -0.969515383 0.0483674146 -0.240209162
vn -0.997858226 0.0403085016 -0.0515191965
vn -0.993870616 0.0425796099 -0.102020711
vn -0.995301485 0.0417261012 -0.0873714164
vn -0.966309845 0.0408397391 0.254120827
vn -0.882982135 0.0400589593 0.467694253
vn -0.80318892 0.0367935337 0.594587207
vn -0.893179893 0.040053241 0.447912395
vn -0.955906689 0.0407558605 0.290828496
vn -0.853514552 0.0345109999 0.519924879
vn -0.782250702 0.0323699899 0.622122228
vn -0.998911381 0.038837079 -0.0258385222
vn -0.998806179 0.0359549411 0.0330678709
vn -0.994297087 0.0385321118 0.0994407758
vn -0.966309845 0.0408397391 0.254120827
vn -0.748861253 0.0197095573 0.662433505
vn -0.721336007 0.0172131751 0.692371249
vn -0.782250702 0.0323699899 0.622122228
vn -0.749418378 0.0141440313 0.66194576
vn -0.752820432 0.0138254082 0.658080697
vn -0.758545637 0.0132758245 0.651484609
vn -0.978971183 0.160978541 -0.125304669
vn -0.889155805 0.106238112 0.445101827
vn 0.969821572 0.177561343 0.167086944
vn 0.957880974 0.149292618 0.245307535
vn 0.956020057 0.149103552 0.252574414
vn 0.955223858 0.149045572 0.255602866
vn 0.789884865 0.131107271 0.599076629
vn 0.953294754 0.191328511 0.233714849
vn 0.97057724 0.19689174 0.138613224
vn 0.947111487 0.181353182 -0.264746487
vn 0.884322286 0.19330208 -0.424980462
vn 0.865408659 0.19535017 -0.461417556
vn 0.762498975 0.207221001 -0.612906933
vn 0.976262212 0.196776047 0.0905054584
vn 0.509484589 0.184028104 -0.840570807
vn 0.451287359 0.193597838 -0.87112546
vn 0.926644146 0.200541928 -0.317983627
vn 0.932554185 0.198139951 -0.301799983
vn 0.1369147 0.150858685 -0.979028106
vn 0.446644992 0.16299969 -0.879738271
vn 0.490753084 0.164645121 -0.855601311
vn 0.557129681 0.166678503 -0.813526213
vn 0.5934062 0.180245757 -0.784461915
vn 0.892892241 0.20376882 -0.401524127
vn -0.819360375 0.027790904 0.572604716
vn -0.846129954 0.0156939942 0.53274554
vn -0.993565321 0.024123 0.110661685
vn -0.99091655 0.0289088953 0.131334126
vn -0.99091655 0.0289089009 0.131334126
vn -0.986117244 0.0354640149 0.162219182
vn -0.966309845 0.0408397689 0.254120827
vn -0.799910307 0.062118575 0.596895993
vn -0.93041873 0.0471557826 0.363452077
vn -0.876006186 0.0539664626 0.479271054
vn -0.80746448 0.0614793263 0.586703837
vn -0.934708297 0.0470392369 0.352289051
vn -0.933982015 0.0471514203 0.354195207
vn -0.866252065 0.0549298376 0.496578395
vn -0.743085027 0.0676262006 0.665771306
vn -0.747780859 0.067511186 0.660504341
vn -0.866336465 0.0559977442 0.496311635
vn -0.721463978 0.0735020936 0.688539982
vn -0.103915744 0.1298545 0.9860726
vn -0.0855063871 0.131976858 0.987557948
vn -0.541290462 0.0982392281 0.835077047
vn -0.339015752 0.115292437 0.933689356
vn 0.0680561066 0.137639344 0.988141537
vn -0.74304533 0.0679114908 0.665786445
vn -0.723784328 0.0721836388 0.686240315
vn -0.747780859 0.0675111562 0.660504282
vn -0.339015812 0.115292385 0.933689415
vn -0.60043335 0.0898908749 0.794606507
vn 0.192773148 0.147402778 0.970108688
vn 0.281113684 0.1501773 0.947851241
vn 0.0903557912 0.143003151 0.985589087
vn 0.281113684 0.1501773 0.947851241
vn 0.338918865 0.151242658 0.92857945
vn -0.329220295 0.0622925498 0.94219619
vn 0.581276894 0.132222041 0.802891374
vn 0.676123381 0.127273515 0.725712478
vn 0.308788359 0.0810604244 0.947670281
vn 0.293417037 0.0829133913 0.952382207
vn 0.583551407 0.114151143 0.804013312
vn 0.531176627 0.107610561 0.840399504
vn 0.100915112 0.0659914017 0.992704034
vn -0.102898814 0.0492568389 0.993471563
vn -0.10531757 0.0491112359 0.993225217
vn -0.121753 0.0480627082 0.991396129
vn 0.129958421 0.150583565 -0.980018079
vn -0.445791036 0.0953777507 -0.890041173
vn -0.371822268 0.0979847834 -0.923118174
vn -0.306646496 0.106816188 -0.945810795
vn 0.352517694 0.171290755 -0.919994891
vn -0.459002793 0.0948195383 -0.883360505
vn 0.283652425 0.179946125 -0.941892087
vn 0.268413603 0.180101037 -0.94631803
vn 0.378255844 0.175828025 -0.908849239
vn 0.123268738 0.170579627 -0.977602899
vn -0.131875008 0.706693411 -0.695121288
vn -0.234333754 0.878548026 -0.416222394
vn -0.131875008 0.706693411 -0.695121288
vn -0.145084277 0.735459864 -0.661852956
vn -0.210309952 0.887887001 -0.409177572
vn -0.234342322 0.893270314 -0.383603692
vn -0.695278108 0.528146863 -0.48749283
vn -0.379345357 0.897647798 -0.224333435
vn -0.377872407 0.89406997 -0.240522876
vn -0.314614862 0.863265574 -0.394702703
vn -0.356269866 0.849179983 -0.389827043
vn -0.360681474 0.852589607 -0.378153265
vn -0.801207066 0.217349678 -0.557518005
vn -0.823396146 0.0541916229 -0.564873636
vn -0.863816917 0.149522811 -0.481106371
vn -0.847042739 0.0546507798 -0.528707743
vn -0.988585353 0.0450598001 -0.143765166
vn -0.989056766 0.0447725654 -0.140577912
vn -0.981948078 0.0440206118 -0.183956519
vn -0.997897446 0.0347086042 -0.0547357574
vn -0.997898936 0.0329511724 -0.0557844378
vn -0.843833447 0.0638653114 -0.532791078
vn -0.997250795 0.0335791782 -0.0660553053
vn -0.81982404 0.0659214854 -0.568808317
vn -0.802500129 0.0682413951 -0.592736483
vn -0.640218377 0.0842539445 -0.763558686
vn -0.99489212 0.0421435088 -0.0917262807
vn -0.988585353 0.04505983 -0.143765196
vn -0.99445647 0.041856505 -0.0964591578
vn -0.996037066 0.0408996679 -0.0789765343
vn -0.997897446 0.0347086042 -0.0547357574
vn -0.996731341 0.0408067107 -0.0697245374
vn -0.995301545 0.0417261012 -0.0873714164
vn -0.191047058 0.0920529589 0.977254987
vn -0.324483782 0.0769615695 0.942755163
vn -0.473850757 0.0578850582 0.878700554
vn -0.747400582 0.0333084725 0.663538039
vn -0.521214426 0.0910465047 0.848555267
vn -0.318307281 0.0939972252 0.943315983
vn -0.295928121 0.0957990885 0.950394154
vn -0.423323601 0.0939028189 0.901099026
vn -0.782250702 0.0323699899 0.622122228
vn -0.831843555 0.0309442747 0.554146945
vn -0.856342077 0.0301702339 0.515527129
vn -0.99091655 0.0289089251 0.131334111
vn -0.996852398 0.0282349735 0.0740819126
vn -0.99886322 0.0280175135 0.0385657847
vn -0.997897446 0.0347086042 -0.0547357574
vn -0.989028037 0.0404758565 -0.142075151
vn -0.933428109 0.0524756685 -0.354906112
vn -0.956147492 0.0500978939 -0.288569152
vn -0.958815336 0.0499526039 -0.279602826
vn -0.959287524 0.049930051 -0.27798298
vn -0.966715991 0.0489535183 -0.251124948
vn -0.998762131 0.0388521962 0.031059701
vn -0.988838196 0.046110563 0.141679034
vn -0.974977434 0.0501362309 0.216576725
vn -0.900095165 0.0583607331 0.431766897
vn -0.823862791 0.0662209317 0.562907577
vn -0.959287524 0.0499300621 -0.27798298
vn -0.959697783 0.0499112606 -0.276566714
vn -0.988585353 0.04505983 -0.143765166
vn -0.824181139 0.0657846928 0.56249249
vn -0.959813237 0.0531408377 0.275562286
vn -0.747780859 0.0675111562 0.660504282
vn -0.379632384 0.0943038091 0.920318425
vn -0.336462051 0.0966050401 0.936728716
vn -0.295928061 0.0957990885 0.950394154
vn -0.472905397 0.0952192396 0.875953138
vn -0.743100524 0.0675139949 0.665765345
vn -0.550903618 0.0895373151 0.829751968
vn -0.414856315 0.0996580943 0.904412866
vn -0.336462051 0.0966050401 0.936728716
vn 0.957592964 0.174406692 0.229342595
vn 0.799692631 0.206031993 -0.563952625
vn 0.955261052 0.173953861 -0.239199489
vn 0.974901795 0.176923782 -0.135146797
vn 0.954400778 0.177707598 0.239873528
vn 0.633863926 0.185417384 -0.750890791
vn 0.943799019 0.172540456 -0.281909943
vn 0.688579977 0.187130138 -0.700599551
vn 0.21160914 0.976623297 0.0377949625
vn 0.268938214 0.956922591 0.109413885
vn 0.203401327 0.971006989 0.125591129
vn 0.17722398 0.979321063 0.0975798741
vn 0.185610175 0.978391051 0.0911035463
vn 0.159191862 0.982332051 0.0983953774
vn 0.0570986792 0.99821794 0.0173395127
vn 0.170499191 0.98446995 -0.0418193638
vn 0.208599299 0.97798425 0.00575545151
vn 0.232335553 0.97237736 -0.0224139318
vn 0.545368195 0.837584913 -0.0320179164
vn 0.817865968 0.552738309 0.159923673
vn 0.680941522 0.715243042 0.157308564
vn 0.465309948 0.875309289 0.131606266
vn 0.369855434 0.925056219 0.0864741132
vn 0.268938214 0.956922591 0.109413885
vn 0.949014544 0.274985582 0.154124588
vn 0.959849179 0.206642881 0.1897057
vn 0.967110753 0.209528536 0.144202873
vn 0.817865968 0.552738309 0.159923673
vn 0.00984714646 0.942668855 -0.333584189
vn -0.00735576497 0.903153598 -0.429254591
vn -0.012199834 0.886096358 -0.463340402
vn 0.0772272944 0.985346556 -0.152079165
vn 0.0269759893 0.957019985 -0.288764477
vn 0.078329511 0.992532253 -0.093510218
vn 0.11469955 0.991671026 -0.0585878752
vn -0.133025691 0.137606606 -0.981513441
vn 0.0797837526 0.157469839 -0.984295547
vn 0.101084575 0.158555791 -0.98216182
vn -0.994744122 0.0414781347 -0.0936142281
vn -0.969515383 0.0483673848 -0.240209147
vn -0.996037066 0.0408996791 -0.0789765194
vn -0.816481292 0.0586114377 -0.574389279
vn -0.759072065 0.0671251789 -0.647536576
vn -0.959287524 0.0499300435 -0.27798298
vn -0.944945097 0.0516708158 -0.323123515
vn -0.538725436 0.0871782079 -0.837958753
vn -0.414172947 0.0950002298 -0.905226827
vn -0.401187897 0.0956737474 -0.910985589
vn -0.334299415 0.108371787 -0.93621552
vn -0.352811754 0.105166882 -0.929765522
vn -0.316615343 0.111704454 -0.941953719
vn -0.131874979 0.706693411 -0.695121288
vn -0.334299386 0.108371787 -0.93621552
vn 0.3720662 0.927559733 0.0346361995
vn 0.221173227 0.973380268 -0.0601095334
vn 0.371548206 0.927120924 0.0489782952
vn 0.268938214 0.956922591 0.109413885
vn 0.0772272944 0.985346556 -0.152079135
vn 0.0982206464 0.984675586 -0.144106686
vn 0.221173257 0.973380327 -0.0601095334
vn -0.0857310891 0.800976098 -0.592526257
vn -0.190552413 0.98058486 0.0462940335
vn -0.117613919 0.991367042 0.057952296
vn -0.190552473 0.98058486 0.0462940335
vn -0.083373569 0.821022451 -0.564775109
vn -0.0778159648 0.927351058 -0.366011858
vn -0.0442496575 0.982021809 -0.183507457
vn -0.153371811 0.987885296 0.023658121
vn -0.0782347396 0.99585247 -0.0464465916
vn -0.070183754 0.995675981 -0.0608573854
vn -0.190552413 0.98058486 0.0462940335
vn -0.0701837465 0.995675981 -0.0608573854
vn -0.070183754 0.995675981 -0.0608573854
vn 0.129257888 0.977984905 0.163823053
vn 0.100316703 0.981112421 0.165393561
vn 0.0646227598 0.985194921 0.1587926
vn 0.0132389441 0.994222283 0.106520377
vn 0.100316703 0.981112421 0.165393546
vn 0.0725055262 0.983326912 0.16676648
vn 0.0951631889 0.96940279 0.226279214
vn 0.195284456 0.937156498 0.289139628
vn 0.196903393 0.926412582 0.32091859
vn -0.070183754 0.995675981 -0.0608573854
vn 0.141495496 0.91533339 0.377019554
vn 0.153082982 0.903732181 0.399792165
vn 0.0917534232 0.856627524 0.507711112
vn 0.0801431462 0.827504814 0.555709243
vn 0.0497502424 0.760870993 0.64699322
vn 0.0378038064 0.745847166 0.665043533
vn -0.181515321 0.981446385 0.0617658012
vn -0.175480559 0.98294425 0.0550190806
vn -0.156719372 0.733482182 0.661394775
vn 0.786634445 0.188321292 0.587997675
vn 0.786293626 0.189725384 0.588002145
vn 0.805823624 0.189381823 0.561055183
vn 0.77819097 0.188422486 0.599095702
vn 0.767148435 0.186876372 0.613645256
vn 0.768963695 0.187214509 0.611265659
vn 0.351792783 0.165329427 0.921362042
vn 0.270769715 0.151527509 0.950643599
vn 0.175334543 0.15832971 0.971694171
vn 0.0903557763 0.143003136 0.985589027
vn 0.118222155 0.151008859 0.981437564
vn -0.179555342 0.981942415 0.0595732704
vn -0.41642803 0.400522977 0.816191852
vn -0.283069313 0.837710977 0.467024893
vn -0.156719372 0.733482182 0.661394775
vn -0.282353699 0.718628705 0.635491312
vn 0.240625143 0.147176579 0.959394932
vn 0.115620933 0.134722069 0.984114766
vn 0.0371850021 0.127084315 0.991194665
vn 0.434493721 0.161368906 0.886101127
vn 0.280181587 0.150693521 0.948045194
vn 0.426401138 0.161493257 0.890001178
vn 0.413551927 0.160053968 0.896302164
vn -0.220351025 0.101282299 0.970148146
vn -0.298822343 0.0955068022 0.949517548
vn -0.352086991 0.0974471867 0.930880666
vn -0.243430927 0.104486197 0.964273751
vn -0.379497349 0.0944285393 0.92036128
vn -0.743667662 0.0633830577 0.665538251
vn -0.756709218 0.0615969971 0.650843203
vn -0.806742907 0.0611285344 0.587732375
vn -0.667398095 0.0718755126 0.741224289
vn -0.383820504 0.0885840952 0.919148862
vn -0.459817976 0.0865094364 0.883789301
vn -0.667398095 0.0718755051 0.741224289
vn -0.41642803 0.400522977 0.816191852
vn -0.478906393 0.124107771 0.869048834
vn -0.339015752 0.1152924 0.933689356
vn -0.243430927 0.10448619 0.964273751
vn -0.934708297 0.0470392369 0.352289051
vn -0.99879694 0.0366402529 0.0325929299
vn -0.99891144 0.0388371088 -0.0258385222
vn -0.756709218 0.0615970045 0.650843203
vn -0.839267313 0.0496223457 0.541449904
vn -0.933582783 0.0471065007 0.355252415
vn 0.264480621 0.141775206 0.953912795
vn 0.0709758922 0.129700497 0.989009738
vn 0.0371849984 0.12708433 0.991194665
vn -0.103774033 0.114514552 0.987986565
vn 0.267550707 0.142144084 0.95300144
vn 0.0371849984 0.12708433 0.991194665
vn 0.0709758922 0.129700497 0.989009738
vn -0.7438097 0.0623321049 0.665478647
vn -0.243430927 0.10448619 0.964273751
vn -0.33646208 0.0966050252 0.936728716
vn -0.381690681 0.0923947245 0.919660509
vn -0.488168567 0.0877615288 0.868325651
vn -0.667398095 0.071875535 0.741224289
vn -0.866336465 0.0559977442 0.496311694
vn -0.991086483 0.0477265678 0.124376856
vn -0.959813237 0.0531408191 0.275562286
vn -0.98225385 0.0500600599 0.180752352
vn -0.233819902 0.964752436 0.120751664
vn -0.992955148 0.0489146635 0.10792385
vn -0.993048012 0.0520569831 0.105573453
vn -0.971691191 0.23400411 0.032530345
vn -0.246247947 0.959771991 0.13490665
vn -0.840251386 0.0561044663 0.539286435
vn -0.756709218 0.0615970045 0.650843203
vn -0.918699563 0.393930137 -0.0284628067
vn -0.539937139 0.829905629 -0.140443936
vn -0.53889209 0.830524027 -0.140801862
vn -0.971691191 0.23400411 0.032530345
vn -0.357584029 0.919764519 -0.161762327
vn -0.0771826208 0.995844722 -0.0483326837
vn -0.394154578 0.906618953 -0.150612742
vn -0.361589849 0.920704305 -0.146820754
vn -0.217122853 0.971450686 -0.095609501
vn -0.127585039 0.991455615 -0.027159648
vn -0.25192222 0.95999068 -0.122282572
vn -0.117041111 0.993125677 0.00166904565
vn 0.0582762286 0.997218728 0.0464635566
vn 0.113842741 0.98098278 0.157202363
vn -0.245588556 0.962136507 -0.11823523
vn 0.100316703 0.981112421 0.165393576
vn -0.0566146374 0.998065829 -0.0256785247
vn 0.0929768234 0.973222792 0.210220575
vn 0.082025677 0.98089838 0.176380575
vn 0.0905361697 0.977122128 0.192446053
vn 0.28861469 0.924958527 0.247291818
vn 0.33447659 0.905180991 0.262245595
vn 0.641329646 0.65312922 0.402639687
vn 0.797946095 0.332992792 0.502391994
vn 0.641329646 0.65312922 0.402639687
vn 0.659800768 0.62920934 0.410802245
vn 0.804929793 0.222732276 0.549980283
vn 0.814739525 0.205266893 0.542277575
vn -0.370446891 0.928736031 -0.0147825563
vn -0.451179385 0.892016113 -0.027282374
vn -0.390075922 0.908316255 -0.151003882
vn -0.502751648 0.85943979 -0.0927576944
vn -0.501291871 0.845953345 -0.181849808
vn -0.445810586 0.858642936 -0.252953261
vn -0.361899257 0.891807199 -0.271493673
vn -0.290293515 0.929360271 -0.228077233
vn -0.265250742 0.953347027 -0.144122794
vn -0.297150433 0.952928603 -0.0602392517
vn -0.268583864 0.801695168 0.533992171
vn -0.442510784 0.732685208 0.517065346
vn -0.468422323 0.562882066 0.680987656
vn -0.162134752 0.680395603 0.714684665
vn -0.591264546 0.722098112 0.359138548
vn -0.78438133 0.491639793 0.378201306
vn -0.605328023 0.771828055 0.194575414
vn -0.835078895 0.550000072 -0.0119608315
vn -0.527450383 0.846539855 0.0718769282
vn -0.722176194 0.649359167 -0.238315254
vn -0.341975778 0.939051032 0.0351520851
vn -0.234574273 0.892178774 -0.385994822
vn -0.165870786 0.981675029 0.0938147753
vn 0.132117599 0.982504964 -0.131259114
vn -0.120665297 0.929160833 0.349428177
vn 0.239919469 0.944331825 0.225113466
vn -0.204757154 0.839873016 0.502680719
vn 0.0899612159 0.807447791 0.583039343
vn -0.478705019 0.756682158 0.445279121
vn -0.258255064 0.842131555 0.473411858
vn -0.73465687 0.667078555 0.12363483
vn -0.802622497 0.553638101 -0.221995607
vn -0.684036732 0.593865156 -0.423577517
vn -0.125031948 0.812438846 -0.569482386
vn 0.28885597 0.885251164 -0.364544421
vn 0.258769274 0.9632833 -0.0715804398
vn -0.00205415324 0.947297156 0.320349634
vn -0.444928795 0.892463446 0.0744809806
vn -0.361425787 0.925651908 0.111981675
vn -0.52438885 0.849385142 -0.0596750788
vn -0.568723619 0.798787475 -0.196193516
vn -0.50168699 0.811055124 -0.300831646
vn -0.259785205 0.887942255 -0.379565746
vn -0.0171649344 0.935116529 -0.353924215
vn -0.0681907088 0.980737507 -0.183040753
vn -0.24493964 0.969424129 0.0148820803
vn 0.814739525 0.205266878 0.542277575
vn 0.77126205 0.189371914 0.607694864
vn 0.76794225 0.187667146 0.61240977
vn 0.768718362 0.186982617 0.611644924
vn 0.765392065 0.18380563 0.616758168
vn 0.57489866 0.176230922 0.799020767
vn 0.768718362 0.186982602 0.611644924
vn 0.768963695 0.187214509 0.611265659
vn 0.426401138 0.161493286 0.890001178
vn 0.413551927 0.160053983 0.896302164
vn 0.338918865 0.151242673 0.92857945
vn -0.847042739 0.0546507798 -0.528707802
vn -0.82807827 0.0545959398 -0.557947874
vn -0.814589322 0.0545452684 -0.577467918
vn -0.776363313 0.0614323243 -0.627284765
vn -0.419654161 0.0944700614 -0.902754605
vn -0.405698508 0.0953072011 -0.909024358
vn -0.352572531 0.105061367 -0.929868162
vn -0.0452317148 0.487935483 -0.871707022
vn -0.334299386 0.108371802 -0.93621552
vn -0.264888078 0.120479897 -0.956722915
vn 0.0913351923 0.672636032 -0.734315097
vn 0.187296927 0.775176167 -0.603342116
vn 0.948326051 0.184832573 -0.2579045
vn 0.961160958 0.188855484 -0.201254353
vn 0.191659823 0.813948631 -0.548410594
vn 0.586039007 0.735914648 -0.339098662
vn 0.931381464 0.190319136 -0.310333997
vn 0.943430781 0.186486021 -0.274155825
vn 0.941773713 0.323016405 -0.093395263
vn 0.960796833 0.190731972 -0.201223433
vn 0.695149183 0.677094579 0.241475627
vn 0.794336498 0.537152648 0.283719152
vn 0.641329646 0.65312922 0.402639687
vn 0.941773713 0.323016405 -0.0933952779
vn 0.817865968 0.552738309 0.159923702
vn 0.621588826 0.662787616 0.417540222
vn 0.28492704 0.824057341 0.489638567
vn 0.340169162 0.655895352 0.673859239
vn -0.119895682 0.677536309 0.725651145
vn -0.104530908 0.994245529 -0.0234336164
vn -0.0701837614 0.995676041 -0.0608573928
vn 0.169608444 0.684704959 0.708810389
vn 0.0325743854 0.708360672 0.705098569
vn -0.253451675 0.880895376 0.399731964
vn -0.257993519 0.88884306 0.378678322
vn -0.339286447 0.908821046 0.242753148
vn -0.384620875 0.89029336 0.243812799
vn -0.430273503 0.868910909 0.244660139
vn -0.821374178 0.204061612 0.532638192
vn -0.848487079 0.119030893 0.515656352
vn -0.971691191 0.234004095 0.032530345
vn -0.380417168 0.900255978 -0.211712062
vn -0.996060312 0.0472717322 -0.0750291273
vn -0.070183754 0.995675981 -0.0608573854
vn -0.971691191 0.234004095 0.032530345
vn -0.970363379 0.241616711 -0.00405035121
vn -0.988708198 0.144544616 -0.0395339467
vn -0.997340083 0.0482684672 -0.0546165071
vn -0.253451675 0.880895317 0.399731964
vn -0.156719401 0.733482182 0.661394775
vn -0.175126851 0.135896087 0.975121975
vn -0.363637805 0.135690421 0.921604931
vn 0.666805744 0.200941578 0.71762979
vn 0.571968198 0.19408077 0.796984971
vn 0.395949423 0.17875044 0.90070653
vn 0.00263088569 0.153558627 0.988135993
vn -0.104015909 0.142757758 0.984276831
vn -0.439126343 0.641347229 0.629159629
vn -0.41642803 0.400522977 0.816191852
vn -0.325464517 0.800688744 0.502961636
vn -0.394154578 0.906618953 -0.150612712
vn -0.198716164 0.976975262 -0.0776607543
vn -0.243816197 0.961929917 -0.123468757
vn -0.297041923 0.933961391 -0.198701218
vn -0.365941644 0.884956956 -0.287989646
vn -0.20750083 0.974824846 -0.0816075727
vn -0.165987879 0.982299864 -0.0868042037
vn -0.152664647 0.988163114 -0.0150732342
vn -0.223251641 0.9686746 0.108757891
vn -0.375424296 0.92470938 0.0630017221
vn -0.542297959 0.838148236 -0.0584856756
vn -0.253451675 0.880895376 0.399731964
vn -0.244108155 0.889483571 0.386303365
vn -0.551215589 0.821247339 -0.147357523
vn -0.424838185 0.891898572 -0.155014038
vn 0.11469952 0.991671026 -0.0585878752
vn 0.12938115 0.989727378 -0.0608297661
vn 0.977597475 0.201317385 -0.0614370964
vn 0.97995162 0.198694512 -0.0146767646
vn 0.964195251 0.204507783 0.168831959
vn 0.956623077 0.20525074 0.206747249
vn 0.221173227 0.973380327 -0.0601095334
vn 0.480711013 0.87632668 -0.0311205424
vn 0.49939537 0.866291285 -0.0119909281
vn 0.502145767 0.864783108 2.36628221e-05
vn 0.520929754 0.853313625 0.0220959745
vn 0.934541583 0.342007965 -0.0982982591
vn 0.941773713 0.323016405 -0.093395263
vn 0.0310077313 0.125186279 0.991648614
vn 0.765421808 0.186741695 0.615838468
vn -0.327839851 0.725533545 -0.605080307
vn -0.278114736 0.745454252 -0.605764091
vn -0.276822627 0.778986752 -0.562626719
vn -0.269208074 0.793570518 -0.54568553
vn -0.302304626 0.820029855 -0.485965967
vn -0.351335526 0.775951266 -0.523892105
vn -0.409068227 0.673962712 -0.615172625
vn -0.188164204 0.783715606 -0.591932595
vn -0.167140126 0.63261503 -0.75621587
vn -0.401457071 0.544344723 -0.736560345
vn -0.134256601 0.918278635 -0.37247774
vn -0.126719952 0.844756186 -0.519931734
vn -0.344412267 0.884636462 -0.314322203
vn -0.317857742 0.880082607 -0.35273394
vn -0.515876591 0.748700142 -0.41631645
vn -0.504903495 0.717029333 -0.48056367
vn -0.360576928 0.881140471 -0.305901617
vn -0.328167111 0.895892322 -0.299471825
vn -0.424654365 0.829540491 -0.362672418
vn -0.369698107 0.865250885 -0.33862114
vn -0.36760819 0.862384737 -0.348075956
vn -0.375193417 0.887577236 -0.267276138
vn -0.371978819 0.879804969 -0.295930594
vn -0.370616108 0.876515031 -0.307188898
vn -0.365088314 0.879009306 -0.306680769
vn -0.344750017 0.914729238 -0.210755572
vn -0.329738677 0.902466059 -0.277177662
vn -0.334531814 0.908073008 -0.251975924
vn -0.347217441 0.913989425 -0.209913075
vn -0.352808326 0.910933495 -0.213837057
vn -0.334542453 0.925827563 -0.175854221
vn -0.356635183 0.871340454 -0.337012023
vn -0.364715993 0.860828221 -0.354904085
vn -0.367320806 0.856194019 -0.36332801
vn -0.367907465 0.855844259 -0.363558382
vn -0.464159846 0.808607459 -0.361537665
vn -0.405712575 0.844399333 -0.349838465
vn -0.460680008 0.804121196 -0.375716925
vn -0.428520262 0.826752961 -0.364485681
vn 0.591059327 -0.121969946 -0.797353387
vn 0.727147937 -0.0604691692 -0.68381232
vn 0.598910272 0.0196927395 -0.800574005
vn 0.660716236 0.102180541 -0.743648529
vn 0.475541115 0.111768425 -0.872564316
vn 0.430839956 -0.0299704894 -0.901930571
vn 0.579076231 -0.154092774 -0.800578654
vn 0.694286704 -0.123266645 -0.709063768
vn 0.664219737 -0.166002363 -0.728872657
vn 0.529322505 -0.239855871 -0.81381011
vn 0.610090137 -0.00436521834 -0.792319953
vn 0.757025838 -0.0801528767 -0.648449957
vn 0.677799344 -0.0807366073 -0.730800629
vn 0.50072819 -0.0645197332 -0.863196731
vn 0.365854561 -0.106041275 -0.924611092
vn 0.422281116 0.0188781284 -0.906268418
vn 0.782290399 -0.080807969 -0.61765033
vn 0.715089142 -0.0414960384 -0.697800517
vn 0.529954553 -0.00619974034 -0.848003447
vn 0.567487657 -0.0284994822 -0.822888553
vn 0.627952039 -0.024635097 -0.777862132
vn 0.646496117 -0.0672930405 -0.759943664
vn 0.567825019 -0.0369321257 -0.822320282
vn 0.0531734228 0.801729977 0.59531641
vn -0.0871921703 0.917128384 0.388938457
vn 0.0708552226 0.95420444 0.290643215
vn 0.0587864853 0.972118974 0.227000013
vn 0.301873118 0.920238495 0.249065772
vn 0.353430271 0.793772101 0.494987786
vn -0.265948117 -0.462110162 0.846005797
vn -0.99966085 0.0222324301 0.0135612497
vn -0.996677041 0.0565977022 0.058580637
vn -0.259002656 -0.390518427 0.883409917
vn -0.332714379 0.490410447 -0.80548048
vn -0.319395334 0.45187512 -0.832943916
vn 0.786423087 0.322603196 -0.526750505
vn 0.794671237 0.249634922 -0.553335488
vn 0.827985704 -0.265750319 0.493777752
vn 0.82929045 -0.26426217 0.492385089
vn -0.984755993 0.0764367357 0.156247228
vn -0.243131459 -0.271352351 0.931265295
vn -0.296789408 0.383487642 -0.874558926
vn 0.817938626 0.160526454 -0.5524562
vn 0.828585982 -0.218851909 0.515314579
vn -0.636401892 0.630099177 0.44493556
vn -0.0906836241 0.245013595 0.965269387
vn -0.0899967924 0.955591202 -0.280617356
vn 0.768545449 0.625133574 -0.136183307
vn 0.721192598 0.276483208 0.635167956
vn -0.0593968146 0.90395838 0.423475206
vn -0.274760962 0.936828494 0.216468975
vn -0.228950009 0.971244633 0.0653123334
vn -0.282103151 0.957624137 -0.0580847822
vn -0.0751083121 0.990151048 -0.118151195
vn 0.112998664 0.975478649 0.188872173
vn -0.108575232 0.523956656 0.84479624
vn -0.384160399 0.566077173 0.729367793
vn -0.538126647 0.615737855 0.575574994
vn 0.144907653 0.521384537 0.840928078
vn -0.374803752 0.771607995 0.513948679
vn -0.452725768 0.887687087 -0.0839693993
vn -0.0809290931 0.874533057 0.478165746
vn 0.0991569087 0.98643589 0.130813912
vn 0.110625267 0.71728909 0.687937737
vn 0.509446561 0.556001782 0.656754375
vn -0.648343861 0.0575090796 0.759172618
vn 0.0732603446 0.0945489258 0.992820919
vn -0.899868309 0.426847756 -0.0896554515
vn 0.298220426 0.865356326 -0.402769208
vn 0.707184851 0.421378821 0.567740679
vn -0.742674172 -0.0944121107 0.662964046
vn 0.0768011734 0.0843080357 0.993475556
vn -0.91398567 0.0277225357 -0.404798299
vn 0.382449418 0.472322077 -0.79413116
vn 0.797080219 0.367659122 0.479050905
vn -0.592685163 0.595247209 0.542591095
vn 0.104851782 0.486056596 0.867614567
vn -0.641743541 0.647171974 -0.411501914
vn 0.233403161 0.786868393 -0.571280181
vn 0.643638968 0.670369625 0.369233698
vn -0.0271597486 0.831902087 0.554257393
vn -0.0964783132 0.824831605 0.557085931
vn -0.202403232 0.807733536 0.553714216
vn -0.431969523 0.80334419 0.409927458
vn -0.545045674 0.775492251 0.318648726
vn -0.581242025 0.777670681 0.23955372
vn -0.568815172 0.752437234 0.332095683
vn -0.568061829 0.727166414 0.385402054
vn -0.567413688 0.726293027 0.387994766
vn -0.195003137 0.749891937 0.632167757
vn -0.185516268 0.751644194 0.632941246
vn 0.108650029 0.777921677 0.618896663
vn 0.189324185 0.782205582 0.593557775
vn 0.244749501 0.794715106 0.555450797
vn 0.465341866 0.809369028 0.358299881
vn 0.290377706 0.828177452 0.479377687
vn 0.148769394 0.81784308 0.555877924
vn -0.0590829402 0.944857359 -0.32210806
vn 0.304744601 0.869518936 -0.388674051
vn 0.161170125 0.982537866 -0.0929699093
vn 0.483905494 0.875119686 -0.000905710156
vn 0.217267603 0.920137346 0.32579428
vn -0.145137593 0.984048724 0.10287419
vn -0.764618874 0.00964541268 -0.644410551
vn -0.578384519 0.135667413 -0.804403961
vn 0.971119523 0.217366859 0.0983789116
vn 0.515781879 -0.367124081 0.774073005
vn -0.575228274 0.427670598 -0.697287858
vn 0.750808001 0.500650525 0.430855304
vn -0.794842184 0.437888086 -0.420095265
vn 0.340726584 0.499091178 0.796751738
vn -0.891872227 0.169386327 -0.419371247
vn -0.489550799 0.125767142 0.862857282
vn 0.607422709 0.522145391 -0.598666728
vn -0.959106505 0.0700992867 -0.274227917
vn 0.681942463 0.623458266 0.382432222
vn 0.0317814499 0.499920458 0.865487933
vn -0.700228274 0.228273302 0.676440358
vn 0.562267542 0.205144614 -0.801106036
vn -0.846051276 0.0904932991 -0.525364816
vn 0.879753351 0.336722404 0.335636795
vn 0.080886893 0.320825607 0.943678021
vn -0.800177217 0.191169143 0.568481147
vn 0.494929552 0.0262296982 -0.868537128
vn -0.573298335 0.0832721144 -0.815104187
vn 0.997613668 0.0210140254 0.0657688603
vn 0.244021565 0.0703949928 0.967211485
vn -0.910830438 0.126860023 0.392803341
vn 0.398247987 0.0146339349 -0.917160988
vn -0.62993145 0.147998482 -0.762419045
vn 0.991117418 -0.02307266 0.130972311
vn 0.0681314319 0.0946926922 0.993172407
vn -0.887317598 0.200163454 0.41545403
vn 0.423877776 0.356722116 -0.832512498
vn -0.447219223 0.588130236 -0.673867881
vn 0.89691788 0.430606127 0.100581989
vn 0.172455788 0.491980612 0.853354573
vn -0.659284711 0.649853468 0.378198326
vn -0.110348634 0.183988303 -0.976714611
vn 0.513794482 0.20106855 -0.834018469
vn -0.544513166 0.304853618 -0.781389713
vn -0.174701467 0.201895982 -0.963699818
vn -0.114465013 0.183624595 -0.976309299
vn -0.115715623 0.157366663 -0.980737269
vn -0.323491454 0.19992654 -0.924868941
vn -0.0116874762 0.168086857 -0.985702872
vn -0.895050704 0.402933985 -0.191124067
vn -0.902511418 0.416876793 -0.108105533
vn -0.624898851 0.262787163 -0.735149205
vn -0.750962496 0.283565313 -0.596360683
vn -0.89867425 0.429784745 -0.087575987
vn -0.883910298 0.466479123 -0.0331626311
vn -0.744560361 0.324058324 -0.583623111
vn -0.7406528 0.323730975 -0.588754296
vn -0.697243452 0.319734931 -0.641577005
vn -0.890073657 0.448195696 -0.0830034837
vn -0.889955878 0.447862774 -0.0860087872
vn 0.478129387 0.86898154 -0.127528235
vn 0.372789443 0.905823112 0.201277435
vn 0.221979022 0.974973798 0.0122999456
vn 0.0758809224 0.962644756 0.259917885
vn -0.0658847839 0.994624913 -0.079877466
vn 0.228495419 0.902955651 -0.363951921
vn -0.122233726 0.813054621 0.569210887
vn 0.714169502 -0.231111974 0.660718679
vn 0.571408689 0.356777936 0.739054441
vn 0.124778204 0.992081344 -0.0143155446
vn -0.194593772 0.720428526 0.66566962
vn -0.275981098 0.864689231 0.419698626
vn -0.230731636 0.935144365 0.268827021
vn -0.234908581 0.710382223 0.663456798
vn -0.194734082 0.720596135 0.665447116
vn -0.129338935 0.758668542 0.638508797
vn 0.012290528 0.823589742 0.567052662
vn 0.048173517 0.87244612 0.486330241
vn 0.131998003 0.954561532 0.26718688
vn 0.101167433 0.981824338 0.16058059
vn 0.0356709622 0.997902989 -0.0540104471
vn 0.722411036 0.37143743 0.583229363
vn 0.949027658 0.270047277 -0.16254583
vn 0.030881688 0.714270949 0.699187517
vn -0.333798856 0.942275107 0.0263799746
vn -0.371937364 0.791617453 -0.484772474
vn 0.396184415 0.628442109 -0.669401526
vn 0.622386813 0.598923266 0.503910363
vn 0.846056223 0.507793903 -0.162278056
vn -0.0389384553 0.721703649 0.691106141
vn -0.525677562 0.845615864 -0.0927197784
vn 0.35950619 0.566933274 -0.741176128
vn -0.121784747 0.81289053 0.569541395
vn -0.0795265064 0.996654332 -0.0188605618
vn 0.0248945598 0.998399019 -0.0507911704
vn -0.0464207493 0.998917341 0.00305112707
vn -0.0250864346 0.992718995 0.117811985
vn 0.0105986316 0.950841188 0.309497505
vn -0.018317055 0.915744662 0.401342899
vn -0.0718224421 0.834977865 0.545576155
vn 0.000373647723 0.985189736 0.171467245
vn -0.0861050487 0.972648084 -0.215734839
vn 0.235561043 0.970544279 -0.0505446494
vn 0.283492863 0.872948825 -0.396978766
vn 0.601455271 0.792556763 -0.100525051
vn 0.409630597 0.876167893 0.254032701
vn -0.822382689 -0.226161182 0.522051513
vn -0.936114609 -0.0476401486 0.348453254
vn -0.986325085 -0.139746353 0.0873718932
vn -0.728945136 -0.459825069 0.507148743
vn -0.87248522 0.22460255 0.433962345
vn -0.853331923 0.515543699 0.0777127296
vn -0.697499931 0.253328472 0.670312345
vn -0.319343984 0.549879193 0.77178514
vn -0.664705515 -0.0628610998 0.744456291
vn -0.308529764 -0.19634892 0.930729032
vn -0.996678829 0.0576354861 0.0575280041
vn -0.602086246 -0.245261788 0.75982815
vn -0.14360927 0.917051673 -0.372011542
vn 0.618344545 0.564588904 0.54670769
vn 0.140729442 -0.0143207088 0.989944577
vn -0.967521429 0.19312413 -0.163111567
vn -0.666051626 -0.0863740444 0.74088788
vn 0.0770710707 0.511127412 -0.856042445
vn 0.961638451 0.216009215 0.169089988
vn 0.261596322 -0.10028597 0.959953189
vn -0.922696471 0.222677216 -0.314715862
vn -0.675659657 0.0934639052 0.731265068
vn 0.111936264 0.146510541 -0.982855499
vn 0.997389078 -0.0567429475 -0.044667054
vn 0.356950551 -0.0605917238 0.932156026
vn -0.941456854 0.112951979 -0.317648858
vn -0.640550435 0.190561563 0.743896127
vn 0.171983495 -0.0619079955 -0.983152628
vn 0.995395184 -0.0842851847 -0.0456561744
vn 0.441956371 0.0646187514 0.894706011
vn -0.943727612 0.160914257 -0.288937092
vn -0.682081103 0.19820413 0.703903615
vn 0.123911545 -0.0692973733 -0.989870548
vn 0.990730464 -0.134971365 -0.0153595395
vn 0.414565295 0.0376617052 0.909239888
vn -0.683523893 0.641550004 -0.348150373
vn -0.463675976 0.679652274 0.568398833
vn 0.259297937 0.453602195 -0.852648616
vn 0.977848232 0.197972223 -0.0679700971
vn 0.529733181 0.410753489 0.742067635
vn -0.904602766 0.217959344 0.366316259
vn -0.966696382 0.178742647 0.183164254
vn -0.99256736 0.107242979 -0.0575229228
vn -0.885089457 0.255358607 0.389112681
vn -0.647024572 0.301432669 0.700355291
vn -0.393980175 0.39529705 0.829770923
vn -0.984204531 0.126544103 0.123805866
vn -0.88754338 0.152328819 0.434813261
vn 0.137787208 0.718742788 0.681486309
vn 0.326456457 0.833728075 0.445335388
vn 0.355861723 0.845316231 0.398500741
vn -0.288778394 0.432321697 0.854227722
vn -0.0462231934 0.6181283 0.784717023
vn 0.331189752 0.838744104 0.432228565
vn 0.151607305 0.748936772 0.64506501
vn 0.0717924163 0.732434273 0.677041948
vn -0.000974731636 0.708563149 0.705646813
vn -0.449727595 0.480464011 0.752927125
vn -0.287119329 0.51640588 0.806776047
vn -0.022749858 0.999371469 0.0271834843
vn -0.113530159 0.992909431 0.0352404341
vn -0.0494601354 0.993746519 -0.100107089
vn -0.229675621 0.965347528 -0.123907655
vn -0.178291425 0.962990165 -0.202143505
vn -0.0853997916 0.992606819 -0.0862462819
vn 0.812230885 0.278264701 0.512688696
vn 0.648254216 0.372527331 0.664070606
vn 0.36397323 0.288048983 0.885748982
vn 0.810424924 0.0882159024 0.579162657
vn 0.63736707 0.571770072 0.516567528
vn -0.00178964075 0.868475735 0.495728374
vn 0.8485834 0.494673312 0.187628835
vn 0.685145199 0.658140361 -0.312133402
vn 0.909209251 0.321862936 0.264088631
vn 0.981454015 0.187186167 0.0413440615
vn -0.102466539 0.431888551 0.896087527
vn 0.724177659 0.252808332 0.641603172
vn -0.666551173 0.727223516 0.16387634
vn 0.0326674581 0.704167724 -0.709281683
vn 0.90044862 0.366747707 -0.233856201
vn -0.202222824 0.339157969 0.918737113
vn 0.727135003 0.249119982 0.639698327
vn -0.918950081 0.387507588 0.0732701793
vn -0.122107238 0.293980211 -0.947979629
vn 0.905735731 0.209368527 -0.368520856
vn -0.230603054 0.262800574 0.936887503
vn 0.692682862 0.242212415 0.679355204
vn -0.986724436 0.161700025 0.0150954844
vn -0.210456237 0.0540017374 -0.976110578
vn 0.882404506 0.118270598 -0.455383748
vn -0.243465528 0.768183589 0.592130542
vn 0.344067365 0.803339541 0.486068994
vn -0.703019679 0.702694118 -0.109473653
vn -0.355798572 0.622533739 -0.697035849
vn 0.285963953 0.911736906 -0.294890493
vn 0.650378942 0.483813435 0.585603774
vn 0.224508226 0.423449188 0.877659917
vn 0.0759001002 0.39647153 0.914904177
vn 0.747999609 0.474872619 0.463672757
vn 0.220682696 0.417610973 0.88141942
vn 0.453255832 0.450512826 0.769153774
vn 0.465620577 0.451480061 0.761159122
vn 0.917018533 0.328744531 -0.225840956
vn 0.894338131 0.301911414 -0.330164701
vn 0.779336989 0.447508186 0.438600361
vn 0.866425931 0.432471722 0.249548391
vn 0.728431642 0.198514253 -0.655728221
vn 0.909151077 0.354261637 -0.218959093
vn 0.909686923 0.415259808 0.00538928295
vn 0.764561415 0.471265286 0.439721346
vn -0.085035041 0.991908193 -0.0942719132
vn -0.00513046747 0.99462384 -0.103427298
vn -0.0771153569 0.993302286 -0.0860459134
vn 0.10233286 0.989332616 -0.103677496
vn 0.0399929434 0.996323824 -0.0757588893
vn -0.0629070327 0.994336069 -0.0856646299
vn -0.765920222 0.29348883 -0.572040737
vn -0.546478868 0.386493951 -0.742955744
vn -0.334988266 0.324404895 -0.884615481
vn -0.894016922 0.146878913 -0.423273653
vn -0.389705807 0.649158835 -0.653239787
vn 0.249471024 0.701290131 -0.667799652
vn -0.529902279 0.766088188 -0.363747895
vn -0.31680581 0.920606613 0.228292421
vn -0.825940788 0.451000243 -0.338261396
vn -0.871615052 0.211248055 0.442336321
vn -0.0208176747 0.195304185 -0.980521739
vn -0.97827363 -0.0290269144 -0.205275893
vn 0.696062505 0.48753041 -0.527077854
vn -0.0799506232 0.561053514 0.823909461
vn -0.796648443 0.156206071 0.583910048
vn -0.0383250341 0.045479361 -0.998229861
vn -0.801735759 -0.0489211828 -0.595673263
vn 0.824617386 0.362304837 -0.434443742
vn 0.482116938 0.525662839 0.700886548
vn -0.695180357 0.252242476 0.673125446
vn -0.052239757 -0.0161153097 -0.998504519
vn -0.819256485 -0.123329684 -0.560007691
vn 0.890473962 0.294153333 -0.347174108
vn 0.517335117 0.365319312 0.773890316
vn -0.636287272 0.10887289 0.763731241
vn 0.0970332325 -0.0106460005 -0.995224178
vn -0.843053997 -0.085093841 -0.531054437
vn 0.941608429 0.164573029 -0.293750376
vn 0.639410317 0.2244436 0.735377192
vn -0.583184898 0.0761945918 0.80875808
vn 0.183516979 0.762997448 -0.619803548
vn -0.542804062 0.763112605 -0.350746036
vn 0.676692069 0.703831255 -0.216123492
vn 0.495601058 0.813799202 0.303497016
vn -0.314735502 0.888311863 0.334430277
vn -0.646232963 -0.0849721655 -0.758394837
vn -0.147458613 -0.0353713334 -0.988435566
vn -0.950846493 -0.201658413 -0.234999597
vn -0.940553546 -0.201488435 -0.273425519
vn -0.692442894 -0.0939859748 -0.71532464
vn 0.301170826 0.201514199 -0.932034373
vn 0.109301336 0.172309309 -0.978960037
vn 0.226781592 0.171701133 -0.95869118
vn -0.705461621 0.239320695 -0.667120218
vn -0.838804007 0.211241171 -0.501781881
vn 0.248274878 0.206415445 -0.946441889
vn 0.107558049 0.210451052 -0.971669495
vn -0.4486444 0.264538378 -0.853661418
vn -0.900812685 -0.0633053109 0.429568231
vn -0.878534079 -0.0648313835 0.473259687
vn -0.664140344 -0.0110083157 0.747527003
vn -0.709010541 -0.0225009266 0.704838812
vn -0.964236796 0.104768686 -0.243456006
vn -0.999311745 0.0292054284 -0.0228726622
vn -0.978003979 -0.189810053 -0.0864888877
vn -0.977352977 -0.191470623 -0.0901121646
vn -0.973857045 -0.196890652 -0.113298513
vn -0.789110243 -0.0589928888 0.611412168
vn -0.877114594 -0.0784195289 0.473835766
vn -0.889564157 -0.0799507722 0.449759334
vn -0.280371279 0.735151291 -0.61720711
vn -0.233598873 0.758297682 -0.6086182
vn -0.242286518 0.793056369 -0.5588907
vn -0.243038461 0.801407754 -0.546514273
vn -0.292572409 0.8196702 -0.492485553
vn -0.327051461 0.775296092 -0.540326953
vn 0.422432661 0.158548012 -0.892419815
vn 0.442548722 0.175003305 -0.879502475
vn 0.306751639 0.250984371 -0.91810143
vn 0.137922525 0.172002584 -0.975393534
vn 0.368086606 0.42059657 -0.829222977
vn 0.50675559 0.19195351 -0.840447843
vn 0.511024356 0.189031899 -0.83852309
vn 0.506477058 0.184402749 -0.842304289
vn 0.512299597 0.186109617 -0.838398635
vn 0.460926175 0.148746997 -0.874883652
vn 0.459630132 0.146269858 -0.875982404
vn -0.0982204601 0.627495766 -0.772400022
vn -0.33160916 0.513880551 -0.79117775
vn -0.120052524 0.830883741 -0.543340981
vn 0.188775808 0.462055534 -0.866526663
vn -0.355135679 0.835226834 -0.419850737
vn 0.0184396077 0.283927828 -0.958668292
vn -0.500490904 0.660183668 -0.56005913
vn 0.398283899 0.134309471 -0.907375813
vn 0.307440877 0.175425306 -0.935257196
vn 0.295344234 0.182069138 -0.937882006
vn 0.268710583 0.197922796 -0.942667007
vn 0.409712642 0.13692221 -0.901880085
vn 0.31645304 0.143967509 -0.937619746
vn 0.317887962 0.142822653 -0.937309504
vn 0.322582424 0.137007773 -0.936573327
vn 0.32984817 0.139085874 -0.933731973
vn 0.336711287 0.140913457 -0.931004226
vn 0.339337915 0.140770912 -0.930071652
vn 0.404343158 0.140747234 -0.903712749
vn 0.41182217 0.147992 -0.899166763
vn 0.514267206 0.187643215 -0.836850822
vn 0.512299597 0.186109617 -0.838398635
vn 0.521270573 0.641404629 0.562918484
vn 0.383645743 0.687122583 0.61699158
vn 0.34692359 0.775633991 0.527291059
vn 0.219437063 0.790010214 0.572478294
vn 0.208356991 0.865680873 0.455174744
vn 0.434226036 0.789632559 0.433506817
vn 0.516830742 0.613707721 0.596865773
vn 0.353825867 0.685745418 0.636050701
vn 0.335294873 0.569450319 0.750535607
vn 0.481837779 0.572265208 0.663584888
vn 0.219512954 0.825695336 0.519655049
vn 0.127431065 0.763600826 0.632989049
vn 0.344412506 0.792961419 0.50258559
vn 0.21649228 0.851903975 0.476855129
vn 0.458692551 0.746523499 0.481979072
vn 0.565663695 0.623324454 0.53989923
vn 0.622636497 0.561000228 0.545529723
vn 0.563052833 0.212564647 -0.79861629
vn 0.577292562 0.220613286 -0.786169827
vn 0.655255616 0.437693536 -0.615682065
vn 0.341606319 0.938988805 0.0400627218
vn 0.374494374 0.926803231 -0.0281023718
vn 0.397063017 0.899821401 -0.18072772
vn 0.392629057 0.562418759 -0.727686465
vn 0.358096302 0.423026711 -0.83235532
vn 0.439241737 0.154448032 -0.884992898
vn 0.514267206 0.187643185 -0.836850822
vn 0.245813653 0.966605902 0.0724484846
vn 0.292500138 0.945322394 0.144254461
vn 0.335052311 0.940548062 0.0557601191
vn 0.655314505 0.437810183 -0.615536451
vn 0.664593399 0.455384463 -0.592402458
vn 0.700280607 0.535878778 -0.471636593
vn 0.703653157 0.52507025 -0.478720516
vn 0.498131812 0.138573319 -0.855956793
vn 0.269091845 0.906269312 -0.325983942
vn 0.265433967 0.96238488 -0.0579676516
vn 0.26394698 0.964270771 -0.0226672962
vn 0.25919193 0.965820611 0.00318306009
vn 0.264723778 0.963478625 0.0403774418
vn 0.703992009 0.515401781 -0.488626957
vn 0.680137098 0.354629606 -0.641600549
vn 0.675470233 0.33979696 -0.654429555
vn 0.636572123 0.235492095 -0.734383762
vn 0.616251588 0.221630812 -0.755720675
vn 0.515461922 0.150792643 -0.84354049
vn 0.468562543 0.14669998 -0.871164918
vn 0.217698663 0.270583808 -0.937758863
vn 0.218098685 0.270874947 -0.937581778
vn 0.219657049 0.278397053 -0.935011148
vn 0.240659982 0.391218007 -0.888274312
vn 0.226115137 0.277369916 -0.93377614
vn 0.219265029 0.270551473 -0.937403202
vn 0.67274642 0.562255442 0.480916828
vn 0.608834267 0.634829521 0.475723028
vn 0.48697713 0.741862059 0.460970521
vn 0.266960829 0.9346928 0.234694034
vn 0.268673539 0.935811341 0.22819224
vn 0.271994978 0.937837541 0.215591103
vn 0.408743829 0.778538227 0.476242214
vn 0.361041635 0.834209919 0.41682443
vn 0.258114636 0.95593667 0.139864296
vn 0.256740451 0.939785063 0.225584656
vn 0.257220387 0.935627759 0.24174051
vn 0.332837343 0.84437865 0.419814229
vn 0.388738453 0.765249491 0.513103843
vn 0.441920549 0.719686925 0.53549695
vn 0.52024889 0.662512064 0.538905263
vn 0.680459082 0.516156375 0.520151913
vn 0.513662934 0.187586263 -0.837234616
vn -0.754450977 0.339993924 0.561433852
vn -0.814971864 0.386947274 0.431384683
vn -0.752121031 0.375064075 0.541886508
vn -0.764780879 0.461742312 0.449337572
vn -0.680400789 0.477963805 0.55552268
vn -0.660772443 0.409123212 0.629283726
vn -0.85997653 -0.111899957 0.497914314
vn -0.858042598 -0.0709550157 0.508653402
vn -0.888670981 -0.00900292862 0.458456933
vn -0.899380088 -0.12274421 0.419582278
vn -0.815434396 -0.000146977676 0.578849435
vn -0.839919865 -0.093538709 0.534588933
vn -0.840735793 -0.0900170207 0.533910453
vn -0.841065764 -0.0885783881 0.533631265
vn -0.768470764 0.381207526 0.513939202
vn -0.671777368 0.446725577 0.590890348
vn -0.943062842 -0.0367274843 0.330580503
vn -0.947360694 -0.0350566544 0.318243325
vn -0.898586512 0.0124923605 0.438618541
vn -0.894126296 0.0125297615 0.447639585
vn -0.725319088 -0.0212882366 0.688083589
vn -0.7787112 0.0185795426 0.627107382
vn -0.844868183 -0.0500600189 0.532627344
vn -0.885688722 -0.102934308 0.452724963
vn -0.852636695 -0.102255985 0.512400568
vn -0.839968026 -0.0933320895 0.534549356
vn -0.839913309 -0.0935663655 0.534594238
vn -0.851382017 -0.102340274 0.514465868
vn -0.837614715 -0.103226766 0.53641957
vn -0.687364638 -0.0396186784 0.725231111
vn -0.682485342 -0.0379158333 0.729915202
vn -0.666193068 -0.00350547209 0.745770991
vn -0.65001905 0.0730385333 0.756399691
vn -0.660586953 0.144626573 0.736687243
vn -0.662358999 0.161398113 0.731595039
vn -0.663357913 0.165751472 0.729714215
vn -0.664534032 0.166423559 0.728489995
vn -0.665046394 0.170029953 0.727188528
vn -0.66610229 0.171836108 0.725796223
vn -0.674245119 0.15589264 0.721866369
vn -0.768372536 0.0704350397 0.636115253
vn -0.792151093 0.0667927638 0.606659114
vn -0.831959605 0.0617911145 0.551384747
vn -0.707375109 -0.030892102 0.706163049
vn -0.73583281 0.0331271738 0.676352501
vn -0.744972885 0.0300984643 0.666415453
vn -0.744898736 0.0540622249 0.66498363
vn -0.919727147 0.00631172583 0.392507404
vn -0.716849089 -0.025859274 0.696748555
vn -0.700412333 -0.0345389135 0.712902248
vn -0.704989016 -0.000253624399 0.709218264
vn -0.801230013 0.106174521 0.588861048
vn -0.690727174 0.136571944 0.710101545
vn -0.747868061 0.256786615 0.612171471
vn -0.622155368 0.228687808 0.74874872
vn -0.588949919 0.0667887777 0.805404961
vn -0.673704088 -0.0215022247 0.73868835
vn -0.829127848 0.0835282132 0.552783847
vn -0.64204669 0.243991226 0.726804137
vn -0.640368044 0.0807876438 0.763807595
vn -0.644742608 0.0717607737 0.761023879
vn -0.743335903 0.0398181342 0.667732179
vn -0.634027839 0.284350961 0.719133675
vn -0.767395854 0.175979644 0.616550803
vn -0.564644516 -0.00804327615 0.825294971
vn -0.662571967 -0.120337948 0.739267945
vn -0.717232466 -0.00516015291 0.696814835
vn -0.717232585 -0.00516015291 0.696814835
vn -0.781307936 0.00875429902 0.624084234
vn -0.839807868 -0.0940175727 0.534680724
vn -0.877365589 -0.085201785 0.472197294
vn -0.717232525 -0.00516016781 0.696814835
vn -0.717232585 -0.00516018318 0.696814835
vn -0.825877905 -0.0885329098 0.556855083
vn -0.700084805 0.0190176591 0.71380645
vn -0.635839581 0.132416338 0.760377407
vn -0.639185429 0.162629664 0.751660585
vn -0.640446305 0.175955534 0.747574925
vn -0.717232525 -0.00516015291 0.696814835
vn -0.840698123 -0.0901803672 0.533942282
vn -0.81026113 -0.0687297657 0.582024932
vn -0.713706136 -0.00859214738 0.700392604
vn -0.696463406 0.314680189 0.644914806
vn -0.703726053 0.320902646 0.633869886
vn -0.644427538 0.271043688 0.715016365
vn -0.648302794 0.0653220862 0.758575261
vn -0.696893632 -0.0246109404 0.716752052
vn -0.741289735 -0.0444287136 0.66971302
vn -0.717232525 -0.00516018271 0.696814835
vn -0.647004128 0.067640461 0.759480417
vn -0.717232525 -0.00516015291 0.696814835
vn -0.717232525 -0.00516018271 0.696814835
vn -0.717232525 -0.00516018271 0.696814835
vn -0.717232525 -0.00516015338 0.696814835
vn -0.667609513 0.180900529 0.722199798
vn -0.663357913 0.165751502 0.729714215
vn -0.66387552 0.168032959 0.728721023
vn -0.718185127 -0.0251428876 0.695397735
vn -0.840003908 -0.0931778848 0.534519672
vn -0.706337869 -0.0314380601 0.707176387
vn -0.665046334 0.170029953 0.727188468
vn -0.664340615 0.167494357 0.728421092
vn -0.665240705 0.165503725 0.728054404
vn -0.620401382 0.686073124 -0.380007654
vn -0.565492809 0.702111423 -0.432732493
vn -0.561116278 0.748738229 -0.352901816
vn -0.472929984 0.770964682 -0.426556855
vn -0.500905931 0.784736514 -0.365077853
vn -0.576726556 0.733331561 -0.36001581
vn -0.654557347 0.178705126 0.73458761
vn -0.632685602 0.0906733498 0.769082069
vn -0.608685255 0.788880944 0.0846709311
vn -0.42390573 0.905378699 0.0243593585
vn -0.711348951 0.68515116 -0.156686455
vn -0.680613756 -0.00712630199 0.732607663
vn -0.643806875 0.0743232518 0.761569917
vn -0.633105338 0.0954601839 0.768156886
vn -0.640324235 0.204458043 0.740393043
vn -0.641469479 0.246321112 0.726527989
vn -0.722462356 0.314190149 0.61589992
vn -0.764665902 0.355451912 0.537531435
vn -0.851495802 0.345559359 0.394390136
vn -0.901339054 0.331536949 0.278695464
vn -0.949161172 0.257409275 0.1812004
vn -0.969514489 0.212288916 0.12237224
vn -0.589830339 0.719249904 -0.367123514
vn -0.647538424 0.5231902 -0.554045022
vn -0.806590557 0.482517034 -0.341451079
vn -0.415543556 0.873391747 -0.253989309
vn -0.44804883 0.737166643 -0.505803943
vn -0.471096039 0.844194591 -0.255741864
vn -0.699772 0.69158566 -0.178964913
vn -0.984095573 0.166977689 0.0606149472
vn -0.820372224 0.259718329 0.509446621
vn -0.818747044 0.259523422 0.512153089
vn -0.982474685 0.172603011 0.0703677088
vn -0.934589207 0.25989452 0.24289465
vn -0.9313851 0.260651916 0.254130483
vn -0.889606595 0.26604262 0.371243238
vn -0.804646194 0.262130409 0.532758892
vn -0.790419638 0.265219718 0.552173078
vn -0.76650697 0.249132037 0.591946304
vn -0.717232525 -0.00516016781 0.696814895
vn -0.717232585 -0.00516015338 0.696814835
vn -0.644214749 0.0725934431 0.761391878
vn -0.714323342 0.0247353911 0.69937855
vn -0.786575615 0.0633663088 0.614234149
vn -0.724838018 0.145505056 0.67337817
vn -0.76820153 0.153088763 0.621635139
vn -0.669178069 0.168838695 0.723667145
vn -0.646336675 0.0892766193 0.757811725
vn -0.802239776 0.316006482 0.506508946
vn -0.744714797 0.307767123 0.592181802
vn -0.252851456 0.343620986 0.904428422
vn -0.280941278 0.358569592 0.890224636
vn -0.319763333 0.354550928 0.878660977
vn -0.345965534 0.355703264 0.868206799
vn -0.467003822 0.381079197 0.797926128
vn -0.539029539 0.402741402 0.739761114
vn -0.734134436 -0.0883096606 0.673237026
vn -0.664209306 0.00494516082 0.747530341
vn -0.830646336 -0.0877326429 0.549845099
vn -0.766550958 0.041739665 0.64082551
vn -0.699923635 0.0852520615 0.709111452
vn -0.66999191 0.401921153 0.6241557
vn -0.773396254 0.401843518 0.490285575
vn -0.844475865 0.40925175 0.345504701
vn -0.856555223 0.403609872 0.321577519
vn -0.878140092 0.394267738 0.270966589
vn -0.813161373 0.334167719 0.476550728
vn -0.553204119 0.402272582 0.729480684
vn -0.568077147 0.401463926 0.718411446
vn -0.616232038 0.397847056 0.679688096
vn -0.892570198 0.353139043 0.280377179
vn -0.904027343 0.292782784 0.31146875
vn -0.832570791 0.291747004 0.470860392
vn -0.884663343 0.371804029 0.281305045
vn -0.571590066 0.247196481 0.782418549
vn -0.533742249 0.244646817 0.809485674
vn -0.50328964 0.245580807 0.828486443
vn -0.746475577 -0.00625229347 0.665383518
vn -0.841531098 0.266801864 0.469725668
vn -0.793630481 0.26470691 0.547796488
vn -0.681694269 0.25193435 0.686893046
vn -0.334508151 0.293957472 0.895373285
vn -0.280927241 0.306351542 0.909521103
vn -0.265917718 0.311506659 0.912278175
vn -0.235562816 0.327196032 0.915124476
vn 0.588266551 0.807905972 -0.0350778177
vn 0.462317616 0.863463998 0.201723754
vn 0.318802387 0.94502455 0.0727575943
vn 0.24075526 0.958959997 0.149775028
vn 0.171574667 0.979400933 -0.106471002
vn 0.389654756 0.883084297 -0.261402428
vn 0.942259014 0.220462248 -0.252080083
vn 0.80960685 0.534329057 0.242959157
vn 0.962112546 0.228791133 -0.148304105
vn 0.798047185 0.0313967802 -0.601776302
vn 0.534196377 0.788909733 0.303736269
vn -0.0131331952 0.888251185 -0.459170312
vn 0.571512103 0.81834048 -0.0607679784
vn -0.108454108 0.449128717 -0.886860311
vn 0.818368196 0.342289448 -0.461639941
vn 0.34632647 0.163585365 -0.923741281
vn 0.92442888 -0.0881979391 0.371015191
vn 0.870667934 -0.116006747 -0.477995664
vn -0.815354466 0.51301688 0.268348396
vn -0.440202534 0.270262897 -0.856259048
vn 0.300657451 0.0503346324 -0.952403069
vn 0.742567241 -0.133631662 0.656305254
vn 0.96885407 -0.105325662 -0.224116564
vn -0.582718432 0.242349401 0.775697052
vn -0.624864995 0.393688738 -0.674205482
vn 0.423042208 0.125030339 -0.897442341
vn 0.700744689 0.469771206 0.53690958
vn 0.938500822 0.290826619 -0.18610774
vn -0.182993472 0.845776618 0.501173913
vn -0.325494587 0.827116728 -0.458182514
vn 0.434486419 0.513509512 -0.739952505
vn 0.839170992 0.344518632 -0.420831203
vn 0.838827252 0.404038757 -0.36485824
vn 0.758674026 0.612906694 -0.220814809
vn 0.803828776 0.141279027 -0.577840269
vn 0.69846189 0.705376327 -0.120810367
vn 0.165983871 0.977530837 0.129934162
vn 0.058179725 0.983504415 0.171272397
vn -0.142827317 0.979506969 0.142008722
vn 0.747712314 0.632867038 -0.201011777
vn 0.65958029 0.751185477 0.0259662457
vn 0.675360382 0.737208068 0.0203144569
vn 0.0678431466 0.9824512 0.173743829
vn 0.139033258 0.977545977 0.158346415
vn 0.327853799 0.937910259 0.113297261
vn 0.859304488 0.411814719 -0.303322464
vn 0.84798336 0.247276857 -0.468805283
vn 0.701733828 0.712421238 0.00506167673
vn 0.853923678 0.436112374 -0.283937454
vn 0.844495058 0.247215271 -0.475092232
vn -0.300228864 0.953154087 -0.0368768387
vn -0.205498606 0.960457027 -0.187863156
vn -0.241249934 0.970261276 -0.0197891537
vn -0.0129124541 0.983964086 -0.177898556
vn -0.0419400074 0.998683155 0.029547831
vn -0.23252663 0.969295502 0.079985328
vn -0.830273688 0.391517282 -0.396686137
vn -0.653056204 0.49637717 -0.571950495
vn -0.571726978 0.289654255 -0.767612398
vn -0.910779715 0.100638941 -0.400440007
vn -0.473345757 0.710402787 -0.520837605
vn -0.145219386 0.666213036 -0.731485844
vn -0.558970273 0.779558778 -0.282560199
vn -0.185824558 0.975686491 -0.116211921
vn -0.846396267 0.512364745 -0.145243898
vn -0.857720971 0.0601733364 0.510581791
vn -0.692857504 0.262327731 -0.671664119
vn -0.998871922 0.0463033095 -0.0105280541
vn 0.131388038 0.733198464 -0.667201102
vn 0.22086738 0.674972296 0.70400995
vn -0.705039859 0.128779471 0.697376966
vn -0.283811748 0.729891777 -0.621859074
vn -0.809619129 0.584321618 0.055542428
vn 0.320104331 0.793833494 -0.517070234
vn 0.370851099 0.910302699 0.183898285
vn -0.393598169 0.79482305 0.461884052
vn -0.668252707 0.701335192 -0.248127788
vn -0.604698956 0.750083506 -0.267794639
vn -0.921757042 0.317485809 0.222635463
vn -0.923478007 0.337907016 0.181678981
vn -0.919730186 0.382375538 0.088799499
vn -0.737632751 0.650235713 -0.181910336
vn -0.4129605 0.84593308 -0.337432712
vn -0.346199274 0.867432892 -0.357359946
vn -0.0367332064 0.952439725 -0.302505136
vn -0.338144302 0.856604517 -0.389726996
vn -0.339719117 0.856017172 -0.389647871
vn -0.345309824 0.853917003 -0.389341503
vn -0.628536344 0.697237492 -0.344676673
vn -0.647661209 0.683545589 -0.336601079
vn -0.679058135 0.65937376 -0.322655141
vn -0.933815897 0.352991521 0.0581793189
vn -0.939455748 0.333790332 0.0775036812
vn -0.939908147 0.278449684 0.197581738
vn -0.93821615 0.310120523 0.153543472
vn 0.118887365 0.929699302 0.348604351
vn -0.0154336635 0.881620407 0.471706808
vn 0.0643252134 0.960183561 0.271863729
vn -0.0689575896 0.91776675 0.391086996
vn 0.0484157056 0.962212384 0.267961264
vn 0.13874425 0.961846232 0.235800177
vn 0.745194554 0.376463056 0.550418437
vn 0.4572438 0.49187386 0.740937412
vn 0.0217715651 0.495052814 0.868589997
vn 0.671625435 0.394673169 0.62701869
vn 0.246693507 0.767535746 0.591634274
vn -0.365643203 0.804130852 0.468698949
vn 0.494138449 0.818070173 0.294259012
vn -0.078284435 0.992036283 -0.0986693949
vn 0.776964426 0.558145821 0.291203469
vn 0.646299303 0.760820687 -0.0587285385
vn -0.0378536582 0.308258265 0.950549364
vn 0.763707221 0.249385834 0.595447659
vn -0.657355368 0.607145786 0.446383178
vn -0.283505321 0.836645842 -0.468666732
vn 0.747206032 0.571863174 -0.338608533
vn -0.0989638269 0.563811362 0.819953024
vn 0.466375232 0.700124383 0.540666223
vn -0.483463377 0.713993847 0.506434619
vn -0.143802762 0.987432122 -0.0655638874
vn 0.480760425 0.875445366 -0.0496478342
vn 0.483910233 0.177185193 0.856992543
vn 0.614507675 0.320143938 0.721032739
vn 0.745547831 0.661837339 -0.0782931075
vn 0.744540572 0.662759066 -0.0800614133
vn 0.730830789 0.674586713 -0.104015157
vn 0.68606317 0.707942545 -0.167733625
vn 0.774682641 0.398944944 0.490621567
vn 0.787014127 0.440563381 0.431871146
vn 0.221391425 0.827840626 -0.515427649
vn 0.115946554 0.830681086 -0.544541299
vn 0.657600343 0.723409951 -0.210332811
vn 0.35342285 0.809355438 -0.469080031
vn 0.573470891 0.796255827 -0.192633882
vn 0.613020003 0.778056264 -0.137239903
vn 0.201584622 0.832066178 -0.516748965
vn 0.342807084 0.820239305 -0.457920074
vn 0.695241511 0.718001008 -0.0333741643
vn 0.758176565 0.597589254 0.26087442
vn 0.749550164 0.436888188 0.497295946
vn -0.110373594 0.97320348 0.20172444
vn -0.113388501 0.991037428 -0.0706252754
vn 0.0330848098 0.99859643 -0.0413597599
vn 0.142670363 0.935286343 -0.323859096
vn 0.362880379 0.912172556 -0.190418243
vn 0.181008697 0.972466469 0.146780998
vn -0.352350205 0.643082678 0.679922163
vn -0.479559541 0.775980949 0.409727097
vn -0.809321702 0.545146227 0.218664005
vn -0.536926985 0.295647681 0.790127695
vn -0.259640068 0.924592316 0.278776079
vn -0.302375883 0.946989715 -0.108532734
vn -0.00788601395 0.890917122 0.45409742
vn 0.28050071 0.902360916 0.327206582
vn -0.048009593 0.713879585 0.698620856
vn 0.127072871 0.493061364 0.860664189
vn -0.97499007 0.219946116 0.0319046825
vn -0.243490726 -0.0629646853 0.967857361
vn 0.565743089 0.519066453 -0.640706539
vn 0.940340459 0.337212205 0.0452530384
vn 0.724993706 0.0759476349 0.684555411
vn -0.998809099 0.0485245027 -0.00508574117
vn -0.508710861 -0.144117355 0.848789394
vn -0.0575133562 0.536876619 -0.84169805
vn 0.913085103 0.400225371 0.078072153
vn 0.402807444 0.0114932302 0.915212631
vn -0.97215426 0.0871113315 -0.217548996
vn -0.446236461 -0.0957638174 0.889776528
vn 0.152655572 0.282040089 -0.947179735
vn 0.975996912 0.17501086 -0.129620075
vn 0.577230513 -0.0221168064 0.816281676
vn -0.959426701 0.102727793 -0.262578398
vn -0.527266681 0.0256793909 0.849311709
vn 0.0728476048 0.111468606 -0.991094351
vn 0.976223171 0.0383867063 -0.213342071
vn 0.576007903 -0.00794700719 0.817405522
vn -0.952047884 0.081185706 -0.294980794
vn -0.561862469 0.0806671679 0.823288202
vn 0.0941039771 0.0284100194 -0.995156884
vn 0.958178699 0.00294487807 -0.286155432
vn 0.601860702 0.0337163694 0.797889113
vn -0.644025981 0.738430083 -0.199878708
vn -0.424022228 0.616236925 0.663669407
vn 0.208504349 0.522021115 -0.827054977
vn 0.832184196 0.445315003 -0.330399811
vn 0.487419963 0.639263332 0.594780684
vn -0.129394501 0.869290769 0.47706455
vn -0.246880919 0.929270208 0.274784774
vn -0.37074846 0.928692162 0.00874150638
vn -0.394351572 0.896539867 -0.201750368
vn 0.0279903375 0.815547407 0.578012884
vn -0.440714061 0.897583485 0.0107257823
vn -0.442688197 0.896575689 0.0133827357
vn -0.084426254 0.799796879 0.594304025
vn 0.0827929974 0.717679203 0.691434622
vn -0.384200037 0.908400655 0.164920151
vn -0.19909811 0.836309493 0.510829091
vn 0.456186384 0.522181869 0.720569253
vn 0.582399309 0.437289059 0.685265779
vn 0.256965011 0.616315663 0.744395018
vn 0.483073503 0.514043212 0.708801448
vn 0.272007346 0.639830351 0.718769073
vn 0.102134362 0.771468818 0.628016293
vn -0.128187135 0.991207182 -0.0328069404
vn 0.0343265571 0.991964459 0.121770717
vn -0.205102935 0.977671921 0.0457207747
vn -0.171386972 0.942183554 0.287952274
vn -0.470018893 0.860720515 0.195557028
vn -0.407571703 0.913065076 -0.0140569601
vn 0.384775698 -0.344478816 -0.856318831
vn 0.608077466 -0.240904272 -0.75644362
vn 0.793426335 -0.287074447 -0.536714911
vn 0.365927726 -0.442805678 -0.818547487
vn 0.575940192 -0.0261847842 -0.817072392
vn 0.880218685 0.188569397 -0.435495973
vn -0.409928858 0.295276046 -0.863000691
vn -0.31641832 0.195280254 -0.928302228
vn -0.372562349 0.0448477082 -0.926922798
vn -0.154648826 -0.296833187 -0.942323565
vn 0.850100636 -0.110033952 -0.514996469
vn 0.137197405 -0.24326326 -0.960208237
vn 0.0996447876 0.700067759 0.707089841
vn -0.95003897 0.280190438 -0.137547687
vn -0.591120481 -0.0775140971 -0.802850008
vn 0.978093326 -0.00701362733 -0.208048701
vn 0.232977867 -0.125741765 -0.964318514
vn 0.152540907 0.273409247 0.949725509
vn -0.967909575 0.166316926 0.18838723
vn -0.64462173 -0.0423509255 -0.763327658
vn 0.996192753 -0.027730424 -0.0826500505
vn 0.330620944 -0.0223266687 -0.943499506
vn 0.173602059 0.0866572559 0.980995774
vn -0.923070729 0.137712896 0.359131664
vn -0.670057356 0.059704069 -0.739904463
vn 0.99851954 -0.0489100628 -0.0238039531
vn 0.417348772 0.0500207171 -0.907368779
vn 0.201865241 -0.0290888213 0.978981316
vn -0.896505475 0.100824594 0.431407511
vn -0.676146448 0.143478125 -0.722661734
vn 0.985730767 0.1319298 0.104544394
vn 0.461078405 0.141195536 -0.87605387
vn 0.21651344 0.0104348445 0.976223826
vn -0.871736169 -0.056034077 0.486761063
vn -0.733248889 0.0220405068 -0.6796031
vn 0.635647535 0.740284443 0.218931869
vn 0.184495077 0.844217181 -0.503248274
vn 0.00229842425 0.590980709 0.806682408
vn -0.825339913 0.357446313 0.437088072
vn -0.781486869 0.519198835 -0.345992535
vn 0.923858702 -0.277842253 -0.263227642
vn 0.576134741 -0.172574773 -0.798928499
vn 0.879083633 -0.287754506 -0.380012482
vn 0.419757396 -0.151684582 -0.894871652
vn 0.20874472 -0.04678284 -0.976850569
vn 0.878167629 -0.290107399 -0.380341053
vn 0.607565463 -0.209366068 -0.766178906
vn -0.225248009 0.171139508 -0.959152997
vn -0.537985623 0.400361717 -0.741809964
vn -0.595569551 0.443115175 -0.670034289
vn 0.0311257765 0.0442024507 -0.9985376
vn -0.55690527 0.421350896 -0.715765238
vn -0.406901866 0.331100941 -0.851353586
vn 0.497313052 -0.147373989 -0.854962349
vn -0.224394128 0.195509195 -0.954685032
vn -0.148455694 0.160876334 -0.975745797
vn 0.430695564 -0.126155153 -0.893636465
vn 0.216959149 0.965758562 -0.142264709
vn -0.0281353854 0.986257195 -0.162803963
vn -0.0123078758 0.997122705 -0.0747979283
vn -0.20925732 0.97347939 -0.0924621373
vn -0.0878153518 0.991245449 -0.0985946357
vn 0.194561824 0.969275773 -0.150499389
vn 0.720356643 -0.151005134 0.676966667
vn 0.504798472 -0.0204093587 0.862995923
vn 0.390594065 -0.10009937 0.915104628
vn 0.896172345 -0.343715817 0.280597001
vn 0.437572807 0.205529481 0.875378609
vn 0.0474764667 0.338167578 0.939887464
vn 0.706083834 0.219986036 0.673091173
vn 0.844349921 0.218442097 -0.489240646
vn 0.952062905 -0.151621595 0.26568222
vn 0.944455445 -0.208840773 -0.253750801
vn 0.269943714 -0.033497069 0.962293208
vn 0.821091473 -0.20493269 0.532739401
vn -0.467970639 0.400592834 0.787736475
vn -0.0927773789 0.69207418 -0.715839207
vn 0.948451459 -0.0714540631 -0.308762491
vn 0.126334175 0.0537725911 0.990529239
vn 0.854582071 -0.105631351 0.508459866
vn -0.729761183 0.36685136 0.576947749
vn -0.409135222 0.446957648 -0.79551065
vn 0.828404307 0.0312265791 -0.559259653
vn 0.0397581235 -0.00930647179 0.999166012
vn 0.89309293 -0.0699972734 0.444393396
vn -0.881465495 0.178939506 0.437034428
vn -0.451676428 0.256959289 -0.854377091
vn 0.750126123 0.0613140799 -0.658446193
vn -0.0235729571 0.0520157814 0.998368084
vn 0.93190217 0.0193619989 0.362192482
vn -0.954516113 0.0660601929 0.290749192
vn -0.46926716 0.0412699804 -0.882091343
vn 0.67408812 0.0115211448 -0.738561034
vn -0.105997063 0.141148016 0.984297633
vn 0.959019899 0.0803812593 0.271697879
vn -0.981473267 0.0567114763 0.18301335
vn -0.524751246 -0.0428352542 -0.850177169
vn 0.622351825 -0.0256844386 -0.782316029
vn -0.124159463 0.962338209 0.241846308
vn 0.770700216 0.636167288 -0.0362259597
vn -0.789200366 0.614102185 0.00642338255
vn -0.416555703 0.759270132 -0.499990225
vn 0.583584547 0.611013293 -0.534875512
vn 0.949753761 -0.272092193 0.154705167
vn 0.942808747 -0.256315559 0.213105574
vn 0.723700941 -0.043052312 0.688769579
vn 0.604725122 0.028583901 0.795921266
vn 0.338799298 0.174973011 0.924445391
vn 0.0584241264 0.295619428 0.953517616
vn 0.612134516 0.0356723145 0.789948583
vn 0.846504509 -0.112427995 0.520374894
vn 0.0844614059 0.28616184 0.954451501
vn 0.568180203 0.0609773844 0.820641816
vn 0.844403446 -0.361932009 -0.394953191
vn 0.804946959 -0.359833747 -0.471783757
vn 0.632701039 -0.330989331 -0.700096726
vn 0.938993573 -0.219731539 0.264592171
vn 0.946841896 -0.236605778 0.217963308
vn 0.949930251 -0.309577376 -0.0423616245
vn 0.784747601 -0.356291294 -0.50717628
vn 0.844994307 -0.361021578 -0.394522816
vn 0.953892112 -0.295664012 0.0516975075
vn -0.496118367 0.867661357 0.0321005657
vn -0.351107001 0.915348649 -0.197131157
vn -0.097599864 0.995149553 -0.012315237
vn -0.0792288035 0.996754408 -0.014266409
vn 0.0753485188 0.954926252 0.287121326
vn -0.186338782 0.898866355 0.396632195
vn -0.730879068 -0.680044234 -0.057927601
vn -0.807164907 -0.508116961 -0.300502747
vn -0.630419374 -0.532729447 -0.564597785
vn -0.494867384 -0.866450548 -0.066104047
vn -0.943118393 -0.258904785 -0.208556816
vn -0.893007696 0.070177108 -0.44453615
vn -0.933064938 -0.186850011 0.307370842
vn -0.818205595 0.175224796 0.547572911
vn -0.780310392 -0.428365439 0.455651999
vn -0.522080719 -0.3848629 0.761125684
vn -0.6900599 -0.457745075 -0.560612798
vn -0.643269062 -0.739188373 0.199512705
vn -0.451196015 0.702547073 -0.550317764
vn -0.19018586 0.518701494 0.833533466
vn -0.410808951 -0.314837992 0.85563606
vn -0.622043967 -0.32131514 -0.714015245
vn -0.844880342 -0.511088014 0.158007324
vn 0.442985386 0.478308827 -0.758277357
vn 0.485260099 0.443492144 0.753549814
vn -0.357928991 -0.175301611 0.917145669
vn -0.557116866 -0.164700925 -0.813937664
vn -0.964776456 -0.236373737 0.115471825
vn 0.675064683 0.171114042 -0.71764034
vn 0.681123614 0.22882542 0.695492327
vn -0.317351103 -0.0211994331 0.948071063
vn -0.633109629 0.455841839 -0.625604033
vn -0.929724157 0.357169032 0.0896841586
vn 0.271583974 0.909550667 -0.314578831
vn 0.477204829 0.554902017 0.681439042
vn -0.274258524 0.400017202 0.874510467
vn -0.910142899 -0.402528763 -0.0980328023
vn -0.785569787 -0.32775709 -0.524838388
vn -0.761616528 -0.291956007 -0.578534245
vn -0.918702722 -0.39489603 0.00649877172
vn -0.913133144 -0.406437099 -0.031570185
vn -0.889941275 -0.433582306 -0.141460165
vn -0.784960866 -0.329710662 -0.524525821
vn -0.877740324 -0.413651049 -0.241794616
vn -0.882508278 -0.329099208 0.335965753
vn -0.847821474 -0.164287329 0.504190862
vn -0.895510495 -0.44266811 -0.0458906479
vn -0.905736685 -0.385080606 0.177070841
vn -0.847942114 -0.0812693685 0.52382195
vn -0.898939073 -0.302509844 0.316853851
vn -0.908444941 -0.318997085 0.270127267
vn -0.160571367 0.854568779 -0.493891656
vn 0.0179844815 0.910958111 -0.412106603
vn -0.155455574 0.891095936 -0.426358432
vn 0.00755444309 0.982495785 -0.186132044
vn -0.238975883 0.947878242 -0.210754409
vn -0.287474275 0.865727305 -0.40972513
vn 0.44930777 0.300669074 -0.841261387
vn 0.216712639 0.20854041 -0.953701437
vn -0.647215605 -0.283423841 -0.707660079
vn -0.57956475 -0.21549277 -0.785918236
vn -0.527512074 -0.167144462 -0.832942784
vn -0.307705611 0.0140306186 -0.951378167
vn -0.132624745 0.264290243 -0.95528084
vn 0.00805261731 0.442963421 -0.896503508
vn 0.695022881 0.119226851 -0.709033191
vn 0.256281972 -0.0136585496 -0.966505527
vn 0.455413312 0.528025329 -0.71679002
vn 0.775451541 0.544761956 -0.319232225
vn 0.154964179 0.591712117 -0.791114926
vn 0.00822537206 0.909671366 -0.41524744
vn 0.0049250992 0.333188862 -0.942847192
vn -0.290453464 0.216772541 -0.932012081
vn 0.475743294 -0.114317626 -0.872123778
vn -0.281270534 -0.200597331 -0.938428283
vn 0.492445618 0.675328732 0.549024999
vn -0.922282934 0.276343733 0.270237416
vn -0.857093215 -0.0496669337 -0.512761652
vn 0.498738289 0.604406059 -0.621251464
vn -0.200580209 0.402459651 -0.893193066
vn 0.348737657 0.882798791 0.314719498
vn -0.606369376 0.754851282 0.250031531
vn -0.721318245 0.497828692 -0.481525272
vn 0.33675909 0.872739792 -0.353438348
vn 0.333773226 0.932453573 -0.138295665
vn 0.0314025506 0.464938313 -0.88478601
vn 0.224124074 0.762410164 -0.607041299
vn 0.388900667 0.850996077 -0.352933437
vn 0.386102915 0.798654139 -0.461601555
vn 0.362267375 0.704506397 -0.610272944
vn -0.257025719 0.0253836066 -0.966071188
vn -0.334545642 -0.0312468577 -0.941861391
vn -0.426802814 -0.102279305 -0.898542345
vn 0.164429009 0.447612345 -0.878980219
vn 0.13110882 0.419142604 -0.898404062
vn -0.672727346 -0.311145842 -0.671286821
vn -0.482863635 0.875661552 0.00770685682
vn -0.466222972 0.881307304 0.0770292729
vn -0.410492837 0.899042487 0.152375847
vn -0.515299678 0.834839582 0.193672538
vn -0.581264555 0.756534815 0.299644381
vn -0.568676591 0.807644963 0.15593721
vn -0.119380549 0.231677964 -0.965439558
vn 0.38965556 0.591905475 -0.705561221
vn -0.0691332072 0.947597444 -0.311897069
vn -0.318501711 0.813597679 -0.48643145
vn 0.287674934 0.87945497 -0.379212469
vn -0.277043134 0.59063375 -0.757891059
vn -0.175017297 0.984490216 -0.0121672275
vn 0.0472277254 0.955096364 0.292507023
vn -0.578949749 0.815034866 0.0231395308
vn -0.68325752 0.660370529 0.311560452
vn -0.62166959 0.737176538 -0.264759839
vn -0.834161758 0.478029817 -0.275066525
vn 0.735132515 0.658554316 -0.16089192
vn -0.661268711 -0.0932489932 -0.744330764
vn -0.043594759 0.194623455 0.979908764
vn -0.716064572 -0.102747805 0.690430641
vn -0.973824143 -0.223523557 0.0412743986
vn 0.736249506 0.431460828 -0.521323502
vn -0.401662737 0.0373832509 -0.915024281
vn 0.249980375 0.0709726512 0.965646267
vn -0.616712809 -0.243572444 0.74855715
vn -0.950015306 -0.283680141 -0.130370587
vn -0.0229976624 0.981294572 -0.191133752
vn -0.534362197 0.693127334 -0.483767986
vn -0.357306957 0.71297735 0.603319943
vn -0.75399065 0.257023513 0.604513824
vn -0.930983067 0.356379509 0.0791468769
vn -0.1852635 0.98208189 -0.0345323421
vn -0.197682813 0.980085731 0.0187974907
vn -0.221309304 0.972594142 0.0712944344
vn 0.401280433 0.607602298 -0.685414851
vn 0.299278647 0.591097057 -0.749023676
vn 0.153343588 0.786372542 -0.598417759
vn -0.0879588798 0.930770814 -0.354864806
vn -0.158821419 0.978207946 -0.133734241
vn -0.372039258 0.92716974 0.0440793522
vn -0.422254056 0.905229092 0.0475582816
vn -0.459236294 0.886253178 0.0604758076
vn -0.539657056 0.839566708 0.062433511
vn -0.579538465 0.812658727 0.0610005148
vn -0.602728128 0.795746028 0.0592207387
vn -0.730678737 0.677253127 0.0862360597
vn -0.247055486 0.967770815 0.0488181524
vn -0.292696953 0.955296874 0.0416707397
vn -0.958127439 0.118974462 -0.260454923
vn -0.844446599 0.0202193446 -0.535257936
vn -0.830209136 0.01249386 -0.557312012
vn -0.853017807 0.521831691 -0.0072469064
vn -0.971591532 0.194972798 -0.134147272
vn -0.963692665 0.136090174 -0.229730144
vn -0.527541459 0.0987426937 -0.843771219
vn -0.72995913 0.0258899033 -0.683000267
vn 0.510045648 0.846428275 0.153012231
vn 0.242953449 0.96634239 0.0845928043
vn 0.203027457 0.976607442 -0.0708358809
vn 0.0945080519 0.983884454 -0.151787817
vn 0.233733863 0.921195924 -0.311073214
vn 0.532612205 0.834094763 -0.143562093
vn 0.518592775 -0.545317352 0.658551991
vn 0.407588303 -0.324423045 0.853593171
vn 0.083804138 -0.292260796 0.952659607
vn 0.39331615 -0.672271252 0.627179205
vn 0.57818085 -0.055602435 0.814011812
vn 0.300260216 0.356392205 0.884775877
vn 0.795037329 -0.104695469 0.597456694
vn 0.943348765 0.201173306 0.263860732
vn 0.764483333 -0.419050187 0.489859343
vn 0.860393941 -0.461227208 0.216775849
vn -0.0664975643 -0.0549897105 0.99627018
vn 0.543449283 -0.413880646 0.730318964
vn -0.51184988 0.70150429 0.495884627
vn 0.689911008 0.347682238 -0.634933054
vn 0.930789173 -0.359636456 0.0655219555
vn -0.0898086429 0.255903542 0.962521613
vn 0.758909285 -0.0395299457 0.649995506
vn -0.84363842 0.527781546 -0.0985947996
vn 0.250661582 0.133022338 -0.958891928
vn 0.969013631 -0.119025871 -0.216438413
vn 0.0955264047 0.788316369 0.607809186
vn 0.782071173 0.38967824 0.48632881
vn -0.452148646 0.851347148 -0.266025573
vn 0.220316604 0.559143901 -0.799261332
vn 0.916566849 0.329085022 -0.227174252
vn 0.349793434 -0.236629024 0.906449854
vn 0.112207502 -0.0323305354 0.993158698
vn 0.0951809064 -0.0184423029 0.995289147
vn 0.475003183 -0.24128665 0.846258044
vn 0.410317391 -0.240003645 0.8797943
vn 0.410715669 -0.2670407 0.871780872
vn 0.104543984 -0.0299226567 0.994069934
vn 0.18810232 -0.127806157 0.973798335
vn 0.310677618 -0.238131225 0.920202672
vn 0.325964123 -0.251468599 0.911323667
vn 0.610500216 -0.301519275 0.732376754
vn 0.64433676 -0.305943489 0.70087713
vn 0.86702019 -0.168486342 0.468922496
vn 0.880244911 -0.155950546 0.448161215
vn 0.873189092 -0.114722103 0.473687142
vn 0.861018598 -0.114931293 0.49541685
vn 0.880940497 -0.153027609 0.447801679
vn 0.885872602 -0.117633767 0.448767215
vn 0.689283669 -0.250963598 0.679636061
vn 0.645315289 -0.275300026 0.712585568
vn 0.855094314 -0.129777715 0.501967609
vn -0.0356375985 0.839236438 0.542597651
vn 0.204951778 0.923734069 0.323589474
vn 0.214897245 0.827431977 0.518821239
vn 0.43808189 0.80445832 0.401162326
vn 0.389149576 0.647231698 0.655479729
vn 0.092740953 0.631975532 0.769419253
vn -0.580771804 0.52704227 0.620427668
vn -0.425978869 0.749192655 0.50720048
vn -0.277274162 0.940941811 -0.194287568
vn -0.715517163 0.595127881 0.365865946
vn -0.11732851 0.749200225 0.651868939
vn 0.296160609 0.951536953 0.0828629807
vn -0.148065224 0.520873308 0.840694666
vn 0.463368237 0.222899616 0.857674658
vn -0.417433649 0.403555244 0.814182043
vn -0.0519215427 0.133610398 0.989672899
vn 0.294172466 0.952958465 -0.0730245709
vn -0.343961269 0.785367131 0.51467365
vn 0.757571161 0.621665061 0.199043766
vn 0.65538156 0.290848315 0.697052538
vn 0.0996552482 0.245348096 0.964299262
vn -0.00931068044 0.910275161 0.413899004
vn 0.121668443 0.958045304 0.259510845
vn -0.186277583 0.589018703 0.786357224
vn -0.155862063 0.803910553 0.573964179
vn -0.0218378566 0.963682115 0.266157597
vn -0.103124216 0.957100213 0.270785064
vn -0.289999306 0.831991613 0.472959131
vn -0.308883548 0.760208368 0.571554184
vn -0.337009341 0.489219666 0.804418266
vn -0.297473848 0.427304894 0.853767991
vn -0.0285521317 0.0412646122 0.998740196
vn -0.239608079 0.351240039 0.905106902
vn -0.116631337 0.215232685 0.969573081
vn -0.233154371 0.449873269 0.862121224
vn -0.187871337 0.584982872 0.788986325
vn 0.129345834 0.806902945 0.576348245
vn 0.0122680068 0.680442572 0.732698679
vn -0.0503370203 0.815756023 0.576201677
vn -0.238939092 0.69895649 0.674068213
vn -0.291667402 0.855956733 0.426928967
vn -0.0161119904 0.925136626 0.379292041
vn 0.951729655 0.0837147906 0.295300871
vn 0.825790405 0.135359332 0.547492445
vn 0.753329694 0.00252504554 0.657638192
vn 0.976644397 0.0603282191 0.206218675
vn 0.732381225 0.377654314 0.566564202
vn 0.42440334 0.251402289 0.869872749
vn 0.792849302 0.503192008 0.3437846
vn 0.586366236 0.808580756 0.048700802
vn 0.939418375 0.338009328 0.0569452457
vn 0.914622009 0.358068287 -0.1877601
vn 0.183490291 0.35852477 0.91530937
vn 0.504229605 0.649386883 0.569253147
vn -0.390625685 0.351846695 0.850655913
vn -0.543632686 0.791757166 0.278539181
vn 0.304935992 0.933085203 -0.190698549
vn 0.613880157 -0.226169243 0.756305873
vn 0.368371367 -0.19843477 0.908254564
vn 0.919268727 -0.172867194 0.353641033
vn 0.635723531 -0.229203299 0.737103403
vn 0.645680308 -0.149428561 0.748844504
vn 0.602903962 -0.177350327 0.777851999
vn 0.640715301 -0.15467158 0.752037704
vn 0.8867172 -0.0406041741 0.460525602
vn 0.945941448 0.0211258028 0.323648602
vn 0.983676851 0.146804184 0.104058988
vn 0.986108243 0.152041137 0.0668878779
vn 0.986939847 0.148264617 -0.0629869923
vn 0.976447284 0.185004935 -0.111013167
vn 0.951104045 -0.136350036 0.277145922
vn 0.937397659 -0.154981285 0.311875612
vn 0.990806341 0.115258694 -0.0708390772
vn 0.996000707 0.0843580961 -0.0294327978
vn 0.513424516 0.517969251 -0.684180677
vn 0.506845891 0.5528301 -0.661427259
vn 0.457939357 0.595846117 -0.659741461
vn 0.430809528 0.584454 -0.687616646
vn 0.361647218 0.57858175 -0.731063962
vn 0.418885827 0.536528826 -0.732578576
vn 0.777012646 0.491803497 -0.392913312
vn 0.633706331 0.142161712 -0.760398805
vn 0.677224636 0.376629233 -0.63207376
vn 0.609212697 0.242543876 -0.755004883
vn 0.434447914 0.268767804 -0.859661996
vn 0.352537364 0.579699934 -0.73461926
vn 0.293329507 0.218193516 -0.930778861
vn 0.171705261 0.425730973 -0.888408899
vn 0.621327519 0.564889491 -0.543002784
vn 0.349968255 0.298871487 -0.887805223
vn 0.754577041 0.267815232 -0.599073052
vn 0.701145768 0.314705998 -0.639808297
vn 0.685190916 0.322599024 -0.653026223
vn 0.753561676 0.0903538167 -0.651138246
vn 0.757598996 0.17728433 -0.628183007
vn 0.640420854 0.437680691 -0.631107509
vn 0.591738999 0.473307788 -0.652552366
vn 0.440275252 0.571529031 -0.692468286
vn 0.380186558 0.549868047 -0.743709147
vn 0.264454007 0.604409456 -0.751500666
vn 0.0980300009 0.635385394 -0.765947521
vn 0.568967223 0.695393324 -0.438980967
vn 0.655139863 0.630747497 -0.415871888
vn 0.120410129 0.64962101 -0.750662267
vn 0.401673466 0.767758608 -0.499204665
vn 0.432617366 0.756843686 -0.489928216
vn 0.803280711 0.290197611 -0.520120561
vn 0.790859222 0.220996484 -0.570703208
vn 0.708265305 0.582127631 -0.399359077
vn 0.709992528 0.580427229 -0.398766637
vn 0.725829601 0.555258989 -0.406028122
vn 0.10964264 0.663341165 -0.74024117
vn 0.269477814 0.681941569 -0.679953933
vn 0.0959820151 0.709820867 -0.697812259
vn 0.332800418 0.774528801 -0.537911773
vn 0.128556535 0.818872154 -0.559394062
vn 0.0253264066 0.7170856 -0.696524799
vn 0.128866166 -0.117130071 -0.98472029
vn 0.34280169 0.0534144342 -0.937888026
vn 0.493146211 0.0187183395 -0.869745016
vn 0.263545156 -0.460855812 -0.84744072
vn 0.308037847 0.321761489 -0.895311236
vn 0.843697488 0.193033218 -0.500911832
vn 0.0339473784 0.361177146 -0.931879103
vn 0.411043614 0.30854845 -0.857811689
vn -0.0874881521 0.0307442918 -0.995690942
vn -0.144603446 -0.424064249 -0.894013166
vn 0.606045008 0.291141033 -0.740234017
vn 0.0895590633 0.232538313 -0.968455076
vn 0.769361138 0.549361527 -0.326014578
vn 0.143543497 0.951427698 -0.272361159
vn -0.359893709 0.43555674 -0.825085998
vn 0.475330323 -0.161723822 -0.864815831
vn 0.258745223 -0.21282202 -0.942208946
vn -0.0583023243 0.0136906281 -0.998205125
vn -0.0919128209 0.0272017401 -0.995395422
vn 0.274842232 -0.123882227 -0.953475177
vn 0.191710889 -0.106986828 -0.975602746
vn -0.21015507 0.375963688 -0.902488887
vn -0.17313607 0.0539144054 -0.983421206
vn -0.244287327 0.204041183 -0.947993159
vn -0.254313856 0.227931023 -0.939878702
vn -0.232188284 0.204998061 -0.950823009
vn -0.163292974 0.0821806118 -0.983148873
vn -0.240386665 0.219237491 -0.945594668
vn -0.117838793 -0.0146768391 -0.992924273
vn -0.1046644 -0.0226862971 -0.994248867
vn 0.199180081 -0.206271306 -0.958007991
vn 0.214652836 -0.208616033 -0.954150736
vn 0.247992799 0.418460876 -0.873721898
vn 0.291870624 0.606418073 -0.739640892
vn 0.2571069 0.71548748 -0.649595141
vn 0.205561653 0.758255303 -0.618702948
vn 0.0774172395 0.750268757 -0.656584561
vn 0.0782283098 0.555647969 -0.827729106
vn 0.70803678 0.495451212 -0.503201723
vn 0.791897297 0.552926779 -0.259172916
vn 0.923618913 0.349564761 -0.157265738
vn 0.708821476 0.255121201 -0.657636166
vn 0.649829745 0.750476241 -0.120443702
vn 0.624515474 0.754641891 0.201236039
vn 0.433556378 0.853307307 -0.289647043
vn 0.114654943 0.985097826 -0.128205314
vn 0.462422222 0.672990084 -0.577278078
vn 0.194400907 0.580648243 -0.79060483
vn 0.52765286 0.320462078 -0.786693513
vn 0.19033058 0.00256527215 -0.981716692
vn 0.18859151 0.905494273 -0.380148917
vn -0.323483765 0.742371261 -0.586722434
vn -0.200654551 0.249677256 -0.947311461
vn 0.67538929 0.274347275 -0.684531271
vn 0.742793322 0.267124623 -0.613923788
vn 0.784056962 0.442328006 -0.43543151
vn 0.733773589 0.538872182 -0.413754791
vn 0.699374437 0.593477488 -0.39832139
vn 0.761297941 0.3183375 -0.56487757
vn 0.653202891 0.656292856 -0.377631485
vn 0.430428356 0.796217501 -0.425169379
vn 0.391822487 0.81327635 -0.430182219
vn 0.568524122 0.613607049 -0.547965944
vn 0.523146152 0.607604027 -0.597608149
vn 0.411104053 0.805638671 -0.426543951
vn 0.631260216 0.682081342 -0.369155228
vn 0.637441158 0.674738526 -0.372016996
vn 0.665518939 0.639513195 -0.384847373
vn 0.656881094 0.572062671 -0.491173685
vn 0.736074805 0.53413254 -0.415808111
vn 0.750406802 0.508841038 -0.421865404
vn 0.749414563 0.501866102 -0.431865931
vn -0.904686093 0.38129279 -0.190154612
vn -0.71970576 0.551320136 -0.421983093
vn -0.745158374 0.648974538 -0.153528556
vn -0.551656246 0.799871683 -0.236390933
vn -0.676266611 0.711873889 0.189470276
vn -0.88985604 0.429236501 0.154636055
vn -0.934639752 0.264767915 0.237373903
vn -0.863955855 0.503090024 0.0219254214
vn -0.643092811 0.52113086 -0.561118841
vn -0.992606342 0.0827170983 -0.0888281688
vn -0.700243533 0.696299613 0.15756166
vn -0.299357206 0.945387304 -0.128949955
vn -0.718111932 0.593770564 0.362976193
vn -0.510250509 0.653714955 0.558839142
vn -0.833037674 0.346262872 0.43145138
vn -0.799227715 0.250114888 0.546514153
vn -0.658326805 0.0568667874 -0.750580966
vn -0.96913445 -0.12135464 -0.214596227
vn -0.253745824 0.801243246 -0.541869164
vn -0.575368941 0.348790675 0.739794374
vn -0.921082318 -0.0456258766 0.386685431
vn -0.760446548 0.47827521 0.439287841
vn -0.758081853 0.482426643 0.438835531
vn -0.728679836 0.42526412 0.536820412
vn -0.747864127 0.462709188 0.476024628
vn -0.831418335 0.494723886 0.252966106
vn -0.816816092 0.485862345 0.311045438
vn -0.81767422 0.486418724 0.307905585
vn -0.837007821 0.495863557 0.231381148
vn -0.811628282 0.510927022 0.283219129
vn -0.838333786 0.494763076 0.22892341
vn -0.851757884 0.48627007 0.195064068
vn -0.852737725 0.482638836 0.199745104
vn -0.844450533 0.491078854 0.213880077
vn -0.819603741 0.46602869 0.333267123
vn -0.756594777 0.427010089 0.495203793
vn -0.853010774 0.47179991 0.22310856
vn -0.854817748 0.46632871 0.227649093
vn -0.203342572 0.217873544 0.954558969
vn -0.280118197 0.411875278 0.867117345
vn -0.236905903 0.534758031 0.811116099
vn -0.213113248 0.587693632 0.780511975
vn -0.0552801155 0.581718028 0.811509788
vn -0.0251404364 0.348568261 0.936946094
vn -0.69128114 0.184628829 0.698600352
vn -0.493039548 0.063314788 0.867699981
vn -0.769248188 0.351040214 0.533880234
vn -0.871888638 0.456672996 0.176805064
vn -0.87296468 0.45645541 0.17199184
vn -0.878523409 0.448882043 0.163406074
vn -0.875995457 0.449354142 0.175250694
vn -0.851009786 0.411681652 0.326037526
vn -0.795708477 0.309000194 0.520929039
vn -0.788307846 0.296957403 0.538875639
vn -0.410609394 0.28078559 0.867501736
vn -0.408002228 0.28056249 0.868803144
vn -0.404884726 0.285984218 0.868493736
vn -0.393611401 0.309056967 0.865767777
vn -0.444383979 0.331871808 0.832096219
vn -0.479612321 0.346176565 0.806308687
vn -0.450752407 0.343472511 0.823922932
vn -0.282271415 0.245057657 0.927507162
vn -0.845235825 0.0816810206 0.528114319
vn -0.47309655 -0.18240124 0.861921906
vn -0.599301815 0.468852133 0.648856819
vn -0.702661812 0.625759125 0.33866179
vn -0.354304433 0.525511622 0.77350235
vn -0.0631452724 0.76583606 0.639927983
vn 0.0265386701 0.122434333 0.992121756
vn -0.546768188 0.0667596087 0.83461839
vn -0.192932233 -0.240022913 0.951402187
vn -0.403542221 0.704214215 0.584154129
vn 0.343022138 0.551051497 0.760708869
vn 0.224217117 -0.0503092296 0.97323972
vn -0.54958576 0.425810814 0.71877712
vn -0.557006478 0.436862826 0.706324697
vn -0.504802763 0.360394716 0.784404218
vn -0.866345465 0.46398741 0.184827283
vn -0.480182827 0.384117812 0.788592398
vn -0.458903968 0.380193323 0.803031921
vn -0.551111102 0.43119359 0.71438688
vn -0.502930522 0.389683455 0.771497011
vn -0.446284175 0.361879528 0.818458021
vn -0.449758023 0.358691573 0.817959726
vn -0.432044119 0.364261121 0.825016141
vn 0.425681919 0.903136075 -0.0560378917
vn 0.195261821 0.966437697 0.166945919
vn 0.175859243 0.984309256 0.0144552719
vn -0.149311498 0.973688543 0.17215322
vn -0.11693728 0.984428763 -0.131246656
vn 0.264030814 0.930743635 -0.252990216
vn 0.997119427 -0.000383056526 0.0758470222
vn 0.859562933 0.0218124893 -0.510564268
vn 0.429900289 0.0122912712 -0.902792692
vn 0.697633505 0.0400531925 -0.715334356
vn 0.936612785 0.097698465 -0.336469203
vn 0.959250689 0.11976625 -0.255918294
vn 0.850595713 0.119710565 0.512012064
vn 0.772681117 -0.010570446 0.634706378
vn 0.975220144 -0.137870997 0.173023894
vn 0.772099495 0.345171303 0.533590853
vn 0.445435077 0.424044609 0.788526237
vn 0.893997014 0.40057677 0.20076777
vn 0.68732214 0.686691463 -0.236734107
vn 0.934162736 0.0165234711 -0.356464416
vn 0.636314869 0.219396859 0.739573061
vn 0.991541624 0.120056406 0.0493115149
vn -0.265632272 0.61069864 0.745980382
vn -0.365627676 0.730679095 -0.576562643
vn 0.63817054 0.293127984 -0.711908937
vn 0.493253797 0.167751431 0.853557348
vn 0.992455244 0.122495845 -0.0052212826
vn -0.610885859 0.342035562 0.714023948
vn -0.683062553 0.400046617 -0.611054957
vn 0.501637042 0.220213309 -0.836580157
vn 0.332313091 0.699187994 0.633011937
vn 0.848901153 0.517575324 -0.107156925
vn -0.584203064 0.663809776 0.466972679
vn -0.563727558 0.705721021 -0.429149181
vn 0.401573867 0.572809517 -0.714582145
vn 0.88014245 0.244699851 0.406781673
vn 0.810777187 0.279451221 0.514341772
vn 0.692371905 0.319703728 0.646846831
vn 0.966406763 0.128062516 -0.222840279
vn 0.744282305 0.292343974 0.600482225
vn 0.744342327 0.29230544 0.600426435
vn 0.938589633 0.089000538 -0.333359271
vn 0.915183842 0.0817291737 -0.394662738
vn 0.894161701 0.23136209 0.383335918
vn 0.985155284 0.170594066 0.0191484373
vn 0.531490088 0.0066895308 -0.84703809
vn 0.283560902 0.0170688797 -0.958802342
vn 0.726625264 0.0403054617 -0.685850739
vn 0.00712893717 0.956681371 -0.291049689
vn -0.150063992 0.977565706 -0.147804335
vn -0.0468920134 0.929656982 -0.365430176
vn -0.0672888085 0.962589204 -0.262477428
vn 0.0852003321 0.90466994 -0.417508334
vn 0.180652276 0.874286354 -0.450542063
vn -0.906189859 0.131534845 -0.401893616
vn -0.969416738 0.153735116 -0.191302538
vn -0.941592693 0.094815664 -0.32313031
vn -0.776329994 0.00807967596 -0.630274951
vn -0.723040581 -0.0142170116 -0.690659225
vn -0.661161959 -0.0251001492 -0.749823213
vn -0.396343619 -0.0695978478 -0.915460467
vn -0.884173036 0.295220017 -0.36205402
vn -0.38226217 -0.0716790482 -0.921269655
vn -0.214629814 -0.118379585 -0.969494879
vn 0.493023306 -0.173300356 -0.852581382
vn -0.922837436 0.383746266 0.0333132595
vn -0.963350415 0.264252722 0.0461155958
vn -0.706985176 0.659270704 0.255996376
vn -0.122979894 0.939636171 0.319311291
vn -0.843710721 0.48062408 -0.239066333
vn -0.497715175 0.448532909 -0.742359638
vn 0.154842138 0.795725167 -0.585529983
vn -0.575408459 0.513099194 0.636894286
vn 0.326542079 0.604845285 0.726314306
vn -0.9101457 0.397810161 -0.115680069
vn -0.38837108 0.284185886 -0.876587749
vn 0.760111153 0.533566654 -0.370860696
vn -0.582322001 0.36202094 0.727902412
vn 0.486193657 0.525692165 0.698042691
vn -0.984081149 0.149235189 -0.0965050235
vn -0.282386303 0.114826538 -0.952403724
vn 0.84615463 0.393755168 -0.35913682
vn -0.537755549 0.357709438 0.763454556
vn 0.586526215 0.466281444 0.662245035
vn -0.983177245 -0.0183224156 -0.181732655
vn -0.150744125 -0.163185239 -0.975011051
vn 0.906363189 0.173512384 -0.385226399
vn -0.403219372 0.838841379 0.36573115
vn 0.386874646 0.90696919 0.16653806
vn -0.582592487 0.76012522 -0.287742347
vn 0.137214527 0.491409093 -0.86005193
vn 0.653214514 0.517884314 -0.552364647
vn -0.902057469 0.267458618 0.338759869
vn -0.869600952 0.278388649 0.407791466
vn -0.95293659 0.279665053 0.117044672
vn -0.975211561 0.204328239 0.0849253833
vn -0.978538573 0.135269433 -0.155448914
vn -0.978201747 0.134390846 -0.158304632
vn -0.973030686 0.121492788 -0.196089059
vn -0.948939264 0.10067445 -0.29896313
vn 0.468810529 -0.178775802 -0.865017891
vn -0.134602398 -0.0574165992 -0.989234805
vn -0.238145426 -0.0312420391 -0.970726848
vn -0.6177001 0.045601245 -0.785090566
vn -0.718380094 0.0488755889 -0.693931818
vn -0.947801113 0.179042473 -0.263850123
vn -0.965921283 0.19325003 -0.17219317
vn -0.498555899 0.862263262 -0.0891300142
vn -0.488801807 0.838154733 -0.242011473
vn -0.360320061 0.921862841 -0.142612949
vn -0.302696437 0.883754551 -0.356865257
vn -0.241438508 0.9415434 -0.234954357
vn -0.37049982 0.922430992 -0.108861677
vn -0.932940245 0.341394663 0.114333138
vn -0.955073535 0.145742476 0.258057594
vn -0.363821954 0.719309628 0.591800034
vn -0.394228548 0.711663902 0.58147943
vn -0.44331038 0.693675339 0.567706347
vn -0.592086554 0.715957105 0.369917691
vn -0.594861269 0.715859413 0.365630001
vn -0.595638871 0.715855598 0.364369333
vn -0.600152194 0.723419011 0.341294944
vn -0.142970547 0.839629233 0.524006069
vn 0.0272105653 -0.517230928 0.855413318
vn -0.555617332 0.124063462 0.822130024
vn -0.358706743 0.82406044 0.438467503
vn -0.954099655 0.195248842 -0.227093995
vn -0.967113316 0.117094845 0.225789085
vn -0.725926578 0.687074065 0.0309831705
vn -0.445568323 0.674591303 -0.588553607
vn 0.226598576 0.934381127 0.27492699
vn -0.313041985 0.420604408 0.851526082
vn -0.770555675 0.520296693 -0.368151188
vn -0.778425157 0.606378734 0.162354603
vn -0.227066636 0.667468011 -0.70917362
vn 0.186591387 0.950903416 -0.246913478
vn -0.222559333 0.91490835 0.336764187
vn -0.654280782 0.696313143 0.295067072
vn -0.595330536 0.733312607 0.328380942
vn -0.654379249 0.691606939 0.30572471
vn -0.652409315 0.662526011 0.367996246
vn -0.517011106 0.684219897 0.514337003
vn -0.45286122 0.686401606 0.569007576
vn -0.300925225 0.750901937 0.587869406
vn -0.238443837 0.770415008 0.591274381
vn -0.159331292 0.828427553 0.536955535
vn -0.142981395 0.839629531 0.524002433
vn -0.139479548 0.861236751 0.488688856
vn -0.381815374 0.924235821 -0.00228407793
vn -0.464282453 0.852432609 -0.240417242
vn -0.271213591 0.950965047 -0.148690194
vn -0.232489064 0.884692907 -0.404063672
vn 0.0441823378 0.963049412 -0.265676081
vn -0.0724178553 0.997292995 0.0127420351
vn -0.76759088 0.565788448 0.301144183
vn -0.780418277 0.329650134 0.531298459
vn -0.406190485 0.647745013 0.644542992
vn -0.411772341 0.645761311 0.642989755
vn -0.47560671 0.621123791 0.622899413
vn -0.52415365 0.620864451 0.582915366
vn -0.633361816 0.610388815 0.475687146
vn 0.0592289083 0.864622176 0.498919398
vn 0.327029079 -0.46773842 0.821141124
vn -0.0894576907 0.0534802489 0.994553804
vn -0.0558495969 0.925352871 0.374970645
vn -0.926474035 0.37015906 0.0680299997
vn -0.973708987 0.214206725 -0.0774990246
vn -0.504284084 0.854579508 0.124062084
vn -0.505556285 0.778170288 -0.372644305
vn 0.350260854 0.927276015 0.132198289
vn 0.230540231 0.707898796 0.667630553
vn -0.744004786 0.536530972 -0.39823541
vn -0.649885297 0.713517487 0.261805356
vn -0.240419373 0.591893315 -0.769324839
vn 0.394611597 0.79101038 -0.467530012
vn 0.216689929 0.910459101 0.352291942
vn -0.477663577 0.644408107 0.597139478
vn -0.359497815 0.706700921 0.609372854
vn -0.540502429 0.63445276 0.552563846
vn -0.266549379 0.7375772 0.620428383
vn -0.203090042 0.753974676 0.624721348
vn 0.00796151347 0.850293696 0.526248157
vn 0.0296164881 0.857067168 0.514352739
vn 0.00784205738 0.903000832 0.429567128
vn 0.165460795 0.851025045 0.498376399
vn 0.0341425501 0.867851138 0.495649755
vn 0.105633341 0.774245977 0.624007046
vn -0.0852042362 0.76295203 0.640815437
vn -0.142626882 0.846288204 0.513277709
vn 0.0247966666 0.916045547 0.400306761
vn -0.210995227 0.824417114 0.52518338
vn 0.152010471 0.98439616 0.088639535
vn 0.378167152 0.923004389 0.0710807815
vn 0.263860375 0.922993183 -0.280109406
vn 0.439610451 0.886686325 -0.143283263
vn 0.292562306 0.715371549 0.63454783
vn -0.110865772 0.902449727 0.416284859
vn 0.117487706 0.598430634 0.792513371
vn -0.201124251 0.599292099 0.774853528
vn 0.0584176295 0.989377081 -0.133118168
vn -0.384126335 0.708579421 0.591913998
vn 0.251483709 0.917422533 -0.308369547
vn 0.254666865 0.953984082 -0.158300549
vn 0.255423158 0.966503739 -0.0250890758
vn 0.154486224 0.914774716 -0.373257548
vn 0.149983704 0.967060149 0.205668598
vn 0.129770264 0.961862504 0.240790874
vn 0.255566746 0.966653466 0.0163307842
vn -0.221394628 0.818414509 0.530266225
vn -0.136608422 0.867593765 0.478141308
vn 0.0158443414 0.927316785 0.373941809
vn 0.102190927 0.966090441 0.237120837
vn 0.257454574 0.965865076 -0.0286682341
vn 0.263785124 0.955593109 -0.131374195
vn 0.268326759 0.917679965 -0.293025762
vn 0.263312191 0.907921195 -0.326107025
vn -0.160867468 0.971450627 -0.174371496
vn 0.0558478869 0.998128474 -0.0249106586
vn -0.0336076505 0.996291459 0.0792071
vn 0.144110322 0.934632182 0.325107664
vn -0.0735249296 0.894763052 0.440446317
vn -0.259069741 0.960676908 0.0999145135
vn -0.197701126 -0.214679882 -0.95646584
vn -0.798320353 -0.198108405 -0.568715751
vn -0.983682692 -0.0636439249 0.168279007
vn -0.990705788 -0.0735110343 0.114446707
vn -0.992395699 -0.104388557 -0.0652220026
vn -0.971223056 -0.12622714 -0.201971561
vn -0.760246754 -0.0875230804 -0.643711567
vn -0.660420835 -0.0725194886 -0.747385561
vn -0.621034026 -0.050558228 -0.782151282
vn 0.240555793 -0.0451748632 -0.969583511
vn 0.433890402 -0.141088739 -0.88985002
vn -0.065335393 -0.297930479 -0.952349067
vn 0.289550215 0.164784729 -0.942871511
vn 0.706813097 0.223661631 -0.671111643
vn -0.470435232 0.0923796669 -0.877585649
vn -0.610351324 0.48002848 -0.630114198
vn -0.894958377 -0.217709929 -0.38942489
vn 0.546689153 -0.136091605 -0.826202273
vn -0.143688649 -0.231222913 -0.962231517
vn 0.9652282 0.197765529 -0.170948491
vn -0.401106656 0.657494545 0.637819886
vn -0.821835756 -0.0775268003 -0.564425051
vn 0.634112358 -0.107985511 -0.765663505
vn -0.199408159 -0.209696919 -0.957216561
vn 0.95945555 0.232786849 0.158919647
vn -0.310860574 0.436518043 0.844285309
vn -0.947645605 -0.0117136072 -0.319108903
vn 0.686054766 0.0318959504 -0.72685045
vn -0.309772015 -0.0613684244 -0.94882828
vn 0.883760214 0.273141116 0.379949629
vn -0.335782677 0.326631546 0.883494079
vn -0.988560438 0.0827919394 -0.126070455
vn 0.69552654 0.10071741 -0.711406171
vn -0.398183644 0.0492987446 -0.915980041
vn 0.858586967 0.127984017 0.496435672
vn -0.349180967 0.0795486048 0.933672667
vn -0.997314453 0.0303487219 -0.0666540116
vn 0.440046757 0.792672753 -0.421934366
vn -0.378842324 0.62525928 -0.68229717
vn 0.584618211 0.537672639 0.607560396
vn -0.201501623 0.433755994 0.878209949
vn -0.809669495 0.584308863 0.0549408756
vn -0.150852442 0.116609119 -0.981654584
vn -0.0134279523 0.15755266 -0.987419367
vn 0.256002337 0.315603614 -0.91370523
vn 0.42971009 0.317459673 -0.845321536
vn 0.43854773 0.337649584 -0.832867742
vn -0.537840664 -0.0801934972 -0.839223564
vn 0.082503669 0.118921652 -0.989469945
vn 0.0202434715 0.0831027925 -0.996335328
vn -0.980204463 -0.0597855672 0.18874602
vn -0.571050942 -0.0878067091 -0.816205144
vn -0.661451817 -0.110789441 -0.741759539
vn -0.817857087 -0.114885025 -0.563836157
vn -0.971462667 -0.126782119 -0.200465992
vn -0.990923703 -0.107194684 -0.0811135843
vn -0.0567550808 0.99224478 0.110585406
vn 0.0921231955 0.995577574 -0.0184046235
vn 0.130988494 0.989106476 0.0671600178
vn 0.238733768 0.967657924 0.0815130025
vn 0.239477888 0.913243532 0.329600543
vn 0.00392737333 0.928713858 0.370776653
vn -0.980319202 0.176753268 -0.087934874
vn -0.969308436 -0.090936318 -0.228411213
vn 0.0178421494 -0.237688795 -0.971177518
vn 0.083508119 -0.219915599 -0.971938074
vn 0.0653763264 -0.223709166 -0.972460926
vn -0.0775276423 -0.251340538 -0.964788735
vn -0.444105387 -0.258505672 -0.857872486
vn -0.631605327 -0.245900631 -0.735260248
vn -0.911894917 -0.14234063 -0.384950608
vn -0.923794627 -0.13477847 -0.358382761
vn -0.973030269 -0.230661362 -0.00271900487
vn -0.813455343 -0.147700801 -0.562560856
vn -0.933417261 -0.352767348 -0.0654786825
vn -0.715853095 0.538737595 -0.444202811
vn -0.954126954 0.134453505 0.267514408
vn -0.694286525 0.358096868 0.624285817
vn -0.959414542 -0.121633276 0.254419237
vn -0.872091353 -0.173322439 0.457620084
vn -0.595122755 -0.0151511999 -0.80349201
vn -0.966497481 -0.215101033 -0.140050739
vn 0.286674559 0.63680166 -0.715752244
vn -0.0531970002 0.420922548 0.9055354
vn -0.809892058 -0.099227421 0.578125298
vn -0.402067184 0.168585286 -0.899956107
vn -0.985550642 0.00968989171 -0.16910398
vn 0.731500685 0.408864617 -0.54565233
vn 0.420204997 0.279425204 0.863336086
vn -0.602010369 0.0747114494 0.794985414
vn -0.225453824 0.069661133 -0.971760273
vn -0.962055147 0.0278577898 -0.27142936
vn 0.840376437 -0.0122571513 -0.541864574
vn 0.6674788 -0.129011884 0.733367622
vn -0.656210542 -0.0791365206 0.750416636
vn -0.0218819752 0.813791335 -0.580745041
vn -0.652815342 0.756871223 -0.0312753394
vn 0.724176943 0.669621766 -0.164846763
vn 0.558874249 0.457216233 0.691818476
vn -0.310536355 0.538235724 0.783498228
vn -0.0900539532 -0.262313336 -0.960771561
vn -0.781949162 -0.218211874 -0.583899796
vn -0.622650504 -0.263714671 -0.736723065
vn -0.489735901 -0.272401452 -0.828224778
vn -0.932103395 0.132190168 0.337207466
vn -0.772280514 0.25995931 0.579658508
vn -0.999603093 -0.0265372433 0.00945081841
vn -0.875155509 0.228058502 0.426722676
vn -0.888021171 0.221388862 0.402995586
vn -0.999805093 -0.0115315989 -0.0160258934
vn -0.980125487 -0.0726438388 -0.184599683
vn 0.180859342 0.958686829 -0.21956633
vn 0.441148877 0.896163523 -0.0477346405
vn -0.0123276571 0.990842223 -0.134461612
vn 0.239465445 0.950486183 0.19807139
vn -0.0385724008 0.998395324 0.0414582901
vn -0.0373616181 0.987583458 -0.15258804
vn 0.739696503 0.452176034 -0.498383373
vn 0.647262692 0.14243111 -0.748841941
vn 0.953319728 0.171080351 -0.248823181
vn 0.960612595 0.181296393 -0.210606381
vn 0.972019732 0.231631801 0.0390431248
vn 0.964463711 0.24579072 0.096937187
vn 0.3006607 0.0169755984 -0.953580081
vn 0.699822724 0.287828475 -0.653760672
vn 0.246214479 0.0889260843 -0.965127289
vn 0.500015438 0.834144413 -0.23278226
vn 0.0441375338 0.463396877 -0.885050952
vn -0.380101115 0.816445529 -0.434672207
vn 0.0368788056 0.144356996 -0.988838196
vn -0.315536708 0.284021705 -0.905410528
vn 0.886470377 0.163037881 -0.433115393
vn 0.256066948 -0.0182241034 -0.966487229
vn 0.529593468 0.748789489 0.398553848
vn -0.69292742 0.720998049 -0.00365070091
vn -0.535601795 0.202759758 -0.819767714
vn 0.958755672 0.138405129 -0.248257026
vn 0.281489372 0.0366072394 -0.958865881
vn 0.436908543 0.405569196 0.802885234
vn -0.84211427 0.388362288 0.374190211
vn -0.690129042 0.148161888 -0.708357215
vn 0.896815479 0.437933862 -0.0627362505
vn 0.383941323 0.625867546 -0.678880692
vn 0.434923619 0.57757014 0.690835893
vn -0.462632716 0.781840205 0.417967498
vn -0.450716048 0.786209226 -0.422764868
vn 0.936869204 0.15232867 -0.314757079
vn 0.360957593 -0.0822848678 -0.928945005
vn 0.384223193 -0.0771870092 -0.920007944
vn 0.625848472 -0.00387293799 -0.779935062
vn 0.864974678 0.0937969834 -0.49297145
vn 0.972086012 0.230920434 0.0415260941
vn 0.972271144 0.188398063 -0.138545901
vn 0.869839728 0.0841608495 -0.48610273
vn 0.817076206 0.0587848574 -0.573524892
vn 0.699311435 0.0117976349 -0.714719772
vn 0.239238098 -0.110708326 -0.964628816
vn -0.202207536 -0.178906441 -0.96286279
vn -0.222728088 -0.180200502 -0.958081424
vn 0.371212572 -0.0852198824 -0.924629033
vn 0.0924412385 -0.135381356 -0.986471772
vn -0.201119602 -0.178835928 -0.963103652
vn 0.267282754 0.958254576 -0.101529069
vn 0.170731664 0.984113574 0.0486950055
vn 0.11261642 0.992887676 0.0386208929
vn 0.0453350842 0.993698835 0.102505699
vn 0.0283677336 0.999577284 -0.00635983096
vn 0.156259418 0.976151645 -0.150701612
vn -0.751343131 0.162926629 -0.639482975
vn -0.297321409 0.0237332415 -0.954482377
vn -0.758237481 0.606068671 -0.2403263
vn -0.860331118 0.508871138 0.0296722148
vn -0.466407627 0.883682191 -0.0396197066
vn 0.373034179 -0.133751452 -0.918126404
vn 0.334093332 -0.110397533 -0.936052382
vn 0.179692969 -0.0665439367 -0.981469512
vn -0.152679324 0.0390933305 -0.987502337
vn -0.268722117 0.0829586238 -0.959638655
vn -0.287161201 0.0898335725 -0.953660548
vn -0.495506734 0.208580256 -0.843188763
vn -0.512251377 0.785721719 0.346756279
vn 0.0196149815 0.804209888 0.594021559
vn 0.296260178 0.922795653 -0.246329337
vn -0.763323486 0.573347509 0.297674
vn -0.578625143 0.656031489 0.484577686
vn -0.770991385 0.633255303 -0.0675275996
vn -0.380094528 0.717318535 -0.58393687
vn 0.317704201 0.499124736 0.80618763
vn 0.705464602 0.591445744 -0.390527487
vn -0.634105563 0.441431344 0.634860992
vn -0.877358794 0.466850907 -0.110868514
vn -0.314012259 0.523008645 -0.792374969
vn 0.518952668 0.258091301 0.81490922
vn 0.837744832 0.293888032 -0.460232019
vn -0.664791763 0.283115745 0.691301286
vn -0.934956491 0.314107358 -0.164902821
vn -0.230502382 0.324466884 -0.917382121
vn 0.586763144 0.172232196 0.791230202
vn 0.890054405 0.0903780684 -0.446805209
vn -0.613996208 0.240263492 0.751852453
vn -0.957311809 0.216371521 -0.19167003
vn -0.159726202 0.130382553 -0.978513122
vn 0.561121464 0.0611393005 0.825472355
vn 0.949971974 0.0456162654 -0.308986068
vn -0.530151308 0.110652417 0.840651929
vn -0.983403385 0.129719123 -0.12684904
vn -0.142806113 0.0967728198 -0.985008359
vn 0.577968717 -0.0438854657 0.814878047
vn 0.962727129 -0.00897325948 -0.270325571
vn -0.512841165 0.0370374061 0.857684195
vn -0.986406863 0.126886904 -0.104409575
vn -0.116354041 0.115701206 -0.986445606
vn 0.506644905 0.728528678 0.461038858
vn 0.744598806 0.588420749 -0.315172195
vn -0.301561385 0.767210245 0.566082299
vn -0.56608212 0.817602515 -0.105247132
vn 0.104065463 0.730525315 -0.67490977
vn 0.374717563 -0.12633954 -0.918490648
vn 0.439408332 -0.145693257 -0.886393666
vn -0.604629695 0.262046754 -0.75216645
vn -0.656320393 0.285735488 -0.698282659
vn -0.876376927 0.471880317 -0.0963968709
vn -0.850711584 0.509503603 0.129212812
vn -0.749628305 0.365656525 0.551681757
vn -0.910526097 0.282837778 0.301570892
vn -0.923447549 0.2851215 0.256807923
vn -0.836055398 0.262134045 0.481972009
vn -0.944491267 0.282429278 0.167839393
vn -0.929808915 0.249379039 -0.270675838
vn -0.833082497 0.197592258 -0.516653538
vn -0.166133761 0.979745507 0.11179582
vn -0.204820991 0.976465404 -0.0675548911
vn -0.125480726 0.98899889 -0.0783308074
vn -0.055658631 0.989614487 -0.132534444
vn 0.166517496 0.985987544 -0.0100196162
vn 0.084609367 0.97585994 0.201341614
vn -0.860237062 -0.265084475 0.435571313
vn -0.919156432 -0.363435 -0.151876777
vn -0.695052385 0.147057205 0.703758717
vn -0.517239153 0.0273120124 0.855405092
vn -0.26959455 0.156705275 0.950137973
vn -0.33325997 0.110127352 0.93638128
vn -0.34120822 0.10479039 0.934128404
vn -0.464864433 0.0167746767 0.885222852
vn -0.568282306 -0.0435252078 0.821681678
vn -0.991305828 0.131468475 0.00536794029
vn -0.854593217 -0.0584923066 0.515993416
vn -0.557566226 0.490905017 0.669426739
vn -0.726278663 0.625777245 -0.284468353
vn -0.229414523 0.422269166 0.876959383
vn 0.185325757 0.694533288 0.695181966
vn -0.0269390643 0.210800499 0.977157831
vn -0.986721277 0.107874908 -0.121425159
vn -0.805497527 -0.0749633238 0.58783859
vn -0.489141852 0.533374131 -0.690110326
vn 0.691226244 0.605066597 0.395095676
vn 0.169827849 0.114149787 0.978840351
vn -0.940946162 0.233894303 -0.244772717
vn -0.662534237 0.224656507 0.714547336
vn -0.0342504233 0.351186097 -0.935679018
vn 0.909649551 0.410390198 -0.0641681701
vn 0.340153068 0.312697351 0.88685745
vn -0.724286556 0.660082459 -0.199248642
vn -0.481689036 0.670520306 0.564250112
vn 0.00968876574 0.748565137 -0.662990391
vn 0.749885321 0.660878122 0.0301993433
vn 0.316825509 0.604208291 0.731131971
vn -0.909630358 -0.358659059 -0.209609643
vn -0.920023263 -0.36074537 -0.153036281
vn -0.941594064 -0.336275548 0.0178710744
vn -0.871348321 -0.236723974 0.429783374
vn -0.847624719 -0.215143323 0.485021383
vn -0.730058968 -0.128504366 0.67119348
vn -0.487555414 0.04556261 0.871902347
vn -0.457988083 0.0613185912 0.88684094
vn -0.442182511 0.0729766935 0.893951297
vn 0.0210154075 0.253977507 0.966981888
vn 0.0287746936 0.258176386 0.965669215
vn 0.0345640704 0.262251228 0.964380503
vn 0.160116285 0.351330578 0.92245847
vn 0.0852198303 0.310412645 0.946774364
vn 0.0136828832 0.2704494 0.962636948
vn -0.318536282 0.119115405 0.940396845
vn -0.331130296 0.11151775 0.936972022
vn 0.507644475 0.857597768 -0.0826031938
vn 0.581380308 0.812062919 -0.050504446
vn 0.560865164 0.827246964 0.0330563076
vn 0.575930178 0.813801289 0.0776654854
vn 0.502756774 0.847741425 0.169026747
vn 0.447469175 0.89194423 0.0648594648
vn 0.357598186 0.775211751 0.520740151
vn 0.27217105 0.639640391 0.718876362
vn 0.287062973 0.213374361 0.933844864
vn 0.320540279 0.146653846 0.935813308
vn 0.308992743 0.233464003 0.921964169
vn 0.316779763 0.244336501 0.916488051
vn 0.397634029 0.358537346 0.844593525
vn 0.407770932 0.383299619 0.828736484
vn 0.408519596 0.383369714 0.828335285
vn 0.41234529 0.38374123 0.826265156
vn 0.412485629 0.383769304 0.826182008
vn 0.413132966 0.383895248 0.825800061
vn 0.559828639 0.406648517 0.721961796
vn 0.903685451 0.270159751 0.332214445
vn 0.871742189 0.357742488 -0.334792167
vn 0.412461758 0.699379563 -0.583732367
vn 0.822989941 0.346165389 0.450396508
vn 0.892270446 0.400101513 0.209217727
vn 0.405281723 0.591643393 0.696925223
vn 0.513672531 0.695195854 0.502835035
vn 0.108727969 0.987662494 0.112698667
vn 0.73869592 0.609612465 -0.287577659
vn 0.387483954 0.834011137 -0.39278698
vn 0.778447807 0.587009907 0.22234726
vn 0.426651776 0.767522335 0.478411853
vn 0.166704863 0.981306016 0.0961671174
vn 0.724589229 0.336085171 0.601678669
vn 0.731689215 0.32274726 0.600387514
vn 0.796876252 0.168630973 0.580130875
vn 0.564555764 0.408088893 0.717453957
vn 0.573136985 0.411052108 0.708907664
vn 0.64431572 0.372993797 0.667632341
vn 0.795519829 0.368939757 0.480657399
vn 0.805864811 0.301510274 0.509581625
vn 0.774583519 0.418675452 0.474058211
vn 0.62408936 0.535366416 0.569117904
vn 0.494297534 0.607207835 0.622067928
vn 0.36470139 0.56535697 0.739840865
vn 0.307442576 0.542535603 0.781750739
vn 0.295089543 0.518036425 0.80284524
vn 0.247284129 0.353049129 0.902334154
vn 0.224395499 0.27047956 0.936209023
vn 0.216942847 0.196310535 0.956241608
vn 0.537339747 0.356758177 0.764192045
vn 0.960612595 0.181296393 -0.210606441
vn 0.936869204 0.15232867 -0.314757079
vn 0.297711313 -0.0955637842 -0.949860752
vn -0.505465031 -0.189691931 -0.841737568
vn -0.581711173 0.185477406 0.791966081
vn 0.864974678 0.0937969834 -0.49297145
vn 0.625848472 -0.00387293799 -0.779935062
vn 0.384223193 -0.0771870092 -0.920007944
vn 0.360957593 -0.0822848678 -0.928945005
vn 0.964463711 0.24579072 0.096937187
vn 0.972019732 0.231631801 0.0390431248
vn 0.699311435 0.0117976349 -0.714719772
vn 0.817076206 0.0587848574 -0.573524952
vn 0.869839728 0.0841608495 -0.48610267
vn 0.972271204 0.188398063 -0.138545901
vn 0.972086072 0.230920434 0.0415260941
vn -0.202207521 -0.178906441 -0.96286273
vn 0.239238098 -0.110708311 -0.964628875
vn 0.371212572 -0.0852198824 -0.924629033
vn -0.222728088 -0.180200502 -0.958081424
vn 0.0924412385 -0.135381326 -0.986471772
vn -0.201119602 -0.178835928 -0.963103652
vn -0.186836019 0.981404126 0.0440252759
vn -0.195549756 0.980353177 0.0258445796
vn -0.170953721 0.983734787 0.0551414527
vn -0.185630709 0.982415855 0.0200085007
vn -0.166247129 0.985454679 -0.0352285095
vn -0.156722665 0.986374974 -0.0500232764
vn -0.154692143 0.986835897 -0.0471709967
vn -0.0916424245 0.9953565 -0.0294480883
vn -0.0850273445 0.995608926 -0.0391559079
vn -0.108757526 0.993909419 0.0177681111
vn -0.111712962 0.99348706 0.0224418733
vn -0.114833765 0.99300009 0.0276415404
vn -0.167586118 0.984700084 0.0477555245
vn -0.173463598 0.983539402 0.0506044254
vn -0.185151041 0.982541263 0.0182159301
vn -0.0800285339 0.995202422 -0.0562807731
vn -0.0813675225 0.995050013 -0.057051219
vn -0.0865097344 0.994897366 -0.0519165732
vn -0.0857753679 0.994939864 -0.052319508
vn -0.0784778297 0.995706022 -0.0491007529
vn -0.0701837614 0.995676041 -0.060857363
vn -0.077540569 0.995932221 -0.0458960235
vn -0.0829998404 0.995943308 -0.0347568505
vn -0.0989705399 0.995088398 -0.00198836857
vn -0.0701837465 0.995675921 -0.0608574077
vn -0.0718348101 0.995714962 -0.0582371652
vn -0.0812525004 0.995185971 -0.054799404
vn -0.070183754 0.995675981 -0.0608573854
vn -0.0714364648 0.995739102 -0.0583138987
vn -0.070183754 0.995675981 -0.0608574152
vn 0.122022241 0.892379344 0.434476286
vn 0.554130495 -0.38374418 0.738701522
vn 0.855882943 0.458149612 0.239923254
vn 0.822112679 0.566409171 -0.0575456619
vn 0.158409119 0.901393652 0.402983993
vn 0.733850598 0.674233317 -0.0829016194
vn 0.559423625 0.827300191 0.0511834137
vn -0.00646481523 0.945669711 0.325064391
vn -0.000429289183 0.944916666 0.327310681
vn 0.153660223 0.909447372 0.386385798
vn 0.159816399 0.912270904 0.377121389
vn 0.281480879 0.895354271 0.345121861
vn 0.287141562 0.89411366 0.343672097
vn 0.68961823 0.722310841 0.0519004352
vn 0.707322955 0.706068516 0.0340826996
vn 0.709408045 0.702857196 -0.0522691123
vn 0.0471174344 0.937549412 0.344646156
vn -0.010232714 0.946118832 0.323658109
vn 0.707474887 0.701756537 -0.0837677568
vn 0.736898124 0.666864574 -0.11078278
vn 0.734601378 0.669394016 -0.11078126
vn 0.709713638 0.695767105 -0.110519871
vn 0.605916262 0.793243051 0.0602573901
vn 0.755383134 0.647856116 -0.0983811989
vn 0.762513816 0.639737606 -0.0964809805
vn 0.752053201 0.657230973 0.0496332757
vn 0.749165058 0.658948958 0.0673640445
vn 0.741470039 0.664836049 0.0906376466
vn 0.665173471 0.723137975 0.186052755
vn 0.325636774 0.823368251 0.464785367
vn 0.287410945 0.786951184 0.545987844
vn 0.227415368 0.723277867 0.652036428
vn 0.0772055686 0.931635797 0.355097324
vn 0.467962623 0.875668049 0.119233072
vn 0.458591551 0.885150611 0.0787538514
vn 0.462973475 0.883675992 0.0690824315
vn 0.475250989 0.878568113 0.0474820845
vn 0.428941935 0.897712946 0.100599699
vn 0.431267351 0.896340787 0.102866873
vn 0.435008496 0.896934748 0.079219602
vn 0.45277977 0.891355515 0.0218158662
vn 0.487228423 0.87327379 0.00114605355
vn 0.715089142 -0.0414960384 -0.697800517
vn 0.475250989 0.878568172 0.0474820919
vn 0.462973475 0.883675933 0.0690824017
vn 0.458591551 0.885150671 0.0787538514
vn 0.467962623 0.875667989 0.119233072
vn 0.78229028 -0.0808079615 -0.61765039
vn 0.428941935 0.897712946 0.100599699
vn 0.9144786 0.0520617068 -0.401271164
vn 0.757025898 -0.0801528841 -0.648449898
vn 0.431267381 0.896340847 0.102866888
vn 0.338367552 0.0961037949 -0.936093688
vn 0.435008496 0.896934748 0.0792196169
vn 0.4527798 0.891355515 0.0218158662
vn 0.487228483 0.87327373 0.00114605366
vn 0.529954553 -0.00619973242 -0.848003447
vn 0.567487657 -0.0284994822 -0.822888553
vn 0.627952039 -0.024635097 -0.777862132
vn 0.677799344 -0.0807366073 -0.730800688
vn 0.567825079 -0.0369321257 -0.822320282
vn 0.646496177 -0.0672931001 -0.759943664
vn 0.497014701 0.757567704 -0.423163712
vn 0.614164948 0.748361051 -0.250513852
vn 0.401279867 0.863516808 -0.305472195
vn 0.575846493 0.816207349 -0.0469713546
vn 0.440200269 0.882754147 -0.164221689
vn 0.410676748 0.838791907 -0.357453108
vn 0.150571555 0.974562287 0.166001454
vn 0.19171676 0.921253383 0.338432878
vn -0.190977901 0.947446406 0.256657064
vn -0.237269193 0.959868848 0.149516061
vn -0.282487154 0.957478404 0.058618255
vn -0.338540196 0.935855031 -0.0978052095
vn -0.343742311 0.931157887 -0.121598601
vn 0.515387833 0.840904474 -0.165090948
vn 0.633937895 0.766953528 0.0995241702
vn 0.906856596 0.383565515 -0.174609676
vn 0.670625567 0.287654638 -0.683751523
vn 0.44540897 0.825347543 0.347004831
vn 0.737396777 0.643960595 0.203865096
vn 0.254981995 0.955237865 0.150016144
vn 0.116353191 0.769298613 -0.628205001
vn 0.903353631 0.387691945 -0.183431536
vn 0.633804202 0.438517541 -0.63717705
vn 0.79185468 0.557626426 0.249035969
vn 0.366681933 0.911800861 0.184833661
vn 0.197261125 0.770937502 -0.605593443
vn 0.358077198 0.82894361 -0.429689884
vn -0.272393942 0.891785026 -0.361276835
vn 0.52774328 0.80062604 0.283698678
vn 0.458940685 0.834791362 0.304132611
vn 0.525597155 0.801797807 0.284373134
vn 0.565925181 0.788376987 0.241227031
vn -0.159548298 0.905127168 -0.394067258
vn -0.268852472 0.871187925 -0.410791993
vn -0.268837303 0.871274769 -0.41061762
vn -0.269020915 0.871338904 -0.410361022
vn -0.195328385 0.897822201 -0.394667238
vn -0.00788403954 0.923639238 0.383181959
vn -0.0113213155 0.924087942 0.382012188
vn 0.207120761 0.910691857 0.357409179
vn 0.537661493 0.795119524 0.280544162
vn -0.311623901 0.876435816 -0.367084205
vn -0.347688228 0.866412938 -0.358387351
vn -0.352701455 0.866254926 -0.353841871
vn -0.352616131 0.866938829 -0.3522484
vn -0.334049612 0.936102629 -0.110103391
vn -0.311880559 0.949809492 -0.0243431143
vn -0.216725647 0.944634318 0.246365651
vn -0.16475907 0.943811774 0.286485046
vn -0.0253130924 0.923397899 0.383008748
vn -0.349464238 0.909278929 -0.226023138
vn -0.351584822 0.887786806 -0.297023326
vn -0.311083823 0.890262306 -0.332655936
vn -0.277936965 0.890536666 -0.360132575
vn -0.0964783132 0.824831605 0.557085931
vn -0.0271597449 0.831902146 0.554257333
vn 0.0545181707 0.84014535 0.539614201
vn -0.628809512 0.770906508 0.101498105
vn -0.581242025 0.777670741 0.23955372
vn -0.545045674 0.775492251 0.318648726
vn -0.431969523 0.80334419 0.409927458
vn -0.202403232 0.807733536 0.553714216
vn -0.721516013 0.663466215 -0.198058426
vn -0.73522836 0.673078418 -0.0800296217
vn -0.718695223 0.69187361 -0.0691963434
vn -0.689700544 0.707220018 0.155412614
vn -0.567413688 0.726293027 0.387994796
vn -0.568061829 0.727166414 0.385402054
vn -0.568815172 0.752437234 0.332095683
vn -0.731067598 0.650862515 -0.204739571
vn -0.723511815 0.658781469 -0.206246495
vn 0.544488847 0.679319263 -0.491993129
vn 0.108650029 0.777921677 0.618896663
vn -0.185516268 0.751644194 0.632941246
vn -0.195003137 0.749891937 0.632167757
vn -0.672571003 0.71136409 0.203983843
vn -0.677758217 0.709061801 0.194615036
vn 0.465341866 0.809369028 0.358299881
vn 0.244749501 0.794715106 0.555450797
vn 0.18932417 0.782205522 0.593557775
vn 0.598725736 0.800947249 -0.00329829589
vn 0.290377676 0.828177392 0.479377568
vn 0.148769394 0.81784308 0.555877924
vn -0.559556723 0.677127481 -0.477906615
vn -0.532854497 0.673110962 -0.512823164
vn -0.673013151 0.704908133 -0.223959267
vn -0.669168711 0.716921687 -0.195541561
vn -0.657403409 0.709947169 -0.252578348
vn 0.0159710385 0.777261913 -0.628974438
vn 0.0102841519 0.746073425 -0.665784299
vn 0.0276446156 0.770145476 -0.63726908
vn 0.0870343894 0.845154464 -0.527388692
vn 0.291635931 0.775521636 -0.559923768
vn 0.318658501 0.779316247 -0.539557993
vn 0.132009074 0.749680698 -0.648500144
vn 0.399655044 0.78842628 -0.467610776
vn 0.358510226 0.827226818 -0.432627052
vn 0.39389199 0.846757114 -0.357563227
vn 0.310912281 0.881417334 -0.355579764
vn 0.144353092 0.780324817 -0.608486176
vn 0.240225881 0.865369737 -0.439803064
vn 0.205692276 0.856477082 -0.473431796
vn -0.751232266 0.6482113 0.124387026
vn -0.743157566 0.655267179 0.135431796
vn -0.724919796 0.679816663 0.111087725
vn -0.703475237 0.661917448 0.258820027
vn -0.657052577 0.673408568 0.338825613
vn -0.668500483 0.685316861 0.288873464
vn -0.667258382 0.679387391 0.305285335
vn -0.670457184 0.408351243 0.619464576
vn 0.614132702 0.340499103 0.711970091
vn 0.958698392 0.119341448 -0.258176297
vn 0.697633505 0.040053159 -0.715334356
vn 0.283560902 0.0170688797 -0.958802342
vn -0.569558322 0.104196638 -0.815319777
vn 0.959250689 0.11976625 -0.255918294
vn 0.692371905 0.319703728 0.646846831
vn 0.810777187 0.279451191 0.514341772
vn 0.88014245 0.24469988 0.406781673
vn 0.966406763 0.128062546 -0.222840279
vn 0.744342387 0.29230544 0.600426435
vn 0.744282305 0.292343944 0.600482166
vn 0.894161701 0.231362075 0.383335888
vn 0.915183842 0.0817291737 -0.394662738
vn 0.938589633 0.089000538 -0.333359271
vn 0.985155284 0.170594051 0.0191484354
vn 0.531490088 0.0066895308 -0.84703809
vn 0.726625264 0.0403054617 -0.685850739
vn 0.936612785 0.097698465 -0.336469203
vn -0.869600952 0.278388649 0.407791466
vn -0.902057469 0.267458618 0.338759869
vn -0.95293659 0.279665053 0.117044672
vn 0.731847703 0.257388949 0.63099122
vn -0.748281538 0.303380758 0.58994478
vn -0.973030567 0.121492773 -0.196089059
vn -0.978201747 0.134390846 -0.158304662
vn -0.978538573 0.135269433 -0.155448943
vn -0.975211561 0.204328239 0.0849253982
vn -0.948939264 0.10067445 -0.29896313
vn -0.382262111 -0.0716790482 -0.921269655
vn 0.773439646 -0.0607888103 -0.630948246
vn 0.493023306 -0.173300356 -0.852581382
vn -0.214629829 -0.118379585 -0.969494879
vn -0.965921283 0.19325003 -0.17219314
vn -0.947801113 0.179042473 -0.263850093
vn -0.718380094 0.0488755889 -0.693931818
vn -0.6177001 0.045601245 -0.785090506
vn -0.238145426 -0.0312420558 -0.970726907
vn -0.134602398 -0.0574165992 -0.989234865
vn 0.468810529 -0.178775817 -0.865017831
vn 0.673413575 0.665007412 0.322923183
vn 0.328288823 0.381797284 -0.863977611
vn -0.828675091 -0.0910396427 -0.552276611
vn -0.990705788 -0.0735110044 0.114446707
vn -0.980204463 -0.0597855486 0.18874602
vn -0.251434892 0.321311802 0.912983716
vn 0.256002337 0.315603644 -0.91370523
vn -0.0134279523 0.15755266 -0.987419367
vn -0.150852442 0.116609119 -0.981654584
vn -0.621034026 -0.050558228 -0.782151282
vn 0.42971015 0.317459702 -0.845321596
vn 0.43854773 0.337649584 -0.832867742
vn -0.537840724 -0.0801935047 -0.839223623
vn 0.0202434715 0.0831027925 -0.996335328
vn 0.082503669 0.118921652 -0.989469945
vn -0.661451757 -0.110789411 -0.741759539
vn -0.571051002 -0.0878067315 -0.816205144
vn -0.990923703 -0.107194699 -0.0811135843
vn -0.971462667 -0.126782134 -0.200465992
vn -0.817857087 -0.11488501 -0.563836217
vn -0.660420835 -0.0725194886 -0.747385561
vn -0.760246754 -0.0875230432 -0.643711567
vn -0.971223056 -0.12622714 -0.201971561
vn -0.992395699 -0.10438852 -0.0652220026
vn 0.00693514664 0.785767317 0.618483245
vn -0.0303676911 0.809203982 0.586742461
vn 0.00244605355 0.834156871 0.551521897
vn 0.00795485359 0.849283099 0.527877688
vn 0.0749158487 0.864244998 0.497461706
vn 0.0841157585 0.822714031 0.562197745
vn 0.247397065 0.55466038 0.794447422
vn 0.0115889739 0.698996544 0.715031207
vn -0.221156046 0.731306672 0.645198107
vn -0.000641721243 0.629058838 0.777357459
vn 0.0488153137 0.913622856 0.403621554
vn -0.0959919095 0.900902867 0.42327261
vn 0.28740561 0.900097668 0.327448249
vn 0.147018239 0.910580516 0.386301398
vn 0.418316782 0.727705717 0.543558121
vn 0.246884361 0.770100713 0.588211656
vn 0.914937913 0.397642761 0.0690572187
vn 0.945066571 0.322196066 -0.0551264808
vn 0.954938531 0.292492509 -0.0504052863
vn 0.939956784 0.341269225 -0.00408656429
vn 0.877683818 0.462986171 0.123753205
vn 0.869277894 0.475027055 0.136767134
vn 0.730937064 0.674594522 0.103214361
vn 0.716543794 0.69143343 0.0921129882
vn 0.696648657 0.715997577 0.0450347662
vn 0.921520412 0.387482226 0.0256428048
vn 0.926540196 0.375160724 0.0278882403
vn 0.666318774 0.741000354 0.0832930282
vn 0.649414182 0.755459547 0.086844787
vn 0.611269236 0.785765767 0.0944570303
vn 0.924244225 0.380956411 0.0253924411
vn 0.672723591 0.739695132 0.017148545
vn 0.627801239 0.778368056 0.00295610866
vn 0.642620027 0.757731736 0.11349874
vn 0.643858135 0.756677628 0.113515005
vn 0.654181063 0.747808754 0.11326576
vn 0.728816748 0.683912456 0.0330140777
vn 0.547216296 0.836203754 -0.0362987071
vn 0.529559672 0.848204494 -0.010760989
vn 0.711248815 0.701403081 0.046464242
vn 0.858107746 0.510158241 -0.0582194515
vn 0.439374 0.141464323 -0.887095451
vn 0.505823016 0.134639025 -0.852065325
vn 0.0470154136 0.546518683 -0.836126149
vn 0.0486122221 0.545113146 -0.836951911
vn 0.263034105 0.916483939 -0.301446825
vn 0.540708423 0.126281992 -0.831677377
vn 0.343244523 0.209168121 -0.915659249
vn 0.237611771 0.279872954 -0.930167615
vn 0.195815623 0.304866076 -0.932047665
vn 0.0820021778 0.368190706 -0.926127017
vn 0.508328795 0.134774312 -0.850551426
vn 0.604664087 0.188941151 -0.773745835
vn 0.653784573 0.221994221 -0.723383963
vn 0.251928717 0.696545005 -0.671831131
vn 0.358439565 0.697218657 -0.62081176
vn 0.486614525 0.687797964 -0.538646817
vn 0.308638245 0.927417338 -0.211280555
vn 0.072746627 0.372663587 -0.925110698
vn 0.0719687715 0.401855022 -0.912870824
vn 0.0650356188 0.53047967 -0.845199227
vn 0.106300317 0.567124784 -0.816743314
vn 0.676421225 0.348891348 -0.648636281
vn 0.579877436 0.230296776 -0.781476438
vn 0.556903839 0.202727526 -0.805456221
vn 0.504373491 0.135895327 -0.852724969
vn 0.419015735 0.150582328 -0.895405293
vn 0.358654588 0.197527692 -0.912331998
vn 0.681953728 0.370964706 -0.630336702
vn 0.242533326 0.708073914 -0.663180828
vn 0.211221084 0.668554902 -0.713035703
vn 0.249014646 0.943472207 -0.218750522
vn 0.378714651 0.708470941 -0.595520139
vn 0.678582311 0.333400756 -0.654499829
vn 0.636189699 0.200605765 -0.744996607
vn 0.408839971 0.142576605 -0.901399851
vn 0.464467674 0.140542179 -0.874366999
vn 0.183644295 0.619726241 -0.763029635
vn 0.112234287 0.486602724 -0.866384029
vn 0.119961441 0.410452098 -0.903957069
vn 0.126646474 0.320945263 -0.938591957
vn 0.188588738 0.285159737 -0.939743638
vn 0.262153387 0.239375487 -0.934866309
vn 0.313045293 0.20733878 -0.926829636
vn 0.0870343894 0.845154464 -0.527388692
vn 0.0159710385 0.777261913 -0.628974438
vn 0.291635931 0.775521636 -0.559923768
vn 0.318658501 0.779316247 -0.539557993
vn 0.39389199 0.846757114 -0.357563287
vn 0.358510226 0.827226818 -0.432627082
vn 0.310912281 0.881417394 -0.355579704
vn 0.240225881 0.865369797 -0.439803064
vn 0.205692276 0.856477022 -0.473431796
vn -0.69615382 0.631125093 0.342127174
vn -0.667259634 0.697513819 0.261225969
vn -0.615813613 0.708325684 0.345033705
vn -0.573082745 0.757200718 0.313405782
vn -0.550115943 0.718744755 0.425180525
vn -0.626907289 0.644345105 0.437957406
vn -0.724471509 0.610534132 0.319983214
vn -0.710181653 0.662960947 0.236906663
vn -0.602682412 0.726293683 0.330562592
vn -0.577246547 0.686903715 0.441531032
vn -0.642250657 0.62404412 0.44506523
vn -0.724919915 0.679816604 0.111087739
vn -0.743157566 0.655267179 0.135431767
vn -0.751232266 0.6482113 0.124387026
vn -0.703475177 0.661917448 0.258820027
vn -0.657052577 0.673408568 0.338825613
vn -0.667258322 0.679387271 0.305285364
vn -0.668500483 0.685316861 0.288873404
vn -0.601923585 0.797261953 0.0454039648
vn 0.762807846 0.598640263 -0.244446486
vn 0.678414881 -0.0466838926 -0.733194292
vn 0.402133971 -0.280126542 -0.871675014
vn -0.902356207 0.407944322 -0.139049411
vn 0.839170992 0.344518632 -0.420831203
vn 0.803828776 0.141279027 -0.577840269
vn 0.758674026 0.612906694 -0.220814809
vn 0.838827252 0.404038757 -0.36485824
vn -0.142827302 0.979506969 0.142008707
vn 0.0581797175 0.983504415 0.171272337
vn 0.165983856 0.977530837 0.129934162
vn 0.69846189 0.705376327 -0.120810308
vn 0.747712314 0.632867038 -0.201011717
vn 0.675360382 0.737208068 0.0203144569
vn 0.65958029 0.751185417 0.0259662569
vn 0.327853739 0.937910259 0.113297261
vn 0.139033198 0.977545977 0.158346415
vn 0.0678431466 0.9824512 0.173743829
vn 0.84798336 0.247276857 -0.468805283
vn 0.859304488 0.411814719 -0.303322524
vn 0.853923678 0.436112374 -0.283937454
vn 0.701733828 0.712421238 0.00506167673
vn 0.844495058 0.247215271 -0.475092232
vn -0.823107421 0.226609081 -0.520713449
vn -0.921405852 0.368669719 0.122857265
vn -0.144311085 0.615720332 0.774637222
vn 0.564556956 0.631230235 0.531811833
vn -0.139952943 0.286248088 -0.947879374
vn -0.393284231 0.919415355 0.00173501472
vn -0.400078088 0.916333914 0.0164217819
vn -0.405143023 0.913834691 0.0276644398
vn -0.526448369 0.640440106 0.559185624
vn -0.609299362 0.592457652 0.527018309
vn -0.641339064 0.570726156 0.51279223
vn -0.89413631 0.413252413 0.17246078
vn -0.250852942 0.93670702 -0.244239062
vn -0.265257478 0.944858015 -0.19204618
vn -0.270529091 0.947006822 -0.173182487
vn -0.125613376 0.97057569 -0.205436349
vn -0.136876181 0.968284786 -0.209020421
vn 0.254991442 0.950385988 -0.178173929
vn 0.154498339 0.971942067 -0.177366361
vn 0.0645938739 0.976642013 -0.204934031
vn 0.0349165201 0.976261675 -0.21376124
vn -0.100947469 0.973173499 -0.2067433
vn -0.116331182 0.971666038 -0.205747709
vn -0.120663367 0.971191347 -0.205494031
vn 0.555970907 0.656944215 0.509235203
vn 0.632688522 0.727907896 0.264301687
vn 0.557424724 0.813236892 0.167102516
vn 0.357137769 0.933530688 -0.0311960485
vn 0.278503954 0.948433459 -0.151359245
vn 0.548590839 0.652801812 0.522396445
vn -0.0672623441 0.625983417 0.776930153
vn 0.0820284858 0.657381117 0.74908042
vn 0.461129099 0.632686913 0.622147441
vn 0.0567453168 0.882820606 -0.46627003
vn 0.0602217615 0.870436013 -0.48858431
vn -0.027341146 0.895414233 -0.444393575
vn 0.0175754651 0.87511158 -0.483601958
vn 0.0257334504 0.885567963 -0.463796467
vn 0.0627816245 0.892588377 -0.446480006
vn -0.203585252 0.613294661 0.76316613
vn -0.839927852 0.442366302 0.314377576
vn -0.283005357 0.959109068 0.00421970244
vn -0.0224331766 0.981300831 0.19116804
vn -0.581000984 0.804222941 0.125153631
vn -0.0359425023 0.858531117 0.511500239
vn -0.196894005 0.935359418 -0.293829143
vn -0.424325079 0.738581002 -0.523876131
vn 0.163148448 0.928421259 -0.333791047
vn 0.351591438 0.701529443 -0.619870842
vn 0.239666268 0.970855355 0.000173455381
vn 0.556755722 0.826328635 0.0848763809
vn -0.931014776 0.347911775 -0.110312968
vn -0.222788557 0.755504787 0.616098762
vn -0.508989453 0.115994297 -0.852921486
vn 0.307301164 0.142846122 -0.940829992
vn 0.851193309 0.447259516 -0.274643242
vn -0.94802326 0.281683117 0.148008779
vn 0.0548835099 0.580594301 0.812341154
vn -0.498539835 -0.0670626462 -0.864268959
vn 0.473536164 -0.0248371493 -0.880424082
vn 0.949421108 0.313975602 -0.00435741106
vn -0.29839018 0.884700775 -0.35814476
vn 0.244442269 0.968921483 0.037936341
vn -0.196894422 0.508698881 -0.838127792
vn 0.354148358 0.562729895 -0.746936381
vn 0.574698746 0.769826353 -0.277648598
vn -0.405143023 0.913834691 0.0276644398
vn -0.400078088 0.916333914 0.0164217819
vn -0.393284231 0.919415355 0.00173501472
vn -0.270529091 0.947006822 -0.173182487
vn -0.265257478 0.944858015 -0.19204618
vn -0.250852972 0.936707079 -0.244239032
vn -0.921405852 0.368669719 0.122857235
vn -0.89413631 0.413252413 0.172460735
vn -0.641339064 0.570726156 0.51279223
vn -0.609299362 0.592457652 0.527018249
vn -0.526448369 0.640440106 0.559185565
vn -0.116331175 0.971665978 -0.205747679
vn -0.100947469 0.973173559 -0.20674336
vn 0.0349165201 0.976261735 -0.21376124
vn 0.0645938739 0.976642072 -0.204934031
vn 0.154498339 0.971942008 -0.177366361
vn 0.254991412 0.950385928 -0.178173959
vn -0.136876166 0.968284786 -0.209020406
vn -0.125613362 0.970575631 -0.20543626
vn -0.120663382 0.971191406 -0.205494061
vn 0.357137769 0.933530688 -0.0311960652
vn 0.557424724 0.813236892 0.167102471
vn 0.632688522 0.727907896 0.264301658
vn 0.555970907 0.656944215 0.509235263
vn 0.548590839 0.652801812 0.522396445
vn 0.278503954 0.948433459 -0.151359245
vn -0.0672623441 0.625983417 0.776930153
vn -0.144311085 0.615720332 0.774637222
vn 0.461129099 0.632686913 0.622147441
vn 0.0820284858 0.657381117 0.74908042
vn -0.0603311993 0.992309213 0.108085513
vn -0.236827672 0.971543729 -0.0039431206
vn -0.137157008 0.985238492 -0.102435604
vn -0.245958 0.931000352 -0.269709051
vn -0.0502625555 0.937122881 -0.345361292
vn 0.0613276623 0.99349457 -0.0959551409
vn 0.206706911 -0.370508164 0.905536354
vn -0.0517158099 -0.179539621 0.982390523
vn -0.351417035 -0.223191649 0.909225762
vn 0.216892198 -0.60752362 0.764115691
vn 0.0380340479 0.137092277 0.989827812
vn -0.207597136 0.466447741 0.859843075
vn 0.326411247 0.166208357 0.93050015
vn 0.454103976 0.551209092 0.699970067
vn 0.463919878 -0.139831662 0.874771655
vn 0.763697326 -0.114323489 0.635371208
vn -0.501089275 -0.190405041 0.844189227
vn 0.266227543 -0.489578098 0.830322921
vn -0.61582619 0.678501487 0.400491983
vn 0.551802695 0.833248556 0.0347957723
vn 0.908279598 -0.0376349017 0.416667432
vn -0.612983227 -0.192895263 0.766187251
vn 0.237594232 -0.270893276 0.932826877
vn -0.934790254 0.290864885 -0.203874558
vn 0.484302402 0.525057495 -0.699832737
vn 0.953600883 0.0370963775 0.298779488
vn -0.704112232 -0.113504946 0.700958431
vn 0.202422351 0.0145633202 0.979190052
vn -0.877210975 -0.0953772664 -0.470536053
vn 0.434535325 0.122465096 -0.892289877
vn 0.962135315 0.162789166 0.218621746
vn -0.615116119 0.686526537 0.387702584
vn 0.109076887 0.755342007 0.646189332
vn -0.585918546 0.584655583 -0.561139345
vn 0.220278233 0.581312478 -0.783296525
vn 0.615049779 0.78828299 -0.017993357
vn -0.703723967 0.201807261 0.681209564
vn -0.760155797 0.270516932 0.59074837
vn -0.080943197 -0.214348987 0.973397434
vn -0.1023212 -0.225992903 0.968740225
vn -0.145563722 -0.247562647 0.957874656
vn -0.254213542 -0.196568042 0.946961761
vn -0.187677443 -0.238907129 0.952733219
vn -0.0682098195 -0.186246619 0.980132461
vn 0.199710026 -0.106419057 0.974059045
vn 0.435391128 0.124252126 0.891625464
vn 0.457989335 0.149193674 0.876348615
vn 0.459222913 0.155672684 0.874574423
vn 0.145347595 -0.124080986 0.981569171
vn 0.417535633 0.100331381 0.903104484
vn 0.365763217 0.0807980895 0.927194178
vn 0.426616341 0.112851299 0.897364438
vn 0.420274079 0.104528539 0.901356459
vn 0.201936334 -0.099180758 0.974363863
vn 0.172449201 -0.129423603 0.976478755
vn 0.271630496 0.953898847 -0.127647027
vn -0.523947477 0.804128945 -0.280812323
vn -0.870639086 0.188574865 0.454342335
vn -0.304816782 -0.0602106377 0.950505793
vn 0.646071613 0.66287291 0.378405839
vn -0.604698956 0.750083506 -0.267794639
vn -0.668252707 0.701335192 -0.248127788
vn -0.737632751 0.650235713 -0.181910336
vn -0.919730186 0.382375509 0.088799499
vn -0.923478007 0.337907046 0.181678981
vn -0.921757042 0.317485809 0.222635463
vn -0.036733143 0.952439725 -0.302505136
vn -0.346199304 0.867432892 -0.357359946
vn -0.41296047 0.84593308 -0.337432772
vn -0.338144302 0.856604517 -0.389726967
vn -0.628536403 0.697237492 -0.344676614
vn -0.345309734 0.853917122 -0.389341533
vn -0.339719117 0.856017172 -0.389647841
vn -0.939908147 0.278449625 0.197581738
vn -0.939455807 0.333790332 0.0775036812
vn -0.933815837 0.352991492 0.0581793115
vn -0.679058135 0.65937376 -0.322655201
vn -0.647661209 0.683545589 -0.336601019
vn -0.93821615 0.310120523 0.153543502
vn -0.962219059 0.100161277 0.253184319
vn -0.403981388 -0.121589571 0.906650424
vn 0.432116002 0.181587905 0.883346736
vn 0.586626351 0.796424031 -0.146895453
vn -0.503677428 0.677526951 -0.535972357
vn 0.483910233 0.177185178 0.856992543
vn 0.614507675 0.320143938 0.721032739
vn 0.68606317 0.707942545 -0.16773361
vn 0.730830729 0.674586713 -0.104015216
vn 0.744540513 0.662759066 -0.0800614133
vn 0.745547891 0.661837339 -0.0782931671
vn 0.787014186 0.440563411 0.431871146
vn 0.774682701 0.398944974 0.490621567
vn 0.221391425 0.827840626 -0.515427649
vn 0.353422731 0.809355438 -0.469080031
vn 0.657600343 0.723409951 -0.210332811
vn 0.115946554 0.830681086 -0.544541299
vn 0.613020062 0.778056383 -0.137239859
vn 0.573470891 0.796255827 -0.192633882
vn 0.342807084 0.820239305 -0.457920074
vn 0.201584622 0.832066178 -0.516748965
vn 0.749550164 0.436888188 0.497295946
vn 0.758176565 0.597589254 0.26087445
vn 0.695241392 0.718001068 -0.0333741605
vn -0.155766726 0.96722883 0.200512037
vn -0.313192427 0.947024286 0.0711011589
vn -0.0960426107 0.985922575 0.136866942
vn -0.198846728 0.969723761 0.141760111
vn -0.0240094867 0.965012252 0.261103302
vn 0.0322845429 0.940660834 0.337809116
vn -0.649112523 0.708626151 0.276589841
vn -0.61713475 0.479508877 0.623871624
vn -0.515249312 0.0361459181 0.856277764
vn -0.737663925 0.0516492128 0.673189521
vn -0.778167367 0.0624974519 0.624939561
vn -0.892229974 0.185487196 0.411728233
vn -0.921121657 0.227693439 0.315738201
vn 0.0135100065 0.165785491 0.986069322
vn -0.178623676 0.72094357 0.66957736
vn -0.845351815 0.532777131 0.0391006544
vn -0.688448608 0.341611862 0.639796734
vn -0.423953474 0.893349767 0.148962438
vn -0.342447639 0.905326128 -0.251225412
vn -0.186973467 0.922121525 0.338722497
vn 0.176753387 0.971547723 0.157649264
vn 0.375088751 0.539651513 0.753713906
vn -0.921467662 0.332295805 -0.201188728
vn -0.751530766 0.207394123 0.626250088
vn -0.140299812 0.71189332 -0.688130736
vn 0.760197401 0.649643719 0.00793817919
vn 0.415074021 0.388711661 0.822567225
vn -0.931612134 0.237650588 -0.274992943
vn -0.664470494 0.123620689 0.737018943
vn 0.0582133196 0.445408762 -0.893432856
vn 0.897797227 0.431677818 -0.087260738
vn 0.446863681 0.248145267 0.859497964
vn -0.766998768 0.626633883 -0.137995183
vn -0.510377347 0.704000354 0.493860543
vn -0.286364317 0.909362316 -0.301754206
vn 0.504935026 0.835828781 0.215478361
vn 0.291236371 0.646946788 0.704727709
vn -0.883081436 0.390405506 0.260289669
vn -0.906606793 0.291290045 0.305310011
vn -0.4327012 0.292553216 0.852749825
vn -0.386137098 0.280126303 0.878878474
vn -0.358807147 0.224066168 0.906119108
vn -0.228374004 0.272956789 0.934526622
vn -0.760691583 0.256253064 0.59639138
vn -0.729408443 0.280014426 0.6241436
vn -0.709472656 0.300569266 0.637421906
vn 0.0433049537 0.222847387 0.97389102
vn 0.135198399 0.259320319 0.956281543
vn -0.220504865 0.419536084 -0.880549312
vn -0.310368896 0.494583845 -0.811823905
vn 0.436420023 0.571851015 0.694639444
vn 0.797293127 0.276751369 0.536406934
vn 0.996424556 -0.0249128994 -0.0807309598
vn -0.394351572 0.896539867 -0.201750368
vn -0.37074849 0.928692162 0.00874152128
vn -0.246880919 0.929270208 0.274784774
vn -0.129394501 0.869290769 0.47706455
vn 0.0279903375 0.815547466 0.578012884
vn -0.442688197 0.896575689 0.0133827357
vn -0.440714002 0.897583425 0.0107257804
vn -0.084426254 0.799796879 0.594303966
vn -0.199098051 0.836309493 0.510829031
vn -0.384200037 0.908400655 0.164920151
vn 0.0827929974 0.717679203 0.691434622
vn 0.582399309 0.437289029 0.685265779
vn 0.456186384 0.522181869 0.720569253
vn 0.256964922 0.616315663 0.744395018
vn 0.483073503 0.514043272 0.708801448
vn 0.102134377 0.771468818 0.628016353
vn 0.272007376 0.63983041 0.718769133
vn 0.330661625 0.277426839 0.902051687
vn 0.968435347 -0.207043782 0.138801724
vn 0.729604721 -0.220331237 -0.647403419
vn -0.485698849 0.391906589 -0.781348705
vn -0.735531628 0.676263213 0.040759109
vn 0.576134741 -0.172574773 -0.798928499
vn 0.923858702 -0.277842253 -0.263227671
vn 0.879083633 -0.287754506 -0.380012482
vn 0.20874472 -0.04678284 -0.976850569
vn 0.419757426 -0.151684597 -0.894871712
vn 0.607565463 -0.209366098 -0.766178846
vn 0.878167629 -0.290107369 -0.380341053
vn -0.595569551 0.443115175 -0.67003423
vn -0.537985563 0.400361657 -0.741809964
vn -0.225248009 0.171139508 -0.959153056
vn 0.0311257802 0.0442024581 -0.99853766
vn -0.406901866 0.331100941 -0.851353586
vn -0.55690527 0.421350896 -0.715765238
vn 0.430695564 -0.126155153 -0.893636465
vn -0.148455694 0.160876334 -0.975745797
vn -0.224394128 0.195509195 -0.954685032
vn 0.497313052 -0.147374019 -0.854962349
vn -0.789439619 0.526033401 0.316344827
vn 0.208989069 0.233658761 0.949593246
vn 0.952798724 -0.302465767 0.0262490418
vn 0.551904321 -0.311692625 -0.773465812
vn -0.495329171 0.10839887 -0.861915767
vn 0.338799298 0.174973011 0.924445391
vn 0.604725122 0.028583901 0.795921266
vn 0.723700941 -0.043052312 0.688769579
vn 0.942808747 -0.256315559 0.213105515
vn 0.949753761 -0.272092193 0.154705167
vn 0.0584241264 0.295619428 0.953517616
vn 0.846504569 -0.112427995 0.520374954
vn 0.612134516 0.0356723107 0.789948523
vn 0.568180144 0.0609773919 0.820641935
vn 0.0844614059 0.28616184 0.954451501
vn 0.949930191 -0.309577346 -0.0423616171
vn 0.946841896 -0.236605763 0.217963248
vn 0.938993573 -0.219731554 0.26459223
vn 0.632701039 -0.330989331 -0.700096726
vn 0.804947078 -0.359833837 -0.471783757
vn 0.844403446 -0.361932039 -0.394953191
vn 0.953892112 -0.295664012 0.0516975075
vn 0.844994307 -0.361021578 -0.394522816
vn 0.784747601 -0.356291294 -0.50717628
vn -0.850711584 0.509503603 0.129212812
vn -0.876377046 0.471880317 -0.0963968709
vn -0.656320393 0.285735488 -0.698282659
vn -0.604629815 0.262046754 -0.75216645
vn -0.495506734 0.208580226 -0.843188763
vn 0.334093362 -0.110397518 -0.936052322
vn 0.374717623 -0.126339555 -0.918490708
vn 0.439408332 -0.145693257 -0.886393726
vn 0.963954806 -0.199643955 -0.175879255
vn -0.749628186 0.365656525 0.551681757
vn -0.958978415 0.27353394 -0.0744284987
vn -0.923447549 0.2851215 0.256807923
vn -0.910526097 0.282837778 0.301570892
vn -0.836055398 0.262134045 0.481972009
vn -0.833082497 0.197592258 -0.516653478
vn -0.929808915 0.249379039 -0.270675838
vn -0.944491267 0.282429278 0.167839393
vn -0.287161142 0.0898335725 -0.953660548
vn -0.268722177 0.0829586238 -0.959638655
vn -0.152679324 0.0390933305 -0.987502337
vn 0.179692969 -0.0665439367 -0.981469512
vn -0.00796826091 0.697245538 0.716788113
vn -0.104610324 0.333445311 -0.936947703
vn -0.57956475 -0.21549277 -0.785918236
vn -0.672727346 -0.311145842 -0.671286821
vn -0.856987596 -0.455583304 -0.240865275
vn -0.650161624 -0.0912161842 0.754300594
vn 0.00805261731 0.442963451 -0.896503508
vn -0.132624745 0.264290243 -0.95528084
vn -0.307705611 0.0140306186 -0.951378167
vn -0.527512074 -0.167144462 -0.832942784
vn 0.224124074 0.762410164 -0.607041299
vn 0.0314025506 0.464938313 -0.88478601
vn 0.333773226 0.932453573 -0.138295665
vn 0.33675909 0.872739792 -0.353438348
vn 0.386102915 0.798654139 -0.461601615
vn 0.388900667 0.850996077 -0.352933377
vn 0.362267345 0.704506457 -0.610273004
vn -0.426802814 -0.102279305 -0.898542345
vn -0.334545672 -0.0312468614 -0.941861391
vn -0.257025748 0.0253836103 -0.966071188
vn 0.131108895 0.419142663 -0.898404062
vn 0.164428949 0.447612345 -0.878980219
vn 0.472661406 0.875407159 0.101260111
vn 0.401280433 0.607602298 -0.685414851
vn -0.527541459 0.0987426937 -0.843771219
vn -0.830091 0.0108731827 -0.55752182
vn -0.724608123 0.289631128 0.625345409
vn -0.197682813 0.98008579 0.0187974758
vn -0.1852635 0.98208189 -0.0345323272
vn -0.158821419 0.978207946 -0.133734256
vn -0.0879588723 0.930770814 -0.354864806
vn 0.153343588 0.786372542 -0.598417759
vn 0.299278647 0.591097057 -0.749023676
vn -0.221309304 0.972594142 0.0712943748
vn -0.730678737 0.677253127 0.0862360597
vn -0.602728128 0.795746028 0.0592207387
vn -0.579538465 0.812658727 0.0610005148
vn -0.539657056 0.839566708 0.062433511
vn -0.459236294 0.886253178 0.0604758076
vn -0.422254056 0.905229092 0.0475582816
vn -0.372039258 0.92716974 0.0440793522
vn -0.292696953 0.955296874 0.0416707397
vn -0.247055471 0.967770815 0.0488181524
vn -0.830209136 0.01249386 -0.557312012
vn -0.844446599 0.0202193446 -0.535257936
vn -0.958127439 0.118974462 -0.260454923
vn -0.963692665 0.136090174 -0.229730144
vn -0.971591532 0.194972754 -0.134147301
vn -0.853017807 0.521831691 -0.0072469064
vn -0.72995913 0.0258899033 -0.683000267
vn 0.752231061 -0.129645973 0.646018863
vn 0.734192073 -0.0792360827 0.67430222
vn 0.397212237 -0.0167219415 0.917574465
vn 0.320540279 0.146653846 0.935813308
vn 0.216942847 0.196310535 0.956241608
vn 0.19108884 0.184840217 0.964012027
vn 0.573136985 0.411052108 0.708907604
vn 0.564555764 0.408088893 0.717454016
vn 0.559828818 0.406648576 0.721961796
vn 0.796876252 0.168630943 0.580130935
vn 0.731689215 0.322747231 0.600387514
vn 0.724589229 0.336085171 0.60167861
vn 0.64431566 0.372993737 0.667632282
vn 0.795519829 0.368939757 0.480657399
vn 0.805864811 0.301510274 0.509581625
vn 0.307442576 0.542535603 0.781750739
vn 0.36470139 0.56535697 0.739840865
vn 0.494297534 0.607207835 0.622067928
vn 0.62408936 0.535366416 0.569117904
vn 0.774583519 0.418675452 0.474058211
vn 0.224395499 0.27047956 0.936209023
vn 0.247284129 0.353049129 0.902334154
vn 0.295089543 0.518036425 0.80284524
vn 0.407770962 0.383299649 0.828736484
vn 0.397634089 0.358537316 0.844593406
vn 0.316779792 0.244336531 0.916488051
vn 0.308992743 0.233464018 0.921964169
vn 0.413133085 0.383895248 0.825799942
vn 0.412485629 0.383769304 0.826182008
vn 0.412345171 0.38374123 0.826265156
vn 0.408519626 0.383369744 0.828335285
vn -0.184673414 0.303368628 0.934806585
vn 0.343014359 -0.195448339 0.918771505
vn 0.87587142 -0.225803584 0.426452667
vn 0.879956663 0.392694682 -0.267333508
vn -0.304901868 0.897583902 0.318399072
vn 0.368371367 -0.198434785 0.908254564
vn 0.613880157 -0.226169243 0.756305873
vn 0.635723531 -0.229203269 0.737103403
vn 0.919268727 -0.172867194 0.353641033
vn 0.645680308 -0.149428561 0.748844504
vn 0.640715301 -0.15467158 0.752037704
vn 0.602903903 -0.177350342 0.777851999
vn 0.98367691 0.146804199 0.104059011
vn 0.945941448 0.0211258028 0.323648602
vn 0.8867172 -0.0406041741 0.460525602
vn 0.986939907 0.148264632 -0.0629869998
vn 0.986108303 0.152041122 0.0668878555
vn 0.976447284 0.185004935 -0.111013167
vn 0.937397659 -0.154981285 0.311875612
vn 0.951104045 -0.136350051 0.277145922
vn 0.996000707 0.0843580961 -0.0294327978
vn 0.99080646 0.115258679 -0.0708390847
vn 0.638341844 0.142727241 -0.756405056
vn 0.627822518 0.209630519 -0.74959594
vn 0.608019412 0.248784721 -0.753935277
vn 0.679458261 0.11473541 -0.724687696
vn 0.613926232 0.0105778407 -0.789292514
vn 0.643542767 0.0622338764 -0.762875915
vn 0.644070804 0.0819041356 -0.760568559
vn 0.241428822 -0.01585567 -0.970288992
vn 0.317811042 -0.0636879206 -0.946012676
vn 0.351848841 -0.0633761138 -0.93390888
vn 0.513306797 -0.0616536327 -0.855987668
vn 0.541025758 -0.0428402387 -0.839914262
vn 0.460742921 0.241830736 -0.853951871
vn 0.635200143 0.0929160863 -0.766738117
vn 0.523664713 0.0732347593 -0.848770857
vn 0.362257332 0.048850935 -0.93079704
vn 0.352218211 0.047096312 -0.934732199
vn 0.297657102 0.0389049761 -0.953879833
vn 0.265712768 0.034789551 -0.963424265
vn 0.170052677 0.0757823288 -0.982516706
vn 0.167277992 0.0786760747 -0.982765555
vn 0.13794452 0.0839171559 -0.986878574
vn 0.133277997 0.0874736607 -0.98721087
vn 0.131309107 0.0908646882 -0.987168431
vn 0.124743953 0.102309078 -0.986900091
vn 0.585575759 0.251258254 -0.770694613
vn 0.623435557 0.207339749 -0.75388211
vn 0.682707548 0.136390254 -0.717849672
vn 0.682626843 0.136025682 -0.717995524
vn 0.678802371 0.105925083 -0.726640999
vn 0.683042526 0.105845228 -0.722668529
vn 0.689447939 0.105389625 -0.71662724
vn 0.696404397 0.104745634 -0.709964275
vn 0.643671751 0.0998505503 -0.758759856
vn 0.141169906 0.0835546181 -0.986453116
vn 0.181187585 0.0799459219 -0.980193675
vn 0.178319499 0.0790679306 -0.980790794
vn 0.177100688 0.0790788233 -0.981010675
vn 0.804323852 -0.550488889 -0.223662928
vn 0.858642757 -0.493473232 -0.138624221
vn 0.873344779 -0.449354619 -0.188013777
vn 0.902314067 -0.376951009 -0.209134534
vn 0.892485738 -0.307567328 -0.329956889
vn 0.830637395 -0.421457916 -0.363888353
vn 0.573839605 0.153357819 -0.80448091
vn 0.715746343 0.207590401 -0.666793287
vn 0.593486488 0.250016123 -0.765026689
vn 0.608019471 0.248784751 -0.753935277
vn 0.627822518 0.209630519 -0.74959594
vn 0.638341844 0.142727241 -0.756405056
vn 0.644070804 0.0819041356 -0.7605685
vn 0.643542767 0.0622338764 -0.762875915
vn 0.613926232 0.0105778705 -0.789292514
vn 0.352460295 -0.00420877058 -0.93581742
vn 0.379274517 0.0435667634 -0.924257874
vn 0.229343504 -0.00318844407 -0.973340392
vn 0.128552988 0.0991045088 -0.986738265
vn 0.137944505 0.0839171484 -0.986878514
vn 0.141169831 0.0835546479 -0.986453116
vn 0.177100688 0.0790788606 -0.981010675
vn 0.178319499 0.0790679306 -0.980790794
vn 0.181187585 0.0799458846 -0.980193675
vn 0.167277992 0.0786760747 -0.982765555
vn 0.494740784 0.34896332 -0.79589957
vn 0.835832834 0.454980552 0.307207018
vn 0.210164398 0.198971242 -0.957204998
vn 0.860513985 0.509335458 -0.00964627787
vn 0.704576313 0.468904287 -0.532635748
vn 0.32171011 0.276297808 -0.905628026
vn 0.881414413 -0.371168703 0.292134374
vn 0.597867548 -0.711691558 -0.36884895
vn 0.99775821 0.0557189099 -0.0370661467
vn 0.859416842 0.1504962 -0.488624126
vn 0.645351768 -0.165870637 -0.745659411
vn 0.170052677 0.0757823288 -0.982516706
vn 0.265712768 0.0347895846 -0.963424265
vn 0.297657102 0.0389049761 -0.953879833
vn 0.352218211 0.0470962822 -0.934732199
vn 0.362257332 0.048850935 -0.93079704
vn 0.523664713 0.0732347593 -0.848770857
vn 0.635200143 0.0929161012 -0.766738117
vn 0.124743946 0.102309041 -0.986900091
vn 0.131309107 0.0908646584 -0.987168431
vn 0.133277982 0.0874736831 -0.98721087
vn 0.643671811 0.0998505577 -0.758759856
vn 0.696404397 0.104745634 -0.709964156
vn 0.689447939 0.105389625 -0.716627121
vn 0.683042467 0.10584522 -0.722668588
vn 0.678802371 0.105925083 -0.726640999
vn 0.682626843 0.136025682 -0.717995524
vn 0.682707548 0.136390254 -0.717849672
vn 0.623435557 0.207339749 -0.75388211
vn 0.585575759 0.251258254 -0.770694613
vn 0.541025758 -0.0428402312 -0.839914262
vn 0.513306797 -0.0616536252 -0.855987668
vn 0.351848841 -0.0633761138 -0.93390888
vn 0.317811042 -0.0636879206 -0.946012676
vn 0.241428822 -0.0158556625 -0.970288992
vn 0.740050077 0.530100524 -0.413907379
vn 0.739887655 -0.0143974563 -0.672576368
vn 0.370972872 -0.228856444 -0.900002241
vn -0.174244925 0.11977163 -0.977391183
vn 0.075495854 0.7478953 -0.659509718
vn 0.258745223 -0.21282202 -0.942208946
vn 0.475330323 -0.161723822 -0.864815831
vn -0.0919128209 0.0272017401 -0.995395422
vn -0.0583023168 0.0136906262 -0.998205066
vn 0.19171086 -0.106986813 -0.975602686
vn 0.274842232 -0.123882227 -0.953475237
vn -0.21015507 0.375963688 -0.902488828
vn -0.254313827 0.227931023 -0.939878702
vn -0.244287327 0.204041183 -0.947993159
vn -0.17313607 0.0539144054 -0.983421206
vn -0.240386635 0.219237477 -0.945594668
vn -0.163292959 0.0821805745 -0.983148873
vn -0.232188284 0.204998061 -0.950823009
vn 0.214652836 -0.208616033 -0.954150736
vn 0.199180081 -0.206271306 -0.958007991
vn -0.1046644 -0.0226863585 -0.994248867
vn -0.117838793 -0.0146768391 -0.992924273
vn -0.393611461 0.309057057 0.865767777
vn -0.404884756 0.285984308 0.868493736
vn -0.408002228 0.280562431 0.868803144
vn -0.410609394 0.28078565 0.867501736
vn -0.788307846 0.296957344 0.538875639
vn -0.795708477 0.309000254 0.520928979
vn -0.851009786 0.411681712 0.326037556
vn -0.875995457 0.449354202 0.175250679
vn -0.878523409 0.448882103 0.163406089
vn -0.87296468 0.45645535 0.17199184
vn -0.479612321 0.346176565 0.806308746
vn -0.444383979 0.331871867 0.832096219
vn -0.54958576 0.425810814 0.71877718
vn -0.504802704 0.360394686 0.784404159
vn -0.866345465 0.46398741 0.184827283
vn -0.843536317 0.490602672 0.218530402
vn -0.557006478 0.436862826 0.706324697
vn -0.44700101 0.379030019 0.810263157
vn -0.458903939 0.380193323 0.803031921
vn -0.480182767 0.384117752 0.788592339
vn -0.502930522 0.389683455 0.771497071
vn -0.551111102 0.43119359 0.71438688
vn -0.432044059 0.364261121 0.825016141
vn -0.449758083 0.358691573 0.817959726
vn -0.446284235 0.361879528 0.818458021
g level0 previous_level tree_trunk_generator1 trunk
usemtl /obj/geo1/tree_controller1/matnet1/labs_shader1
f 1/1/1 10/2/10 11/3/11 2/4/2
f 2/4/2 11/3/11 12/5/12 3/6/3
f 3/6/3 12/5/12 13/7/13 4/8/4
f 4/8/4 13/7/13 14/9/14 5/10/5
f 5/10/5 14/9/14 15/11/15 6/12/6
f 6/12/6 15/11/15 16/13/16 7/14/7
f 7/14/7 16/13/16 17/15/17 8/16/8
f 8/16/8 17/15/17 18/17/18 9/18/9
f 9/18/9 18/17/18 10/19/10 1/20/1
f 10/2/10 19/21/19 20/22/20 11/3/11
f 11/3/11 20/22/20 21/23/21 12/5/12
f 12/5/12 21/23/21 22/24/22 13/7/13
f 13/7/13 22/24/22 23/25/23 14/9/14
f 14/9/14 23/25/23 24/26/24 15/11/15
f 15/11/15 24/26/24 25/27/25 16/13/16
f 16/13/16 25/27/25 26/28/26 17/15/17
f 17/15/17 26/28/26 27/29/27 18/17/18
f 18/17/18 27/29/27 19/30/19 10/19/10
f 19/21/19 28/31/28 29/32/29 20/22/20
f 20/22/20 29/32/29 30/33/30 21/23/21
f 21/23/21 30/33/30 31/34/31 22/24/22
f 22/24/22 31/34/31 32/35/32 23/25/23
f 23/25/23 32/35/32 33/36/33 24/26/24
f 24/26/24 33/36/33 34/37/34 25/27/25
f 25/27/25 34/37/34 35/38/35 26/28/26
f 26/28/26 35/38/35 36/39/36 27/29/27
f 27/29/27 36/39/36 28/40/28 19/30/19
g level0 previous_level tree_trunk_generator1 trunk trunk_caps
usemtl /obj/geo1/tree_controller1/matnet1/labs_shader1
f 28/41/28 37/42/37 38/43/38 29/44/29
f 29/44/29 38/43/38 39/45/39 30/46/30
f 30/46/30 39/45/39 40/47/40 31/48/31
f 31/48/31 40/47/40 41/49/41 32/50/32
f 32/50/32 41/49/41 42/51/42 33/52/33
f 33/52/33 42/51/42 43/53/43 34/54/34
f 34/54/34 43/53/43 44/55/44 35/56/35
f 35/56/35 44/55/44 45/57/45 36/58/36
f 36/58/36 45/57/45 37/42/37 28/41/28
f 37/42/37 46/59/46 47/60/47 38/43/38
f 38/43/38 47/60/47 48/61/48 39/45/39
f 39/45/39 48/61/48 49/62/49 40/47/40
f 40/47/40 49/62/49 50/63/50 41/49/41
f 41/49/41 50/63/50 51/64/51 42/51/42
f 42/51/42 51/64/51 52/65/52 43/53/43
f 43/53/43 52/65/52 53/66/53 44/55/44
f 44/55/44 53/66/53 54/67/54 45/57/45
f 45/57/45 54/67/54 46/59/46 37/42/37
f 46/59/46 55/68/55 47/60/47
f 47/60/47 55/68/55 48/61/48
f 48/61/48 55/68/55 49/62/49
f 49/62/49 55/68/55 50/63/50
f 50/63/50 55/68/55 51/64/51
f 51/64/51 55/68/55 52/65/52
f 52/65/52 55/68/55 53/66/53
f 53/66/53 55/68/55 54/67/54
f 54/67/54 55/68/55 46/59/46
g all_branches branch_caps level1 manual_prune previous_level tree_branch_generator1
usemtl /obj/geo1/tree_controller1/matnet1/labs_shader1
f 56/20/56 58/20/58 57/20/57
f 57/20/57 58/20/58 59/20/59
f 59/20/59 58/20/58 60/20/60
f 60/20/60 58/20/58 61/20/61
f 61/20/61 58/20/58 62/20/62
f 62/20/62 58/20/58 63/20/63
f 63/20/63 58/20/58 64/20/64
f 64/20/64 58/20/58 65/20/65
f 65/20/65 58/20/58 56/20/56
f 85/20/85 94/20/94 93/20/93 84/20/84
f 84/20/84 93/20/93 95/20/95 86/20/86
f 86/20/86 95/20/95 96/20/96 87/20/87
f 87/20/87 96/20/96 97/20/97 88/20/88
f 88/20/88 97/20/97 98/20/98 89/20/89
f 89/20/89 98/20/98 99/20/99 90/20/90
f 90/20/90 99/20/99 100/20/100 91/20/91
f 91/20/91 100/20/100 101/20/101 92/20/92
f 92/20/92 101/20/101 94/20/94 85/20/85
f 94/20/94 56/20/56 57/20/57 93/20/93
f 93/20/93 57/20/57 59/20/59 95/20/95
f 95/20/95 59/20/59 60/20/60 96/20/96
f 96/20/96 60/20/60 61/20/61 97/20/97
f 97/20/97 61/20/61 62/20/62 98/20/98
f 98/20/98 62/20/62 63/20/63 99/20/99
f 99/20/99 63/20/63 64/20/64 100/20/100
f 100/20/100 64/20/64 65/20/65 101/20/101
f 101/20/101 65/20/65 56/20/56 94/20/94
f 128/20/128 130/20/130 129/20/129
f 129/20/129 130/20/130 131/20/131
f 131/20/131 130/20/130 132/20/132
f 132/20/132 130/20/130 133/20/133
f 133/20/133 130/20/130 134/20/134
f 134/20/134 130/20/130 135/20/135
f 135/20/135 130/20/130 136/20/136
f 136/20/136 130/20/130 137/20/137
f 137/20/137 130/20/130 128/20/128
f 166/20/166 175/20/175 174/20/174 165/20/165
f 165/20/165 174/20/174 176/20/176 167/20/167
f 167/20/167 176/20/176 177/20/177 168/20/168
f 168/20/168 177/20/177 178/20/178 169/20/169
f 169/20/169 178/20/178 179/20/179 170/20/170
f 170/20/170 179/20/179 180/20/180 171/20/171
f 171/20/171 180/20/180 181/20/181 172/20/172
f 172/20/172 181/20/181 182/20/182 173/20/173
f 173/20/173 182/20/182 175/20/175 166/20/166
f 175/20/175 128/20/128 129/20/129 174/20/174
f 174/20/174 129/20/129 131/20/131 176/20/176
f 176/20/176 131/20/131 132/20/132 177/20/177
f 177/20/177 132/20/132 133/20/133 178/20/178
f 178/20/178 133/20/133 134/20/134 179/20/179
f 179/20/179 134/20/134 135/20/135 180/20/180
f 180/20/180 135/20/135 136/20/136 181/20/181
f 181/20/181 136/20/136 137/20/137 182/20/182
f 182/20/182 137/20/137 128/20/128 175/20/175
f 208/20/208 210/20/210 209/20/209
f 209/20/209 210/20/210 211/20/211
f 211/20/211 210/20/210 212/20/212
f 212/20/212 210/20/210 213/20/213
f 213/20/213 210/20/210 214/20/214
f 214/20/214 210/20/210 215/20/215
f 215/20/215 210/20/210 216/20/216
f 216/20/216 210/20/210 217/20/217
f 217/20/217 210/20/210 208/20/208
f 264/20/264 273/20/273 272/20/272 263/20/263
f 263/20/263 272/20/272 274/20/274 265/20/265
f 265/20/265 274/20/274 275/20/275 266/20/266
f 266/20/266 275/20/275 276/20/276 267/20/267
f 267/20/267 276/20/276 277/20/277 268/20/268
f 268/20/268 277/20/277 278/20/278 269/20/269
f 269/20/269 278/20/278 279/20/279 270/20/270
f 270/20/270 279/20/279 280/20/280 271/20/271
f 271/20/271 280/20/280 273/20/273 264/20/264
f 273/20/273 208/20/208 209/20/209 272/20/272
f 272/20/272 209/20/209 211/20/211 274/20/274
f 274/20/274 211/20/211 212/20/212 275/20/275
f 275/20/275 212/20/212 213/20/213 276/20/276
f 276/20/276 213/20/213 214/20/214 277/20/277
f 277/20/277 214/20/214 215/20/215 278/20/278
f 278/20/278 215/20/215 216/20/216 279/20/279
f 279/20/279 216/20/216 217/20/217 280/20/280
f 280/20/280 217/20/217 208/20/208 273/20/273
f 309/20/309 311/20/311 310/20/310
f 310/20/310 311/20/311 312/20/312
f 312/20/312 311/20/311 313/20/313
f 313/20/313 311/20/311 314/20/314
f 314/20/314 311/20/311 315/20/315
f 315/20/315 311/20/311 316/20/316
f 316/20/316 311/20/311 317/20/317
f 317/20/317 311/20/311 318/20/318
f 318/20/318 311/20/311 309/20/309
f 356/20/356 365/20/365 364/20/364 355/20/355
f 355/20/355 364/20/364 366/20/366 357/20/357
f 357/20/357 366/20/366 367/20/367 358/20/358
f 358/20/358 367/20/367 368/20/368 359/20/359
f 359/20/359 368/20/368 369/20/369 360/20/360
f 360/20/360 369/20/369 370/20/370 361/20/361
f 361/20/361 370/20/370 371/20/371 362/20/362
f 362/20/362 371/20/371 372/20/372 363/20/363
f 363/20/363 372/20/372 365/20/365 356/20/356
f 365/20/365 309/20/309 310/20/310 364/20/364
f 364/20/364 310/20/310 312/20/312 366/20/366
f 366/20/366 312/20/312 313/20/313 367/20/367
f 367/20/367 313/20/313 314/20/314 368/20/368
f 368/20/368 314/20/314 315/20/315 369/20/369
f 369/20/369 315/20/315 316/20/316 370/20/370
f 370/20/370 316/20/316 317/20/317 371/20/371
f 371/20/371 317/20/317 318/20/318 372/20/372
f 372/20/372 318/20/318 309/20/309 365/20/365
f 393/20/393 395/20/395 394/20/394
f 394/20/394 395/20/395 396/20/396
f 396/20/396 395/20/395 397/20/397
f 397/20/397 395/20/395 398/20/398
f 398/20/398 395/20/395 399/20/399
f 399/20/399 395/20/395 400/20/400
f 400/20/400 395/20/395 401/20/401
f 401/20/401 395/20/395 402/20/402
f 402/20/402 395/20/395 393/20/393
f 458/20/458 467/20/467 466/20/466 457/20/457
f 457/20/457 466/20/466 468/20/468 459/20/459
f 459/20/459 468/20/468 469/20/469 460/20/460
f 460/20/460 469/20/469 470/20/470 461/20/461
f 461/20/461 470/20/470 471/20/471 462/20/462
f 462/20/462 471/20/471 472/20/472 463/20/463
f 463/20/463 472/20/472 473/20/473 464/20/464
f 464/20/464 473/20/473 474/20/474 465/20/465
f 465/20/465 474/20/474 467/20/467 458/20/458
f 467/20/467 393/20/393 394/20/394 466/20/466
f 466/20/466 394/20/394 396/20/396 468/20/468
f 468/20/468 396/20/396 397/20/397 469/20/469
f 469/20/469 397/20/397 398/20/398 470/20/470
f 470/20/470 398/20/398 399/20/399 471/20/471
f 471/20/471 399/20/399 400/20/400 472/20/472
f 472/20/472 400/20/400 401/20/401 473/20/473
f 473/20/473 401/20/401 402/20/402 474/20/474
f 474/20/474 402/20/402 393/20/393 467/20/467
f 493/20/493 495/20/495 494/20/494
f 494/20/494 495/20/495 496/20/496
f 496/20/496 495/20/495 497/20/497
f 497/20/497 495/20/495 498/20/498
f 498/20/498 495/20/495 499/20/499
f 499/20/499 495/20/495 500/20/500
f 500/20/500 495/20/495 501/20/501
f 501/20/501 495/20/495 502/20/502
f 502/20/502 495/20/495 493/20/493
f 503/20/503 506/20/506 505/20/505 504/20/504
f 504/20/504 505/20/505 508/20/508 507/20/507
f 507/20/507 508/20/508 510/20/510 509/20/509
f 509/20/509 510/20/510 512/20/512 511/20/511
f 511/20/511 512/20/512 514/20/514 513/20/513
f 513/20/513 514/20/514 516/20/516 515/20/515
f 515/20/515 516/20/516 518/20/518 517/20/517
f 517/20/517 518/20/518 520/20/520 519/20/519
f 519/20/519 520/20/520 506/20/506 503/20/503
f 506/20/506 493/20/493 494/20/494 505/20/505
f 505/20/505 494/20/494 496/20/496 508/20/508
f 508/20/508 496/20/496 497/20/497 510/20/510
f 510/20/510 497/20/497 498/20/498 512/20/512
f 512/20/512 498/20/498 499/20/499 514/20/514
f 514/20/514 499/20/499 500/20/500 516/20/516
f 516/20/516 500/20/500 501/20/501 518/20/518
f 518/20/518 501/20/501 502/20/502 520/20/520
f 520/20/520 502/20/502 493/20/493 506/20/506
f 527/20/527 529/20/529 528/20/528
f 528/20/528 529/20/529 530/20/530
f 530/20/530 529/20/529 531/20/531
f 531/20/531 529/20/529 532/20/532
f 532/20/532 529/20/529 533/20/533
f 533/20/533 529/20/529 534/20/534
f 534/20/534 529/20/529 535/20/535
f 535/20/535 529/20/529 536/20/536
f 536/20/536 529/20/529 527/20/527
f 540/20/540 556/20/556 555/20/555 539/20/539
f 539/20/539 555/20/555 557/20/557 542/20/542
f 542/20/542 557/20/557 558/20/558 544/20/544
f 544/20/544 558/20/558 559/20/559 546/20/546
f 546/20/546 559/20/559 560/20/560 548/20/548
f 548/20/548 560/20/560 561/20/561 550/20/550
f 550/20/550 561/20/561 562/20/562 552/20/552
f 552/20/552 562/20/562 563/20/563 554/20/554
f 554/20/554 563/20/563 556/20/556 540/20/540
f 556/20/556 527/20/527 528/20/528 555/20/555
f 555/20/555 528/20/528 530/20/530 557/20/557
f 557/20/557 530/20/530 531/20/531 558/20/558
f 558/20/558 531/20/531 532/20/532 559/20/559
f 559/20/559 532/20/532 533/20/533 560/20/560
f 560/20/560 533/20/533 534/20/534 561/20/561
f 561/20/561 534/20/534 535/20/535 562/20/562
f 562/20/562 535/20/535 536/20/536 563/20/563
f 563/20/563 536/20/536 527/20/527 556/20/556
f 583/20/583 585/20/585 584/20/584
f 584/20/584 585/20/585 586/20/586
f 586/20/586 585/20/585 587/20/587
f 587/20/587 585/20/585 588/20/588
f 588/20/588 585/20/585 589/20/589
f 589/20/589 585/20/585 590/20/590
f 590/20/590 585/20/585 591/20/591
f 591/20/591 585/20/585 592/20/592
f 592/20/592 585/20/585 583/20/583
f 594/20/594 614/20/614 613/20/613 593/20/593
f 593/20/593 613/20/613 615/20/615 602/20/602
f 602/20/602 615/20/615 616/20/616 601/20/601
f 601/20/601 616/20/616 617/20/617 604/20/604
f 604/20/604 617/20/617 618/20/618 606/20/606
f 606/20/606 618/20/618 619/20/619 608/20/608
f 608/20/608 619/20/619 620/20/620 610/20/610
f 610/20/610 620/20/620 621/20/621 612/20/612
f 612/20/612 621/20/621 614/20/614 594/20/594
f 614/20/614 583/20/583 584/20/584 613/20/613
f 613/20/613 584/20/584 586/20/586 615/20/615
f 615/20/615 586/20/586 587/20/587 616/20/616
f 616/20/616 587/20/587 588/20/588 617/20/617
f 617/20/617 588/20/588 589/20/589 618/20/618
f 618/20/618 589/20/589 590/20/590 619/20/619
f 619/20/619 590/20/590 591/20/591 620/20/620
f 620/20/620 591/20/591 592/20/592 621/20/621
f 621/20/621 592/20/592 583/20/583 614/20/614
f 644/20/644 646/20/646 645/20/645
f 645/20/645 646/20/646 647/20/647
f 647/20/647 646/20/646 648/20/648
f 648/20/648 646/20/646 649/20/649
f 649/20/649 646/20/646 650/20/650
f 650/20/650 646/20/646 651/20/651
f 651/20/651 646/20/646 652/20/652
f 652/20/652 646/20/646 653/20/653
f 653/20/653 646/20/646 644/20/644
f 737/20/737 746/20/746 745/20/745 736/20/736
f 736/20/736 745/20/745 747/20/747 738/20/738
f 738/20/738 747/20/747 748/20/748 739/20/739
f 739/20/739 748/20/748 749/20/749 740/20/740
f 740/20/740 749/20/749 750/20/750 741/20/741
f 741/20/741 750/20/750 751/20/751 742/20/742
f 742/20/742 751/20/751 752/20/752 743/20/743
f 743/20/743 752/20/752 753/20/753 744/20/744
f 744/20/744 753/20/753 746/20/746 737/20/737
f 746/20/746 644/20/644 645/20/645 745/20/745
f 745/20/745 645/20/645 647/20/647 747/20/747
f 747/20/747 647/20/647 648/20/648 748/20/748
f 748/20/748 648/20/648 649/20/649 749/20/749
f 749/20/749 649/20/649 650/20/650 750/20/750
f 750/20/750 650/20/650 651/20/651 751/20/751
f 751/20/751 651/20/651 652/20/652 752/20/752
f 752/20/752 652/20/652 653/20/653 753/20/753
f 753/20/753 653/20/653 644/20/644 746/20/746
f 772/20/772 774/20/774 773/20/773
f 773/20/773 774/20/774 775/20/775
f 775/20/775 774/20/774 776/20/776
f 776/20/776 774/20/774 777/20/777
f 777/20/777 774/20/774 778/20/778
f 778/20/778 774/20/774 779/20/779
f 779/20/779 774/20/774 780/20/780
f 780/20/780 774/20/774 781/20/781
f 781/20/781 774/20/774 772/20/772
f 783/20/783 800/20/800 799/20/799 782/20/782
f 782/20/782 799/20/799 801/20/801 788/20/788
f 788/20/788 801/20/801 802/20/802 787/20/787
f 787/20/787 802/20/802 803/20/803 790/20/790
f 790/20/790 803/20/803 804/20/804 792/20/792
f 792/20/792 804/20/804 805/20/805 794/20/794
f 794/20/794 805/20/805 806/20/806 796/20/796
f 796/20/796 806/20/806 807/20/807 798/20/798
f 798/20/798 807/20/807 800/20/800 783/20/783
f 800/20/800 772/20/772 773/20/773 799/20/799
f 799/20/799 773/20/773 775/20/775 801/20/801
f 801/20/801 775/20/775 776/20/776 802/20/802
f 802/20/802 776/20/776 777/20/777 803/20/803
f 803/20/803 777/20/777 778/20/778 804/20/804
f 804/20/804 778/20/778 779/20/779 805/20/805
f 805/20/805 779/20/779 780/20/780 806/20/806
f 806/20/806 780/20/780 781/20/781 807/20/807
f 807/20/807 781/20/781 772/20/772 800/20/800
f 824/20/824 826/20/826 825/20/825
f 825/20/825 826/20/826 827/20/827
f 827/20/827 826/20/826 828/20/828
f 828/20/828 826/20/826 829/20/829
f 829/20/829 826/20/826 830/20/830
f 830/20/830 826/20/826 831/20/831
f 831/20/831 826/20/826 832/20/832
f 832/20/832 826/20/826 833/20/833
f 833/20/833 826/20/826 824/20/824
f 908/20/908 917/20/917 916/20/916 907/20/907
f 907/20/907 916/20/916 918/20/918 909/20/909
f 909/20/909 918/20/918 919/20/919 910/20/910
f 910/20/910 919/20/919 920/20/920 911/20/911
f 911/20/911 920/20/920 921/20/921 912/20/912
f 912/20/912 921/20/921 922/20/922 913/20/913
f 913/20/913 922/20/922 923/20/923 914/20/914
f 914/20/914 923/20/923 924/20/924 915/20/915
f 915/20/915 924/20/924 917/20/917 908/20/908
f 917/20/917 824/20/824 825/20/825 916/20/916
f 916/20/916 825/20/825 827/20/827 918/20/918
f 918/20/918 827/20/827 828/20/828 919/20/919
f 919/20/919 828/20/828 829/20/829 920/20/920
f 920/20/920 829/20/829 830/20/830 921/20/921
f 921/20/921 830/20/830 831/20/831 922/20/922
f 922/20/922 831/20/831 832/20/832 923/20/923
f 923/20/923 832/20/832 833/20/833 924/20/924
f 924/20/924 833/20/833 824/20/824 917/20/917
f 936/20/936 938/20/938 937/20/937
f 937/20/937 938/20/938 939/20/939
f 939/20/939 938/20/938 940/20/940
f 940/20/940 938/20/938 941/20/941
f 941/20/941 938/20/938 942/20/942
f 942/20/942 938/20/938 943/20/943
f 943/20/943 938/20/938 944/20/944
f 944/20/944 938/20/938 945/20/945
f 945/20/945 938/20/938 936/20/936
f 1008/20/1008 1017/20/1017 1016/20/1016 1007/20/1007
f 1007/20/1007 1016/20/1016 1018/20/1018 1009/20/1009
f 1009/20/1009 1018/20/1018 1019/20/1019 1010/20/1010
f 1010/20/1010 1019/20/1019 1020/20/1020 1011/20/1011
f 1011/20/1011 1020/20/1020 1021/20/1021 1012/20/1012
f 1012/20/1012 1021/20/1021 1022/20/1022 1013/20/1013
f 1013/20/1013 1022/20/1022 1023/20/1023 1014/20/1014
f 1014/20/1014 1023/20/1023 1024/20/1024 1015/20/1015
f 1015/20/1015 1024/20/1024 1017/20/1017 1008/20/1008
f 1017/20/1017 936/20/936 937/20/937 1016/20/1016
f 1016/20/1016 937/20/937 939/20/939 1018/20/1018
f 1018/20/1018 939/20/939 940/20/940 1019/20/1019
f 1019/20/1019 940/20/940 941/20/941 1020/20/1020
f 1020/20/1020 941/20/941 942/20/942 1021/20/1021
f 1021/20/1021 942/20/942 943/20/943 1022/20/1022
f 1022/20/1022 943/20/943 944/20/944 1023/20/1023
f 1023/20/1023 944/20/944 945/20/945 1024/20/1024
f 1024/20/1024 945/20/945 936/20/936 1017/20/1017
f 1440/20/1440 1442/20/1442 1441/20/1441
f 1441/20/1441 1442/20/1442 1443/20/1443
f 1443/20/1443 1442/20/1442 1444/20/1444
f 1444/20/1444 1442/20/1442 1445/20/1445
f 1445/20/1445 1442/20/1442 1446/20/1446
f 1446/20/1446 1442/20/1442 1447/20/1447
f 1447/20/1447 1442/20/1442 1448/20/1448
f 1448/20/1448 1442/20/1442 1449/20/1449
f 1449/20/1449 1442/20/1442 1440/20/1440
f 1469/20/1469 1478/20/1478 1477/20/1477 1468/20/1468
f 1468/20/1468 1477/20/1477 1479/20/1479 1470/20/1470
f 1470/20/1470 1479/20/1479 1480/20/1480 1471/20/1471
f 1471/20/1471 1480/20/1480 1481/20/1481 1472/20/1472
f 1472/20/1472 1481/20/1481 1482/20/1482 1473/20/1473
f 1473/20/1473 1482/20/1482 1483/20/1483 1474/20/1474
f 1474/20/1474 1483/20/1483 1484/20/1484 1475/20/1475
f 1475/20/1475 1484/20/1484 1485/20/1485 1476/20/1476
f 1476/20/1476 1485/20/1485 1478/20/1478 1469/20/1469
f 1478/20/1478 1440/20/1440 1441/20/1441 1477/20/1477
f 1477/20/1477 1441/20/1441 1443/20/1443 1479/20/1479
f 1479/20/1479 1443/20/1443 1444/20/1444 1480/20/1480
f 1480/20/1480 1444/20/1444 1445/20/1445 1481/20/1481
f 1481/20/1481 1445/20/1445 1446/20/1446 1482/20/1482
f 1482/20/1482 1446/20/1446 1447/20/1447 1483/20/1483
f 1483/20/1483 1447/20/1447 1448/20/1448 1484/20/1484
f 1484/20/1484 1448/20/1448 1449/20/1449 1485/20/1485
f 1485/20/1485 1449/20/1449 1440/20/1440 1478/20/1478
g all_branches level1 manual_prune previous_level tree_branch_generator1
usemtl /obj/geo1/tree_controller1/matnet1/labs_shader1
f 66/69/66 69/70/69 68/71/68 67/72/67
f 67/72/67 68/71/68 71/73/71 70/74/70
f 70/74/70 71/73/71 73/75/73 72/76/72
f 72/76/72 73/75/73 75/77/75 74/78/74
f 74/78/74 75/77/75 77/79/77 76/80/76
f 76/80/76 77/79/77 79/81/79 78/82/78
f 78/82/78 79/81/79 81/83/81 80/84/80
f 80/84/80 81/83/81 83/85/83 82/86/82
f 82/86/82 83/85/83 69/87/69 66/88/66
f 69/70/69 85/89/85 84/90/84 68/71/68
f 68/71/68 84/90/84 86/91/86 71/73/71
f 71/73/71 86/91/86 87/92/87 73/75/73
f 73/75/73 87/92/87 88/93/88 75/77/75
f 75/77/75 88/93/88 89/94/89 77/79/77
f 77/79/77 89/94/89 90/95/90 79/81/79
f 79/81/79 90/95/90 91/96/91 81/83/81
f 81/83/81 91/96/91 92/97/92 83/85/83
f 83/85/83 92/97/92 85/98/85 69/87/69
f 102/99/102 104/100/104 66/69/66 67/72/67 103/101/103
f 105/102/105 109/103/109 108/104/108 107/105/107 106/106/106 103/101/103 67/72/67 70/74/70
f 72/76/72 110/107/110 105/102/105 70/74/70
f 111/108/111 114/109/114 113/110/113 110/111/110 72/76/72 74/78/74 112/112/112
f 115/113/115 112/114/112 74/78/74 76/80/76 116/115/116
f 117/116/117 116/117/116 76/80/76 78/82/78 119/118/119 118/119/118
f 120/120/120 122/121/122 121/122/121 119/123/119 78/82/78 80/84/80
f 123/124/123 125/125/125 124/126/124 120/127/120 80/84/80 82/86/82
f 126/128/126 127/129/127 123/130/123 82/86/82 66/131/66 104/132/104
f 138/133/138 141/134/141 140/135/140 139/136/139
f 139/136/139 140/135/140 143/137/143 142/138/142
f 142/138/142 143/137/143 145/139/145 144/140/144
f 144/140/144 145/139/145 147/141/147 146/142/146
f 146/142/146 147/141/147 149/143/149 148/144/148
f 148/144/148 149/143/149 151/145/151 150/146/150
f 150/146/150 151/145/151 153/147/153 152/148/152
f 152/148/152 153/147/153 155/149/155 154/150/154
f 154/150/154 155/149/155 141/151/141 138/152/138
f 141/134/141 157/153/157 156/154/156 140/135/140
f 140/135/140 156/154/156 158/155/158 143/137/143
f 143/137/143 158/155/158 159/156/159 145/139/145
f 145/139/145 159/156/159 160/157/160 147/141/147
f 147/141/147 160/157/160 161/158/161 149/143/149
f 149/143/149 161/158/161 162/159/162 151/145/151
f 151/145/151 162/159/162 163/160/163 153/147/153
f 153/147/153 163/160/163 164/161/164 155/149/155
f 155/149/155 164/161/164 157/162/157 141/151/141
f 157/153/157 166/163/166 165/164/165 156/154/156
f 156/154/156 165/164/165 167/165/167 158/155/158
f 158/155/158 167/165/167 168/166/168 159/156/159
f 159/156/159 168/166/168 169/167/169 160/157/160
f 160/157/160 169/167/169 170/168/170 161/158/161
f 161/158/161 170/168/170 171/169/171 162/159/162
f 162/159/162 171/169/171 172/170/172 163/160/163
f 163/160/163 172/170/172 173/171/173 164/161/164
f 164/161/164 173/171/173 166/172/166 157/162/157
f 183/173/183 185/174/185 138/133/138 139/136/139 184/175/184
f 186/176/186 188/177/188 187/178/187 184/179/184 139/136/139 142/138/142
f 189/180/189 190/181/190 186/182/186 142/138/142 144/140/144
f 191/183/191 194/184/194 193/185/193 192/186/192 189/187/189 144/140/144 146/142/146
f 195/188/195 196/189/196 191/183/191 146/142/146 148/144/148
f 150/146/150 198/190/198 197/191/197 195/188/195 148/144/148
f 199/192/199 203/193/203 202/194/202 201/195/201 198/190/198 150/146/150 152/148/152 200/196/200
f 204/197/204 200/196/200 152/148/152 154/150/154 205/198/205
f 138/152/138 185/199/185 207/200/207 206/201/206 205/202/205 154/150/154
f 218/203/218 221/204/221 220/205/220 219/206/219
f 219/206/219 220/205/220 223/207/223 222/208/222
f 222/208/222 223/207/223 225/209/225 224/210/224
f 224/210/224 225/209/225 227/211/227 226/212/226
f 226/212/226 227/211/227 229/213/229 228/214/228
f 228/214/228 229/213/229 231/215/231 230/216/230
f 230/216/230 231/215/231 233/217/233 232/218/232
f 232/218/232 233/217/233 235/219/235 234/220/234
f 234/220/234 235/219/235 221/221/221 218/222/218
f 221/204/221 237/223/237 236/224/236 220/205/220
f 220/205/220 236/224/236 238/225/238 223/207/223
f 223/207/223 238/225/238 239/226/239 225/209/225
f 225/209/225 239/226/239 240/227/240 227/211/227
f 227/211/227 240/227/240 241/228/241 229/213/229
f 229/213/229 241/228/241 242/229/242 231/215/231
f 231/215/231 242/229/242 243/230/243 233/217/233
f 233/217/233 243/230/243 244/231/244 235/219/235
f 235/219/235 244/231/244 237/232/237 221/221/221
f 237/223/237 246/233/246 245/234/245 236/224/236
f 236/224/236 245/234/245 247/235/247 238/225/238
f 238/225/238 247/235/247 248/236/248 239/226/239
f 239/226/239 248/236/248 249/237/249 240/227/240
f 240/227/240 249/237/249 250/238/250 241/228/241
f 241/228/241 250/238/250 251/239/251 242/229/242
f 242/229/242 251/239/251 252/240/252 243/230/243
f 243/230/243 252/240/252 253/241/253 244/231/244
f 244/231/244 253/241/253 246/242/246 237/232/237
f 246/233/246 255/243/255 254/244/254 245/234/245
f 245/234/245 254/244/254 256/245/256 247/235/247
f 247/235/247 256/245/256 257/246/257 248/236/248
f 248/236/248 257/246/257 258/247/258 249/237/249
f 249/237/249 258/247/258 259/248/259 250/238/250
f 250/238/250 259/248/259 260/249/260 251/239/251
f 251/239/251 260/249/260 261/250/261 252/240/252
f 252/240/252 261/250/261 262/251/262 253/241/253
f 253/241/253 262/251/262 255/252/255 246/242/246
f 255/243/255 264/253/264 263/254/263 254/244/254
f 254/244/254 263/254/263 265/255/265 256/245/256
f 256/245/256 265/255/265 266/256/266 257/246/257
f 257/246/257 266/256/266 267/257/267 258/247/258
f 258/247/258 267/257/267 268/258/268 259/248/259
f 259/248/259 268/258/268 269/259/269 260/249/260
f 260/249/260 269/259/269 270/260/270 261/250/261
f 261/250/261 270/260/270 271/261/271 262/251/262
f 262/251/262 271/261/271 264/262/264 255/252/255
f 219/206/219 285/263/285 284/264/284 283/265/283 282/266/282 281/267/281 218/203/218
f 286/268/286 285/269/285 219/206/219 222/208/222 121/270/121
f 287/271/287 118/272/118 119/273/119 121/274/121 222/208/222 224/210/224 288/275/288
f 289/276/289 290/277/290 288/275/288 224/210/224 226/212/226
f 291/278/291 292/279/292 289/276/289 226/212/226 228/214/228
f 230/216/230 294/280/294 293/281/293 291/282/291 228/214/228
f 232/218/232 298/283/298 297/284/297 296/285/296 295/286/295 294/287/294 230/216/230
f 299/288/299 302/289/302 301/290/301 300/291/300 298/292/298 232/218/232 234/220/234
f 218/222/218 281/293/281 308/294/308 307/295/307 306/296/306 305/297/305 304/298/304 303/299/303 299/300/299 234/220/234
f 319/301/319 322/302/322 321/303/321 320/304/320
f 320/304/320 321/303/321 324/305/324 323/306/323
f 323/306/323 324/305/324 326/307/326 325/308/325
f 325/308/325 326/307/326 328/309/328 327/310/327
f 327/310/327 328/309/328 330/311/330 329/312/329
f 329/312/329 330/311/330 332/313/332 331/314/331
f 331/314/331 332/313/332 334/315/334 333/316/333
f 333/316/333 334/315/334 336/317/336 335/318/335
f 335/318/335 336/317/336 322/319/322 319/320/319
f 322/302/322 338/321/338 337/322/337 321/303/321
f 321/303/321 337/322/337 339/323/339 324/305/324
f 324/305/324 339/323/339 340/324/340 326/307/326
f 326/307/326 340/324/340 341/325/341 328/309/328
f 328/309/328 341/325/341 342/326/342 330/311/330
f 330/311/330 342/326/342 343/327/343 332/313/332
f 332/313/332 343/327/343 344/328/344 334/315/334
f 334/315/334 344/328/344 345/329/345 336/317/336
f 336/317/336 345/329/345 338/330/338 322/319/322
f 338/321/338 347/331/347 346/332/346 337/322/337
f 337/322/337 346/332/346 348/333/348 339/323/339
f 339/323/339 348/333/348 349/334/349 340/324/340
f 340/324/340 349/334/349 350/335/350 341/325/341
f 341/325/341 350/335/350 351/336/351 342/326/342
f 342/326/342 351/336/351 352/337/352 343/327/343
f 343/327/343 352/337/352 353/338/353 344/328/344
f 344/328/344 353/338/353 354/339/354 345/329/345
f 345/329/345 354/339/354 347/340/347 338/330/338
f 347/331/347 356/341/356 355/342/355 346/332/346
f 346/332/346 355/342/355 357/343/357 348/333/348
f 348/333/348 357/343/357 358/344/358 349/334/349
f 349/334/349 358/344/358 359/345/359 350/335/350
f 350/335/350 359/345/359 360/346/360 351/336/351
f 351/336/351 360/346/360 361/347/361 352/337/352
f 352/337/352 361/347/361 362/348/362 353/338/353
f 353/338/353 362/348/362 363/349/363 354/339/354
f 354/339/354 363/349/363 356/350/356 347/340/347
f 300/351/300 376/352/376 375/353/375 374/354/374 373/355/373 188/356/188 319/301/319 320/304/320
f 297/357/297 298/358/298 300/351/300 320/304/320 323/306/323
f 377/359/377 380/360/380 379/361/379 296/362/296 297/357/297 323/306/323 325/308/325 378/363/378
f 381/364/381 383/365/383 382/366/382 378/363/378 325/308/325 327/310/327
f 329/312/329 385/367/385 384/368/384 381/364/381 327/310/327
f 386/369/386 385/370/385 329/312/329 331/314/331 391/371/391 390/372/390 389/373/389 388/374/388 387/375/387
f 333/316/333 192/376/192 392/377/392 391/378/391 331/314/331
f 190/379/190 189/380/189 192/376/192 333/316/333 335/318/335
f 319/320/319 188/381/188 186/382/186 190/379/190 335/318/335
f 403/383/403 406/384/406 405/385/405 404/386/404
f 404/386/404 405/385/405 408/387/408 407/388/407
f 407/388/407 408/387/408 410/389/410 409/390/409
f 409/390/409 410/389/410 412/391/412 411/392/411
f 411/392/411 412/391/412 414/393/414 413/394/413
f 413/394/413 414/393/414 416/395/416 415/396/415
f 415/396/415 416/395/416 418/397/418 417/398/417
f 417/398/417 418/397/418 420/399/420 419/400/419
f 419/400/419 420/399/420 406/401/406 403/402/403
f 406/384/406 422/403/422 421/404/421 405/385/405
f 405/385/405 421/404/421 423/405/423 408/387/408
f 408/387/408 423/405/423 424/406/424 410/389/410
f 410/389/410 424/406/424 425/407/425 412/391/412
f 412/391/412 425/407/425 426/408/426 414/393/414
f 414/393/414 426/408/426 427/409/427 416/395/416
f 416/395/416 427/409/427 428/410/428 418/397/418
f 418/397/418 428/410/428 429/411/429 420/399/420
f 420/399/420 429/411/429 422/412/422 406/401/406
f 422/403/422 431/413/431 430/414/430 421/404/421
f 421/404/421 430/414/430 432/415/432 423/405/423
f 423/405/423 432/415/432 433/416/433 424/406/424
f 424/406/424 433/416/433 434/417/434 425/407/425
f 425/407/425 434/417/434 435/418/435 426/408/426
f 426/408/426 435/418/435 436/419/436 427/409/427
f 427/409/427 436/419/436 437/420/437 428/410/428
f 428/410/428 437/420/437 438/421/438 429/411/429
f 429/411/429 438/421/438 431/422/431 422/412/422
f 431/413/431 440/423/440 439/424/439 430/414/430
f 430/414/430 439/424/439 441/425/441 432/415/432
f 432/415/432 441/425/441 442/426/442 433/416/433
f 433/416/433 442/426/442 443/427/443 434/417/434
f 434/417/434 443/427/443 444/428/444 435/418/435
f 435/418/435 444/428/444 445/429/445 436/419/436
f 436/419/436 445/429/445 446/430/446 437/420/437
f 437/420/437 446/430/446 447/431/447 438/421/438
f 438/421/438 447/431/447 440/432/440 431/422/431
f 440/423/440 449/433/449 448/434/448 439/424/439
f 439/424/439 448/434/448 450/435/450 441/425/441
f 441/425/441 450/435/450 451/436/451 442/426/442
f 442/426/442 451/436/451 452/437/452 443/427/443
f 443/427/443 452/437/452 453/438/453 444/428/444
f 444/428/444 453/438/453 454/439/454 445/429/445
f 445/429/445 454/439/454 455/440/455 446/430/446
f 446/430/446 455/440/455 456/441/456 447/431/447
f 447/431/447 456/441/456 449/442/449 440/432/440
f 449/433/449 458/443/458 457/444/457 448/434/448
f 448/434/448 457/444/457 459/445/459 450/435/450
f 450/435/450 459/445/459 460/446/460 451/436/451
f 451/436/451 460/446/460 461/447/461 452/437/452
f 452/437/452 461/447/461 462/448/462 453/438/453
f 453/438/453 462/448/462 463/449/463 454/439/454
f 454/439/454 463/449/463 464/450/464 455/440/455
f 455/440/455 464/450/464 465/451/465 456/441/456
f 456/441/456 465/451/465 458/452/458 449/442/449
f 404/386/404 115/453/115 116/454/116 117/455/117 403/383/403
f 112/456/112 115/453/115 404/386/404 407/388/407 476/457/476 475/458/475
f 477/459/477 479/460/479 478/461/478 476/457/476 407/388/407 409/390/409
f 480/462/480 484/463/484 483/464/483 482/465/482 481/466/481 477/459/477 409/390/409 411/392/411
f 413/394/413 488/467/488 487/468/487 486/469/486 485/470/485 480/471/480 411/392/411
f 489/472/489 490/473/490 488/474/488 413/394/413 415/396/415
f 290/475/290 289/476/289 292/477/292 492/478/492 491/479/491 489/472/489 415/396/415 417/398/417
f 288/480/288 290/475/290 417/398/417 419/400/419 287/481/287
f 118/482/118 287/483/287 419/400/419 403/402/403 117/484/117
f 504/485/504 380/486/380 377/487/377 503/31/503
f 507/488/507 379/489/379 380/486/380 504/485/504
f 509/34/509 295/490/295 296/491/296 379/489/379 507/488/507
f 293/492/293 294/493/294 295/494/295 509/34/509 511/495/511
f 291/496/291 293/497/293 511/495/511 513/498/513 492/499/492 292/500/292
f 521/501/521 522/502/522 491/503/491 492/504/492 513/498/513 515/37/515
f 523/505/523 521/501/521 515/37/515 517/38/517 524/506/524
f 382/507/382 383/508/383 526/509/526 525/510/525 524/511/524 517/38/517 519/39/519
f 378/512/378 382/513/382 519/39/519 503/40/503 377/514/377
f 537/515/537 540/516/540 539/517/539 538/518/538
f 538/518/538 539/517/539 542/519/542 541/520/541
f 541/520/541 542/519/542 544/521/544 543/522/543
f 543/522/543 544/521/544 546/523/546 545/524/545
f 545/524/545 546/523/546 548/525/548 547/526/547
f 547/526/547 548/525/548 550/527/550 549/528/549
f 549/528/549 550/527/550 552/529/552 551/530/551
f 551/530/551 552/529/552 554/531/554 553/532/553
f 553/532/553 554/531/554 540/533/540 537/534/537
f 564/535/564 566/536/566 565/537/565 537/515/537 538/518/538
f 567/538/567 564/539/564 538/518/538 541/520/541 568/540/568
f 569/541/569 570/542/570 568/540/568 541/520/541 543/522/543
f 571/543/571 572/544/572 569/545/569 543/522/543 545/524/545
f 573/546/573 574/547/574 571/543/571 545/524/545 547/526/547
f 575/548/575 577/549/577 573/546/573 547/526/547 549/528/549 576/550/576
f 578/551/578 576/550/576 549/528/549 551/530/551 580/552/580 579/553/579
f 553/532/553 582/554/582 581/555/581 580/556/580 551/530/551
f 565/557/565 582/554/582 553/532/553 537/534/537
f 593/517/593 598/558/598 597/559/597 596/560/596 595/561/595 594/516/594
f 599/562/599 602/519/602 601/521/601 600/563/600
f 600/563/600 601/521/601 604/523/604 603/564/603
f 603/564/603 604/523/604 606/525/606 605/565/605
f 605/565/605 606/525/606 608/527/608 607/566/607
f 607/566/607 608/527/608 610/529/610 609/567/609
f 609/567/609 610/529/610 612/531/612 611/568/611
f 611/568/611 612/531/612 594/533/594 595/569/595
f 595/561/595 596/570/596 622/571/622
f 599/562/599 624/572/624 623/573/623
f 600/563/600 628/574/628 627/575/627 626/576/626 625/577/625 624/572/624 599/562/599
f 629/578/629 628/579/628 600/563/600 603/564/603 308/580/308 281/581/281 630/582/630
f 303/583/303 634/584/634 633/585/633 632/586/632 631/587/631 308/588/308 603/564/603 605/565/605
f 635/589/635 638/590/638 637/591/637 299/592/299 303/583/303 605/565/605 607/566/607 636/593/636
f 639/594/639 636/595/636 607/566/607 609/567/609
f 611/568/611 640/596/640 639/597/639 609/567/609
f 641/598/641 643/599/643 640/600/640 611/568/611 595/601/595 622/602/622 642/603/642
f 599/562/599 623/604/623 598/605/598 593/517/593 602/519/602
f 654/606/654 657/607/657 656/608/656 655/609/655
f 655/609/655 656/608/656 659/610/659 658/611/658
f 658/611/658 659/610/659 661/612/661 660/613/660
f 660/613/660 661/612/661 663/614/663 662/615/662
f 664/616/664 667/617/667 666/618/666 665/619/665 662/615/662 663/614/663
f 668/620/668 671/621/671 670/622/670 669/623/669
f 669/623/669 670/622/670 657/624/657 654/625/654
f 657/607/657 673/626/673 672/627/672 656/608/656
f 656/608/656 672/627/672 674/628/674 659/610/659
f 659/610/659 674/628/674 675/629/675 661/612/661
f 661/612/661 675/629/675 676/630/676 663/614/663
f 663/614/663 676/630/676 677/631/677 664/616/664
f 664/616/664 677/631/677 679/632/679 678/633/678
f 678/633/678 679/632/679 680/634/680 671/621/671
f 671/621/671 680/634/680 681/635/681 670/622/670
f 670/622/670 681/635/681 673/636/673 657/624/657
f 673/626/673 683/637/683 682/638/682 672/627/672
f 672/627/672 682/638/682 684/639/684 674/628/674
f 674/628/674 684/639/684 685/640/685 675/629/675
f 675/629/675 685/640/685 686/641/686 676/630/676
f 676/630/676 686/641/686 687/642/687 677/631/677
f 677/631/677 687/642/687 688/643/688 679/632/679
f 679/632/679 688/643/688 689/644/689 680/634/680
f 680/634/680 689/644/689 690/645/690 681/635/681
f 681/635/681 690/645/690 683/646/683 673/636/673
f 683/637/683 692/647/692 691/648/691 682/638/682
f 682/638/682 691/648/691 693/649/693 684/639/684
f 684/639/684 693/649/693 694/650/694 685/640/685
f 685/640/685 694/650/694 695/651/695 686/641/686
f 686/641/686 695/651/695 696/652/696 687/642/687
f 687/642/687 696/652/696 697/653/697 688/643/688
f 688/643/688 697/653/697 698/654/698 689/644/689
f 689/644/689 698/654/698 699/655/699 690/645/690
f 690/645/690 699/655/699 692/656/692 683/646/683
f 692/647/692 701/657/701 700/658/700 691/648/691
f 691/648/691 700/658/700 702/659/702 693/649/693
f 693/649/693 702/659/702 703/660/703 694/650/694
f 694/650/694 703/660/703 704/661/704 695/651/695
f 695/651/695 704/661/704 705/662/705 696/652/696
f 696/652/696 705/662/705 706/663/706 697/653/697
f 697/653/697 706/663/706 707/664/707 698/654/698
f 698/654/698 707/664/707 708/665/708 699/655/699
f 699/655/699 708/665/708 701/666/701 692/656/692
f 701/657/701 710/667/710 709/668/709 700/658/700
f 700/658/700 709/668/709 711/669/711 702/659/702
f 702/659/702 711/669/711 712/670/712 703/660/703
f 703/660/703 712/670/712 713/671/713 704/661/704
f 704/661/704 713/671/713 714/672/714 705/662/705
f 705/662/705 714/672/714 715/673/715 706/663/706
f 706/663/706 715/673/715 716/674/716 707/664/707
f 707/664/707 716/674/716 717/675/717 708/665/708
f 708/665/708 717/675/717 710/676/710 701/666/701
f 710/667/710 719/677/719 718/678/718 709/668/709
f 709/668/709 718/678/718 720/679/720 711/669/711
f 711/669/711 720/679/720 721/680/721 712/670/712
f 712/670/712 721/680/721 722/681/722 713/671/713
f 713/671/713 722/681/722 723/682/723 714/672/714
f 714/672/714 723/682/723 724/683/724 715/673/715
f 715/673/715 724/683/724 725/684/725 716/674/716
f 716/674/716 725/684/725 726/685/726 717/675/717
f 717/675/717 726/685/726 719/686/719 710/676/710
f 719/677/719 728/687/728 727/688/727 718/678/718
f 718/678/718 727/688/727 729/689/729 720/679/720
f 720/679/720 729/689/729 730/690/730 721/680/721
f 721/680/721 730/690/730 731/691/731 722/681/722
f 722/681/722 731/691/731 732/692/732 723/682/723
f 723/682/723 732/692/732 733/693/733 724/683/724
f 724/683/724 733/693/733 734/694/734 725/684/725
f 725/684/725 734/694/734 735/695/735 726/685/726
f 726/685/726 735/695/735 728/696/728 719/686/719
f 728/687/728 737/697/737 736/698/736 727/688/727
f 727/688/727 736/698/736 738/699/738 729/689/729
f 729/689/729 738/699/738 739/700/739 730/690/730
f 730/690/730 739/700/739 740/701/740 731/691/731
f 731/691/731 740/701/740 741/702/741 732/692/732
f 732/692/732 741/702/741 742/703/742 733/693/733
f 733/693/733 742/703/742 743/704/743 734/694/734
f 734/694/734 743/704/743 744/705/744 735/695/735
f 735/695/735 744/705/744 737/706/737 728/696/728
f 655/609/655 201/707/201 755/708/755 754/709/754 108/710/108 654/606/654
f 197/711/197 198/712/198 201/713/201 655/609/655 658/611/658
f 756/714/756 195/715/195 197/711/197 658/611/658 660/613/660 757/716/757
f 758/717/758 761/718/761 760/719/760 759/720/759 757/716/757 660/613/660 662/615/662
f 758/717/758 662/615/662 665/619/665 762/721/762
f 113/722/113 767/723/767 766/724/766 765/725/765 764/726/764 763/727/763 668/620/668
f 105/728/105 110/729/110 113/730/113 668/620/668 669/623/669 109/731/109
f 108/732/108 109/733/109 669/623/669 654/625/654
f 768/734/768 770/735/770 667/617/667 664/616/664 678/633/678 769/736/769
f 763/737/763 771/738/771 769/739/769 678/633/678 671/621/671 668/620/668
f 782/517/782 770/740/770 768/741/768 784/742/784 783/516/783
f 785/743/785 788/519/788 787/521/787 786/744/786
f 786/744/786 787/521/787 790/523/790 789/745/789
f 789/745/789 790/523/790 792/525/792 791/746/791
f 791/746/791 792/525/792 794/527/794 793/747/793
f 793/747/793 794/527/794 796/529/796 795/748/795
f 795/748/795 796/529/796 798/531/798 797/749/797
f 797/749/797 798/531/798 783/533/783 784/750/784
f 771/751/771 784/742/784 768/741/768 769/752/769
f 761/753/761 810/754/810 809/755/809 808/756/808
f 665/757/665 666/758/666 785/743/785 762/759/762
f 811/760/811 813/761/813 810/762/810 761/753/761 758/763/758 762/764/762 785/743/785 786/744/786 575/765/575 576/766/576 812/767/812
f 577/768/577 575/765/575 786/744/786 789/745/789 814/769/814
f 815/770/815 816/771/816 814/772/814 789/745/789 791/746/791
f 817/773/817 820/774/820 819/775/819 815/776/815 791/746/791 793/747/793 481/777/481 818/778/818
f 479/779/479 477/780/477 481/781/481 793/747/793 795/748/795
f 764/782/764 823/783/823 822/784/822 821/785/821 479/779/479 795/748/795 797/749/797
f 771/786/771 763/787/763 764/788/764 797/749/797 784/750/784
f 667/789/667 770/790/770 782/517/782 788/519/788 785/743/785 666/791/666
f 834/792/834 837/793/837 836/794/836 835/795/835
f 835/795/835 836/794/836 839/796/839 838/797/838
f 840/798/840 844/799/844 843/800/843 842/801/842 841/802/841 838/797/838 839/796/839
f 845/803/845 848/804/848 847/805/847 846/806/846
f 846/806/846 847/805/847 850/807/850 849/808/849
f 849/808/849 850/807/850 837/809/837 834/810/834
f 837/793/837 852/811/852 851/812/851 836/794/836
f 836/794/836 851/812/851 853/813/853 839/796/839
f 839/796/839 853/813/853 854/814/854 840/798/840
f 840/798/840 854/814/854 856/815/856 855/816/855
f 855/816/855 856/815/856 858/817/858 857/818/857
f 857/818/857 858/817/858 859/819/859 848/804/848
f 848/804/848 859/819/859 860/820/860 847/805/847
f 847/805/847 860/820/860 861/821/861 850/807/850
f 850/807/850 861/821/861 852/822/852 837/809/837
f 852/811/852 863/823/863 862/824/862 851/812/851
f 851/812/851 862/824/862 864/825/864 853/813/853
f 853/813/853 864/825/864 865/826/865 854/814/854
f 854/814/854 865/826/865 866/827/866 856/815/856
f 856/815/856 866/827/866 867/828/867 858/817/858
f 858/817/858 867/828/867 868/829/868 859/819/859
f 859/819/859 868/829/868 869/830/869 860/820/860
f 860/820/860 869/830/869 870/831/870 861/821/861
f 861/821/861 870/831/870 863/832/863 852/822/852
f 863/823/863 872/833/872 871/834/871 862/824/862
f 862/824/862 871/834/871 873/835/873 864/825/864
f 864/825/864 873/835/873 874/836/874 865/826/865
f 865/826/865 874/836/874 875/837/875 866/827/866
f 866/827/866 875/837/875 876/838/876 867/828/867
f 867/828/867 876/838/876 877/839/877 868/829/868
f 868/829/868 877/839/877 878/840/878 869/830/869
f 869/830/869 878/840/878 879/841/879 870/831/870
f 870/831/870 879/841/879 872/842/872 863/832/863
f 872/833/872 881/843/881 880/844/880 871/834/871
f 871/834/871 880/844/880 882/845/882 873/835/873
f 873/835/873 882/845/882 883/846/883 874/836/874
f 874/836/874 883/846/883 884/847/884 875/837/875
f 875/837/875 884/847/884 885/848/885 876/838/876
f 876/838/876 885/848/885 886/849/886 877/839/877
f 877/839/877 886/849/886 887/850/887 878/840/878
f 878/840/878 887/850/887 888/851/888 879/841/879
f 879/841/879 888/851/888 881/852/881 872/842/872
f 881/843/881 890/853/890 889/854/889 880/844/880
f 880/844/880 889/854/889 891/855/891 882/845/882
f 882/845/882 891/855/891 892/856/892 883/846/883
f 883/846/883 892/856/892 893/857/893 884/847/884
f 884/847/884 893/857/893 894/858/894 885/848/885
f 885/848/885 894/858/894 895/859/895 886/849/886
f 886/849/886 895/859/895 896/860/896 887/850/887
f 887/850/887 896/860/896 897/861/897 888/851/888
f 888/851/888 897/861/897 890/862/890 881/852/881
f 890/853/890 899/863/899 898/864/898 889/854/889
f 889/854/889 898/864/898 900/865/900 891/855/891
f 891/855/891 900/865/900 901/866/901 892/856/892
f 892/856/892 901/866/901 902/867/902 893/857/893
f 893/857/893 902/867/902 903/868/903 894/858/894
f 894/858/894 903/868/903 904/869/904 895/859/895
f 895/859/895 904/869/904 905/870/905 896/860/896
f 896/860/896 905/870/905 906/871/906 897/861/897
f 897/861/897 906/871/906 899/872/899 890/862/890
f 899/863/899 908/873/908 907/874/907 898/864/898
f 898/864/898 907/874/907 909/875/909 900/865/900
f 900/865/900 909/875/909 910/876/910 901/866/901
f 901/866/901 910/876/910 911/877/911 902/867/902
f 902/867/902 911/877/911 912/878/912 903/868/903
f 903/868/903 912/878/912 913/879/913 904/869/904
f 904/869/904 913/879/913 914/880/914 905/870/905
f 905/870/905 914/880/914 915/881/915 906/871/906
f 906/871/906 915/881/915 908/882/908 899/872/899
f 490/883/490 489/884/489 491/885/491 522/886/522 834/792/834 835/795/835
f 838/797/838 487/887/487 488/888/488 490/883/490 835/795/835
f 838/797/838 841/889/841 486/890/486 487/891/487
f 925/892/925 927/893/927 845/803/845 926/894/926
f 928/895/928 929/896/929 926/894/926 845/803/845 846/806/846
f 525/897/525 930/898/930 928/899/928 846/806/846 849/808/849 523/900/523 524/901/524
f 521/902/521 523/903/523 849/808/849 834/904/834 522/905/522
f 931/906/931 844/907/844 840/798/840 855/816/855 932/908/932
f 933/909/933 932/908/932 855/816/855 857/818/857 934/910/934
f 848/804/848 845/803/845 927/911/927 935/912/935 934/910/934 857/818/857
f 946/913/946 949/914/949 948/915/948 947/916/947
f 947/916/947 948/915/948 951/917/951 950/918/950
f 950/918/950 951/917/951 953/919/953 952/920/952
f 952/920/952 953/919/953 955/921/955 954/922/954
f 954/922/954 955/921/955 957/923/957 956/924/956
f 956/924/956 957/923/957 959/925/959 958/926/958
f 960/927/960 933/928/933 934/929/934 935/930/935 958/926/958 959/925/959
f 961/931/961 963/932/963 962/933/962 949/914/949
f 949/914/949 962/933/962 964/934/964 948/915/948
f 948/915/948 964/934/964 965/935/965 951/917/951
f 951/917/951 965/935/965 966/936/966 953/919/953
f 953/919/953 966/936/966 967/937/967 955/921/955
f 955/921/955 967/937/967 968/938/968 957/923/957
f 957/923/957 968/938/968 969/939/969 959/925/959
f 959/925/959 969/939/969 970/940/970 960/927/960
f 960/927/960 970/940/970 963/941/963 961/942/961
f 963/932/963 972/943/972 971/944/971 962/933/962
f 962/933/962 971/944/971 973/945/973 964/934/964
f 964/934/964 973/945/973 974/946/974 965/935/965
f 965/935/965 974/946/974 975/947/975 966/936/966
f 966/936/966 975/947/975 976/948/976 967/937/967
f 967/937/967 976/948/976 977/949/977 968/938/968
f 968/938/968 977/949/977 978/950/978 969/939/969
f 969/939/969 978/950/978 979/951/979 970/940/970
f 970/940/970 979/951/979 972/952/972 963/941/963
f 972/943/972 981/953/981 980/954/980 971/944/971
f 971/944/971 980/954/980 982/955/982 973/945/973
f 973/945/973 982/955/982 983/956/983 974/946/974
f 974/946/974 983/956/983 984/957/984 975/947/975
f 975/947/975 984/957/984 985/958/985 976/948/976
f 976/948/976 985/958/985 986/959/986 977/949/977
f 977/949/977 986/959/986 987/960/987 978/950/978
f 978/950/978 987/960/987 988/961/988 979/951/979
f 979/951/979 988/961/988 981/962/981 972/952/972
f 981/953/981 990/963/990 989/964/989 980/954/980
f 980/954/980 989/964/989 991/965/991 982/955/982
f 982/955/982 991/965/991 992/966/992 983/956/983
f 983/956/983 992/966/992 993/967/993 984/957/984
f 984/957/984 993/967/993 994/968/994 985/958/985
f 985/958/985 994/968/994 995/969/995 986/959/986
f 986/959/986 995/969/995 996/970/996 987/960/987
f 987/960/987 996/970/996 997/971/997 988/961/988
f 988/961/988 997/971/997 990/972/990 981/962/981
f 990/963/990 999/973/999 998/974/998 989/964/989
f 989/964/989 998/974/998 1000/975/1000 991/965/991
f 991/965/991 1000/975/1000 1001/976/1001 992/966/992
f 992/966/992 1001/976/1001 1002/977/1002 993/967/993
f 993/967/993 1002/977/1002 1003/978/1003 994/968/994
f 994/968/994 1003/978/1003 1004/979/1004 995/969/995
f 995/969/995 1004/979/1004 1005/980/1005 996/970/996
f 996/970/996 1005/980/1005 1006/981/1006 997/971/997
f 997/971/997 1006/981/1006 999/982/999 990/972/990
f 999/973/999 1008/983/1008 1007/984/1007 998/974/998
f 998/974/998 1007/984/1007 1009/985/1009 1000/975/1000
f 1000/975/1000 1009/985/1009 1010/986/1010 1001/976/1001
f 1001/976/1001 1010/986/1010 1011/987/1011 1002/977/1002
f 1002/977/1002 1011/987/1011 1012/988/1012 1003/978/1003
f 1003/978/1003 1012/988/1012 1013/989/1013 1004/979/1004
f 1004/979/1004 1013/989/1013 1014/990/1014 1005/980/1005
f 1005/980/1005 1014/990/1014 1015/991/1015 1006/981/1006
f 1006/981/1006 1015/991/1015 1008/992/1008 999/982/999
f 946/913/946 842/993/842 843/994/843
f 947/916/947 485/995/485 486/996/486 841/997/841 842/998/842 946/913/946
f 819/999/819 1026/1000/1026 1025/1001/1025 480/1002/480 485/1003/485 947/916/947 950/918/950
f 816/1004/816 815/1005/815 819/1006/819 950/918/950 952/920/952
f 577/1007/577 814/1008/814 816/1009/816 952/920/952 954/922/954 574/1010/574 573/1011/573
f 572/1012/572 571/1013/571 574/1014/574 954/922/954 956/924/956
f 1027/1015/1027 570/1016/570 569/1017/569 572/1012/572 956/924/956 958/926/958
f 1028/1018/1028 1027/1015/1027 958/926/958 935/1019/935 927/1020/927 925/1021/925
f 844/1022/844 931/1023/931 961/931/961 949/914/949 946/913/946 843/994/843
f 932/1024/932 933/928/933 960/927/960 961/942/961 931/1025/931
f 1029/1026/1029 1030/582/1030 281/581/281 308/580/308
f 1031/587/1031 1029/1026/1029 308/588/308
f 303/583/303 1032/1027/1032 304/584/304
f 303/583/303 299/592/299 302/591/302 1032/1027/1032
f 109/103/109 105/102/105 1033/1028/1033 754/105/754 108/104/108
f 105/102/105 110/107/110 1037/1029/1037 1036/1030/1036 1035/1031/1035 1034/1032/1034 1033/1028/1033
f 113/110/113 767/109/767 1039/1033/1039 1038/1034/1038 1037/1035/1037 110/111/110
f 1040/1036/1040 475/108/475 112/112/112
f 1041/1037/1041 1040/1036/1040 112/114/112 115/113/115 116/115/116 1042/1038/1042
f 117/116/117 118/119/118 1044/1039/1044 1043/1040/1043 1042/1041/1042 116/117/116
f 1045/1042/1045 1046/1039/1046 118/119/118
f 119/118/119 1049/1043/1049 1048/1044/1048 1047/1042/1047 118/119/118
f 1050/121/1050 1049/1045/1049 119/123/119 121/122/121
f 186/176/186 1052/1046/1052 1051/1047/1051 373/178/373 188/177/188
f 1053/1048/1053 1055/1049/1055 1054/1050/1054 1052/1046/1052 186/182/186 190/181/190 189/180/189
f 392/185/392 1056/1051/1056 1053/1052/1053 189/187/189 192/186/192
f 195/188/195 1060/1053/1060 1059/1054/1059 1058/1055/1058 1057/189/1057
f 197/191/197 198/190/198 1062/1056/1062 1061/1057/1061 1060/1058/1060 195/188/195
f 201/195/201 1063/194/1063 1062/1059/1062 198/190/198
f 118/272/118 287/271/287 288/275/288 1065/1060/1065 1064/1061/1064
f 290/277/290 289/276/289 1068/1062/1068 1067/1063/1067 1066/1064/1066 1065/1060/1065 288/275/288
f 292/279/292 1070/1065/1070 1069/1066/1069 1068/1067/1068 289/276/289
f 118/272/118 1046/1061/1046 1071/1068/1071
f 121/270/121 1072/1069/1072 1050/268/1050
f 119/273/119 118/272/118 1074/1068/1074 1073/1070/1073 1072/1069/1072 121/274/121
f 1075/1071/1075 1077/1072/1077 1076/1073/1076
f 292/279/292 1077/1072/1077 1079/1071/1079 1078/1065/1078
f 1080/1074/1080 1082/1073/1082 1077/1072/1077 1081/1075/1081
f 1083/1076/1083 1087/1077/1087 1086/1078/1086 1085/1079/1085 1084/1080/1084
f 1088/1081/1088 1089/1082/1089 1085/1079/1085 1086/1083/1086 296/285/296
f 291/278/291 1092/1084/1092 1091/1085/1091 1090/1074/1090 1081/1075/1081 1077/1072/1077 292/279/292
f 293/281/293 294/280/294 1086/1078/1086 1087/1077/1087 1093/1076/1093 1092/1086/1092 291/282/291
f 1086/1083/1086 294/287/294 295/286/295 296/285/296
f 1094/1087/1094 1096/1082/1096 1088/1081/1088 296/285/296 297/284/297 298/283/298 1095/1088/1095
f 1097/1089/1097 1095/1090/1095 298/292/298 300/291/300 376/290/376 1099/1091/1099 1098/1092/1098
f 281/267/281 1030/266/1030 1100/1093/1100
f 1100/1094/1100 1031/295/1031 308/294/308 281/293/281
f 1101/1095/1101 637/289/637 299/288/299
f 303/299/303 634/298/634 1101/1096/1101 299/300/299
f 1102/1097/1102 202/708/202 201/707/201
f 1103/1098/1103 1102/1099/1102 201/713/201 198/712/198 197/711/197 1106/1100/1106 1105/1101/1105 1104/1102/1104
f 195/715/195 196/714/196 1106/1100/1106 197/711/197
f 808/719/808 761/718/761 758/717/758 1108/1103/1108 1107/1104/1107
f 1109/1105/1109 1113/1106/1113 1108/1103/1108 758/717/758 762/721/762 665/619/665 1112/1107/1112 1111/1108/1111 1110/1109/1110
f 1114/1110/1114 1111/1108/1111 1112/1107/1112 1115/1111/1115
f 764/726/764 823/725/823 1114/1112/1114 1115/1111/1115 763/727/763
f 667/617/667 1112/1107/1112 665/619/665 666/618/666
f 1112/1107/1112 667/617/667 770/735/770 768/734/768 769/736/769 1115/1111/1115
f 771/738/771 763/737/763 1115/1111/1115 769/739/769
f 108/710/108 107/709/107 1117/1113/1117 1116/1114/1116
f 114/723/114 113/722/113 1118/1115/1118
f 110/729/110 105/728/105 109/731/109 1122/1116/1122 1121/1117/1121 1120/1118/1120 1119/1119/1119 1118/1120/1118 113/730/113
f 108/732/108 1116/1121/1116 1123/1122/1123 1122/1123/1122 109/733/109
f 1124/1124/1124 301/352/301 300/351/300
f 298/358/298 297/357/297 1126/1125/1126 1125/1126/1125 1124/1124/1124 300/351/300
f 1127/1127/1127 1126/1125/1126 297/357/297 296/362/296
f 1087/1128/1087 1129/1129/1129 1128/1127/1128 296/362/296 1086/1130/1086
f 1129/1129/1129 1087/1128/1087 1130/1131/1130
f 378/363/378 1087/1128/1087 1086/1130/1086 296/362/296 379/361/379 380/360/380 377/359/377
f 1131/1132/1131 1134/1133/1134 1133/1134/1133 1132/1135/1132 1083/1131/1083 1087/1128/1087 378/363/378 382/366/382 383/365/383
f 1133/1134/1133 1134/1133/1134 1137/1136/1137 1136/1137/1136 1135/1135/1135
f 1131/1132/1131 383/365/383 1138/1138/1138 1134/1133/1134
f 1139/1139/1139 1140/1136/1140 1134/1133/1134 1138/1138/1138
f 1141/1140/1141 1138/1138/1138 383/365/383 381/364/381
f 1142/1141/1142 1145/1142/1145 1144/1143/1144 1141/1140/1141 381/364/381 384/368/384 385/367/385 1143/1144/1143
f 387/375/387 1146/1145/1146 1143/1144/1143 385/370/385 386/369/386
f 1147/1146/1147 1149/1139/1149 1138/1138/1138 1141/1140/1141 1148/1147/1148
f 1150/1142/1150 1151/1148/1151 1148/1147/1148 1141/1140/1141 1144/1143/1144
f 1152/1149/1152 1154/1145/1154 387/375/387 389/373/389 1153/1150/1153
f 389/373/389 1156/372/1156 1155/1150/1155
f 388/374/388 389/373/389 387/375/387
f 188/356/188 187/355/187 1157/1151/1157
f 192/376/192 1159/1152/1159 1158/1153/1158 193/377/193
f 1160/1154/1160 1163/1155/1163 1162/1156/1162 1159/1152/1159 192/376/192 189/380/189 190/379/190 1161/1157/1161
f 188/381/188 1157/1158/1157 1167/1159/1167 1166/1160/1166 1165/1161/1165 1164/1162/1164 1161/1157/1161 190/379/190 186/382/186
f 1168/1163/1168 1171/1164/1171 1170/1165/1170 1169/1166/1169 117/455/117 116/454/116 115/453/115
f 115/453/115 112/456/112 1172/458/1172 1168/1163/1168
f 117/484/117 1169/1167/1169 1173/1168/1173 118/482/118
f 1174/1169/1174 1176/461/1176 479/460/479 477/459/477 1175/1170/1175
f 481/466/481 1177/465/1177 1175/1171/1175 477/459/477
f 480/462/480 1179/1172/1179 1178/1173/1178 1025/463/1025
f 486/469/486 1179/1172/1179 480/471/480 485/470/485
f 1180/1173/1180 1179/1172/1179 1183/1174/1183 1182/1175/1182 1181/1176/1181
f 1184/1177/1184 1189/1178/1189 1188/1179/1188 1187/1180/1187 1183/1174/1183 1179/1172/1179 486/469/486 1186/1181/1186 1185/1182/1185
f 1190/1183/1190 1184/1184/1184 1185/1185/1185 1192/1186/1192 1191/1187/1191
f 1185/1182/1185 1186/1181/1186 486/469/486 487/468/487 488/467/488
f 490/473/490 489/472/489 1195/1188/1195 1194/1189/1194 1193/1186/1193 1185/1185/1185 488/474/488
f 489/472/489 491/479/491 1195/1190/1195
f 289/476/289 290/475/290 1198/1191/1198 1197/1192/1197 1196/1193/1196 292/477/292
f 1199/1194/1199 1200/1195/1200 1198/1196/1198 290/475/290 288/480/288 287/481/287
f 287/483/287 118/482/118 1203/1197/1203 1202/1198/1202 1201/1199/1201 1199/1200/1199
f 1204/1201/1204 1205/1189/1205 1195/1188/1195
f 1204/1202/1204 1195/1190/1195 491/479/491 1077/1203/1077 1082/1204/1082
f 292/477/292 1196/1193/1196 1208/1192/1208 1207/1205/1207 1206/1206/1206 1077/1203/1077
f 292/477/292 1077/1203/1077 491/479/491 492/478/492
f 1209/1205/1209 1210/1204/1210 1077/1203/1077 1206/1206/1206
f 1071/1168/1071 1045/1197/1045 118/482/118
f 380/486/380 1213/1207/1213 1212/1208/1212 1211/1209/1211 377/487/377
f 1096/1210/1096 1214/1211/1214 1213/1212/1213 380/486/380 379/489/379 1088/1213/1088
f 379/489/379 296/491/296 1088/1214/1088
f 382/507/382 1215/1215/1215 383/508/383
f 1216/1216/1216 1218/1217/1218 1215/1218/1215 382/513/382 378/512/378 377/514/377 1211/1219/1211 1217/1220/1217
f 1088/1213/1088 1221/1221/1221 1220/1222/1220 1219/1210/1219
f 296/491/296 1222/1223/1222 1221/1221/1221 1088/1214/1088
f 1127/1223/1127 296/491/296 295/490/295 1223/1224/1223
f 295/494/295 294/493/294 293/492/293 1196/1225/1196 1197/1226/1197 1224/1227/1224 1223/1228/1223
f 293/497/293 291/496/291 292/500/292 1196/1229/1196
f 1196/1225/1196 1227/1230/1227 1226/1231/1226 1225/1226/1225
f 292/500/292 1229/1232/1229 1228/1233/1228 1227/1234/1227 1196/1229/1196
f 1230/1235/1230 1078/1232/1078 292/500/292 492/499/492 1231/1236/1231
f 491/503/491 1231/1236/1231 492/504/492
f 1205/1237/1205 1195/1238/1195 491/503/491 522/502/522 521/501/521 1233/1239/1233 1232/1240/1232
f 524/506/524 1236/1241/1236 1235/1242/1235 1234/1243/1234 1233/1239/1233 521/501/521 523/505/523
f 1236/1244/1236 524/511/524 525/510/525
f 1231/1236/1231 1238/1245/1238 1237/1235/1237
f 1195/1238/1195 1239/1237/1239 1238/1246/1238 1231/1236/1231 491/503/491
f 1138/1247/1138 525/510/525 526/509/526 383/508/383
f 1240/1248/1240 1241/1242/1241 1236/1241/1236
f 525/510/525 1138/1247/1138 1242/1249/1242 1240/1250/1240 1236/1244/1236
f 1218/1217/1218 1216/1216/1216 1245/1220/1245 1244/1251/1244 1243/1252/1243
f 1246/1253/1246 1249/1254/1249 1248/1255/1248 1247/1256/1247 1149/1249/1149 1138/1247/1138
f 1243/1252/1243 1250/1251/1250 1249/1257/1249 1246/1258/1246 1218/1217/1218
f 383/508/383 1215/1215/1215 1246/1253/1246 1138/1247/1138
f 1218/1217/1218 1246/1258/1246 1215/1218/1215
f 1251/1259/1251 1254/1260/1254 1253/1261/1253 771/751/771 769/752/769 768/741/768 1252/1262/1252
f 1255/1263/1255 1251/1264/1251 1252/1262/1252 666/758/666 665/757/665 762/759/762 761/753/761 760/756/760
f 761/753/761 762/764/762 758/763/758
f 764/782/764 1256/1265/1256 765/783/765
f 1257/1266/1257 1258/1267/1258 1256/1268/1256 764/788/764 763/787/763 771/786/771 1253/1269/1253
f 1252/1262/1252 768/741/768 770/740/770
f 666/791/666 1252/1262/1252 770/790/770 667/789/667
f 1259/1270/1259 1262/1271/1262 1261/1272/1261 1260/1273/1260
f 1259/1270/1259 1267/1274/1267 1266/1275/1266 1265/1276/1265 1264/1277/1264 1263/1278/1263 1262/1271/1262
f 1259/1270/1259 1274/1273/1274 1273/1279/1273 1272/1280/1272 1271/1281/1271 1270/1282/1270 577/768/577 1269/1283/1269 1268/1284/1268
f 1259/1270/1259 1268/1284/1268 1266/1275/1266 1267/1274/1267
f 1275/1285/1275 1277/1286/1277 1276/1287/1276 578/767/578 576/766/576 575/765/575
f 577/768/577 1278/1282/1278 1275/1285/1275 575/765/575
f 577/768/577 814/769/814 1268/1284/1268 1269/1283/1269
f 1279/1288/1279 1283/1289/1283 1282/1290/1282 1266/1275/1266 1268/1284/1268 814/772/814 816/771/816 815/770/815 1281/1291/1281 1280/1292/1280
f 819/775/819 1026/774/1026 1281/1291/1281 815/776/815
f 1284/1290/1284 1285/1276/1285 1266/1275/1266
f 1286/1293/1286 1177/778/1177 481/777/481
f 1287/1294/1287 1286/1293/1286 481/781/481 477/780/477 479/779/479 1288/1295/1288
f 1176/785/1176 1288/1296/1288 479/779/479
f 1075/1297/1075 1077/1298/1077 491/885/491 1231/1299/1231 1237/1300/1237
f 1077/1298/1077 1290/1297/1290 1289/1301/1289 1206/1302/1206
f 1289/1303/1289 1291/1304/1291 1206/1305/1206
f 1292/1306/1292 1295/1307/1295 1294/1300/1294 1231/1299/1231 491/885/491 489/884/489 490/883/490 1293/1308/1293
f 488/888/488 487/887/487 1297/1309/1297 1296/1310/1296 1293/1308/1293 490/883/490
f 487/891/487 486/890/486 1300/1311/1300 1299/1312/1299 1298/1313/1298 1297/1309/1297
f 1301/1314/1301 1303/1312/1303 1300/1311/1300 486/890/486 1179/1315/1179 1302/1316/1302
f 1304/1317/1304 1305/1318/1305 1266/1319/1266 1267/1320/1267
f 1267/1321/1267 1259/1322/1259 1307/1323/1307 1306/1324/1306 1304/1325/1304
f 1308/1326/1308 1266/1319/1266 1310/1318/1310 1309/1327/1309
f 1179/1315/1179 486/890/486 841/889/841 1312/1328/1312 1311/1329/1311 1180/1316/1180
f 1313/1330/1313 1266/1319/1266 1284/1326/1284 1317/1331/1317 1316/1332/1316 1315/1333/1315 1311/1329/1311 1312/1328/1312 1314/1334/1314
f 1318/1335/1318 1321/1336/1321 1313/1330/1313 1314/1334/1314 1320/1337/1320 1319/1338/1319
f 925/892/925 1323/1339/1323 1322/1340/1322 1319/1338/1319 1320/1337/1320 927/893/927
f 842/801/842 843/800/843 844/799/844 1312/1328/1312 841/802/841
f 844/907/844 931/906/931 932/908/932 1314/1334/1314 1312/1328/1312
f 934/910/934 1320/1337/1320 1314/1334/1314 932/908/932 933/909/933
f 934/910/934 935/912/935 927/911/927 1320/1337/1320
f 1266/1319/1266 1313/1330/1313 1267/1320/1267
f 1324/1341/1324 1260/1323/1260 1259/1322/1259 1267/1321/1267 1313/1330/1313 1321/1336/1321 1318/1335/1318 1319/1338/1319 1327/1342/1327 1326/1343/1326 1325/1344/1325
f 1319/1338/1319 1322/1340/1322 1327/1342/1327
f 1326/1343/1326 1327/1342/1327 1332/1345/1332 1331/1346/1331 1330/1347/1330 1329/1348/1329 1328/1344/1328
f 1333/1349/1333 1341/1350/1341 1340/1351/1340 1339/1352/1339 1338/1353/1338 1337/1354/1337 1336/1355/1336 1335/1356/1335 1334/1357/1334 1332/1358/1332 1327/1342/1327 1322/1340/1322
f 1342/1359/1342 1339/1360/1339 1340/1361/1340
f 1343/1362/1343 1345/1363/1345 1344/1364/1344
f 1346/1365/1346 1348/1366/1348 1347/1367/1347 1343/1362/1343 1344/1364/1344
f 1333/1349/1333 1322/1340/1322 1323/1339/1323 925/892/925 1341/1350/1341
f 1349/1368/1349 1351/1369/1351 1350/1370/1350
f 387/1371/387 1350/1372/1350 1351/1373/1351 1353/1374/1353 1352/1375/1352
f 1354/1376/1354 1340/1351/1340 1341/1350/1341
f 1355/1377/1355 1358/1378/1358 1357/1359/1357 1340/1361/1340 1354/1379/1354 1356/1380/1356
f 387/1371/387 1146/1375/1146 1361/1381/1361 1360/1382/1360 1359/1383/1359
f 1362/1384/1362 1364/1368/1364 1350/1370/1350 1363/14/1363
f 1350/1372/1350 387/1371/387 388/1385/388 1363/14/1363
f 1366/1386/1366 1369/1387/1369 1368/1388/1368 1367/16/1367
f 1370/1389/1370 1218/1390/1218 1216/1391/1216 1367/1392/1367 1368/1393/1368
f 1371/1394/1371 1374/1395/1374 1218/1390/1218 1246/1396/1246 1138/1397/1138 1134/1398/1134 1373/1399/1373 1372/1400/1372
f 1134/1398/1134 1138/1397/1138 525/897/525
f 1375/1401/1375 1216/1391/1216 1218/1390/1218 1377/1395/1377 1376/1402/1376
f 1354/1376/1354 1341/1350/1341 925/892/925 926/894/926
f 929/896/929 928/895/928 1144/1403/1144 1380/1404/1380 1379/1405/1379 1378/1377/1378 1356/1380/1356 1354/1379/1354 926/894/926
f 930/898/930 525/897/525 1138/1397/1138 1141/1406/1141 1144/1407/1144 928/899/928
f 1144/1403/1144 1368/1388/1368 1381/1387/1381 1145/1404/1145
f 1218/1390/1218 1370/1389/1370 1368/1393/1368 1144/1407/1144 1141/1406/1141 1138/1397/1138 1246/1396/1246
f 1081/1408/1081 522/886/522 491/885/491 1077/1298/1077
f 1133/1409/1133 1134/1398/1134 525/897/525 524/901/524 523/900/523
f 521/902/521 522/905/522 1081/1410/1081 1080/1411/1080 1383/1412/1383 1382/1413/1382 1133/1414/1133 523/903/523
f 1081/1408/1081 1077/1298/1077 1206/1302/1206
f 1206/1305/1206 1209/1304/1209 1384/1411/1384 1081/1410/1081
f 1133/1409/1133 1386/1415/1386 1385/1400/1385 1373/1399/1373 1134/1398/1134
f 1387/1416/1387 1386/1415/1386 1133/1414/1133 1132/1413/1132
f 1368/1417/1368 1369/1418/1369 1391/1419/1391 1390/1420/1390 1360/1421/1360 1389/1422/1389 1388/1423/1388 386/1424/386 385/1425/385 384/1426/384 1370/1427/1370
f 1215/1428/1215 1218/1429/1218 1370/1430/1370 384/1431/384 381/1432/381 383/1433/383
f 387/1434/387 386/1435/386 1388/1436/1388 1392/1437/1392 390/1438/390 389/1439/389 1359/1440/1359
f 1393/1420/1393 1394/1422/1394 1360/1421/1360
f 1215/1428/1215 383/1433/383 1131/1441/1131 1373/1442/1373 1385/1443/1385 1395/1444/1395 1377/1445/1377 1218/1429/1218
f 1373/1442/1373 1131/1446/1131 1134/1447/1134
f 1244/1448/1244 1396/1418/1396 1368/1417/1368 1370/1427/1370 1243/1449/1243
f 1370/1430/1370 1218/1429/1218 1243/1450/1243
f 1243/1449/1243 1398/1451/1398 1397/1448/1397
f 1243/1450/1243 1218/1429/1218 1400/1445/1400 1399/1452/1399 1398/1453/1398
f 1134/1447/1134 525/1454/525 1236/1455/1236 1235/1456/1235 1401/1457/1401
f 1402/1458/1402 1404/1459/1404 1403/1456/1403 1236/1455/1236 525/1454/525 930/1460/930
f 1405/1461/1405 1408/1462/1408 1407/1463/1407 1406/1464/1406 1402/1458/1402 930/1460/930 928/1465/928 929/1466/929
f 926/1467/926 925/1468/925 1409/1469/1409 1405/1470/1405 929/1466/929
f 1410/1471/1410 1411/1443/1411 1373/1442/1373
f 1137/1457/1137 1410/1472/1410 1373/1442/1373 1134/1447/1134
f 1131/1441/1131 383/1433/383 526/1473/526
f 526/1473/526 525/1454/525 1134/1447/1134 1131/1446/1131
f 1412/1474/1412 1415/1462/1415 1405/1461/1405 1414/1475/1414 1413/1476/1413
f 925/1468/925 1323/1477/1323 1417/1478/1417 1416/1479/1416 1414/1475/1414 1405/1470/1405 1409/1469/1409
f 1323/1480/1323 1322/1481/1322 1417/1478/1417
f 1028/1482/1028 1323/1477/1323 925/1468/925
f 1027/1483/1027 570/1484/570 1322/1481/1322 1323/1480/1323 1028/1485/1028
f 1417/1478/1417 1422/1486/1422 1421/1487/1421 1420/1488/1420 1419/1489/1419 1418/1479/1418
f 1423/1490/1423 1426/1491/1426 1422/1492/1422 1417/1478/1417 1322/1481/1322 1327/1493/1327 1326/1494/1326 1425/1495/1425 1424/1496/1424
f 1425/1495/1425 1326/1494/1326 1427/1497/1427
f 570/1484/570 1428/1498/1428 1326/1494/1326 1327/1493/1327 1322/1481/1322
f 1429/1499/1429 1434/1500/1434 1433/1501/1433 1432/1502/1432 1431/1503/1431 1430/1504/1430 1328/1497/1328 1326/1494/1326 1428/1498/1428
f 1428/1498/1428 570/1484/570 568/1505/568 567/1506/567
f 1435/1507/1435 1437/1508/1437 1436/1500/1436 1429/1499/1429 1428/1498/1428 567/1506/567 564/1509/564 566/1510/566
f 582/1511/582 1439/1512/1439 1438/1513/1438 1435/1514/1435 566/1515/566 565/1516/565
f 1450/1517/1450 1453/1518/1453 1452/1519/1452 1451/1520/1451
f 1451/1520/1451 1452/1519/1452 1455/1521/1455 1454/1522/1454
f 1454/1522/1454 1455/1521/1455 1457/1523/1457 1456/1524/1456
f 1456/1524/1456 1457/1523/1457 1459/1525/1459 1458/1526/1458
f 1458/1526/1458 1459/1525/1459 1461/1527/1461 1460/1528/1460
f 1460/1528/1460 1461/1527/1461 1463/1529/1463 1462/1530/1462
f 1462/1530/1462 1463/1529/1463 1465/1531/1465 1464/1532/1464
f 1464/1532/1464 1465/1531/1465 1467/1533/1467 1466/1534/1466
f 1466/1534/1466 1467/1533/1467 1453/1535/1453 1450/1536/1450
f 1453/1518/1453 1469/1537/1469 1468/1538/1468 1452/1519/1452
f 1452/1519/1452 1468/1538/1468 1470/1539/1470 1455/1521/1455
f 1455/1521/1455 1470/1539/1470 1471/1540/1471 1457/1523/1457
f 1457/1523/1457 1471/1540/1471 1472/1541/1472 1459/1525/1459
f 1459/1525/1459 1472/1541/1472 1473/1542/1473 1461/1527/1461
f 1461/1527/1461 1473/1542/1473 1474/1543/1474 1463/1529/1463
f 1463/1529/1463 1474/1543/1474 1475/1544/1475 1465/1531/1465
f 1465/1531/1465 1475/1544/1475 1476/1545/1476 1467/1533/1467
f 1467/1533/1467 1476/1545/1476 1469/1546/1469 1453/1535/1453
f 385/1425/385 386/1424/386 1450/1517/1450 1451/1520/1451 384/1426/384
f 526/1473/526 383/1433/383 381/1432/381 384/1431/384 1451/1520/1451 1454/1522/1454
f 525/1454/525 526/1473/526 1454/1522/1454 1456/1524/1456 930/1460/930
f 929/1466/929 928/1465/928 930/1460/930 1456/1524/1456 1458/1526/1458
f 926/1467/926 929/1466/929 1458/1526/1458 1460/1528/1460 1028/1482/1028 925/1468/925
f 1462/1530/1462 567/1506/567 568/1505/568 570/1484/570 1027/1483/1027 1028/1485/1028 1460/1528/1460
f 566/1510/566 564/1509/564 567/1506/567 1462/1530/1462 1464/1532/1464
f 582/1511/582 565/1516/565 566/1515/566 1464/1532/1464 1466/1534/1466 1490/1547/1490 1489/1548/1489 1347/1549/1347 1488/1550/1488 1487/1551/1487 1486/1512/1486
f 387/1434/387 1350/1552/1350 1349/1553/1349 1491/1554/1491 1490/1555/1490 1466/1534/1466 1450/1536/1450 386/1435/386
f 1492/1548/1492 1493/1550/1493 1347/1549/1347
f 387/1434/387 389/1439/389 1495/1556/1495 1494/1553/1494 1350/1552/1350
f 1365/1556/1365 389/1439/389 1496/1438/1496
f 389/1439/389 387/1434/387 1359/1440/1359
f 1185/1557/1185 1186/1558/1186 1500/1559/1500 1499/1560/1499 1498/1561/1498 1497/1562/1497
f 1186/1558/1186 486/996/486 1300/1563/1300 1503/1564/1503 1502/1565/1502 1501/1566/1501 1500/1559/1500
f 1300/1563/1300 1303/1567/1303 1503/1568/1503
f 1300/1563/1300 486/996/486 485/995/485
f 1504/1001/1504 1506/1569/1506 1505/1567/1505 1300/1563/1300 485/1003/485 480/1002/480
f 1507/1000/1507 819/999/819 1508/1570/1508
f 1509/1571/1509 1514/1572/1514 1513/1573/1513 1512/1574/1512 1511/1575/1511 1508/1576/1508 819/1006/819 815/1005/815 816/1004/816 1510/1577/1510
f 1515/1578/1515 1516/1579/1516 1510/1577/1510 816/1009/816 814/1008/814 577/1007/577
f 573/1011/573 574/1010/574 1518/1580/1518 1517/1581/1517 1278/1582/1278 577/1007/577
f 572/1012/572 1429/1583/1429 1519/1584/1519 1518/1585/1518 574/1014/574 571/1013/571
f 570/1016/570 1428/1586/1428 1429/1583/1429 572/1012/572 569/1017/569
f 1520/1578/1520 577/1007/577 1521/1582/1521
f 1429/1583/1429 1524/1587/1524 1523/1588/1523 1522/1589/1522 1436/1584/1436
f 1525/1590/1525 1529/1591/1529 1528/1592/1528 1524/1587/1524 1429/1583/1429 1428/1586/1428 570/1016/570 1527/1593/1527 1526/1594/1526
f 1340/1595/1340 1357/1596/1357 1525/1590/1525 1526/1594/1526 1341/1597/1341
f 1527/1593/1527 570/1016/570 1027/1015/1027 1526/1594/1526
f 1526/1594/1526 1027/1015/1027 1028/1018/1028 925/1021/925 1341/1597/1341
f 1409/1598/1409 1536/1599/1536 1535/1600/1535 1534/1601/1534 1533/1602/1533 1532/1603/1532 1531/1604/1531 1530/1605/1530 1341/1597/1341 925/1021/925
f 1405/1606/1405 1537/1607/1537 1536/1608/1536 1409/1598/1409
f 1192/1562/1192 1539/1609/1539 1538/1610/1538 843/994/843 842/993/842 1186/1558/1186 1185/1557/1185
f 486/996/486 1186/1558/1186 842/998/842 841/997/841
f 1409/1598/1409 925/1021/925 927/1020/927 935/1019/935 1540/1611/1540
f 1538/1612/1538 1539/1613/1539 1544/1614/1544 1543/1615/1543 1542/1616/1542 1541/1607/1541 1405/1606/1405 1409/1598/1409 1540/1611/1540
f 844/1022/844 843/994/843 1538/1610/1538 931/1023/931
f 935/930/935 934/929/934 933/928/933 1540/1611/1540
f 1538/1612/1538 1540/1611/1540 933/928/933 932/1024/932 931/1025/931
f 1545/1605/1545 1546/1596/1546 1340/1595/1340 1341/1597/1341
f 564/535/564 1356/1617/1356 1378/1618/1378 1548/1619/1548 1547/1620/1547 565/537/565 566/536/566
f 1526/1621/1526 1341/1622/1341 1354/1623/1354 1356/1617/1356 564/539/564 567/538/567 568/540/568 1527/1624/1527
f 1527/1624/1527 568/540/568 570/542/570
f 1549/1625/1549 1486/555/1486 582/554/582 1551/1626/1551 1550/1627/1550
f 565/557/565 1547/1628/1547 1553/1629/1553 1552/1630/1552 1551/1631/1551 582/554/582
f 1554/1632/1554 1555/1618/1555 1356/1617/1356
f 1356/1617/1356 1354/1623/1354 1341/1622/1341 1530/1633/1530 1556/1634/1556 1554/1635/1554
f 1417/1636/1417 1322/1637/1322 1319/1638/1319 1318/1639/1318 1559/1640/1559 1558/1641/1558 1557/1642/1557
f 1560/1643/1560 1559/1644/1559 1318/1645/1318 1321/1646/1321 1563/1647/1563 1562/1648/1562 1561/1649/1561
f 1313/1650/1313 1266/1651/1266 1265/1652/1265 1564/1653/1564 1563/1647/1563 1321/1646/1321
f 570/542/570 569/541/569 1318/1639/1318 1319/1638/1319 1322/1637/1322
f 1321/1646/1321 1318/1645/1318 569/545/569 572/544/572 571/543/571
f 573/546/573 1269/1654/1269 1268/1655/1268 1266/1651/1266 1313/1650/1313 1321/1646/1321 571/543/571 574/547/574
f 1269/1656/1269 573/546/573 577/549/577
f 1565/1657/1565 1569/1658/1569 1568/1633/1568 1341/1622/1341 1333/1659/1333 1567/1660/1567 1566/1661/1566
f 1417/1636/1417 1416/1642/1416 1571/1662/1571 1570/1663/1570 1567/1660/1567 1333/1659/1333 1322/1637/1322
f 1526/1621/1526 1527/1624/1527 1333/1659/1333 1341/1622/1341
f 1527/1624/1527 570/542/570 1322/1637/1322 1333/1659/1333
f 1572/1652/1572 1266/1651/1266 1305/1664/1305 1573/1665/1573
f 575/548/575 576/550/576 1575/1666/1575 1574/1667/1574 1520/1668/1520 577/549/577
f 1576/1669/1576 1575/1670/1575 576/550/576 1577/551/1577
f 1268/1655/1268 1269/1654/1269 1579/1671/1579 1578/1664/1578 1266/1651/1266
f 577/549/577 1584/1668/1584 1583/1672/1583 1582/1673/1582 1581/1674/1581 1580/1675/1580 1579/1671/1579 1269/1656/1269
f 1360/1382/1360 1390/1381/1390 1585/1676/1585
f 388/1385/388 387/1371/387 1359/1383/1359
f 1488/1366/1488 1586/1677/1586 1347/1367/1347
g all_branches branch_caps level2 manual_prune tree_branch_generator2
usemtl /obj/geo1/tree_controller1/matnet1/labs_shader1
f 1587/20/1587 1589/20/1589 1588/20/1588
f 1588/20/1588 1589/20/1589 1590/20/1590
f 1590/20/1590 1589/20/1589 1591/20/1591
f 1591/20/1591 1589/20/1589 1592/20/1592
f 1592/20/1592 1589/20/1589 1587/20/1587
f 1596/20/1596 1587/20/1587 1588/20/1588 1595/20/1595
f 1595/20/1595 1588/20/1588 1590/20/1590 1598/20/1598
f 1598/20/1598 1590/20/1590 1591/20/1591 1600/20/1600
f 1600/20/1600 1591/20/1591 1592/20/1592 1602/20/1602
f 1602/20/1602 1592/20/1592 1587/20/1587 1596/20/1596
f 1626/20/1626 1628/20/1628 1627/20/1627
f 1627/20/1627 1628/20/1628 1629/20/1629
f 1629/20/1629 1628/20/1628 1630/20/1630
f 1630/20/1630 1628/20/1628 1631/20/1631
f 1631/20/1631 1628/20/1628 1626/20/1626
f 1635/20/1635 1626/20/1626 1627/20/1627 1634/20/1634
f 1634/20/1634 1627/20/1627 1629/20/1629 1636/20/1636
f 1636/20/1636 1629/20/1629 1630/20/1630 1641/20/1641
f 1641/20/1641 1630/20/1630 1631/20/1631 1640/20/1640
f 1640/20/1640 1631/20/1631 1626/20/1626 1635/20/1635
f 1649/20/1649 1651/20/1651 1650/20/1650
f 1650/20/1650 1651/20/1651 1652/20/1652
f 1652/20/1652 1651/20/1651 1653/20/1653
f 1653/20/1653 1651/20/1651 1654/20/1654
f 1654/20/1654 1651/20/1651 1649/20/1649
f 1671/20/1671 1649/20/1649 1650/20/1650 1670/20/1670
f 1670/20/1670 1650/20/1650 1652/20/1652 1672/20/1672
f 1672/20/1672 1652/20/1652 1653/20/1653 1673/20/1673
f 1673/20/1673 1653/20/1653 1654/20/1654 1674/20/1674
f 1674/20/1674 1654/20/1654 1649/20/1649 1671/20/1671
f 1675/20/1675 1677/20/1677 1676/20/1676
f 1676/20/1676 1677/20/1677 1678/20/1678
f 1678/20/1678 1677/20/1677 1679/20/1679
f 1679/20/1679 1677/20/1677 1680/20/1680
f 1680/20/1680 1677/20/1677 1675/20/1675
f 1702/20/1702 1675/20/1675 1676/20/1676 1701/20/1701
f 1701/20/1701 1676/20/1676 1678/20/1678 1703/20/1703
f 1703/20/1703 1678/20/1678 1679/20/1679 1704/20/1704
f 1704/20/1704 1679/20/1679 1680/20/1680 1705/20/1705
f 1705/20/1705 1680/20/1680 1675/20/1675 1702/20/1702
f 1723/20/1723 1725/20/1725 1724/20/1724
f 1724/20/1724 1725/20/1725 1726/20/1726
f 1726/20/1726 1725/20/1725 1727/20/1727
f 1727/20/1727 1725/20/1725 1728/20/1728
f 1728/20/1728 1725/20/1725 1723/20/1723
f 1760/20/1760 1723/20/1723 1724/20/1724 1759/20/1759
f 1759/20/1759 1724/20/1724 1726/20/1726 1761/20/1761
f 1761/20/1761 1726/20/1726 1727/20/1727 1762/20/1762
f 1762/20/1762 1727/20/1727 1728/20/1728 1763/20/1763
f 1763/20/1763 1728/20/1728 1723/20/1723 1760/20/1760
f 1783/20/1783 1785/20/1785 1784/20/1784
f 1784/20/1784 1785/20/1785 1786/20/1786
f 1786/20/1786 1785/20/1785 1787/20/1787
f 1787/20/1787 1785/20/1785 1788/20/1788
f 1788/20/1788 1785/20/1785 1783/20/1783
f 1811/20/1811 1783/20/1783 1784/20/1784 1810/20/1810
f 1810/20/1810 1784/20/1784 1786/20/1786 1812/20/1812
f 1812/20/1812 1786/20/1786 1787/20/1787 1813/20/1813
f 1813/20/1813 1787/20/1787 1788/20/1788 1814/20/1814
f 1814/20/1814 1788/20/1788 1783/20/1783 1811/20/1811
f 1823/20/1823 1825/20/1825 1824/20/1824
f 1824/20/1824 1825/20/1825 1826/20/1826
f 1826/20/1826 1825/20/1825 1827/20/1827
f 1827/20/1827 1825/20/1825 1828/20/1828
f 1828/20/1828 1825/20/1825 1823/20/1823
f 1865/20/1865 1823/20/1823 1824/20/1824 1864/20/1864
f 1864/20/1864 1824/20/1824 1826/20/1826 1866/20/1866
f 1866/20/1866 1826/20/1826 1827/20/1827 1867/20/1867
f 1867/20/1867 1827/20/1827 1828/20/1828 1868/20/1868
f 1868/20/1868 1828/20/1828 1823/20/1823 1865/20/1865
f 1888/20/1888 1890/20/1890 1889/20/1889
f 1889/20/1889 1890/20/1890 1891/20/1891
f 1891/20/1891 1890/20/1890 1892/20/1892
f 1892/20/1892 1890/20/1890 1893/20/1893
f 1893/20/1893 1890/20/1890 1888/20/1888
f 1920/20/1920 1888/20/1888 1889/20/1889 1919/20/1919
f 1919/20/1919 1889/20/1889 1891/20/1891 1921/20/1921
f 1921/20/1921 1891/20/1891 1892/20/1892 1922/20/1922
f 1922/20/1922 1892/20/1892 1893/20/1893 1923/20/1923
f 1923/20/1923 1893/20/1893 1888/20/1888 1920/20/1920
f 1939/20/1939 1941/20/1941 1940/20/1940
f 1940/20/1940 1941/20/1941 1942/20/1942
f 1942/20/1942 1941/20/1941 1943/20/1943
f 1943/20/1943 1941/20/1941 1944/20/1944
f 1944/20/1944 1941/20/1941 1939/20/1939
f 1976/20/1976 1939/20/1939 1940/20/1940 1975/20/1975
f 1975/20/1975 1940/20/1940 1942/20/1942 1977/20/1977
f 1977/20/1977 1942/20/1942 1943/20/1943 1978/20/1978
f 1978/20/1978 1943/20/1943 1944/20/1944 1979/20/1979
f 1979/20/1979 1944/20/1944 1939/20/1939 1976/20/1976
f 2005/20/2005 2007/20/2007 2006/20/2006
f 2006/20/2006 2007/20/2007 2008/20/2008
f 2008/20/2008 2007/20/2007 2009/20/2009
f 2009/20/2009 2007/20/2007 2010/20/2010
f 2010/20/2010 2007/20/2007 2005/20/2005
f 2023/20/2023 2005/20/2005 2006/20/2006 2022/20/2022
f 2022/20/2022 2006/20/2006 2008/20/2008 2024/20/2024
f 2024/20/2024 2008/20/2008 2009/20/2009 2026/20/2026
f 2026/20/2026 2009/20/2009 2010/20/2010 2028/20/2028
f 2028/20/2028 2010/20/2010 2005/20/2005 2023/20/2023
f 2044/20/2044 2046/20/2046 2045/20/2045
f 2045/20/2045 2046/20/2046 2047/20/2047
f 2047/20/2047 2046/20/2046 2048/20/2048
f 2048/20/2048 2046/20/2046 2049/20/2049
f 2049/20/2049 2046/20/2046 2044/20/2044
f 2053/20/2053 2044/20/2044 2045/20/2045 2052/20/2052
f 2052/20/2052 2045/20/2045 2047/20/2047 2055/20/2055
f 2055/20/2055 2047/20/2047 2048/20/2048 2057/20/2057
f 2057/20/2057 2048/20/2048 2049/20/2049 2058/20/2058
f 2058/20/2058 2049/20/2049 2044/20/2044 2053/20/2053
f 2114/20/2114 2116/20/2116 2115/20/2115
f 2115/20/2115 2116/20/2116 2117/20/2117
f 2117/20/2117 2116/20/2116 2118/20/2118
f 2118/20/2118 2116/20/2116 2119/20/2119
f 2119/20/2119 2116/20/2116 2114/20/2114
f 2128/20/2128 2114/20/2114 2115/20/2115 2123/20/2123
f 2123/20/2123 2115/20/2115 2117/20/2117 2122/20/2122
f 2122/20/2122 2117/20/2117 2118/20/2118 2124/20/2124
f 2124/20/2124 2118/20/2118 2119/20/2119 2129/20/2129
f 2129/20/2129 2119/20/2119 2114/20/2114 2128/20/2128
f 2164/20/2164 2166/20/2166 2165/20/2165
f 2165/20/2165 2166/20/2166 2167/20/2167
f 2167/20/2167 2166/20/2166 2168/20/2168
f 2168/20/2168 2166/20/2166 2169/20/2169
f 2169/20/2169 2166/20/2166 2164/20/2164
f 2179/20/2179 2164/20/2164 2165/20/2165 2182/20/2182
f 2182/20/2182 2165/20/2165 2167/20/2167 2177/20/2177
f 2177/20/2177 2167/20/2167 2168/20/2168 2176/20/2176
f 2176/20/2176 2168/20/2168 2169/20/2169 2178/20/2178
f 2178/20/2178 2169/20/2169 2164/20/2164 2179/20/2179
f 2217/20/2217 2219/20/2219 2218/20/2218
f 2218/20/2218 2219/20/2219 2220/20/2220
f 2220/20/2220 2219/20/2219 2221/20/2221
f 2221/20/2221 2219/20/2219 2222/20/2222
f 2222/20/2222 2219/20/2219 2217/20/2217
f 2241/20/2241 2217/20/2217 2218/20/2218 2240/20/2240
f 2240/20/2240 2218/20/2218 2220/20/2220 2243/20/2243
f 2243/20/2243 2220/20/2220 2221/20/2221 2244/20/2244
f 2244/20/2244 2221/20/2221 2222/20/2222 2245/20/2245
f 2245/20/2245 2222/20/2222 2217/20/2217 2241/20/2241
f 2259/20/2259 2261/20/2261 2260/20/2260
f 2260/20/2260 2261/20/2261 2262/20/2262
f 2262/20/2262 2261/20/2261 2263/20/2263
f 2263/20/2263 2261/20/2261 2264/20/2264
f 2264/20/2264 2261/20/2261 2259/20/2259
f 2273/20/2273 2259/20/2259 2260/20/2260 2275/20/2275
f 2275/20/2275 2260/20/2260 2262/20/2262 2276/20/2276
f 2276/20/2276 2262/20/2262 2263/20/2263 2277/20/2277
f 2277/20/2277 2263/20/2263 2264/20/2264 2274/20/2274
f 2274/20/2274 2264/20/2264 2259/20/2259 2273/20/2273
f 2302/20/2302 2304/20/2304 2303/20/2303
f 2303/20/2303 2304/20/2304 2305/20/2305
f 2305/20/2305 2304/20/2304 2306/20/2306
f 2306/20/2306 2304/20/2304 2307/20/2307
f 2307/20/2307 2304/20/2304 2302/20/2302
f 2329/20/2329 2302/20/2302 2303/20/2303 2328/20/2328
f 2328/20/2328 2303/20/2303 2305/20/2305 2330/20/2330
f 2330/20/2330 2305/20/2305 2306/20/2306 2331/20/2331
f 2331/20/2331 2306/20/2306 2307/20/2307 2332/20/2332
f 2332/20/2332 2307/20/2307 2302/20/2302 2329/20/2329
f 2352/20/2352 2354/20/2354 2353/20/2353
f 2353/20/2353 2354/20/2354 2355/20/2355
f 2355/20/2355 2354/20/2354 2356/20/2356
f 2356/20/2356 2354/20/2354 2357/20/2357
f 2357/20/2357 2354/20/2354 2352/20/2352
f 2374/20/2374 2352/20/2352 2353/20/2353 2373/20/2373
f 2373/20/2373 2353/20/2353 2355/20/2355 2375/20/2375
f 2375/20/2375 2355/20/2355 2356/20/2356 2376/20/2376
f 2376/20/2376 2356/20/2356 2357/20/2357 2377/20/2377
f 2377/20/2377 2357/20/2357 2352/20/2352 2374/20/2374
f 2397/20/2397 2399/20/2399 2398/20/2398
f 2398/20/2398 2399/20/2399 2400/20/2400
f 2400/20/2400 2399/20/2399 2401/20/2401
f 2401/20/2401 2399/20/2399 2402/20/2402
f 2402/20/2402 2399/20/2399 2397/20/2397
f 2419/20/2419 2397/20/2397 2398/20/2398 2418/20/2418
f 2418/20/2418 2398/20/2398 2400/20/2400 2420/20/2420
f 2420/20/2420 2400/20/2400 2401/20/2401 2421/20/2421
f 2421/20/2421 2401/20/2401 2402/20/2402 2422/20/2422
f 2422/20/2422 2402/20/2402 2397/20/2397 2419/20/2419
f 2442/20/2442 2444/20/2444 2443/20/2443
f 2443/20/2443 2444/20/2444 2445/20/2445
f 2445/20/2445 2444/20/2444 2446/20/2446
f 2446/20/2446 2444/20/2444 2447/20/2447
f 2447/20/2447 2444/20/2444 2442/20/2442
f 2484/20/2484 2442/20/2442 2443/20/2443 2483/20/2483
f 2483/20/2483 2443/20/2443 2445/20/2445 2485/20/2485
f 2485/20/2485 2445/20/2445 2446/20/2446 2486/20/2486
f 2486/20/2486 2446/20/2446 2447/20/2447 2487/20/2487
f 2487/20/2487 2447/20/2447 2442/20/2442 2484/20/2484
f 2505/20/2505 2507/20/2507 2506/20/2506
f 2506/20/2506 2507/20/2507 2508/20/2508
f 2508/20/2508 2507/20/2507 2509/20/2509
f 2509/20/2509 2507/20/2507 2510/20/2510
f 2510/20/2510 2507/20/2507 2505/20/2505
f 2547/20/2547 2505/20/2505 2506/20/2506 2546/20/2546
f 2546/20/2546 2506/20/2506 2508/20/2508 2548/20/2548
f 2548/20/2548 2508/20/2508 2509/20/2509 2549/20/2549
f 2549/20/2549 2509/20/2509 2510/20/2510 2550/20/2550
f 2550/20/2550 2510/20/2510 2505/20/2505 2547/20/2547
f 2568/20/2568 2570/20/2570 2569/20/2569
f 2569/20/2569 2570/20/2570 2571/20/2571
f 2571/20/2571 2570/20/2570 2572/20/2572
f 2572/20/2572 2570/20/2570 2573/20/2573
f 2573/20/2573 2570/20/2570 2568/20/2568
f 2610/20/2610 2568/20/2568 2569/20/2569 2609/20/2609
f 2609/20/2609 2569/20/2569 2571/20/2571 2611/20/2611
f 2611/20/2611 2571/20/2571 2572/20/2572 2612/20/2612
f 2612/20/2612 2572/20/2572 2573/20/2573 2613/20/2613
f 2613/20/2613 2573/20/2573 2568/20/2568 2610/20/2610
f 2633/20/2633 2635/20/2635 2634/20/2634
f 2634/20/2634 2635/20/2635 2636/20/2636
f 2636/20/2636 2635/20/2635 2637/20/2637
f 2637/20/2637 2635/20/2635 2638/20/2638
f 2638/20/2638 2635/20/2635 2633/20/2633
f 2665/20/2665 2633/20/2633 2634/20/2634 2664/20/2664
f 2664/20/2664 2634/20/2634 2636/20/2636 2666/20/2666
f 2666/20/2666 2636/20/2636 2637/20/2637 2667/20/2667
f 2667/20/2667 2637/20/2637 2638/20/2638 2668/20/2668
f 2668/20/2668 2638/20/2638 2633/20/2633 2665/20/2665
f 2684/20/2684 2686/20/2686 2685/20/2685
f 2685/20/2685 2686/20/2686 2687/20/2687
f 2687/20/2687 2686/20/2686 2688/20/2688
f 2688/20/2688 2686/20/2686 2689/20/2689
f 2689/20/2689 2686/20/2686 2684/20/2684
f 2712/20/2712 2684/20/2684 2685/20/2685 2711/20/2711
f 2711/20/2711 2685/20/2685 2687/20/2687 2713/20/2713
f 2713/20/2713 2687/20/2687 2688/20/2688 2714/20/2714
f 2714/20/2714 2688/20/2688 2689/20/2689 2715/20/2715
f 2715/20/2715 2689/20/2689 2684/20/2684 2712/20/2712
f 2729/20/2729 2731/20/2731 2730/20/2730
f 2730/20/2730 2731/20/2731 2732/20/2732
f 2732/20/2732 2731/20/2731 2733/20/2733
f 2733/20/2733 2731/20/2731 2734/20/2734
f 2734/20/2734 2731/20/2731 2729/20/2729
f 2758/20/2758 2729/20/2729 2730/20/2730 2757/20/2757
f 2757/20/2757 2730/20/2730 2732/20/2732 2759/20/2759
f 2759/20/2759 2732/20/2732 2733/20/2733 2760/20/2760
f 2760/20/2760 2733/20/2733 2734/20/2734 2761/20/2761
f 2761/20/2761 2734/20/2734 2729/20/2729 2758/20/2758
f 2787/20/2787 2789/20/2789 2788/20/2788
f 2788/20/2788 2789/20/2789 2790/20/2790
f 2790/20/2790 2789/20/2789 2791/20/2791
f 2791/20/2791 2789/20/2789 2792/20/2792
f 2792/20/2792 2789/20/2789 2787/20/2787
f 2814/20/2814 2787/20/2787 2788/20/2788 2813/20/2813
f 2813/20/2813 2788/20/2788 2790/20/2790 2815/20/2815
f 2815/20/2815 2790/20/2790 2791/20/2791 2816/20/2816
f 2816/20/2816 2791/20/2791 2792/20/2792 2817/20/2817
f 2817/20/2817 2792/20/2792 2787/20/2787 2814/20/2814
f 2839/20/2839 2841/20/2841 2840/20/2840
f 2840/20/2840 2841/20/2841 2842/20/2842
f 2842/20/2842 2841/20/2841 2843/20/2843
f 2843/20/2843 2841/20/2841 2844/20/2844
f 2844/20/2844 2841/20/2841 2839/20/2839
f 2856/20/2856 2839/20/2839 2840/20/2840 2855/20/2855
f 2855/20/2855 2840/20/2840 2842/20/2842 2857/20/2857
f 2857/20/2857 2842/20/2842 2843/20/2843 2858/20/2858
f 2858/20/2858 2843/20/2843 2844/20/2844 2859/20/2859
f 2859/20/2859 2844/20/2844 2839/20/2839 2856/20/2856
f 2875/20/2875 2877/20/2877 2876/20/2876
f 2876/20/2876 2877/20/2877 2878/20/2878
f 2878/20/2878 2877/20/2877 2879/20/2879
f 2879/20/2879 2877/20/2877 2880/20/2880
f 2880/20/2880 2877/20/2877 2875/20/2875
f 2892/20/2892 2875/20/2875 2876/20/2876 2891/20/2891
f 2891/20/2891 2876/20/2876 2878/20/2878 2893/20/2893
f 2893/20/2893 2878/20/2878 2879/20/2879 2894/20/2894
f 2894/20/2894 2879/20/2879 2880/20/2880 2895/20/2895
f 2895/20/2895 2880/20/2880 2875/20/2875 2892/20/2892
f 2913/20/2913 2915/20/2915 2914/20/2914
f 2914/20/2914 2915/20/2915 2916/20/2916
f 2916/20/2916 2915/20/2915 2917/20/2917
f 2917/20/2917 2915/20/2915 2918/20/2918
f 2918/20/2918 2915/20/2915 2913/20/2913
f 2922/20/2922 2913/20/2913 2914/20/2914 2921/20/2921
f 2921/20/2921 2914/20/2914 2916/20/2916 2924/20/2924
f 2924/20/2924 2916/20/2916 2917/20/2917 2926/20/2926
f 2926/20/2926 2917/20/2917 2918/20/2918 2928/20/2928
f 2928/20/2928 2918/20/2918 2913/20/2913 2922/20/2922
f 2950/20/2950 2952/20/2952 2951/20/2951
f 2951/20/2951 2952/20/2952 2953/20/2953
f 2953/20/2953 2952/20/2952 2954/20/2954
f 2954/20/2954 2952/20/2952 2955/20/2955
f 2955/20/2955 2952/20/2952 2950/20/2950
f 2967/20/2967 2950/20/2950 2951/20/2951 2966/20/2966
f 2966/20/2966 2951/20/2951 2953/20/2953 2968/20/2968
f 2968/20/2968 2953/20/2953 2954/20/2954 2969/20/2969
f 2969/20/2969 2954/20/2954 2955/20/2955 2970/20/2970
f 2970/20/2970 2955/20/2955 2950/20/2950 2967/20/2967
f 2988/20/2988 2990/20/2990 2989/20/2989
f 2989/20/2989 2990/20/2990 2991/20/2991
f 2991/20/2991 2990/20/2990 2992/20/2992
f 2992/20/2992 2990/20/2990 2993/20/2993
f 2993/20/2993 2990/20/2990 2988/20/2988
f 3005/20/3005 2988/20/2988 2989/20/2989 3004/20/3004
f 3004/20/3004 2989/20/2989 2991/20/2991 3006/20/3006
f 3006/20/3006 2991/20/2991 2992/20/2992 3007/20/3007
f 3007/20/3007 2992/20/2992 2993/20/2993 3008/20/3008
f 3008/20/3008 2993/20/2993 2988/20/2988 3005/20/3005
f 3028/20/3028 3030/20/3030 3029/20/3029
f 3029/20/3029 3030/20/3030 3031/20/3031
f 3031/20/3031 3030/20/3030 3032/20/3032
f 3032/20/3032 3030/20/3030 3033/20/3033
f 3033/20/3033 3030/20/3030 3028/20/3028
f 3045/20/3045 3028/20/3028 3029/20/3029 3044/20/3044
f 3044/20/3044 3029/20/3029 3031/20/3031 3046/20/3046
f 3046/20/3046 3031/20/3031 3032/20/3032 3047/20/3047
f 3047/20/3047 3032/20/3032 3033/20/3033 3048/20/3048
f 3048/20/3048 3033/20/3033 3028/20/3028 3045/20/3045
f 3066/20/3066 3068/20/3068 3067/20/3067
f 3067/20/3067 3068/20/3068 3069/20/3069
f 3069/20/3069 3068/20/3068 3070/20/3070
f 3070/20/3070 3068/20/3068 3071/20/3071
f 3071/20/3071 3068/20/3068 3066/20/3066
f 3098/20/3098 3066/20/3066 3067/20/3067 3097/20/3097
f 3097/20/3097 3067/20/3067 3069/20/3069 3099/20/3099
f 3099/20/3099 3069/20/3069 3070/20/3070 3100/20/3100
f 3100/20/3100 3070/20/3070 3071/20/3071 3101/20/3101
f 3101/20/3101 3071/20/3071 3066/20/3066 3098/20/3098
f 3113/20/3113 3115/20/3115 3114/20/3114
f 3114/20/3114 3115/20/3115 3116/20/3116
f 3116/20/3116 3115/20/3115 3117/20/3117
f 3117/20/3117 3115/20/3115 3118/20/3118
f 3118/20/3118 3115/20/3115 3113/20/3113
f 3144/20/3144 3113/20/3113 3114/20/3114 3143/20/3143
f 3143/20/3143 3114/20/3114 3116/20/3116 3145/20/3145
f 3145/20/3145 3116/20/3116 3117/20/3117 3146/20/3146
f 3146/20/3146 3117/20/3117 3118/20/3118 3147/20/3147
f 3147/20/3147 3118/20/3118 3113/20/3113 3144/20/3144
f 3161/20/3161 3163/20/3163 3162/20/3162
f 3162/20/3162 3163/20/3163 3164/20/3164
f 3164/20/3164 3163/20/3163 3165/20/3165
f 3165/20/3165 3163/20/3163 3166/20/3166
f 3166/20/3166 3163/20/3163 3161/20/3161
f 3201/20/3201 3161/20/3161 3162/20/3162 3200/20/3200
f 3200/20/3200 3162/20/3162 3164/20/3164 3202/20/3202
f 3202/20/3202 3164/20/3164 3165/20/3165 3203/20/3203
f 3203/20/3203 3165/20/3165 3166/20/3166 3204/20/3204
f 3204/20/3204 3166/20/3166 3161/20/3161 3201/20/3201
f 3220/20/3220 3222/20/3222 3221/20/3221
f 3221/20/3221 3222/20/3222 3223/20/3223
f 3223/20/3223 3222/20/3222 3224/20/3224
f 3224/20/3224 3222/20/3222 3225/20/3225
f 3225/20/3225 3222/20/3222 3220/20/3220
f 3246/20/3246 3220/20/3220 3221/20/3221 3245/20/3245
f 3245/20/3245 3221/20/3221 3223/20/3223 3247/20/3247
f 3247/20/3247 3223/20/3223 3224/20/3224 3248/20/3248
f 3248/20/3248 3224/20/3224 3225/20/3225 3249/20/3249
f 3249/20/3249 3225/20/3225 3220/20/3220 3246/20/3246
f 3261/20/3261 3263/20/3263 3262/20/3262
f 3262/20/3262 3263/20/3263 3264/20/3264
f 3264/20/3264 3263/20/3263 3265/20/3265
f 3265/20/3265 3263/20/3263 3266/20/3266
f 3266/20/3266 3263/20/3263 3261/20/3261
f 3285/20/3285 3261/20/3261 3262/20/3262 3284/20/3284
f 3284/20/3284 3262/20/3262 3264/20/3264 3286/20/3286
f 3286/20/3286 3264/20/3264 3265/20/3265 3287/20/3287
f 3287/20/3287 3265/20/3265 3266/20/3266 3288/20/3288
f 3288/20/3288 3266/20/3266 3261/20/3261 3285/20/3285
f 3296/20/3296 3298/20/3298 3297/20/3297
f 3297/20/3297 3298/20/3298 3299/20/3299
f 3299/20/3299 3298/20/3298 3300/20/3300
f 3300/20/3300 3298/20/3298 3301/20/3301
f 3301/20/3301 3298/20/3298 3296/20/3296
f 3309/20/3309 3296/20/3296 3297/20/3297 3308/20/3308
f 3308/20/3308 3297/20/3297 3299/20/3299 3310/20/3310
f 3310/20/3310 3299/20/3299 3300/20/3300 3311/20/3311
f 3311/20/3311 3300/20/3300 3301/20/3301 3313/20/3313
f 3313/20/3313 3301/20/3301 3296/20/3296 3309/20/3309
f 3329/20/3329 3331/20/3331 3330/20/3330
f 3330/20/3330 3331/20/3331 3332/20/3332
f 3332/20/3332 3331/20/3331 3333/20/3333
f 3333/20/3333 3331/20/3331 3334/20/3334
f 3334/20/3334 3331/20/3331 3329/20/3329
f 3373/20/3373 3329/20/3329 3330/20/3330 3372/20/3372
f 3372/20/3372 3330/20/3330 3332/20/3332 3374/20/3374
f 3374/20/3374 3332/20/3332 3333/20/3333 3375/20/3375
f 3375/20/3375 3333/20/3333 3334/20/3334 3376/20/3376
f 3376/20/3376 3334/20/3334 3329/20/3329 3373/20/3373
f 3391/20/3391 3393/20/3393 3392/20/3392
f 3392/20/3392 3393/20/3393 3394/20/3394
f 3394/20/3394 3393/20/3393 3395/20/3395
f 3395/20/3395 3393/20/3393 3396/20/3396
f 3396/20/3396 3393/20/3393 3391/20/3391
f 3431/20/3431 3391/20/3391 3392/20/3392 3430/20/3430
f 3430/20/3430 3392/20/3392 3394/20/3394 3432/20/3432
f 3432/20/3432 3394/20/3394 3395/20/3395 3433/20/3433
f 3433/20/3433 3395/20/3395 3396/20/3396 3434/20/3434
f 3434/20/3434 3396/20/3396 3391/20/3391 3431/20/3431
f 3446/20/3446 3448/20/3448 3447/20/3447
f 3447/20/3447 3448/20/3448 3449/20/3449
f 3449/20/3449 3448/20/3448 3450/20/3450
f 3450/20/3450 3448/20/3448 3451/20/3451
f 3451/20/3451 3448/20/3448 3446/20/3446
f 3477/20/3477 3446/20/3446 3447/20/3447 3476/20/3476
f 3476/20/3476 3447/20/3447 3449/20/3449 3478/20/3478
f 3478/20/3478 3449/20/3449 3450/20/3450 3479/20/3479
f 3479/20/3479 3450/20/3450 3451/20/3451 3480/20/3480
f 3480/20/3480 3451/20/3451 3446/20/3446 3477/20/3477
f 3497/20/3497 3499/20/3499 3498/20/3498
f 3498/20/3498 3499/20/3499 3500/20/3500
f 3500/20/3500 3499/20/3499 3501/20/3501
f 3501/20/3501 3499/20/3499 3502/20/3502
f 3502/20/3502 3499/20/3499 3497/20/3497
f 3548/20/3548 3497/20/3497 3498/20/3498 3547/20/3547
f 3547/20/3547 3498/20/3498 3500/20/3500 3549/20/3549
f 3549/20/3549 3500/20/3500 3501/20/3501 3550/20/3550
f 3550/20/3550 3501/20/3501 3502/20/3502 3551/20/3551
f 3551/20/3551 3502/20/3502 3497/20/3497 3548/20/3548
f 3565/20/3565 3567/20/3567 3566/20/3566
f 3566/20/3566 3567/20/3567 3568/20/3568
f 3568/20/3568 3567/20/3567 3569/20/3569
f 3569/20/3569 3567/20/3567 3570/20/3570
f 3570/20/3570 3567/20/3567 3565/20/3565
f 3598/20/3598 3565/20/3565 3566/20/3566 3597/20/3597
f 3597/20/3597 3566/20/3566 3568/20/3568 3599/20/3599
f 3599/20/3599 3568/20/3568 3569/20/3569 3600/20/3600
f 3600/20/3600 3569/20/3569 3570/20/3570 3601/20/3601
f 3601/20/3601 3570/20/3570 3565/20/3565 3598/20/3598
f 3619/20/3619 3621/20/3621 3620/20/3620
f 3620/20/3620 3621/20/3621 3622/20/3622
f 3622/20/3622 3621/20/3621 3623/20/3623
f 3623/20/3623 3621/20/3621 3624/20/3624
f 3624/20/3624 3621/20/3621 3619/20/3619
f 3647/20/3647 3619/20/3619 3620/20/3620 3646/20/3646
f 3646/20/3646 3620/20/3620 3622/20/3622 3648/20/3648
f 3648/20/3648 3622/20/3622 3623/20/3623 3649/20/3649
f 3649/20/3649 3623/20/3623 3624/20/3624 3650/20/3650
f 3650/20/3650 3624/20/3624 3619/20/3619 3647/20/3647
f 3783/20/3783 3785/20/3785 3784/20/3784
f 3784/20/3784 3785/20/3785 3786/20/3786
f 3786/20/3786 3785/20/3785 3787/20/3787
f 3787/20/3787 3785/20/3785 3788/20/3788
f 3788/20/3788 3785/20/3785 3783/20/3783
f 3805/20/3805 3783/20/3783 3784/20/3784 3804/20/3804
f 3804/20/3804 3784/20/3784 3786/20/3786 3806/20/3806
f 3806/20/3806 3786/20/3786 3787/20/3787 3807/20/3807
f 3807/20/3807 3787/20/3787 3788/20/3788 3808/20/3808
f 3808/20/3808 3788/20/3788 3783/20/3783 3805/20/3805
f 3957/20/3957 3959/20/3959 3958/20/3958
f 3958/20/3958 3959/20/3959 3960/20/3960
f 3960/20/3960 3959/20/3959 3961/20/3961
f 3961/20/3961 3959/20/3959 3962/20/3962
f 3962/20/3962 3959/20/3959 3957/20/3957
f 3966/20/3966 3957/20/3957 3958/20/3958 3965/20/3965
f 3965/20/3965 3958/20/3958 3960/20/3960 3968/20/3968
f 3968/20/3968 3960/20/3960 3961/20/3961 3970/20/3970
f 3970/20/3970 3961/20/3961 3962/20/3962 3972/20/3972
f 3972/20/3972 3962/20/3962 3957/20/3957 3966/20/3966
f 4050/20/4050 4052/20/4052 4051/20/4051
f 4051/20/4051 4052/20/4052 4053/20/4053
f 4053/20/4053 4052/20/4052 4054/20/4054
f 4054/20/4054 4052/20/4052 4055/20/4055
f 4055/20/4055 4052/20/4052 4050/20/4050
f 4056/20/4056 4050/20/4050 4051/20/4051 4057/20/4057
f 4057/20/4057 4051/20/4051 4053/20/4053 4058/20/4058
f 4058/20/4058 4053/20/4053 4054/20/4054 4059/20/4059
f 4059/20/4059 4054/20/4054 4055/20/4055 4060/20/4060
f 4060/20/4060 4055/20/4055 4050/20/4050 4056/20/4056
f 4125/20/4125 4127/20/4127 4126/20/4126
f 4126/20/4126 4127/20/4127 4128/20/4128
f 4128/20/4128 4127/20/4127 4129/20/4129
f 4129/20/4129 4127/20/4127 4130/20/4130
f 4130/20/4130 4127/20/4127 4125/20/4125
f 4154/20/4154 4125/20/4125 4126/20/4126 4153/20/4153
f 4153/20/4153 4126/20/4126 4128/20/4128 4155/20/4155
f 4155/20/4155 4128/20/4128 4129/20/4129 4156/20/4156
f 4156/20/4156 4129/20/4129 4130/20/4130 4157/20/4157
f 4157/20/4157 4130/20/4130 4125/20/4125 4154/20/4154
f 4188/20/4188 4190/20/4190 4189/20/4189
f 4189/20/4189 4190/20/4190 4191/20/4191
f 4191/20/4191 4190/20/4190 4192/20/4192
f 4192/20/4192 4190/20/4190 4193/20/4193
f 4193/20/4193 4190/20/4190 4188/20/4188
f 4220/20/4220 4188/20/4188 4189/20/4189 4219/20/4219
f 4219/20/4219 4189/20/4189 4191/20/4191 4221/20/4221
f 4221/20/4221 4191/20/4191 4192/20/4192 4222/20/4222
f 4222/20/4222 4192/20/4192 4193/20/4193 4223/20/4223
f 4223/20/4223 4193/20/4193 4188/20/4188 4220/20/4220
f 4291/20/4291 4293/20/4293 4292/20/4292
f 4292/20/4292 4293/20/4293 4294/20/4294
f 4294/20/4294 4293/20/4293 4295/20/4295
f 4295/20/4295 4293/20/4293 4296/20/4296
f 4296/20/4296 4293/20/4293 4291/20/4291
f 4324/20/4324 4291/20/4291 4292/20/4292 4323/20/4323
f 4323/20/4323 4292/20/4292 4294/20/4294 4325/20/4325
f 4325/20/4325 4294/20/4294 4295/20/4295 4326/20/4326
f 4326/20/4326 4295/20/4295 4296/20/4296 4327/20/4327
f 4327/20/4327 4296/20/4296 4291/20/4291 4324/20/4324
f 4569/20/4569 4571/20/4571 4570/20/4570
f 4570/20/4570 4571/20/4571 4572/20/4572
f 4572/20/4572 4571/20/4571 4573/20/4573
f 4573/20/4573 4571/20/4571 4574/20/4574
f 4574/20/4574 4571/20/4571 4569/20/4569
f 4601/20/4601 4569/20/4569 4570/20/4570 4600/20/4600
f 4600/20/4600 4570/20/4570 4572/20/4572 4602/20/4602
f 4602/20/4602 4572/20/4572 4573/20/4573 4603/20/4603
f 4603/20/4603 4573/20/4573 4574/20/4574 4604/20/4604
f 4604/20/4604 4574/20/4574 4569/20/4569 4601/20/4601
g all_branches level2 manual_prune tree_branch_generator2
usemtl /obj/geo1/tree_controller1/matnet1/labs_shader1
f 1593/1678/1593 1596/1537/1596 1595/1679/1595 1594/1680/1594
f 1594/1680/1594 1595/1679/1595 1598/1681/1598 1597/1682/1597
f 1597/1682/1597 1598/1681/1598 1600/1683/1600 1599/1684/1599
f 1599/1684/1599 1600/1683/1600 1602/1685/1602 1601/1686/1601
f 1601/1686/1601 1602/1685/1602 1596/1546/1596 1593/1687/1593
f 1603/1688/1603 1611/1689/1611 1610/1690/1610 1609/1691/1609 1608/1692/1608 1607/1693/1607 1606/1694/1606 1605/1695/1605 1593/1678/1593 1594/1680/1594 1604/1696/1604
f 1612/1697/1612 1614/1698/1614 1613/1699/1613 1604/1700/1604 1594/1680/1594 1597/1682/1597
f 1599/1684/1599 1621/1701/1621 1620/1702/1620 1619/1703/1619 1618/1704/1618 1617/1705/1617 1616/1706/1616 1615/1707/1615 1612/1708/1612 1597/1682/1597
f 1622/1709/1622 1623/1710/1623 1621/1701/1621 1599/1684/1599 1601/1686/1601
f 1624/1711/1624 1622/1712/1622 1601/1686/1601 1593/1687/1593 1605/1713/1605 1625/1714/1625
f 1632/1715/1632 1635/1716/1635 1634/1717/1634 1633/1718/1633
f 1636/1719/1636 1638/1720/1638 1637/1721/1637 1633/1718/1633 1634/1717/1634
f 1639/1722/1639 1640/1723/1640 1635/1724/1635 1632/1725/1632
f 1642/1726/1642 1643/1727/1643 1632/1715/1632 1633/1718/1633
f 1642/1728/1642 1633/1718/1633 1637/1729/1637
f 1644/1730/1644 1645/1731/1645 1639/1722/1639
f 1643/1732/1643 1646/1733/1646 1644/1734/1644 1639/1722/1639 1632/1725/1632
f 1647/1735/1647 1638/1736/1638 1636/1719/1636 1641/1737/1641 1648/1738/1648
f 1639/1722/1639 1645/1739/1645 1648/1740/1648 1641/1737/1641 1640/1723/1640
f 1655/1/1655 1658/1741/1658 1657/1742/1657 1656/1743/1656
f 1656/1743/1656 1657/1742/1657 1660/1744/1660 1659/1745/1659
f 1659/1745/1659 1660/1744/1660 1662/1746/1662 1661/1747/1661
f 1661/1747/1661 1662/1746/1662 1664/1748/1664 1663/1749/1663
f 1663/1749/1663 1664/1748/1664 1658/1750/1658 1655/20/1655
f 1658/1741/1658 1666/1751/1666 1665/1752/1665 1657/1742/1657
f 1657/1742/1657 1665/1752/1665 1667/1753/1667 1660/1744/1660
f 1660/1744/1660 1667/1753/1667 1668/1754/1668 1662/1746/1662
f 1662/1746/1662 1668/1754/1668 1669/1755/1669 1664/1748/1664
f 1664/1748/1664 1669/1755/1669 1666/1756/1666 1658/1750/1658
f 1666/1751/1666 1671/443/1671 1670/1757/1670 1665/1752/1665
f 1665/1752/1665 1670/1757/1670 1672/1758/1672 1667/1753/1667
f 1667/1753/1667 1672/1758/1672 1673/1759/1673 1668/1754/1668
f 1668/1754/1668 1673/1759/1673 1674/1760/1674 1669/1755/1669
f 1669/1755/1669 1674/1760/1674 1671/452/1671 1666/1756/1666
f 1681/1761/1681 1684/1762/1684 1683/1763/1683 1682/1764/1682
f 1682/1764/1682 1683/1763/1683 1686/1765/1686 1685/1766/1685
f 1685/1766/1685 1686/1765/1686 1688/1767/1688 1687/1768/1687
f 1687/1768/1687 1688/1767/1688 1690/1769/1690 1689/1770/1689
f 1689/1770/1689 1690/1769/1690 1684/1771/1684 1681/1772/1681
f 1684/1762/1684 1692/1773/1692 1691/1774/1691 1683/1763/1683
f 1683/1763/1683 1691/1774/1691 1693/1775/1693 1686/1765/1686
f 1686/1765/1686 1693/1775/1693 1694/1776/1694 1688/1767/1688
f 1688/1767/1688 1694/1776/1694 1695/1777/1695 1690/1769/1690
f 1690/1769/1690 1695/1777/1695 1692/1778/1692 1684/1771/1684
f 1692/1773/1692 1697/1779/1697 1696/1780/1696 1691/1774/1691
f 1691/1774/1691 1696/1780/1696 1698/1781/1698 1693/1775/1693
f 1693/1775/1693 1698/1781/1698 1699/1782/1699 1694/1776/1694
f 1694/1776/1694 1699/1782/1699 1700/1783/1700 1695/1777/1695
f 1695/1777/1695 1700/1783/1700 1697/1784/1697 1692/1778/1692
f 1697/1779/1697 1702/983/1702 1701/1785/1701 1696/1780/1696
f 1696/1780/1696 1701/1785/1701 1703/1786/1703 1698/1781/1698
f 1698/1781/1698 1703/1786/1703 1704/1787/1704 1699/1782/1699
f 1699/1782/1699 1704/1787/1704 1705/1788/1705 1700/1783/1700
f 1700/1783/1700 1705/1788/1705 1702/992/1702 1697/1784/1697
f 1682/1764/1682 1711/1789/1711 1710/1790/1710 1709/1791/1709 1708/1792/1708 1707/1793/1707 1706/1794/1706 1681/1761/1681
f 1712/1795/1712 1711/1789/1711 1682/1764/1682 1685/1766/1685 1714/1796/1714 1713/1797/1713
f 1715/1798/1715 1714/1796/1714 1685/1766/1685 1687/1768/1687 1717/1799/1717 1716/1800/1716
f 1689/1770/1689 1720/1801/1720 1719/1802/1719 1718/1803/1718 1717/1804/1717 1687/1768/1687
f 1721/1805/1721 1720/1806/1720 1689/1770/1689 1681/1772/1681 1706/1807/1706 1722/1808/1722
f 1729/1809/1729 1732/1810/1732 1731/1811/1731 1730/1812/1730
f 1730/1812/1730 1731/1811/1731 1734/1813/1734 1733/1814/1733
f 1733/1814/1733 1734/1813/1734 1736/1815/1736 1735/1816/1735
f 1735/1816/1735 1736/1815/1736 1738/1817/1738 1737/1818/1737
f 1737/1818/1737 1738/1817/1738 1732/1819/1732 1729/1820/1729
f 1732/1810/1732 1740/1821/1740 1739/1822/1739 1731/1811/1731
f 1731/1811/1731 1739/1822/1739 1741/1823/1741 1734/1813/1734
f 1734/1813/1734 1741/1823/1741 1742/1824/1742 1736/1815/1736
f 1736/1815/1736 1742/1824/1742 1743/1825/1743 1738/1817/1738
f 1738/1817/1738 1743/1825/1743 1740/1826/1740 1732/1819/1732
f 1740/1821/1740 1745/1827/1745 1744/1828/1744 1739/1822/1739
f 1739/1822/1739 1744/1828/1744 1746/1829/1746 1741/1823/1741
f 1741/1823/1741 1746/1829/1746 1747/1830/1747 1742/1824/1742
f 1742/1824/1742 1747/1830/1747 1748/1831/1748 1743/1825/1743
f 1743/1825/1743 1748/1831/1748 1745/1832/1745 1740/1826/1740
f 1745/1827/1745 1750/1833/1750 1749/1834/1749 1744/1828/1744
f 1744/1828/1744 1749/1834/1749 1751/1835/1751 1746/1829/1746
f 1746/1829/1746 1751/1835/1751 1752/1836/1752 1747/1830/1747
f 1747/1830/1747 1752/1836/1752 1753/1837/1753 1748/1831/1748
f 1748/1831/1748 1753/1837/1753 1750/1838/1750 1745/1832/1745
f 1750/1833/1750 1755/1839/1755 1754/1840/1754 1749/1834/1749
f 1749/1834/1749 1754/1840/1754 1756/1841/1756 1751/1835/1751
f 1751/1835/1751 1756/1841/1756 1757/1842/1757 1752/1836/1752
f 1752/1836/1752 1757/1842/1757 1758/1843/1758 1753/1837/1753
f 1753/1837/1753 1758/1843/1758 1755/1844/1755 1750/1838/1750
f 1755/1839/1755 1760/1845/1760 1759/1846/1759 1754/1840/1754
f 1754/1840/1754 1759/1846/1759 1761/1847/1761 1756/1841/1756
f 1756/1841/1756 1761/1847/1761 1762/1848/1762 1757/1842/1757
f 1757/1842/1757 1762/1848/1762 1763/1849/1763 1758/1843/1758
f 1758/1843/1758 1763/1849/1763 1760/1850/1760 1755/1844/1755
f 1764/1851/1764 1768/1852/1768 1767/1853/1767 1766/1854/1766 1729/1809/1729 1730/1812/1730 1765/1855/1765
f 1769/1856/1769 1771/1857/1771 1765/1858/1765 1730/1812/1730 1733/1814/1733 1770/1859/1770
f 1772/1860/1772 1775/1861/1775 1774/1862/1774 1770/1863/1770 1733/1814/1733 1735/1816/1735 1773/1864/1773
f 1776/1865/1776 1773/1864/1773 1735/1816/1735 1737/1818/1737 1777/1866/1777
f 1778/1867/1778 1782/1868/1782 1781/1869/1781 1777/1870/1777 1737/1818/1737 1729/1820/1729 1766/1871/1766 1780/1872/1780 1779/1873/1779
f 1789/1/1789 1792/1874/1792 1791/1875/1791 1790/1743/1790
f 1790/1743/1790 1791/1875/1791 1794/1876/1794 1793/1745/1793
f 1795/1877/1795 1803/1878/1803 1802/1879/1802 1801/1880/1801 1800/1881/1800 1799/1882/1799 1798/1883/1798 1797/1884/1797 1796/1885/1796 1793/1745/1793 1794/1876/1794
f 1792/1874/1792 1805/1886/1805 1804/1887/1804 1791/1875/1791
f 1791/1875/1791 1804/1887/1804 1806/1888/1806 1794/1876/1794
f 1794/1876/1794 1806/1888/1806 1807/1889/1807 1795/1877/1795
f 1795/1877/1795 1807/1889/1807 1809/1890/1809 1808/1891/1808
f 1808/1891/1808 1809/1890/1809 1805/1892/1805 1792/1893/1792
f 1805/1886/1805 1811/1894/1811 1810/1895/1810 1804/1887/1804
f 1804/1887/1804 1810/1895/1810 1812/1896/1812 1806/1888/1806
f 1806/1888/1806 1812/1896/1812 1813/1897/1813 1807/1889/1807
f 1807/1889/1807 1813/1897/1813 1814/1898/1814 1809/1890/1809
f 1809/1890/1809 1814/1898/1814 1811/1899/1811 1805/1892/1805
f 1816/1900/1816 1817/1901/1817 1803/1878/1803 1795/1877/1795 1808/1891/1808
f 1815/1902/1815 1822/1903/1822 1821/1904/1821 1820/1905/1820 1819/1906/1819 1818/1907/1818 1816/1900/1816 1808/1891/1808 1792/1908/1792 1789/20/1789
f 1829/1909/1829 1832/1910/1832 1831/1911/1831 1830/1912/1830
f 1830/1912/1830 1831/1911/1831 1834/1913/1834 1833/1914/1833
f 1833/1914/1833 1834/1913/1834 1836/1915/1836 1835/1916/1835
f 1835/1916/1835 1836/1915/1836 1838/1917/1838 1837/1918/1837
f 1837/1918/1837 1838/1917/1838 1832/1919/1832 1829/1920/1829
f 1832/1910/1832 1840/1921/1840 1839/1922/1839 1831/1911/1831
f 1831/1911/1831 1839/1922/1839 1841/1923/1841 1834/1913/1834
f 1834/1913/1834 1841/1923/1841 1842/1924/1842 1836/1915/1836
f 1836/1915/1836 1842/1924/1842 1843/1925/1843 1838/1917/1838
f 1838/1917/1838 1843/1925/1843 1840/1926/1840 1832/1919/1832
f 1840/1921/1840 1845/1927/1845 1844/1928/1844 1839/1922/1839
f 1839/1922/1839 1844/1928/1844 1846/1929/1846 1841/1923/1841
f 1841/1923/1841 1846/1929/1846 1847/1930/1847 1842/1924/1842
f 1842/1924/1842 1847/1930/1847 1848/1931/1848 1843/1925/1843
f 1843/1925/1843 1848/1931/1848 1845/1932/1845 1840/1926/1840
f 1845/1927/1845 1850/1933/1850 1849/1934/1849 1844/1928/1844
f 1844/1928/1844 1849/1934/1849 1851/1935/1851 1846/1929/1846
f 1846/1929/1846 1851/1935/1851 1852/1936/1852 1847/1930/1847
f 1847/1930/1847 1852/1936/1852 1853/1937/1853 1848/1931/1848
f 1848/1931/1848 1853/1937/1853 1850/1938/1850 1845/1932/1845
f 1850/1933/1850 1855/1939/1855 1854/1940/1854 1849/1934/1849
f 1849/1934/1849 1854/1940/1854 1856/1941/1856 1851/1935/1851
f 1851/1935/1851 1856/1941/1856 1857/1942/1857 1852/1936/1852
f 1852/1936/1852 1857/1942/1857 1858/1943/1858 1853/1937/1853
f 1853/1937/1853 1858/1943/1858 1855/1944/1855 1850/1938/1850
f 1855/1939/1855 1860/1945/1860 1859/1946/1859 1854/1940/1854
f 1854/1940/1854 1859/1946/1859 1861/1947/1861 1856/1941/1856
f 1856/1941/1856 1861/1947/1861 1862/1948/1862 1857/1942/1857
f 1857/1942/1857 1862/1948/1862 1863/1949/1863 1858/1943/1858
f 1858/1943/1858 1863/1949/1863 1860/1950/1860 1855/1944/1855
f 1860/1945/1860 1865/1845/1865 1864/1846/1864 1859/1946/1859
f 1859/1946/1859 1864/1846/1864 1866/1847/1866 1861/1947/1861
f 1861/1947/1861 1866/1847/1866 1867/1848/1867 1862/1948/1862
f 1862/1948/1862 1867/1848/1867 1868/1849/1868 1863/1949/1863
f 1863/1949/1863 1868/1849/1868 1865/1850/1865 1860/1950/1860
f 1869/1951/1869 1872/1952/1872 1829/1909/1829 1830/1912/1830 1871/1953/1871 1870/1954/1870
f 1873/1955/1873 1876/1956/1876 1875/1957/1875 1871/1958/1871 1830/1912/1830 1833/1914/1833 1874/1959/1874
f 1877/1960/1877 1881/1961/1881 1880/1962/1880 1874/1959/1874 1833/1914/1833 1835/1916/1835 1879/1963/1879 1878/1964/1878
f 1837/1918/1837 1885/1965/1885 1884/1966/1884 1883/1967/1883 1882/1968/1882 1879/1969/1879 1835/1916/1835
f 1886/1970/1886 1887/1971/1887 1885/1972/1885 1837/1918/1837 1829/1920/1829 1872/1973/1872
f 1894/1974/1894 1897/1975/1897 1896/1976/1896 1895/1977/1895
f 1895/1977/1895 1896/1976/1896 1899/1978/1899 1898/1979/1898
f 1898/1979/1898 1899/1978/1899 1901/1980/1901 1900/1981/1900
f 1900/1981/1900 1901/1980/1901 1903/1982/1903 1902/1983/1902
f 1902/1983/1902 1903/1982/1903 1897/1984/1897 1894/1985/1894
f 1897/1975/1897 1905/1986/1905 1904/1987/1904 1896/1976/1896
f 1896/1976/1896 1904/1987/1904 1906/1988/1906 1899/1978/1899
f 1899/1978/1899 1906/1988/1906 1907/1989/1907 1901/1980/1901
f 1901/1980/1901 1907/1989/1907 1908/1990/1908 1903/1982/1903
f 1903/1982/1903 1908/1990/1908 1905/1991/1905 1897/1984/1897
f 1905/1986/1905 1910/1992/1910 1909/1993/1909 1904/1987/1904
f 1904/1987/1904 1909/1993/1909 1911/1994/1911 1906/1988/1906
f 1906/1988/1906 1911/1994/1911 1912/1995/1912 1907/1989/1907
f 1907/1989/1907 1912/1995/1912 1913/1996/1913 1908/1990/1908
f 1908/1990/1908 1913/1996/1913 1910/1997/1910 1905/1991/1905
f 1910/1992/1910 1915/1998/1915 1914/1999/1914 1909/1993/1909
f 1909/1993/1909 1914/1999/1914 1916/2000/1916 1911/1994/1911
f 1911/1994/1911 1916/2000/1916 1917/2001/1917 1912/1995/1912
f 1912/1995/1912 1917/2001/1917 1918/2002/1918 1913/1996/1913
f 1913/1996/1913 1918/2002/1918 1915/2003/1915 1910/1997/1910
f 1915/1998/1915 1920/2004/1920 1919/2005/1919 1914/1999/1914
f 1914/1999/1914 1919/2005/1919 1921/2006/1921 1916/2000/1916
f 1916/2000/1916 1921/2006/1921 1922/2007/1922 1917/2001/1917
f 1917/2001/1917 1922/2007/1922 1923/2008/1923 1918/2002/1918
f 1918/2002/1918 1923/2008/1923 1920/2009/1920 1915/2003/1915
f 1924/2010/1924 1927/2011/1927 1894/1974/1894 1895/1977/1895 1926/2012/1926 1925/2013/1925
f 1928/2014/1928 1926/2012/1926 1895/1977/1895 1898/1979/1898 1930/2015/1930 1929/2016/1929
f 1931/2017/1931 1934/2018/1934 1933/2019/1933 1930/2020/1930 1898/1979/1898 1900/1981/1900 1932/2021/1932
f 1902/1983/1902 1935/2022/1935 1932/2023/1932 1900/1981/1900
f 1936/2024/1936 1935/2025/1935 1902/1983/1902 1894/1985/1894 1927/2026/1927 1938/2027/1938 1937/2028/1937
f 1945/2029/1945 1948/2030/1948 1947/2031/1947 1946/2032/1946
f 1946/2032/1946 1947/2031/1947 1950/2033/1950 1949/2034/1949
f 1949/2034/1949 1950/2033/1950 1952/2035/1952 1951/2036/1951
f 1951/2036/1951 1952/2035/1952 1954/2037/1954 1953/2038/1953
f 1953/2038/1953 1954/2037/1954 1948/2039/1948 1945/2040/1945
f 1948/2030/1948 1956/2041/1956 1955/2042/1955 1947/2031/1947
f 1947/2031/1947 1955/2042/1955 1957/2043/1957 1950/2033/1950
f 1950/2033/1950 1957/2043/1957 1958/2044/1958 1952/2035/1952
f 1952/2035/1952 1958/2044/1958 1959/2045/1959 1954/2037/1954
f 1954/2037/1954 1959/2045/1959 1956/2046/1956 1948/2039/1948
f 1956/2041/1956 1961/2047/1961 1960/2048/1960 1955/2042/1955
f 1955/2042/1955 1960/2048/1960 1962/2049/1962 1957/2043/1957
f 1957/2043/1957 1962/2049/1962 1963/2050/1963 1958/2044/1958
f 1958/2044/1958 1963/2050/1963 1964/2051/1964 1959/2045/1959
f 1959/2045/1959 1964/2051/1964 1961/2052/1961 1956/2046/1956
f 1961/2047/1961 1966/2053/1966 1965/2054/1965 1960/2048/1960
f 1960/2048/1960 1965/2054/1965 1967/2055/1967 1962/2049/1962
f 1962/2049/1962 1967/2055/1967 1968/2056/1968 1963/2050/1963
f 1963/2050/1963 1968/2056/1968 1969/2057/1969 1964/2051/1964
f 1964/2051/1964 1969/2057/1969 1966/2058/1966 1961/2052/1961
f 1966/2053/1966 1971/2059/1971 1970/2060/1970 1965/2054/1965
f 1965/2054/1965 1970/2060/1970 1972/2061/1972 1967/2055/1967
f 1967/2055/1967 1972/2061/1972 1973/2062/1973 1968/2056/1968
f 1968/2056/1968 1973/2062/1973 1974/2063/1974 1969/2057/1969
f 1969/2057/1969 1974/2063/1974 1971/2064/1971 1966/2058/1966
f 1971/2059/1971 1976/2065/1976 1975/2066/1975 1970/2060/1970
f 1970/2060/1970 1975/2066/1975 1977/2067/1977 1972/2061/1972
f 1972/2061/1972 1977/2067/1977 1978/2068/1978 1973/2062/1973
f 1973/2062/1973 1978/2068/1978 1979/2069/1979 1974/2063/1974
f 1974/2063/1974 1979/2069/1979 1976/2070/1976 1971/2064/1971
f 1980/2071/1980 1984/2072/1984 1983/2073/1983 1982/2074/1982 1945/2029/1945 1946/2032/1946 1981/2075/1981
f 1985/2076/1985 1987/2077/1987 1986/2078/1986 1981/2079/1981 1946/2032/1946 1949/2034/1949
f 1988/2080/1988 1992/2081/1992 1991/2082/1991 1990/2083/1990 1985/2084/1985 1949/2034/1949 1951/2036/1951 1989/2085/1989
f 1993/2086/1993 1998/2087/1998 1997/2088/1997 1989/2089/1989 1951/2036/1951 1953/2038/1953 1996/2090/1996 1995/2091/1995 1994/2092/1994
f 1999/2093/1999 2004/2094/2004 2003/2095/2003 2002/2096/2002 1996/2097/1996 1953/2038/1953 1945/2040/1945 1982/2098/1982 2001/2099/2001 2000/2100/2000
f 2011/1/2011 2014/2101/2014 2013/2102/2013 2012/1743/2012
f 2015/2103/2015 2021/2104/2021 2020/2105/2020 2019/2106/2019 2018/2107/2018 2017/2108/2017 2016/2109/2016 2012/1743/2012 2013/2102/2013
f 2014/2101/2014 2023/1537/2023 2022/1679/2022 2013/2102/2013
f 2013/2102/2013 2022/1679/2022 2024/1681/2024 2015/2103/2015
f 2015/2103/2015 2024/1681/2024 2026/1683/2026 2025/2110/2025
f 2025/2110/2025 2026/1683/2026 2028/1685/2028 2027/2111/2027
f 2027/2111/2027 2028/1685/2028 2023/1546/2023 2014/2112/2014
f 2029/2113/2029 2033/2114/2033 2021/2115/2021 2015/2103/2015 2025/2110/2025 2032/2116/2032 2031/2117/2031 2030/2118/2030
f 2034/2119/2034 2032/2120/2032 2025/2110/2025 2027/2111/2027 2038/2121/2038 2037/2122/2037 2036/2123/2036 2035/2124/2035
f 2014/2112/2014 2011/20/2011 2041/2125/2041 2040/2126/2040 2039/2127/2039 2038/2121/2038 2027/2111/2027
f 2018/2107/2018 2043/2106/2043 2042/2108/2042
f 2050/2128/2050 2053/2129/2053 2052/2130/2052 2051/2131/2051
f 2051/2131/2051 2052/2130/2052 2055/2132/2055 2054/2133/2054
f 2054/2133/2054 2055/2132/2055 2057/2134/2057 2056/2135/2056
f 2058/2136/2058 2060/2137/2060 2059/2138/2059 2056/2135/2056 2057/2134/2057
f 2061/2139/2061 2070/2140/2070 2018/2141/2018 2069/1/2069 2068/2142/2068 2067/2143/2067 2066/2144/2066 2065/2145/2065 2064/2146/2064 2063/2147/2063 2062/2148/2062
f 2071/2149/2071 2077/1745/2077 2076/2150/2076 2075/2151/2075 2074/2152/2074 2063/2153/2063 2064/2154/2064 2073/2155/2073 2072/2156/2072
f 2078/1747/2078 2089/2157/2089 2088/2158/2088 2087/2159/2087 2086/2160/2086 2085/2161/2085 2084/2162/2084 2077/1745/2077 2071/2149/2071 2083/2163/2083 2082/2164/2082 2081/2165/2081 2080/2166/2080 2079/2167/2079
f 2078/1747/2078 2079/2168/2079 2094/2169/2094 2093/2170/2093 2092/2171/2092 2091/2172/2091 2090/1749/2090
f 2068/2173/2068 2069/20/2069 2090/1749/2090 2091/2174/2091 2096/2175/2096 2095/2176/2095
f 2051/2131/2051 2099/2177/2099 2098/2178/2098 2097/2179/2097 2050/2128/2050
f 2100/2180/2100 2104/2181/2104 2103/2182/2103 2099/2183/2099 2051/2131/2051 2054/2133/2054 2071/2149/2071 2072/2184/2072 2102/2185/2102 2101/2186/2101
f 2083/2187/2083 2071/2149/2071 2054/2133/2054 2056/2135/2056 2110/2188/2110 2109/2189/2109 2108/2190/2108 2107/2191/2107 2106/2192/2106 2105/2193/2105
f 2111/2194/2111 2110/2195/2110 2056/2135/2056 2059/2196/2059
f 2097/2197/2097 2112/2198/2112 2050/2199/2050
f 2112/2200/2112 2060/2201/2060 2058/2136/2058 2053/2202/2053 2050/2199/2050
f 2018/2141/2018 2017/2140/2017 2113/2203/2113
f 2120/2204/2120 2123/1679/2123 2122/1681/2122 2121/2205/2121
f 2124/1683/2124 2127/2206/2127 2126/2207/2126 2125/2208/2125 2121/2205/2121 2122/1681/2122
f 2130/2209/2130 2136/2210/2136 2135/2211/2135 2134/2212/2134 2133/2213/2133 2132/2214/2132 2120/2204/2120 2131/2215/2131
f 2137/2216/2137 2131/2217/2131 2120/2204/2120 2121/2205/2121 2138/2218/2138
f 2139/2219/2139 2153/2220/2153 2152/2221/2152 2151/2222/2151 2150/2223/2150 2149/2224/2149 2148/2225/2148 2147/2226/2147 2146/2227/2146 2145/2228/2145 2144/2229/2144 2143/2230/2143 2142/2231/2142 2141/2232/2141 2138/2218/2138 2121/2205/2121 2125/2233/2125 2140/2234/2140
f 2139/2235/2139 2157/2236/2157 2156/2237/2156 2155/2238/2155 2154/2239/2154 2153/1747/2153
f 2158/2240/2158 2160/2241/2160 2156/2242/2156 2157/2236/2157 2134/2243/2134 2135/2244/2135 2159/2245/2159
f 2161/2246/2161 2162/2247/2162 2128/1537/2128 2123/1679/2123 2120/2204/2120 2132/2248/2132
f 2163/2249/2163 2127/2250/2127 2124/1683/2124 2129/1685/2129
f 2162/2251/2162 2163/2252/2163 2129/1685/2129 2128/1546/2128
f 2170/2253/2170 2174/2254/2174 2173/2255/2173 2172/1747/2172 2171/2256/2171
f 2175/2257/2175 2177/1719/2177 2176/1737/2176 2171/2256/2171
f 2171/2256/2171 2176/1737/2176 2178/1723/2178 2170/2253/2170
f 2179/1724/2179 2181/2258/2181 2180/2259/2180 2170/2253/2170 2178/1723/2178
f 2183/2260/2183 2187/2261/2187 2186/2262/2186 2185/2263/2185 2184/2264/2184
f 2188/2265/2188 2195/2266/2195 2194/2267/2194 2193/2268/2193 2184/2269/2184 2185/2270/2185 2192/2271/2192 2175/2257/2175 2191/2272/2191 2190/2273/2190 2189/2274/2189
f 2196/2275/2196 2198/2276/2198 2191/2277/2191 2175/2257/2175 2171/2256/2171 2172/1747/2172 2197/2278/2197
f 2199/2279/2199 2203/2280/2203 2174/2281/2174 2170/2253/2170 2180/2282/2180 2202/2283/2202 2186/2284/2186 2187/2285/2187 2201/2286/2201 2200/2287/2200
f 2204/2288/2204 2181/2289/2181 2179/1716/2179 2182/1717/2182 2205/2290/2205
f 2175/2257/2175 2192/2291/2192 2207/2292/2207 2206/2293/2206 2205/2294/2205 2182/1717/2182 2177/1719/2177
f 2208/2222/2208 2210/2295/2210 2209/2224/2209 2150/2223/2150
f 2132/2214/2132 2133/2213/2133 2134/2212/2134 2211/2296/2211
f 2139/2219/2139 2140/2234/2140 2125/2233/2125 2212/2297/2212
f 2157/2236/2157 2139/2235/2139 2212/2297/2212 2213/2298/2213
f 2211/2299/2211 2134/2243/2134 2157/2236/2157 2213/2298/2213
f 2161/2246/2161 2132/2248/2132 2211/2296/2211 2162/2247/2162
f 2125/2208/2125 2126/2207/2126 2127/2206/2127 2212/2297/2212
f 2163/2249/2163 2213/2298/2213 2212/2297/2212 2127/2250/2127
f 2162/2251/2162 2211/2299/2211 2213/2298/2213 2163/2252/2163
f 2150/2300/2150 2216/2301/2216 2215/2302/2215 2214/2303/2214
f 2174/2304/2174 2173/2305/2173 2203/2306/2203
f 2223/1747/2223 2226/2307/2226 2225/2308/2225 2224/1749/2224
f 2227/2309/2227 2238/2310/2238 2237/2311/2237 2236/2312/2236 2235/2313/2235 2234/2314/2234 2233/2315/2233 2232/2316/2232 2231/2317/2231 2230/2318/2230 2229/2319/2229 2203/2306/2203 2173/2305/2173 2174/2304/2174 2203/2306/2203 2229/2319/2229 2228/2320/2228 2224/2321/2224 2225/2308/2225
f 2227/2322/2227 2241/341/2241 2240/2323/2240 2239/2324/2239
f 2239/2324/2239 2240/2323/2240 2243/2325/2243 2242/2326/2242
f 2242/2326/2242 2243/2325/2243 2244/2327/2244 2226/2307/2226
f 2226/2307/2226 2244/2327/2244 2245/2328/2245 2225/2308/2225
f 2225/2308/2225 2245/2328/2245 2241/350/2241 2227/2309/2227
f 2246/2329/2246 2238/2330/2238 2227/2322/2227 2239/2324/2239
f 2247/2331/2247 2252/2332/2252 2251/2333/2251 2250/2334/2250 2249/2335/2249 2246/2336/2246 2239/2324/2239 2242/2326/2242 2248/2337/2248
f 2150/2300/2150 2208/2303/2208 2255/2338/2255 2254/2339/2254 2253/2340/2253 2248/2337/2248 2242/2326/2242 2226/2307/2226 2223/1747/2223
f 2185/2263/2185 2186/2262/2186 2257/2341/2257 2256/2342/2256
f 2185/2270/2185 2256/2342/2256 2192/2271/2192
f 2257/2343/2257 2186/2284/2186 2202/2283/2202 2180/2282/2180
f 2256/2342/2256 2257/2341/2257 2181/2289/2181 2204/2288/2204 2205/2290/2205
f 2207/2292/2207 2192/2291/2192 2256/2342/2256 2205/2294/2205 2206/2293/2206
f 2257/2343/2257 2180/2259/2180 2181/2258/2181
f 2173/2255/2173 2174/2254/2174 2258/1749/2258
f 2258/1749/2258 2174/2281/2174 2203/2280/2203
f 2265/2344/2265 2272/2345/2272 2271/2346/2271 2270/2347/2270 2269/2348/2269 2268/2349/2268 2267/2350/2267 2266/2351/2266
f 2266/2351/2266 2204/2352/2204 2205/2353/2205 2206/2354/2206 2274/2355/2274 2273/2356/2273 2265/2344/2265
f 2278/2357/2278 2286/2358/2286 2285/2359/2285 2284/2360/2284 2272/2361/2272 2265/2362/2265 2283/2363/2283 2282/2364/2282 2281/2365/2281 2280/2366/2280 2279/2367/2279
f 2287/2368/2287 2290/2369/2290 2282/2364/2282 2283/2363/2283 2289/2370/2289 2288/2371/2288
f 2291/2372/2291 2297/2373/2297 2296/2374/2296 2295/2375/2295 2288/2376/2288 2289/2370/2289 2294/2377/2294 2293/2378/2293 2292/2379/2292
f 2298/2380/2298 2293/2381/2293 2294/2377/2294 2266/2351/2266 2267/1749/2267 2301/2382/2301 2300/2383/2300 2299/2384/2299
f 2283/2363/2283 2265/2362/2265 2273/2385/2273 2275/2386/2275 2126/2387/2126 2127/2388/2127 2163/2389/2163 2162/2390/2162 2161/2391/2161
f 2125/2392/2125 2126/2393/2126 2275/2386/2275 2276/2394/2276 2140/2395/2140
f 2132/2396/2132 2133/2397/2133 2289/2370/2289 2283/2363/2283 2161/2398/2161
f 2192/2399/2192 2185/2400/2185 2186/2401/2186 2202/2402/2202 2294/2377/2294 2289/2370/2289 2133/2403/2133 2134/2404/2134 2157/2405/2157 2139/2406/2139 2140/2407/2140 2276/2394/2276 2277/2408/2277 2207/2409/2207
f 2294/2377/2294 2202/2410/2202 2180/2411/2180 2181/2412/2181 2204/2413/2204 2266/2351/2266
f 2206/2414/2206 2207/2415/2207 2277/2408/2277 2274/2355/2274
f 2163/2389/2163 2127/2388/2127 2126/2387/2126 2161/2391/2161 2162/2390/2162
f 2125/2392/2125 2140/2395/2140 2133/2397/2133 2132/2396/2132 2161/2398/2161 2126/2393/2126
f 2139/2406/2139 2157/2405/2157 2134/2404/2134 2133/2403/2133 2140/2407/2140
f 2192/2399/2192 2207/2409/2207 2202/2402/2202 2186/2401/2186 2185/2400/2185
f 2207/2415/2207 2206/2414/2206 2204/2413/2204 2181/2412/2181 2180/2411/2180 2202/2410/2202
f 2206/2354/2206 2205/2353/2205 2204/2352/2204
f 2308/2416/2308 2311/2417/2311 2310/2418/2310 2309/2419/2309
f 2309/2419/2309 2310/2418/2310 2313/2420/2313 2312/2421/2312
f 2312/2421/2312 2313/2420/2313 2315/2422/2315 2314/2423/2314
f 2314/2423/2314 2315/2422/2315 2317/2424/2317 2316/2425/2316
f 2316/2425/2316 2317/2424/2317 2311/2426/2311 2308/2427/2308
f 2311/2417/2311 2319/2428/2319 2318/2429/2318 2310/2418/2310
f 2310/2418/2310 2318/2429/2318 2320/2430/2320 2313/2420/2313
f 2313/2420/2313 2320/2430/2320 2321/2431/2321 2315/2422/2315
f 2315/2422/2315 2321/2431/2321 2322/2432/2322 2317/2424/2317
f 2317/2424/2317 2322/2432/2322 2319/2433/2319 2311/2426/2311
f 2319/2428/2319 2324/2434/2324 2323/2435/2323 2318/2429/2318
f 2318/2429/2318 2323/2435/2323 2325/2436/2325 2320/2430/2320
f 2320/2430/2320 2325/2436/2325 2326/2437/2326 2321/2431/2321
f 2321/2431/2321 2326/2437/2326 2327/2438/2327 2322/2432/2322
f 2322/2432/2322 2327/2438/2327 2324/2439/2324 2319/2433/2319
f 2324/2434/2324 2329/443/2329 2328/1757/2328 2323/2435/2323
f 2323/2435/2323 2328/1757/2328 2330/1758/2330 2325/2436/2325
f 2325/2436/2325 2330/1758/2330 2331/1759/2331 2326/2437/2326
f 2326/2437/2326 2331/1759/2331 2332/1760/2332 2327/2438/2327
f 2327/2438/2327 2332/1760/2332 2329/452/2329 2324/2439/2324
f 2333/2440/2333 2336/2441/2336 2308/2416/2308 2309/2419/2309 2335/2442/2335 2334/2443/2334
f 2337/2444/2337 2341/2445/2341 2335/2446/2335 2309/2419/2309 2312/2421/2312 2340/2447/2340 2339/2448/2339 2338/2449/2338
f 2342/2450/2342 2346/2451/2346 2345/2452/2345 2344/2453/2344 2340/2454/2340 2312/2421/2312 2314/2423/2314 2343/2455/2343
f 2347/2456/2347 2350/2457/2350 2349/2458/2349 2343/2459/2343 2314/2423/2314 2316/2425/2316 2348/2460/2348
f 2351/2461/2351 2348/2462/2348 2316/2425/2316 2308/2427/2308 2336/2463/2336
f 2358/2464/2358 2361/2465/2361 2360/2466/2360 2359/2467/2359
f 2359/2467/2359 2360/2466/2360 2363/2468/2363 2362/2469/2362
f 2362/2469/2362 2363/2468/2363 2365/2470/2365 2364/2471/2364
f 2364/2471/2364 2365/2470/2365 2367/2472/2367 2366/2473/2366
f 2366/2473/2366 2367/2472/2367 2361/2474/2361 2358/2475/2358
f 2361/2465/2361 2369/2476/2369 2368/2477/2368 2360/2466/2360
f 2360/2466/2360 2368/2477/2368 2370/2478/2370 2363/2468/2363
f 2363/2468/2363 2370/2478/2370 2371/2479/2371 2365/2470/2365
f 2365/2470/2365 2371/2479/2371 2372/2480/2372 2367/2472/2367
f 2367/2472/2367 2372/2480/2372 2369/2481/2369 2361/2474/2361
f 2369/2476/2369 2374/2482/2374 2373/2483/2373 2368/2477/2368
f 2368/2477/2368 2373/2483/2373 2375/2484/2375 2370/2478/2370
f 2370/2478/2370 2375/2484/2375 2376/2485/2376 2371/2479/2371
f 2371/2479/2371 2376/2485/2376 2377/2486/2377 2372/2480/2372
f 2372/2480/2372 2377/2486/2377 2374/2487/2374 2369/2481/2369
f 2378/2488/2378 2383/2489/2383 2382/2490/2382 2381/2491/2381 2380/2492/2380 2358/2464/2358 2359/2467/2359 2379/2493/2379
f 2384/2494/2384 2379/2495/2379 2359/2467/2359 2362/2469/2362 2386/2496/2386 2385/2497/2385
f 2387/2498/2387 2386/2499/2386 2362/2469/2362 2364/2471/2364 2390/2500/2390 2389/2501/2389 2388/2502/2388
f 2366/2473/2366 2395/2503/2395 2394/2504/2394 2393/2505/2393 2392/2506/2392 2391/2507/2391 2390/2508/2390 2364/2471/2364
f 2358/2509/2358 2380/2510/2380 2396/2511/2396 2395/2512/2395 2366/2473/2366
f 2403/2513/2403 2406/2514/2406 2405/2515/2405 2404/2516/2404
f 2404/2516/2404 2405/2515/2405 2408/2517/2408 2407/2518/2407
f 2407/2518/2407 2408/2517/2408 2410/2519/2410 2409/2520/2409
f 2409/2520/2409 2410/2519/2410 2412/2521/2412 2411/2522/2411
f 2411/2522/2411 2412/2521/2412 2406/2523/2406 2403/2524/2403
f 2406/2514/2406 2414/2525/2414 2413/2526/2413 2405/2515/2405
f 2405/2515/2405 2413/2526/2413 2415/2527/2415 2408/2517/2408
f 2408/2517/2408 2415/2527/2415 2416/2528/2416 2410/2519/2410
f 2410/2519/2410 2416/2528/2416 2417/2529/2417 2412/2521/2412
f 2412/2521/2412 2417/2529/2417 2414/2530/2414 2406/2523/2406
f 2414/2525/2414 2419/873/2419 2418/2531/2418 2413/2526/2413
f 2413/2526/2413 2418/2531/2418 2420/2532/2420 2415/2527/2415
f 2415/2527/2415 2420/2532/2420 2421/2533/2421 2416/2528/2416
f 2416/2528/2416 2421/2533/2421 2422/2534/2422 2417/2529/2417
f 2417/2529/2417 2422/2534/2422 2419/882/2419 2414/2530/2414
f 2423/2535/2423 2424/2536/2424 2403/2513/2403 2404/2516/2404
f 2425/2537/2425 2430/2538/2430 2429/2539/2429 2423/2540/2423 2404/2516/2404 2407/2518/2407 2428/2541/2428 2427/2542/2427 2426/2543/2426
f 2431/2544/2431 2434/2545/2434 2433/2546/2433 2428/2547/2428 2407/2518/2407 2409/2520/2409 2432/2548/2432
f 2435/2549/2435 2438/2550/2438 2437/2551/2437 2432/2552/2432 2409/2520/2409 2411/2522/2411 2436/2553/2436
f 2439/2554/2439 2436/2555/2436 2411/2522/2411 2403/2524/2403 2424/2556/2424 2441/2557/2441 2440/2558/2440
f 2448/2559/2448 2451/2560/2451 2450/2561/2450 2449/2562/2449
f 2449/2562/2449 2450/2561/2450 2453/2563/2453 2452/2564/2452
f 2452/2564/2452 2453/2563/2453 2455/2565/2455 2454/2566/2454
f 2454/2566/2454 2455/2565/2455 2457/2567/2457 2456/2568/2456
f 2456/2568/2456 2457/2567/2457 2451/2569/2451 2448/2570/2448
f 2451/2560/2451 2459/2571/2459 2458/2572/2458 2450/2561/2450
f 2450/2561/2450 2458/2572/2458 2460/2573/2460 2453/2563/2453
f 2453/2563/2453 2460/2573/2460 2461/2574/2461 2455/2565/2455
f 2455/2565/2455 2461/2574/2461 2462/2575/2462 2457/2567/2457
f 2457/2567/2457 2462/2575/2462 2459/2576/2459 2451/2569/2451
f 2459/2571/2459 2464/2577/2464 2463/2578/2463 2458/2572/2458
f 2458/2572/2458 2463/2578/2463 2465/2579/2465 2460/2573/2460
f 2460/2573/2460 2465/2579/2465 2466/2580/2466 2461/2574/2461
f 2461/2574/2461 2466/2580/2466 2467/2581/2467 2462/2575/2462
f 2462/2575/2462 2467/2581/2467 2464/2582/2464 2459/2576/2459
f 2464/2577/2464 2469/2583/2469 2468/2584/2468 2463/2578/2463
f 2463/2578/2463 2468/2584/2468 2470/2585/2470 2465/2579/2465
f 2465/2579/2465 2470/2585/2470 2471/2586/2471 2466/2580/2466
f 2466/2580/2466 2471/2586/2471 2472/2587/2472 2467/2581/2467
f 2467/2581/2467 2472/2587/2472 2469/2588/2469 2464/2582/2464
f 2469/2583/2469 2474/2589/2474 2473/2590/2473 2468/2584/2468
f 2468/2584/2468 2473/2590/2473 2475/2591/2475 2470/2585/2470
f 2470/2585/2470 2475/2591/2475 2476/2592/2476 2471/2586/2471
f 2471/2586/2471 2476/2592/2476 2477/2593/2477 2472/2587/2472
f 2472/2587/2472 2477/2593/2477 2474/2594/2474 2469/2588/2469
f 2474/2589/2474 2479/2595/2479 2478/2596/2478 2473/2590/2473
f 2473/2590/2473 2478/2596/2478 2480/2597/2480 2475/2591/2475
f 2475/2591/2475 2480/2597/2480 2481/2598/2481 2476/2592/2476
f 2476/2592/2476 2481/2598/2481 2482/2599/2482 2477/2593/2477
f 2477/2593/2477 2482/2599/2482 2479/2600/2479 2474/2594/2474
f 2479/2595/2479 2484/2601/2484 2483/2602/2483 2478/2596/2478
f 2478/2596/2478 2483/2602/2483 2485/2603/2485 2480/2597/2480
f 2480/2597/2480 2485/2603/2485 2486/2604/2486 2481/2598/2481
f 2481/2598/2481 2486/2604/2486 2487/2605/2487 2482/2599/2482
f 2482/2599/2482 2487/2605/2487 2484/2606/2484 2479/2600/2479
f 2488/2607/2488 2492/2608/2492 2448/2559/2448 2449/2562/2449 2491/2609/2491 2490/2610/2490 2489/2611/2489
f 2493/2612/2493 2491/2613/2491 2449/2562/2449 2452/2564/2452 2494/2614/2494
f 2495/2615/2495 2498/2616/2498 2497/2617/2497 2494/2614/2494 2452/2564/2452 2454/2566/2454 2496/2618/2496
f 2499/2619/2499 2501/2620/2501 2496/2621/2496 2454/2566/2454 2456/2568/2456 2500/2622/2500
f 2492/2623/2492 2504/2624/2504 2503/2625/2503 2502/2626/2502 2500/2627/2500 2456/2568/2456 2448/2628/2448
f 2511/2629/2511 2514/2630/2514 2513/2631/2513 2512/2632/2512
f 2512/2632/2512 2513/2631/2513 2516/2633/2516 2515/2634/2515
f 2515/2634/2515 2516/2633/2516 2518/2635/2518 2517/2636/2517
f 2517/2636/2517 2518/2635/2518 2520/2637/2520 2519/2638/2519
f 2519/2638/2519 2520/2637/2520 2514/2639/2514 2511/2640/2511
f 2514/2630/2514 2522/2641/2522 2521/2642/2521 2513/2631/2513
f 2513/2631/2513 2521/2642/2521 2523/2643/2523 2516/2633/2516
f 2516/2633/2516 2523/2643/2523 2524/2644/2524 2518/2635/2518
f 2518/2635/2518 2524/2644/2524 2525/2645/2525 2520/2637/2520
f 2520/2637/2520 2525/2645/2525 2522/2646/2522 2514/2639/2514
f 2522/2641/2522 2527/2647/2527 2526/2648/2526 2521/2642/2521
f 2521/2642/2521 2526/2648/2526 2528/2649/2528 2523/2643/2523
f 2523/2643/2523 2528/2649/2528 2529/2650/2529 2524/2644/2524
f 2524/2644/2524 2529/2650/2529 2530/2651/2530 2525/2645/2525
f 2525/2645/2525 2530/2651/2530 2527/2652/2527 2522/2646/2522
f 2527/2647/2527 2532/2653/2532 2531/2654/2531 2526/2648/2526
f 2526/2648/2526 2531/2654/2531 2533/2655/2533 2528/2649/2528
f 2528/2649/2528 2533/2655/2533 2534/2656/2534 2529/2650/2529
f 2529/2650/2529 2534/2656/2534 2535/2657/2535 2530/2651/2530
f 2530/2651/2530 2535/2657/2535 2532/2658/2532 2527/2652/2527
f 2532/2653/2532 2537/2659/2537 2536/2660/2536 2531/2654/2531
f 2531/2654/2531 2536/2660/2536 2538/2661/2538 2533/2655/2533
f 2533/2655/2533 2538/2661/2538 2539/2662/2539 2534/2656/2534
f 2534/2656/2534 2539/2662/2539 2540/2663/2540 2535/2657/2535
f 2535/2657/2535 2540/2663/2540 2537/2664/2537 2532/2658/2532
f 2537/2659/2537 2542/2665/2542 2541/2666/2541 2536/2660/2536
f 2536/2660/2536 2541/2666/2541 2543/2667/2543 2538/2661/2538
f 2538/2661/2538 2543/2667/2543 2544/2668/2544 2539/2662/2539
f 2539/2662/2539 2544/2668/2544 2545/2669/2545 2540/2663/2540
f 2540/2663/2540 2545/2669/2545 2542/2670/2542 2537/2664/2537
f 2542/2665/2542 2547/2671/2547 2546/2672/2546 2541/2666/2541
f 2541/2666/2541 2546/2672/2546 2548/2673/2548 2543/2667/2543
f 2543/2667/2543 2548/2673/2548 2549/2674/2549 2544/2668/2544
f 2544/2668/2544 2549/2674/2549 2550/2675/2550 2545/2669/2545
f 2545/2669/2545 2550/2675/2550 2547/2676/2547 2542/2670/2542
f 2551/2677/2551 2553/2678/2553 2552/2679/2552 2511/2629/2511 2512/2632/2512
f 2554/2680/2554 2557/2681/2557 2556/2682/2556 2551/2677/2551 2512/2632/2512 2515/2634/2515 2555/2683/2555
f 2558/2684/2558 2561/2685/2561 2555/2686/2555 2515/2634/2515 2517/2636/2517 2560/2687/2560 2559/2688/2559
f 2519/2638/2519 2563/2689/2563 2562/2690/2562 2560/2691/2560 2517/2636/2517
f 2564/2692/2564 2567/2693/2567 2566/2694/2566 2565/2695/2565 2563/2696/2563 2519/2638/2519 2511/2697/2511 2552/2698/2552
f 2574/2699/2574 2577/2700/2577 2576/2701/2576 2575/2702/2575
f 2575/2702/2575 2576/2701/2576 2579/2703/2579 2578/2704/2578
f 2578/2704/2578 2579/2703/2579 2581/2705/2581 2580/2706/2580
f 2580/2706/2580 2581/2705/2581 2583/2707/2583 2582/2708/2582
f 2582/2708/2582 2583/2707/2583 2577/2709/2577 2574/2710/2574
f 2577/2700/2577 2585/2711/2585 2584/2712/2584 2576/2701/2576
f 2576/2701/2576 2584/2712/2584 2586/2713/2586 2579/2703/2579
f 2579/2703/2579 2586/2713/2586 2587/2714/2587 2581/2705/2581
f 2581/2705/2581 2587/2714/2587 2588/2715/2588 2583/2707/2583
f 2583/2707/2583 2588/2715/2588 2585/2716/2585 2577/2709/2577
f 2585/2711/2585 2590/2717/2590 2589/2718/2589 2584/2712/2584
f 2584/2712/2584 2589/2718/2589 2591/2719/2591 2586/2713/2586
f 2586/2713/2586 2591/2719/2591 2592/2720/2592 2587/2714/2587
f 2587/2714/2587 2592/2720/2592 2593/2721/2593 2588/2715/2588
f 2588/2715/2588 2593/2721/2593 2590/2722/2590 2585/2716/2585
f 2590/2717/2590 2595/2723/2595 2594/2724/2594 2589/2718/2589
f 2589/2718/2589 2594/2724/2594 2596/2725/2596 2591/2719/2591
f 2591/2719/2591 2596/2725/2596 2597/2726/2597 2592/2720/2592
f 2592/2720/2592 2597/2726/2597 2598/2727/2598 2593/2721/2593
f 2593/2721/2593 2598/2727/2598 2595/2728/2595 2590/2722/2590
f 2595/2723/2595 2600/2729/2600 2599/2730/2599 2594/2724/2594
f 2594/2724/2594 2599/2730/2599 2601/2731/2601 2596/2725/2596
f 2596/2725/2596 2601/2731/2601 2602/2732/2602 2597/2726/2597
f 2597/2726/2597 2602/2732/2602 2603/2733/2603 2598/2727/2598
f 2598/2727/2598 2603/2733/2603 2600/2734/2600 2595/2728/2595
f 2600/2729/2600 2605/2735/2605 2604/2736/2604 2599/2730/2599
f 2599/2730/2599 2604/2736/2604 2606/2737/2606 2601/2731/2601
f 2601/2731/2601 2606/2737/2606 2607/2738/2607 2602/2732/2602
f 2602/2732/2602 2607/2738/2607 2608/2739/2608 2603/2733/2603
f 2603/2733/2603 2608/2739/2608 2605/2740/2605 2600/2734/2600
f 2605/2735/2605 2610/2741/2610 2609/2742/2609 2604/2736/2604
f 2604/2736/2604 2609/2742/2609 2611/2743/2611 2606/2737/2606
f 2606/2737/2606 2611/2743/2611 2612/2744/2612 2607/2738/2607
f 2607/2738/2607 2612/2744/2612 2613/2745/2613 2608/2739/2608
f 2608/2739/2608 2613/2745/2613 2610/2746/2610 2605/2740/2605
f 2575/2702/2575 2618/2747/2618 2617/2748/2617 2616/2749/2616 2615/2750/2615 2614/2751/2614 2574/2699/2574
f 2619/2752/2619 2618/2753/2618 2575/2702/2575 2578/2704/2578
f 2620/2754/2620 2623/2755/2623 2622/2756/2622 2619/2757/2619 2578/2704/2578 2580/2706/2580 2621/2758/2621
f 2624/2759/2624 2629/2760/2629 2628/2761/2628 2627/2762/2627 2621/2763/2621 2580/2706/2580 2582/2708/2582 2626/2764/2626 2625/2765/2625
f 2614/2766/2614 2632/2767/2632 2631/2768/2631 2630/2769/2630 2626/2770/2626 2582/2708/2582 2574/2710/2574
f 2639/2771/2639 2642/2772/2642 2641/2773/2641 2640/2774/2640
f 2640/2774/2640 2641/2773/2641 2644/2775/2644 2643/2776/2643
f 2643/2776/2643 2644/2775/2644 2646/2777/2646 2645/2778/2645
f 2645/2778/2645 2646/2777/2646 2648/2779/2648 2647/2780/2647
f 2647/2780/2647 2648/2779/2648 2642/2781/2642 2639/2782/2639
f 2642/2772/2642 2650/2783/2650 2649/2784/2649 2641/2773/2641
f 2641/2773/2641 2649/2784/2649 2651/2785/2651 2644/2775/2644
f 2644/2775/2644 2651/2785/2651 2652/2786/2652 2646/2777/2646
f 2646/2777/2646 2652/2786/2652 2653/2787/2653 2648/2779/2648
f 2648/2779/2648 2653/2787/2653 2650/2788/2650 2642/2781/2642
f 2650/2783/2650 2655/2789/2655 2654/2790/2654 2649/2784/2649
f 2649/2784/2649 2654/2790/2654 2656/2791/2656 2651/2785/2651
f 2651/2785/2651 2656/2791/2656 2657/2792/2657 2652/2786/2652
f 2652/2786/2652 2657/2792/2657 2658/2793/2658 2653/2787/2653
f 2653/2787/2653 2658/2793/2658 2655/2794/2655 2650/2788/2650
f 2655/2789/2655 2660/2795/2660 2659/2796/2659 2654/2790/2654
f 2654/2790/2654 2659/2796/2659 2661/2797/2661 2656/2791/2656
f 2656/2791/2656 2661/2797/2661 2662/2798/2662 2657/2792/2657
f 2657/2792/2657 2662/2798/2662 2663/2799/2663 2658/2793/2658
f 2658/2793/2658 2663/2799/2663 2660/2800/2660 2655/2794/2655
f 2660/2795/2660 2665/697/2665 2664/2801/2664 2659/2796/2659
f 2659/2796/2659 2664/2801/2664 2666/2802/2666 2661/2797/2661
f 2661/2797/2661 2666/2802/2666 2667/2803/2667 2662/2798/2662
f 2662/2798/2662 2667/2803/2667 2668/2804/2668 2663/2799/2663
f 2663/2799/2663 2668/2804/2668 2665/706/2665 2660/2800/2660
f 2669/2805/2669 2673/2806/2673 2672/2807/2672 2639/2771/2639 2640/2774/2640 2671/2808/2671 2670/2809/2670
f 2674/2810/2674 2676/2811/2676 2675/2812/2675 2671/2813/2671 2640/2774/2640 2643/2776/2643
f 2677/2814/2677 2680/2815/2680 2679/2816/2679 2674/2810/2674 2643/2776/2643 2645/2778/2645 2678/2817/2678
f 2681/2818/2681 2678/2819/2678 2645/2778/2645 2647/2780/2647
f 2682/2820/2682 2681/2821/2681 2647/2780/2647 2639/2782/2639 2672/2822/2672 2683/2823/2683
f 2690/2824/2690 2697/2825/2697 2696/2826/2696 2695/2827/2695 2694/2828/2694 2693/2829/2693 2692/1/2692 2691/2830/2691
f 2691/2830/2691 2699/2831/2699 2698/2832/2698 2690/2824/2690
f 2690/2824/2690 2698/2832/2698 2701/2833/2701 2700/2834/2700
f 2700/2834/2700 2701/2833/2701 2703/2835/2703 2702/2836/2702
f 2702/2836/2702 2703/2835/2703 2705/2837/2705 2704/2838/2704
f 2704/2838/2704 2705/2837/2705 2699/2839/2699 2691/2840/2691
f 2699/2831/2699 2707/2841/2707 2706/2842/2706 2698/2832/2698
f 2698/2832/2698 2706/2842/2706 2708/2843/2708 2701/2833/2701
f 2701/2833/2701 2708/2843/2708 2709/2844/2709 2703/2835/2703
f 2703/2835/2703 2709/2844/2709 2710/2845/2710 2705/2837/2705
f 2705/2837/2705 2710/2845/2710 2707/2846/2707 2699/2839/2699
f 2707/2841/2707 2712/2482/2712 2711/2483/2711 2706/2842/2706
f 2706/2842/2706 2711/2483/2711 2713/2484/2713 2708/2843/2708
f 2708/2843/2708 2713/2484/2713 2714/2485/2714 2709/2844/2709
f 2709/2844/2709 2714/2485/2714 2715/2486/2715 2710/2845/2710
f 2710/2845/2710 2715/2486/2715 2712/2487/2712 2707/2846/2707
f 2716/2847/2716 2719/2848/2719 2718/2849/2718 2697/2850/2697 2690/2824/2690 2700/2834/2700 2717/2851/2717
f 2720/2852/2720 2717/2853/2717 2700/2834/2700 2702/2836/2702 2722/2854/2722 2721/2855/2721
f 2723/2856/2723 2727/2857/2727 2726/2858/2726 2722/2859/2722 2702/2836/2702 2704/2838/2704 2725/2860/2725 2724/2861/2724
f 2728/2862/2728 2725/2863/2725 2704/2838/2704 2691/2840/2691 2692/20/2692
f 2735/1/2735 2738/2864/2738 2737/2865/2737 2736/1743/2736
f 2738/2864/2738 2740/2866/2740 2739/2867/2739 2737/2865/2737
f 2737/2865/2737 2739/2867/2739 2742/2868/2742 2741/2869/2741
f 2741/2869/2741 2742/2868/2742 2744/2870/2744 2743/2871/2743
f 2743/2871/2743 2744/2870/2744 2746/2872/2746 2745/2873/2745
f 2745/2873/2745 2746/2872/2746 2740/2874/2740 2738/2875/2738
f 2740/2866/2740 2748/2876/2748 2747/2877/2747 2739/2867/2739
f 2739/2867/2739 2747/2877/2747 2749/2878/2749 2742/2868/2742
f 2742/2868/2742 2749/2878/2749 2750/2879/2750 2744/2870/2744
f 2744/2870/2744 2750/2879/2750 2751/2880/2751 2746/2872/2746
f 2746/2872/2746 2751/2880/2751 2748/2881/2748 2740/2874/2740
f 2748/2876/2748 2753/2882/2753 2752/2883/2752 2747/2877/2747
f 2747/2877/2747 2752/2883/2752 2754/2884/2754 2749/2878/2749
f 2749/2878/2749 2754/2884/2754 2755/2885/2755 2750/2879/2750
f 2750/2879/2750 2755/2885/2755 2756/2886/2756 2751/2880/2751
f 2751/2880/2751 2756/2886/2756 2753/2887/2753 2748/2881/2748
f 2753/2882/2753 2758/2888/2758 2757/2889/2757 2752/2883/2752
f 2752/2883/2752 2757/2889/2757 2759/2890/2759 2754/2884/2754
f 2754/2884/2754 2759/2890/2759 2760/2891/2760 2755/2885/2755
f 2755/2885/2755 2760/2891/2760 2761/2892/2761 2756/2886/2756
f 2756/2886/2756 2761/2892/2761 2758/2893/2758 2753/2887/2753
f 2762/2894/2762 2769/2895/2769 2768/2896/2768 2767/2897/2767 2766/2898/2766 2765/2899/2765 2736/1743/2736 2737/2865/2737 2741/2869/2741 2764/2900/2764 2763/2901/2763
f 2770/2902/2770 2778/2903/2778 2777/2904/2777 2764/2905/2764 2741/2869/2741 2743/2871/2743 2776/2906/2776 2775/2907/2775 2774/2908/2774 2773/2909/2773 2772/2910/2772 2771/2911/2771
f 2779/2912/2779 2784/2913/2784 2783/2914/2783 2782/2915/2782 2776/2916/2776 2743/2871/2743 2745/2873/2745 2781/2917/2781 2780/2918/2780
f 2785/2919/2785 2786/2920/2786 2781/2921/2781 2745/2873/2745 2738/2875/2738 2735/20/2735
f 2793/2922/2793 2796/2923/2796 2795/2924/2795 2794/2925/2794
f 2794/2925/2794 2795/2924/2795 2798/2926/2798 2797/2927/2797
f 2797/2927/2797 2798/2926/2798 2800/2928/2800 2799/2929/2799
f 2799/2929/2799 2800/2928/2800 2802/2930/2802 2801/2931/2801
f 2801/2931/2801 2802/2930/2802 2796/2932/2796 2793/2933/2793
f 2796/2923/2796 2804/2934/2804 2803/2935/2803 2795/2924/2795
f 2795/2924/2795 2803/2935/2803 2805/2936/2805 2798/2926/2798
f 2798/2926/2798 2805/2936/2805 2806/2937/2806 2800/2928/2800
f 2800/2928/2800 2806/2937/2806 2807/2938/2807 2802/2930/2802
f 2802/2930/2802 2807/2938/2807 2804/2939/2804 2796/2932/2796
f 2804/2934/2804 2809/2940/2809 2808/2941/2808 2803/2935/2803
f 2803/2935/2803 2808/2941/2808 2810/2942/2810 2805/2936/2805
f 2805/2936/2805 2810/2942/2810 2811/2943/2811 2806/2937/2806
f 2806/2937/2806 2811/2943/2811 2812/2944/2812 2807/2938/2807
f 2807/2938/2807 2812/2944/2812 2809/2945/2809 2804/2939/2804
f 2809/2940/2809 2814/983/2814 2813/1785/2813 2808/2941/2808
f 2808/2941/2808 2813/1785/2813 2815/1786/2815 2810/2942/2810
f 2810/2942/2810 2815/1786/2815 2816/1787/2816 2811/2943/2811
f 2811/2943/2811 2816/1787/2816 2817/1788/2817 2812/2944/2812
f 2812/2944/2812 2817/1788/2817 2814/992/2814 2809/2945/2809
f 2818/2946/2818 2822/2947/2822 2821/2948/2821 2793/2922/2793 2794/2925/2794 2820/2949/2820 2819/2950/2819
f 2823/2951/2823 2827/2952/2827 2826/2953/2826 2825/2954/2825 2824/2955/2824 2820/2956/2820 2794/2925/2794 2797/2927/2797
f 2828/2957/2828 2823/2958/2823 2797/2927/2797 2799/2929/2799 2831/2959/2831 2830/2960/2830 2829/2961/2829
f 2832/2962/2832 2835/2963/2835 2834/2964/2834 2831/2965/2831 2799/2929/2799 2801/2931/2801 2833/2966/2833
f 2836/2967/2836 2838/2968/2838 2833/2969/2833 2801/2931/2801 2793/2970/2793 2821/2971/2821 2837/2972/2837
f 2845/2973/2845 2848/2974/2848 2847/2975/2847 2846/2976/2846
f 2846/2976/2846 2847/2975/2847 2850/2977/2850 2849/2978/2849
f 2849/2978/2849 2850/2977/2850 2852/2979/2852 2851/2980/2851
f 2851/2980/2851 2852/2979/2852 2854/2981/2854 2853/2982/2853
f 2853/2982/2853 2854/2981/2854 2848/2983/2848 2845/2984/2845
f 2848/2974/2848 2856/253/2856 2855/2985/2855 2847/2975/2847
f 2847/2975/2847 2855/2985/2855 2857/2986/2857 2850/2977/2850
f 2850/2977/2850 2857/2986/2857 2858/2987/2858 2852/2979/2852
f 2852/2979/2852 2858/2987/2858 2859/2988/2859 2854/2981/2854
f 2854/2981/2854 2859/2988/2859 2856/262/2856 2848/2983/2848
f 2860/2989/2860 2863/2990/2863 2862/2991/2862 2845/2973/2845 2846/2976/2846 2861/2992/2861
f 2864/2993/2864 2861/2992/2861 2846/2976/2846 2849/2978/2849 2865/2994/2865
f 2866/2995/2866 2865/2996/2865 2849/2978/2849 2851/2980/2851 2869/2997/2869 2868/2998/2868 2867/2999/2867
f 2870/3000/2870 2871/3001/2871 2869/3002/2869 2851/2980/2851 2853/2982/2853
f 2862/3003/2862 2874/3004/2874 2873/3005/2873 2872/3006/2872 2870/3007/2870 2853/2982/2853 2845/3008/2845
f 2881/3009/2881 2884/3010/2884 2883/3011/2883 2882/3012/2882
f 2882/3012/2882 2883/3011/2883 2886/3013/2886 2885/3014/2885
f 2885/3014/2885 2886/3013/2886 2888/3015/2888 2887/3016/2887
f 2887/3016/2887 2888/3015/2888 2890/3017/2890 2889/3018/2889
f 2889/3018/2889 2890/3017/2890 2884/3019/2884 2881/3020/2881
f 2884/3010/2884 2892/3021/2892 2891/3022/2891 2883/3011/2883
f 2883/3011/2883 2891/3022/2891 2893/3023/2893 2886/3013/2886
f 2886/3013/2886 2893/3023/2893 2894/3024/2894 2888/3015/2888
f 2888/3015/2888 2894/3024/2894 2895/3025/2895 2890/3017/2890
f 2890/3017/2890 2895/3025/2895 2892/3026/2892 2884/3019/2884
f 2896/3027/2896 2899/3028/2899 2898/3029/2898 2881/3009/2881 2882/3012/2882 2897/3030/2897
f 2900/3031/2900 2902/3032/2902 2901/3033/2901 2897/3030/2897 2882/3012/2882 2885/3014/2885
f 2903/3034/2903 2900/3035/2900 2885/3014/2885 2887/3016/2887 2905/3036/2905 2904/3037/2904
f 2889/3018/2889 2908/3038/2908 2907/3039/2907 2906/3040/2906 2905/3041/2905 2887/3016/2887
f 2909/3042/2909 2912/3043/2912 2911/3044/2911 2908/3045/2908 2889/3018/2889 2881/3046/2881 2898/3047/2898 2910/3048/2910
f 2919/3049/2919 2922/1537/2922 2921/1679/2921 2920/3050/2920
f 2920/3050/2920 2921/1679/2921 2924/1681/2924 2923/3051/2923
f 2923/3051/2923 2924/1681/2924 2926/1683/2926 2925/3052/2925
f 2925/3052/2925 2926/1683/2926 2928/1685/2928 2927/3053/2927
f 2927/3053/2927 2928/1685/2928 2922/1546/2922 2919/3054/2919
f 2929/3055/2929 2933/3056/2933 2932/3057/2932 2919/3049/2919 2920/3050/2920 2931/3058/2931 2930/3059/2930
f 2934/3060/2934 2931/3061/2931 2920/3050/2920 2923/3051/2923 2937/3062/2937 2936/3063/2936 2935/3064/2935
f 2925/3052/2925 2939/3065/2939 2938/3066/2938 2937/3067/2937 2923/3051/2923
f 2940/3068/2940 2944/3069/2944 2943/3070/2943 2942/3071/2942 2939/3072/2939 2925/3052/2925 2927/3053/2927 2941/3073/2941
f 2945/3074/2945 2949/3075/2949 2948/3076/2948 2947/3077/2947 2941/3078/2941 2927/3053/2927 2919/3054/2919 2932/3079/2932 2946/3080/2946
f 2956/3081/2956 2959/3082/2959 2958/3083/2958 2957/3084/2957
f 2957/3084/2957 2958/3083/2958 2961/3085/2961 2960/3086/2960
f 2960/3086/2960 2961/3085/2961 2963/3087/2963 2962/3088/2962
f 2962/3088/2962 2963/3087/2963 2965/3089/2965 2964/3090/2964
f 2964/3090/2964 2965/3089/2965 2959/3091/2959 2956/3092/2956
f 2959/3082/2959 2967/2482/2967 2966/2483/2966 2958/3083/2958
f 2958/3083/2958 2966/2483/2966 2968/2484/2968 2961/3085/2961
f 2961/3085/2961 2968/2484/2968 2969/2485/2969 2963/3087/2963
f 2963/3087/2963 2969/2485/2969 2970/2486/2970 2965/3089/2965
f 2965/3089/2965 2970/2486/2970 2967/2487/2967 2959/3091/2959
f 2971/3093/2971 2972/3094/2972 2956/3081/2956 2957/3084/2957
f 2973/3095/2973 2976/3096/2976 2975/3097/2975 2971/3098/2971 2957/3084/2957 2960/3086/2960 2974/3099/2974
f 2977/3100/2977 2980/3101/2980 2979/3102/2979 2978/3103/2978 2974/3104/2974 2960/3086/2960 2962/3088/2962
f 2981/3105/2981 2983/3106/2983 2977/3100/2977 2962/3088/2962 2964/3090/2964 2982/3107/2982
f 2984/3108/2984 2982/3109/2982 2964/3090/2964 2956/3110/2956 2972/3111/2972 2987/3112/2987 2986/3113/2986 2985/3114/2985
f 2994/3115/2994 2997/3116/2997 2996/3117/2996 2995/3118/2995
f 2995/3118/2995 2996/3117/2996 2999/3119/2999 2998/3120/2998
f 2998/3120/2998 2999/3119/2999 3001/3121/3001 3000/3122/3000
f 3000/3122/3000 3001/3121/3001 3003/3123/3003 3002/3124/3002
f 3002/3124/3002 3003/3123/3003 2997/3125/2997 2994/3126/2994
f 2997/3116/2997 3005/983/3005 3004/1785/3004 2996/3117/2996
f 2996/3117/2996 3004/1785/3004 3006/1786/3006 2999/3119/2999
f 2999/3119/2999 3006/1786/3006 3007/1787/3007 3001/3121/3001
f 3001/3121/3001 3007/1787/3007 3008/1788/3008 3003/3123/3003
f 3003/3123/3003 3008/1788/3008 3005/992/3005 2997/3125/2997
f 2995/3118/2995 3010/3127/3010 3009/3128/3009 2994/3115/2994
f 3011/3129/3011 3014/3130/3014 3010/3131/3010 2995/3118/2995 2998/3120/2998 3013/3132/3013 3012/3133/3012
f 3015/3134/3015 3013/3135/3013 2998/3120/2998 3000/3122/3000 3017/3136/3017 3016/3137/3016
f 3018/3138/3018 3023/3139/3023 3022/3140/3022 3021/3141/3021 3020/3142/3020 3017/3143/3017 3000/3122/3000 3002/3124/3002 3019/3144/3019
f 3009/3145/3009 3027/3146/3027 3026/3147/3026 3025/3148/3025 3024/3149/3024 3019/3150/3019 3002/3124/3002 2994/3126/2994
f 3034/3151/3034 3037/3152/3037 3036/3153/3036 3035/3154/3035
f 3035/3154/3035 3036/3153/3036 3039/3155/3039 3038/3156/3038
f 3038/3156/3038 3039/3155/3039 3041/3157/3041 3040/3158/3040
f 3040/3158/3040 3041/3157/3041 3043/3159/3043 3042/3160/3042
f 3042/3160/3042 3043/3159/3043 3037/3161/3037 3034/3162/3034
f 3037/3152/3037 3045/1894/3045 3044/1895/3044 3036/3153/3036
f 3036/3153/3036 3044/1895/3044 3046/1896/3046 3039/3155/3039
f 3039/3155/3039 3046/1896/3046 3047/1897/3047 3041/3157/3041
f 3041/3157/3041 3047/1897/3047 3048/1898/3048 3043/3159/3043
f 3043/3159/3043 3048/1898/3048 3045/1899/3045 3037/3161/3037
f 3049/3163/3049 3052/3164/3052 3051/3165/3051 3034/3151/3034 3035/3154/3035 3050/3166/3050
f 3053/3167/3053 3055/3168/3055 3054/3169/3054 3050/3170/3050 3035/3154/3035 3038/3156/3038
f 3056/3171/3056 3058/3172/3058 3053/3167/3053 3038/3156/3038 3040/3158/3040 3057/3173/3057
f 3059/3174/3059 3061/3175/3061 3057/3176/3057 3040/3158/3040 3042/3160/3042 3060/3177/3060
f 3062/3178/3062 3065/3179/3065 3064/3180/3064 3060/3177/3060 3042/3160/3042 3034/3162/3034 3051/3181/3051 3063/3182/3063
f 3072/3183/3072 3087/3184/3087 3086/3185/3086 3085/3186/3085 3084/3187/3084 3083/3188/3083 3082/3189/3082 3081/3190/3081 3080/3191/3080 3079/3192/3079 3078/3193/3078 3077/3194/3077 3076/3195/3076 3075/1743/3075 3074/1/3074 3073/3196/3073
f 3088/1749/3088 3089/3197/3089 3073/3198/3073 3074/20/3074
f 3073/3196/3073 3091/3199/3091 3090/3200/3090 3072/3183/3072
f 3072/3183/3072 3090/3200/3090 3093/3201/3093 3092/3202/3092
f 3092/3202/3092 3093/3201/3093 3095/3203/3095 3094/3204/3094
f 3094/3204/3094 3095/3203/3095 3096/3205/3096 3089/3197/3089
f 3089/3197/3089 3096/3205/3096 3091/3206/3091 3073/3198/3073
f 3091/3199/3091 3098/3207/3098 3097/3208/3097 3090/3200/3090
f 3090/3200/3090 3097/3208/3097 3099/3209/3099 3093/3201/3093
f 3093/3201/3093 3099/3209/3099 3100/3210/3100 3095/3203/3095
f 3095/3203/3095 3100/3210/3100 3101/3211/3101 3096/3205/3096
f 3096/3205/3096 3101/3211/3101 3098/3212/3098 3091/3206/3091
f 3102/3213/3102 3104/3214/3104 3087/3215/3087 3072/3183/3072 3092/3202/3092 3103/3216/3103
f 3075/1743/3075 3076/3217/3076 3105/3218/3105
f 3106/3219/3106 3109/3220/3109 3108/3221/3108 3103/3216/3103 3092/3202/3092 3094/3204/3094 3107/3222/3107
f 3110/3223/3110 3112/3224/3112 3107/3225/3107 3094/3204/3094 3089/3197/3089 3088/1749/3088 3111/3226/3111
f 3119/3227/3119 3124/3228/3124 3123/3229/3123 3122/3230/3122 3121/1749/3121 3120/3231/3120
f 3119/3232/3119 3127/3233/3127 3126/3234/3126 3125/3235/3125
f 3125/3235/3125 3126/3234/3126 3129/3236/3129 3128/3237/3128
f 3128/3237/3128 3129/3236/3129 3131/3238/3131 3130/3239/3130
f 3130/3239/3130 3131/3238/3131 3132/3240/3132 3120/3231/3120
f 3120/3231/3120 3132/3240/3132 3127/3241/3127 3119/3227/3119
f 3127/3233/3127 3134/3242/3134 3133/3243/3133 3126/3234/3126
f 3126/3234/3126 3133/3243/3133 3135/3244/3135 3129/3236/3129
f 3129/3236/3129 3135/3244/3135 3136/3245/3136 3131/3238/3131
f 3131/3238/3131 3136/3245/3136 3137/3246/3137 3132/3240/3132
f 3132/3240/3132 3137/3246/3137 3134/3247/3134 3127/3241/3127
f 3134/3242/3134 3139/3248/3139 3138/3249/3138 3133/3243/3133
f 3133/3243/3133 3138/3249/3138 3140/3250/3140 3135/3244/3135
f 3135/3244/3135 3140/3250/3140 3141/3251/3141 3136/3245/3136
f 3136/3245/3136 3141/3251/3141 3142/3252/3142 3137/3246/3137
f 3137/3246/3137 3142/3252/3142 3139/3253/3139 3134/3247/3134
f 3139/3248/3139 3144/3254/3144 3143/3255/3143 3138/3249/3138
f 3138/3249/3138 3143/3255/3143 3145/3256/3145 3140/3250/3140
f 3140/3250/3140 3145/3256/3145 3146/3257/3146 3141/3251/3141
f 3141/3251/3141 3146/3257/3146 3147/3258/3147 3142/3252/3142
f 3142/3252/3142 3147/3258/3147 3144/3259/3144 3139/3253/3139
f 3148/3260/3148 3151/3261/3151 3124/3262/3124 3119/3232/3119 3125/3235/3125 3150/3263/3150 3149/3264/3149
f 3152/3265/3152 3150/3266/3150 3125/3235/3125 3128/3237/3128 3153/3267/3153
f 3154/3268/3154 3157/3269/3157 3156/3270/3156 3153/3271/3153 3128/3237/3128 3130/3239/3130 3155/3272/3155
f 3158/3273/3158 3160/3274/3160 3155/3275/3155 3130/3239/3130 3120/3231/3120 3121/1749/3121 3159/3276/3159
f 3167/3277/3167 3173/1747/3173 3172/3278/3172 3171/3279/3171 3170/3280/3170 3169/1745/3169 3168/3281/3168
f 3174/3282/3174 3177/3283/3177 3176/3284/3176 3175/3285/3175 3173/1747/3173 3167/3277/3167
f 3178/3286/3178 3181/3287/3181 3180/3288/3180 3179/3289/3179
f 3179/3289/3179 3180/3288/3180 3182/3290/3182 3168/3281/3168
f 3168/3281/3168 3182/3290/3182 3183/3291/3183 3167/3277/3167
f 3167/3277/3167 3183/3291/3183 3184/3292/3184 3174/3282/3174
f 3174/3282/3174 3184/3292/3184 3181/3293/3181 3178/3294/3178
f 3181/3287/3181 3186/3295/3186 3185/3296/3185 3180/3288/3180
f 3180/3288/3180 3185/3296/3185 3187/3297/3187 3182/3290/3182
f 3182/3290/3182 3187/3297/3187 3188/3298/3188 3183/3291/3183
f 3183/3291/3183 3188/3298/3188 3189/3299/3189 3184/3292/3184
f 3184/3292/3184 3189/3299/3189 3186/3300/3186 3181/3293/3181
f 3186/3295/3186 3191/3301/3191 3190/3302/3190 3185/3296/3185
f 3185/3296/3185 3190/3302/3190 3192/3303/3192 3187/3297/3187
f 3187/3297/3187 3192/3303/3192 3193/3304/3193 3188/3298/3188
f 3188/3298/3188 3193/3304/3193 3194/3305/3194 3189/3299/3189
f 3189/3299/3189 3194/3305/3194 3191/3306/3191 3186/3300/3186
f 3191/3301/3191 3196/3307/3196 3195/3308/3195 3190/3302/3190
f 3190/3302/3190 3195/3308/3195 3197/3309/3197 3192/3303/3192
f 3192/3303/3192 3197/3309/3197 3198/3310/3198 3193/3304/3193
f 3193/3304/3193 3198/3310/3198 3199/3311/3199 3194/3305/3194
f 3194/3305/3194 3199/3311/3199 3196/3312/3196 3191/3306/3191
f 3196/3307/3196 3201/3313/3201 3200/3314/3200 3195/3308/3195
f 3195/3308/3195 3200/3314/3200 3202/3315/3202 3197/3309/3197
f 3197/3309/3197 3202/3315/3202 3203/3316/3203 3198/3310/3198
f 3198/3310/3198 3203/3316/3203 3204/3317/3204 3199/3311/3199
f 3199/3311/3199 3204/3317/3204 3201/3318/3201 3196/3312/3196
f 3205/3319/3205 3207/3320/3207 3178/3286/3178 3179/3289/3179 3206/3321/3206
f 3168/3281/3168 3169/1745/3169 3212/3322/3212 3211/3323/3211 3210/3324/3210 3209/3325/3209 3208/3326/3208 3206/3327/3206 3179/3289/3179
f 3178/3294/3178 3207/3328/3207 3219/3329/3219 3218/3330/3218 3217/3331/3217 3216/3332/3216 3215/3333/3215 3214/3334/3214 3213/3335/3213 3177/3336/3177 3174/3282/3174
f 3226/3337/3226 3234/3338/3234 3233/3339/3233 3232/3340/3232 3231/3341/3231 3230/3342/3230 3229/3343/3229 3228/1/3228 3227/3344/3227
f 3235/1747/3235 3238/3345/3238 3237/3346/3237 3236/1749/3236
f 3236/1749/3236 3237/3346/3237 3227/3347/3227 3228/20/3228
f 3227/3344/3227 3240/3348/3240 3239/3349/3239 3226/3337/3226
f 3226/3337/3226 3239/3349/3239 3242/3350/3242 3241/3351/3241
f 3241/3351/3241 3242/3350/3242 3243/3352/3243 3238/3345/3238
f 3238/3345/3238 3243/3352/3243 3244/3353/3244 3237/3346/3237
f 3237/3346/3237 3244/3353/3244 3240/3354/3240 3227/3347/3227
f 3240/3348/3240 3246/341/3246 3245/2323/3245 3239/3349/3239
f 3239/3349/3239 3245/2323/3245 3247/2325/3247 3242/3350/3242
f 3242/3350/3242 3247/2325/3247 3248/2327/3248 3243/3352/3243
f 3243/3352/3243 3248/2327/3248 3249/2328/3249 3244/3353/3244
f 3244/3353/3244 3249/2328/3249 3246/350/3246 3240/3354/3240
f 3250/3355/3250 3251/3356/3251 3234/3357/3234 3226/3337/3226 3241/3351/3241
f 3235/1747/3235 3260/3358/3260 3259/3359/3259 3258/3360/3258 3257/3361/3257 3256/3362/3256 3255/3363/3255 3254/3364/3254 3253/3365/3253 3252/3366/3252 3250/3367/3250 3241/3351/3241 3238/3345/3238
f 3267/3368/3267 3273/3369/3273 3272/3370/3272 3271/3371/3271 3270/3372/3270 3269/1/3269 3268/3373/3268
f 3274/1747/3274 3277/3374/3277 3276/3375/3276 3275/1749/3275
f 3275/1749/3275 3276/3375/3276 3268/3376/3268 3269/20/3269
f 3268/3373/3268 3279/3377/3279 3278/3378/3278 3267/3368/3267
f 3267/3368/3267 3278/3378/3278 3281/3379/3281 3280/3380/3280
f 3280/3380/3280 3281/3379/3281 3282/3381/3282 3277/3374/3277
f 3277/3374/3277 3282/3381/3282 3283/3382/3283 3276/3375/3276
f 3276/3375/3276 3283/3382/3283 3279/3383/3279 3268/3376/3268
f 3279/3377/3279 3285/3021/3285 3284/3022/3284 3278/3378/3278
f 3278/3378/3278 3284/3022/3284 3286/3023/3286 3281/3379/3281
f 3281/3379/3281 3286/3023/3286 3287/3024/3287 3282/3381/3282
f 3282/3381/3282 3287/3024/3287 3288/3025/3288 3283/3382/3283
f 3283/3382/3283 3288/3025/3288 3285/3026/3285 3279/3383/3279
f 3289/3384/3289 3291/3385/3291 3273/3386/3273 3267/3368/3267 3280/3380/3280 3290/3387/3290
f 3274/1747/3274 3295/3388/3295 3294/3389/3294 3293/3390/3293 3292/3391/3292 3290/3392/3290 3280/3380/3280 3277/3374/3277
f 3302/1745/3302 3305/3393/3305 3304/3394/3304 3303/1747/3303
f 3306/3395/3306 3309/3021/3309 3308/3022/3308 3307/3396/3307
f 3307/3396/3307 3308/3022/3308 3310/3023/3310 3305/3393/3305
f 3305/3393/3305 3310/3023/3310 3311/3024/3311 3304/3394/3304
f 3304/3394/3304 3311/3024/3311 3313/3025/3313 3312/3397/3312
f 3312/3397/3312 3313/3025/3313 3309/3026/3309 3306/3398/3306
f 3314/3399/3314 3317/3400/3317 3306/3395/3306 3307/3396/3307 3316/3401/3316 3315/3402/3315
f 3318/3403/3318 3320/3404/3320 3316/3405/3316 3307/3396/3307 3305/3393/3305 3302/1745/3302 3319/3406/3319
f 3321/3407/3321 3303/1747/3303 3304/3394/3304 3312/3397/3312 3327/3408/3327 3326/3409/3326 3325/3410/3325 3324/3411/3324 3323/3412/3323 3322/3413/3322
f 3328/3414/3328 3327/3415/3327 3312/3397/3312 3306/3416/3306 3317/3417/3317
f 3335/3418/3335 3343/3419/3343 3342/3420/3342 3341/3421/3341 3340/3422/3340 3339/3423/3339 3338/3424/3338 3337/3425/3337 3336/3426/3336
f 3335/3427/3335 3346/3428/3346 3345/3429/3345 3344/3430/3344
f 3344/3430/3344 3345/3429/3345 3348/3431/3348 3347/3432/3347
f 3347/3432/3347 3348/3431/3348 3350/3433/3350 3349/3434/3349
f 3349/3434/3349 3350/3433/3350 3351/3435/3351 3336/3426/3336
f 3336/3426/3336 3351/3435/3351 3346/3436/3346 3335/3418/3335
f 3346/3428/3346 3353/3437/3353 3352/3438/3352 3345/3429/3345
f 3345/3429/3345 3352/3438/3352 3354/3439/3354 3348/3431/3348
f 3348/3431/3348 3354/3439/3354 3355/3440/3355 3350/3433/3350
f 3350/3433/3350 3355/3440/3355 3356/3441/3356 3351/3435/3351
f 3351/3435/3351 3356/3441/3356 3353/3442/3353 3346/3436/3346
f 3353/3437/3353 3358/3443/3358 3357/3444/3357 3352/3438/3352
f 3352/3438/3352 3357/3444/3357 3359/3445/3359 3354/3439/3354
f 3354/3439/3354 3359/3445/3359 3360/3446/3360 3355/3440/3355
f 3355/3440/3355 3360/3446/3360 3361/3447/3361 3356/3441/3356
f 3356/3441/3356 3361/3447/3361 3358/3448/3358 3353/3442/3353
f 3358/3443/3358 3363/3449/3363 3362/3450/3362 3357/3444/3357
f 3357/3444/3357 3362/3450/3362 3364/3451/3364 3359/3445/3359
f 3359/3445/3359 3364/3451/3364 3365/3452/3365 3360/3446/3360
f 3360/3446/3360 3365/3452/3365 3366/3453/3366 3361/3447/3361
f 3361/3447/3361 3366/3453/3366 3363/3454/3363 3358/3448/3358
f 3363/3449/3363 3368/3455/3368 3367/3456/3367 3362/3450/3362
f 3362/3450/3362 3367/3456/3367 3369/3457/3369 3364/3451/3364
f 3364/3451/3364 3369/3457/3369 3370/3458/3370 3365/3452/3365
f 3365/3452/3365 3370/3458/3370 3371/3459/3371 3366/3453/3366
f 3366/3453/3366 3371/3459/3371 3368/3460/3368 3363/3454/3363
f 3368/3455/3368 3373/3461/3373 3372/3462/3372 3367/3456/3367
f 3367/3456/3367 3372/3462/3372 3374/3463/3374 3369/3457/3369
f 3369/3457/3369 3374/3463/3374 3375/3464/3375 3370/3458/3370
f 3370/3458/3370 3375/3464/3375 3376/3465/3376 3371/3459/3371
f 3371/3459/3371 3376/3465/3376 3373/3466/3373 3368/3460/3368
f 3377/3467/3377 3343/3468/3343 3335/3427/3335 3344/3430/3344 3379/3469/3379 3378/3470/3378
f 3380/3471/3380 3381/3472/3381 3379/3473/3379 3344/3430/3344 3347/3432/3347
f 3382/3474/3382 3384/3475/3384 3383/3476/3383 3380/3477/3380 3347/3432/3347 3349/3434/3349
f 3385/3478/3385 3390/3479/3390 3389/3480/3389 3388/3481/3388 3387/3482/3387 3386/3483/3386 3382/3484/3382 3349/3434/3349 3336/3426/3336 3337/3425/3337
f 3397/3485/3397 3406/3486/3406 3405/3487/3405 3404/3488/3404 3403/3489/3403 3402/3490/3402 3401/3491/3401 3400/3492/3400 3399/1743/3399 3398/3493/3398
f 3407/3494/3407 3409/3495/3409 3408/3496/3408 3398/3493/3398
f 3398/3493/3398 3408/3496/3408 3410/3497/3410 3397/3485/3397
f 3397/3485/3397 3410/3497/3410 3412/3498/3412 3411/3499/3411
f 3411/3499/3411 3412/3498/3412 3414/3500/3414 3413/3501/3413
f 3413/3501/3413 3414/3500/3414 3409/3502/3409 3407/3503/3407
f 3409/3495/3409 3416/3504/3416 3415/3505/3415 3408/3496/3408
f 3408/3496/3408 3415/3505/3415 3417/3506/3417 3410/3497/3410
f 3410/3497/3410 3417/3506/3417 3418/3507/3418 3412/3498/3412
f 3412/3498/3412 3418/3507/3418 3419/3508/3419 3414/3500/3414
f 3414/3500/3414 3419/3508/3419 3416/3509/3416 3409/3502/3409
f 3416/3504/3416 3421/3510/3421 3420/3511/3420 3415/3505/3415
f 3415/3505/3415 3420/3511/3420 3422/3512/3422 3417/3506/3417
f 3417/3506/3417 3422/3512/3422 3423/3513/3423 3418/3507/3418
f 3418/3507/3418 3423/3513/3423 3424/3514/3424 3419/3508/3419
f 3419/3508/3419 3424/3514/3424 3421/3515/3421 3416/3509/3416
f 3421/3510/3421 3426/3516/3426 3425/3517/3425 3420/3511/3420
f 3420/3511/3420 3425/3517/3425 3427/3518/3427 3422/3512/3422
f 3422/3512/3422 3427/3518/3427 3428/3519/3428 3423/3513/3423
f 3423/3513/3423 3428/3519/3428 3429/3520/3429 3424/3514/3424
f 3424/3514/3424 3429/3520/3429 3426/3521/3426 3421/3515/3421
f 3426/3516/3426 3431/3522/3431 3430/3523/3430 3425/3517/3425
f 3425/3517/3425 3430/3523/3430 3432/3524/3432 3427/3518/3427
f 3427/3518/3427 3432/3524/3432 3433/3525/3433 3428/3519/3428
f 3428/3519/3428 3433/3525/3433 3434/3526/3434 3429/3520/3429
f 3429/3520/3429 3434/3526/3434 3431/3527/3431 3426/3521/3426
f 3435/3528/3435 3438/3529/3438 3437/3530/3437 3436/3531/3436 3407/3494/3407 3398/3493/3398 3399/3532/3399
f 3439/3533/3439 3441/3534/3441 3406/3535/3406 3397/3485/3397 3411/3499/3411 3440/3536/3440
f 3442/3537/3442 3440/3538/3440 3411/3499/3411 3413/3501/3413 3443/3539/3443
f 3444/3540/3444 3443/3541/3443 3413/3501/3413 3407/3503/3407 3436/3542/3436 3445/3543/3445
f 3452/3544/3452 3457/3545/3457 3456/3546/3456 3455/3547/3455 3454/1743/3454 3453/3548/3453
f 3458/3549/3458 3460/3550/3460 3459/3551/3459 3453/3548/3453
f 3453/3548/3453 3459/3551/3459 3461/3552/3461 3452/3544/3452
f 3452/3544/3452 3461/3552/3461 3463/3553/3463 3462/3554/3462
f 3462/3554/3462 3463/3553/3463 3465/3555/3465 3464/3556/3464
f 3464/3556/3464 3465/3555/3465 3460/3557/3460 3458/3558/3458
f 3460/3550/3460 3467/3559/3467 3466/3560/3466 3459/3551/3459
f 3459/3551/3459 3466/3560/3466 3468/3561/3468 3461/3552/3461
f 3461/3552/3461 3468/3561/3468 3469/3562/3469 3463/3553/3463
f 3463/3553/3463 3469/3562/3469 3470/3563/3470 3465/3555/3465
f 3465/3555/3465 3470/3563/3470 3467/3564/3467 3460/3557/3460
f 3467/3559/3467 3472/3565/3472 3471/3566/3471 3466/3560/3466
f 3466/3560/3466 3471/3566/3471 3473/3567/3473 3468/3561/3468
f 3468/3561/3468 3473/3567/3473 3474/3568/3474 3469/3562/3469
f 3469/3562/3469 3474/3568/3474 3475/3569/3475 3470/3563/3470
f 3470/3563/3470 3475/3569/3475 3472/3570/3472 3467/3564/3467
f 3472/3565/3472 3477/3571/3477 3476/3572/3476 3471/3566/3471
f 3471/3566/3471 3476/3572/3476 3478/3573/3478 3473/3567/3473
f 3473/3567/3473 3478/3573/3478 3479/3574/3479 3474/3568/3474
f 3474/3568/3474 3479/3574/3479 3480/3575/3480 3475/3569/3475
f 3475/3569/3475 3480/3575/3480 3477/3576/3477 3472/3570/3472
f 3481/3577/3481 3485/3578/3485 3484/3579/3484 3483/3580/3483 3482/3581/3482 3458/3549/3458 3453/3548/3453 3454/1743/3454
f 3462/3554/3462 3490/3582/3490 3489/3583/3489 3488/3584/3488 3487/3585/3487 3486/3586/3486 3457/3587/3457 3452/3544/3452
f 3491/3588/3491 3494/3589/3494 3490/3590/3490 3462/3554/3462 3464/3556/3464 3493/3591/3493 3492/3592/3492
f 3495/3593/3495 3496/3594/3496 3493/3595/3493 3464/3556/3464 3458/3558/3458 3482/3596/3482
f 3503/1747/3503 3506/3597/3506 3505/3598/3505 3504/1749/3504
f 3507/3599/3507 3514/3600/3514 3513/3601/3513 3512/3602/3512 3511/3603/3511 3510/3604/3510 3509/3605/3509 3508/20/3508 3504/1749/3504 3505/3598/3505
f 3507/3606/3507 3517/3607/3517 3516/3608/3516 3515/3609/3515
f 3515/3609/3515 3516/3608/3516 3519/3610/3519 3518/3611/3518
f 3518/3611/3518 3519/3610/3519 3520/3612/3520 3506/3597/3506
f 3506/3597/3506 3520/3612/3520 3521/3613/3521 3505/3598/3505
f 3505/3598/3505 3521/3613/3521 3517/3614/3517 3507/3599/3507
f 3517/3607/3517 3523/3615/3523 3522/3616/3522 3516/3608/3516
f 3516/3608/3516 3522/3616/3522 3524/3617/3524 3519/3610/3519
f 3519/3610/3519 3524/3617/3524 3525/3618/3525 3520/3612/3520
f 3520/3612/3520 3525/3618/3525 3526/3619/3526 3521/3613/3521
f 3521/3613/3521 3526/3619/3526 3523/3620/3523 3517/3614/3517
f 3523/3615/3523 3528/3621/3528 3527/3622/3527 3522/3616/3522
f 3522/3616/3522 3527/3622/3527 3529/3623/3529 3524/3617/3524
f 3524/3617/3524 3529/3623/3529 3530/3624/3530 3525/3618/3525
f 3525/3618/3525 3530/3624/3530 3531/3625/3531 3526/3619/3526
f 3526/3619/3526 3531/3625/3531 3528/3626/3528 3523/3620/3523
f 3528/3621/3528 3533/3627/3533 3532/3628/3532 3527/3622/3527
f 3527/3622/3527 3532/3628/3532 3534/3629/3534 3529/3623/3529
f 3529/3623/3529 3534/3629/3534 3535/3630/3535 3530/3624/3530
f 3530/3624/3530 3535/3630/3535 3536/3631/3536 3531/3625/3531
f 3531/3625/3531 3536/3631/3536 3533/3632/3533 3528/3626/3528
f 3533/3627/3533 3538/3633/3538 3537/3634/3537 3532/3628/3532
f 3532/3628/3532 3537/3634/3537 3539/3635/3539 3534/3629/3534
f 3534/3629/3534 3539/3635/3539 3540/3636/3540 3535/3630/3535
f 3535/3630/3535 3540/3636/3540 3541/3637/3541 3536/3631/3536
f 3536/3631/3536 3541/3637/3541 3538/3638/3538 3533/3632/3533
f 3538/3633/3538 3543/3639/3543 3542/3640/3542 3537/3634/3537
f 3537/3634/3537 3542/3640/3542 3544/3641/3544 3539/3635/3539
f 3539/3635/3539 3544/3641/3544 3545/3642/3545 3540/3636/3540
f 3540/3636/3540 3545/3642/3545 3546/3643/3546 3541/3637/3541
f 3541/3637/3541 3546/3643/3546 3543/3644/3543 3538/3638/3538
f 3543/3639/3543 3548/3645/3548 3547/3646/3547 3542/3640/3542
f 3542/3640/3542 3547/3646/3547 3549/3647/3549 3544/3641/3544
f 3544/3641/3544 3549/3647/3549 3550/3648/3550 3545/3642/3545
f 3545/3642/3545 3550/3648/3550 3551/3649/3551 3546/3643/3546
f 3546/3643/3546 3551/3649/3551 3548/3650/3548 3543/3644/3543
f 3552/3651/3552 3553/3652/3553 3508/1/3508 3509/3653/3509
f 3515/3609/3515 3558/3654/3558 3557/3655/3557 3556/3656/3556 3555/3657/3555 3554/3658/3554 3514/3659/3514 3507/3606/3507
f 3559/3660/3559 3561/3661/3561 3558/3662/3558 3515/3609/3515 3518/3611/3518 3560/3663/3560
f 3506/3597/3506 3503/1747/3503 3564/3664/3564 3563/3665/3563 3562/3666/3562 3560/3667/3560 3518/3611/3518
f 3571/1/3571 3574/3668/3574 3573/3669/3573 3572/1743/3572
f 3574/3670/3574 3571/20/3571 3579/3671/3579 3578/3672/3578 3577/3673/3577 3576/1749/3576 3575/3674/3575
f 3574/3668/3574 3581/3675/3581 3580/3676/3580 3573/3669/3573
f 3573/3669/3573 3580/3676/3580 3583/3677/3583 3582/3678/3582
f 3582/3678/3582 3583/3677/3583 3585/3679/3585 3584/3680/3584
f 3584/3680/3584 3585/3679/3585 3586/3681/3586 3575/3674/3575
f 3575/3674/3575 3586/3681/3586 3581/3682/3581 3574/3670/3574
f 3581/3675/3581 3588/3683/3588 3587/3684/3587 3580/3676/3580
f 3580/3676/3580 3587/3684/3587 3589/3685/3589 3583/3677/3583
f 3583/3677/3583 3589/3685/3589 3590/3686/3590 3585/3679/3585
f 3585/3679/3585 3590/3686/3590 3591/3687/3591 3586/3681/3586
f 3586/3681/3586 3591/3687/3591 3588/3688/3588 3581/3682/3581
f 3588/3683/3588 3593/3689/3593 3592/3690/3592 3587/3684/3587
f 3587/3684/3587 3592/3690/3592 3594/3691/3594 3589/3685/3589
f 3589/3685/3589 3594/3691/3594 3595/3692/3595 3590/3686/3590
f 3590/3686/3590 3595/3692/3595 3596/3693/3596 3591/3687/3591
f 3591/3687/3591 3596/3693/3596 3593/3694/3593 3588/3688/3588
f 3593/3689/3593 3598/3522/3598 3597/3523/3597 3592/3690/3592
f 3592/3690/3592 3597/3523/3597 3599/3524/3599 3594/3691/3594
f 3594/3691/3594 3599/3524/3599 3600/3525/3600 3595/3692/3595
f 3595/3692/3595 3600/3525/3600 3601/3526/3601 3596/3693/3596
f 3596/3693/3596 3601/3526/3601 3598/3527/3598 3593/3694/3593
f 3582/3678/3582 3610/3695/3610 3609/3696/3609 3608/3697/3608 3607/3698/3607 3606/3699/3606 3605/3700/3605 3604/3701/3604 3603/3702/3603 3602/3703/3602 3572/1743/3572 3573/3669/3573
f 3584/3680/3584 3614/3704/3614 3613/3705/3613 3612/3706/3612 3611/3707/3611 3610/3708/3610 3582/3678/3582
f 3575/3674/3575 3576/1749/3576 3618/3709/3618 3617/3710/3617 3616/3711/3616 3615/3712/3615 3614/3713/3614 3584/3680/3584
f 3625/3714/3625 3637/3715/3637 3636/3716/3636 3635/3717/3635 3634/3718/3634 3633/3719/3633 3632/3720/3632 3631/3721/3631 3630/3722/3630 3629/3723/3629 3628/3724/3628 3627/3725/3627 3626/3726/3626
f 3625/3727/3625 3640/3728/3640 3639/3729/3639 3638/3730/3638
f 3638/3730/3638 3639/3729/3639 3642/3731/3642 3641/3732/3641
f 3641/3732/3641 3642/3731/3642 3644/3733/3644 3643/3734/3643
f 3643/3734/3643 3644/3733/3644 3645/3735/3645 3626/3726/3626
f 3626/3726/3626 3645/3735/3645 3640/3736/3640 3625/3714/3625
f 3640/3728/3640 3647/1537/3647 3646/1679/3646 3639/3729/3639
f 3639/3729/3639 3646/1679/3646 3648/1681/3648 3642/3731/3642
f 3642/3731/3642 3648/1681/3648 3649/1683/3649 3644/3733/3644
f 3644/3733/3644 3649/1683/3649 3650/1685/3650 3645/3735/3645
f 3645/3735/3645 3650/1685/3650 3647/1546/3647 3640/3736/3640
f 3651/3737/3651 3656/3738/3656 3655/3739/3655 3654/3740/3654 3637/3741/3637 3625/3727/3625 3638/3730/3638 3653/3742/3653 3652/3743/3652
f 3657/3744/3657 3658/3745/3658 3653/3746/3653 3638/3730/3638 3641/3732/3641
f 3643/3734/3643 3663/3747/3663 3662/3748/3662 3661/3749/3661 3660/3750/3660 3659/3751/3659 3657/3744/3657 3641/3732/3641
f 3627/1749/3627 3667/3752/3667 3666/3753/3666 3665/3754/3665 3664/3755/3664 3663/3756/3663 3643/3734/3643 3626/3726/3626
f 3674/3578/3674 3670/3577/3670 3671/1/3671 3677/3581/3677 3676/3580/3676 3675/3579/3675
f 3678/3545/3678 3668/1745/3668 3669/3547/3669 3679/3546/3679
f 3668/1745/3668 3678/3587/3678 3684/3586/3684 3683/3585/3683 3682/3584/3682 3681/3583/3681 3680/3582/3680 3673/1747/3673
f 3685/3592/3685 3688/3591/3688 3672/1749/3672 3673/1747/3673 3680/3590/3680 3687/3589/3687 3686/3588/3686
f 3689/3593/3689 3677/3596/3677 3671/3757/3671 3672/3758/3672 3688/3595/3688 3690/3594/3690
f 3691/3759/3691 3693/3760/3693 3692/3761/3692
f 3694/3762/3694 3705/3763/3705 3692/3764/3692 3693/3765/3693 3704/3766/3704 3703/3767/3703 3702/3768/3702 3701/3769/3701 3700/3770/3700 3699/3771/3699 3698/3772/3698 3697/3773/3697 3696/3774/3696 3695/3775/3695
f 3706/3776/3706 3716/3777/3716 3715/3778/3715 3699/3779/3699 3700/3780/3700 3714/3781/3714 3713/3782/3713 3712/3783/3712 3711/3784/3711 3710/3785/3710 3709/3786/3709 3708/3787/3708 3707/3788/3707
f 3709/3789/3709 3710/3785/3710 3720/3790/3720 3719/3791/3719 3718/3792/3718 3717/3793/3717
f 3721/1/3721 3724/3794/3724 3723/3795/3723 3722/1743/3722
f 3722/1743/3722 3723/3795/3723 3726/3796/3726 3725/1745/3725
f 3727/3797/3727 3736/3798/3736 3735/3799/3735 3734/3800/3734 3733/3801/3733 3732/3802/3732 3731/3803/3731 3730/3804/3730 3729/3805/3729 3728/1747/3728 3725/1745/3725 3726/3796/3726
f 3729/3806/3729 3738/3807/3738 3728/1747/3728
f 3739/3808/3739 3736/3809/3736 3727/3797/3727 3743/3810/3743 3742/3811/3742 3741/3812/3741 3740/3813/3740
f 3724/3814/3724 3721/20/3721 3737/3815/3737 3753/3816/3753 3752/3817/3752 3751/3818/3751 3750/3819/3750 3749/3820/3749 3748/3821/3748 3747/3822/3747 3746/3823/3746 3745/3824/3745 3744/3825/3744 3742/3811/3742 3743/3810/3743
f 3754/3826/3754 3723/3795/3723 3724/3794/3724 3757/3827/3757 3756/3828/3756 3755/3829/3755
f 3754/3830/3754 3759/3831/3759 3758/3832/3758 3726/3796/3726 3723/3795/3723
f 3760/3833/3760 3761/3834/3761 3727/3797/3727 3726/3796/3726 3758/3835/3758
f 3762/3836/3762 3743/3810/3743 3727/3797/3727 3761/3837/3761
f 3724/3814/3724 3743/3810/3743 3762/3838/3762 3757/3839/3757
f 3763/1727/3763 3768/1726/3768 3767/3826/3767 3766/3829/3766 3765/3828/3765 3764/3827/3764
f 3769/3832/3769 3772/3831/3772 3767/3830/3767 3768/1728/3768 3771/1729/3771 3770/3840/3770
f 3773/3841/3773 3775/3834/3775 3774/3833/3774 3769/3835/3769 3770/3840/3770
f 3776/3836/3776 3775/3837/3775 3773/3841/3773 3778/1731/3778 3777/1730/3777
f 3779/1733/3779 3763/1732/3763 3764/3839/3764 3776/3838/3776 3777/1734/3777
f 3780/1720/3780 3770/3840/3770 3771/1721/3771
f 3770/3840/3770 3780/1736/3780 3782/1735/3782 3781/1738/3781 3773/3841/3773
f 3778/1739/3778 3773/3841/3773 3781/1740/3781
f 3789/3842/3789 3795/3843/3795 3794/3844/3794 3793/3845/3793 3792/3846/3792 3791/3847/3791 3790/3848/3790
f 3796/3849/3796 3799/3850/3799 3798/3851/3798 3797/3852/3797
f 3797/3852/3797 3798/3851/3798 3801/3853/3801 3800/3854/3800
f 3800/3854/3800 3801/3853/3801 3802/3855/3802 3790/3848/3790
f 3790/3848/3790 3802/3855/3802 3803/3856/3803 3789/3842/3789
f 3789/3842/3789 3803/3856/3803 3799/3857/3799 3796/3858/3796
f 3799/3850/3799 3805/3859/3805 3804/3860/3804 3798/3851/3798
f 3798/3851/3798 3804/3860/3804 3806/3861/3806 3801/3853/3801
f 3801/3853/3801 3806/3861/3806 3807/3862/3807 3802/3855/3802
f 3802/3855/3802 3807/3862/3807 3808/3863/3808 3803/3856/3803
f 3803/3856/3803 3808/3863/3808 3805/3864/3805 3799/3857/3799
f 3809/3865/3809 3810/3866/3810 3796/3849/3796 3797/3852/3797
f 3811/3867/3811 3814/3868/3814 3813/1743/3813 3812/3869/3812
f 3815/3870/3815 3819/3871/3819 3818/3872/3818 3817/3873/3817 3816/3874/3816 3809/3875/3809 3797/3852/3797 3800/3854/3800
f 3814/3876/3814 3823/3877/3823 3822/3878/3822 3821/3879/3821 3820/1745/3820 3813/1743/3813
f 3790/3848/3790 3791/1747/3791 3820/1745/3820 3821/3880/3821 3832/3881/3832 3831/3882/3831 3830/3883/3830 3829/3884/3829 3828/3885/3828 3827/3886/3827 3826/3887/3826 3825/3888/3825 3824/3889/3824 3815/3890/3815 3800/3854/3800
f 3796/3858/3796 3810/3891/3810 3836/3892/3836 3835/3893/3835 3834/3894/3834 3833/3895/3833 3795/3896/3795 3789/3842/3789
f 3837/1793/3837 3844/1792/3844 3843/1791/3843 3842/1790/3842 3841/1789/3841 3840/3897/3840 3839/3898/3839 3838/1794/3838
f 3840/1743/3840 3841/1789/3841 3851/1795/3851 3850/1797/3850 3849/1796/3849 3848/3899/3848 3847/3900/3847 3846/3901/3846 3845/1745/3845
f 3852/3902/3852 3859/3903/3859 3858/3904/3858 3848/3905/3848 3849/1796/3849 3857/1798/3857 3856/1800/3856 3855/1799/3855 3854/3906/3854 3845/3907/3845 3846/3908/3846 3853/3909/3853
f 3860/1801/3860 3863/1749/3863 3854/1747/3854 3855/1804/3855 3862/1803/3862 3861/1802/3861
f 3864/1805/3864 3865/1808/3865 3838/1807/3838 3839/3910/3839 3863/3911/3863 3860/1806/3860
f 3846/3901/3846 3847/3900/3847 3848/3899/3848
f 3859/3903/3859 3852/3902/3852 3853/3909/3853 3846/3908/3846 3848/3905/3848 3858/3904/3858
f 3871/3912/3871 3874/3913/3874 3873/3914/3873 3872/3915/3872
f 3875/3916/3875 3871/3912/3871 3872/3915/3872 3877/3917/3877 3876/3918/3876
f 3878/3919/3878 3880/3920/3880 3879/3921/3879 3876/3922/3876 3877/3917/3877
f 3881/3923/3881 3880/3924/3880 3878/3919/3878 3882/3925/3882
f 3873/3926/3873 3874/3927/3874 3884/3928/3884 3883/3929/3883 3881/3930/3881 3882/3925/3882
f 3872/3915/3872 3873/3914/3873 3870/3931/3870 3866/3932/3866
f 3877/3917/3877 3872/3915/3872 3866/3933/3866 3867/3934/3867
f 3867/3935/3867 3868/3936/3868 3878/3919/3878 3877/3917/3877
f 3868/3936/3868 3869/3937/3869 3882/3925/3882 3878/3919/3878
f 3869/3938/3869 3870/3939/3870 3873/3926/3873 3882/3925/3882
f 3846/3940/3846 3847/3941/3847 3887/3942/3887 3886/3943/3886 3885/3944/3885 3853/3945/3853
f 3852/3946/3852 3853/3947/3853 3885/3948/3885 3888/3949/3888
f 3888/3950/3888 3889/3951/3889 3859/3952/3859 3852/3953/3852
f 3858/3954/3858 3859/3952/3859 3889/3955/3889 3891/3956/3891 3890/3957/3890
f 3848/3958/3848 3858/3959/3858 3890/3960/3890 3887/3961/3887 3847/3962/3847
f 3866/3932/3866 3870/3931/3870 3847/3941/3847 3846/3940/3846 3853/3945/3853
f 3867/3934/3867 3866/3933/3866 3853/3947/3853 3852/3946/3852
f 3868/3936/3868 3867/3935/3867 3852/3953/3852 3859/3952/3859
f 3859/3952/3859 3858/3954/3858 3869/3937/3869 3868/3936/3868
f 3870/3939/3870 3869/3938/3869 3858/3959/3858 3848/3958/3848 3847/3962/3847
f 3898/3262/3898 3902/3261/3902 3901/3260/3901 3900/3264/3900 3899/3263/3899 3893/1743/3893 3894/1/3894
f 3903/3267/3903 3892/1745/3892 3893/1743/3893 3899/3266/3899 3904/3265/3904
f 3905/3270/3905 3908/3269/3908 3907/3268/3907 3906/3272/3906 3897/1747/3897 3892/1745/3892 3903/3271/3903
f 3909/3273/3909 3896/3276/3896 3897/1747/3897 3906/3275/3906 3910/3274/3910
f 3894/20/3894 3895/3230/3895 3911/3229/3911 3898/3228/3898
f 3912/3321/3912 3916/1743/3916 3915/1/3915 3914/3320/3914 3913/3319/3913
f 3917/3323/3917 3921/3322/3921 3916/1743/3916 3912/3327/3912 3920/3326/3920 3919/3325/3919 3918/3324/3918
f 3922/3285/3922 3925/3284/3925 3924/3283/3924 3923/1749/3923
f 3915/20/3915 3923/1749/3923 3924/3336/3924 3932/3335/3932 3931/3334/3931 3930/3333/3930 3929/3332/3929 3928/3331/3928 3927/3330/3927 3926/3329/3926 3914/3328/3914
f 3939/3469/3939 3934/1743/3934 3935/1/3935 3942/3468/3942 3941/3467/3941 3940/3470/3940
f 3939/3473/3939 3944/3472/3944 3943/3471/3943 3933/1745/3933 3934/1743/3934
f 3943/3477/3943 3947/3476/3947 3946/3475/3946 3945/3474/3945 3938/1747/3938 3933/1745/3933
f 3948/3482/3948 3952/3481/3952 3951/3480/3951 3950/3479/3950 3937/3478/3937 3938/3963/3938 3945/3484/3945 3949/3483/3949
f 3936/3424/3936 3956/3423/3956 3955/3422/3955 3954/3421/3954 3953/3420/3953 3942/3419/3942 3935/3964/3935
f 3963/3965/3963 3966/3966/3966 3965/3967/3965 3964/3968/3964
f 3964/3968/3964 3965/3967/3965 3968/3969/3968 3967/3970/3967
f 3967/3970/3967 3968/3969/3968 3970/3971/3970 3969/3972/3969
f 3969/3972/3969 3970/3971/3970 3972/3973/3972 3971/3974/3971
f 3971/3974/3971 3972/3973/3972 3966/3975/3966 3963/3976/3963
f 3973/3977/3973 3983/3978/3983 3982/3979/3982 3981/3980/3981 3980/3981/3980 3979/3982/3979 3978/3983/3978 3977/3984/3977 3976/3985/3976 3975/3986/3975 3974/3987/3974 3963/3965/3963 3964/3968/3964
f 3984/3988/3984 3981/3989/3981 3982/3990/3982 3987/3991/3987 3973/3992/3973 3964/3968/3964 3967/3970/3967 3986/3993/3986 3985/3994/3985
f 3988/3995/3988 3993/3996/3993 3992/3997/3992 3991/3998/3991 3990/3999/3990 3986/3993/3986 3967/3970/3967 3969/3972/3969 3989/4000/3989
f 3994/4001/3994 3989/4002/3989 3969/3972/3969 3971/3974/3971 3996/4003/3996 3995/4004/3995
f 3963/3976/3963 3974/4005/3974 3997/4006/3997 3996/4007/3996 3971/3974/3971
f 3998/1/3998 4001/4008/4001 4000/4009/4000 3999/1743/3999
f 4002/4010/4002 4007/4011/4007 4006/4012/4006 4005/4013/4005 4004/4014/4004 4003/1745/4003 3999/1743/3999 4000/4009/4000
f 4011/4015/4011 4018/4016/4018 4017/4017/4017 4016/4018/4016 4015/4019/4015 4007/4020/4007 4002/4010/4002 4014/4021/4014 4013/4022/4013 4012/4023/4012
f 4019/4024/4019 4025/4025/4025 4010/1747/4010 4003/1745/4003 4004/4014/4004 4024/4026/4024 4023/4027/4023 4022/4028/4022 4021/4029/4021 4020/4030/4020
f 4026/4031/4026 4029/4032/4029 4013/4033/4013 4014/4021/4014 4028/4034/4028 4027/4035/4027
f 4030/4036/4030 4031/4037/4031 4009/4038/4009 4010/1747/4010 4025/4039/4025
f 4032/4040/4032 4040/4041/4040 4039/4042/4039 4038/4043/4038 4037/4044/4037 4036/4045/4036 4035/4046/4035 4034/4047/4034 4027/4048/4027 4028/4034/4028 4001/4049/4001 3998/20/3998 4008/4050/4008 4033/4051/4033
f 4041/3913/4041 4042/3912/4042 4000/4009/4000 4001/4008/4001
f 4043/3916/4043 4044/3918/4044 4002/4010/4002 4000/4009/4000 4042/3912/4042
f 4044/3922/4044 4046/3921/4046 4045/3920/4045 4014/4021/4014 4002/4010/4002
f 4014/4021/4014 4045/3924/4045 4047/3923/4047 4028/4034/4028
f 4048/3929/4048 4049/3928/4049 4041/3927/4041 4001/4049/4001 4028/4034/4028 4047/3930/4047
f 4057/2483/4057 4063/3944/4063 4062/3943/4062 4061/3942/4061 4056/2482/4056
f 4064/3949/4064 4063/3948/4063 4057/2483/4057 4058/2484/4058
f 4065/3951/4065 4064/3950/4064 4058/2484/4058 4059/2485/4059
f 4066/3956/4066 4065/3955/4065 4059/2485/4059 4060/2486/4060 4067/3957/4067
f 4061/3961/4061 4067/3960/4067 4060/2486/4060 4056/2487/4056
f 4073/2440/4073 4076/2443/4076 4075/2442/4075 4069/1743/4069 4070/1/4070 4074/2441/4074
f 4069/1743/4069 4075/2446/4075 4081/2445/4081 4080/2444/4080 4079/2449/4079 4078/2448/4078 4077/2447/4077 4068/1745/4068
f 4068/1745/4068 4077/2454/4077 4086/2453/4086 4085/2452/4085 4084/2451/4084 4083/2450/4083 4082/2455/4082 4072/1747/4072
f 4071/1749/4071 4072/1747/4072 4082/2459/4082 4090/2458/4090 4089/2457/4089 4088/2456/4088 4087/2460/4087
f 4091/2461/4091 4074/2463/4074 4070/20/4070 4071/1749/4071 4087/2462/4087
f 4097/4052/4097 4106/4053/4106 4105/4054/4105 4104/4055/4104 4092/1745/4092 4093/4056/4093 4103/4057/4103 4102/4058/4102 4101/4059/4101 4100/4060/4100 4099/4061/4099 4098/4062/4098
f 4107/4063/4107 4115/4064/4115 4114/4065/4114 4113/4066/4113 4112/4067/4112 4111/4068/4111 4110/4069/4110 4109/4070/4109 4096/1747/4096 4092/1745/4092 4104/4071/4104 4108/4072/4108
f 4116/4073/4116 4121/4074/4121 4095/1749/4095 4096/1747/4096 4109/4075/4109 4120/4076/4120 4119/4077/4119 4118/4078/4118 4117/4079/4117
f 4094/4080/4094 4095/4081/4095 4121/4082/4121 4124/4083/4124 4123/4084/4123 4122/4085/4122
f 4131/1/4131 4134/4086/4134 4133/4087/4133 4132/1743/4132
f 4134/4086/4134 4136/4088/4136 4135/4089/4135 4133/4087/4133
f 4133/4087/4133 4135/4089/4135 4138/4090/4138 4137/4091/4137
f 4137/4091/4137 4138/4090/4138 4140/4092/4140 4139/4093/4139
f 4139/4093/4139 4140/4092/4140 4142/4094/4142 4141/4095/4141
f 4141/4095/4141 4142/4094/4142 4136/4096/4136 4134/4097/4134
f 4136/4088/4136 4144/4098/4144 4143/4099/4143 4135/4089/4135
f 4135/4089/4135 4143/4099/4143 4145/4100/4145 4138/4090/4138
f 4138/4090/4138 4145/4100/4145 4146/4101/4146 4140/4092/4140
f 4140/4092/4140 4146/4101/4146 4147/4102/4147 4142/4094/4142
f 4142/4094/4142 4147/4102/4147 4144/4103/4144 4136/4096/4136
f 4144/4098/4144 4149/4104/4149 4148/4105/4148 4143/4099/4143
f 4143/4099/4143 4148/4105/4148 4150/4106/4150 4145/4100/4145
f 4145/4100/4145 4150/4106/4150 4151/4107/4151 4146/4101/4146
f 4146/4101/4146 4151/4107/4151 4152/4108/4152 4147/4102/4147
f 4147/4102/4147 4152/4108/4152 4149/4109/4149 4144/4103/4144
f 4149/4104/4149 4154/4110/4154 4153/4111/4153 4148/4105/4148
f 4148/4105/4148 4153/4111/4153 4155/4112/4155 4150/4106/4150
f 4150/4106/4150 4155/4112/4155 4156/4113/4156 4151/4107/4151
f 4151/4107/4151 4156/4113/4156 4157/4114/4157 4152/4108/4152
f 4152/4108/4152 4157/4114/4157 4154/4115/4154 4149/4109/4149
f 4158/4061/4158 4168/4060/4168 4167/4059/4167 4166/4058/4166 4165/4057/4165 4164/4056/4164 4132/1743/4132 4133/4087/4133 4137/4091/4137 4163/4055/4163 4162/4054/4162 4161/4053/4161 4160/4052/4160 4159/4062/4159
f 4169/4065/4169 4177/4064/4177 4176/4063/4176 4175/4072/4175 4163/4071/4163 4137/4091/4137 4139/4093/4139 4174/4070/4174 4173/4069/4173 4172/4068/4172 4171/4067/4171 4170/4066/4170
f 4178/4077/4178 4183/4076/4183 4174/4075/4174 4139/4093/4139 4141/4095/4141 4182/4074/4182 4181/4073/4181 4180/4079/4180 4179/4078/4179
f 4184/4085/4184 4187/4084/4187 4186/4083/4186 4182/4082/4182 4141/4095/4141 4134/4097/4134 4131/4116/4131 4185/4080/4185
f 4194/4117/4194 4197/4118/4197 4196/4119/4196 4195/4120/4195
f 4195/4120/4195 4196/4119/4196 4199/4121/4199 4198/4122/4198
f 4198/4122/4198 4199/4121/4199 4201/4123/4201 4200/4124/4200
f 4200/4124/4200 4201/4123/4201 4203/4125/4203 4202/4126/4202
f 4202/4126/4202 4203/4125/4203 4197/4127/4197 4194/4128/4194
f 4197/4118/4197 4205/4129/4205 4204/4130/4204 4196/4119/4196
f 4196/4119/4196 4204/4130/4204 4206/4131/4206 4199/4121/4199
f 4199/4121/4199 4206/4131/4206 4207/4132/4207 4201/4123/4201
f 4201/4123/4201 4207/4132/4207 4208/4133/4208 4203/4125/4203
f 4203/4125/4203 4208/4133/4208 4205/4134/4205 4197/4127/4197
f 4205/4129/4205 4210/4135/4210 4209/4136/4209 4204/4130/4204
f 4204/4130/4204 4209/4136/4209 4211/4137/4211 4206/4131/4206
f 4206/4131/4206 4211/4137/4211 4212/4138/4212 4207/4132/4207
f 4207/4132/4207 4212/4138/4212 4213/4139/4213 4208/4133/4208
f 4208/4133/4208 4213/4139/4213 4210/4140/4210 4205/4134/4205
f 4210/4135/4210 4215/4141/4215 4214/4142/4214 4209/4136/4209
f 4209/4136/4209 4214/4142/4214 4216/4143/4216 4211/4137/4211
f 4211/4137/4211 4216/4143/4216 4217/4144/4217 4212/4138/4212
f 4212/4138/4212 4217/4144/4217 4218/4145/4218 4213/4139/4213
f 4213/4139/4213 4218/4145/4218 4215/4146/4215 4210/4140/4210
f 4215/4141/4215 4220/4147/4220 4219/4148/4219 4214/4142/4214
f 4214/4142/4214 4219/4148/4219 4221/4149/4221 4216/4143/4216
f 4216/4143/4216 4221/4149/4221 4222/4150/4222 4217/4144/4217
f 4217/4144/4217 4222/4150/4222 4223/4151/4223 4218/4145/4218
f 4218/4145/4218 4223/4151/4223 4220/4152/4220 4215/4146/4215
f 4224/4153/4224 4228/4154/4228 4227/4155/4227 4226/4156/4226 4194/4117/4194 4195/4120/4195 4225/4157/4225
f 4229/4158/4229 4225/4157/4225 4195/4120/4195 4198/4122/4198 4231/4159/4231 4230/4160/4230
f 4232/4161/4232 4236/4162/4236 4231/4159/4231 4198/4122/4198 4200/4124/4200 4235/4163/4235 4234/4164/4234 4233/4165/4233
f 4237/4166/4237 4240/4167/4240 4239/4168/4239 4235/4169/4235 4200/4124/4200 4202/4126/4202 4238/4170/4238
f 4241/4171/4241 4238/4172/4238 4202/4126/4202 4194/4128/4194 4226/4173/4226 4242/4174/4242
f 4248/2493/4248 4244/4175/4244 4245/4176/4245 4253/2492/4253 4252/2491/4252 4251/2490/4251 4250/2489/4250 4249/2488/4249
f 4254/2496/4254 4243/1745/4243 4244/1743/4244 4248/2495/4248 4256/2494/4256 4255/2497/4255
f 4257/2498/4257 4260/2502/4260 4259/2501/4259 4258/2500/4258 4247/1747/4247 4243/1745/4243 4254/2499/4254
f 4261/2503/4261 4246/1749/4246 4247/1747/4247 4258/2508/4258 4265/2507/4265 4264/2506/4264 4263/2505/4263 4262/2504/4262
f 4245/20/4245 4246/1749/4246 4261/2512/4261 4266/2511/4266 4253/2510/4253
f 4272/2535/4272 4268/1743/4268 4269/1/4269 4273/2536/4273
f 4268/1743/4268 4272/2540/4272 4279/2539/4279 4278/2538/4278 4277/2537/4277 4276/2543/4276 4275/2542/4275 4274/2541/4274 4267/1745/4267
f 4280/2544/4280 4283/2548/4283 4271/1747/4271 4267/1745/4267 4274/2547/4274 4282/2546/4282 4281/2545/4281
f 4270/1749/4270 4271/1747/4271 4283/2552/4283 4287/2551/4287 4286/2550/4286 4285/2549/4285 4284/2553/4284
f 4273/2556/4273 4269/20/4269 4270/1749/4270 4284/2555/4284 4290/2554/4290 4289/2558/4289 4288/2557/4288
f 4297/4177/4297 4303/4178/4303 4302/4179/4302 4301/4180/4301 4300/4181/4300 4299/1/4299 4298/4182/4298
f 4304/1749/4304 4305/4183/4305 4298/4184/4298 4299/20/4299
f 4298/4182/4298 4307/4185/4307 4306/4186/4306 4297/4177/4297
f 4297/4177/4297 4306/4186/4306 4309/4187/4309 4308/4188/4308
f 4308/4188/4308 4309/4187/4309 4311/4189/4311 4310/4190/4310
f 4310/4190/4310 4311/4189/4311 4312/4191/4312 4305/4183/4305
f 4305/4183/4305 4312/4191/4312 4307/4192/4307 4298/4184/4298
f 4307/4185/4307 4314/4193/4314 4313/4194/4313 4306/4186/4306
f 4306/4186/4306 4313/4194/4313 4315/4195/4315 4309/4187/4309
f 4309/4187/4309 4315/4195/4315 4316/4196/4316 4311/4189/4311
f 4311/4189/4311 4316/4196/4316 4317/4197/4317 4312/4191/4312
f 4312/4191/4312 4317/4197/4317 4314/4198/4314 4307/4192/4307
f 4314/4193/4314 4319/4199/4319 4318/4200/4318 4313/4194/4313
f 4313/4194/4313 4318/4200/4318 4320/4201/4320 4315/4195/4315
f 4315/4195/4315 4320/4201/4320 4321/4202/4321 4316/4196/4316
f 4316/4196/4316 4321/4202/4321 4322/4203/4322 4317/4197/4317
f 4317/4197/4317 4322/4203/4322 4319/4204/4319 4314/4198/4314
f 4319/4199/4319 4324/4205/4324 4323/4206/4323 4318/4200/4318
f 4318/4200/4318 4323/4206/4323 4325/4207/4325 4320/4201/4320
f 4320/4201/4320 4325/4207/4325 4326/4208/4326 4321/4202/4321
f 4321/4202/4321 4326/4208/4326 4327/4209/4327 4322/4203/4322
f 4322/4203/4322 4327/4209/4327 4324/4210/4324 4319/4204/4319
f 4328/4211/4328 4329/4212/4329 4303/4213/4303 4297/4177/4297 4308/4188/4308
f 4330/4214/4330 4336/4215/4336 4335/4216/4335 4334/4217/4334 4328/4218/4328 4308/4188/4308 4310/4190/4310 4333/4219/4333 4332/4220/4332 4331/4221/4331
f 4305/4183/4305 4304/1749/4304 4338/4222/4338 4337/4223/4337 4333/4219/4333 4310/4190/4310
f 4341/1/4341 4348/2608/4348 4347/2607/4347 4346/2611/4346 4345/2610/4345 4344/2609/4344 4340/1743/4340
f 4344/2613/4344 4350/2612/4350 4349/2614/4349 4339/1745/4339 4340/1743/4340
f 4351/2615/4351 4354/2618/4354 4343/1747/4343 4339/1745/4339 4349/2614/4349 4353/2617/4353 4352/2616/4352
f 4355/2622/4355 4342/1749/4342 4343/1747/4343 4354/2621/4354 4357/2620/4357 4356/2619/4356
f 4358/2626/4358 4360/2625/4360 4359/2624/4359 4348/2623/4348 4341/20/4341 4342/1749/4342 4355/2627/4355
f 4366/2679/4366 4368/2678/4368 4367/2677/4367 4362/1743/4362 4363/1/4363
f 4369/2683/4369 4361/1745/4361 4362/1743/4362 4367/2677/4367 4372/2682/4372 4371/2681/4371 4370/2680/4370
f 4361/1745/4361 4369/2686/4369 4376/2685/4376 4375/2684/4375 4374/2688/4374 4373/2687/4373 4365/1747/4365
f 4364/4224/4364 4365/4225/4365 4373/2691/4373 4378/2690/4378 4377/2689/4377
f 4379/2693/4379 4382/2692/4382 4366/2698/4366 4363/20/4363 4364/1749/4364 4377/2696/4377 4381/2695/4381 4380/2694/4380
f 4388/2747/4388 4384/1743/4384 4385/1/4385 4392/2751/4392 4391/2750/4391 4390/2749/4390 4389/2748/4389
f 4393/2752/4393 4383/1745/4383 4384/1743/4384 4388/2753/4388
f 4387/1747/4387 4383/1745/4383 4393/2757/4393 4397/2756/4397 4396/2755/4396 4395/2754/4395 4394/2758/4394
f 4398/2760/4398 4403/2759/4403 4402/2765/4402 4401/2764/4401 4386/1749/4386 4387/1747/4387 4394/2763/4394 4400/2762/4400 4399/2761/4399
f 4404/2767/4404 4392/2766/4392 4385/20/4385 4386/1749/4386 4401/2770/4401 4406/2769/4406 4405/2768/4405
f 4407/3655/4407 4416/3654/4416 4415/1743/4415 4414/3652/4414 4413/3651/4413 4412/3653/4412 4411/3659/4411 4410/3658/4410 4409/3657/4409 4408/3656/4408
f 4417/1745/4417 4415/1743/4415 4416/3662/4416 4420/3661/4420 4419/3660/4419 4418/3663/4418
f 4417/1745/4417 4418/3667/4418 4423/3666/4423 4422/3665/4422 4421/3664/4421
f 4424/3601/4424 4411/3600/4411 4412/3605/4412 4427/3604/4427 4426/3603/4426 4425/3602/4425
f 4429/1743/4429 4430/2829/4430 4437/2828/4437 4436/2827/4436 4435/2826/4435 4434/2825/4434
f 4438/2848/4438 4441/2847/4441 4440/2851/4440 4428/1745/4428 4429/1743/4429 4434/2850/4434 4439/2849/4439
f 4442/2855/4442 4444/2854/4444 4433/1747/4433 4428/1745/4428 4440/2853/4440 4443/2852/4443
f 4433/1747/4433 4444/2859/4444 4449/2858/4449 4448/2857/4448 4447/2856/4447 4446/2861/4446 4445/2860/4445 4432/1749/4432
f 4432/1749/4432 4445/2863/4445 4431/2862/4431
f 4455/2901/4455 4461/2900/4461 4450/1745/4450 4451/2899/4451 4460/2898/4460 4459/2897/4459 4458/2896/4458 4457/2895/4457 4456/2894/4456
f 4454/1747/4454 4450/1745/4450 4461/2905/4461 4470/2904/4470 4469/2903/4469 4468/2902/4468 4467/2911/4467 4466/2910/4466 4465/2909/4465 4464/2908/4464 4463/2907/4463 4462/2906/4462
f 4471/2917/4471 4453/1749/4453 4454/1747/4454 4462/2916/4462 4476/2915/4476 4475/2914/4475 4474/2913/4474 4473/2912/4473 4472/2918/4472
f 4477/2920/4477 4452/2919/4452 4453/1749/4453 4471/2921/4471
f 4484/3739/4484 4490/3738/4490 4489/3737/4489 4488/3743/4488 4487/3742/4487 4479/1743/4479 4480/1/4480 4486/3741/4486 4485/3740/4485
f 4487/3746/4487 4492/3745/4492 4491/3744/4491 4478/1745/4478 4479/1743/4479
f 4478/1745/4478 4491/3744/4491 4497/3751/4497 4496/3750/4496 4495/3749/4495 4494/3748/4494 4493/3747/4493 4483/1747/4483
f 4482/3752/4482 4483/1747/4483 4493/3756/4493 4500/3755/4500 4499/3754/4499 4498/3753/4498
f 4501/3720/4501 4508/3719/4508 4507/3718/4507 4506/3717/4506 4505/3716/4505 4486/3715/4486 4480/4226/4480 4481/3724/4481 4504/3723/4504 4503/3722/4503 4502/3721/4502
f 4511/1/4511 4517/3029/4517 4516/3028/4516 4515/3027/4515 4514/3030/4514 4510/1743/4510
f 4518/3031/4518 4509/1745/4509 4510/1743/4510 4514/3030/4514 4520/3033/4520 4519/3032/4519
f 4518/3035/4518 4523/3034/4523 4522/3037/4522 4521/3036/4521 4513/1747/4513 4509/1745/4509
f 4524/3039/4524 4526/3038/4526 4512/1749/4512 4513/1747/4513 4521/3041/4521 4525/3040/4525
f 4512/4227/4512 4526/3045/4526 4530/3044/4530 4529/3043/4529 4528/3042/4528 4527/3048/4527 4517/3047/4517 4511/4228/4511
f 4531/4229/4531 4537/4230/4537 4536/4231/4536 4535/4232/4535 4534/1747/4534 4533/4233/4533 4532/4234/4532
f 4538/4235/4538 4534/4236/4534 4535/4237/4535 4542/4238/4542 4541/4239/4541 4540/4240/4540 4539/4241/4539
f 4543/1743/4543 4555/4242/4555 4554/4243/4554 4553/4244/4553 4552/4245/4552 4551/4246/4551 4550/4247/4550 4549/4248/4549 4548/4249/4548 4547/4250/4547 4546/4251/4546 4545/4252/4545 4544/4253/4544
f 4556/4254/4556 4543/4255/4543 4544/4253/4544 4564/4256/4564 4563/4257/4563 4562/4258/4562 4561/4259/4561 4560/4260/4560 4559/4261/4559 4558/4262/4558 4557/4263/4557
f 4565/4264/4565 4568/4265/4568 4567/4266/4567 4566/4267/4566 4551/4268/4551 4552/4269/4552
f 4575/4270/4575 4583/4232/4583 4582/4231/4582 4581/4230/4581 4580/4229/4580 4579/4234/4579 4578/4233/4578 4577/1745/4577 4576/4271/4576
f 4584/4272/4584 4593/4268/4593 4592/4267/4592 4591/4266/4591 4590/4265/4590 4589/4264/4589 4588/4269/4588 4587/20/4587 4586/1749/4586 4585/4273/4585
f 4584/4274/4584 4596/4275/4596 4595/4276/4595 4594/4277/4594
f 4594/4277/4594 4595/4276/4595 4597/4278/4597 4576/4271/4576
f 4576/4271/4576 4597/4278/4597 4598/4279/4598 4575/4270/4575
f 4575/4270/4575 4598/4279/4598 4599/4280/4599 4585/4273/4585
f 4585/4273/4585 4599/4280/4599 4596/4281/4596 4584/4272/4584
f 4596/4275/4596 4601/1537/4601 4600/1679/4600 4595/4276/4595
f 4595/4276/4595 4600/1679/4600 4602/1681/4602 4597/4278/4597
f 4597/4278/4597 4602/1681/4602 4603/1683/4603 4598/4279/4598
f 4598/4279/4598 4603/1683/4603 4604/1685/4604 4599/4280/4599
f 4599/4280/4599 4604/1685/4604 4601/1546/4601 4596/4281/4596
f 4594/4277/4594 4611/4253/4611 4610/4252/4610 4609/4251/4609 4608/4250/4608 4607/4249/4607 4606/4248/4606 4605/4247/4605 4593/4246/4593 4584/4274/4584
f 4612/4242/4612 4587/1/4587 4588/4245/4588 4614/4244/4614 4613/4243/4613
f 4576/4271/4576 4577/4282/4577 4623/4254/4623 4622/4263/4622 4621/4262/4621 4620/4261/4620 4619/4260/4619 4618/4259/4618 4617/4258/4617 4616/4257/4616 4615/4256/4615 4611/4253/4611 4594/4277/4594
f 4586/4283/4586 4628/4235/4628 4627/4241/4627 4626/4240/4626 4625/4239/4625 4624/4238/4624 4583/4237/4583 4575/4270/4575 4585/4273/4585
f 4634/3094/4634 4635/3093/4635 4630/4284/4630 4631/4285/4631
f 4635/3098/4635 4639/3097/4639 4638/3096/4638 4637/3095/4637 4636/3099/4636 4629/1745/4629 4630/1743/4630
f 4640/3100/4640 4633/1747/4633 4629/1745/4629 4636/3104/4636 4643/3103/4643 4642/3102/4642 4641/3101/4641
f 4644/3106/4644 4646/3105/4646 4645/3107/4645 4632/1749/4632 4633/1747/4633 4640/3100/4640
f 4645/3109/4645 4650/3108/4650 4649/3114/4649 4648/3113/4648 4647/3112/4647 4634/3111/4634 4631/20/4631 4632/1749/4632
f 4651/3186/4651 4662/3185/4662 4661/3184/4661 4660/3195/4660 4659/3194/4659 4658/3193/4658 4657/3192/4657 4656/3191/4656 4655/3190/4655 4654/3189/4654 4653/3188/4653 4652/3187/4652
f 4663/3213/4663 4667/3216/4667 4666/1745/4666 4665/3218/4665 4660/3217/4660 4661/3215/4661 4664/3214/4664
f 4668/1747/4668 4666/1745/4666 4667/3216/4667 4672/3221/4672 4671/3220/4671 4670/3219/4670 4669/3222/4669
f 4673/3224/4673 4675/3223/4675 4674/3226/4674 4668/1747/4668 4669/3225/4669
