# File exported by Houdini 20.5.410 (www.sidefx.com)
# 4250 points
# 12669 vertices
# 2975 primitives
# Bounds: [-3.72952962, -0.00176980149, -4.44571543] to [4.57138586, 14.8025637, 3.05629063]
g 
v -0.508765757 0.00586781278 0.133378357 1 1 1
v -0.45879519 0.00468171202 -0.216998085 1 1 1
v -0.214768127 0.00616758317 -0.467187643 1 1 1
v 0.13799338 0.00637321128 -0.503812134 1 1 1
v 0.444205344 0.00694833836 -0.307415962 1 1 1
v 0.53212297 0.00348476646 0.0495410711 1 1 1
v 0.358658135 -0.00176980149 0.362584084 1 1 1
v 0.0420375802 -0.00057918136 0.512998879 1 1 1
v -0.313743383 0.00629340578 0.44299683 1 1 1
v -0.390425175 0.629745722 0.106706195 1 1 1
v -0.369169593 0.632251918 -0.172189489 1 1 1
v -0.176810727 0.636640966 -0.386682689 1 1 1
v 0.109593481 0.634214818 -0.386744946 1 1 1
v 0.332857728 0.633536637 -0.224830672 1 1 1
v 0.417089701 0.63425833 0.0422770232 1 1 1
v 0.292930424 0.631879985 0.297141492 1 1 1
v 0.0382072441 0.633260846 0.437602073 1 1 1
v -0.239626855 0.630704343 0.345733851 1 1 1
v -0.352166295 1.26213634 0.0986101255 1 1 1
v -0.327796161 1.26096725 -0.145650163 1 1 1
v -0.162190393 1.26199496 -0.336249888 1 1 1
v 0.0916839689 1.26087809 -0.342674494 1 1 1
v 0.283001721 1.26051247 -0.191384688 1 1 1
v 0.333109349 1.26066887 0.038799528 1 1 1
v 0.250992 1.26372063 0.265422016 1 1 1
v 0.0288626961 1.26784897 0.411568016 1 1 1
v -0.202672601 1.26173759 0.287543803 1 1 1
v -0.284539044 1.89393461 0.0729875192 1 1 1
v -0.28526324 1.89293575 -0.137747332 1 1 1
v -0.125909984 1.88846123 -0.279415995 1 1 1
v 0.0845263749 1.88582385 -0.30468151 1 1 1
v 0.24855274 1.88421881 -0.172861934 1 1 1
v 0.299433231 1.88563609 0.0257813446 1 1 1
v 0.219356149 1.88947856 0.218156934 1 1 1
v 0.0321207233 1.8974762 0.369955897 1 1 1
v -0.17402266 1.89483488 0.245984748 1 1 1
v -0.238558695 2.51490045 0.059498921 1 1 1
v -0.228384703 2.51480246 -0.1205559 1 1 1
v -0.102215305 2.51631045 -0.256978452 1 1 1
v 0.0880398154 2.51893783 -0.280351937 1 1 1
v 0.22865212 2.52013946 -0.155666307 1 1 1
v 0.293161273 2.52224422 0.0196022987 1 1 1
v 0.190821037 2.52026558 0.17326501 1 1 1
v 0.0395463631 2.52183294 0.317942411 1 1 1
v -0.140252933 2.5167923 0.209838748 1 1 1
v -0.239184961 3.13969302 0.0534015335 1 1 1
v -0.246329144 3.13879251 -0.115643196 1 1 1
v -0.1183507 3.1412313 -0.232993305 1 1 1
v 0.0548444949 3.14629006 -0.256755948 1 1 1
v 0.195084363 3.15102005 -0.150446877 1 1 1
v 0.244092792 3.15400982 0.0182665884 1 1 1
v 0.171606362 3.15347838 0.181901366 1 1 1
v 0.00764238369 3.14945984 0.258154929 1 1 1
v -0.186310887 3.14476156 0.237749785 1 1 1
v -0.255668402 3.77803397 0.0438726768 1 1 1
v -0.263063461 3.78162265 -0.130739689 1 1 1
v -0.124009103 3.77977204 -0.236884311 1 1 1
v 0.0402430184 3.77628803 -0.248014033 1 1 1
v 0.165130496 3.77164412 -0.14727132 1 1 1
v 0.228159323 3.76825976 0.00628275052 1 1 1
v 0.146288693 3.76737881 0.153863713 1 1 1
v -0.00236035674 3.76957965 0.232215747 1 1 1
v -0.20943746 3.77553201 0.24647361 1 1 1
v -0.198996812 4.40082693 0.070540756 1 1 1
v -0.189569086 4.4048171 -0.0812331885 1 1 1
v -0.0908338726 4.40758657 -0.212320626 1 1 1
v 0.0695787445 4.40449047 -0.189015388 1 1 1
v 0.223409086 4.40192127 -0.130071059 1 1 1
v 0.255405039 4.39692307 0.0374580063 1 1 1
v 0.162868112 4.39407444 0.165529937 1 1 1
v 0.0331240669 4.39371967 0.25065738 1 1 1
v -0.142968848 4.39669943 0.236079678 1 1 1
v -0.204970345 5.02571201 0.067444101 1 1 1
v -0.19473584 5.02442598 -0.0720301643 1 1 1
v -0.108969375 5.02433014 -0.20237954 1 1 1
v 0.0446670763 5.02537775 -0.178335235 1 1 1
v 0.173244119 5.0274744 -0.109853253 1 1 1
v 0.261848688 5.03048992 0.0411760658 1 1 1
v 0.131080896 5.02951574 0.157206774 1 1 1
v 0.0078727128 5.029109 0.217960253 1 1 1
v -0.130035862 5.02769136 0.18729049 1 1 1
v -0.19844228 5.65342951 0.0548097193 1 1 1
v -0.185121551 5.65060568 -0.0867276117 1 1 1
v -0.0886252224 5.649086 -0.196623206 1 1 1
v 0.054690484 5.64993763 -0.187342793 1 1 1
v 0.168467641 5.65225983 -0.112507552 1 1 1
v 0.254559159 5.65624237 0.0255870298 1 1 1
v 0.140308604 5.65723085 0.141192257 1 1 1
v 0.0210379623 5.65855503 0.226231679 1 1 1
v -0.112326406 5.65613365 0.164423957 1 1 1
v -0.190927237 6.27684784 0.0358621068 1 1 1
v -0.20759277 6.27881813 -0.100187726 1 1 1
v -0.106183603 6.2818141 -0.204520866 1 1 1
v 0.035617575 6.28371191 -0.200854108 1 1 1
v 0.164698273 6.28494501 -0.135320485 1 1 1
v 0.182265669 6.28298187 0.00878456794 1 1 1
v 0.112063341 6.28020716 0.120357394 1 1 1
v 0.00190984691 6.27767324 0.215852737 1 1 1
v -0.12447989 6.27641439 0.142573625 1 1 1
v -0.249060482 6.91269588 0.0810090974 1 1 1
v -0.183360443 6.91395426 -0.0593473949 1 1 1
v -0.0925899968 6.91382599 -0.14705646 1 1 1
v 0.0338795111 6.91109705 -0.162054405 1 1 1
v 0.154748276 6.90672541 -0.0985563993 1 1 1
v 0.212717384 6.90208912 0.0408125408 1 1 1
v 0.107970268 6.90161896 0.14485307 1 1 1
v 9.10877716e-05 6.90277338 0.215301558 1 1 1
v -0.12369296 6.90681887 0.171939552 1 1 1
v -0.200855836 7.53567076 0.0774110481 1 1 1
v -0.146140516 7.52912712 -0.0548279397 1 1 1
v -0.0652512759 7.52396536 -0.151272357 1 1 1
v 0.0604263879 7.52133942 -0.148838788 1 1 1
v 0.164172381 7.52174568 -0.0829980299 1 1 1
v 0.207552806 7.52554607 0.0388405621 1 1 1
v 0.139215052 7.53084183 0.146935835 1 1 1
v 0.0297559109 7.53537178 0.205576971 1 1 1
v -0.113476999 7.53853798 0.201766327 1 1 1
v -0.210687697 8.15045357 0.0310992431 1 1 1
v -0.158747941 8.14921284 -0.106503382 1 1 1
v -0.0701392516 8.14859772 -0.200011283 1 1 1
v 0.0535932295 8.14814854 -0.188967302 1 1 1
v 0.145771936 8.14826393 -0.121640451 1 1 1
v 0.221600324 8.14916706 -0.00738750724 1 1 1
v 0.131876826 8.1494627 0.0966807306 1 1 1
v 0.0281592049 8.1507206 0.196572483 1 1 1
v -0.101846859 8.15034866 0.131042436 1 1 1
v -0.160738856 8.77031326 0.0615956895 1 1 1
v -0.148873448 8.77828789 -0.063186124 1 1 1
v -0.0628371313 8.78353024 -0.158024937 1 1 1
v 0.0733045042 8.78434277 -0.190895408 1 1 1
v 0.166317105 8.7762022 -0.0885678381 1 1 1
v 0.177909181 8.76813793 0.0295678433 1 1 1
v 0.126851603 8.76243496 0.125485078 1 1 1
v 0.0327680334 8.75875473 0.205798849 1 1 1
v -0.0897370949 8.76273346 0.165498972 1 1 1
v -0.139406756 9.40178967 0.0975588933 1 1 1
v -0.114990383 9.39940166 -0.0115052331 1 1 1
v -0.0549299717 9.39666843 -0.117583133 1 1 1
v 0.0652769804 9.39303017 -0.0969642922 1 1 1
v 0.149538562 9.39140224 -0.0331840478 1 1 1
v 0.199602932 9.39165974 0.0701112524 1 1 1
v 0.142273679 9.39461613 0.173219427 1 1 1
v 0.039386306 9.39861012 0.234700456 1 1 1
v -0.0769227818 9.4014225 0.197959393 1 1 1
v -0.108648054 10.0433245 0.0393733531 1 1 1
v -0.0859814286 10.0261984 -0.0682349429 1 1 1
v -0.00918303244 10.0137672 -0.136660621 1 1 1
v 0.0987322927 10.0170126 -0.169765666 1 1 1
v 0.185719252 10.0144424 -0.0945972204 1 1 1
v 0.236983523 10.0319242 0.0128745977 1 1 1
v 0.179541051 10.0417576 0.122057602 1 1 1
v 0.0655758679 10.0323086 0.138704643 1 1 1
v -0.0329843909 10.0392513 0.12004748 1 1 1
v -0.0636967272 10.0515499 0.0266734157 1 1 1
v -0.0537618697 10.0382547 -0.0544613265 1 1 1
v 0.0029276344 10.0348158 -0.114357978 1 1 1
v 0.0943160802 10.0735502 -0.149010658 1 1 1
v 0.154714182 10.0331545 -0.0739879161 1 1 1
v 0.186428025 10.0562649 0.00610090932 1 1 1
v 0.145631939 10.0590897 0.0855219737 1 1 1
v 0.0680145025 10.0883846 0.131805509 1 1 1
v -0.0237385295 10.0877142 0.105703562 1 1 1
v -0.0146510201 10.0866804 0.0107873157 1 1 1
v -0.00751450378 10.0546284 -0.0345801897 1 1 1
v 0.0254984442 10.0614815 -0.0703485757 1 1 1
v 0.0766516626 10.0927334 -0.082594797 1 1 1
v 0.111400865 10.0493736 -0.0446290001 1 1 1
v 0.125291824 10.0611687 0.000255907886 1 1 1
v 0.102885261 10.0529947 0.043323908 1 1 1
v 0.0639833882 10.1141663 0.066626288 1 1 1
v 0.0152502051 10.0633888 0.0507585332 1 1 1
v 0.0560090318 10.0811529 -0.00772453751 1 1 1
v 3.30281377 10.353797 1.15897632 1 1 1
v 3.29641175 10.3540611 1.16656125 1 1 1
v 3.2894969 10.3571434 1.15416193 1 1 1
v 3.28672647 10.3553095 1.1683253 1 1 1
v 3.2782681 10.3569641 1.16340053 1 1 1
v 3.27498865 10.3582497 1.15412593 1 1 1
v 3.27843142 10.3585653 1.14482141 1 1 1
v 3.28698134 10.3577604 1.13985264 1 1 1
v 3.29664326 10.3562164 1.1415242 1 1 1
v 3.30287886 10.3546524 1.14908445 1 1 1
v 0.650611043 5.73878288 0.241699576 1 1 1
v 0.596240163 5.76376677 0.31825909 1 1 1
v 1.08594155 6.00874281 0.511995316 1 1 1
v 1.13847423 5.98005342 0.416710287 1 1 1
v 0.548127949 5.84106636 0.346735895 1 1 1
v 1.01975346 6.09482861 0.531128705 1 1 1
v 0.535456538 5.93449116 0.32429114 1 1 1
v 0.971199811 6.18275833 0.498389989 1 1 1
v 0.559907675 6.00370789 0.257465035 1 1 1
v 0.961813867 6.24246359 0.408401906 1 1 1
v 0.600884974 6.00640392 0.170983031 1 1 1
v 0.995620906 6.24823046 0.300970376 1 1 1
v 0.615922809 5.93112421 0.103355981 1 1 1
v 1.06183589 6.17630148 0.249885142 1 1 1
v 0.628546536 5.83296871 0.0898445845 1 1 1
v 1.11968791 6.09137917 0.250813693 1 1 1
v 0.661967695 5.76404428 0.149180815 1 1 1
v 1.15712166 6.00742054 0.30993396 1 1 1
v 1.56794465 6.41394567 0.651388586 1 1 1
v 1.6164453 6.38679409 0.578357816 1 1 1
v 1.50174952 6.47338676 0.697497904 1 1 1
v 1.45930839 6.54385185 0.640679896 1 1 1
v 1.44389415 6.59230852 0.564100325 1 1 1
v 1.47018206 6.59999228 0.469272375 1 1 1
v 1.53503084 6.54196882 0.424203783 1 1 1
v 1.60163033 6.46964073 0.414232731 1 1 1
v 1.62227416 6.41386986 0.492086321 1 1 1
v 2.02267241 6.83558178 0.816669643 1 1 1
v 2.05854893 6.8301301 0.730330408 1 1 1
v 1.9546175 6.89985657 0.814943373 1 1 1
v 1.90531135 6.95729303 0.784865558 1 1 1
v 1.88064492 7.00577784 0.714204073 1 1 1
v 1.91741216 6.9988451 0.631721973 1 1 1
v 1.9772526 6.95476532 0.593121409 1 1 1
v 2.03785515 6.89809227 0.591231644 1 1 1
v 2.09039831 6.83243942 0.639369845 1 1 1
v 2.41782117 7.33051205 0.94060117 1 1 1
v 2.46547604 7.31526661 0.886008501 1 1 1
v 2.35413575 7.36462593 0.965658903 1 1 1
v 2.3061676 7.40677166 0.923693776 1 1 1
v 2.2952044 7.43166304 0.858917832 1 1 1
v 2.31164265 7.4415226 0.787012994 1 1 1
v 2.37332344 7.40854549 0.761793613 1 1 1
v 2.43122697 7.37067699 0.765037656 1 1 1
v 2.46257663 7.33611917 0.816715539 1 1 1
v 2.68369961 7.90452814 1.07792902 1 1 1
v 2.71326685 7.90052843 1.01504707 1 1 1
v 2.62136555 7.93337059 1.06955123 1 1 1
v 2.5730257 7.95895481 1.04527092 1 1 1
v 2.55397511 7.97629261 0.98860842 1 1 1
v 2.5623641 7.98395205 0.917129576 1 1 1
v 2.62433934 7.96217394 0.877558112 1 1 1
v 2.69258332 7.92960262 0.889659584 1 1 1
v 2.71580648 7.90873384 0.954393387 1 1 1
v 2.9275825 8.49453449 1.09785295 1 1 1
v 2.95645666 8.48630333 1.05351794 1 1 1
v 2.87740755 8.51420403 1.10752439 1 1 1
v 2.83885336 8.53234482 1.07680655 1 1 1
v 2.8071208 8.54948425 1.03084314 1 1 1
v 2.83947873 8.53985691 0.983055234 1 1 1
v 2.87975454 8.52580547 0.954755664 1 1 1
v 2.9316113 8.50484371 0.954578519 1 1 1
v 2.95889187 8.48967171 1.00133729 1 1 1
v 3.14279485 9.09348106 1.13499892 1 1 1
v 3.18671012 9.08426476 1.10971105 1 1 1
v 3.10234976 9.10314178 1.14679193 1 1 1
v 3.06371784 9.11415768 1.126109 1 1 1
v 3.0567534 9.11818886 1.08338964 1 1 1
v 3.06594563 9.11836529 1.04226017 1 1 1
v 3.09985304 9.11263466 1.00067067 1 1 1
v 3.1438489 9.09934425 1.02918911 1 1 1
v 3.17418051 9.08999729 1.05983877 1 1 1
v 3.22633767 9.7202282 1.14842868 1 1 1
v 3.24414515 9.71939468 1.11578953 1 1 1
v 3.18985534 9.72527885 1.145702 1 1 1
v 3.16162968 9.7301445 1.13001144 1 1 1
v 3.15332222 9.73299122 1.09919715 1 1 1
v 3.16525435 9.73286247 1.07116103 1 1 1
v 3.18874192 9.73143768 1.04334402 1 1 1
v 3.23231721 9.72577095 1.04001248 1 1 1
v 3.24844646 9.72089005 1.08048999 1 1 1
v 3.30812168 10.3441038 1.18832374 1 1 1
v 3.3196733 10.3415747 1.16480005 1 1 1
v 3.28148913 10.3464251 1.19017768 1 1 1
v 3.25396633 10.3547945 1.18302643 1 1 1
v 3.25371861 10.3524027 1.15342963 1 1 1
v 3.26633239 10.349247 1.13497996 1 1 1
v 3.28048682 10.3621302 1.10090339 1 1 1
v 3.3055594 10.3475609 1.12323737 1 1 1
v 3.3205874 10.3438396 1.1413213 1 1 1
v 3.30178761 10.3491745 1.17660379 1 1 1
v 3.31347704 10.3486958 1.16274941 1 1 1
v 3.28410029 10.3514566 1.17982292 1 1 1
v 3.26865268 10.3544779 1.1708293 1 1 1
v 3.26266432 10.3568258 1.15389168 1 1 1
v 3.26895165 10.3574009 1.13689947 1 1 1
v 3.28456473 10.3559332 1.12782562 1 1 1
v 3.30221009 10.3531122 1.13087988 1 1 1
v 3.31359887 10.350255 1.14468384 1 1 1
v 0.17999059 5.45260429 0.108537674 1 1 1
v 0.137435645 5.46179819 0.146178216 1 1 1
v 0.100280404 5.46647406 0.172605664 1 1 1
v 0.205762252 5.44726706 0.0826481432 1 1 1
v 0.0410616435 5.57117939 0.213264674 1 1 1
v 0.0554182939 5.65817356 0.201718658 1 1 1
v 0.0625908151 5.71043158 0.194573656 1 1 1
v 0.141475499 5.8314743 0.126184151 1 1 1
v 0.111352183 5.78704262 0.156813055 1 1 1
v 0.133006856 5.81827784 0.135806188 1 1 1
v 0.232088804 5.84255457 0.0221408084 1 1 1
v 0.212691531 5.83957338 0.0534321293 1 1 1
v 0.172423914 5.70882225 -0.0972888172 1 1 1
v 0.23328355 5.84068871 0.0206421502 1 1 1
v 0.169675007 5.65231562 -0.110570893 1 1 1
v 0.16853942 5.64287186 -0.112467669 1 1 1
v 0.165856719 5.63903904 -0.113895841 1 1 1
v 0.116607949 5.54532766 -0.143972114 1 1 1
v 0.169313118 5.54166794 -0.112037718 1 1 1
v 0.211591631 5.477005 -0.0447548591 1 1 1
v 0.146014154 5.53856325 -0.124446601 1 1 1
v 0.231954888 5.48145485 -0.0120631931 1 1 1
v 0.25654608 5.48567963 0.0298361722 1 1 1
v -2.71771836 10.7460442 1.09270692 1 1 1
v -2.71895313 10.7451553 1.0833081 1 1 1
v -2.70631146 10.7503815 1.0859437 1 1 1
v -2.7141614 10.7462835 1.07516479 1 1 1
v -2.70554352 10.7489157 1.07209837 1 1 1
v -2.69715118 10.7518129 1.07551742 1 1 1
v -2.69290423 10.7536221 1.08384037 1 1 1
v -2.69479442 10.7534943 1.09316313 1 1 1
v -2.7019279 10.7514944 1.09914064 1 1 1
v -2.71097565 10.7485523 1.09894347 1 1 1
v -0.537343204 6.63403893 0.237649381 1 1 1
v -0.561756551 6.65285683 0.151103616 1 1 1
v -0.962778091 7.01209211 0.314988971 1 1 1
v -0.938902557 6.99468517 0.417413473 1 1 1
v -0.546596766 6.71874523 0.088455379 1 1 1
v -0.925546706 7.07375145 0.240848705 1 1 1
v -0.51584667 6.81152248 0.080631122 1 1 1
v -0.858772993 7.14434338 0.215336353 1 1 1
v -0.486507446 6.89702129 0.132824689 1 1 1
v -0.782699823 7.19745207 0.25751844 1 1 1
v -0.460443854 6.91960955 0.219815493 1 1 1
v -0.72592473 7.21541977 0.347237021 1 1 1
v -0.434669226 6.8499198 0.287608176 1 1 1
v -0.743879974 7.16337824 0.438138276 1 1 1
v -0.438895613 6.75029325 0.319793344 1 1 1
v -0.793001652 7.09786177 0.493173152 1 1 1
v -0.483775169 6.66790676 0.304271281 1 1 1
v -0.871105731 7.0265913 0.495795459 1 1 1
v -1.31330597 7.49094725 0.46491012 1 1 1
v -1.29536307 7.4818306 0.548323035 1 1 1
v -1.2888968 7.53118372 0.387600809 1 1 1
v -1.21885562 7.58626747 0.379108042 1 1 1
v -1.15329123 7.62765646 0.411621004 1 1 1
v -1.11157751 7.63927603 0.486785024 1 1 1
v -1.12067521 7.60990191 0.568632245 1 1 1
v -1.16533852 7.55877209 0.634282947 1 1 1
v -1.24114239 7.50618792 0.611928165 1 1 1
v -1.6678623 7.97468328 0.580304146 1 1 1
v -1.62992764 7.97594833 0.655281901 1 1 1
v -1.61701298 8.02305222 0.53454107 1 1 1
v -1.56701314 8.06518364 0.511448324 1 1 1
v -1.50940156 8.09585094 0.540096402 1 1 1
v -1.47373176 8.1007185 0.602371216 1 1 1
v -1.48300791 8.07354927 0.666820407 1 1 1
v -1.5234549 8.03373718 0.703966677 1 1 1
v -1.58809519 7.98179436 0.731691599 1 1 1
v -1.951087 8.4800005 0.782992601 1 1 1
v -1.93703294 8.46965599 0.840635717 1 1 1
v -1.9272387 8.50717354 0.735167325 1 1 1
v -1.88046777 8.54169083 0.703929186 1 1 1
v -1.82525587 8.5604372 0.736456156 1 1 1
v -1.79943812 8.55696774 0.791228235 1 1 1
v -1.80148506 8.53876972 0.847222567 1 1 1
v -1.84062016 8.5082922 0.879290342 1 1 1
v -1.894274 8.47858429 0.88509053 1 1 1
v -2.17025256 9.03279018 0.909775853 1 1 1
v -2.15095806 9.02945709 0.959539413 1 1 1
v -2.14934444 9.05198002 0.859726906 1 1 1
v -2.0979054 9.07253551 0.857298553 1 1 1
v -2.045959 9.09241581 0.861842811 1 1 1
v -2.02901888 9.08731842 0.914989412 1 1 1
v -2.02881145 9.07650757 0.965879202 1 1 1
v -2.0658319 9.05482578 0.998331487 1 1 1
v -2.11348534 9.0376997 0.989715934 1 1 1
v -2.36441898 9.59118652 1.02683675 1 1 1
v -2.35403872 9.58801365 1.0680089 1 1 1
v -2.34666109 9.60452271 0.988940418 1 1 1
v -2.30804396 9.62143135 0.976179898 1 1 1
v -2.26377583 9.63707733 0.984632909 1 1 1
v -2.23403525 9.64119625 1.02729881 1 1 1
v -2.25053048 9.62674809 1.07322454 1 1 1
v -2.28408122 9.60986042 1.09626317 1 1 1
v -2.32545662 9.59316921 1.10241246 1 1 1
v -2.5704329 10.1491566 1.10530567 1 1 1
v -2.5634377 10.1499729 1.14348638 1 1 1
v -2.553442 10.1567154 1.06976008 1 1 1
v -2.51711035 10.16998 1.05774999 1 1 1
v -2.48898053 10.1785564 1.08119094 1 1 1
v -2.47244263 10.1832638 1.10876465 1 1 1
v -2.47364545 10.1814957 1.14406121 1 1 1
v -2.50237846 10.1704817 1.16101432 1 1 1
v -2.5340929 10.159297 1.16395915 1 1 1
v -2.73910475 10.7314434 1.07904387 1 1 1
v -2.73932123 10.7345657 1.10623562 1 1 1
v -2.72952437 10.7354918 1.05317569 1 1 1
v -2.701617 10.7376966 1.05881417 1 1 1
v -2.68144369 10.7476578 1.06028497 1 1 1
v -2.65909028 10.762969 1.07845294 1 1 1
v -2.67775106 10.7494659 1.10265481 1 1 1
v -2.69212127 10.7516069 1.12669599 1 1 1
v -2.7123754 10.7369089 1.11224627 1 1 1
v -2.72874546 10.7386379 1.08123326 1 1 1
v -2.72648287 10.7402678 1.09843445 1 1 1
v -2.71997452 10.7407064 1.06633031 1 1 1
v -2.70420098 10.7455235 1.06071627 1 1 1
v -2.68884254 10.7508249 1.06697428 1 1 1
v -2.68106937 10.7541351 1.0822084 1 1 1
v -2.68452811 10.7539015 1.09927082 1 1 1
v -2.69758439 10.7502422 1.11020958 1 1 1
v -2.7141428 10.7448568 1.109851 1 1 1
v -0.185871616 6.23692322 0.0441312231 1 1 1
v -0.191353962 6.24144793 0.0369380154 1 1 1
v -0.200308025 6.24655247 -0.036679171 1 1 1
v -0.164938599 6.22070599 0.077809222 1 1 1
v -0.196619675 6.33940792 -0.104659751 1 1 1
v -0.183237433 6.33685017 -0.118761897 1 1 1
v -0.201688409 6.27812004 -0.0519872531 1 1 1
v -0.205192626 6.34172678 -0.0961426049 1 1 1
v -0.172367543 6.47332048 -0.114543565 1 1 1
v -0.171509475 6.48598003 -0.114091888 1 1 1
v -0.187039495 6.65950298 -0.0266662277 1 1 1
v -0.196954191 6.5576582 -0.0822578371 1 1 1
v -0.186370492 6.66051435 -0.0214732438 1 1 1
v -0.232139483 6.72761774 0.067868039 1 1 1
v -0.211878166 6.72279119 0.0993836448 1 1 1
v -0.194674119 6.71607733 0.111592092 1 1 1
v -0.124070637 6.60426378 0.157845721 1 1 1
v -0.0954575017 6.56639814 0.172685668 1 1 1
v -0.0441365279 6.3854847 0.194120854 1 1 1
v -0.0802317038 6.27685499 0.168228149 1 1 1
v -0.0877562985 6.26070452 0.163847014 1 1 1
v -0.120766513 6.26064777 0.14470844 1 1 1
v -0.124175727 6.26089096 0.143120468 1 1 1
v 1.2273128 10.9851646 -2.29171181 1 1 1
v 1.23372972 10.9864187 -2.28531742 1 1 1
v 1.221807 10.9902496 -2.28060102 1 1 1
v 1.23454094 10.9890566 -2.27660346 1 1 1
v 1.22932589 10.9918528 -2.26963282 1 1 1
v 1.2205565 10.9934969 -2.26765871 1 1 1
v 1.21231902 10.9932213 -2.27161407 1 1 1
v 1.20847774 10.9911528 -2.27964377 1 1 1
v 1.21081185 10.9882603 -2.28799748 1 1 1
v 1.218256 10.9858999 -2.29274797 1 1 1
v 0.149661884 7.45289707 -0.50000602 1 1 1
v 0.0940779671 7.51364994 -0.47547695 1 1 1
v -0.142370939 7.07595396 -0.109754562 1 1 1
v -0.111718751 7.04838943 -0.123677872 1 1 1
v -0.0865513459 7.04859543 -0.147987679 1 1 1
v -0.0672271028 7.01452303 -0.147351891 1 1 1
v -0.0600893237 7.00433254 -0.148467243 1 1 1
v 0.2341616 7.43698215 -0.488985062 1 1 1
v 0.302369654 7.46716022 -0.444113433 1 1 1
v 0.496158421 7.85300207 -0.800110579 1 1 1
v 0.424866438 7.83230543 -0.864828825 1 1 1
v 0.322200745 7.53488064 -0.392576367 1 1 1
v 0.503002584 7.91055632 -0.724904239 1 1 1
v 0.299215436 7.62755871 -0.377429664 1 1 1
v 0.462714911 7.9727397 -0.670850396 1 1 1
v 0.238182545 7.69636154 -0.394074857 1 1 1
v 0.380854338 8.01594925 -0.662854373 1 1 1
v 0.157233641 7.68868828 -0.422488421 1 1 1
v 0.289217204 8.0286808 -0.698598266 1 1 1
v 0.0999457762 7.60732651 -0.448080987 1 1 1
v 0.258765399 7.97771502 -0.776612341 1 1 1
v 0.269075185 7.91842365 -0.844066262 1 1 1
v 0.330497324 7.85662508 -0.887094796 1 1 1
v 0.672089756 8.31254959 -1.14025819 1 1 1
v 0.614551723 8.30095291 -1.18980873 1 1 1
v 0.689434171 8.35255337 -1.07278693 1 1 1
v 0.641720116 8.39955711 -1.03123939 1 1 1
v 0.575676084 8.43115234 -1.0234406 1 1 1
v 0.509296596 8.43483257 -1.05636227 1 1 1
v 0.471894741 8.40816593 -1.11668825 1 1 1
v 0.47183162 8.36083412 -1.18649423 1 1 1
v 0.540838361 8.31671429 -1.20984149 1 1 1
v 0.845775247 8.80419636 -1.440925 1 1 1
v 0.780411363 8.80112648 -1.47817457 1 1 1
v 0.82961005 8.84408188 -1.37948334 1 1 1
v 0.798003018 8.87678051 -1.33981979 1 1 1
v 0.742791414 8.89622402 -1.33456039 1 1 1
v 0.686325192 8.9011488 -1.35543084 1 1 1
v 0.665381253 8.87705803 -1.40667951 1 1 1
v 0.676385701 8.84611034 -1.45385563 1 1 1
v 0.70879823 8.80271816 -1.5137136 1 1 1
v 0.937525332 9.32510471 -1.71366465 1 1 1
v 0.897589028 9.32048798 -1.7432152 1 1 1
v 0.938126802 9.34745502 -1.66867328 1 1 1
v 0.919590175 9.37376213 -1.62671602 1 1 1
v 0.867707968 9.39308929 -1.61548626 1 1 1
v 0.818780899 9.3919735 -1.64296925 1 1 1
v 0.791633725 9.37595749 -1.68904412 1 1 1
v 0.811825037 9.34898281 -1.73155856 1 1 1
v 0.847453833 9.32318115 -1.76483452 1 1 1
v 1.06809485 9.85576439 -1.94251716 1 1 1
v 1.0391978 9.85158253 -1.97328138 1 1 1
v 1.08395064 9.86857891 -1.8993212 1 1 1
v 1.04626226 9.88683414 -1.87683821 1 1 1
v 1.00979066 9.90220642 -1.86276591 1 1 1
v 0.97299999 9.90325165 -1.88515854 1 1 1
v 0.956089795 9.89353848 -1.92186379 1 1 1
v 0.935161352 9.87701988 -1.98165333 1 1 1
v 0.998108327 9.86027908 -1.97902143 1 1 1
v 1.19160807 10.4058886 -2.1156404 1 1 1
v 1.17863154 10.3978872 -2.14930344 1 1 1
v 1.20091128 10.4136505 -2.08669734 1 1 1
v 1.18219531 10.4251423 -2.06192946 1 1 1
v 1.15109861 10.4316244 -2.05956888 1 1 1
v 1.12363398 10.432621 -2.07253432 1 1 1
v 1.0949949 10.4298038 -2.09924936 1 1 1
v 1.11709738 10.415863 -2.1285007 1 1 1
v 1.14339435 10.4063787 -2.14244676 1 1 1
v 1.24569094 10.9733114 -2.28766203 1 1 1
v 1.23089039 10.9703465 -2.29812694 1 1 1
v 1.26229501 10.9848385 -2.26734638 1 1 1
v 1.24465191 10.9927788 -2.24613428 1 1 1
v 1.21807265 10.9897814 -2.2489109 1 1 1
v 1.18958306 11.0000629 -2.2500267 1 1 1
v 1.19263208 10.9833679 -2.27582407 1 1 1
v 1.19972336 10.9762735 -2.29145598 1 1 1
v 1.21295881 10.9725389 -2.30514884 1 1 1
v 1.24343216 10.9811192 -2.28859353 1 1 1
v 1.23165917 10.9788218 -2.30032134 1 1 1
v 1.24491775 10.9859581 -2.27261043 1 1 1
v 1.23535323 10.991087 -2.25982308 1 1 1
v 1.21926832 10.9941053 -2.25620294 1 1 1
v 1.20415783 10.993598 -2.26345873 1 1 1
v 1.19711137 10.9898033 -2.27818632 1 1 1
v 1.20139432 10.984499 -2.29350924 1 1 1
v 1.21504641 10.9801664 -2.30222344 1 1 1
v 0.0597484708 6.99556684 -0.146992028 1 1 1
v 0.156849787 7.04387045 -0.0950869992 1 1 1
v 0.156957835 7.04377842 -0.094781734 1 1 1
v 0.170766011 7.09443855 -0.0568783991 1 1 1
v 0.184215322 7.13424778 -0.0238582343 1 1 1
v 0.179692984 7.19905424 -0.0336504839 1 1 1
v 0.173763633 7.30625343 -0.0522171557 1 1 1
v 0.140957475 7.41294336 -0.0970838889 1 1 1
v 0.115426771 7.45325136 -0.113527074 1 1 1
v 0.161950082 7.37671804 -0.0866668448 1 1 1
v 0.0390943289 7.43664598 -0.148590311 1 1 1
v 0.00158909545 7.42238474 -0.14919965 1 1 1
v 0.0571302734 7.44557047 -0.150479659 1 1 1
v -0.0749728382 7.30700159 -0.149773195 1 1 1
v -0.110293895 7.24925232 -0.117746376 1 1 1
v -0.146413997 7.09823179 -0.0883410946 1 1 1
v 0.038196288 7.01032829 -0.159905419 1 1 1
v 0.0527903549 6.99972725 -0.150580078 1 1 1
v -1.47368467 11.4583731 -0.0283342507 1 1 1
v -1.47002947 11.4593019 -0.0358358137 1 1 1
v -1.46185613 11.4614458 -0.026917791 1 1 1
v -1.46249461 11.4608488 -0.0391887091 1 1 1
v -1.45458031 11.4622927 -0.0367940813 1 1 1
v -1.44999182 11.4629583 -0.0298026111 1 1 1
v -1.45087969 11.462534 -0.0214681588 1 1 1
v -1.45682704 11.4612179 -0.0156995263 1 1 1
v -1.46505165 11.4596252 -0.0151787354 1 1 1
v -1.47169685 11.4585047 -0.0201777294 1 1 1
v -0.391408324 9.00126457 -0.0454113148 1 1 1
v -0.356797934 9.01395226 -0.11419937 1 1 1
v -0.621842563 9.4224205 -0.1371838 1 1 1
v -0.657679677 9.39446449 -0.0602732152 1 1 1
v -0.309379369 9.08772659 -0.141766101 1 1 1
v -0.561442673 9.47545052 -0.164508924 1 1 1
v -0.260587096 9.17426682 -0.122692823 1 1 1
v -0.561966479 9.52822304 -0.124859378 1 1 1
v -0.52063936 9.54849052 -0.0660199896 1 1 1
v -0.0978629813 9.11881542 -0.0918720439 1 1 1
v -0.110903889 9.18984795 -0.0562229119 1 1 1
v -0.301525295 9.18024445 0.0791124925 1 1 1
v -0.346946687 9.09984207 0.075187847 1 1 1
v -0.587017775 9.46485329 0.0644992664 1 1 1
v -0.586230099 9.521451 0.0427930653 1 1 1
v -0.383799314 9.02906799 0.0303590391 1 1 1
v -0.638682842 9.41604519 0.0234512016 1 1 1
v -1.01276648 9.83480549 -0.13684693 1 1 1
v -1.03970802 9.81465816 -0.0748513117 1 1 1
v -0.961831272 9.87341976 -0.179702967 1 1 1
v -0.905196965 9.9146843 -0.146215796 1 1 1
v -0.87803489 9.93424225 -0.0844721645 1 1 1
v -0.531652331 9.54164791 0.00147446897 1 1 1
v -0.881188989 9.93181419 -0.0155412927 1 1 1
v -0.924724996 9.89906025 0.0260860026 1 1 1
v -0.984819412 9.85564709 0.0558135733 1 1 1
v -1.03237569 9.82017422 -0.000623359345 1 1 1
v -1.26568508 10.3460302 -0.0995858237 1 1 1
v -1.28664577 10.3368883 -0.0500829183 1 1 1
v -1.21845269 10.3648233 -0.121728085 1 1 1
v -1.16842198 10.384059 -0.106446557 1 1 1
v -1.14357781 10.3926697 -0.0588547401 1 1 1
v -1.14017403 10.3934641 -0.00172243314 1 1 1
v -1.18611336 10.3744173 0.0258283764 1 1 1
v -1.23531818 10.355464 0.0377312079 1 1 1
v -1.29198992 10.3346167 0.014202971 1 1 1
v -1.40555775 10.8941698 -0.0982403681 1 1 1
v -1.40470028 10.8927126 -0.0497995801 1 1 1
v -1.35841525 10.9039936 -0.0986489281 1 1 1
v -1.32368016 10.911705 -0.0874410719 1 1 1
v -1.30189764 10.9163427 -0.056960199 1 1 1
v -1.30683899 10.9147024 -0.0192606058 1 1 1
v -1.3267287 10.9104385 0.023020938 1 1 1
v -1.37468827 10.8994427 0.0238705836 1 1 1
v -1.40282881 10.8929834 -0.0115418136 1 1 1
v -1.47672534 11.4478626 -0.0453485176 1 1 1
v -1.49977517 11.4500294 -0.0315409675 1 1 1
v -1.46241212 11.4541759 -0.0586869121 1 1 1
v -1.44207036 11.4578409 -0.0524606332 1 1 1
v -1.43434811 11.4565029 -0.0334771611 1 1 1
v -1.43547201 11.4562082 -0.0147852693 1 1 1
v -1.44414115 11.4611769 0.0128704906 1 1 1
v -1.46815205 11.4501476 0.000866224989 1 1 1
v -1.48227334 11.4469223 -0.0121355709 1 1 1
v -1.47653508 11.4554605 -0.0434198678 1 1 1
v -1.483271 11.4537506 -0.029590847 1 1 1
v -1.46264517 11.4583139 -0.049598217 1 1 1
v -1.44805443 11.4609747 -0.0451868959 1 1 1
v -1.43959725 11.462203 -0.032298889 1 1 1
v -1.44123363 11.461421 -0.0169335771 1 1 1
v -1.452196 11.4589939 -0.0063000815 1 1 1
v -1.46735835 11.4560595 -0.00534204254 1 1 1
v -1.47960925 11.4539909 -0.0145546654 1 1 1
v -0.152007475 8.57862854 -0.0769343898 1 1 1
v -0.104561605 8.54439545 -0.132436261 1 1 1
v -0.167356551 8.56757164 -0.0375317372 1 1 1
v -0.0885825232 8.61326027 -0.144194975 1 1 1
v -0.0638939962 8.69163418 -0.164101794 1 1 1
v -0.0586899854 8.68723869 -0.165663302 1 1 1
v -0.0731397271 8.96230125 -0.132273778 1 1 1
v -0.0635009706 8.72580814 -0.161841929 1 1 1
v -0.064999193 8.76923084 -0.156863511 1 1 1
v -0.0653788447 8.78337574 -0.155223176 1 1 1
v -0.097612083 9.11571407 -0.092868492 1 1 1
v -0.128888875 9.00485706 0.109986551 1 1 1
v -0.144035697 9.09482956 0.0884824917 1 1 1
v -0.116923004 8.76563549 0.12571539 1 1 1
v -0.115444541 8.72520065 0.126780555 1 1 1
v -0.158159539 8.59912014 0.0682084039 1 1 1
v -0.145264789 8.6074152 0.0798430443 1 1 1
v -0.172385409 8.62578106 0.0544848479 1 1 1
v -0.168979436 8.5740757 -0.0325184353 1 1 1
v -0.125938952 9.19870281 -0.0282047726 1 1 1
v -0.131206825 9.17640877 0.014406831 1 1 1
v -0.138551056 9.16483593 0.0446660779 1 1 1
v -0.149192393 9.11211395 0.0810615644 1 1 1
v 1.19775939 11.810791 0.451971233 1 1 1
v 1.20190978 11.8101826 0.445199966 1 1 1
v 1.20873106 11.807539 0.45427379 1 1 1
v 1.20911646 11.8079977 0.442618668 1 1 1
v 1.2160269 11.8052464 0.445464581 1 1 1
v 1.21940839 11.8032207 0.452378124 1 1 1
v 1.21767426 11.8028669 0.460141867 1 1 1
v 1.21163809 11.8043509 0.465112686 1 1 1
v 1.20412183 11.8069782 0.464981019 1 1 1
v 1.19865251 11.8095188 0.459783435 1 1 1
v 0.294358462 9.78121758 0.041110035 1 1 1
v 0.326503783 9.77262878 0.10427551 1 1 1
v 0.505467653 10.2684269 0.178463414 1 1 1
v 0.512402177 10.2889957 0.133052275 1 1 1
v 0.320590913 9.78137302 0.175634384 1 1 1
v 0.515581727 10.2522593 0.258200973 1 1 1
v 0.277106643 9.83798409 0.221101835 1 1 1
v 0.447008699 10.282856 0.291643023 1 1 1
v 0.226767272 9.91466045 0.22909075 1 1 1
v 0.387085974 10.3157578 0.28523764 1 1 1
v 0.180890962 9.97226906 0.205903739 1 1 1
v 0.408398718 10.3842268 0.249369144 1 1 1
v 0.41868794 10.4185581 0.188954353 1 1 1
v 0.055401396 9.8384161 0.167691469 1 1 1
v 0.0577558018 9.8430891 0.167368487 1 1 1
v 0.0822358429 9.89379215 0.146201804 1 1 1
v 0.155130863 10.0397339 0.125623226 1 1 1
v 0.160161808 10.04986 0.123751432 1 1 1
v 0.160105318 10.0501623 0.120260701 1 1 1
v 0.445602983 10.4062243 0.134022504 1 1 1
v 0.683384418 10.8305731 0.198505744 1 1 1
v 0.660644948 10.833621 0.252165079 1 1 1
v 0.475480646 10.3344297 0.108979732 1 1 1
v 0.733899236 10.8046808 0.17093949 1 1 1
v 0.774301946 10.7719069 0.203655913 1 1 1
v 0.804103613 10.7449636 0.247421652 1 1 1
v 0.786272407 10.7441921 0.305513471 1 1 1
v 0.742536068 10.7656765 0.332348675 1 1 1
v 0.693627596 10.7937384 0.350261539 1 1 1
v 0.646930039 10.8303213 0.317380846 1 1 1
v 0.991951585 11.2836037 0.347407579 1 1 1
v 0.976419032 11.2849827 0.37859717 1 1 1
v 1.02341998 11.2708979 0.335397542 1 1 1
v 1.06047964 11.2530813 0.339303374 1 1 1
v 1.07740772 11.2380514 0.376621574 1 1 1
v 1.05608845 11.2409716 0.411452442 1 1 1
v 1.03423691 11.2459908 0.442919791 1 1 1
v 1.000646 11.2632313 0.433646739 1 1 1
v 0.968814492 11.2818909 0.417780221 1 1 1
v 1.19066644 11.8064137 0.432663769 1 1 1
v 1.18110061 11.8078928 0.448120654 1 1 1
v 1.20668197 11.8002586 0.428793877 1 1 1
v 1.22306836 11.7951956 0.433140486 1 1 1
v 1.23914683 11.7915306 0.44828245 1 1 1
v 1.23728478 11.7908325 0.473172516 1 1 1
v 1.21360397 11.7934752 0.479819894 1 1 1
v 1.19575953 11.799017 0.477680385 1 1 1
v 1.17712033 11.8108139 0.47071892 1 1 1
v 1.19546723 11.810564 0.437261075 1 1 1
v 1.18779373 11.8116894 0.449786395 1 1 1
v 1.20879626 11.8065233 0.432489097 1 1 1
v 1.22157693 11.8014345 0.437751055 1 1 1
v 1.22783005 11.7976885 0.450538814 1 1 1
v 1.22462285 11.7970343 0.464897186 1 1 1
v 1.21346009 11.7997789 0.474090219 1 1 1
v 1.19955862 11.8046389 0.473845989 1 1 1
v 1.18944192 11.8093357 0.464235246 1 1 1
v 0.132820249 9.25827217 -0.0677705407 1 1 1
v 0.133073121 9.25604439 -0.0677577779 1 1 1
v 0.205454975 9.80720139 -0.0051298351 1 1 1
v 0.157206744 9.5234499 -0.0462000258 1 1 1
v 0.0873148814 9.39260483 -0.0802831128 1 1 1
v 0.185598224 9.25949669 0.0218942054 1 1 1
v 0.152685642 9.27601147 -0.0435721464 1 1 1
v 0.198113665 9.34885502 0.0673279539 1 1 1
v 0.1631715 9.26262093 0.118959263 1 1 1
v 0.196485013 9.33400917 0.0552476197 1 1 1
v 0.142292678 9.39428234 0.173142821 1 1 1
v 0.142269269 9.39443493 0.173205763 1 1 1
v 0.114059843 9.37304878 0.188039199 1 1 1
v 0.0619855896 9.53263187 0.204119787 1 1 1
v 0.113031887 9.395751 0.190693051 1 1 1
v 0.0329966359 9.75177479 0.177463681 1 1 1
v 0.0506089181 9.67015934 0.193564847 1 1 1
v 0.167938605 10.0476875 0.109556466 1 1 1
v 0.204859063 10.041337 0.0396501534 1 1 1
v 0.23296912 9.96316433 0.01902139 1 1 1
v 0.211917758 9.84832096 -0.000327936985 1 1 1
v 0.210018232 9.8378191 -0.00209531025 1 1 1
v 0.227872983 10.0334835 0.0301913321 1 1 1
v -1.52938783 10.01301 -3.31636572 1 1 1
v -1.51879132 10.0116377 -3.31757212 1 1 1
v -1.52198827 10.015749 -3.30272579 1 1 1
v -1.50974298 10.0116968 -3.31177306 1 1 1
v -1.50649118 10.0131683 -3.30163264 1 1 1
v -1.51052678 10.015358 -3.29191852 1 1 1
v -1.51998281 10.0172453 -3.28716707 1 1 1
v -1.53042328 10.0179434 -3.28960848 1 1 1
v -1.53698218 10.0171309 -3.29808784 1 1 1
v -1.53655374 10.0151815 -3.30864835 1 1 1
v -0.279011935 4.59012079 -0.580015361 1 1 1
v -0.173737183 4.61033869 -0.59803623 1 1 1
v -0.361296624 4.8556509 -1.03842175 1 1 1
v -0.482011616 4.83301687 -0.998167157 1 1 1
v -0.106481582 4.69081926 -0.576186121 1 1 1
v -0.291987151 4.95476198 -0.999379158 1 1 1
v -0.107903823 4.79875612 -0.547962666 1 1 1
v -0.268592417 5.05701876 -0.938304007 1 1 1
v -0.179071978 4.88740349 -0.518495381 1 1 1
v -0.329741627 5.13352442 -0.85620153 1 1 1
v -0.278562427 4.89197445 -0.478046387 1 1 1
v -0.44659251 5.13630533 -0.800213099 1 1 1
v -0.348658383 4.80890179 -0.438798785 1 1 1
v -0.547806323 5.06318426 -0.804698408 1 1 1
v -0.374209583 4.69777441 -0.442054421 1 1 1
v -0.593522847 4.96529007 -0.852713823 1 1 1
v -0.357516259 4.61873245 -0.511975348 1 1 1
v -0.584636092 4.86513758 -0.928483725 1 1 1
v -0.576170564 5.2271719 -1.46708107 1 1 1
v -0.679593861 5.19480658 -1.44672561 1 1 1
v -0.482386351 5.29574919 -1.45300806 1 1 1
v -0.489243627 5.38204288 -1.37473583 1 1 1
v -0.539937258 5.44044352 -1.30099344 1 1 1
v -0.637894869 5.46656942 -1.23390496 1 1 1
v -0.730628371 5.39080667 -1.25428617 1 1 1
v -0.786278367 5.30679989 -1.30066919 1 1 1
v -0.757659316 5.23217964 -1.37782586 1 1 1
v -0.787853301 5.63672924 -1.87239003 1 1 1
v -0.882382154 5.61210585 -1.8555299 1 1 1
v -0.700704038 5.6915102 -1.85009336 1 1 1
v -0.691941977 5.76109648 -1.76970541 1 1 1
v -0.743303537 5.80134344 -1.69519925 1 1 1
v -0.828472137 5.80681753 -1.64665556 1 1 1
v -0.913581789 5.76069164 -1.65988743 1 1 1
v -0.98686415 5.69530439 -1.70392835 1 1 1
v -0.960700452 5.63328028 -1.7914263 1 1 1
v -0.940630138 6.11656761 -2.20600557 1 1 1
v -1.0362649 6.11066961 -2.16832662 1 1 1
v -0.882420242 6.1753397 -2.14572334 1 1 1
v -0.867436469 6.22622681 -2.07785201 1 1 1
v -0.905151129 6.26026678 -2.00998044 1 1 1
v -0.980528355 6.26550961 -1.96690607 1 1 1
v -1.05808771 6.23011398 -1.98192382 1 1 1
v -1.10610592 6.180511 -2.03232861 1 1 1
v -1.12775683 6.11836195 -2.11513305 1 1 1
v -1.10092998 6.60128927 -2.50441718 1 1 1
v -1.1796782 6.59020662 -2.48653698 1 1 1
v -1.03621221 6.64263487 -2.47201538 1 1 1
v -1.01752532 6.69268036 -2.40722299 1 1 1
v -1.05596066 6.726861 -2.34092188 1 1 1
v -1.13118196 6.72627211 -2.30922985 1 1 1
v -1.20189703 6.69649887 -2.32203603 1 1 1
v -1.24237466 6.65218782 -2.36920953 1 1 1
v -1.24063373 6.6073947 -2.43556833 1 1 1
v -1.23410857 7.09476328 -2.83270168 1 1 1
v -1.30579197 7.09375 -2.80248523 1 1 1
v -1.19088864 7.12922955 -2.77786779 1 1 1
v -1.16721892 7.16039133 -2.72341442 1 1 1
v -1.19406331 7.18385792 -2.6628499 1 1 1
v -1.25708759 7.18904305 -2.6250205 1 1 1
v -1.3331542 7.17006111 -2.63209629 1 1 1
v -1.38591123 7.13324118 -2.6866188 1 1 1
v -1.3550849 7.10538387 -2.75689888 1 1 1
v -1.32992315 7.67714596 -2.98761773 1 1 1
v -1.38861215 7.67077875 -2.97172046 1 1 1
v -1.28049386 7.69624805 -2.95476747 1 1 1
v -1.26491451 7.71589565 -2.89918613 1 1 1
v -1.28115475 7.73156977 -2.83787966 1 1 1
v -1.34289396 7.72568035 -2.81811786 1 1 1
v -1.39844787 7.71137619 -2.83086967 1 1 1
v -1.4507755 7.69083214 -2.86789751 1 1 1
v -1.42981601 7.67562199 -2.93014812 1 1 1
v -1.45818758 8.24447536 -3.13429999 1 1 1
v -1.51359725 8.23423862 -3.13517857 1 1 1
v -1.41590285 8.25805378 -3.10764098 1 1 1
v -1.38874006 8.27369213 -3.05980802 1 1 1
v -1.42493582 8.27604675 -3.01632571 1 1 1
v -1.46517503 8.27693081 -2.97926497 1 1 1
v -1.52669501 8.26541138 -2.98093867 1 1 1
v -1.53989971 8.24979305 -3.03926754 1 1 1
v -1.55466294 8.23601627 -3.09204102 1 1 1
v -1.54837561 8.8298521 -3.20981693 1 1 1
v -1.59334731 8.82608509 -3.20574856 1 1 1
v -1.50701916 8.83622074 -3.18977356 1 1 1
v -1.5016166 8.84174061 -3.14484644 1 1 1
v -1.51679087 8.84481144 -3.10593247 1 1 1
v -1.55378842 8.84380627 -3.08443856 1 1 1
v -1.59821129 8.83904839 -3.08971047 1 1 1
v -1.6180023 8.83249187 -3.12849832 1 1 1
v -1.61842036 8.82778645 -3.16925025 1 1 1
v -1.57574081 9.41804409 -3.24398899 1 1 1
v -1.60698199 9.42010689 -3.23536754 1 1 1
v -1.53841496 9.41853714 -3.23272133 1 1 1
v -1.53277063 9.42331505 -3.19383526 1 1 1
v -1.53959727 9.42904568 -3.15371299 1 1 1
v -1.57764852 9.4333849 -3.13087893 1 1 1
v -1.62015462 9.43302536 -3.14371181 1 1 1
v -1.64732075 9.42952061 -3.17734742 1 1 1
v -1.62969804 9.42372513 -3.21403241 1 1 1
v -1.51608074 9.99750614 -3.3332119 1 1 1
v -1.53850985 10.0000496 -3.32937098 1 1 1
v -1.49207282 9.99898338 -3.32417679 1 1 1
v -1.48429728 10.0025415 -3.29878712 1 1 1
v -1.49768102 10.0058765 -3.27725458 1 1 1
v -1.51558912 10.0199089 -3.25221539 1 1 1
v -1.54062188 10.010272 -3.27364445 1 1 1
v -1.55525661 10.0092516 -3.29104972 1 1 1
v -1.55849814 10.0073318 -3.31598902 1 1 1
v -1.51644254 10.0057917 -3.32928705 1 1 1
v -1.53571749 10.0082912 -3.32709002 1 1 1
v -1.49998534 10.0059004 -3.31873703 1 1 1
v -1.49406898 10.0085773 -3.30029154 1 1 1
v -1.50141013 10.0125618 -3.28262258 1 1 1
v -1.51861119 10.0159931 -3.2739799 1 1 1
v -1.53760183 10.0172625 -3.27841949 1 1 1
v -1.54953134 10.0157843 -3.29384446 1 1 1
v -1.54875469 10.0122375 -3.31305289 1 1 1
v -0.102782749 4.29839468 -0.211882785 1 1 1
v -0.0964256153 4.30176735 -0.216460869 1 1 1
v 0.0380605459 4.30277967 -0.196808964 1 1 1
v 0.0518413372 4.30476427 -0.197521925 1 1 1
v 0.0661851913 4.33182001 -0.195840344 1 1 1
v 0.147701785 4.39942026 -0.159366429 1 1 1
v 0.122530654 4.55978346 -0.158865526 1 1 1
v 0.146984458 4.40319777 -0.159355253 1 1 1
v 0.0596330725 4.65237188 -0.184751466 1 1 1
v -8.01368515e-05 4.72535992 -0.19177109 1 1 1
v 0.100952327 4.59303188 -0.16505754 1 1 1
v -0.139926836 4.73528671 -0.15467833 1 1 1
v -0.0200072397 4.73050737 -0.194556385 1 1 1
v -0.100959823 4.75194502 -0.206770018 1 1 1
v -0.191408873 4.62544918 -0.0779561475 1 1 1
v -0.194055334 4.58267498 -0.0303961877 1 1 1
v -0.149231508 4.71486378 -0.141863063 1 1 1
v -0.196765408 4.40177155 0.0346180201 1 1 1
v -0.197140887 4.39817381 0.0352703035 1 1 1
v -0.196105152 4.34283924 -0.0688624084 1 1 1
v -0.19749102 4.33764315 -0.0865694806 1 1 1
v -0.1922075 4.32189655 -0.0973481014 1 1 1
v -0.119023673 4.30513144 -0.198967814 1 1 1
v 0.189425156 11.187808 1.73465002 1 1 1
v 0.180760399 11.1878376 1.73330915 1 1 1
v 0.186899155 11.1894808 1.72216356 1 1 1
v 0.174963802 11.1882286 1.72674823 1 1 1
v 0.174769402 11.1887999 1.71800303 1 1 1
v 0.180239588 11.1892843 1.71117747 1 1 1
v 0.188833386 11.1894541 1.70946133 1 1 1
v 0.196518973 11.18923 1.7136606 1 1 1
v 0.199718252 11.1887178 1.72180605 1 1 1
v 0.196903378 11.1881571 1.73008561 1 1 1
v 0.086325191 8.22947788 0.449083358 1 1 1
v 0.00528661534 8.24802589 0.445723921 1 1 1
v 0.0403232314 8.65725422 0.745452106 1 1 1
v 0.134509489 8.64415646 0.747842491 1 1 1
v -0.0434577651 8.32265377 0.41369611 1 1 1
v -0.00762651954 8.71346569 0.689180136 1 1 1
v -0.045501031 8.42892647 0.377721816 1 1 1
v -0.0123517914 8.77341557 0.624441504 1 1 1
v -0.016284816 8.5167141 0.342799991 1 1 1
v 0.048475448 8.82798672 0.639493048 1 1 1
v 0.13267605 8.83079529 0.623180032 1 1 1
v -0.0332435444 8.40591717 0.177446261 1 1 1
v -0.0223216191 8.41277218 0.183267429 1 1 1
v 0.0303050634 8.43381977 0.200868249 1 1 1
v 0.0608313493 8.39973831 0.17071043 1 1 1
v 0.108293161 8.50794411 0.321000963 1 1 1
v 0.161566854 8.43165588 0.336705923 1 1 1
v 0.20551616 8.78401089 0.585624158 1 1 1
v 0.183548719 8.31926155 0.361641854 1 1 1
v 0.236823037 8.72814274 0.642938316 1 1 1
v 0.157203332 8.24716949 0.41103515 1 1 1
v 0.219130248 8.6680479 0.711551428 1 1 1
v 0.0920385122 9.06395912 1.11801875 1 1 1
v 0.167855829 9.05161095 1.12602866 1 1 1
v 0.0275762007 9.10147381 1.07991707 1 1 1
v 0.0444694124 9.15294933 1.01650262 1 1 1
v 0.0898623765 9.19102192 0.967550695 1 1 1
v 0.168419406 9.20323944 0.946602225 1 1 1
v 0.235967398 9.16946125 0.980340123 1 1 1
v 0.277410239 9.11983395 1.03620124 1 1 1
v 0.233711973 9.07456207 1.09294319 1 1 1
v 0.111724168 9.52794266 1.4591285 1 1 1
v 0.191611499 9.52981949 1.44282377 1 1 1
v 0.083970353 9.56479645 1.39183283 1 1 1
v 0.0785022676 9.59703636 1.33270431 1 1 1
v 0.115842275 9.62514114 1.27604675 1 1 1
v 0.189638183 9.625 1.26597321 1 1 1
v 0.245175302 9.60200882 1.3007338 1 1 1
v 0.273467422 9.57160473 1.35406399 1 1 1
v 0.273584723 9.53302288 1.42814171 1 1 1
v 0.177147403 10.0679178 1.62743115 1 1 1
v 0.232684791 10.0654478 1.63187277 1 1 1
v 0.134006321 10.0808325 1.58903873 1 1 1
v 0.142003968 10.0974751 1.53382206 1 1 1
v 0.174614221 10.1099758 1.4921217 1 1 1
v 0.228647843 10.1126394 1.48074579 1 1 1
v 0.26975745 10.1016741 1.51237595 1 1 1
v 0.29473415 10.0881824 1.55529499 1 1 1
v 0.283609927 10.0722332 1.60808313 1 1 1
v 0.161417797 10.617939 1.73833096 1 1 1
v 0.200835764 10.6190634 1.73541903 1 1 1
v 0.132504329 10.6218176 1.70771921 1 1 1
v 0.144002587 10.6273441 1.66952193 1 1 1
v 0.154713556 10.6348677 1.62692511 1 1 1
v 0.198372796 10.6341238 1.63492191 1 1 1
v 0.234746829 10.6336098 1.6469512 1 1 1
v 0.243512735 10.6280022 1.68416166 1 1 1
v 0.231745526 10.6225863 1.71792758 1 1 1
v 0.174478352 11.1765642 1.744205 1 1 1
v 0.194930807 11.1824236 1.76173949 1 1 1
v 0.156498805 11.1802502 1.73347712 1 1 1
v 0.156075031 11.1816654 1.71119213 1 1 1
v 0.172450379 11.1804638 1.69767761 1 1 1
v 0.191321179 11.1813822 1.69295526 1 1 1
v 0.220389321 11.1889324 1.69260693 1 1 1
v 0.217318162 11.1803961 1.72085106 1 1 1
v 0.209162533 11.1782389 1.73921239 1 1 1
v 0.175625458 11.1843185 1.74251735 1 1 1
v 0.191557631 11.1842661 1.74498117 1 1 1
v 0.164969802 11.1850405 1.73045397 1 1 1
v 0.164610878 11.1860905 1.71437454 1 1 1
v 0.174668863 11.1869822 1.70182371 1 1 1
v 0.190470293 11.187294 1.69866884 1 1 1
v 0.204601273 11.186882 1.70638978 1 1 1
v 0.210482463 11.1859407 1.72136712 1 1 1
v 0.205309451 11.184907 1.73659122 1 1 1
v -0.0211637579 7.77331829 0.176738113 1 1 1
v -0.0620441884 7.78272009 0.174664274 1 1 1
v 0.048301369 7.77856159 0.191732094 1 1 1
v 0.029064836 7.8017025 0.201679707 1 1 1
v -0.106799096 7.88983297 0.161157414 1 1 1
v -0.125990108 7.90019703 0.142158791 1 1 1
v -0.109909728 8.10292244 0.129949808 1 1 1
v -0.0348701254 8.40402794 0.176539093 1 1 1
v -0.102192082 8.13218784 0.133141756 1 1 1
v -0.0996111035 8.13990116 0.132308677 1 1 1
v -0.0968831331 8.15036297 0.133544415 1 1 1
v 0.0780984312 8.3695879 0.15340744 1 1 1
v 0.125102133 8.19111156 0.104139619 1 1 1
v 0.131697208 8.17137337 0.0977103189 1 1 1
v 0.137802497 8.14944363 0.0898076743 1 1 1
v 0.148909375 8.11540794 0.0785569251 1 1 1
v 0.178601652 7.87007713 0.0558881648 1 1 1
v 0.169842198 7.83645439 0.0676632896 1 1 1
v 0.139809147 7.77189207 0.121864125 1 1 1
v 0.136305556 7.77611589 0.127010435 1 1 1
v 0.0925963596 7.79105282 0.167772159 1 1 1
v -0.265281737 12.6235867 0.210101277 1 1 1
v -0.259333849 12.6237116 0.21465376 1 1 1
v -0.268487245 12.6223297 0.220524579 1 1 1
v -0.25760892 12.6228523 0.221888527 1 1 1
v -0.260942876 12.6214046 0.228436545 1 1 1
v -0.267750233 12.6200485 0.231237233 1 1 1
v -0.274860859 12.6194172 0.228974089 1 1 1
v -0.27893877 12.6198063 0.222709626 1 1 1
v -0.278090775 12.6210346 0.215370774 1 1 1
v -0.272691518 12.6225262 0.210403502 1 1 1
v 0.019374676 10.5438614 -0.0747506768 1 1 1
v 0.0698702484 10.536788 -0.0363689288 1 1 1
v 0.00766129745 11.0326033 -0.0204181168 1 1 1
v -0.0364661217 11.030695 -0.0628741086 1 1 1
v 0.085398674 10.5419741 0.0246931557 1 1 1
v 0.0411879793 11.0340919 0.039399419 1 1 1
v 0.052189514 10.5405083 0.0783166811 1 1 1
v -0.00819467381 11.0265188 0.0862323344 1 1 1
v -0.00469408836 10.5314951 0.103870407 1 1 1
v -0.0599801093 11.020895 0.110544011 1 1 1
v -0.0666648597 10.5338173 0.0894328058 1 1 1
v -0.13336882 11.0153046 0.116161704 1 1 1
v -0.0952416658 10.5315018 0.0330771878 1 1 1
v -0.146535799 11.0158215 0.0435340777 1 1 1
v -0.0880079195 10.5282259 -0.0294411201 1 1 1
v -0.146349266 11.0187988 -0.0178236254 1 1 1
v -0.0418466032 10.5300989 -0.071530357 1 1 1
v -0.0969093665 11.0245228 -0.0541596264 1 1 1
v -0.0224901792 11.5760355 0.0169365592 1 1 1
v -0.0807690918 11.5694847 0.00157371443 1 1 1
v -0.0389714055 11.5665026 0.0751395673 1 1 1
v -0.0542440601 11.5603294 0.117370158 1 1 1
v -0.0972230732 11.5531349 0.134887889 1 1 1
v -0.142634049 11.5489836 0.121903509 1 1 1
v -0.162826061 11.5507088 0.0804133192 1 1 1
v -0.156490535 11.5560255 0.0377096906 1 1 1
v -0.139408037 11.566226 -0.0242637657 1 1 1
v -0.142933443 12.0989876 0.106179871 1 1 1
v -0.182368279 12.0933485 0.0974433497 1 1 1
v -0.151203647 12.0913563 0.145339191 1 1 1
v -0.163831264 12.0854101 0.172998548 1 1 1
v -0.192337364 12.0792427 0.184440315 1 1 1
v -0.237065256 12.0715771 0.194859013 1 1 1
v -0.265226513 12.0730362 0.154440746 1 1 1
v -0.251455992 12.0813637 0.109656945 1 1 1
v -0.212366015 12.0884781 0.098388508 1 1 1
v -0.248617053 12.6164083 0.207223654 1 1 1
v -0.257499903 12.6254845 0.185103536 1 1 1
v -0.238974884 12.6184263 0.22332707 1 1 1
v -0.247849807 12.6145535 0.24059172 1 1 1
v -0.265794367 12.6095114 0.243008092 1 1 1
v -0.282175362 12.6083784 0.238885477 1 1 1
v -0.307663262 12.6138115 0.228820071 1 1 1
v -0.290962845 12.6126757 0.206996456 1 1 1
v -0.27695623 12.6152725 0.196530253 1 1 1
v -0.251235217 12.6230392 0.209341049 1 1 1
v -0.262281686 12.6228094 0.200890198 1 1 1
v -0.248034805 12.6214466 0.222774774 1 1 1
v -0.254224032 12.6187572 0.234934673 1 1 1
v -0.266864598 12.6162395 0.240134299 1 1 1
v -0.280068338 12.6150684 0.235932752 1 1 1
v -0.287640363 12.6157913 0.224301293 1 1 1
v -0.286064506 12.6180706 0.210673183 1 1 1
v -0.276040554 12.6208382 0.201447904 1 1 1
v 0.136358172 10.0454311 -0.0967885926 1 1 1
v 0.143740669 10.0299902 -0.0927621797 1 1 1
v 0.162029147 10.0287399 -0.0788502246 1 1 1
v 0.167046323 10.0287123 -0.0750000849 1 1 1
v 0.0859411731 10.0778637 -0.128229335 1 1 1
v 0.0883645937 10.0800133 -0.126633853 1 1 1
v 0.0986787602 10.0673771 -0.122356325 1 1 1
v 0.16786781 10.0427399 -0.0407703109 1 1 1
v 0.175498024 10.0571413 0.00505593233 1 1 1
v 0.176888376 10.055891 0.0103513598 1 1 1
v 0.178346962 10.0565062 0.0174254272 1 1 1
v 0.143565223 10.0604839 0.0850436836 1 1 1
v 0.142260432 10.0603619 0.087532416 1 1 1
v 0.136248112 10.0620441 0.0984708443 1 1 1
v 0.144239843 10.0588913 0.0841477439 1 1 1
v 0.0723311976 10.0865803 0.131428212 1 1 1
v 0.0675098449 10.0767803 0.133233219 1 1 1
v 0.0585577451 10.0366621 0.136111498 1 1 1
v 0.0563446321 10.032959 0.136957198 1 1 1
v 0.055679094 10.0307589 0.137188077 1 1 1
v -0.0252629649 10.0797234 0.108068556 1 1 1
v -0.0333548635 10.0569696 0.104621954 1 1 1
v 0.0544602908 10.0330915 0.136600494 1 1 1
v 0.045135051 10.0449886 0.1311519 1 1 1
v 0.0163576249 10.0628405 0.120518826 1 1 1
v -0.0454801209 10.0442553 0.0820569843 1 1 1
v -0.0784974396 10.0488415 0.0308550075 1 1 1
v -0.0797581226 10.0481424 0.0287829563 1 1 1
v -0.0686907619 10.0326681 -0.060843315 1 1 1
v -0.0685941502 10.0325041 -0.0614876933 1 1 1
v -0.0747961253 10.0401974 -0.0185006838 1 1 1
v -0.0442690738 10.030241 -0.08987391 1 1 1
v -0.00352202216 10.0236063 -0.12623547 1 1 1
v -0.00184381881 10.0237856 -0.127770007 1 1 1
v 0.0364514776 10.0490246 -0.127069548 1 1 1
v -0.5821172 12.7549524 1.03377318 1 1 1
v -0.582109094 12.7567825 1.02325606 1 1 1
v -0.574779689 12.754776 1.02833021 1 1 1
v -0.572370648 12.7545118 1.01952028 1 1 1
v -0.566359937 12.7512789 1.02772808 1 1 1
v -0.572383523 12.7515507 1.03653693 1 1 1
v -0.455246627 11.370389 0.401858002 1 1 1
v -0.460482985 11.3984585 0.37161842 1 1 1
v -0.796233654 11.6417761 0.700177848 1 1 1
v -0.791930497 11.6164932 0.746729851 1 1 1
v -0.441512883 11.4266605 0.383568019 1 1 1
v -0.738462389 11.6668215 0.680186689 1 1 1
v -0.415831417 11.4118233 0.414417416 1 1 1
v -0.718085468 11.6414967 0.732735813 1 1 1
v -0.42262587 11.3775864 0.424932778 1 1 1
v -0.744518876 11.6142321 0.770882607 1 1 1
v -0.76636821 12.1954432 0.914598286 1 1 1
v -0.767971814 12.1872454 0.946229517 1 1 1
v -0.735994041 12.1931553 0.904697299 1 1 1
v -0.713459134 12.1831379 0.928858399 1 1 1
v -0.736185491 12.1791277 0.957459271 1 1 1
v -0.587225437 12.7546453 1.01982772 1 1 1
v -0.591054857 12.7564173 1.0408951 1 1 1
v -0.570915997 12.7526283 1.0120635 1 1 1
v -0.551185429 12.7492456 1.0273937 1 1 1
v -0.570383012 12.7476673 1.04413116 1 1 1
v -0.14932394 11.1073694 0.0498460941 1 1 1
v -0.148338273 11.1136341 0.0424794778 1 1 1
v -0.148938671 11.1550083 0.000869844807 1 1 1
v -0.145946994 11.0890169 0.064150922 1 1 1
v -0.152636081 11.2161226 0.0573444031 1 1 1
v -0.151274443 11.2295361 0.0680495203 1 1 1
v -0.149931952 11.2001171 0.0415470339 1 1 1
v -0.144746959 11.2221098 0.102353543 1 1 1
v -0.136869773 11.2169609 0.118331298 1 1 1
v -0.0886452571 11.2040405 0.114483587 1 1 1
v -0.0811013058 11.2015533 0.116433047 1 1 1
v -0.0749975592 11.1168442 0.112607926 1 1 1
v -0.0749064833 11.113903 0.112573192 1 1 1
v -0.134987071 11.1085157 0.11716456 1 1 1
v -0.1383439 11.1057301 0.110124104 1 1 1
v -0.124418922 13.6539879 -0.850501657 1 1 1
v -0.118637457 13.6539316 -0.84458077 1 1 1
v -0.125625312 13.654459 -0.843535364 1 1 1
v -0.122475386 13.653492 -0.837261856 1 1 1
v -0.130629271 13.6532774 -0.838659406 1 1 1
v -0.131830543 13.6535835 -0.846842349 1 1 1
v -0.062118113 12.0397434 -0.382574975 1 1 1
v -0.038773194 12.0562668 -0.367092401 1 1 1
v 0.00960848201 12.4539127 -0.760406733 1 1 1
v -0.0212594904 12.4398565 -0.789214492 1 1 1
v -0.0535854846 12.0792046 -0.353187412 1 1 1
v -0.0118892025 12.4686432 -0.720962107 1 1 1
v -0.0874280334 12.0772715 -0.360081375 1 1 1
v -0.0657131821 12.464385 -0.722531974 1 1 1
v -0.0932299942 12.0519199 -0.380424649 1 1 1
v -0.0717031434 12.4417038 -0.776659012 1 1 1
v -0.0793739632 13.0462618 -0.873128355 1 1 1
v -0.100236692 13.0428324 -0.897258699 1 1 1
v -0.0865047798 13.0491152 -0.83144629 1 1 1
v -0.128326192 13.0443926 -0.846771181 1 1 1
v -0.134551823 13.0410814 -0.884933114 1 1 1
v -0.108656868 13.6544971 -0.846030354 1 1 1
v -0.123028994 13.6532631 -0.858516932 1 1 1
v -0.117552079 13.6540756 -0.827226043 1 1 1
v -0.133962378 13.6498375 -0.835441232 1 1 1
v -0.135168776 13.6497927 -0.848822355 1 1 1
v -0.086462073 11.6179762 0.0111534903 1 1 1
v -0.0489977337 11.6522064 0.0277995784 1 1 1
v -0.0952098444 11.6109304 0.00643184176 1 1 1
v -0.0896034986 11.615037 0.00990991481 1 1 1
v -0.0762515664 11.7146387 0.0353863426 1 1 1
v -0.097630471 11.7131062 0.0299469493 1 1 1
v -0.108458608 11.7122564 0.027701715 1 1 1
v -0.137183562 11.7135735 0.0158186946 1 1 1
v -0.147870332 11.6700583 -0.000289930933 1 1 1
v -0.151252314 11.6510105 -0.00435192836 1 1 1
v -0.151670754 11.6489649 -0.00238311756 1 1 1
v -0.151146844 11.6502552 -0.0045292289 1 1 1
v -0.14616704 11.6491594 -0.00511539681 1 1 1
v 0.269144237 13.8450346 1.01439714 1 1 1
v 0.262859881 13.8453617 1.01188934 1 1 1
v 0.267758727 13.845542 1.00878596 1 1 1
v 0.263279617 13.8450098 1.00513732 1 1 1
v 0.26982376 13.8444662 1.00347149 1 1 1
v 0.273448139 13.8444824 1.00919545 1 1 1
v -0.0157314986 12.3136425 0.561539769 1 1 1
v -0.0362634137 12.3308296 0.562013984 1 1 1
v 0.090256013 12.6986837 0.959695876 1 1 1
v 0.122822128 12.6843567 0.974744916 1 1 1
v -0.0288202837 12.3502789 0.548748374 1 1 1
v 0.0952110291 12.7122679 0.925828338 1 1 1
v -0.00464105234 12.3429832 0.533308506 1 1 1
v 0.134138122 12.7107868 0.908218741 1 1 1
v 0.00659590587 12.3192873 0.543024778 1 1 1
v 0.167769581 12.68647 0.945895731 1 1 1
v 0.208457589 13.2623482 1.04798532 1 1 1
v 0.231848836 13.258647 1.05923247 1 1 1
v 0.210895985 13.2634087 1.02368414 1 1 1
v 0.234314114 13.2607393 1.016675 1 1 1
v 0.250304252 13.257431 1.03829598 1 1 1
v 0.259835154 13.8421583 1.01381588 1 1 1
v 0.270196229 13.8427153 1.01928616 1 1 1
v 0.259807467 13.8422251 1.00256145 1 1 1
v 0.270401329 13.8402252 1.00147629 1 1 1
v 0.277049422 13.8410788 1.00959849 1 1 1
v -0.165748253 11.9321699 0.170587987 1 1 1
v -0.1907579 11.9607182 0.178072095 1 1 1
v -0.156080619 11.9200954 0.166375116 1 1 1
v -0.177139416 11.9951782 0.176522523 1 1 1
v -0.172919661 12.0062771 0.175009385 1 1 1
v -0.169587702 12.0150356 0.17384252 1 1 1
v -0.14836213 12.0112906 0.165146142 1 1 1
v -0.144959509 12.0069809 0.158207804 1 1 1
v -0.130477965 11.9915829 0.133242011 1 1 1
v -0.121013403 11.9340563 0.131355107 1 1 1
v -0.127506644 11.9344482 0.144529104 1 1 1
v -0.132543743 11.9354973 0.157116443 1 1 1
v -0.150886938 11.9234848 0.164308369 1 1 1
v 1.51362729 12.8429403 -0.646928787 1 1 1
v 1.51599753 12.8422842 -0.636908352 1 1 1
v 1.50800598 12.844079 -0.640212357 1 1 1
v 1.507213 12.8427525 -0.631516516 1 1 1
v 1.49941361 12.8436995 -0.638204396 1 1 1
v 1.5033778 12.8438148 -0.647729993 1 1 1
v 1.0266695 10.9820719 -0.119446516 1 1 1
v 1.04992509 11.0068226 -0.0917826891 1 1 1
v 1.34887838 11.2676144 -0.394435406 1 1 1
v 1.33301175 11.2422619 -0.453703552 1 1 1
v 1.03325677 11.0449448 -0.091851972 1 1 1
v 1.30251968 11.3054352 -0.368723154 1 1 1
v 0.993263125 11.0404453 -0.112244979 1 1 1
v 1.25728595 11.3036842 -0.411786169 1 1 1
v 0.991188943 11.0040512 -0.13332811 1 1 1
v 1.26907253 11.2675295 -0.46577087 1 1 1
v 1.49088371 11.7653265 -0.566818714 1 1 1
v 1.46594453 11.7571383 -0.615481913 1 1 1
v 1.43909276 11.7791443 -0.54296428 1 1 1
v 1.40563893 11.775547 -0.578889608 1 1 1
v 1.4143827 11.7621174 -0.629899323 1 1 1
v 1.48724437 12.3004017 -0.655501485 1 1 1
v 1.49075401 12.2984877 -0.697299838 1 1 1
v 1.4613843 12.3031578 -0.634621501 1 1 1
v 1.43419802 12.303648 -0.658187926 1 1 1
v 1.44230378 12.3013096 -0.699926496 1 1 1
v 1.51956213 12.8374872 -0.635484636 1 1 1
v 1.51570821 12.8381748 -0.650031805 1 1 1
v 1.50595438 12.8492174 -0.608399093 1 1 1
v 1.49580789 12.8389111 -0.637666583 1 1 1
v 1.50100088 12.839467 -0.651224852 1 1 1
v 0.79089582 10.7326603 0.23860316 1 1 1
v 0.732551932 10.6751518 0.201028243 1 1 1
v 0.791035116 10.7976408 0.213204592 1 1 1
v 0.791385591 10.8006306 0.211753502 1 1 1
v 0.787319183 10.827075 0.205342919 1 1 1
v 0.791288376 10.7565498 0.22860159 1 1 1
v 0.747659504 10.8268394 0.178755805 1 1 1
v 0.711730003 10.8160439 0.18303737 1 1 1
v 0.691320896 10.809103 0.187986329 1 1 1
v 0.750398993 10.8273354 0.179445699 1 1 1
v 0.675750434 10.7261591 0.164150029 1 1 1
v 0.689684153 10.7242212 0.160338253 1 1 1
v 0.719709992 10.6919842 0.18635942 1 1 1
v 0.727413237 10.6854496 0.191015527 1 1 1
v 0.677045763 10.7261028 0.163659275 1 1 1
v 1.4490155 13.1428099 1.21499181 1 1 1
v 1.44030726 13.1417971 1.21406448 1 1 1
v 1.44540048 13.1414642 1.20850468 1 1 1
v 1.43873298 13.1391993 1.20578885 1 1 1
v 1.44646823 13.1386051 1.20160234 1 1 1
v 1.45282316 13.1408367 1.20729029 1 1 1
v 1.12776411 11.2050037 0.777489364 1 1 1
v 1.09756446 11.2250805 0.78605777 1 1 1
v 1.33439183 11.4629059 1.2103982 1 1 1
v 1.38861787 11.4414406 1.2086463 1 1 1
v 1.10529971 11.258646 0.776307821 1 1 1
v 1.32178307 11.5030584 1.15860546 1 1 1
v 1.14332557 11.257514 0.765845776 1 1 1
v 1.37979507 11.4924011 1.13795733 1 1 1
v 1.15150547 11.2225628 0.756608129 1 1 1
v 1.41666114 11.4600458 1.16352916 1 1 1
v 1.45787907 12.0004034 1.40206873 1 1 1
v 1.49724281 11.9956188 1.40423572 1 1 1
v 1.45396876 12.007803 1.36315274 1 1 1
v 1.48676395 12.0080652 1.34209383 1 1 1
v 1.51281476 11.99998 1.37061214 1 1 1
v 1.47091472 12.5819473 1.39936471 1 1 1
v 1.50321078 12.5821037 1.39470541 1 1 1
v 1.47147584 12.5769672 1.36611307 1 1 1
v 1.49596906 12.5756454 1.35159254 1 1 1
v 1.5133785 12.5791311 1.37217033 1 1 1
v 1.4322902 13.1443529 1.22203052 1 1 1
v 1.4511385 13.1400099 1.21931267 1 1 1
v 1.43444729 13.1350927 1.20472407 1 1 1
v 1.44724202 13.1334343 1.19998276 1 1 1
v 1.46150219 13.1401625 1.2058562 1 1 1
v 0.87336868 10.930932 0.358645231 1 1 1
v 0.855613828 10.95187 0.375211537 1 1 1
v 0.841923892 10.9572649 0.37135452 1 1 1
v 0.822802484 10.9737682 0.380035669 1 1 1
v 0.854922295 11.04039 0.394068658 1 1 1
v 0.858525872 11.0489321 0.394722313 1 1 1
v 0.919112206 11.056427 0.399281025 1 1 1
v 0.936702132 11.056447 0.392509878 1 1 1
v 0.860842347 11.0494432 0.395676523 1 1 1
v 0.8908059 11.0514936 0.390538782 1 1 1
v 0.918931127 10.9709902 0.322169185 1 1 1
v 0.918270946 10.9676905 0.319568038 1 1 1
v 0.937199175 11.0496187 0.38914758 1 1 1
v 0.932373643 11.0131903 0.362877786 1 1 1
v 0.916711748 10.9666224 0.320724458 1 1 1
v 0.898207426 10.950284 0.349462956 1 1 1
v 0.881565511 10.9370337 0.358318925 1 1 1
v 0.621730626 13.3409777 0.306313723 1 1 1
v 0.618626952 13.339962 0.299870014 1 1 1
v 0.624631822 13.3410807 0.300850928 1 1 1
v 0.62386471 13.3395157 0.294914424 1 1 1
v 0.630205631 13.3402567 0.298295528 1 1 1
v 0.628886759 13.3411589 0.305340707 1 1 1
v 0.873099923 11.7731218 0.419533193 1 1 1
v 0.861253619 11.7640285 0.393895328 1 1 1
v 0.746749818 12.2668352 0.40729484 1 1 1
v 0.763433993 12.2722368 0.442486823 1 1 1
v 0.879877508 11.7740011 0.375223666 1 1 1
v 0.77425611 12.2727776 0.382539958 1 1 1
v 0.901389122 11.8052578 0.388922423 1 1 1
v 0.813135624 12.2830601 0.394550115 1 1 1
v 0.897795677 11.8102512 0.419638097 1 1 1
v 0.809295893 12.2839546 0.444664478 1 1 1
v 0.626814306 12.7974138 0.370969236 1 1 1
v 0.63729614 12.8015013 0.395280272 1 1 1
v 0.643648565 12.7968082 0.339363515 1 1 1
v 0.671431243 12.8031168 0.363117963 1 1 1
v 0.665932894 12.8054256 0.392782032 1 1 1
v 0.60905236 13.3396931 0.298113644 1 1 1
v 0.618081987 13.3408594 0.313173473 1 1 1
v 0.622409701 13.3390608 0.284177512 1 1 1
v 0.634338796 13.3372383 0.296779871 1 1 1
v 0.631474137 13.3381166 0.308352262 1 1 1
v 0.961216211 11.2712317 0.41541025 1 1 1
v 0.945287287 11.2421551 0.373529702 1 1 1
v 0.969916344 11.2459688 0.422112495 1 1 1
v 0.96188587 11.2695999 0.416080236 1 1 1
v 0.950490892 11.2479219 0.368215859 1 1 1
v 0.974990785 11.2605677 0.34253177 1 1 1
v 0.977140903 11.2618589 0.340260565 1 1 1
v 0.982611239 11.2539406 0.335536808 1 1 1
v 0.945921361 11.2428989 0.372930944 1 1 1
v 0.995298803 11.2822523 0.346130103 1 1 1
v 0.997764528 11.2975903 0.349610776 1 1 1
v 0.997980535 11.2994652 0.349994242 1 1 1
v 1.01474762 11.3537235 0.366277844 1 1 1
v 1.01365387 11.3756037 0.387993604 1 1 1
v 1.01288092 11.3781338 0.390982062 1 1 1
v 1.00775969 11.3783894 0.42334637 1 1 1
v 1.00739777 11.3786716 0.425432235 1 1 1
v 0.994813085 11.3463097 0.421496004 1 1 1
v 0.99479872 11.3462744 0.421493948 1 1 1
v 0.98624593 11.3261518 0.422210217 1 1 1
v 0.977242529 11.2769508 0.421981186 1 1 1
v 1.57386053 12.930172 -0.0816543698 1 1 1
v 1.56896961 12.9316607 -0.0791716725 1 1 1
v 1.56945217 12.9299784 -0.0837141201 1 1 1
v 1.56471336 12.9301119 -0.0826055855 1 1 1
v 1.56697333 12.9276676 -0.0872104764 1 1 1
v 1.57262659 12.9277048 -0.0866226032 1 1 1
v 1.35306382 11.9977684 0.308554947 1 1 1
v 1.35528803 11.9670801 0.305697292 1 1 1
v 1.14464307 11.4693279 0.449940681 1 1 1
v 1.11497796 11.4916887 0.463200718 1 1 1
v 1.16135764 11.5615072 0.447523892 1 1 1
v 1.16162515 11.5612345 0.447400928 1 1 1
v 1.16304314 11.564044 0.446954191 1 1 1
v 1.54401684 12.4467678 0.190763921 1 1 1
v 1.57074738 12.4374475 0.178348795 1 1 1
v 1.34990716 12.0131845 0.290804327 1 1 1
v 1.52594697 12.4407625 0.170106918 1 1 1
v 1.34580171 11.9870768 0.278528899 1 1 1
v 1.53535199 12.4302368 0.148472965 1 1 1
v 1.35269809 11.9637747 0.285944641 1 1 1
v 1.56343937 12.4268513 0.150558814 1 1 1
v 1.5680443 12.9377394 -0.0705881864 1 1 1
v 1.57618678 12.9275312 -0.0791101083 1 1 1
v 1.56074405 12.9283237 -0.0807295367 1 1 1
v 1.56582296 12.9234924 -0.0869742855 1 1 1
v 1.57769203 12.9246778 -0.0915274024 1 1 1
v 1.11190701 11.4928617 0.459148437 1 1 1
v 1.11662316 11.4974594 0.45986861 1 1 1
v 1.14106536 11.5390377 0.448335499 1 1 1
v 1.18908978 11.6202326 0.42610392 1 1 1
v 1.18491721 11.6280985 0.415204763 1 1 1
v 1.17481589 11.6271315 0.406026512 1 1 1
v 1.18022156 11.5935345 0.438711643 1 1 1
v 1.15316236 11.5621099 0.392794669 1 1 1
v 1.14524984 11.541111 0.388893604 1 1 1
v 1.14660537 11.540247 0.38901031 1 1 1
v 1.15021539 11.5235176 0.3940382 1 1 1
v 1.14771366 11.4786415 0.407771677 1 1 1
v 1.14626324 11.4740896 0.408993512 1 1 1
v 1.14506292 11.4719715 0.417479038 1 1 1
v 1.14087236 11.4655018 0.419940591 1 1 1
v -1.6893779 12.1825857 -1.10676777 1 1 1
v -1.67761624 12.1819534 -1.10513628 1 1 1
v -1.68467748 12.1812401 -1.09784198 1 1 1
v -1.67563665 12.1788368 -1.09383309 1 1 1
v -1.68617511 12.1775436 -1.0884788 1 1 1
v -1.6946677 12.1798601 -1.09647322 1 1 1
v -1.32375264 10.3511295 -0.512204528 1 1 1
v -1.35804057 10.3200512 -0.493542165 1 1 1
v -1.11041844 9.98605156 -0.0932197422 1 1 1
v -1.10703027 9.98839569 -0.09422414 1 1 1
v -1.10279596 10.0167818 -0.123583384 1 1 1
v -1.08845115 10.0298319 -0.131283775 1 1 1
v -1.06166983 10.0646 -0.157147855 1 1 1
v -1.06036675 10.0648451 -0.156809002 1 1 1
v -1.16466558 10.0370998 -0.0270382166 1 1 1
v -1.38749599 10.3462029 -0.461202741 1 1 1
v -1.54460096 10.623353 -0.904374003 1 1 1
v -1.61049509 10.5968208 -0.907541633 1 1 1
v -1.33200192 10.3962727 -0.494092852 1 1 1
v -1.53898323 10.669364 -0.853320539 1 1 1
v -1.37613988 10.3984985 -0.471205741 1 1 1
v -1.60035384 10.6741791 -0.82190752 1 1 1
v -1.65113807 10.6291618 -0.85302484 1 1 1
v -1.64000273 11.0918589 -1.19826078 1 1 1
v -1.69007194 11.0830069 -1.20798826 1 1 1
v -1.6306324 11.1107149 -1.15094101 1 1 1
v -1.68025422 11.1206646 -1.11173165 1 1 1
v -1.71920907 11.0976458 -1.16118717 1 1 1
v -1.66585732 11.6391439 -1.27464104 1 1 1
v -1.70977294 11.6386337 -1.27818131 1 1 1
v -1.66634929 11.6363087 -1.23280132 1 1 1
v -1.69803905 11.6347361 -1.21382666 1 1 1
v -1.72345912 11.6360331 -1.24140477 1 1 1
v -1.67380297 12.1788034 -1.11010635 1 1 1
v -1.69490635 12.1852407 -1.11701763 1 1 1
v -1.66868496 12.1750746 -1.09126568 1 1 1
v -1.68842506 12.175539 -1.07307971 1 1 1
v -1.70356023 12.1775742 -1.09555697 1 1 1
v -1.08913231 10.1660995 -0.139640674 1 1 1
v -1.12013555 10.1765566 -0.143939495 1 1 1
v -1.14508629 10.1757708 -0.127120838 1 1 1
v -1.18281984 10.1785345 -0.111793905 1 1 1
v -1.1847074 10.1773405 -0.107619844 1 1 1
v -1.17971683 10.1438808 -0.0901760906 1 1 1
v -1.17269945 10.095912 -0.0615119785 1 1 1
v -1.15232921 10.0639372 -0.0239562094 1 1 1
v -1.15148544 10.0618801 -0.0220889281 1 1 1
v -0.89879775 12.5882759 0.789579868 1 1 1
v -0.906719029 12.5915947 0.786693335 1 1 1
v -0.900104702 12.5914898 0.782643318 1 1 1
v -0.905858517 12.5936546 0.777911901 1 1 1
v -0.897405386 12.591608 0.775371671 1 1 1
v -0.893041611 12.5882835 0.782582939 1 1 1
v -1.19007611 11.0923853 0.215916589 1 1 1
v -1.16343844 11.0642996 0.221091211 1 1 1
v -1.25517797 10.5370445 0.0317993388 1 1 1
v -1.26376975 10.5412626 0.0289515294 1 1 1
v -1.29908895 10.6167593 0.0304028448 1 1 1
v -1.11879575 11.5592165 0.421857446 1 1 1
v -1.07149041 11.5505323 0.438228041 1 1 1
v -1.17898142 11.1292658 0.190314919 1 1 1
v -1.12032366 11.5851078 0.366871834 1 1 1
v -1.14953995 11.1068926 0.177036151 1 1 1
v -1.0630393 11.58148 0.371109664 1 1 1
v -1.13700926 11.0772371 0.198420912 1 1 1
v -1.0372473 11.5646563 0.406425685 1 1 1
v -1.09425437 12.0688038 0.659159541 1 1 1
v -1.06349146 12.0605574 0.666606009 1 1 1
v -1.08961272 12.0802984 0.626133084 1 1 1
v -1.05703902 12.0764942 0.620913565 1 1 1
v -1.04358792 12.0650883 0.645164609 1 1 1
v -0.91552937 12.5931101 0.792723 1 1 1
v -0.898538113 12.5837526 0.794103026 1 1 1
v -0.911730766 12.5948305 0.773091137 1 1 1
v -0.896479607 12.5890923 0.769930184 1 1 1
v -0.884713471 12.584691 0.782562673 1 1 1
v -1.2857846 10.6519194 0.0247935839 1 1 1
v -1.27003026 10.6943054 0.0241529439 1 1 1
v -1.25927222 10.723505 0.014073954 1 1 1
v -1.25598609 10.7326775 0.00143518054 1 1 1
v -1.22833407 10.6636801 -0.0382996351 1 1 1
v -1.2191298 10.6395864 -0.0517008305 1 1 1
v -1.24200046 10.7119226 -0.0124376342 1 1 1
v -1.21435332 10.6189766 -0.0416902527 1 1 1
v -1.19781148 10.573102 -0.0108693894 1 1 1
v -1.23472464 10.5597219 0.024857834 1 1 1
v -1.24644542 10.5423918 0.0252020061 1 1 1
v -1.25066698 10.537528 0.0264809821 1 1 1
v -1.19843864 10.5756845 -0.00785362255 1 1 1
v -1.20746076 10.5799265 0.00720202504 1 1 1
v -2.54366493 13.3722019 0.0704789385 1 1 1
v -2.53709865 13.3733273 0.067029953 1 1 1
v -2.53790927 13.3723602 0.073329173 1 1 1
v -2.53162432 13.3721333 0.0720193386 1 1 1
v -2.53480721 13.3702688 0.0785516351 1 1 1
v -2.54224896 13.3703117 0.0776005313 1 1 1
v -1.80560267 11.2703505 -0.140905082 1 1 1
v -1.79926693 11.2996807 -0.158879131 1 1 1
v -2.18715215 11.6757212 -0.26527065 1 1 1
v -2.22204757 11.6583624 -0.231533736 1 1 1
v -1.7943505 11.3240204 -0.136209711 1 1 1
v -2.16300344 11.6999283 -0.221418336 1 1 1
v -1.79786336 11.3076096 -0.108738117 1 1 1
v -2.18904901 11.6889315 -0.18608883 1 1 1
v -1.8055011 11.2742214 -0.110182114 1 1 1
v -2.22880054 11.6627455 -0.184853151 1 1 1
v -2.43611717 12.2237148 -0.278452188 1 1 1
v -2.46748805 12.2134495 -0.267971754 1 1 1
v -2.4122467 12.2280569 -0.256052911 1 1 1
v -2.42872596 12.2201729 -0.230080798 1 1 1
v -2.4589572 12.2118034 -0.233173519 1 1 1
v -2.5165813 12.7989826 -0.119325608 1 1 1
v -2.54011941 12.7896299 -0.0939958617 1 1 1
v -2.5027771 12.7910709 -0.0879241079 1 1 1
v -2.5111506 12.7846289 -0.0675866827 1 1 1
v -2.53463125 12.7836189 -0.0711211413 1 1 1
v -2.53670382 13.3695211 0.0637712404 1 1 1
v -2.54688144 13.3690491 0.0680132061 1 1 1
v -2.52617764 13.3701792 0.0704174265 1 1 1
v -2.53060603 13.3679609 0.0857980102 1 1 1
v -2.5527792 13.3706627 0.0892361775 1 1 1
v -1.40996218 10.9286318 -0.0931311995 1 1 1
v -1.39559519 10.8491411 -0.0630254671 1 1 1
v -1.40522456 10.8936033 -0.0794158205 1 1 1
v -1.41726816 10.988862 -0.0558033772 1 1 1
v -1.41458952 10.9605598 -0.0139679406 1 1 1
v -1.41199708 10.9569111 -0.0116103357 1 1 1
v -1.4025532 10.9432688 -0.00247196248 1 1 1
v -1.4165833 10.9843035 -0.0490652248 1 1 1
v -1.42066669 10.9863052 -0.0467333235 1 1 1
v -1.39661801 10.8944092 -0.00372603117 1 1 1
v -1.38973796 10.8561783 -0.00623223139 1 1 1
v -1.39201212 10.8582745 -0.00836010184 1 1 1
v -1.39676082 10.8624153 -0.0101323891 1 1 1
v -1.39698911 10.8545303 -0.0454208106 1 1 1
v -1.39622486 10.852809 -0.0498199202 1 1 1
v -0.70915091 13.4586821 -0.318857491 1 1 1
v -0.703613222 13.4570274 -0.316901088 1 1 1
v -0.70773381 13.4580784 -0.313863784 1 1 1
v -0.703960896 13.4560118 -0.310894907 1 1 1
v -0.709713519 13.4570379 -0.309139669 1 1 1
v -0.712921143 13.4586878 -0.314060867 1 1 1
v -1.40243101 11.1344604 -0.0888746977 1 1 1
v -1.3606205 11.1319437 -0.0771558061 1 1 1
v -1.21937335 11.718586 -0.192411572 1 1 1
v -1.24082899 11.7281551 -0.199715793 1 1 1
v -1.21894717 11.7296572 -0.1709598 1 1 1
v -1.35919654 11.136199 -0.0518793017 1 1 1
v -1.35798466 11.1450768 -0.0470161512 1 1 1
v -1.35795295 11.1429005 -0.0392612256 1 1 1
v -1.35805619 11.1405325 -0.0345702767 1 1 1
v -1.05709672 12.2845888 -0.321814865 1 1 1
v -1.09242618 12.2972336 -0.331926137 1 1 1
v -1.06291175 12.2948055 -0.288410276 1 1 1
v -1.23544681 11.7647066 -0.168447167 1 1 1
v -1.08780789 12.3081856 -0.276896983 1 1 1
v -1.24908519 11.7623396 -0.18565087 1 1 1
v -1.10494936 12.3093052 -0.303034574 1 1 1
v -0.830473244 12.8545494 -0.43607685 1 1 1
v -0.854385436 12.8621902 -0.445562989 1 1 1
v -0.81989038 12.8516798 -0.401572138 1 1 1
v -0.854774296 12.8627853 -0.400805801 1 1 1
v -0.871121228 12.8678446 -0.423363656 1 1 1
v -0.702171981 13.4533644 -0.319070786 1 1 1
v -0.711360633 13.46173 -0.327893883 1 1 1
v -0.695498288 13.4543705 -0.304251671 1 1 1
v -0.712700069 13.456315 -0.301294118 1 1 1
v -0.718943894 13.4584675 -0.314450502 1 1 1
v -1.36668682 11.1781998 -0.0365035832 1 1 1
v -1.38594699 11.2586441 -0.0402810425 1 1 1
v -1.38669276 11.2621546 -0.0419262983 1 1 1
v -1.39560127 11.2657595 -0.052370891 1 1 1
v -1.40254664 11.2755175 -0.0641385987 1 1 1
v -1.41149747 11.2554302 -0.0693407729 1 1 1
v -1.41511524 11.2471876 -0.0714059696 1 1 1
v -1.4090786 11.1720219 -0.0791809484 1 1 1
v -1.4071753 11.1362352 -0.0816689506 1 1 1
v -1.9156518 13.9653873 0.758124292 1 1 1
v -1.91990733 13.963665 0.757758737 1 1 1
v -1.91777945 13.9651928 0.754805684 1 1 1
v -1.92096996 13.963439 0.753282428 1 1 1
v -1.91737163 13.9650183 0.750882983 1 1 1
v -1.91408479 13.9662228 0.753876209 1 1 1
v -1.52980566 11.933279 0.177359983 1 1 1
v -1.54606819 11.9262886 0.175208583 1 1 1
v -1.63260031 12.4107428 0.36594668 1 1 1
v -1.60186136 12.4118719 0.367584974 1 1 1
v -1.55255663 11.9350538 0.160351455 1 1 1
v -1.64231181 12.4218483 0.340152264 1 1 1
v -1.5384841 11.9401855 0.151133075 1 1 1
v -1.61853218 12.4302664 0.324741811 1 1 1
v -1.5238632 11.9346352 0.160485014 1 1 1
v -1.59622717 12.424181 0.341111928 1 1 1
v -1.63475859 12.9239016 0.580720365 1 1 1
v -1.61623955 12.9241095 0.584599495 1 1 1
v -1.64263058 12.9288445 0.565636873 1 1 1
v -1.62731981 12.9372234 0.546868205 1 1 1
v -1.60419214 12.9328308 0.564086556 1 1 1
v -1.71878231 13.4460421 0.745092571 1 1 1
v -1.7004838 13.4516039 0.742429137 1 1 1
v -1.73142946 13.4467154 0.721708775 1 1 1
v -1.70777476 13.4536581 0.719321787 1 1 1
v -1.69854546 13.4545727 0.728643417 1 1 1
v -1.92243171 13.9609423 0.761632323 1 1 1
v -1.91380811 13.9613562 0.758234262 1 1 1
v -1.92105329 13.9595575 0.752489209 1 1 1
v -1.91697001 13.9656334 0.743346572 1 1 1
v -1.9001112 13.9796 0.749881387 1 1 1
v -1.46553433 11.4401579 0.00127630879 1 1 1
v -1.46646249 11.4401932 0.00128206646 1 1 1
v -1.4693104 11.4260807 -0.00282365782 1 1 1
v -1.44742942 11.4603214 0.00616145832 1 1 1
v -1.45168138 11.4595146 0.0069556688 1 1 1
v -1.45905066 11.4543285 0.00541649666 1 1 1
v -1.47784078 11.4479351 -0.00805440173 1 1 1
v -1.48047066 11.451705 -0.0137724327 1 1 1
v -1.48294544 11.4515228 -0.0238950644 1 1 1
v -1.48336208 11.4518938 -0.0250879359 1 1 1
v -1.47736871 11.4565964 -0.0288171619 1 1 1
v -1.47163987 11.4588928 -0.0325307287 1 1 1
v -1.46875274 11.4596367 -0.0344427377 1 1 1
v -1.46246624 11.4608755 -0.0386433005 1 1 1
v -1.46191621 11.4609547 -0.0390136987 1 1 1
v -1.45898461 11.460783 -0.0410459153 1 1 1
v -1.48302615 11.452075 -0.0253076982 1 1 1
v -1.48231077 11.4538136 -0.0256477874 1 1 1
v -1.44028318 11.461875 -0.0258580986 1 1 1
v -1.43780136 11.4589691 -0.0251800697 1 1 1
v -1.43491435 11.4563541 -0.0240589492 1 1 1
v -1.43093574 11.4408932 -0.0276648458 1 1 1
v -1.45468295 11.4622421 -0.0369571187 1 1 1
v -1.45454967 11.4622869 -0.0368335322 1 1 1
v -1.44960821 11.4625654 -0.032848876 1 1 1
v -1.44678557 11.4627256 -0.0305726007 1 1 1
v -1.44371474 11.4623241 -0.0283461977 1 1 1
v -1.4350127 11.4563284 -0.0224240907 1 1 1
v -1.43865669 11.4590893 -0.015972713 1 1 1
v -1.43967056 11.4569073 -0.0126550747 1 1 1
v -1.44720542 11.4603462 0.00557759451 1 1 1
v -0.624997139 11.5295076 2.83667755 1 1 1
v -0.6342085 11.5262671 2.82587099 1 1 1
v -0.621891677 11.5277958 2.82472801 1 1 1
v -0.626335204 11.5233259 2.81397486 1 1 1
v -0.612258077 11.5247507 2.81742954 1 1 1
v -0.611431062 11.5285711 2.83146048 1 1 1
v -0.0343718119 8.93301201 1.63605726 1 1 1
v -0.0878599733 8.96438885 1.62770712 1 1 1
v -0.272574365 8.85343456 2.17974949 1 1 1
v -0.202709973 8.80816841 2.20338202 1 1 1
v -0.0788878649 9.01968098 1.64715123 1 1 1
v -0.247496247 8.93715477 2.16953206 1 1 1
v -0.0208759271 9.02271175 1.66966414 1 1 1
v -0.161239192 8.94807816 2.18645072 1 1 1
v 0.0136296861 8.97150135 1.65204036 1 1 1
v -0.122029968 8.85971165 2.21175241 1 1 1
v -0.382763803 9.12459183 2.73447037 1 1 1
v -0.326211989 9.10055065 2.77249599 1 1 1
v -0.35707739 9.18338299 2.68278646 1 1 1
v -0.276563048 9.18632889 2.70021296 1 1 1
v -0.260498285 9.13144398 2.75877309 1 1 1
v -0.453271836 9.67963505 3.0043478 1 1 1
v -0.419078857 9.67620468 3.04584122 1 1 1
v -0.428661346 9.69522762 2.96123505 1 1 1
v -0.374653459 9.7040596 2.96948719 1 1 1
v -0.366118848 9.69123363 3.02817202 1 1 1
v -0.590836287 10.2919884 3.01908112 1 1 1
v -0.561385989 10.2969379 3.05629063 1 1 1
v -0.567275286 10.2952318 2.97764111 1 1 1
v -0.521591067 10.3023911 2.99005532 1 1 1
v -0.519718766 10.3031168 3.03575706 1 1 1
v -0.637668371 10.9192162 2.99132967 1 1 1
v -0.609770238 10.9257956 3.02353573 1 1 1
v -0.613846123 10.915061 2.95587516 1 1 1
v -0.578590989 10.9192219 2.97036195 1 1 1
v -0.571633518 10.9253597 3.00681472 1 1 1
v -0.647753417 11.5256319 2.82684731 1 1 1
v -0.626299679 11.5258141 2.84350753 1 1 1
v -0.628754437 11.5171785 2.80879021 1 1 1
v -0.608130515 11.5184784 2.81579351 1 1 1
v -0.602279246 11.5283031 2.83758759 1 1 1
v 0.139453068 8.98799038 1.06109941 1 1 1
v 0.0977482498 9.00752163 1.0682528 1 1 1
v 0.0855192617 9.01268959 1.07105291 1 1 1
v 0.0343942083 9.05142879 1.04787052 1 1 1
v 0.0358110033 9.09668159 1.08478439 1 1 1
v 0.0406807475 9.15446854 1.1217016 1 1 1
v 0.0955870599 9.14759731 1.17950737 1 1 1
v 0.142993718 9.15158749 1.19301438 1 1 1
v 0.090640828 9.15072155 1.16545284 1 1 1
v 0.158788577 9.1285553 1.17983603 1 1 1
v 0.170994103 9.11478519 1.16787934 1 1 1
v 0.22815837 9.07262707 1.09573328 1 1 1
v 0.231796503 9.07057095 1.09068763 1 1 1
v 0.172328159 9.0181551 1.08987653 1 1 1
v 0.164557293 9.01130676 1.08861947 1 1 1
v -0.149484605 11.6745205 0.461227447 1 1 1
v -0.136317015 11.6752901 0.460029513 1 1 1
v -0.142220616 11.6771259 0.469529659 1 1 1
v -0.131192327 11.6768913 0.472136766 1 1 1
v -0.141192675 11.6771126 0.480817497 1 1 1
v -0.152497873 11.6756468 0.474075347 1 1 1
v -0.0089558363 9.96427345 0.965889871 1 1 1
v 0.0431939363 9.97676945 0.956705451 1 1 1
v -0.0668261647 10.4772863 0.719320238 1 1 1
v -0.140383676 10.4734125 0.726160467 1 1 1
v 0.0595654547 10.0103779 0.996991336 1 1 1
v -0.0414913557 10.5068836 0.780462265 1 1 1
v 0.0146515053 10.0318851 1.02553153 1 1 1
v -0.0960716158 10.5210104 0.823664546 1 1 1
v -0.023585083 9.98429394 1.01535702 1 1 1
v -0.164988473 10.5019732 0.794775903 1 1 1
v -0.0789353251 11.0551739 0.498657167 1 1 1
v -0.126617283 11.0546484 0.503374875 1 1 1
v -0.0628690273 11.0665922 0.541652203 1 1 1
v -0.0969347134 11.0755377 0.580237567 1 1 1
v -0.146817952 11.066618 0.551958442 1 1 1
v -0.131412774 11.6722746 0.452455461 1 1 1
v -0.15331243 11.6694174 0.456941068 1 1 1
v -0.119105592 11.6775322 0.474900812 1 1 1
v -0.14028202 11.6750183 0.489451885 1 1 1
v -0.157164127 11.6706305 0.47671029 1 1 1
v 0.105476663 9.45193386 1.15296113 1 1 1
v 0.150315166 9.45396328 1.14836085 1 1 1
v 0.181436971 9.46198654 1.14253402 1 1 1
v 0.188992321 9.45514202 1.14462042 1 1 1
v 0.0849515051 9.42261887 1.16533637 1 1 1
v 0.0853286907 9.42326832 1.16508555 1 1 1
v 0.221907765 9.52597237 1.22526598 1 1 1
v 0.178567216 9.57684612 1.23286068 1 1 1
v 0.118697286 9.61185646 1.26611316 1 1 1
v 0.187048241 9.57352066 1.22699118 1 1 1
v 0.0710349157 9.4995966 1.26332462 1 1 1
v 0.0653922781 9.46946239 1.26762879 1 1 1
v 0.0649525002 9.439044 1.27523041 1 1 1
v 0.114843495 9.60845184 1.26418686 1 1 1
v 0.112470739 9.60283566 1.26378632 1 1 1
v 0.063334696 9.44944 1.25741541 1 1 1
v 0.0672341064 9.45000076 1.22801101 1 1 1
v 1.17924762 12.0902729 1.99567032 1 1 1
v 1.16868114 12.0894518 2.00082588 1 1 1
v 1.17041862 12.0926895 1.99143159 1 1 1
v 1.16046453 12.0916042 1.99265516 1 1 1
v 1.16595316 12.0937567 1.98244965 1 1 1
v 1.17756164 12.0929327 1.98431325 1 1 1
v 0.572597504 10.0702991 1.66949582 1 1 1
v 0.532518208 10.0888062 1.69199252 1 1 1
v 0.860999048 10.4544744 1.9080658 1 1 1
v 0.917304993 10.4286728 1.8766892 1 1 1
v 0.541075468 10.1419392 1.68636823 1 1 1
v 0.81956619 10.4809971 1.86081827 1 1 1
v 0.561688781 10.1398726 1.64111936 1 1 1
v 0.845164418 10.4749241 1.79504621 1 1 1
v 0.578988314 10.0925856 1.62804282 1 1 1
v 0.909504116 10.4403162 1.8060832 1 1 1
v 1.06264818 10.9841919 1.89086044 1 1 1
v 1.10982323 10.9722347 1.86497521 1 1 1
v 1.02609861 10.9941387 1.85232162 1 1 1
v 1.04535115 10.9900141 1.79775202 1 1 1
v 1.10879469 10.9735756 1.8026135 1 1 1
v 1.14542735 11.5330734 1.90044105 1 1 1
v 1.19075024 11.5312815 1.88390207 1 1 1
v 1.1172334 11.5396452 1.86970663 1 1 1
v 1.13620317 11.5426245 1.83374262 1 1 1
v 1.17594385 11.5381842 1.83977664 1 1 1
v 1.16668344 12.0866337 2.012043 1 1 1
v 1.18498552 12.0859251 1.99783564 1 1 1
v 1.15205514 12.0892534 1.9933486 1 1 1
v 1.16317606 12.0911865 1.97634304 1 1 1
v 1.18466687 12.0928745 1.97715068 1 1 1
v 0.187536687 9.68141174 1.49483109 1 1 1
v 0.155400664 9.68851185 1.50403988 1 1 1
v 0.26157856 9.67113209 1.48125911 1 1 1
v 0.203474209 9.68451881 1.4974246 1 1 1
v 0.248915344 9.85416222 1.55102503 1 1 1
v 0.250528663 9.85808182 1.55154276 1 1 1
v 0.185746238 9.74802113 1.51768291 1 1 1
v 0.211152792 9.78465366 1.53276694 1 1 1
v 0.279904604 9.87294102 1.54157674 1 1 1
v 0.27934882 9.86190701 1.5013634 1 1 1
v 0.285114706 9.85452271 1.46427357 1 1 1
v 0.281526804 9.85004139 1.45502007 1 1 1
v 0.272162914 9.71985435 1.39547265 1 1 1
v 0.276300848 9.71146107 1.42502725 1 1 1
v 0.276474744 9.68846416 1.48001456 1 1 1
v 0.262871385 9.67248631 1.48150706 1 1 1
v 0.279602647 9.72063255 1.41211712 1 1 1
v -0.758118868 12.6824808 2.18289971 1 1 1
v -0.757891059 12.6818895 2.1728344 1 1 1
v -0.751052499 12.6830549 2.17797303 1 1 1
v -0.748232543 12.6815777 2.16994834 1 1 1
v -0.742491066 12.6819754 2.17823029 1 1 1
v -0.748601079 12.6825342 2.18623471 1 1 1
v -0.136341184 10.5306358 1.78350258 1 1 1
v -0.141071931 10.5488987 1.74405324 1 1 1
v -0.447436452 10.9839678 1.92548001 1 1 1
v -0.444252431 10.9619188 1.98826575 1 1 1
v -0.124287173 10.6031857 1.74774325 1 1 1
v -0.393410236 11.0245962 1.90817571 1 1 1
v -0.113322347 10.6214914 1.79196608 1 1 1
v -0.364689857 11.0196209 1.96730876 1 1 1
v -0.10841924 10.5597134 1.80468547 1 1 1
v -0.390711516 10.9881201 2.00694466 1 1 1
v -0.712267399 11.4970407 2.10155392 1 1 1
v -0.716013968 11.4855919 2.14640951 1 1 1
v -0.672459185 11.5127048 2.08963633 1 1 1
v -0.641853511 11.514266 2.12636662 1 1 1
v -0.668446243 11.4955053 2.17091465 1 1 1
v -0.783533454 12.08465 2.1950016 1 1 1
v -0.786371529 12.0828714 2.23134446 1 1 1
v -0.748942792 12.0873451 2.18130398 1 1 1
v -0.730262935 12.0868607 2.21355128 1 1 1
v -0.750837743 12.0843534 2.24329615 1 1 1
v -0.766437888 12.6814232 2.16635227 1 1 1
v -0.76531297 12.6813898 2.18794322 1 1 1
v -0.744330764 12.6813316 2.15880966 1 1 1
v -0.73709929 12.6783409 2.1785686 1 1 1
v -0.747356534 12.6786385 2.19082904 1 1 1
v 0.148378819 10.0520115 1.59700584 1 1 1
v 0.133964643 10.0797987 1.58879578 1 1 1
v 0.133916825 10.0799093 1.58868599 1 1 1
v 0.140294656 10.0817862 1.52963996 1 1 1
v 0.140108198 10.0825348 1.52781796 1 1 1
v 0.143776953 10.0778046 1.51948738 1 1 1
v 0.151363149 10.1010628 1.52185404 1 1 1
v 0.150655732 10.2177572 1.54677808 1 1 1
v 0.145180374 10.231781 1.55709064 1 1 1
v 0.142567128 10.2467775 1.57205844 1 1 1
v 0.137808993 10.2887306 1.61965525 1 1 1
v 0.133375451 10.3080597 1.63888752 1 1 1
v 0.144106805 10.3034468 1.6481266 1 1 1
v 0.165271372 10.2152672 1.64878953 1 1 1
v 0.173975572 10.1788282 1.64979374 1 1 1
v 0.206697926 10.0986061 1.6363287 1 1 1
v 0.175936893 10.1102457 1.6359657 1 1 1
v 0.174120516 10.1054735 1.63287485 1 1 1
v 0.159146741 10.0733061 1.61141193 1 1 1
v 0.7008937 13.091876 0.90238601 1 1 1
v 0.697666645 13.0928326 0.909874201 1 1 1
v 0.694060564 13.0926476 0.903843284 1 1 1
v 0.689495146 13.0924406 0.909184575 1 1 1
v 0.68767184 13.0912418 0.901269794 1 1 1
v 0.694716692 13.0908928 0.897068381 1 1 1
v 0.350871295 10.9685984 1.49395525 1 1 1
v 0.343343526 11.0091515 1.52017641 1 1 1
v 0.460148543 11.4902525 1.39656031 1 1 1
v 0.470691025 11.4674292 1.3544966 1 1 1
v 0.316243052 11.0643587 1.50976145 1 1 1
v 0.40696004 11.5055256 1.39049113 1 1 1
v 0.302174091 11.0181541 1.48055267 1 1 1
v 0.390271753 11.4868069 1.33684993 1 1 1
v 0.327644825 10.9751883 1.4683404 1 1 1
v 0.438422292 11.4600172 1.31374383 1 1 1
v 0.638409793 11.9801836 1.16159391 1 1 1
v 0.652599573 11.9622231 1.12231243 1 1 1
v 0.599221766 11.9856119 1.14797223 1 1 1
v 0.587605417 11.9765034 1.11378574 1 1 1
v 0.619779289 11.9625111 1.09892309 1 1 1
v 0.730318666 12.5252447 1.01175225 1 1 1
v 0.742782772 12.5179424 0.979757547 1 1 1
v 0.693075359 12.5274134 1.00964987 1 1 1
v 0.693027079 12.5206022 0.976455629 1 1 1
v 0.717511058 12.5145884 0.954095602 1 1 1
v 0.699753284 13.0896025 0.913638473 1 1 1
v 0.706288159 13.0891438 0.901556432 1 1 1
v 0.686481953 13.0896683 0.913198709 1 1 1
v 0.685194016 13.0866394 0.900788963 1 1 1
v 0.695232093 13.0868654 0.893270612 1 1 1
v 0.259080589 10.463933 1.64499485 1 1 1
v 0.246111229 10.5133982 1.68042827 1 1 1
v 0.261805862 10.4226236 1.63280761 1 1 1
v 0.232925624 10.6907463 1.65467334 1 1 1
v 0.232911646 10.7045918 1.65278697 1 1 1
v 0.212494627 10.7246056 1.64782584 1 1 1
v 0.248343214 10.5770941 1.67200875 1 1 1
v 0.245607838 10.5859861 1.67044818 1 1 1
v 0.23862499 10.6311293 1.66341364 1 1 1
v 0.199645847 10.6662045 1.63825738 1 1 1
v 0.19806096 10.6583252 1.63748825 1 1 1
v 0.193095163 10.6342134 1.63395524 1 1 1
v 0.174536958 10.5462618 1.60725892 1 1 1
v 0.207129985 10.4832821 1.59032571 1 1 1
v 0.219111726 10.4539833 1.58510947 1 1 1
v 0.192223504 10.4984617 1.59796178 1 1 1
v 0.23284623 10.471262 1.59515738 1 1 1
v 0.245326132 10.4728727 1.60628605 1 1 1
v 0.253064752 10.4364395 1.62163854 1 1 1
v 2.11733341 12.3091993 -2.12172794 1 1 1
v 2.11369801 12.3090744 -2.11269999 1 1 1
v 2.10924578 12.3094206 -2.11973476 1 1 1
v 2.10403204 12.3081417 -2.11336279 1 1 1
v 2.10169315 12.3076916 -2.12280035 1 1 1
v 2.10991383 12.3083458 -2.12796998 1 1 1
v 1.39098048 9.6682663 -1.8528161 1 1 1
v 1.38772559 9.69010353 -1.81603169 1 1 1
v 1.85612726 10.0053148 -1.94532228 1 1 1
v 1.86736751 9.98058033 -2.00509143 1 1 1
v 1.37885499 9.73643398 -1.82820952 1 1 1
v 1.80075169 10.0595007 -1.94515514 1 1 1
v 1.38282025 9.74160385 -1.87551212 1 1 1
v 1.79647183 10.0467329 -2.01720023 1 1 1
v 1.37372565 9.69077301 -1.88430262 1 1 1
v 1.83049166 10.0065002 -2.04868317 1 1 1
v 2.1962204 10.503787 -2.01589966 1 1 1
v 2.21738243 10.4915257 -2.06377745 1 1 1
v 2.147686 10.5223675 -2.02126551 1 1 1
v 2.12618828 10.5264645 -2.07510352 1 1 1
v 2.1782639 10.502387 -2.12082458 1 1 1
v 2.27468896 11.1041689 -2.05808043 1 1 1
v 2.3002851 11.1027727 -2.09744096 1 1 1
v 2.22496915 11.1045361 -2.04914999 1 1 1
v 2.21562481 11.1020651 -2.10329294 1 1 1
v 2.26025581 11.1009865 -2.13534188 1 1 1
v 2.18428111 11.7045135 -2.0768919 1 1 1
v 2.19193935 11.7043762 -2.11135554 1 1 1
v 2.1477325 11.6998415 -2.08204651 1 1 1
v 2.13428497 11.6973057 -2.11816955 1 1 1
v 2.16844654 11.7009945 -2.12764192 1 1 1
v 2.11637568 12.305275 -2.10892224 1 1 1
v 2.12339306 12.3066282 -2.12310696 1 1 1
v 2.10097599 12.304409 -2.10921979 1 1 1
v 2.09899759 12.3026667 -2.12395525 1 1 1
v 2.11061215 12.304493 -2.13274956 1 1 1
v 0.935103595 9.31160927 -1.70583868 1 1 1
v 0.937109053 9.34146786 -1.66616344 1 1 1
v 0.936908841 9.34180546 -1.66542745 1 1 1
v 0.924939454 9.35039902 -1.63777876 1 1 1
v 0.92670536 9.36366463 -1.64282107 1 1 1
v 0.944122553 9.45452881 -1.67613924 1 1 1
v 0.975906134 9.48246479 -1.72842836 1 1 1
v 0.982628345 9.49250984 -1.77085197 1 1 1
v 0.982228637 9.4924736 -1.77233577 1 1 1
v 0.963342845 9.47323227 -1.71721518 1 1 1
v 0.916450381 9.37970066 -1.76526201 1 1 1
v 0.910840809 9.37018776 -1.76474488 1 1 1
v 0.890610397 9.3467207 -1.76019883 1 1 1
v 0.971306086 9.46239662 -1.77287304 1 1 1
v 0.935419381 9.3131485 -1.70740449 1 1 1
v 0.904204071 9.34529686 -1.7539624 1 1 1
v 0.904943705 9.34357738 -1.75181198 1 1 1
v 0.92546165 9.32371044 -1.72259104 1 1 1
v 0.934134126 9.31379509 -1.70858181 1 1 1
v 1.66351986 13.1833344 -3.11120057 1 1 1
v 1.66743398 13.1833897 -3.10505462 1 1 1
v 1.66120958 13.1836538 -3.10541296 1 1 1
v 1.66282141 13.1828194 -3.09944224 1 1 1
v 1.65605676 13.1824131 -3.10212111 1 1 1
v 1.65648854 13.1827307 -3.10938668 1 1 1
v 1.0913645 10.069025 -2.05235839 1 1 1
v 1.12450421 10.0884342 -2.01300406 1 1 1
v 1.29717481 10.5070219 -2.41746378 1 1 1
v 1.2959702 10.47925 -2.42924452 1 1 1
v 1.28749609 10.5529499 -2.42289925 1 1 1
v 1.12239885 10.0914116 -2.01087666 1 1 1
v 1.12859333 10.1252222 -2.02731514 1 1 1
v 1.14059544 10.2151308 -2.06499982 1 1 1
v 1.04345965 10.095809 -2.04897189 1 1 1
v 1.24858475 10.5081491 -2.43681264 1 1 1
v 1.48072863 10.9074545 -2.80470705 1 1 1
v 1.44979405 10.8910189 -2.8356719 1 1 1
v 1.45402086 10.9358177 -2.77526212 1 1 1
v 1.25819325 10.5538311 -2.43387151 1 1 1
v 1.40723646 10.935607 -2.7896564 1 1 1
v 1.39671612 10.9037085 -2.83516335 1 1 1
v 1.52557588 11.4238119 -3.0872736 1 1 1
v 1.507236 11.4131823 -3.12896013 1 1 1
v 1.50398624 11.4369917 -3.0566802 1 1 1
v 1.45965743 11.4403992 -3.06694341 1 1 1
v 1.45977449 11.4250574 -3.11420655 1 1 1
v 1.63821781 11.9992266 -3.15816092 1 1 1
v 1.6134671 12.0027037 -3.18679309 1 1 1
v 1.6118716 12.0050507 -3.12849522 1 1 1
v 1.58544636 12.0090971 -3.14826202 1 1 1
v 1.58539462 12.0082006 -3.1750679 1 1 1
v 1.72686887 12.5878229 -3.12758327 1 1 1
v 1.71275532 12.5893116 -3.14532876 1 1 1
v 1.71108413 12.5877829 -3.11024261 1 1 1
v 1.6895653 12.5892181 -3.11811399 1 1 1
v 1.6910646 12.5902128 -3.14117861 1 1 1
v 1.67206299 13.1806946 -3.10489726 1 1 1
v 1.66703761 13.1842527 -3.12021637 1 1 1
v 1.66415703 13.1797056 -3.09530735 1 1 1
v 1.65133059 13.179781 -3.09908628 1 1 1
v 1.65286613 13.1798916 -3.11265373 1 1 1
v 1.09403527 10.2208481 -2.08692503 1 1 1
v 1.08945549 10.2186213 -2.08611798 1 1 1
v 1.13961375 10.2167883 -2.06707501 1 1 1
v 1.14074326 10.2494402 -2.10147309 1 1 1
v 1.12704217 10.2442513 -2.10064077 1 1 1
v 1.0434649 10.0958624 -2.04891086 1 1 1
v 1.72539079 13.8189363 -2.88232756 1 1 1
v 1.71955919 13.8197546 -2.88257766 1 1 1
v 1.72255206 13.8186531 -2.88649249 1 1 1
v 1.71774399 13.8182755 -2.88798761 1 1 1
v 1.72245419 13.8165445 -2.89107871 1 1 1
v 1.72717988 13.8169527 -2.88758111 1 1 1
v 1.29609919 11.1406021 -2.24427795 1 1 1
v 1.27860236 11.1643238 -2.2495265 1 1 1
v 1.36597908 11.643424 -2.33680749 1 1 1
v 1.39829254 11.6374178 -2.33749604 1 1 1
v 1.29390574 11.2588673 -2.29389572 1 1 1
v 1.35842788 11.6394053 -2.36873174 1 1 1
v 1.30812001 11.2385359 -2.30409884 1 1 1
v 1.38402486 11.6306734 -2.39351368 1 1 1
v 1.31008506 11.1626463 -2.27151561 1 1 1
v 1.41368544 11.6296043 -2.36769891 1 1 1
v 1.45885551 12.1991024 -2.42004013 1 1 1
v 1.49276876 12.1901302 -2.43409419 1 1 1
v 1.45539927 12.1929445 -2.46003723 1 1 1
v 1.48238862 12.1855459 -2.47334075 1 1 1
v 1.50566614 12.1839752 -2.45649719 1 1 1
v 1.58017719 12.7454729 -2.52853608 1 1 1
v 1.60228908 12.7416277 -2.53111553 1 1 1
v 1.57661092 12.7406921 -2.55048227 1 1 1
v 1.59278131 12.7347002 -2.5659101 1 1 1
v 1.61776352 12.7345409 -2.55170226 1 1 1
v 1.63238406 13.28304 -2.70214987 1 1 1
v 1.64752138 13.281909 -2.70003438 1 1 1
v 1.62294114 13.2795916 -2.71677089 1 1 1
v 1.63931179 13.2729311 -2.73169971 1 1 1
v 1.66450584 13.2742395 -2.71814179 1 1 1
v 1.71360779 13.8246403 -2.87511015 1 1 1
v 1.72793818 13.8177528 -2.87778354 1 1 1
v 1.71078479 13.8179426 -2.89023113 1 1 1
v 1.72244823 13.8140192 -2.89915633 1 1 1
v 1.7323947 13.8141518 -2.88856554 1 1 1
v 1.17481554 10.6292801 -2.1266191 1 1 1
v 1.16511452 10.6386471 -2.12893271 1 1 1
v 1.15842521 10.6144028 -2.12312555 1 1 1
v 1.19741702 10.5980196 -2.11857295 1 1 1
v 1.1930275 10.5956202 -2.11838341 1 1 1
v 1.16591775 10.6505117 -2.13290811 1 1 1
v 1.19680607 10.8125477 -2.18878841 1 1 1
v 1.21189415 10.8925447 -2.21671057 1 1 1
v 1.23146284 10.991291 -2.2475121 1 1 1
v 1.23100317 10.9934921 -2.25154829 1 1 1
v 1.23047256 10.9932003 -2.25322533 1 1 1
v 1.25722384 10.9813175 -2.27355123 1 1 1
v 1.24446464 10.9019585 -2.25746989 1 1 1
v 1.23660147 10.9913139 -2.25798535 1 1 1
v 1.24101949 10.9897728 -2.26140547 1 1 1
v 1.25253654 10.985467 -2.27030253 1 1 1
v 1.23428667 10.7554407 -2.20723581 1 1 1
v 1.22243524 10.6418428 -2.16998672 1 1 1
v 1.23088384 10.6925507 -2.17490506 1 1 1
v 1.2197473 10.6630402 -2.15535569 1 1 1
v 1.20432186 10.6262398 -2.12718797 1 1 1
v -0.614659667 10.9973669 1.66333497 1 1 1
v -0.629304528 10.9989367 1.66067088 1 1 1
v -0.620033383 10.9990721 1.65183413 1 1 1
v -0.631351411 10.9987793 1.64584506 1 1 1
v -0.617971659 10.9971113 1.63934588 1 1 1
v -0.607655644 10.9962387 1.65015531 1 1 1
v -1.06241906 8.1387434 0.943343163 1 1 1
v -1.1191572 8.17479324 0.947663903 1 1 1
v -0.962790847 8.59114075 1.27891064 1 1 1
v -0.866692185 8.56225777 1.2941128 1 1 1
v -1.11828589 8.21875477 0.898081839 1 1 1
v -0.970974088 8.63764954 1.19032383 1 1 1
v -1.06915069 8.19692039 0.849904478 1 1 1
v -0.879723966 8.63904381 1.14750099 1 1 1
v -1.02516913 8.15649033 0.885841966 1 1 1
v -0.794598818 8.59020805 1.20812976 1 1 1
v -0.866180182 9.16925335 1.48537624 1 1 1
v -0.786790848 9.1532259 1.49997628 1 1 1
v -0.88527894 9.19717789 1.40276659 1 1 1
v -0.801906884 9.19219303 1.37701857 1 1 1
v -0.749355018 9.16873932 1.4295435 1 1 1
v -0.764126837 9.76832867 1.60788989 1 1 1
v -0.705713272 9.75982571 1.62083447 1 1 1
v -0.770766377 9.77983761 1.55103874 1 1 1
v -0.716088951 9.78104019 1.51600146 1 1 1
v -0.655744433 9.76582623 1.56436586 1 1 1
v -0.713532507 10.3798437 1.69106507 1 1 1
v -0.668717146 10.3749819 1.71159828 1 1 1
v -0.725818217 10.3838625 1.64828658 1 1 1
v -0.6819188 10.3812847 1.62804639 1 1 1
v -0.638409555 10.3756342 1.66111076 1 1 1
v -0.638614118 10.9992208 1.66958284 1 1 1
v -0.611771107 10.9929638 1.67041564 1 1 1
v -0.640060604 10.9965277 1.64141405 1 1 1
v -0.617248595 10.9921875 1.6324687 1 1 1
v -0.596955359 10.992898 1.6487186 1 1 1
v -1.26071835 7.68527317 0.652842343 1 1 1
v -1.3331331 7.75053215 0.670319915 1 1 1
v -1.23865783 7.66143179 0.645753801 1 1 1
v -1.31248188 7.85534096 0.620609701 1 1 1
v -1.31386185 7.86565733 0.604435265 1 1 1
v -1.32704055 7.77323532 0.665747583 1 1 1
v -1.32022071 7.81987858 0.635679722 1 1 1
v -1.25377297 7.77599621 0.471435308 1 1 1
v -1.25342381 7.77339077 0.468193203 1 1 1
v -1.29042327 7.84838104 0.573473036 1 1 1
v -1.25870728 7.82674265 0.533743382 1 1 1
v -1.19494534 7.73674917 0.527194083 1 1 1
v -1.17450809 7.70009041 0.541990399 1 1 1
v -1.25165045 7.77286291 0.47017175 1 1 1
v -1.2085619 7.76284981 0.517738879 1 1 1
v -1.18963027 7.69813776 0.587318301 1 1 1
v -1.19781721 7.69107676 0.59455204 1 1 1
v -3.33269787 12.0125294 1.15699136 1 1 1
v -3.3284626 12.0115986 1.14763343 1 1 1
v -3.32404661 12.01231 1.15524471 1 1 1
v -3.31830311 12.0103016 1.1488477 1 1 1
v -3.31625915 12.0104313 1.15895617 1 1 1
v -3.32515574 12.0118093 1.16398871 1 1 1
v -2.56570125 8.99196339 0.986568153 1 1 1
v -2.56349421 9.01701069 0.948828816 1 1 1
v -3.08458138 9.23598099 1.04540062 1 1 1
v -3.1010294 9.20127964 1.10290349 1 1 1
v -2.56392765 9.06244183 0.962846279 1 1 1
v -3.039711 9.29019165 1.05190778 1 1 1
v -2.56029868 9.06333065 1.00886726 1 1 1
v -3.02824998 9.28683567 1.12147844 1 1 1
v -2.55243874 9.01758385 1.02272153 1 1 1
v -3.06312084 9.23427296 1.15935957 1 1 1
v -3.47459936 9.68019199 1.12426376 1 1 1
v -3.48880863 9.66709042 1.18699849 1 1 1
v -3.41408324 9.71050739 1.13871098 1 1 1
v -3.40443468 9.71019363 1.19969821 1 1 1
v -3.4519732 9.68199253 1.23960912 1 1 1
v -3.61378455 10.2561598 1.14361203 1 1 1
v -3.64503694 10.2534828 1.19344509 1 1 1
v -3.55888271 10.2615061 1.1474483 1 1 1
v -3.55318427 10.2622013 1.2006191 1 1 1
v -3.59686661 10.2580996 1.22492731 1 1 1
v -3.57426381 10.8512735 1.14239192 1 1 1
v -3.58709025 10.8534307 1.17894268 1 1 1
v -3.53583074 10.8449926 1.14967549 1 1 1
v -3.52686667 10.8436966 1.18728352 1 1 1
v -3.56190944 10.849575 1.21207631 1 1 1
v -3.41747975 11.4228678 1.15126121 1 1 1
v -3.42589259 11.4249268 1.18339229 1 1 1
v -3.38638043 11.4166498 1.16104782 1 1 1
v -3.38163185 11.4161005 1.18850458 1 1 1
v -3.405931 11.4214258 1.20947587 1 1 1
v -3.33039618 12.0061607 1.14570332 1 1 1
v -3.34246349 12.0130444 1.15896118 1 1 1
v -3.31640649 12.0051575 1.14627469 1 1 1
v -3.3079133 12.0082979 1.16294563 1 1 1
v -3.32645273 12.0133533 1.17651975 1 1 1
v -2.05119371 8.76881123 0.821738243 1 1 1
v -2.03976607 8.77765751 0.800500035 1 1 1
v -2.04584241 8.73197842 0.871818841 1 1 1
v -2.0607965 8.75671482 0.846457541 1 1 1
v -2.09220672 8.87923431 0.841781259 1 1 1
v -2.08265042 8.85956573 0.833913445 1 1 1
v -2.11039543 8.88825798 0.892030597 1 1 1
v -2.0965786 8.88646126 0.928422928 1 1 1
v -2.11284924 8.88800526 0.876569092 1 1 1
v -2.05887604 8.83183861 0.932831824 1 1 1
v -2.0206337 8.78076744 0.936091185 1 1 1
v -2.09549952 8.88433266 0.928714514 1 1 1
v -2.03118038 8.77240086 0.924798965 1 1 1
v -2.0462575 8.755476 0.901344836 1 1 1
v -2.04605699 8.73290634 0.872956932 1 1 1
v -1.94751167 12.6484613 -0.137350872 1 1 1
v -1.95035982 12.6497393 -0.128753752 1 1 1
v -1.95494044 12.6494846 -0.13509956 1 1 1
v -1.9595015 12.6494627 -0.128734767 1 1 1
v -1.9623028 12.6480141 -0.137319833 1 1 1
v -1.95489299 12.6473942 -0.14264518 1 1 1
v -2.01613212 9.88344097 0.780166924 1 1 1
v -2.02993536 9.89663219 0.816890836 1 1 1
v -1.88029325 10.4279575 0.645133615 1 1 1
v -1.86295331 10.4032888 0.587717772 1 1 1
v -2.06295252 9.94242382 0.800218463 1 1 1
v -1.95224369 10.4485998 0.643511653 1 1 1
v -2.07343483 9.91870403 0.765411019 1 1 1
v -1.95459151 10.4262943 0.576696396 1 1 1
v -2.04529238 9.88650894 0.752249599 1 1 1
v -1.90888584 10.4026022 0.54609257 1 1 1
v -1.73030579 10.9816942 0.448453099 1 1 1
v -1.70951748 10.962389 0.407172769 1 1 1
v -1.77784538 10.9849939 0.445507646 1 1 1
v -1.79736459 10.9680891 0.400762409 1 1 1
v -1.75170422 10.9514179 0.371441275 1 1 1
v -1.78802061 11.5107422 0.169037536 1 1 1
v -1.77212179 11.4974766 0.131252468 1 1 1
v -1.83106971 11.504982 0.172557801 1 1 1
v -1.83583546 11.4883242 0.135491535 1 1 1
v -1.80657983 11.4822903 0.10922727 1 1 1
v -1.92465937 12.0562258 -0.0239984095 1 1 1
v -1.91680849 12.0517416 -0.0467119291 1 1 1
v -1.95908344 12.0555382 -0.00974802859 1 1 1
v -1.95687544 12.0467501 -0.0461234637 1 1 1
v -1.93649793 12.0454321 -0.062482968 1 1 1
v -1.94551086 12.649498 -0.12197569 1 1 1
v -1.93980908 12.6467733 -0.139582798 1 1 1
v -1.96359801 12.6480856 -0.122749761 1 1 1
v -1.96887875 12.6452904 -0.139094621 1 1 1
v -1.95501471 12.6498156 -0.162555262 1 1 1
v -2.12834859 9.35567093 0.969402969 1 1 1
v -2.13848853 9.35390091 0.993188143 1 1 1
v -2.15034604 9.37812042 1.02472019 1 1 1
v -2.15497565 9.34011078 1.03032005 1 1 1
v -2.15696859 9.32883453 1.03344953 1 1 1
v -2.16036344 9.33270645 1.04204428 1 1 1
v -2.12634754 9.34733391 0.96380949 1 1 1
v -2.16766262 9.33401108 1.04125965 1 1 1
v -2.16178131 9.35433102 1.03379607 1 1 1
v -2.15074015 9.37909794 1.02491105 1 1 1
v -2.16335797 9.414464 1.01095343 1 1 1
v -2.1688292 9.46503353 0.99157846 1 1 1
v -2.18215561 9.48981857 0.981658757 1 1 1
v -2.19619632 9.50576115 0.975060344 1 1 1
v -2.21408939 9.46796894 0.94648999 1 1 1
v -2.23084331 9.41977882 0.932505369 1 1 1
v -2.23090315 9.41958904 0.932479739 1 1 1
v -2.20591378 9.49239063 0.952014208 1 1 1
v -2.23052573 9.41894817 0.932325602 1 1 1
v -2.18271685 9.34128952 0.917327762 1 1 1
v -2.13898015 9.3638382 0.943676054 1 1 1
v -2.1782918 9.34613132 0.919009089 1 1 1
v -2.15702844 9.37015057 0.92445606 1 1 1
v -3.63949609 13.6195974 0.544950366 1 1 1
v -3.63369679 13.6189117 0.541645706 1 1 1
v -3.6342504 13.620203 0.54721719 1 1 1
v -3.62871623 13.6190948 0.546137571 1 1 1
v -3.6314373 13.619895 0.552219212 1 1 1
v -3.63810015 13.6202049 0.551485181 1 1 1
v -2.88461018 10.6456375 0.937630415 1 1 1
v -2.86772394 10.6622238 0.918827116 1 1 1
v -3.15772891 11.0459061 0.748903096 1 1 1
v -3.19108582 11.0323162 0.776518583 1 1 1
v -2.87193584 10.7068214 0.926926136 1 1 1
v -3.1349411 11.0752478 0.777498245 1 1 1
v -2.89210343 10.7183056 0.950181067 1 1 1
v -3.15467572 11.0781851 0.819585443 1 1 1
v -2.89298153 10.6664362 0.962595224 1 1 1
v -3.20023346 11.0471306 0.827334106 1 1 1
v -3.46294689 11.4760923 0.583899498 1 1 1
v -3.50309992 11.4599676 0.604689181 1 1 1
v -3.43615699 11.4978294 0.611848354 1 1 1
v -3.45394874 11.4992905 0.653927982 1 1 1
v -3.49528813 11.4761963 0.650729537 1 1 1
v -3.66402268 11.983614 0.517360032 1 1 1
v -3.69950938 11.9765825 0.529341459 1 1 1
v -3.63616753 11.991662 0.537800789 1 1 1
v -3.64862657 11.9922132 0.578859031 1 1 1
v -3.68999481 11.9819498 0.569176495 1 1 1
v -3.70551205 12.529994 0.517098784 1 1 1
v -3.72902942 12.5295525 0.526212096 1 1 1
v -3.6852355 12.5292168 0.531453729 1 1 1
v -3.69589591 12.5278349 0.556621253 1 1 1
v -3.72952962 12.52777 0.559836447 1 1 1
v -3.66428757 13.0718603 0.588121057 1 1 1
v -3.67774081 13.0725975 0.599714339 1 1 1
v -3.64598441 13.0705338 0.60081917 1 1 1
v -3.65651608 13.071003 0.621997893 1 1 1
v -3.68046999 13.0726442 0.620764077 1 1 1
v -3.63278317 13.6179152 0.532940865 1 1 1
v -3.64162683 13.6153927 0.544549763 1 1 1
v -3.60965204 13.6240072 0.541613221 1 1 1
v -3.62834811 13.6187382 0.557883263 1 1 1
v -3.64578056 13.6233034 0.559877634 1 1 1
v -2.58526063 10.261302 1.06676328 1 1 1
v -2.57854533 10.2551441 1.06790566 1 1 1
v -2.55662084 10.2505312 1.06184864 1 1 1
v -2.58664942 10.2215738 1.09258091 1 1 1
v -2.5929749 10.3715067 1.06119812 1 1 1
v -2.64464355 10.4226618 1.08098888 1 1 1
v -2.64882088 10.4217796 1.09161735 1 1 1
v -2.6141808 10.3948669 1.06527317 1 1 1
v -2.633358 10.4193964 1.06223321 1 1 1
v -2.60438633 10.2855158 1.12846458 1 1 1
v -2.59497976 10.2546721 1.13523519 1 1 1
v -2.64795852 10.4167891 1.09323514 1 1 1
v -2.59503388 10.2545586 1.13189554 1 1 1
v -2.5982852 10.2453079 1.1009692 1 1 1
v -2.59417915 10.2366743 1.09752464 1 1 1
v 3.9848671 11.1415682 1.04419982 1 1 1
v 3.97425818 11.1399097 1.05403507 1 1 1
v 3.97283649 11.1395435 1.0416609 1 1 1
v 3.96215773 11.1359386 1.04697514 1 1 1
v 3.96528792 11.1351433 1.03277659 1 1 1
v 3.97932315 11.1386223 1.03106129 1 1 1
v 2.63949704 6.74141979 0.838495672 1 1 1
v 2.63860011 6.77852249 0.8943066 1 1 1
v 3.19187737 6.65645981 1.03917837 1 1 1
v 3.22010589 6.59440708 0.959772885 1 1 1
v 2.66208506 6.83580208 0.876894832 1 1 1
v 3.17883301 6.756248 1.00275838 1 1 1
v 2.6747663 6.83552551 0.80978024 1 1 1
v 3.19904208 6.7566638 0.89997375 1 1 1
v 2.6558702 6.77807474 0.781745732 1 1 1
v 3.22978711 6.64949942 0.856093168 1 1 1
v 3.74913383 6.94820881 1.12368572 1 1 1
v 3.79976368 6.90374756 1.0579263 1 1 1
v 3.6945169 7.02145386 1.08780074 1 1 1
v 3.71935558 7.01300287 0.997151256 1 1 1
v 3.77630901 6.94868803 0.983739614 1 1 1
v 4.1276741 7.44938469 1.21820486 1 1 1
v 4.1770978 7.43073702 1.14929068 1 1 1
v 4.06543541 7.49186611 1.16810524 1 1 1
v 4.08690071 7.49045515 1.09127307 1 1 1
v 4.1601882 7.4520483 1.06872976 1 1 1
v 4.36796951 8.03651524 1.26539743 1 1 1
v 4.42167139 8.02598381 1.21318221 1 1 1
v 4.31211615 8.05400944 1.22293556 1 1 1
v 4.32394123 8.05555344 1.15617669 1 1 1
v 4.39031982 8.03842831 1.15126467 1 1 1
v 4.44539928 8.67045975 1.27748764 1 1 1
v 4.4949255 8.66820335 1.23301673 1 1 1
v 4.38718033 8.67173767 1.2440207 1 1 1
v 4.40527725 8.67013359 1.18284488 1 1 1
v 4.46733284 8.66808891 1.17314601 1 1 1
v 4.4058814 9.30179501 1.22612739 1 1 1
v 4.44671345 9.30361366 1.18967879 1 1 1
v 4.36062813 9.29361439 1.1984998 1 1 1
v 4.35946083 9.28777218 1.13346696 1 1 1
v 4.42568827 9.29634094 1.13816535 1 1 1
v 4.28852081 9.91765308 1.15636075 1 1 1
v 4.31804419 9.92165661 1.11547458 1 1 1
v 4.25138426 9.90757561 1.12351561 1 1 1
v 4.25834846 9.90669441 1.080006 1 1 1
v 4.30219555 9.9159832 1.07533073 1 1 1
v 4.13697958 10.5287848 1.14596117 1 1 1
v 4.16053295 10.5330963 1.11703694 1 1 1
v 4.10937119 10.5204229 1.12287796 1 1 1
v 4.11330462 10.5196276 1.08866858 1 1 1
v 4.14678288 10.527997 1.08750927 1 1 1
v 3.97610664 11.1355219 1.06026065 1 1 1
v 3.99711609 11.1440811 1.04676175 1 1 1
v 3.9499948 11.1331005 1.05274665 1 1 1
v 3.95847201 11.1305828 1.02465737 1 1 1
v 3.98454809 11.135602 1.02380621 1 1 1
v 2.05199909 6.83112526 0.746092796 1 1 1
v 2.0609417 6.88040924 0.822657645 1 1 1
v 2.04341221 6.81467533 0.718157589 1 1 1
v 2.04541469 6.81759834 0.723158002 1 1 1
v 2.0476346 6.81918526 0.726578593 1 1 1
v 2.15614033 6.97291183 0.800733924 1 1 1
v 2.19392824 6.96571064 0.707447708 1 1 1
v 2.19065499 6.96811962 0.687142909 1 1 1
v 2.18206811 6.97156239 0.680506766 1 1 1
v 2.16053843 6.97217751 0.790021658 1 1 1
v 2.17453146 6.96840382 0.774701834 1 1 1
v 2.07943058 6.88585424 0.622613847 1 1 1
v 2.10878396 6.85610676 0.651459634 1 1 1
v 2.07233191 6.83112955 0.690966964 1 1 1
v 2.10955048 6.85835886 0.648495972 1 1 1
v 1.80405295 11.8993406 2.2013917 1 1 1
v 1.79989517 11.9003992 2.19052482 1 1 1
v 1.80945718 11.9014626 2.19324994 1 1 1
v 1.80899024 11.9014072 2.18326163 1 1 1
v 1.81876886 11.9009714 2.18963933 1 1 1
v 1.81571746 11.8996935 2.20084405 1 1 1
v 2.32299209 8.21449471 1.3172648 1 1 1
v 2.29947853 8.23819637 1.27525043 1 1 1
v 2.06260276 8.63273811 1.56139553 1 1 1
v 2.09471965 8.6027956 1.63301241 1 1 1
v 2.32851648 8.28162575 1.26312244 1 1 1
v 2.12120724 8.67776585 1.52717173 1 1 1
v 2.3653574 8.29254818 1.30231345 1 1 1
v 2.18643522 8.67757988 1.57239449 1 1 1
v 2.3692174 8.24099159 1.32904398 1 1 1
v 2.17825007 8.63055992 1.6448822 1 1 1
v 1.895401 9.11748505 1.82490802 1 1 1
v 1.9270215 9.09728146 1.88309824 1 1 1
v 1.94988298 9.1497221 1.78232098 1 1 1
v 2.01768708 9.14548969 1.82418776 1 1 1
v 1.99840868 9.10893059 1.89313674 1 1 1
v 1.85998166 9.64699936 2.04189825 1 1 1
v 1.87595248 9.63308907 2.09316468 1 1 1
v 1.89973521 9.66051388 2.010499 1 1 1
v 1.94964969 9.65750217 2.03705001 1 1 1
v 1.93837154 9.63838291 2.09653807 1 1 1
v 1.81138599 10.1978827 2.16025782 1 1 1
v 1.82660377 10.1935272 2.20317483 1 1 1
v 1.84576392 10.2042065 2.11883211 1 1 1
v 1.88745248 10.2014589 2.15559053 1 1 1
v 1.87414587 10.1954994 2.20248222 1 1 1
v 1.82770658 10.7638712 2.17428565 1 1 1
v 1.83658206 10.765583 2.21639967 1 1 1
v 1.85711038 10.7636518 2.1481123 1 1 1
v 1.90170705 10.7653761 2.16665173 1 1 1
v 1.88102126 10.7662926 2.21077871 1 1 1
v 1.79174674 11.3285332 2.12316632 1 1 1
v 1.80847013 11.3289089 2.15557456 1 1 1
v 1.82242537 11.3300381 2.10022044 1 1 1
v 1.8476131 11.3308477 2.12306547 1 1 1
v 1.83842325 11.3301868 2.15022779 1 1 1
v 1.7911607 11.8984623 2.18792272 1 1 1
v 1.79921758 11.896348 2.20859838 1 1 1
v 1.80866253 11.8995476 2.17507863 1 1 1
v 1.82620454 11.8987226 2.18657279 1 1 1
v 1.82824481 11.9032917 2.21702814 1 1 1
v 2.52855229 7.77599525 1.03175247 1 1 1
v 2.51323128 7.7966013 1.02352321 1 1 1
v 2.50143218 7.81081343 1.01265383 1 1 1
v 2.48690438 7.82214785 0.971038818 1 1 1
v 2.48380303 7.82392645 0.959219038 1 1 1
v 2.49304891 7.84806204 0.958073378 1 1 1
v 2.52802253 7.91799259 0.947754383 1 1 1
v 2.53711963 7.94081688 0.980160773 1 1 1
v 2.53957176 7.9431901 0.984835386 1 1 1
v 2.56794477 7.96357918 1.03015828 1 1 1
v 2.57726002 7.96999454 1.04469311 1 1 1
v 2.59843111 7.86544323 1.05502176 1 1 1
v 2.61026955 7.82636356 1.05171537 1 1 1
v 2.5772047 7.96949673 1.04501331 1 1 1
v 2.57716632 7.96788597 1.04576206 1 1 1
v 2.57846522 7.95607567 1.0480032 1 1 1
v 2.59409714 7.87533522 1.05894995 1 1 1
v 2.57722211 7.80262661 1.04158545 1 1 1
v 2.56087923 7.80463791 1.04603565 1 1 1
v 3.65515852 12.8199434 -0.250471085 1 1 1
v 3.65840292 12.8206692 -0.240889743 1 1 1
v 3.65021706 12.8217592 -0.243567914 1 1 1
v 3.65027642 12.8215685 -0.234888673 1 1 1
v 3.64200974 12.8213997 -0.240760878 1 1 1
v 3.64502668 12.8203955 -0.250391483 1 1 1
v 3.12630057 8.82184029 0.598729193 1 1 1
v 3.15166831 8.84833908 0.62680459 1 1 1
v 3.40618873 9.22689152 0.278529853 1 1 1
v 3.37511587 9.20495319 0.21950762 1 1 1
v 3.1305511 8.89066505 0.632162392 1 1 1
v 3.35509944 9.27183533 0.319891304 1 1 1
v 3.08374262 8.87355042 0.620274246 1 1 1
v 3.30140829 9.26303673 0.268067986 1 1 1
v 3.08369374 8.83662796 0.594972372 1 1 1
v 3.30940533 9.22619534 0.210130155 1 1 1
v 3.57012677 9.78019047 0.0549002551 1 1 1
v 3.5359602 9.77093697 -0.00173593569 1 1 1
v 3.51197314 9.80219841 0.0798816606 1 1 1
v 3.46424866 9.80415344 0.0474959239 1 1 1
v 3.47236443 9.78262711 -0.0161768273 1 1 1
v 3.67138124 10.3758192 -0.0834814832 1 1 1
v 3.6630373 10.366147 -0.136891395 1 1 1
v 3.63425326 10.3867369 -0.0542783551 1 1 1
v 3.58807707 10.3873529 -0.081500791 1 1 1
v 3.60510635 10.3744335 -0.133588433 1 1 1
v 3.70455766 10.9811602 -0.19840762 1 1 1
v 3.69180155 10.9779072 -0.242918819 1 1 1
v 3.66865182 10.9840164 -0.167852432 1 1 1
v 3.63424921 10.9820442 -0.198311687 1 1 1
v 3.64468455 10.9786139 -0.241428062 1 1 1
v 3.68145156 11.5942287 -0.179631665 1 1 1
v 3.66791391 11.5943842 -0.216527075 1 1 1
v 3.6493907 11.5926037 -0.154135346 1 1 1
v 3.62308717 11.5920448 -0.181051955 1 1 1
v 3.63311672 11.5929499 -0.211097717 1 1 1
v 3.64392018 12.204916 -0.181214005 1 1 1
v 3.64169979 12.2036009 -0.213794336 1 1 1
v 3.62337542 12.2056074 -0.165698484 1 1 1
v 3.60346127 12.2049417 -0.181066304 1 1 1
v 3.60834718 12.203824 -0.207613513 1 1 1
v 3.68962932 12.8332291 -0.232412547 1 1 1
v 3.65822339 12.8158646 -0.254667848 1 1 1
v 3.65012956 12.8174896 -0.230401233 1 1 1
v 3.62852335 12.8243351 -0.236414671 1 1 1
v 3.64069724 12.8174677 -0.255814314 1 1 1
v 2.94363284 8.45395756 0.997796893 1 1 1
v 2.89472508 8.39744091 0.953632057 1 1 1
v 2.93996263 8.44986153 0.993399203 1 1 1
v 2.94416809 8.4587059 0.995162785 1 1 1
v 2.94508266 8.49735165 0.977668524 1 1 1
v 2.94541359 8.53813934 0.960567892 1 1 1
v 2.9449873 8.54231167 0.959280729 1 1 1
v 2.93169427 8.56893635 0.961679518 1 1 1
v 2.82284808 8.50702953 0.983378708 1 1 1
v 2.81931734 8.50387287 0.985894203 1 1 1
v 2.89281511 8.5541687 0.958436668 1 1 1
v 2.89031005 8.5539484 0.956957638 1 1 1
v 2.85976577 8.53277874 0.968800604 1 1 1
v 2.82471943 8.51024914 0.979543984 1 1 1
v 2.81978536 8.50098324 0.983438253 1 1 1
v 2.82292295 8.5066452 0.979116619 1 1 1
v 2.81532693 8.42492294 0.950755954 1 1 1
v 2.89181495 8.40907001 0.943769991 1 1 1
v 2.82124448 8.42591667 0.947819412 1 1 1
v 2.83562803 8.42843056 0.941418707 1 1 1
v 2.88052607 8.41462231 0.941773593 1 1 1
v 4.07493734 13.1529102 2.07241964 1 1 1
v 4.06640339 13.1537294 2.07310271 1 1 1
v 4.07020712 13.1534662 2.06680346 1 1 1
v 4.06302834 13.1530437 2.0652225 1 1 1
v 4.06947613 13.1518021 2.05966902 1 1 1
v 4.07683611 13.1517191 2.06411672 1 1 1
v 3.36941552 9.43015671 1.38833094 1 1 1
v 3.33482051 9.44682312 1.39641976 1 1 1
v 3.57783079 9.85558701 1.68074965 1 1 1
v 3.63751054 9.83275795 1.67034721 1 1 1
v 3.33946943 9.49351311 1.38287663 1 1 1
v 3.55186176 9.89440823 1.62830913 1 1 1
v 3.37899303 9.50393486 1.36714077 1 1 1
v 3.60803032 9.88641167 1.59131849 1 1 1
v 3.39493179 9.46437931 1.36901128 1 1 1
v 3.65074778 9.85465908 1.61438632 1 1 1
v 3.78702331 10.3543701 1.88159215 1 1 1
v 3.83164167 10.3410835 1.87617421 1 1 1
v 3.77099037 10.37465 1.84242356 1 1 1
v 3.80683255 10.3743534 1.81049538 1 1 1
v 3.85101628 10.3523254 1.82891309 1 1 1
v 3.94126105 10.883543 2.05002236 1 1 1
v 3.98267078 10.8734818 2.0474174 1 1 1
v 3.92517972 10.8957281 2.01355624 1 1 1
v 3.95669055 10.8936348 1.98612356 1 1 1
v 3.98867488 10.8808565 2.0066247 1 1 1
v 4.0683074 11.4394598 2.11766958 1 1 1
v 4.10627365 11.43645 2.10891199 1 1 1
v 4.05582476 11.4444675 2.08008313 1 1 1
v 4.08407354 11.4437275 2.0587399 1 1 1
v 4.11739826 11.4389277 2.07335401 1 1 1
v 4.05529022 12.0107145 2.16333628 1 1 1
v 4.09161425 12.013134 2.15480232 1 1 1
v 4.04909086 12.0118389 2.12803888 1 1 1
v 4.07059479 12.0140476 2.1067555 1 1 1
v 4.09571362 12.0147171 2.12387896 1 1 1
v 4.01241732 12.5817022 2.15180969 1 1 1
v 4.03368092 12.5818243 2.15228462 1 1 1
v 3.99172521 12.5805531 2.13094497 1 1 1
v 4.01920128 12.5797796 2.1177218 1 1 1
v 4.05124283 12.5804129 2.12481976 1 1 1
v 4.0575285 13.1614237 2.08792996 1 1 1
v 4.08365107 13.1551685 2.08203697 1 1 1
v 4.05108786 13.1551142 2.06219721 1 1 1
v 4.06864166 13.1494808 2.05204678 1 1 1
v 4.07988691 13.1472492 2.0631988 1 1 1
v 3.11039901 8.9766655 1.1175456 1 1 1
v 3.1081059 8.98044777 1.11983037 1 1 1
v 3.10710955 8.99416733 1.12883961 1 1 1
v 3.07677197 9.01407051 1.1396296 1 1 1
v 3.06948256 9.01708984 1.14105439 1 1 1
v 3.05256581 9.00803566 1.13372207 1 1 1
v 3.08468771 9.10817814 1.1373359 1 1 1
v 3.09220219 9.12888622 1.13963723 1 1 1
v 3.15251446 9.16639805 1.13656139 1 1 1
v 3.17354012 9.17143631 1.12535679 1 1 1
v 3.10609365 9.14274216 1.14573216 1 1 1
v 3.10822368 9.14490414 1.14671874 1 1 1
v 3.1479857 9.16316795 1.13617945 1 1 1
v 3.18149376 9.0706501 1.10722959 1 1 1
v 3.1805706 9.0687685 1.10618734 1 1 1
v 3.18337488 9.08496475 1.11163163 1 1 1
v 3.18267965 9.07379723 1.10872746 1 1 1
v 3.18104672 9.06948376 1.10701692 1 1 1
v 3.18114614 9.06981564 1.10835314 1 1 1
v 2.20902061 13.7368946 1.02593005 1 1 1
v 2.21544743 13.7383757 1.02757561 1 1 1
v 2.21095324 13.7381716 1.03127193 1 1 1
v 2.21586752 13.7386627 1.03435469 1 1 1
v 2.20970011 13.737361 1.0368979 1 1 1
v 2.20546865 13.7362671 1.03169239 1 1 1
v 3.02292967 10.2440767 1.01814902 1 1 1
v 3.04461813 10.2800035 1.0195868 1 1 1
v 2.92534637 10.8019695 0.958846092 1 1 1
v 2.87133694 10.7885389 0.960601807 1 1 1
v 3.03906298 10.2961988 1.04869926 1 1 1
v 2.91602468 10.8023024 1.01472664 1 1 1
v 3.01961231 10.263732 1.062832 1 1 1
v 2.87434697 10.7929459 1.03324234 1 1 1
v 3.00474143 10.2378273 1.04285312 1 1 1
v 2.83203173 10.7808666 0.998017907 1 1 1
v 2.76830196 11.3870678 0.960911095 1 1 1
v 2.72943044 11.3785467 0.951669872 1 1 1
v 2.76903987 11.3874092 1.00076842 1 1 1
v 2.73479867 11.3799953 1.01317298 1 1 1
v 2.71113849 11.374712 0.985758305 1 1 1
v 2.64571238 11.979928 0.971733987 1 1 1
v 2.61673903 11.9741354 0.963307261 1 1 1
v 2.66800857 11.9831991 1.01426649 1 1 1
v 2.62098742 11.9731083 1.01273477 1 1 1
v 2.59713316 11.9689741 0.990272045 1 1 1
v 2.5054245 12.5651674 1.01783383 1 1 1
v 2.48376155 12.5604734 1.00777221 1 1 1
v 2.50713396 12.5645151 1.03853226 1 1 1
v 2.48755622 12.5591955 1.05022144 1 1 1
v 2.46783972 12.5554371 1.03091991 1 1 1
v 2.35995507 13.1465645 1.03431857 1 1 1
v 2.33634019 13.1409092 1.02951062 1 1 1
v 2.37155271 13.149375 1.06620622 1 1 1
v 2.33913875 13.1414948 1.06731009 1 1 1
v 2.32781482 13.1387949 1.04946375 1 1 1
v 2.22340083 13.7412357 1.0205096 1 1 1
v 2.20765066 13.7340698 1.02116215 1 1 1
v 2.22231913 13.7393694 1.03840816 1 1 1
v 2.20759463 13.7370386 1.04541397 1 1 1
v 2.19990492 13.7332315 1.03216636 1 1 1
v 3.17102265 9.66993713 1.04955435 1 1 1
v 3.18218398 9.73183537 1.05111074 1 1 1
v 3.19113326 9.77776623 1.0526526 1 1 1
v 3.1759963 9.83875561 1.09765148 1 1 1
v 3.18059254 9.81662178 1.07511985 1 1 1
v 3.17971897 9.82106972 1.08029377 1 1 1
v 3.16053653 9.73051929 1.12595677 1 1 1
v 3.16029739 9.72795582 1.12653327 1 1 1
v 3.16981363 9.8229208 1.10441887 1 1 1
v 3.1672101 9.81867409 1.10669911 1 1 1
v 3.1449666 9.67979527 1.09782946 1 1 1
v 3.14439201 9.6626339 1.09241366 1 1 1
v 3.14649081 9.685812 1.10124886 1 1 1
v 3.15483713 9.6738472 1.07233512 1 1 1
v 3.1562252 9.67699242 1.06853342 1 1 1
v 0.291040123 11.1822853 -2.95606232 1 1 1
v 0.290521592 11.1796598 -2.94049454 1 1 1
v 0.27984181 11.1803122 -2.94875407 1 1 1
v 0.275648534 11.1759739 -2.93665886 1 1 1
v 0.266974956 11.1763201 -2.94985557 1 1 1
v 0.276487499 11.1802206 -2.96184778 1 1 1
v -0.502779484 6.47006845 -2.4519434 1 1 1
v -0.495078027 6.5055089 -2.38482094 1 1 1
v -0.0451542847 6.71946526 -2.63029051 1 1 1
v -0.0595215522 6.66661739 -2.73144889 1 1 1
v -0.542240858 6.56483698 -2.38186622 1 1 1
v -0.122210316 6.80463648 -2.62354541 1 1 1
v -0.553628385 6.57594585 -2.46330619 1 1 1
v -0.188150451 6.80898762 -2.72028613 1 1 1
v -0.543563843 6.51151228 -2.50017548 1 1 1
v -0.150348738 6.71650696 -2.79955053 1 1 1
v 0.281268954 7.15934277 -2.84993434 1 1 1
v 0.284101665 7.12541628 -2.94815373 1 1 1
v 0.195321366 7.21176577 -2.83016276 1 1 1
v 0.144269839 7.21043587 -2.91603589 1 1 1
v 0.192543119 7.15961838 -2.99232221 1 1 1
v 0.462969154 7.70928478 -2.97258472 1 1 1
v 0.463516891 7.69470739 -3.05634904 1 1 1
v 0.379370779 7.73141813 -2.94738126 1 1 1
v 0.321257144 7.73053885 -3.02486491 1 1 1
v 0.385847121 7.70558691 -3.08900833 1 1 1
v 0.508564055 8.2907362 -3.0551064 1 1 1
v 0.509851098 8.28365612 -3.13411164 1 1 1
v 0.431748748 8.29537392 -3.03651571 1 1 1
v 0.38557148 8.29154301 -3.10099316 1 1 1
v 0.433223814 8.28324604 -3.17527509 1 1 1
v 0.499666274 8.87334538 -3.08329082 1 1 1
v 0.511529803 8.87007427 -3.16136098 1 1 1
v 0.429174304 8.87493038 -3.0622282 1 1 1
v 0.39287132 8.87260532 -3.12424946 1 1 1
v 0.435170352 8.86986923 -3.18031216 1 1 1
v 0.505826473 9.45248127 -3.11500716 1 1 1
v 0.510385334 9.45395184 -3.17632627 1 1 1
v 0.446608484 9.45357418 -3.09541726 1 1 1
v 0.415284783 9.45570374 -3.14914727 1 1 1
v 0.451814383 9.45602512 -3.19802833 1 1 1
v 0.521906734 10.0334473 -3.05997992 1 1 1
v 0.516194224 10.0379581 -3.11461425 1 1 1
v 0.466084599 10.0291996 -3.05071735 1 1 1
v 0.425763726 10.0310373 -3.09487534 1 1 1
v 0.470595717 10.0368671 -3.13205624 1 1 1
v 0.437052131 10.6120272 -3.0089469 1 1 1
v 0.427126229 10.6164322 -3.06035447 1 1 1
v 0.386934251 10.6032734 -3.01220775 1 1 1
v 0.365058959 10.6033268 -3.04321003 1 1 1
v 0.386972576 10.6118584 -3.07970142 1 1 1
v 0.299659044 11.1779413 -2.93380761 1 1 1
v 0.298048437 11.1795273 -2.96074128 1 1 1
v 0.26744616 11.1754274 -2.91583014 1 1 1
v 0.26392433 11.1690016 -2.95119143 1 1 1
v 0.272237778 11.1820059 -2.97661781 1 1 1
v -0.912954509 6.19663429 -2.19132853 1 1 1
v -0.896158457 6.21708298 -2.17487097 1 1 1
v -0.894368947 6.22109318 -2.16885042 1 1 1
v -0.878972292 6.26207829 -2.10316753 1 1 1
v -0.881366611 6.26321888 -2.09729028 1 1 1
v -0.890137374 6.26766634 -2.07518387 1 1 1
v -0.953273833 6.35948086 -2.07369161 1 1 1
v -0.996133685 6.36883402 -2.05526185 1 1 1
v -0.998046517 6.37325668 -2.05579209 1 1 1
v -0.938082635 6.36215448 -2.08224654 1 1 1
v -0.935565233 6.40714598 -2.17291999 1 1 1
v -0.928198218 6.41506529 -2.21119404 1 1 1
v -0.940558493 6.41844511 -2.25089693 1 1 1
v -0.999146879 6.37327528 -2.05756617 1 1 1
v -0.966410339 6.38656425 -2.09108353 1 1 1
v -0.948099196 6.39314508 -2.10422707 1 1 1
v -0.940887153 6.39921951 -2.25888777 1 1 1
v -0.942848206 6.35894918 -2.27393007 1 1 1
v -0.96749866 6.28352976 -2.28590155 1 1 1
v -1.89706945 12.4643469 -4.12599516 1 1 1
v -1.88597989 12.4630632 -4.12309217 1 1 1
v -1.89368546 12.4621115 -4.11699343 1 1 1
v -1.88556588 12.4590492 -4.11228657 1 1 1
v -1.8963995 12.4578533 -4.10851097 1 1 1
v -1.90350902 12.4611263 -4.11698341 1 1 1
v -1.52766991 7.8872242 -3.3796916 1 1 1
v -1.48082066 7.90995502 -3.37372017 1 1 1
v -1.64495993 8.24516487 -3.84533167 1 1 1
v -1.7174381 8.21235561 -3.85764909 1 1 1
v -1.50025451 7.96904087 -3.3755312 1 1 1
v -1.64859772 8.29369354 -3.78307271 1 1 1
v -1.5511167 7.9729147 -3.36206341 1 1 1
v -1.72334349 8.29615116 -3.75043654 1 1 1
v -1.5659647 7.91782856 -3.35874653 1 1 1
v -1.76793933 8.24271202 -3.7995801 1 1 1
v -1.77402604 8.78510475 -4.13978672 1 1 1
v -1.83405185 8.76965523 -4.15693808 1 1 1
v -1.7677815 8.80835724 -4.07801247 1 1 1
v -1.83684027 8.81225014 -4.03805637 1 1 1
v -1.87949419 8.78210926 -4.10294962 1 1 1
v -1.84010887 9.39947796 -4.24750328 1 1 1
v -1.89316082 9.39159203 -4.26012516 1 1 1
v -1.83893943 9.40882778 -4.19352388 1 1 1
v -1.88915229 9.40685081 -4.17354727 1 1 1
v -1.9196254 9.39643002 -4.21498156 1 1 1
v -1.91051221 10.0124683 -4.346457 1 1 1
v -1.96340084 10.0063334 -4.35923386 1 1 1
v -1.91095805 10.0181646 -4.29356241 1 1 1
v -1.9581784 10.0159645 -4.27501917 1 1 1
v -1.98919606 10.0089188 -4.3140955 1 1 1
v -1.95457733 10.6318817 -4.3786602 1 1 1
v -2.00108099 10.6310139 -4.38808584 1 1 1
v -1.95495045 10.634099 -4.33140278 1 1 1
v -1.99576604 10.6342659 -4.31988621 1 1 1
v -2.02503991 10.6326151 -4.35010719 1 1 1
v -1.93746626 11.2517929 -4.39201069 1 1 1
v -1.96813917 11.254015 -4.4033742 1 1 1
v -1.93460274 11.2512121 -4.36078358 1 1 1
v -1.96573699 11.2531195 -4.34487057 1 1 1
v -1.9996537 11.2558374 -4.37342787 1 1 1
v -1.88543606 11.8731966 -4.35142899 1 1 1
v -1.91686344 11.8785191 -4.36807156 1 1 1
v -1.8843137 11.8670835 -4.32298231 1 1 1
v -1.9112705 11.8664474 -4.31331253 1 1 1
v -1.93134832 11.8721075 -4.33476877 1 1 1
v -1.88139021 12.4605694 -4.12790775 1 1 1
v -1.90092361 12.4675016 -4.13606167 1 1 1
v -1.88074541 12.4541264 -4.11060286 1 1 1
v -1.89846265 12.4525795 -4.10296249 1 1 1
v -1.91002977 12.4577894 -4.11797571 1 1 1
v -1.25039828 7.53839159 -2.89432573 1 1 1
v -1.34645605 7.50875759 -2.92865086 1 1 1
v -1.32403469 7.53478527 -2.9424417 1 1 1
v -1.3096348 7.55382919 -2.95481491 1 1 1
v -1.2694813 7.55344629 -2.92578721 1 1 1
v -1.25675189 7.54600954 -2.9078958 1 1 1
v -1.25207853 7.53734589 -2.89427948 1 1 1
v -1.32048261 7.69960117 -2.98326921 1 1 1
v -1.25136805 7.54426861 -2.89047933 1 1 1
v -1.25742364 7.55026054 -2.90922189 1 1 1
v -1.27151108 7.5797677 -2.93112874 1 1 1
v -1.31401312 7.6832943 -2.97704411 1 1 1
v -1.41490412 7.70863676 -2.96353865 1 1 1
v -1.33452821 7.70825911 -2.99404621 1 1 1
v -1.33733761 7.70994091 -2.99609685 1 1 1
v -1.39405739 7.71567869 -2.98444462 1 1 1
v -1.39884007 7.71688843 -2.98509669 1 1 1
v -1.41756213 7.58211851 -2.90173984 1 1 1
v -1.41713297 7.56846523 -2.89365053 1 1 1
v -1.41450036 7.67382193 -2.94560075 1 1 1
v -1.41565871 7.56759453 -2.89732718 1 1 1
v -1.38082838 7.5395155 -2.92184687 1 1 1
v -1.36835015 7.52960825 -2.93031693 1 1 1
v -0.327031314 12.6628504 -3.1887033 1 1 1
v -0.335677624 12.662674 -3.19327545 1 1 1
v -0.328248888 12.6610756 -3.19679499 1 1 1
v -0.33426857 12.65909 -3.20226669 1 1 1
v -0.324751586 12.6570511 -3.20325184 1 1 1
v -0.320278734 12.6593752 -3.19486856 1 1 1
v -1.30905199 8.86356163 -3.03931594 1 1 1
v -1.3326813 8.92139816 -3.06450248 1 1 1
v -1.21998858 9.3880949 -3.0670743 1 1 1
v -1.1654619 9.37429142 -3.02826881 1 1 1
v -1.32254601 8.92222595 -3.10768962 1 1 1
v -1.20984972 9.38495255 -3.13699079 1 1 1
v -1.29447865 8.85434628 -3.10838223 1 1 1
v -1.1408267 9.36690235 -3.13680768 1 1 1
v -1.27836633 8.84254169 -3.06722116 1 1 1
v -1.10657573 9.35867596 -3.07221174 1 1 1
v -1.09805226 9.94704342 -3.06492996 1 1 1
v -1.03940415 9.93147278 -3.04021335 1 1 1
v -1.07539093 9.94583893 -3.12938929 1 1 1
v -1.0151999 9.93180752 -3.13170075 1 1 1
v -0.982708573 9.92048264 -3.07314706 1 1 1
v -0.950302124 10.4972105 -2.99787664 1 1 1
v -0.905866921 10.4815655 -2.96412563 1 1 1
v -0.935370088 10.500762 -3.0497694 1 1 1
v -0.88427943 10.4884672 -3.05235934 1 1 1
v -0.869696259 10.4782963 -3.00569367 1 1 1
v -0.802799463 11.0491877 -2.91909885 1 1 1
v -0.766751528 11.0366344 -2.89542103 1 1 1
v -0.790603638 11.0488939 -2.9609592 1 1 1
v -0.749295056 11.0370588 -2.96558452 1 1 1
v -0.733074307 11.0290098 -2.92472792 1 1 1
v -0.612918139 11.5875769 -2.91610646 1 1 1
v -0.583477199 11.5789251 -2.90204358 1 1 1
v -0.620352924 11.587162 -2.96948433 1 1 1
v -0.570670068 11.5718203 -2.95480728 1 1 1
v -0.557207584 11.5695019 -2.9207828 1 1 1
v -0.443936288 12.1316404 -2.98824239 1 1 1
v -0.419479162 12.1287289 -2.97633195 1 1 1
v -0.436560005 12.1238031 -3.01258636 1 1 1
v -0.412800342 12.1173677 -3.01578856 1 1 1
v -0.403577298 12.1207285 -2.99323392 1 1 1
v -0.340862364 12.6609211 -3.19002199 1 1 1
v -0.324977815 12.66716 -3.17779565 1 1 1
v -0.340167195 12.6562557 -3.20712876 1 1 1
v -0.323586464 12.6515331 -3.20524025 1 1 1
v -0.312920034 12.6567841 -3.19268107 1 1 1
v -1.47913849 8.51170921 -3.04393005 1 1 1
v -1.45969844 8.31601524 -2.99727154 1 1 1
v -1.47864151 8.51268864 -3.04471517 1 1 1
v -1.46756852 8.54002762 -3.05791497 1 1 1
v -1.45365083 8.56320095 -3.08318925 1 1 1
v -1.44717753 8.56777763 -3.10383344 1 1 1
v -1.45317411 8.52820492 -3.12088275 1 1 1
v -1.43237531 8.36257744 -3.12248921 1 1 1
v -1.43617582 8.28571796 -3.12181139 1 1 1
v -1.44806552 8.47707272 -3.12160182 1 1 1
v -1.40073013 8.32716942 -3.06412697 1 1 1
v -1.4033587 8.29358196 -3.04897523 1 1 1
v -1.4252702 8.31749344 -3.11608481 1 1 1
v -1.42414474 8.31417942 -3.11121845 1 1 1
v -1.40080249 8.33439636 -3.06889558 1 1 1
v -1.43277752 8.31059933 -3.02047086 1 1 1
v -1.43069828 8.31172848 -3.02194715 1 1 1
v -2.96446252 13.9542532 -3.18935728 1 1 1
v -2.95980763 13.9544563 -3.1958077 1 1 1
v -2.95775437 13.9554453 -3.18938661 1 1 1
v -2.95224857 13.9549541 -3.19337082 1 1 1
v -2.95223212 13.9550581 -3.18541431 1 1 1
v -2.95978069 13.9546251 -3.18293405 1 1 1
v -1.63711107 8.98483181 -3.16064501 1 1 1
v -1.60401845 8.99888039 -3.21053958 1 1 1
v -1.82888675 9.54992676 -3.20097923 1 1 1
v -1.84446466 9.53344059 -3.17041326 1 1 1
v -1.81461358 9.61058235 -3.19040942 1 1 1
v -1.60077858 9.00023556 -3.20941377 1 1 1
v -1.61310768 9.10289383 -3.1999588 1 1 1
v -1.62488782 9.16954041 -3.19493151 1 1 1
v -1.62540483 9.20090485 -3.19108677 1 1 1
v -2.05245042 10.0568018 -3.23255491 1 1 1
v -2.08155155 10.0460596 -3.1799984 1 1 1
v -1.98948979 10.0836277 -3.21766758 1 1 1
v -1.81467295 9.60787201 -3.15190387 1 1 1
v -1.99666333 10.0825033 -3.14838743 1 1 1
v -1.83030951 9.55294323 -3.1400311 1 1 1
v -2.05329108 10.059453 -3.12718248 1 1 1
v -2.26656699 10.5917587 -3.22770262 1 1 1
v -2.29055858 10.5827217 -3.18915033 1 1 1
v -2.22529507 10.6070414 -3.2122128 1 1 1
v -2.22283626 10.6078711 -3.16477418 1 1 1
v -2.26648712 10.5916061 -3.14996099 1 1 1
v -2.44957209 11.138978 -3.21565723 1 1 1
v -2.476578 11.1308098 -3.17731285 1 1 1
v -2.40727067 11.1498957 -3.20026994 1 1 1
v -2.40701079 11.1488447 -3.15518308 1 1 1
v -2.44782114 11.1375961 -3.14228535 1 1 1
v -2.5592351 11.7017546 -3.18732595 1 1 1
v -2.58772731 11.6945505 -3.16165304 1 1 1
v -2.5106616 11.7143393 -3.19247651 1 1 1
v -2.52525806 11.7103996 -3.1426909 1 1 1
v -2.56064463 11.7013674 -3.13084197 1 1 1
v -2.73031855 12.2477942 -3.20940924 1 1 1
v -2.74412727 12.2447586 -3.17588496 1 1 1
v -2.70084286 12.254693 -3.19008183 1 1 1
v -2.70251155 12.2544823 -3.16337872 1 1 1
v -2.72845793 12.2486296 -3.14775109 1 1 1
v -2.81487727 12.8130751 -3.18838429 1 1 1
v -2.8292613 12.8105955 -3.16974068 1 1 1
v -2.78549552 12.8184299 -3.18724656 1 1 1
v -2.78994751 12.8177519 -3.15598321 1 1 1
v -2.82091832 12.8124247 -3.13175321 1 1 1
v -2.9286499 13.375576 -3.20218921 1 1 1
v -2.9421339 13.3741531 -3.18178368 1 1 1
v -2.90443182 13.3788748 -3.19485402 1 1 1
v -2.90678859 13.3789577 -3.17075586 1 1 1
v -2.9306016 13.3761759 -3.15519166 1 1 1
v -2.96358728 13.9554281 -3.20713568 1 1 1
v -2.97494888 13.9540663 -3.1893332 1 1 1
v -2.94769168 13.9525042 -3.19655132 1 1 1
v -2.94477749 13.955245 -3.18002892 1 1 1
v -2.96361542 13.9560795 -3.17134118 1 1 1
v -1.6295203 9.21549606 -3.1455822 1 1 1
v -1.61710536 9.18545914 -3.12878823 1 1 1
v -1.62532127 9.2024765 -3.18202424 1 1 1
v -1.6377908 9.23545647 -3.16146898 1 1 1
v -1.60880947 9.01100826 -3.11062527 1 1 1
v -1.6259346 8.99402237 -3.14171481 1 1 1
v -1.62505138 8.98983288 -3.14282417 1 1 1
v -1.61259961 9.01204777 -3.11538672 1 1 1
v 0.873881698 12.4305706 -0.438192517 1 1 1
v 0.877723455 12.4286823 -0.425835222 1 1 1
v 0.867432296 12.4316254 -0.429106265 1 1 1
v 0.867127359 12.4291878 -0.418187082 1 1 1
v 0.856736898 12.4313869 -0.425817519 1 1 1
v 0.860911429 12.4322424 -0.43818149 1 1 1
v 0.282493621 11.0719748 -0.267956823 1 1 1
v 0.233242616 11.1018047 -0.269919336 1 1 1
v -0.105905555 10.7191572 -0.0396346375 1 1 1
v -0.0904970914 10.7074795 -0.0390288793 1 1 1
v -0.0650849119 10.7387619 -0.0641993359 1 1 1
v -0.0397090651 10.7289734 -0.0680914372 1 1 1
v 0.000707732106 10.706604 -0.0707804784 1 1 1
v 0.0100498935 10.6878386 -0.0643626526 1 1 1
v 0.312196165 11.0842352 -0.223591924 1 1 1
v 0.602615595 11.414505 -0.442435652 1 1 1
v 0.574485898 11.4140215 -0.513953328 1 1 1
v 0.295211494 11.136116 -0.208300173 1 1 1
v 0.555629551 11.4578905 -0.398724258 1 1 1
v 0.255467862 11.1558495 -0.242815137 1 1 1
v 0.498286813 11.4845371 -0.442984819 1 1 1
v 0.500914574 11.4602356 -0.529270589 1 1 1
v 0.840094328 11.8904486 -0.475573838 1 1 1
v 0.818652034 11.8983307 -0.516414106 1 1 1
v 0.799586535 11.9026613 -0.439491808 1 1 1
v 0.755360007 11.9181356 -0.472857982 1 1 1
v 0.772707283 11.9142151 -0.526781738 1 1 1
v 0.88678503 12.425189 -0.423028529 1 1 1
v 0.881806552 12.4309425 -0.44885546 1 1 1
v 0.866425037 12.423667 -0.413597971 1 1 1
v 0.84869951 12.4289751 -0.423688531 1 1 1
v 0.854565978 12.4326382 -0.447029382 1 1 1
v 0.047704298 10.7134542 -0.0306854229 1 1 1
v 0.0594626032 10.7172394 -0.00887563266 1 1 1
v 0.0684640184 10.714344 0.024324974 1 1 1
v 0.0158234239 10.6920376 -0.0582781807 1 1 1
v 0.0575524755 10.8464909 0.0319306664 1 1 1
v 0.0258568972 10.8875818 -0.0250835959 1 1 1
v 0.0110078566 10.8929682 -0.0359411463 1 1 1
v -0.00486933114 10.900938 -0.0500561967 1 1 1
v 0.0511613153 10.8611708 0.0130534107 1 1 1
v -0.0174674802 10.8650599 -0.0669148564 1 1 1
v -0.0386657417 10.8260441 -0.0664129108 1 1 1
v -0.0688234568 10.7723312 -0.0630199313 1 1 1
v -0.0918918997 10.7447758 -0.0402265787 1 1 1
v -0.105295584 10.7271681 -0.0293662753 1 1 1
v -1.24200153 14.3718643 0.0539548099 1 1 1
v -1.23893976 14.3718405 0.049345918 1 1 1
v -1.2373668 14.3728256 0.0537079424 1 1 1
v -1.2336359 14.3724031 0.0508158766 1 1 1
v -1.23341942 14.3727741 0.0563318357 1 1 1
v -1.23858976 14.3724413 0.0582724921 1 1 1
v -0.645968437 12.7181091 0.130637631 1 1 1
v -0.655639052 12.7013826 0.127518177 1 1 1
v -0.237137377 12.2450686 0.12357951 1 1 1
v -0.228774205 12.2560711 0.126946092 1 1 1
v -0.231304303 12.2875252 0.131952122 1 1 1
v -0.672850192 12.6981297 0.144285589 1 1 1
v -1.06659997 13.1442213 0.111569948 1 1 1
v -1.09664369 13.1330519 0.132173732 1 1 1
v -1.03944373 13.1554785 0.111639917 1 1 1
v -0.657486618 12.7280521 0.151440322 1 1 1
v -1.03929365 13.157012 0.144191712 1 1 1
v -0.670566201 12.7142649 0.161887646 1 1 1
v -1.07005799 13.1456251 0.16820851 1 1 1
v -1.19430304 13.749155 0.0613691285 1 1 1
v -1.20477438 13.7495499 0.0943439975 1 1 1
v -1.16917324 13.7539129 0.0825022906 1 1 1
v -1.16818058 13.7553215 0.102820128 1 1 1
v -1.1885941 13.7531662 0.114844613 1 1 1
v -1.24001849 14.3688622 0.0459626615 1 1 1
v -1.25111651 14.3717575 0.0543205403 1 1 1
v -1.23044574 14.3698626 0.0486341976 1 1 1
v -1.22895634 14.3715734 0.0593042001 1 1 1
v -1.23956323 14.370307 0.0626000986 1 1 1
v -0.239475101 12.2421579 0.129624099 1 1 1
v -0.268551826 12.2438183 0.155562818 1 1 1
v -0.264127791 12.2517815 0.140878558 1 1 1
v -0.259565771 12.2511616 0.137285054 1 1 1
v -0.26246804 12.3119278 0.147172421 1 1 1
v -0.269008785 12.3174238 0.152904615 1 1 1
v -0.274117917 12.3228207 0.169044301 1 1 1
v -0.237299234 12.291832 0.136273339 1 1 1
v -0.276132435 12.3017111 0.176711529 1 1 1
v -0.281869799 12.2852526 0.183616161 1 1 1
v -0.274503708 12.267561 0.173385546 1 1 1
v 1.68343759 11.4218197 1.28294778 1 1 1
v 1.67044652 11.4215794 1.28619134 1 1 1
v 1.67470002 11.4234953 1.2757231 1 1 1
v 1.66333878 11.4222527 1.2748611 1 1 1
v 1.67193735 11.4229097 1.26461506 1 1 1
v 1.68435907 11.4226418 1.26961267 1 1 1
v 0.775578678 10.0010777 0.577625811 1 1 1
v 0.74919349 9.96241665 0.57924974 1 1 1
v 0.291484654 10.1970043 0.235482246 1 1 1
v 0.367792547 10.2772064 0.250677407 1 1 1
v 0.328575492 10.1693716 0.26474607 1 1 1
v 0.362031221 10.2069149 0.270626664 1 1 1
v 0.400915951 10.2419834 0.2802746 1 1 1
v 0.790587366 9.91047096 0.560311615 1 1 1
v 1.1391232 9.74111271 0.943579316 1 1 1
v 1.18582046 9.69301701 0.911716044 1 1 1
v 1.13528776 9.80842018 0.908871233 1 1 1
v 0.816917717 9.99149132 0.542107582 1 1 1
v 1.17927933 9.80615997 0.853350818 1 1 1
v 0.818320036 9.94481277 0.522323489 1 1 1
v 1.21470165 9.73378277 0.850498855 1 1 1
v 1.50583041 10.1917114 1.18046415 1 1 1
v 1.55335534 10.1733866 1.16538799 1 1 1
v 1.48582423 10.2150202 1.13958538 1 1 1
v 1.51414311 10.2168388 1.09296823 1 1 1
v 1.56744325 10.1856565 1.10831726 1 1 1
v 1.66219127 10.792592 1.27323067 1 1 1
v 1.70696712 10.7882748 1.26211047 1 1 1
v 1.64582753 10.7986889 1.23522353 1 1 1
v 1.66736281 10.8001385 1.1995548 1 1 1
v 1.70919728 10.7930393 1.21652913 1 1 1
v 1.66585577 11.4202013 1.29754746 1 1 1
v 1.68896389 11.4176531 1.28731644 1 1 1
v 1.65437794 11.4195013 1.27407348 1 1 1
v 1.67035973 11.4189968 1.25799537 1 1 1
v 1.69331813 11.4212446 1.26391482 1 1 1
v 0.392928779 10.0683279 0.242016003 1 1 1
v 0.375425577 10.0954227 0.261922628 1 1 1
v 0.345229179 10.1339226 0.260828346 1 1 1
v 0.325021416 10.1604795 0.263501346 1 1 1
v 0.321470112 10.1594925 0.239663929 1 1 1
v 0.298866689 10.1858931 0.228443027 1 1 1
v 0.295435041 10.1887503 0.221796215 1 1 1
v 0.409015954 10.0416393 0.227957189 1 1 1
v 0.425126523 10.2255592 0.282557815 1 1 1
v 0.432012051 10.2233658 0.277881205 1 1 1
v 0.492983431 10.1976862 0.248631984 1 1 1
v 0.494996339 10.2000408 0.241442725 1 1 1
v 0.494493097 10.2139149 0.21513027 1 1 1
v 0.466319978 10.1599731 0.162235081 1 1 1
v 0.455972195 10.1541986 0.146260321 1 1 1
v 0.451073438 10.1435051 0.136376008 1 1 1
v 0.430835754 10.0476046 0.222316265 1 1 1
v 0.448673695 10.1373549 0.141511723 1 1 1
v 0.452069283 10.1204929 0.15632759 1 1 1
v 0.444456637 10.0718374 0.200299114 1 1 1
v 0.550022185 12.2805872 1.00310171 1 1 1
v 0.554816127 12.2831154 0.992634892 1 1 1
v 0.559682965 12.2791929 1.00055313 1 1 1
v 0.56581676 12.2788849 0.992550015 1 1 1
v 0.567821741 12.2737417 1.00296414 1 1 1
v 0.55806011 12.2747936 1.0094856 1 1 1
v 0.450889379 10.9795771 0.436911464 1 1 1
v 0.411196679 10.9455795 0.411849737 1 1 1
v 0.482181072 10.5007744 0.149963796 1 1 1
v 0.497131526 10.5032291 0.153198346 1 1 1
v 0.514406443 10.5675497 0.192408293 1 1 1
v 0.529438078 10.6085434 0.21788758 1 1 1
v 0.543463051 10.6298676 0.231896266 1 1 1
v 0.392327845 10.9192314 0.450176418 1 1 1
v 0.319388509 11.3827362 0.610347331 1 1 1
v 0.291825354 11.3583403 0.669953406 1 1 1
v 0.389001131 11.3796434 0.620316446 1 1 1
v 0.459896773 10.9632187 0.48358345 1 1 1
v 0.404362142 11.3543386 0.684257209 1 1 1
v 0.423878253 10.921752 0.493486583 1 1 1
v 0.339197338 11.3350592 0.731562197 1 1 1
v 0.369590998 11.8556862 0.784228444 1 1 1
v 0.355928421 11.8435307 0.82463479 1 1 1
v 0.418376535 11.8447189 0.783977926 1 1 1
v 0.433363646 11.8234138 0.832711995 1 1 1
v 0.38380006 11.825058 0.858315527 1 1 1
v 0.550005913 12.2862568 0.984943271 1 1 1
v 0.538308918 12.2840319 1.00704813 1 1 1
v 0.567282319 12.2750797 0.987244368 1 1 1
v 0.573304296 12.2678432 1.00405204 1 1 1
v 0.55638653 12.2702951 1.018713 1 1 1
v 0.467300773 10.4820852 0.178192094 1 1 1
v 0.442411214 10.4512539 0.22541599 1 1 1
v 0.456697732 10.4837618 0.198884323 1 1 1
v 0.461030543 10.4844666 0.190482259 1 1 1
v 0.547495902 10.6334143 0.305080652 1 1 1
v 0.560457349 10.597208 0.319678485 1 1 1
v 0.545467019 10.6284237 0.250888437 1 1 1
v 0.544566393 10.6388836 0.288194209 1 1 1
v 0.534576476 10.5457354 0.316523463 1 1 1
v 0.504090965 10.4694977 0.308624327 1 1 1
v 0.49380669 10.4821644 0.307875335 1 1 1
v 0.476229697 10.4922867 0.296264887 1 1 1
v 0.457986772 10.476965 0.263508052 1 1 1
v 0.454022527 10.4655085 0.249874845 1 1 1
v -1.19000208 11.5976381 1.23849845 1 1 1
v -1.19928455 11.5950241 1.22826231 1 1 1
v -1.18790495 11.5986118 1.22668719 1 1 1
v -1.19247437 11.5955906 1.21597075 1 1 1
v -1.17898273 11.5985546 1.21861017 1 1 1
v -1.17745483 11.5998211 1.23253286 1 1 1
v -0.827700913 9.80236816 0.487185419 1 1 1
v -0.843501806 9.85204887 0.462094426 1 1 1
v -0.683859408 9.75275421 -0.0221967641 1 1 1
v -0.664259136 9.69143581 -0.0112646418 1 1 1
v -0.668764234 9.69469738 -0.00520026172 1 1 1
v -0.662422597 9.66055489 0.00966241397 1 1 1
v -0.658692598 9.6401329 0.0186731555 1 1 1
v -0.881916642 9.7742672 0.495396674 1 1 1
v -0.927918375 9.80462074 0.477540523 1 1 1
v -1.06170392 9.95707893 0.954378128 1 1 1
v -1.00615501 9.92163754 0.993071556 1 1 1
v -0.911990583 9.85206509 0.473517954 1 1 1
v -1.02689528 10.0044661 0.904464006 1 1 1
v -0.950456142 10.001008 0.909871161 1 1 1
v -0.926692247 9.94302368 0.972577333 1 1 1
v -1.04441488 10.4634714 1.21101391 1 1 1
v -1.00600076 10.4548664 1.24837804 1 1 1
v -1.02219725 10.4800148 1.16141188 1 1 1
v -0.957841039 10.4833889 1.16571748 1 1 1
v -0.959419012 10.4648914 1.22558141 1 1 1
v -1.11080003 11.0261269 1.27032208 1 1 1
v -1.07777262 11.030921 1.30129302 1 1 1
v -1.08450234 11.0309601 1.23648131 1 1 1
v -1.04667568 11.0372124 1.2420305 1 1 1
v -1.04288137 11.0370369 1.28112102 1 1 1
v -1.20447195 11.5891647 1.22936606 1 1 1
v -1.19236922 11.5972948 1.25100255 1 1 1
v -1.19527233 11.5911083 1.20844507 1 1 1
v -1.16748667 11.6018066 1.20736468 1 1 1
v -1.16863263 11.5993452 1.2374022 1 1 1
v -0.856062174 9.63506985 -0.0131305791 1 1 1
v -0.765892088 9.56844425 0.0237892531 1 1 1
v -0.830407262 9.6128521 0.0117271347 1 1 1
v -0.862976551 9.6462841 0.00973550417 1 1 1
v -0.858738363 9.68164062 0.0247668196 1 1 1
v -0.858466864 9.73152065 0.0585723855 1 1 1
v -0.851378143 9.74376392 0.051454518 1 1 1
v -0.849646747 9.74712658 0.0499728955 1 1 1
v -0.790652335 9.74949455 0.0327034146 1 1 1
v -0.761207104 9.7503767 0.0158476252 1 1 1
v -0.719759583 9.75162029 -0.00768276257 1 1 1
v -0.712491155 9.75160313 -0.0361129232 1 1 1
v -0.683676422 9.63015747 0.0379834175 1 1 1
v -0.703602612 9.6198616 0.0466272123 1 1 1
v -0.731300354 9.60659409 0.0613489673 1 1 1
v -0.744110048 9.59018612 0.0415283926 1 1 1
v 1.3777808 11.5137615 -0.227867335 1 1 1
v 1.36563802 11.5146599 -0.230760127 1 1 1
v 1.37377214 11.5150299 -0.237718835 1 1 1
v 1.3646071 11.5144453 -0.24323085 1 1 1
v 1.3761127 11.5134144 -0.248045504 1 1 1
v 1.38425434 11.5129929 -0.238550365 1 1 1
v 0.863598943 8.99004459 -0.86470139 1 1 1
v 0.898259997 9.00081635 -0.910019636 1 1 1
v 0.757249832 8.57904053 -1.25917137 1 1 1
v 0.750316381 8.57503605 -1.25156677 1 1 1
v 0.75914067 8.59698009 -1.22530055 1 1 1
v 0.738479316 8.58936882 -1.19341695 1 1 1
v 0.707580805 8.57410336 -1.15402114 1 1 1
v 0.815345347 9.01704311 -0.868056774 1 1 1
v 0.959121287 9.39820671 -0.537565053 1 1 1
v 1.03320956 9.36821556 -0.526708245 1 1 1
v 0.82172066 9.05404949 -0.906913757 1 1 1
v 0.961940706 9.43543625 -0.61000526 1 1 1
v 0.874663234 9.05244732 -0.925270796 1 1 1
v 1.03604984 9.42913914 -0.643684924 1 1 1
v 1.09752786 9.38173485 -0.590935111 1 1 1
v 1.11423099 9.89649677 -0.355830014 1 1 1
v 1.17891133 9.87937069 -0.346899509 1 1 1
v 1.10604095 9.91797447 -0.427382529 1 1 1
v 1.17565942 9.90812111 -0.449422628 1 1 1
v 1.219684 9.88492203 -0.400389999 1 1 1
v 1.21554005 10.4298601 -0.27665776 1 1 1
v 1.2604903 10.4205217 -0.262265295 1 1 1
v 1.21097314 10.4379044 -0.322283119 1 1 1
v 1.25586545 10.4343548 -0.344254881 1 1 1
v 1.29502869 10.4221334 -0.305798888 1 1 1
v 1.30611575 10.9653177 -0.204135135 1 1 1
v 1.3426677 10.9603844 -0.193394065 1 1 1
v 1.3018043 10.968112 -0.241907075 1 1 1
v 1.33742142 10.9646654 -0.255710304 1 1 1
v 1.35916698 10.9603195 -0.226971284 1 1 1
v 1.3614434 11.510169 -0.227361202 1 1 1
v 1.37913084 11.5085526 -0.223527208 1 1 1
v 1.3449986 11.5226517 -0.255697668 1 1 1
v 1.37660706 11.507761 -0.251872301 1 1 1
v 1.3884418 11.5074844 -0.23880063 1 1 1
v 0.644527078 8.62276077 -1.15162098 1 1 1
v 0.621487617 8.62574291 -1.16089296 1 1 1
v 0.616940498 8.6258707 -1.16304684 1 1 1
v 0.702101052 8.58393574 -1.15046155 1 1 1
v 0.681821644 8.59661674 -1.15158641 1 1 1
v 0.634933174 8.71126938 -1.22432244 1 1 1
v 0.708049476 8.72550106 -1.23029768 1 1 1
v 0.742622375 8.72578335 -1.24046481 1 1 1
v 0.642306387 8.71417332 -1.22335732 1 1 1
v 0.681832314 8.72657871 -1.22107244 1 1 1
v 0.76469779 8.61646652 -1.2374593 1 1 1
v 0.753126621 8.58599854 -1.26332843 1 1 1
v 0.753112853 8.58543968 -1.26350749 1 1 1
v 0.745971441 8.71789742 -1.23708355 1 1 1
v 0.755539656 8.6717453 -1.23537815 1 1 1
v 0.242199644 11.8325691 -2.72497463 1 1 1
v 0.252476007 11.8344984 -2.72198391 1 1 1
v 0.245145693 11.8340235 -2.71626544 1 1 1
v 0.252893895 11.8343697 -2.71111703 1 1 1
v 0.242875487 11.8323603 -2.70739198 1 1 1
v 0.236266121 11.8312473 -2.71595693 1 1 1
v 0.546679974 9.33372879 -1.96144748 1 1 1
v 0.564580321 9.2832489 -1.96529436 1 1 1
v 0.849334419 8.96125412 -1.54170775 1 1 1
v 0.849069893 8.96435642 -1.53971756 1 1 1
v 0.834056795 8.98003483 -1.55858099 1 1 1
v 0.822920024 8.98953629 -1.57432365 1 1 1
v 0.790362597 9.02641296 -1.61286652 1 1 1
v 0.773767352 9.0465889 -1.63138008 1 1 1
v 0.764460742 9.09173203 -1.6139642 1 1 1
v 0.760452509 9.10379696 -1.61252606 1 1 1
v 0.51914376 9.26503277 -1.9696269 1 1 1
v 0.343162894 9.57297993 -2.38839555 1 1 1
v 0.277243942 9.54872036 -2.40043759 1 1 1
v 0.351486444 9.61830711 -2.33464694 1 1 1
v 0.510200739 9.32956123 -1.93332279 1 1 1
v 0.285511702 9.62083817 -2.31302857 1 1 1
v 0.491969526 9.28785419 -1.93758488 1 1 1
v 0.235128567 9.58165836 -2.34798288 1 1 1
v 0.347783953 10.083107 -2.66403842 1 1 1
v 0.286687523 10.085659 -2.66927934 1 1 1
v 0.345389038 10.1066217 -2.60371065 1 1 1
v 0.291908175 10.1152821 -2.59206533 1 1 1
v 0.246304587 10.1047134 -2.62933683 1 1 1
v 0.418892235 10.660759 -2.79924059 1 1 1
v 0.371997088 10.6617956 -2.81404519 1 1 1
v 0.418187052 10.6646671 -2.75266337 1 1 1
v 0.37571007 10.6681614 -2.73575664 1 1 1
v 0.345219851 10.6665764 -2.77232361 1 1 1
v 0.384368747 11.253644 -2.74828863 1 1 1
v 0.350010455 11.2494221 -2.74972439 1 1 1
v 0.380322129 11.2512922 -2.71273327 1 1 1
v 0.348158121 11.2465353 -2.69123602 1 1 1
v 0.334659308 11.246438 -2.72669983 1 1 1
v 0.256968617 11.8309698 -2.72499084 1 1 1
v 0.240669608 11.8289804 -2.73102951 1 1 1
v 0.258262217 11.8315001 -2.70800567 1 1 1
v 0.24280338 11.8272181 -2.70382571 1 1 1
v 0.231842488 11.8262815 -2.71584558 1 1 1
v 0.826963723 8.95637989 -1.54794955 1 1 1
v 0.83931005 8.9541111 -1.53912139 1 1 1
v 0.742781341 8.94030857 -1.57519054 1 1 1
v 0.749785542 8.95656967 -1.5879463 1 1 1
v 0.766302526 8.96042728 -1.58361816 1 1 1
v 0.81716603 8.96403217 -1.56130886 1 1 1
v 0.729990602 9.08526611 -1.55001247 1 1 1
v 0.716641843 9.07582283 -1.52123022 1 1 1
v 0.745073617 9.10114193 -1.59469247 1 1 1
v 0.711368322 9.02525425 -1.50869989 1 1 1
v 0.703404963 8.97516346 -1.49940681 1 1 1
v 0.709523797 8.96914864 -1.52180147 1 1 1
v 0.717904508 8.9618969 -1.52933121 1 1 1
v 0.567061961 12.9553871 -1.54673183 1 1 1
v 0.562579811 12.9542761 -1.55400002 1 1 1
v 0.569851458 12.95541 -1.55355597 1 1 1
v 0.568183124 12.9535875 -1.56050241 1 1 1
v 0.576128304 12.9542732 -1.55725205 1 1 1
v 0.5754354 12.9553843 -1.54874134 1 1 1
v 0.847625017 10.3043375 -1.75927424 1 1 1
v 0.827136397 10.2646732 -1.73216796 1 1 1
v 0.899000645 9.72234821 -1.850124 1 1 1
v 0.900209308 9.72252846 -1.85155714 1 1 1
v 0.932398736 9.81897736 -1.8883245 1 1 1
v 0.936812639 9.83188152 -1.89337099 1 1 1
v 0.847298324 10.2587233 -1.70034897 1 1 1
v 0.714621186 10.773284 -1.6189245 1 1 1
v 0.746086955 10.7643757 -1.56933188 1 1 1
v 0.745549619 10.8010855 -1.67036653 1 1 1
v 0.881001413 10.3197107 -1.74119115 1 1 1
v 0.798744142 10.8031025 -1.63428485 1 1 1
v 0.881385148 10.2803659 -1.70771337 1 1 1
v 0.798324287 10.7845135 -1.58342123 1 1 1
v 0.597614825 11.2928858 -1.43653834 1 1 1
v 0.617908359 11.2874193 -1.39727676 1 1 1
v 0.622818291 11.3045244 -1.46913469 1 1 1
v 0.667097211 11.3087406 -1.45490301 1 1 1
v 0.66954428 11.297328 -1.40248501 1 1 1
v 0.554979026 11.848794 -1.3734144 1 1 1
v 0.57042098 11.8510771 -1.33606565 1 1 1
v 0.577046096 11.8484793 -1.4042412 1 1 1
v 0.608632922 11.8504314 -1.38596392 1 1 1
v 0.608993173 11.851965 -1.35055983 1 1 1
v 0.56385982 12.3991575 -1.48136294 1 1 1
v 0.57999599 12.4025316 -1.46183109 1 1 1
v 0.576906383 12.3927479 -1.52341759 1 1 1
v 0.607828021 12.398036 -1.49180567 1 1 1
v 0.604406357 12.4023542 -1.46520007 1 1 1
v 0.560886085 12.9490433 -1.55345404 1 1 1
v 0.563486397 12.9559278 -1.53810263 1 1 1
v 0.567589521 12.9488144 -1.56297076 1 1 1
v 0.583682358 12.9530897 -1.56173038 1 1 1
v 0.584552586 12.957921 -1.54115665 1 1 1
v 0.934584856 9.72548008 -1.79218256 1 1 1
v 0.923612595 9.73951912 -1.80759943 1 1 1
v 0.910863519 9.72833443 -1.83000255 1 1 1
v 0.901954472 9.72316265 -1.84522462 1 1 1
v 0.901238382 9.72219276 -1.8465389 1 1 1
v 0.969101369 9.88436222 -1.87517345 1 1 1
v 0.996251404 9.89103699 -1.86349201 1 1 1
v 0.940953732 9.83824921 -1.8911202 1 1 1
v 0.967168987 9.88392067 -1.87600148 1 1 1
v 0.9975577 9.83053875 -1.83075297 1 1 1
v 0.998916328 9.75851345 -1.80589223 1 1 1
v 0.99712795 9.8568325 -1.84072781 1 1 1
v 0.986781776 9.76740742 -1.80255282 1 1 1
v 0.973112106 9.77077866 -1.79893088 1 1 1
v 0.936854005 9.72811604 -1.79258192 1 1 1
v -3.01975584 13.1316967 2.1859839 1 1 1
v -3.02403283 13.1308231 2.17914271 1 1 1
v -3.01716709 13.1318188 2.1795361 1 1 1
v -3.0187974 13.1302395 2.17297029 1 1 1
v -3.01128531 13.1307516 2.17599511 1 1 1
v -3.0118773 13.1316528 2.18403864 1 1 1
v -2.61990809 10.2212906 1.41903841 1 1 1
v -2.62310529 10.1662188 1.41174936 1 1 1
v -2.43749619 9.7693615 1.04587436 1 1 1
v -2.42573929 9.78568649 1.0351373 1 1 1
v -2.43037701 9.78852272 1.04181445 1 1 1
v -2.43973017 9.79516029 1.05552208 1 1 1
v -2.45274878 9.84398365 1.08502209 1 1 1
v -2.4627285 9.87970161 1.10718584 1 1 1
v -2.46841908 9.92765808 1.12708676 1 1 1
v -2.46863556 9.93396854 1.12902474 1 1 1
v -2.59990573 10.1506138 1.43595529 1 1 1
v -2.8351109 10.5236082 1.74612916 1 1 1
v -2.79704142 10.5043726 1.78760588 1 1 1
v -2.80340409 10.568779 1.70317876 1 1 1
v -2.58448815 10.216198 1.43220079 1 1 1
v -2.74974608 10.5589294 1.73949075 1 1 1
v -2.57264328 10.1749973 1.44258904 1 1 1
v -2.74476075 10.5264416 1.78311861 1 1 1
v -2.91483593 10.9770441 2.05197477 1 1 1
v -2.89164901 10.9618902 2.08864522 1 1 1
v -2.88923836 10.9970531 2.02040386 1 1 1
v -2.84363103 10.9962416 2.03559899 1 1 1
v -2.83894682 10.972127 2.08442664 1 1 1
v -2.96676135 11.489604 2.23963189 1 1 1
v -2.9424355 11.483716 2.27838397 1 1 1
v -2.93727922 11.4978113 2.2082963 1 1 1
v -2.89833069 11.4976273 2.22327638 1 1 1
v -2.90174747 11.4894009 2.26378846 1 1 1
v -2.98945427 12.0351696 2.26017189 1 1 1
v -2.96380568 12.0368681 2.29010749 1 1 1
v -2.96164227 12.0371122 2.227777 1 1 1
v -2.93081641 12.0391359 2.24871373 1 1 1
v -2.93436122 12.0388575 2.27805066 1 1 1
v -3.03312492 12.5795298 2.24020267 1 1 1
v -3.01244926 12.5822153 2.26098776 1 1 1
v -3.00975227 12.5794353 2.22207022 1 1 1
v -2.98945093 12.5813885 2.23251271 1 1 1
v -2.99030232 12.5829926 2.25423431 1 1 1
v -3.02862406 13.1274748 2.17918038 1 1 1
v -3.02404475 13.1337042 2.1962924 1 1 1
v -3.02051544 13.1278486 2.1660707 1 1 1
v -3.00810909 13.1267509 2.17452073 1 1 1
v -3.00628471 13.1307192 2.18887138 1 1 1
v -2.40683293 9.75686741 1.10187721 1 1 1
v -2.42217588 9.77087212 1.09256876 1 1 1
v -2.42282414 9.76638508 1.0798645 1 1 1
v -2.42470717 9.76115799 1.06189799 1 1 1
v -2.45343876 9.94044495 1.14016664 1 1 1
v -2.42883635 9.92798042 1.13545871 1 1 1
v -2.40313554 9.91561031 1.13157701 1 1 1
v -2.39565492 9.90957355 1.12768495 1 1 1
v -2.36485934 9.81731129 1.12022352 1 1 1
v -2.36141872 9.8067379 1.11908174 1 1 1
v -2.37195492 9.80297565 1.12005687 1 1 1
v -2.3989625 9.79262543 1.12409639 1 1 1
v -2.40449381 9.77809238 1.11605382 1 1 1
v -0.973523974 14.7494154 -4.35643196 1 1 1
v -0.96996516 14.7485418 -4.35182381 1 1 1
v -0.974921525 14.7494421 -4.35158491 1 1 1
v -0.973310649 14.7481003 -4.34699821 1 1 1
v -0.97893703 14.7487001 -4.34862423 1 1 1
v -0.979068816 14.7495146 -4.35445404 1 1 1
v -1.49587643 9.74937248 -3.23561144 1 1 1
v -1.51781225 9.76462555 -3.2039566 1 1 1
v -1.42775238 10.3268623 -3.41429949 1 1 1
v -1.41685045 10.3097868 -3.4294281 1 1 1
v -1.42700529 10.3328934 -3.45751786 1 1 1
v -1.31676757 10.83002 -3.61028385 1 1 1
v -1.33942711 10.8242273 -3.63965082 1 1 1
v -1.33597672 10.8427448 -3.58067012 1 1 1
v -1.44037008 10.3902922 -3.44314289 1 1 1
v -1.37317157 10.8454132 -3.59120774 1 1 1
v -1.4442668 10.3742294 -3.46407175 1 1 1
v -1.38147569 10.8333998 -3.63268948 1 1 1
v -1.22773111 11.376524 -3.78140235 1 1 1
v -1.25061142 11.3704967 -3.80938768 1 1 1
v -1.24888349 11.3869963 -3.75658655 1 1 1
v -1.28153741 11.3888235 -3.76369548 1 1 1
v -1.28148127 11.378602 -3.79585528 1 1 1
v -1.18178403 11.9263268 -3.95779371 1 1 1
v -1.20543218 11.9227524 -3.97883892 1 1 1
v -1.20165658 11.9342909 -3.93129086 1 1 1
v -1.23310447 11.934289 -3.94029641 1 1 1
v -1.23947001 11.9261684 -3.97502899 1 1 1
v -1.15544021 12.494606 -4.05810642 1 1 1
v -1.17227864 12.4907389 -4.08290052 1 1 1
v -1.168136 12.5023432 -4.02801323 1 1 1
v -1.19877756 12.5019007 -4.04255247 1 1 1
v -1.20573092 12.4955244 -4.07487059 1 1 1
v -1.08975101 13.0484638 -4.20160294 1 1 1
v -1.10391235 13.0438032 -4.22496653 1 1 1
v -1.10169053 13.0561724 -4.17858648 1 1 1
v -1.12548554 13.0559063 -4.1898365 1 1 1
v -1.1274184 13.0500154 -4.21231604 1 1 1
v -1.02255142 13.6006479 -4.35954094 1 1 1
v -1.03827786 13.5951061 -4.39354038 1 1 1
v -1.03961909 13.6067791 -4.33675623 1 1 1
v -1.06441438 13.6069775 -4.34619474 1 1 1
v -1.07082701 13.6018801 -4.37395859 1 1 1
v -0.993853331 14.1726274 -4.43166924 1 1 1
v -1.00918722 14.1736593 -4.44571543 1 1 1
v -1.00858152 14.1734571 -4.41750288 1 1 1
v -1.02860999 14.1747723 -4.41926003 1 1 1
v -1.0300405 14.1749983 -4.4423399 1 1 1
v -0.962570727 14.7475367 -4.3521328 1 1 1
v -0.970844865 14.7509947 -4.36511803 1 1 1
v -0.970354736 14.7471113 -4.33865929 1 1 1
v -0.994344056 14.75529 -4.33548212 1 1 1
v -0.982447207 14.7472963 -4.35700035 1 1 1
v -1.50436926 9.76269341 -3.25532818 1 1 1
v -1.50743604 9.74636364 -3.24961472 1 1 1
v -1.50747705 9.82333088 -3.29692101 1 1 1
v -1.50572872 9.82794094 -3.29722714 1 1 1
v -1.50314605 9.79913807 -3.27577686 1 1 1
v -1.52961171 9.7654171 -3.20752025 1 1 1
v -1.52532303 9.78034878 -3.21227837 1 1 1
v -1.50528562 9.90122604 -3.25484133 1 1 1
v -1.50202048 9.93383217 -3.26693821 1 1 1
v -1.48852086 10.0035944 -3.29199195 1 1 1
v -1.49025857 10.006032 -3.29315615 1 1 1
v -1.49608374 10.0096712 -3.29544234 1 1 1
v -1.50022852 10.0111151 -3.29715776 1 1 1
v -1.5071584 10.0135307 -3.30002642 1 1 1
v -1.51362646 10.0143566 -3.30213594 1 1 1
v -1.51628947 10.0146646 -3.30299163 1 1 1
v -1.5168401 10.0067816 -3.32730412 1 1 1
v -1.5170064 10.0058651 -3.32922268 1 1 1
v -1.51704621 10.0056343 -3.32928944 1 1 1
v -1.51841187 9.99777031 -3.33281279 1 1 1
v -1.52821636 9.94033051 -3.32293653 1 1 1
v -1.51628017 10.0138597 -3.30694318 1 1 1
v -1.51631522 10.0116539 -3.3159852 1 1 1
v -1.51270223 9.85574532 -3.30440545 1 1 1
v -1.52569211 9.93645477 -3.32286644 1 1 1
v -1.52262461 9.93394756 -3.32342553 1 1 1
v -0.0886869505 11.6662197 0.110794149 1 1 1
v -0.0586072467 11.6161251 0.0832883865 1 1 1
v -0.102980256 11.5805597 0.0526781827 1 1 1
v -0.16048412 11.608674 0.0612657815 1 1 1
v -0.151650399 11.6616144 0.0971834511 1 1 1
v -0.086462073 11.6179762 0.0111534903 1 1 1
v -0.0896034986 11.615037 0.00990991481 1 1 1
v -0.0952098444 11.6109304 0.00643184176 1 1 1
v -0.0489977337 11.6522064 0.0277995784 1 1 1
v -0.0762515664 11.7146387 0.0353863426 1 1 1
v -0.137183562 11.7135735 0.0158186946 1 1 1
v -0.108458608 11.7122564 0.027701715 1 1 1
v -0.097630471 11.7131062 0.0299469493 1 1 1
v -0.151670754 11.6489649 -0.00238311756 1 1 1
v -0.151252314 11.6510105 -0.00435192836 1 1 1
v -0.147870332 11.6700583 -0.000289930933 1 1 1
v -0.14616704 11.6491594 -0.00511539681 1 1 1
v -0.151146844 11.6502552 -0.0045292289 1 1 1
v 0.369469881 10.2789698 0.251011431 1 1 1
v 0.367792547 10.2772064 0.250677407 1 1 1
v 0.295435041 10.1887503 0.221796215 1 1 1
v 0.318886906 10.1397524 0.140547723 1 1 1
v 0.413807839 10.1863346 0.0974039957 1 1 1
v 0.445069909 10.2723761 0.165674359 1 1 1
v 0.321470112 10.1594925 0.239663929 1 1 1
v 0.325021416 10.1604795 0.263501346 1 1 1
v 0.345229179 10.1339226 0.260828346 1 1 1
v 0.375425577 10.0954227 0.261922628 1 1 1
v 0.392928779 10.0683279 0.242016003 1 1 1
v 0.409015954 10.0416393 0.227957189 1 1 1
v 0.298866689 10.1858931 0.228443027 1 1 1
v 0.362031221 10.2069149 0.270626664 1 1 1
v 0.328575492 10.1693716 0.26474607 1 1 1
v 0.400915951 10.2419834 0.2802746 1 1 1
v 0.492983431 10.1976862 0.248631984 1 1 1
v 0.432012051 10.2233658 0.277881205 1 1 1
v 0.425126523 10.2255592 0.282557815 1 1 1
v 0.494493097 10.2139149 0.21513027 1 1 1
v 0.494996339 10.2000408 0.241442725 1 1 1
v 0.455972195 10.1541986 0.146260321 1 1 1
v 0.466319978 10.1599731 0.162235081 1 1 1
v 0.451073438 10.1435051 0.136376008 1 1 1
v 0.444456637 10.0718374 0.200299114 1 1 1
v 0.452069283 10.1204929 0.15632759 1 1 1
v 0.448673695 10.1373549 0.141511723 1 1 1
v 0.430835754 10.0476046 0.222316265 1 1 1
v 0.705844164 10.7778196 0.297087222 1 1 1
v 0.74489367 10.7033072 0.290423751 1 1 1
v 0.706169724 10.6588812 0.230024248 1 1 1
v 0.643187284 10.7059364 0.199358672 1 1 1
v 0.642986059 10.7794447 0.240805894 1 1 1
v 0.79089582 10.7326603 0.23860316 1 1 1
v 0.732551932 10.6751518 0.201028243 1 1 1
v 0.787319183 10.827075 0.205342919 1 1 1
v 0.791385591 10.8006306 0.211753502 1 1 1
v 0.791035116 10.7976408 0.213204592 1 1 1
v 0.791288376 10.7565498 0.22860159 1 1 1
v 0.750398993 10.8273354 0.179445699 1 1 1
v 0.691320896 10.809103 0.187986329 1 1 1
v 0.711730003 10.8160439 0.18303737 1 1 1
v 0.747659504 10.8268394 0.178755805 1 1 1
v 0.675750434 10.7261591 0.164150029 1 1 1
v 0.727413237 10.6854496 0.191015527 1 1 1
v 0.719709992 10.6919842 0.18635942 1 1 1
v 0.689684153 10.7242212 0.160338253 1 1 1
v 0.677045763 10.7261028 0.163659275 1 1 1
v -2.23184466 9.34547806 1.03436005 1 1 1
v -2.16766262 9.33401108 1.04125965 1 1 1
v -2.15696859 9.32883453 1.03344953 1 1 1
v -2.13562226 9.30448914 0.979407728 1 1 1
v -2.19181228 9.2998209 0.933011889 1 1 1
v -2.25128126 9.32515335 0.966974318 1 1 1
v -2.15497565 9.34011078 1.03032005 1 1 1
v -2.15034604 9.37812042 1.02472019 1 1 1
v -2.13848853 9.35390091 0.993188143 1 1 1
v -2.12834859 9.35567093 0.969402969 1 1 1
v -2.12634754 9.34733391 0.96380949 1 1 1
v -2.16335797 9.414464 1.01095343 1 1 1
v -2.15074015 9.37909794 1.02491105 1 1 1
v -2.16178131 9.35433102 1.03379607 1 1 1
v -2.19619632 9.50576115 0.975060344 1 1 1
v -2.18215561 9.48981857 0.981658757 1 1 1
v -2.1688292 9.46503353 0.99157846 1 1 1
v -2.23090315 9.41958904 0.932479739 1 1 1
v -2.23084331 9.41977882 0.932505369 1 1 1
v -2.21408939 9.46796894 0.94648999 1 1 1
v -2.20591378 9.49239063 0.952014208 1 1 1
v -2.18271685 9.34128952 0.917327762 1 1 1
v -2.23052573 9.41894817 0.932325602 1 1 1
v -2.13898015 9.3638382 0.943676054 1 1 1
v -2.15702844 9.37015057 0.92445606 1 1 1
v -2.1782918 9.34613132 0.919009089 1 1 1
v -2.50138903 10.2395449 1.10498881 1 1 1
v -2.52860403 10.2106638 1.07556784 1 1 1
v -2.56628346 10.1929655 1.10216391 1 1 1
v -2.562356 10.2109079 1.14802229 1 1 1
v -2.52224874 10.2396955 1.14976811 1 1 1
v -2.57854533 10.2551441 1.06790566 1 1 1
v -2.58526063 10.261302 1.06676328 1 1 1
v -2.58664942 10.2215738 1.09258091 1 1 1
v -2.55662084 10.2505312 1.06184864 1 1 1
v -2.5929749 10.3715067 1.06119812 1 1 1
v -2.64464355 10.4226618 1.08098888 1 1 1
v -2.633358 10.4193964 1.06223321 1 1 1
v -2.6141808 10.3948669 1.06527317 1 1 1
v -2.64882088 10.4217796 1.09161735 1 1 1
v -2.59497976 10.2546721 1.13523519 1 1 1
v -2.60438633 10.2855158 1.12846458 1 1 1
v -2.64795852 10.4167891 1.09323514 1 1 1
v -2.59417915 10.2366743 1.09752464 1 1 1
v -2.5982852 10.2453079 1.1009692 1 1 1
v -2.59503388 10.2545586 1.13189554 1 1 1
v 0.0370766632 14.6378164 0.253436416 1 1 1
v 0.0359080657 14.6372747 0.257467866 1 1 1
v 0.033660233 14.6376848 0.254650086 1 1 1
v 0.0317179821 14.6366854 0.257548898 1 1 1
v 0.0302966237 14.6368647 0.253565848 1 1 1
v 0.0336084105 14.6375628 0.251024246 1 1 1
v -0.097077921 13.0834494 0.187916249 1 1 1
v -0.0973050669 13.0908566 0.201000378 1 1 1
v 0.0546846315 13.5739155 0.194068536 1 1 1
v 0.0556135662 13.574481 0.172097862 1 1 1
v -0.109392919 13.0970345 0.20003517 1 1 1
v 0.0341870673 13.5780859 0.188755512 1 1 1
v -0.114981696 13.0966301 0.187655792 1 1 1
v 0.0276202485 13.5799618 0.173258945 1 1 1
v -0.1062003 13.0906925 0.17841208 1 1 1
v 0.0410263017 13.5780973 0.153985366 1 1 1
v 0.115472049 14.1058741 0.215036362 1 1 1
v 0.124909885 14.1072102 0.198260814 1 1 1
v 0.0991462544 14.1056623 0.216503426 1 1 1
v 0.0944722146 14.1067619 0.200803369 1 1 1
v 0.1066816 14.10818 0.183459178 1 1 1
v 0.0397409722 14.6367254 0.262308419 1 1 1
v 0.0389218926 14.6345339 0.252631485 1 1 1
v 0.0295234099 14.6342964 0.260956198 1 1 1
v 0.0227692947 14.6364737 0.251333714 1 1 1
v 0.0331305265 14.6397467 0.241861448 1 1 1
v -0.237414286 12.6090546 0.221940428 1 1 1
v -0.237434059 12.6090298 0.221981585 1 1 1
v -0.240419909 12.5777693 0.200154796 1 1 1
v -0.237224251 12.6089582 0.221191719 1 1 1
v -0.239908695 12.6182308 0.2217675 1 1 1
v -0.248060405 12.6212254 0.222091004 1 1 1
v -0.248200282 12.6215286 0.222080171 1 1 1
v -0.252809316 12.6221476 0.222332805 1 1 1
v -0.257984638 12.6226892 0.222626433 1 1 1
v -0.259471983 12.6225643 0.222729027 1 1 1
v -0.237451941 12.6092806 0.221973881 1 1 1
v -0.237812668 12.6121407 0.221909463 1 1 1
v -0.26643613 12.623292 0.2091728 1 1 1
v -0.270090729 12.6216908 0.201206729 1 1 1
v -0.271953821 12.6188297 0.198917031 1 1 1
v -0.260586441 12.6227093 0.221515194 1 1 1
v -0.263350964 12.623105 0.21723026 1 1 1
v -0.26560533 12.6234598 0.211153492 1 1 1
v -0.265996754 12.6234846 0.210130438 1 1 1
v -0.256342828 12.6250324 0.189580187 1 1 1
v -0.255915552 12.6238661 0.189048856 1 1 1
v -0.253767878 12.6045904 0.184090957 1 1 1
v -0.270613492 12.6185303 0.198414743 1 1 1
v -0.259581983 12.62432 0.191977322 1 1 1
v -0.243512601 12.576107 0.198765114 1 1 1
v -0.240821749 12.5782433 0.199770585 1 1 1
v 0.988930285 11.2142677 0.332953095 1 1 1
v 0.951326132 11.2058964 0.371336043 1 1 1
v 0.976168454 11.2068958 0.419701934 1 1 1
v 1.02912605 11.2158842 0.411210775 1 1 1
v 1.03701341 11.2204409 0.357597023 1 1 1
v 0.945287287 11.2421551 0.373529702 1 1 1
v 0.961216211 11.2712317 0.41541025 1 1 1
v 0.96188587 11.2695999 0.416080236 1 1 1
v 0.969916344 11.2459688 0.422112495 1 1 1
v 0.982611239 11.2539406 0.335536808 1 1 1
v 0.977140903 11.2618589 0.340260565 1 1 1
v 0.974990785 11.2605677 0.34253177 1 1 1
v 0.950490892 11.2479219 0.368215859 1 1 1
v 0.945921361 11.2428989 0.372930944 1 1 1
v 1.01474762 11.3537235 0.366277844 1 1 1
v 0.997980535 11.2994652 0.349994242 1 1 1
v 0.997764528 11.2975903 0.349610776 1 1 1
v 0.995298803 11.2822523 0.346130103 1 1 1
v 1.00739777 11.3786716 0.425432235 1 1 1
v 1.00775969 11.3783894 0.42334637 1 1 1
v 1.01288092 11.3781338 0.390982062 1 1 1
v 1.01365387 11.3756037 0.387993604 1 1 1
v 0.98624593 11.3261518 0.422210217 1 1 1
v 0.99479872 11.3462744 0.421493948 1 1 1
v 0.994813085 11.3463097 0.421496004 1 1 1
v 0.977242529 11.2769508 0.421981186 1 1 1
v -1.03081214 10.0411386 -0.116818622 1 1 1
v -1.06036675 10.0648451 -0.156809002 1 1 1
v -1.06166983 10.0646 -0.157147855 1 1 1
v -1.08845115 10.0298319 -0.131283775 1 1 1
v -1.10279596 10.0167818 -0.123583384 1 1 1
v -1.10703027 9.98839569 -0.09422414 1 1 1
v -1.0358597 10.1262321 -0.0652221367 1 1 1
v -1.08913231 10.1660995 -0.139640674 1 1 1
v -1.11858571 10.1237364 -0.00973471254 1 1 1
v -1.1847074 10.1773405 -0.107619844 1 1 1
v -1.18281984 10.1785345 -0.111793905 1 1 1
v -1.14508629 10.1757708 -0.127120838 1 1 1
v -1.12013555 10.1765566 -0.143939495 1 1 1
v -1.15148544 10.0618801 -0.0220889281 1 1 1
v -1.15232921 10.0639372 -0.0239562094 1 1 1
v -1.17269945 10.095912 -0.0615119785 1 1 1
v -1.17971683 10.1438808 -0.0901760906 1 1 1
v 0.253322959 9.42862129 1.26549542 1 1 1
v 0.2120516 9.37926102 1.17288458 1 1 1
v 0.103401788 9.35551167 1.19153023 1 1 1
v 0.0793828517 9.38770103 1.28818369 1 1 1
v 0.0871659294 9.3948946 1.30042195 1 1 1
v 0.170180142 9.43537712 1.34137797 1 1 1
v 0.188992321 9.45514202 1.14462042 1 1 1
v 0.181436971 9.46198654 1.14253402 1 1 1
v 0.150315166 9.45396328 1.14836085 1 1 1
v 0.105476663 9.45193386 1.15296113 1 1 1
v 0.0853286907 9.42326832 1.16508555 1 1 1
v 0.0849515051 9.42261887 1.16533637 1 1 1
v 0.221907765 9.52597237 1.22526598 1 1 1
v 0.178567216 9.57684612 1.23286068 1 1 1
v 0.187048241 9.57352066 1.22699118 1 1 1
v 0.118697286 9.61185646 1.26611316 1 1 1
v 0.0866838023 9.39635658 1.29974484 1 1 1
v 0.0748283193 9.40066719 1.29128361 1 1 1
v 0.0649525002 9.439044 1.27523041 1 1 1
v 0.0653922781 9.46946239 1.26762879 1 1 1
v 0.0710349157 9.4995966 1.26332462 1 1 1
v 0.112470739 9.60283566 1.26378632 1 1 1
v 0.114843495 9.60845184 1.26418686 1 1 1
v 0.0672341064 9.45000076 1.22801101 1 1 1
v 0.063334696 9.44944 1.25741541 1 1 1
v 0.128283277 9.76952457 1.45472932 1 1 1
v 0.153025299 9.68667603 1.50217068 1 1 1
v 0.226869375 9.64406013 1.452595 1 1 1
v 0.247765601 9.70057106 1.37451422 1 1 1
v 0.186836019 9.77811241 1.37583327 1 1 1
v 0.155400664 9.68851185 1.50403988 1 1 1
v 0.187536687 9.68141174 1.49483109 1 1 1
v 0.203474209 9.68451881 1.4974246 1 1 1
v 0.26157856 9.67113209 1.48125911 1 1 1
v 0.250528663 9.85808182 1.55154276 1 1 1
v 0.248915344 9.85416222 1.55102503 1 1 1
v 0.211152792 9.78465366 1.53276694 1 1 1
v 0.185746238 9.74802113 1.51768291 1 1 1
v 0.281526804 9.85004139 1.45502007 1 1 1
v 0.285114706 9.85452271 1.46427357 1 1 1
v 0.27934882 9.86190701 1.5013634 1 1 1
v 0.279904604 9.87294102 1.54157674 1 1 1
v 0.272162914 9.71985435 1.39547265 1 1 1
v 0.262871385 9.67248631 1.48150706 1 1 1
v 0.276474744 9.68846416 1.48001456 1 1 1
v 0.276300848 9.71146107 1.42502725 1 1 1
v 0.279602647 9.72063255 1.41211712 1 1 1
v 0.229472488 10.0918989 1.49031317 1 1 1
v 0.163745478 10.0449934 1.50531423 1 1 1
v 0.170092314 10.0161734 1.58195889 1 1 1
v 0.239742011 10.0452681 1.61432707 1 1 1
v 0.276441038 10.0920696 1.55768692 1 1 1
v 0.143776953 10.0778046 1.51948738 1 1 1
v 0.140108198 10.0825348 1.52781796 1 1 1
v 0.140294656 10.0817862 1.52963996 1 1 1
v 0.133916825 10.0799093 1.58868599 1 1 1
v 0.133964643 10.0797987 1.58879578 1 1 1
v 0.148378819 10.0520115 1.59700584 1 1 1
v 0.151363149 10.1010628 1.52185404 1 1 1
v 0.150655732 10.2177572 1.54677808 1 1 1
v 0.137808993 10.2887306 1.61965525 1 1 1
v 0.142567128 10.2467775 1.57205844 1 1 1
v 0.145180374 10.231781 1.55709064 1 1 1
v 0.144106805 10.3034468 1.6481266 1 1 1
v 0.133375451 10.3080597 1.63888752 1 1 1
v 0.165271372 10.2152672 1.64878953 1 1 1
v 0.206697926 10.0986061 1.6363287 1 1 1
v 0.173975572 10.1788282 1.64979374 1 1 1
v 0.175936893 10.1102457 1.6359657 1 1 1
v 0.159146741 10.0733061 1.61141193 1 1 1
v 0.174120516 10.1054735 1.63287485 1 1 1
v 0.296653271 14.1331282 2.22033978 1 1 1
v 0.293540448 14.1334963 2.21600533 1 1 1
v 0.298122823 14.133544 2.21601915 1 1 1
v 0.296677738 14.1331758 2.21168423 1 1 1
v 0.301729202 14.1326103 2.21334958 1 1 1
v 0.301713973 14.1325808 2.21869731 1 1 1
v 0.194204494 11.5702829 1.87138414 1 1 1
v 0.18183668 11.5999079 1.85941136 1 1 1
v 0.174234867 12.0378923 1.99000692 1 1 1
v 0.198934644 12.0279255 2.01672435 1 1 1
v 0.19529143 11.6076813 1.84469712 1 1 1
v 0.201218069 12.0464306 1.96959543 1 1 1
v 0.214205801 11.5970602 1.84902716 1 1 1
v 0.22987619 12.044507 1.97624338 1 1 1
v 0.213270858 11.5611324 1.86290181 1 1 1
v 0.227670595 12.0335884 2.00385213 1 1 1
v 0.147781551 12.5353136 2.18049335 1 1 1
v 0.169919997 12.5306673 2.20044994 1 1 1
v 0.169053167 12.5413322 2.15715861 1 1 1
v 0.202192888 12.5403566 2.16327548 1 1 1
v 0.190792263 12.5332575 2.19103551 1 1 1
v 0.179910824 13.0669346 2.24294376 1 1 1
v 0.18790327 13.0659895 2.25965643 1 1 1
v 0.189051956 13.0668116 2.22937036 1 1 1
v 0.206636086 13.0656729 2.23336339 1 1 1
v 0.208285287 13.0649729 2.25387073 1 1 1
v 0.217370063 13.5996265 2.2128346 1 1 1
v 0.229846448 13.5991879 2.24150252 1 1 1
v 0.232924551 13.5976048 2.19377708 1 1 1
v 0.247153476 13.5964775 2.20702076 1 1 1
v 0.25022167 13.5965576 2.22102451 1 1 1
v 0.287958294 14.1325407 2.21598434 1 1 1
v 0.295962393 14.1285963 2.22089481 1 1 1
v 0.295678109 14.1295223 2.20982194 1 1 1
v 0.308036625 14.131875 2.20875597 1 1 1
v 0.317514628 14.1375799 2.22979498 1 1 1
v 0.182775781 11.0921669 1.74649918 1 1 1
v 0.175806567 11.1484709 1.74376225 1 1 1
v 0.174247116 11.1666737 1.74410105 1 1 1
v 0.172430351 11.1769838 1.74298298 1 1 1
v 0.163615897 11.183774 1.73155749 1 1 1
v 0.175845414 11.188386 1.71207631 1 1 1
v 0.17856057 11.18859 1.70835829 1 1 1
v 0.180821732 11.188056 1.70514143 1 1 1
v 0.183905154 11.1873264 1.70075476 1 1 1
v 0.164091393 11.1845436 1.73076749 1 1 1
v 0.164941669 11.1851225 1.72919333 1 1 1
v 0.172190234 11.1881123 1.71708179 1 1 1
v 0.201902807 11.1876659 1.70881736 1 1 1
v 0.203667566 11.187233 1.70933759 1 1 1
v 0.206032619 11.1866531 1.71003497 1 1 1
v 0.213512555 11.1868553 1.71257055 1 1 1
v 0.21812506 11.1826391 1.71343029 1 1 1
v 0.218384743 11.1749239 1.71226668 1 1 1
v 0.189681679 11.1883345 1.70386827 1 1 1
v 0.193311915 11.1882038 1.70571184 1 1 1
v 0.21962589 11.131731 1.7176187 1 1 1
v 0.21718508 11.0497303 1.7263552 1 1 1
v 0.217002526 11.0435972 1.72734404 1 1 1
v 0.219260588 11.1194563 1.71261489 1 1 1
v 0.212929726 11.0855474 1.73566175 1 1 1
v 0.197857589 11.1815634 1.75710678 1 1 1
v 0.194274679 11.1827822 1.75847971 1 1 1
v 0.192286998 11.182683 1.75910711 1 1 1
v 0.191808075 11.181529 1.75906229 1 1 1
v 0.610194445 8.6655302 -1.2709651 1 1 1
v 0.60000366 8.5941658 -1.1936754 1 1 1
v 0.690888762 8.5407114 -1.18638635 1 1 1
v 0.750316381 8.57503605 -1.25156677 1 1 1
v 0.753112853 8.58543968 -1.26350749 1 1 1
v 0.70737797 8.65618324 -1.31144404 1 1 1
v 0.616940498 8.6258707 -1.16304684 1 1 1
v 0.621487617 8.62574291 -1.16089296 1 1 1
v 0.644527078 8.62276077 -1.15162098 1 1 1
v 0.681821644 8.59661674 -1.15158641 1 1 1
v 0.702101052 8.58393574 -1.15046155 1 1 1
v 0.707580805 8.57410336 -1.15402114 1 1 1
v 0.634933174 8.71126938 -1.22432244 1 1 1
v 0.742622375 8.72578335 -1.24046481 1 1 1
v 0.708049476 8.72550106 -1.23029768 1 1 1
v 0.681832314 8.72657871 -1.22107244 1 1 1
v 0.642306387 8.71417332 -1.22335732 1 1 1
v 0.753126621 8.58599854 -1.26332843 1 1 1
v 0.76469779 8.61646652 -1.2374593 1 1 1
v 0.755539656 8.6717453 -1.23537815 1 1 1
v 0.745971441 8.71789742 -1.23708355 1 1 1
v 0.738479316 8.58936882 -1.19341695 1 1 1
v 0.75914067 8.59698009 -1.22530055 1 1 1
v 0.842906713 9.03664303 -1.49335015 1 1 1
v 0.849069893 8.96435642 -1.53971756 1 1 1
v 0.83931005 8.9541111 -1.53912139 1 1 1
v 0.77776891 8.91025734 -1.52324331 1 1 1
v 0.727111161 8.95412922 -1.46347392 1 1 1
v 0.767368555 9.03223896 -1.44499898 1 1 1
v 0.826963723 8.95637989 -1.54794955 1 1 1
v 0.81716603 8.96403217 -1.56130886 1 1 1
v 0.766302526 8.96042728 -1.58361816 1 1 1
v 0.749785542 8.95656967 -1.5879463 1 1 1
v 0.742781341 8.94030857 -1.57519054 1 1 1
v 0.764460742 9.09173203 -1.6139642 1 1 1
v 0.773767352 9.0465889 -1.63138008 1 1 1
v 0.790362597 9.02641296 -1.61286652 1 1 1
v 0.822920024 8.98953629 -1.57432365 1 1 1
v 0.834056795 8.98003483 -1.55858099 1 1 1
v 0.760452509 9.10379696 -1.61252606 1 1 1
v 0.716641843 9.07582283 -1.52123022 1 1 1
v 0.729990602 9.08526611 -1.55001247 1 1 1
v 0.745073617 9.10114193 -1.59469247 1 1 1
v 0.703404963 8.97516346 -1.49940681 1 1 1
v 0.711368322 9.02525425 -1.50869989 1 1 1
v 0.717904508 8.9618969 -1.52933121 1 1 1
v 0.709523797 8.96914864 -1.52180147 1 1 1
v 0.855323732 9.39704227 -1.64358449 1 1 1
v 0.901488721 9.33488846 -1.62936282 1 1 1
v 0.905991256 9.29230976 -1.69541872 1 1 1
v 0.862608969 9.32814884 -1.75046539 1 1 1
v 0.831294715 9.39287758 -1.71843004 1 1 1
v 0.924939454 9.35039902 -1.63777876 1 1 1
v 0.936908841 9.34180546 -1.66542745 1 1 1
v 0.937109053 9.34146786 -1.66616344 1 1 1
v 0.935103595 9.31160927 -1.70583868 1 1 1
v 0.944122553 9.45452881 -1.67613924 1 1 1
v 0.92670536 9.36366463 -1.64282107 1 1 1
v 0.982228637 9.4924736 -1.77233577 1 1 1
v 0.982628345 9.49250984 -1.77085197 1 1 1
v 0.975906134 9.48246479 -1.72842836 1 1 1
v 0.963342845 9.47323227 -1.71721518 1 1 1
v 0.890610397 9.3467207 -1.76019883 1 1 1
v 0.910840809 9.37018776 -1.76474488 1 1 1
v 0.916450381 9.37970066 -1.76526201 1 1 1
v 0.971306086 9.46239662 -1.77287304 1 1 1
v 0.934134126 9.31379509 -1.70858181 1 1 1
v 0.92546165 9.32371044 -1.72259104 1 1 1
v 0.904943705 9.34357738 -1.75181198 1 1 1
v 0.904204071 9.34529686 -1.7539624 1 1 1
v 0.935419381 9.3131485 -1.70740449 1 1 1
v 1.14059544 10.2151308 -2.06499982 1 1 1
v 1.12859333 10.1252222 -2.02731514 1 1 1
v 1.12239885 10.0914116 -2.01087666 1 1 1
v 1.09708095 10.1272154 -1.98529506 1 1 1
v 1.09403527 10.2208481 -2.08692503 1 1 1
v 1.12704217 10.2442513 -2.10064077 1 1 1
v 1.14074326 10.2494402 -2.10147309 1 1 1
v 1.13961375 10.2167883 -2.06707501 1 1 1
v 1.04699254 10.131773 -2.00752425 1 1 1
v 1.08945549 10.2186213 -2.08611798 1 1 1
v 1.0434649 10.0958624 -2.04891086 1 1 1
v 1.13291955 10.5462904 -2.14743829 1 1 1
v 1.14524257 10.552969 -2.1083889 1 1 1
v 1.18586457 10.5448227 -2.1061933 1 1 1
v 1.1986475 10.5331106 -2.14388609 1 1 1
v 1.16592562 10.5340176 -2.16937685 1 1 1
v 1.15842521 10.6144028 -2.12312555 1 1 1
v 1.16511452 10.6386471 -2.12893271 1 1 1
v 1.17481554 10.6292801 -2.1266191 1 1 1
v 1.1930275 10.5956202 -2.11838341 1 1 1
v 1.19741702 10.5980196 -2.11857295 1 1 1
v 1.23047256 10.9932003 -2.25322533 1 1 1
v 1.23100317 10.9934921 -2.25154829 1 1 1
v 1.23146284 10.991291 -2.2475121 1 1 1
v 1.21189415 10.8925447 -2.21671057 1 1 1
v 1.19680607 10.8125477 -2.18878841 1 1 1
v 1.16591775 10.6505117 -2.13290811 1 1 1
v 1.24446464 10.9019585 -2.25746989 1 1 1
v 1.25722384 10.9813175 -2.27355123 1 1 1
v 1.25253654 10.985467 -2.27030253 1 1 1
v 1.24101949 10.9897728 -2.26140547 1 1 1
v 1.23660147 10.9913139 -2.25798535 1 1 1
v 1.22243524 10.6418428 -2.16998672 1 1 1
v 1.23428667 10.7554407 -2.20723581 1 1 1
v 1.20432186 10.6262398 -2.12718797 1 1 1
v 1.2197473 10.6630402 -2.15535569 1 1 1
v 1.23088384 10.6925507 -2.17490506 1 1 1
v -1.38518763 7.75211191 0.501551211 1 1 1
v -1.38518977 7.66645145 0.598642647 1 1 1
v -1.27271187 7.60239553 0.595487952 1 1 1
v -1.20319438 7.64846706 0.496446609 1 1 1
v -1.27270818 7.74099684 0.438390434 1 1 1
v -1.3331331 7.75053215 0.670319915 1 1 1
v -1.26071835 7.68527317 0.652842343 1 1 1
v -1.23865783 7.66143179 0.645753801 1 1 1
v -1.32022071 7.81987858 0.635679722 1 1 1
v -1.32704055 7.77323532 0.665747583 1 1 1
v -1.31386185 7.86565733 0.604435265 1 1 1
v -1.31248188 7.85534096 0.620609701 1 1 1
v -1.25342381 7.77339077 0.468193203 1 1 1
v -1.25377297 7.77599621 0.471435308 1 1 1
v -1.25870728 7.82674265 0.533743382 1 1 1
v -1.29042327 7.84838104 0.573473036 1 1 1
v -1.19494534 7.73674917 0.527194083 1 1 1
v -1.2085619 7.76284981 0.517738879 1 1 1
v -1.25165045 7.77286291 0.47017175 1 1 1
v -1.17450809 7.70009041 0.541990399 1 1 1
v -1.19781721 7.69107676 0.59455204 1 1 1
v -1.18963027 7.69813776 0.587318301 1 1 1
v -3.32253909 14.5215101 0.800476074 1 1 1
v -3.32731938 14.5201292 0.801710963 1 1 1
v -3.32568932 14.5203609 0.797638416 1 1 1
v -3.32961297 14.5183935 0.797466815 1 1 1
v -3.32625008 14.5187025 0.793608785 1 1 1
v -3.32187772 14.520627 0.795468748 1 1 1
v -2.77607298 11.2445011 1.07882142 1 1 1
v -2.76070309 11.2258835 1.09750748 1 1 1
v -2.70481586 10.6402359 1.12188971 1 1 1
v -2.7102313 10.6388788 1.11253023 1 1 1
v -2.71202493 10.6580524 1.11391306 1 1 1
v -2.72538543 10.7357779 1.10934424 1 1 1
v -2.73072696 10.7383833 1.1010133 1 1 1
v -2.73435998 10.7364759 1.0945065 1 1 1
v -2.73882794 10.73248 1.0861274 1 1 1
v -2.74188972 11.2508945 1.09413302 1 1 1
v -2.82003403 11.7679005 1.09518564 1 1 1
v -2.77752447 11.7710295 1.09910607 1 1 1
v -2.84271908 11.7666101 1.06759906 1 1 1
v -2.76204157 11.2530336 1.06405163 1 1 1
v -2.81533408 11.7687845 1.04449165 1 1 1
v -2.74298859 11.2566872 1.07193995 1 1 1
v -2.78454781 11.7708912 1.05604434 1 1 1
v -2.8653357 12.334775 1.09888005 1 1 1
v -2.8338511 12.3377438 1.0890125 1 1 1
v -2.87917328 12.3329754 1.06907809 1 1 1
v -2.85785747 12.3348207 1.05166686 1 1 1
v -2.8315413 12.3375568 1.05856013 1 1 1
v -2.92768741 12.8975344 1.0698967 1 1 1
v -2.90658593 12.9000502 1.06879258 1 1 1
v -2.9401269 12.8952999 1.05374968 1 1 1
v -2.92547178 12.8962784 1.03680229 1 1 1
v -2.90774274 12.8988943 1.04744112 1 1 1
v -2.99670649 13.4607983 1.03626323 1 1 1
v -2.97399664 13.4649553 1.03272069 1 1 1
v -3.02251887 13.4530687 1.01615417 1 1 1
v -2.99385262 13.4561653 0.995537996 1 1 1
v -2.97684598 13.4616508 1.01183009 1 1 1
v -3.15594172 13.9932947 0.944372594 1 1 1
v -3.12956524 13.9979277 0.926900327 1 1 1
v -3.16089606 13.9852304 0.913675189 1 1 1
v -3.14522624 13.9874077 0.900421619 1 1 1
v -3.13034129 13.9935951 0.907460511 1 1 1
v -3.32927251 14.5192766 0.80718714 1 1 1
v -3.31634092 14.5261431 0.806250393 1 1 1
v -3.33020139 14.5143442 0.798101604 1 1 1
v -3.32519317 14.5146227 0.793139637 1 1 1
v -3.31571722 14.5215635 0.791756392 1 1 1
v -2.69728184 10.7503176 1.11112225 1 1 1
v -2.70882392 10.7464876 1.11391962 1 1 1
v -2.70910549 10.7392817 1.11457896 1 1 1
v -2.69787002 10.6977835 1.11561489 1 1 1
v -2.69865417 10.6924543 1.11622632 1 1 1
v -2.69141483 10.6419201 1.11887145 1 1 1
v -2.68634343 10.7499762 1.10797882 1 1 1
v -2.71931601 10.7413378 1.06733108 1 1 1
v -2.71883273 10.7413559 1.06678677 1 1 1
v -2.71771216 10.7413969 1.06552517 1 1 1
v -2.71377039 10.7421608 1.06095386 1 1 1
v -2.73062539 10.7373323 1.08083594 1 1 1
v -2.72350502 10.7398739 1.07232904 1 1 1
v -2.70462275 10.7465887 1.064291 1 1 1
v -2.70194077 10.7475395 1.0654614 1 1 1
v -2.69171262 10.7511663 1.06992531 1 1 1
v -2.68975902 10.7514563 1.0707798 1 1 1
v -2.68607974 10.7520018 1.07238901 1 1 1
v -2.68347502 10.7519293 1.07353044 1 1 1
v -2.70910311 10.7440262 1.06246102 1 1 1
v -2.68474197 10.7539635 1.08513963 1 1 1
v -2.68598604 10.7538433 1.09840345 1 1 1
v -2.68604565 10.7536917 1.0992595 1 1 1
v -2.68614054 10.7534494 1.1006217 1 1 1
v -2.68611383 10.7497931 1.10584033 1 1 1
v -2.68386579 10.752944 1.07672811 1 1 1
v -2.68451142 10.7539864 1.08268309 1 1 1
v 2.86041188 8.46740246 1.07498097 1 1 1
v 2.90997219 8.40591526 1.05050647 1 1 1
v 2.8719902 8.36530018 0.989320517 1 1 1
v 2.79895592 8.40168571 0.975979924 1 1 1
v 2.79180002 8.46478939 1.02892101 1 1 1
v 2.89472508 8.39744091 0.953632057 1 1 1
v 2.94363284 8.45395756 0.997796893 1 1 1
v 2.93996263 8.44986153 0.993399203 1 1 1
v 2.93169427 8.56893635 0.961679518 1 1 1
v 2.9449873 8.54231167 0.959280729 1 1 1
v 2.94541359 8.53813934 0.960567892 1 1 1
v 2.94508266 8.49735165 0.977668524 1 1 1
v 2.94416809 8.4587059 0.995162785 1 1 1
v 2.82284808 8.50702953 0.983378708 1 1 1
v 2.82471943 8.51024914 0.979543984 1 1 1
v 2.85976577 8.53277874 0.968800604 1 1 1
v 2.89031005 8.5539484 0.956957638 1 1 1
v 2.89281511 8.5541687 0.958436668 1 1 1
v 2.81931734 8.50387287 0.985894203 1 1 1
v 2.81532693 8.42492294 0.950755954 1 1 1
v 2.82292295 8.5066452 0.979116619 1 1 1
v 2.81978536 8.50098324 0.983438253 1 1 1
v 2.88052607 8.41462231 0.941773593 1 1 1
v 2.83562803 8.42843056 0.941418707 1 1 1
v 2.82124448 8.42591667 0.947819412 1 1 1
v 2.89181495 8.40907001 0.943769991 1 1 1
v 3.03218508 9.04363728 1.07827151 1 1 1
v 3.04605293 8.9987793 1.12707639 1 1 1
v 3.10470414 8.96860218 1.11171496 1 1 1
v 3.12708473 8.99481106 1.05341601 1 1 1
v 3.08226562 9.04118538 1.03274667 1 1 1
v 3.1081059 8.98044777 1.11983037 1 1 1
v 3.11039901 8.9766655 1.1175456 1 1 1
v 3.05256581 9.00803566 1.13372207 1 1 1
v 3.06948256 9.01708984 1.14105439 1 1 1
v 3.07677197 9.01407051 1.1396296 1 1 1
v 3.10710955 8.99416733 1.12883961 1 1 1
v 3.08468771 9.10817814 1.1373359 1 1 1
v 3.09220219 9.12888622 1.13963723 1 1 1
v 3.17354012 9.17143631 1.12535679 1 1 1
v 3.15251446 9.16639805 1.13656139 1 1 1
v 3.1479857 9.16316795 1.13617945 1 1 1
v 3.10822368 9.14490414 1.14671874 1 1 1
v 3.10609365 9.14274216 1.14573216 1 1 1
v 3.1805706 9.0687685 1.10618734 1 1 1
v 3.18149376 9.0706501 1.10722959 1 1 1
v 3.18267965 9.07379723 1.10872746 1 1 1
v 3.18337488 9.08496475 1.11163163 1 1 1
v 3.18114614 9.06981564 1.10835314 1 1 1
v 3.18104672 9.06948376 1.10701692 1 1 1
v 4.56174183 14.8009682 0.850000918 1 1 1
v 4.56074476 14.8003864 0.854935288 1 1 1
v 4.55789185 14.8016186 0.851901352 1 1 1
v 4.55573511 14.8007956 0.85557884 1 1 1
v 4.5536356 14.80163 0.851042926 1 1 1
v 4.55734777 14.8017368 0.847595155 1 1 1
v 3.53448701 10.8451366 1.07761204 1 1 1
v 3.53143215 10.8495045 1.09907722 1 1 1
v 3.76373219 11.3534107 1.04622078 1 1 1
v 3.77107739 11.347352 1.00637829 1 1 1
v 3.51128173 10.8570576 1.1012454 1 1 1
v 3.72823858 11.3665323 1.04748869 1 1 1
v 3.50309134 10.8596172 1.08193517 1 1 1
v 3.71330786 11.369319 1.01556373 1 1 1
v 3.5175941 10.8544884 1.06685448 1 1 1
v 3.73644209 11.358469 0.987464488 1 1 1
v 3.93773365 11.922245 1.01979232 1 1 1
v 3.9456141 11.918601 0.988369644 1 1 1
v 3.90097976 11.933671 1.03823221 1 1 1
v 3.89393783 11.9336853 0.995554447 1 1 1
v 3.9163506 11.9261818 0.970772803 1 1 1
v 4.080338 12.4984484 0.983991146 1 1 1
v 4.09185505 12.4928951 0.95811677 1 1 1
v 4.05893469 12.5046329 0.986852407 1 1 1
v 4.04665995 12.5061007 0.966073751 1 1 1
v 4.06316376 12.4992323 0.940971911 1 1 1
v 4.25102091 13.0642948 0.910678267 1 1 1
v 4.25423717 13.0594273 0.885106444 1 1 1
v 4.2202611 13.0750647 0.925000429 1 1 1
v 4.20927048 13.0725088 0.889295101 1 1 1
v 4.23300791 13.0643959 0.879588306 1 1 1
v 4.3894062 13.6297483 0.805009186 1 1 1
v 4.3895998 13.6279945 0.789358079 1 1 1
v 4.37167311 13.6343355 0.809516788 1 1 1
v 4.36762428 13.6333733 0.792247653 1 1 1
v 4.376019 13.6293831 0.772884488 1 1 1
v 4.50771236 14.2091274 0.779384851 1 1 1
v 4.52416468 14.2077141 0.758328795 1 1 1
v 4.49328518 14.211237 0.781330049 1 1 1
v 4.49032784 14.2122869 0.768697619 1 1 1
v 4.49587297 14.2127428 0.743703067 1 1 1
v 4.57138586 14.8023949 0.866449237 1 1 1
v 4.5678401 14.8001652 0.84703058 1 1 1
v 4.55120945 14.8011703 0.863967061 1 1 1
v 4.54607916 14.8025637 0.849627554 1 1 1
v 4.5568099 14.7978783 0.845861673 1 1 1
v 3.31784439 10.3291998 1.13813806 1 1 1
v 3.31895709 10.3324242 1.13945019 1 1 1
v 3.31945348 10.3340483 1.14036512 1 1 1
v 3.32008028 10.3425827 1.15434611 1 1 1
v 3.31817341 10.343298 1.16430366 1 1 1
v 3.31738734 10.3425465 1.16630876 1 1 1
v 3.31622791 10.3424168 1.17123103 1 1 1
v 3.30687594 10.3470125 1.17324567 1 1 1
v 3.30437899 10.3490686 1.17353249 1 1 1
v 3.30041647 10.350421 1.17404234 1 1 1
v 3.29777336 10.3508101 1.17439723 1 1 1
v 3.2849462 10.3526974 1.17611945 1 1 1
v 3.28288722 10.352602 1.17640734 1 1 1
v 3.28236508 10.3525782 1.17648029 1 1 1
v 3.27526402 10.3582745 1.15338182 1 1 1
v 3.27246356 10.3579073 1.14825451 1 1 1
v 3.27018118 10.3576069 1.14407682 1 1 1
v 3.28228688 10.3531694 1.17471647 1 1 1
v 3.28003335 10.3566189 1.16442835 1 1 1
v 3.27927494 10.3569803 1.16257215 1 1 1
v 3.27560639 10.3582029 1.15412748 1 1 1
v 3.28621697 10.3559723 1.12969947 1 1 1
v 3.28758097 10.3554506 1.12834764 1 1 1
v 3.29544783 10.3559198 1.12154853 1 1 1
v 3.2963562 10.3547297 1.12040603 1 1 1
v 3.27395153 10.3580151 1.14107776 1 1 1
v 3.27705932 10.357563 1.13822746 1 1 1
v 3.28515315 10.3563776 1.13075376 1 1 1
v 3.30674171 10.3479567 1.12639117 1 1 1
v 3.3097775 10.3465166 1.12831318 1 1 1
v 3.30473614 10.3489256 1.12511575 1 1 1
v -0.912954509 6.19663429 -2.19132853 1 1 1
v -0.982729018 6.17149162 -2.14831185 1 1 1
v -0.9437868 6.24780369 -2.04075408 1 1 1
v -0.890137374 6.26766634 -2.07518387 1 1 1
v -0.881366611 6.26321888 -2.09729028 1 1 1
v -0.878972292 6.26207829 -2.10316753 1 1 1
v -0.894368947 6.22109318 -2.16885042 1 1 1
v -0.896158457 6.21708298 -2.17487097 1 1 1
v -0.996133685 6.36883402 -2.05526185 1 1 1
v -0.953273833 6.35948086 -2.07369161 1 1 1
v -0.938082635 6.36215448 -2.08224654 1 1 1
v -0.966410339 6.38656425 -2.09108353 1 1 1
v -0.999146879 6.37327528 -2.05756617 1 1 1
v -1.07052326 6.37447882 -2.17264414 1 1 1
v -0.940558493 6.41844511 -2.25089693 1 1 1
v -0.928198218 6.41506529 -2.21119404 1 1 1
v -0.935565233 6.40714598 -2.17291999 1 1 1
v -0.948099196 6.39314508 -2.10422707 1 1 1
v -0.942848206 6.35894918 -2.27393007 1 1 1
v -0.940887153 6.39921951 -2.25888777 1 1 1
v -1.06105649 6.24978113 -2.2298243 1 1 1
v -0.96749866 6.28352976 -2.28590155 1 1 1
v -2.48036242 11.7876492 -1.82467794 1 1 1
v -2.48130107 11.7872896 -1.83828497 1 1 1
v -2.47146177 11.7887125 -1.83216035 1 1 1
v -2.46864581 11.7871304 -1.84338117 1 1 1
v -2.45988584 11.7873898 -1.83292377 1 1 1
v -2.46712708 11.7877102 -1.82136464 1 1 1
v -1.55343032 7.33432055 -2.31765485 1 1 1
v -1.56089067 7.34973717 -2.38068652 1 1 1
v -1.8665837 7.79220486 -2.19859457 1 1 1
v -1.85356593 7.76058483 -2.10333776 1 1 1
v -1.53792322 7.42454576 -2.38120818 1 1 1
v -1.78882205 7.84527826 -2.2271986 1 1 1
v -1.48945093 7.417243 -2.33657312 1 1 1
v -1.72383642 7.8496871 -2.15257883 1 1 1
v -1.50194204 7.36823273 -2.29061007 1 1 1
v -1.75344574 7.79530334 -2.05625963 1 1 1
v -2.10764289 8.30199909 -2.01052403 1 1 1
v -2.09480619 8.28310966 -1.92390609 1 1 1
v -2.02871776 8.34320545 -2.05131745 1 1 1
v -1.98021543 8.33935928 -1.97189605 1 1 1
v -2.01528883 8.30800056 -1.90548873 1 1 1
v -2.25903893 8.86540604 -1.89809537 1 1 1
v -2.24188042 8.86002827 -1.82570589 1 1 1
v -2.18693614 8.88249397 -1.92169213 1 1 1
v -2.14263177 8.88469982 -1.86588252 1 1 1
v -2.17331171 8.87061882 -1.79704082 1 1 1
v -2.32090354 9.45134068 -1.86411476 1 1 1
v -2.31124139 9.44623756 -1.80012631 1 1 1
v -2.2615242 9.46253967 -1.88049245 1 1 1
v -2.22332501 9.46434975 -1.83767664 1 1 1
v -2.25347018 9.45448399 -1.78972292 1 1 1
v -2.42920375 10.0219421 -1.76819301 1 1 1
v -2.42371321 10.0181427 -1.7115773 1 1 1
v -2.37765646 10.0322895 -1.78735077 1 1 1
v -2.34349728 10.0346346 -1.74587262 1 1 1
v -2.37055326 10.0262585 -1.70074308 1 1 1
v -2.50542521 10.6056318 -1.76047623 1 1 1
v -2.49699926 10.6091223 -1.71374929 1 1 1
v -2.45869899 10.6079121 -1.77755284 1 1 1
v -2.43768811 10.6116848 -1.74002481 1 1 1
v -2.45669818 10.6123552 -1.70791876 1 1 1
v -2.4924283 11.1900549 -1.82870233 1 1 1
v -2.49343204 11.1924963 -1.79898393 1 1 1
v -2.46615338 11.1890697 -1.8422277 1 1 1
v -2.44551253 11.1910629 -1.81821215 1 1 1
v -2.45988178 11.1938171 -1.78473306 1 1 1
v -2.48961139 11.7847614 -1.84342182 1 1 1
v -2.48775601 11.7853174 -1.81842792 1 1 1
v -2.46655297 11.7837706 -1.85167956 1 1 1
v -2.45133066 11.7841854 -1.83343029 1 1 1
v -2.45931506 11.7927504 -1.80212617 1 1 1
v -1.30128491 6.87129402 -2.60585117 1 1 1
v -1.28127182 6.83981752 -2.60009408 1 1 1
v -1.28562534 6.84787846 -2.62528801 1 1 1
v -1.29732263 6.85872841 -2.49598479 1 1 1
v -1.31096911 6.88207769 -2.52089572 1 1 1
v -1.29276788 6.85481358 -2.54254699 1 1 1
v -1.33292127 7.00747395 -2.58163095 1 1 1
v -1.31252897 7.08592463 -2.58037424 1 1 1
v -1.27069664 6.86027718 -2.63050842 1 1 1
v -1.27484953 6.86278915 -2.62824345 1 1 1
v -1.30358267 6.88129234 -2.6123023 1 1 1
v -1.31040215 6.92571926 -2.60320377 1 1 1
v -1.33907151 6.97626066 -2.58303976 1 1 1
v -1.30990708 7.08618832 -2.57718134 1 1 1
v -1.29171848 7.07901525 -2.56585836 1 1 1
v -1.21773255 7.04439211 -2.52631211 1 1 1
v -1.19410205 7.02650547 -2.52189493 1 1 1
v -1.20513487 6.99808884 -2.49471521 1 1 1
v -1.21144152 6.92606449 -2.45195293 1 1 1
v -1.26197886 6.91326809 -2.46396351 1 1 1
v -1.28173947 6.88599825 -2.4802258 1 1 1
v -1.22145379 6.92462444 -2.45353556 1 1 1
v -1.26355362 7.61811733 -2.8421452 1 1 1
v -1.25136805 7.54426861 -2.89047933 1 1 1
v -1.25207853 7.53734589 -2.89427948 1 1 1
v -1.33204472 7.48758888 -2.89208126 1 1 1
v -1.39566052 7.53591681 -2.83851314 1 1 1
v -1.35333073 7.61658812 -2.80765104 1 1 1
v -1.32403469 7.53478527 -2.9424417 1 1 1
v -1.34645605 7.50875759 -2.92865086 1 1 1
v -1.25675189 7.54600954 -2.9078958 1 1 1
v -1.2694813 7.55344629 -2.92578721 1 1 1
v -1.3096348 7.55382919 -2.95481491 1 1 1
v -1.32048261 7.69960117 -2.98326921 1 1 1
v -1.31401312 7.6832943 -2.97704411 1 1 1
v -1.27151108 7.5797677 -2.93112874 1 1 1
v -1.25742364 7.55026054 -2.90922189 1 1 1
v -1.41490412 7.70863676 -2.96353865 1 1 1
v -1.39884007 7.71688843 -2.98509669 1 1 1
v -1.39405739 7.71567869 -2.98444462 1 1 1
v -1.33733761 7.70994091 -2.99609685 1 1 1
v -1.33452821 7.70825911 -2.99404621 1 1 1
v -1.41713297 7.56846523 -2.89365053 1 1 1
v -1.41756213 7.58211851 -2.90173984 1 1 1
v -1.41450036 7.67382193 -2.94560075 1 1 1
v -1.36835015 7.52960825 -2.93031693 1 1 1
v -1.38082838 7.5395155 -2.92184687 1 1 1
v -1.41565871 7.56759453 -2.89732718 1 1 1
v -1.52027726 8.27634525 -3.11523747 1 1 1
v -1.53802073 8.28304863 -3.0383482 1 1 1
v -1.47263896 8.2669735 -2.9966526 1 1 1
v -1.41448736 8.25033379 -3.04777265 1 1 1
v -1.44392943 8.2561264 -3.12106204 1 1 1
v -1.47913849 8.51170921 -3.04393005 1 1 1
v -1.45969844 8.31601524 -2.99727154 1 1 1
v -1.45365083 8.56320095 -3.08318925 1 1 1
v -1.46756852 8.54002762 -3.05791497 1 1 1
v -1.47864151 8.51268864 -3.04471517 1 1 1
v -1.45317411 8.52820492 -3.12088275 1 1 1
v -1.44717753 8.56777763 -3.10383344 1 1 1
v -1.43617582 8.28571796 -3.12181139 1 1 1
v -1.43237531 8.36257744 -3.12248921 1 1 1
v -1.44806552 8.47707272 -3.12160182 1 1 1
v -1.4033587 8.29358196 -3.04897523 1 1 1
v -1.40073013 8.32716942 -3.06412697 1 1 1
v -1.40080249 8.33439636 -3.06889558 1 1 1
v -1.42414474 8.31417942 -3.11121845 1 1 1
v -1.4252702 8.31749344 -3.11608481 1 1 1
v -1.43277752 8.31059933 -3.02047086 1 1 1
v -1.43069828 8.31172848 -3.02194715 1 1 1
v -1.50314605 9.79913807 -3.27577686 1 1 1
v -1.50572872 9.82794094 -3.29722714 1 1 1
v -1.50747705 9.82333088 -3.29692101 1 1 1
v -1.52189183 9.74260044 -3.26712656 1 1 1
v -1.50743604 9.74636364 -3.24961472 1 1 1
v -1.50436926 9.76269341 -3.25532818 1 1 1
v -1.50528562 9.90122604 -3.25484133 1 1 1
v -1.52532303 9.78034878 -3.21227837 1 1 1
v -1.52961171 9.7654171 -3.20752025 1 1 1
v -1.55738485 9.76728058 -3.21590805 1 1 1
v -1.51628947 10.0146646 -3.30299163 1 1 1
v -1.51362646 10.0143566 -3.30213594 1 1 1
v -1.5071584 10.0135307 -3.30002642 1 1 1
v -1.50022852 10.0111151 -3.29715776 1 1 1
v -1.49608374 10.0096712 -3.29544234 1 1 1
v -1.49025857 10.006032 -3.29315615 1 1 1
v -1.48852086 10.0035944 -3.29199195 1 1 1
v -1.50202048 9.93383217 -3.26693821 1 1 1
v -1.55990613 9.75366783 -3.25494933 1 1 1
v -1.52821636 9.94033051 -3.32293653 1 1 1
v -1.51841187 9.99777031 -3.33281279 1 1 1
v -1.51704621 10.0056343 -3.32928944 1 1 1
v -1.5170064 10.0058651 -3.32922268 1 1 1
v -1.5168401 10.0067816 -3.32730412 1 1 1
v -1.51631522 10.0116539 -3.3159852 1 1 1
v -1.51628017 10.0138597 -3.30694318 1 1 1
v -1.51270223 9.85574532 -3.30440545 1 1 1
v -1.52262461 9.93394756 -3.32342553 1 1 1
v -1.52569211 9.93645477 -3.32286644 1 1 1
vt 1 0 0
vt 1 0.226162121 0
vt 0.888851225 0.226162121 0
vt 0.888851225 0 0
vt 0.777752757 0.226162121 0
vt 0.777752757 0 0
vt 0.666630566 0.226162121 0
vt 0.666630566 0 0
vt 0.555557072 0.226162121 0
vt 0.555557072 0 0
vt 0.444443464 0.226162121 0
vt 0.444443464 0 0
vt 0.333369911 0.226162121 0
vt 0.333369911 0 0
vt 0.222247541 0.226162121 0
vt 0.222247541 0 0
vt 0.111148894 0.226162121 0
vt 0.111148894 0 0
vt 0 0.226162121 0
vt 0 0 0
vt 1 0.507173896 0
vt 0.888851225 0.507173896 0
vt 0.777752757 0.507173896 0
vt 0.666630566 0.507173896 0
vt 0.555557072 0.507173896 0
vt 0.444443464 0.507173896 0
vt 0.333369911 0.507173896 0
vt 0.222247541 0.507173896 0
vt 0.111148894 0.507173896 0
vt 0 0.507173896 0
vt 1 0.838754237 0
vt 0.888851225 0.838754237 0
vt 0.777752757 0.838754237 0
vt 0.666630566 0.838754237 0
vt 0.555557072 0.838754237 0
vt 0.444443464 0.838754237 0
vt 0.333369911 0.838754237 0
vt 0.222247541 0.838754237 0
vt 0.111148894 0.838754237 0
vt 0 0.838754237 0
vt 1 1.21682048 0
vt 0.888851225 1.21682048 0
vt 0.777752757 1.21682048 0
vt 0.666630566 1.21682048 0
vt 0.555557072 1.21682048 0
vt 0.444443464 1.21682048 0
vt 0.333369911 1.21682048 0
vt 0.222247541 1.21682048 0
vt 0.111148894 1.21682048 0
vt 0 1.21682048 0
vt 1 1.63561261 0
vt 0.888851225 1.63561261 0
vt 0.777752757 1.63561261 0
vt 0.666630566 1.63561261 0
vt 0.555557072 1.63561261 0
vt 0.444443464 1.63561261 0
vt 0.333369911 1.63561261 0
vt 0.222247541 1.63561261 0
vt 0.111148894 1.63561261 0
vt 0 1.63561261 0
vt 1 2.08987117 0
vt 0.888851225 2.08987117 0
vt 0.777752757 2.08987117 0
vt 0.666630566 2.08987117 0
vt 0.555557072 2.08987117 0
vt 0.444443464 2.08987117 0
vt 0.333369911 2.08987117 0
vt 0.222247541 2.08987117 0
vt 0.111148894 2.08987117 0
vt 0 2.08987117 0
vt 1 2.57501245 0
vt 0.888851225 2.57501245 0
vt 0.777752757 2.57501245 0
vt 0.666630566 2.57501245 0
vt 0.555557072 2.57501245 0
vt 0.444443464 2.57501245 0
vt 0.333369911 2.57501245 0
vt 0.222247541 2.57501245 0
vt 0.111148894 2.57501245 0
vt 0 2.57501245 0
vt 1 3.08607888 0
vt 0.888851225 3.08607888 0
vt 0.777752757 3.08607888 0
vt 0.666630566 3.08607888 0
vt 0.555557072 3.08607888 0
vt 0.444443464 3.08607888 0
vt 0.333369911 3.08607888 0
vt 0.222247541 3.08607888 0
vt 0.111148894 3.08607888 0
vt 0 3.08607888 0
vt 1 3.62032723 0
vt 0.888851225 3.62032723 0
vt 0.777752757 3.62032723 0
vt 0.666630566 3.62032723 0
vt 0.555557072 3.62032723 0
vt 0.444443464 3.62032723 0
vt 0.333369911 3.62032723 0
vt 0.222247541 3.62032723 0
vt 0.111148894 3.62032723 0
vt 0 3.62032723 0
vt 1 4.17620468 0
vt 0.888851225 4.17620468 0
vt 0.777752757 4.17620468 0
vt 0.666630566 4.17620468 0
vt 0.555557072 4.17620468 0
vt 0.444443464 4.17620468 0
vt 0.333369911 4.17620468 0
vt 0.222247541 4.17620468 0
vt 0.111148894 4.17620468 0
vt 0 4.17620468 0
vt 1 4.7535367 0
vt 0.888851225 4.7535367 0
vt 0.777752757 4.7535367 0
vt 0.666630566 4.7535367 0
vt 0.555557072 4.7535367 0
vt 0.444443464 4.7535367 0
vt 0.333369911 4.7535367 0
vt 0.222247541 4.7535367 0
vt 0.111148894 4.7535367 0
vt 0 4.7535367 0
vt 1 5.34557247 0
vt 0.888851225 5.34557247 0
vt 0.777752757 5.34557247 0
vt 0.666630566 5.34557247 0
vt 0.555557072 5.34557247 0
vt 0.444443464 5.34557247 0
vt 0.333369911 5.34557247 0
vt 0.222247541 5.34557247 0
vt 0.111148894 5.34557247 0
vt 0 5.34557247 0
vt 1 5.96122456 0
vt 0.888851225 5.96122456 0
vt 0.777752757 5.96122456 0
vt 0.666630566 5.96122456 0
vt 0.555557072 5.96122456 0
vt 0.444443464 5.96122456 0
vt 0.333369911 5.96122456 0
vt 0.222247541 5.96122456 0
vt 0.111148894 5.96122456 0
vt 0 5.96122456 0
vt 1 6.6042285 0
vt 0.888851225 6.6042285 0
vt 0.777752757 6.6042285 0
vt 0.666630566 6.6042285 0
vt 0.555557072 6.6042285 0
vt 0.444443464 6.6042285 0
vt 0.333369911 6.6042285 0
vt 0.222247541 6.6042285 0
vt 0.111148894 6.6042285 0
vt 0 6.6042285 0
vt 1 7.28365421 0
vt 0.888851225 7.28365421 0
vt 0.777752757 7.28365421 0
vt 0.666630566 7.28365421 0
vt 0.555557072 7.28365421 0
vt 0.444443464 7.28365421 0
vt 0.333369911 7.28365421 0
vt 0.222247541 7.28365421 0
vt 0.111148894 7.28365421 0
vt 0 7.28365421 0
vt 1 8 0
vt 0.888851225 8 0
vt 0.777752757 8 0
vt 0.666630566 8 0
vt 0.555557072 8 0
vt 0.444443464 8 0
vt 0.333369911 8 0
vt 0.222247541 8 0
vt 0.111148894 8 0
vt 0 8 0
vt 0.0600316077 0.222421259 0
vt 0.138105199 0.267624468 0
vt 0.0887965262 0.54907763 0
vt 0 0.564644277 0
vt 0.230926931 0.796832919 0
vt 0.172880903 0.865896225 0
vt 0.499373794 0.894573927 0
vt 0.499297976 0.984776378 0
vt 0.76790309 0.797379076 0
vt 0.825825512 0.8665694 0
vt 0.911052346 0.550165653 0
vt 0.999893188 0.565957427 0
vt 0.861684859 0.26889044 0
vt 0.939882398 0.22392872 0
vt 0.643295348 0.0847218931 0
vt 0.674294472 0 0
vt 0.357667506 0.0847674832 0
vt 0.326982826 0 0
vt 0.294238895 0.35803777 0
vt 0.266252458 0.517950177 0
vt 0.346983433 0.658709288 0
vt 0.499501795 0.714225531 0
vt 0.652056098 0.659014583 0
vt 0.733385086 0.518566668 0
vt 0.705333352 0.358771443 0
vt 0.581268907 0.254127622 0
vt 0.41899702 0.254172564 0
vt 0.499660015 0.476994455 0
vt 1 0.573371053 0
vt 1 1.21493351 0
vt 0.888851166 1.21493351 0
vt 0.888851166 0.573371053 0
vt 0.777752638 1.21493351 0
vt 0.777752638 0.573371053 0
vt 0.666630566 1.21493351 0
vt 0.666630566 0.573371053 0
vt 0.555557013 1.21493351 0
vt 0.555557013 0.573371053 0
vt 0.444443405 1.21493351 0
vt 0.444443405 0.573371053 0
vt 0.333369911 1.21493351 0
vt 0.333369911 0.573371053 0
vt 0.222247541 1.21493351 0
vt 0.222247541 0.573371053 0
vt 0.111148894 1.21493351 0
vt 0.111148894 0.573371053 0
vt 0 1.21493351 0
vt 0 0.573371053 0
vt 1 1.94623959 0
vt 0.888851166 1.94623959 0
vt 0.777752638 1.94623959 0
vt 0.666630566 1.94623959 0
vt 0.555557013 1.94623959 0
vt 0.444443405 1.94623959 0
vt 0.333369911 1.94623959 0
vt 0.222247541 1.94623959 0
vt 0.111148894 1.94623959 0
vt 0 1.94623959 0
vt 1 2.80266857 0
vt 0.888851166 2.80266857 0
vt 0.777752638 2.80266857 0
vt 0.666630566 2.80266857 0
vt 0.555557013 2.80266857 0
vt 0.444443405 2.80266857 0
vt 0.333369911 2.80266857 0
vt 0.222247541 2.80266857 0
vt 0.111148894 2.80266857 0
vt 0 2.80266857 0
vt 1 3.80756474 0
vt 0.888851166 3.80756474 0
vt 0.777752638 3.80756474 0
vt 0.666630566 3.80756474 0
vt 0.555557013 3.80756474 0
vt 0.444443405 3.80756474 0
vt 0.333369911 3.80756474 0
vt 0.222247541 3.80756474 0
vt 0.111148894 3.80756474 0
vt 0 3.80756474 0
vt 1 4.97232294 0
vt 0.888851166 4.97232294 0
vt 0.777752638 4.97232294 0
vt 0.666630566 4.97232294 0
vt 0.555557013 4.97232294 0
vt 0.444443405 4.97232294 0
vt 0.333369911 4.97232294 0
vt 0.222247541 4.97232294 0
vt 0.111148894 4.97232294 0
vt 0 4.97232294 0
vt 1 6.32448292 0
vt 0.888851166 6.32448292 0
vt 0.777752638 6.32448292 0
vt 0.666630566 6.32448292 0
vt 0.555557013 6.32448292 0
vt 0.444443405 6.32448292 0
vt 0.333369911 6.32448292 0
vt 0.222247541 6.32448292 0
vt 0.111148894 6.32448292 0
vt 0 6.32448292 0
vt 1 7.94806004 0
vt 0.888851166 7.94806004 0
vt 0.777752638 7.94806004 0
vt 0.666630566 7.94806004 0
vt 0.555557013 7.94806004 0
vt 0.444443405 7.94806004 0
vt 0.333369911 7.94806004 0
vt 0.222247541 7.94806004 0
vt 0.111148894 7.94806004 0
vt 0 7.94806004 0
vt 1 10.0383253 0
vt 0.888851166 10.0383253 0
vt 0.777752638 10.0383253 0
vt 0.666630566 10.0383253 0
vt 0.555557013 10.0383253 0
vt 0.444443405 10.0383253 0
vt 0.333369911 10.0383253 0
vt 0.222247541 10.0383253 0
vt 0.111148894 10.0383253 0
vt 0 10.0383253 0
vt 1 13 0
vt 0.888851166 13 0
vt 0.777752638 13 0
vt 0.666630566 13 0
vt 0.555557013 13 0
vt 0.444443405 13 0
vt 0.333369911 13 0
vt 0.222247541 13 0
vt 0.111148894 13 0
vt 0 13 0
vt 0.971616924 0.137993231 0
vt 1.00000012 0.148349017 0
vt 0.888851166 0.099453114 0
vt 0.92442739 0.119018734 0
vt 0.777752519 0.104031451 0
vt 0.888851106 0.099453114 0
vt 0.708077431 0.144927785 0
vt 0.777752399 0.104031458 0
vt 0.666630745 0.167750284 0
vt 0.555557013 0.256424487 0
vt 0.569249988 0.247596592 0
vt 0.600410581 0.224926054 0
vt 0.666630626 0.167750269 0
vt 0.444443405 0.302362561 0
vt 0.47610417 0.294867158 0
vt 0.333369911 0.170747116 0
vt 0.441979915 0.302116632 0
vt 0.444443524 0.302362561 0
vt 0.222247407 0.0530417785 0
vt 0.278169364 0.134005696 0
vt 0.28020525 0.137892976 0
vt 0.287279963 0.142754793 0
vt 0.333369941 0.170747116 0
vt 0.196617663 0.100648805 0
vt 0.203907534 0.0781318843 0
vt 0.222247407 0.0530417711 0
vt 0.111148819 0.128581047 0
vt -5.19906074e-08 0.148349017 0
vt 0.0624470599 0.186525151 0
vt 0.0904833823 0.154644996 0
vt 0.111148871 0.128581047 0
vt 1 0.596834064 0
vt 1 1.26928568 0
vt 0.888851166 1.26928568 0
vt 0.888851166 0.596834064 0
vt 0.777752638 1.26928568 0
vt 0.777752638 0.596834064 0
vt 0.666630566 1.26928568 0
vt 0.666630566 0.596834064 0
vt 0.555557013 1.26928568 0
vt 0.555557013 0.596834064 0
vt 0.444443405 1.26928568 0
vt 0.444443405 0.596834064 0
vt 0.333369911 1.26928568 0
vt 0.333369911 0.596834064 0
vt 0.222247541 1.26928568 0
vt 0.222247541 0.596834064 0
vt 0.111148894 1.26928568 0
vt 0.111148894 0.596834064 0
vt 0 1.26928568 0
vt 0 0.596834064 0
vt 1 2.04918003 0
vt 0.888851166 2.04918003 0
vt 0.777752638 2.04918003 0
vt 0.666630566 2.04918003 0
vt 0.555557013 2.04918003 0
vt 0.444443405 2.04918003 0
vt 0.333369911 2.04918003 0
vt 0.222247541 2.04918003 0
vt 0.111148894 2.04918003 0
vt 0 2.04918003 0
vt 1 3.00198746 0
vt 0.888851166 3.00198746 0
vt 0.777752638 3.00198746 0
vt 0.666630566 3.00198746 0
vt 0.555557013 3.00198746 0
vt 0.444443405 3.00198746 0
vt 0.333369911 3.00198746 0
vt 0.222247541 3.00198746 0
vt 0.111148894 3.00198746 0
vt 0 3.00198746 0
vt 1 4.17150879 0
vt 0.888851166 4.17150879 0
vt 0.777752638 4.17150879 0
vt 0.666630566 4.17150879 0
vt 0.555557013 4.17150879 0
vt 0.444443405 4.17150879 0
vt 0.333369911 4.17150879 0
vt 0.222247541 4.17150879 0
vt 0.111148894 4.17150879 0
vt 0 4.17150879 0
vt 1 5.54580259 0
vt 0.888851166 5.54580259 0
vt 0.777752638 5.54580259 0
vt 0.666630566 5.54580259 0
vt 0.555557013 5.54580259 0
vt 0.444443405 5.54580259 0
vt 0.333369911 5.54580259 0
vt 0.222247541 5.54580259 0
vt 0.111148894 5.54580259 0
vt 0 5.54580259 0
vt 1 7.15631962 0
vt 0.888851166 7.15631962 0
vt 0.777752638 7.15631962 0
vt 0.666630566 7.15631962 0
vt 0.555557013 7.15631962 0
vt 0.444443405 7.15631962 0
vt 0.333369911 7.15631962 0
vt 0.222247541 7.15631962 0
vt 0.111148894 7.15631962 0
vt 0 7.15631962 0
vt 1 9.13144875 0
vt 0.888851166 9.13144875 0
vt 0.777752638 9.13144875 0
vt 0.666630566 9.13144875 0
vt 0.555557013 9.13144875 0
vt 0.444443405 9.13144875 0
vt 0.333369911 9.13144875 0
vt 0.222247541 9.13144875 0
vt 0.111148894 9.13144875 0
vt 0 9.13144875 0
vt 1 12 0
vt 0.888851166 12 0
vt 0.777752638 12 0
vt 0.666630566 12 0
vt 0.555557013 12 0
vt 0.444443405 12 0
vt 0.333369911 12 0
vt 0.222247541 12 0
vt 0.111148894 12 0
vt 0 12 0
vt 0.964588106 0.086201869 0
vt 1 0.0713871419 0
vt 0.888851166 0.0787033066 0
vt 0.956375718 0.0907727554 0
vt 0.789101899 0.116628341 0
vt 0.79563272 0.126486972 0
vt 0.861106098 0.0957805663 0
vt 0.888851106 0.0787033066 0
vt 0.777752817 0.101691388 0
vt 0.675854564 0.184113905 0
vt 0.666630626 0.191870809 0
vt 0.555557013 0.340718359 0
vt 0.635053635 0.265140951 0
vt 0.666630626 0.191870824 0
vt 0.444443405 0.424379766 0
vt 0.461076915 0.436983079 0
vt 0.493965298 0.444454074 0
vt 0.551141739 0.342506409 0
vt 0.359760582 0.317137927 0
vt 0.444443524 0.424379736 0
vt 0.33336997 0.277142167 0
vt 0.22224766 0.130141199 0
vt 0.33337 0.277142167 0
vt 0.126925692 0.0764028504 0
vt 0.111148775 0.0697909221 0
vt 0.0812191367 0.0866130441 0
vt 0.111148849 0.0697909296 0
vt -2.55006416e-08 0.0713871419 0
vt 0.0783288032 0.0886388496 0
vt 0.111148894 0.593121469 0
vt 0.111149035 0.00247894344 0
vt 0.122556984 0.00642066961 0
vt 0.156327948 0.0238675233 0
vt 0.18046698 8.67578152e-08 0
vt 0.222247541 0.593121469 0
vt 1 0.593121469 0
vt 1 1.27841628 0
vt 0.888851166 1.27841628 0
vt 0.888851166 0.593121469 0
vt 0.777752638 1.27841628 0
vt 0.777752638 0.593121469 0
vt 0.666630566 1.27841628 0
vt 0.666630566 0.593121469 0
vt 0.555557013 1.27841628 0
vt 0.555557013 0.593121469 0
vt 0.444443405 1.27841628 0
vt 0.444443405 0.593121469 0
vt 0.333369911 1.27841628 0
vt 0.333369911 0.593121469 0
vt 0.222247541 1.27841628 0
vt 0.111148894 1.27841628 0
vt 0 1.27841628 0
vt 0 0.593121469 0
vt 1 2.10116839 0
vt 0.888851166 2.10116839 0
vt 0.777752638 2.10116839 0
vt 0.666630566 2.10116839 0
vt 0.555557013 2.10116839 0
vt 0.444443405 2.10116839 0
vt 0.333369911 2.10116839 0
vt 0.222247541 2.10116839 0
vt 0.111148894 2.10116839 0
vt 0 2.10116839 0
vt 1 3.13198996 0
vt 0.888851166 3.13198996 0
vt 0.777752638 3.13198996 0
vt 0.666630566 3.13198996 0
vt 0.555557013 3.13198996 0
vt 0.444443405 3.13198996 0
vt 0.333369911 3.13198996 0
vt 0.222247541 3.13198996 0
vt 0.111148894 3.13198996 0
vt 0 3.13198996 0
vt 1 4.40555429 0
vt 0.888851166 4.40555429 0
vt 0.777752638 4.40555429 0
vt 0.666630566 4.40555429 0
vt 0.555557013 4.40555429 0
vt 0.444443405 4.40555429 0
vt 0.333369911 4.40555429 0
vt 0.222247541 4.40555429 0
vt 0.111148894 4.40555429 0
vt 0 4.40555429 0
vt 1 5.97186947 0
vt 0.888851166 5.97186947 0
vt 0.777752638 5.97186947 0
vt 0.666630566 5.97186947 0
vt 0.555557013 5.97186947 0
vt 0.444443405 5.97186947 0
vt 0.333369911 5.97186947 0
vt 0.222247541 5.97186947 0
vt 0.111148894 5.97186947 0
vt 0 5.97186947 0
vt 1 8.0125885 0
vt 0.888851166 8.0125885 0
vt 0.777752638 8.0125885 0
vt 0.666630566 8.0125885 0
vt 0.555557013 8.0125885 0
vt 0.444443405 8.0125885 0
vt 0.333369911 8.0125885 0
vt 0.222247541 8.0125885 0
vt 0.111148894 8.0125885 0
vt 0 8.0125885 0
vt 1 11 0
vt 0.888851166 11 0
vt 0.777752638 11 0
vt 0.666630566 11 0
vt 0.555557013 11 0
vt 0.444443405 11 0
vt 0.333369911 11 0
vt 0.222247541 11 0
vt 0.111148894 11 0
vt 0 11 0
vt 0.888851166 0.0636638924 0
vt 0.889091074 0.063890703 0
vt 1 0.0336166807 0
vt 0.828239918 0.078592144 0
vt 0.888851106 0.0636638999 0
vt 0.777752757 0.0886620358 0
vt 0.734225988 0.138777509 0
vt 0.666630626 0.223111033 0
vt 0.594098449 0.316104233 0
vt 0.627399921 0.290874302 0
vt 0.666630566 0.223111033 0
vt 0.555556893 0.346562833 0
vt 0.476974815 0.333045006 0
vt 0.491657615 0.346268564 0
vt 0.555557013 0.346562833 0
vt 0.444443405 0.311513275 0
vt 0.352758944 0.206770286 0
vt 0.444443345 0.311513275 0
vt 0.333369911 0.134732336 0
vt 0.252171963 -6.19334202e-08 0
vt 0.333369941 0.134732336 0
vt 0.222247541 6.58497111e-17 0
vt -8.49632809e-09 0.0336166769 0
vt 0.00803885981 0.0365626216 0
vt 0.0257127825 0.0451833084 0
vt 0.111148939 0.00247894134 0
vt 1 0.676414728 0
vt 1 1.47372603 0
vt 0.888851166 1.47372603 0
vt 0.888851166 0.676414728 0
vt 0.777752638 1.47372603 0
vt 0.777752638 0.676414728 0
vt 0.666630566 1.47372603 0
vt 0.666630566 0.676414728 0
vt 0.555557013 1.47372603 0
vt 0.555556893 0.768793523 0
vt 0.611345172 0.676414967 0
vt 0.333369911 0.676414728 0
vt 0.333369911 1.47372603 0
vt 0.222247541 1.47372603 0
vt 0.222247541 0.676414728 0
vt 0.111148894 1.47372603 0
vt 0.111148894 0.676414728 0
vt 0 1.47372603 0
vt 0 0.676414728 0
vt 1 2.42055535 0
vt 0.888851166 2.42055535 0
vt 0.777752638 2.42055535 0
vt 0.666630566 2.42055535 0
vt 0.555557013 2.42055535 0
vt 0.444443405 2.42055535 0
vt 0.444443405 1.47372603 0
vt 0.333369911 2.42055535 0
vt 0.222247541 2.42055535 0
vt 0.111148894 2.42055535 0
vt 0 2.42055535 0
vt 1 3.58925152 0
vt 0.888851166 3.58925152 0
vt 0.777752638 3.58925152 0
vt 0.666630566 3.58925152 0
vt 0.555557013 3.58925152 0
vt 0.444443405 3.58925152 0
vt 0.333369911 3.58925152 0
vt 0.222247541 3.58925152 0
vt 0.111148894 3.58925152 0
vt 0 3.58925152 0
vt 1 5.23086405 0
vt 0.888851166 5.23086405 0
vt 0.777752638 5.23086405 0
vt 0.666630566 5.23086405 0
vt 0.555557013 5.23086405 0
vt 0.444443405 5.23086405 0
vt 0.333369911 5.23086405 0
vt 0.222247541 5.23086405 0
vt 0.111148894 5.23086405 0
vt 0 5.23086405 0
vt 0.888851166 8 0
vt 0.777752638 8 0
vt 0.555557013 8 0
vt 0.444443405 8 0
vt 0.955734491 0.124077395 0
vt 0.99999994 0.11995022 0
vt 0.888851166 0.0607940145 0
vt 0.777752399 0.197708756 0
vt 0.781260848 0.205170527 0
vt 0.842388511 0.129001826 0
vt 0.888851047 0.0607940033 0
vt 0.666630626 0.501663089 0
vt 0.739814043 0.303317368 0
vt 0.746065617 0.288172603 0
vt 0.764888585 0.241463736 0
vt 0.777752399 0.197708726 0
vt 0.612736225 0.673110723 0
vt 0.666630566 0.501663089 0
vt 0.611345232 0.676414967 0
vt 0.333369762 0.574249029 0
vt 0.368732721 0.676414967 0
vt 0.2374378 0.313941777 0
vt 0.333369672 0.574249029 0
vt 0.22224766 0.268009096 0
vt 0.111148946 0.151095584 0
vt 0.131280541 0.15435937 0
vt 0.222247645 0.268009067 0
vt 3.76072222e-08 0.11995022 0
vt 0.00539661711 0.128343627 0
vt 0.097153984 0.189542592 0
vt 0.111148894 0.151095569 0
vt 0.522690237 0.788530052 0
vt 0.555556953 0.768793464 0
vt 0.444443345 0.75643748 0
vt 0.477108836 0.765310705 0
vt 0.36873275 0.676414967 0
vt 0.379939109 0.701393485 0
vt 0.444443285 0.756437421 0
vt 0.666630566 0.684290946 0
vt 0.666630566 1.54194534 0
vt 0.555557013 1.54194534 0
vt 0.555557013 0.684290946 0
vt 0.444443405 1.54194534 0
vt 0.444443405 0.684290946 0
vt 0.333369911 1.54194534 0
vt 0.333369911 0.684290946 0
vt 0.222247541 1.54194534 0
vt 0.222247541 0.684290946 0
vt 0.111148894 1.54194534 0
vt 0.111148894 0.684290946 0
vt 0 1.54194534 0
vt 3.52159546e-08 1.01640451 0
vt 0.0036431991 1.01669717 0
vt 0.00743523939 1.00072598 0
vt 0.0555120818 0.76910913 0
vt 0.0866202712 0.691782296 0
vt 0.0878144428 0.684290648 0
vt 1 1.54194534 0
vt 1 2.65840578 0
vt 0.888851166 2.65840578 0
vt 0.888851166 1.54194534 0
vt 0.777752638 2.65840578 0
vt 0.777752638 1.54194534 0
vt 0.666630566 2.65840578 0
vt 0.555557013 2.65840578 0
vt 0.444443405 2.65840578 0
vt 0.333369911 2.65840578 0
vt 0.222247541 2.65840578 0
vt 0.111148894 2.65840578 0
vt 0 2.65840578 0
vt 1 4.25150776 0
vt 0.888851166 4.25150776 0
vt 0.777752638 4.25150776 0
vt 0.666630566 4.25150776 0
vt 0.555557013 4.25150776 0
vt 0.444443405 4.25150776 0
vt 0.333369911 4.25150776 0
vt 0.222247541 4.25150776 0
vt 0.111148894 4.25150776 0
vt 0 4.25150776 0
vt 1 7 0
vt 0.888851166 7 0
vt 0.777752638 7 0
vt 0.666630566 7 0
vt 0.555557013 7 0
vt 0.444443405 7 0
vt 0.333369911 7 0
vt 0.222247541 7 0
vt 0.111148894 7 0
vt 0 7 0
vt 0.667621672 0.0256591067 0
vt 0.763774276 0.162063271 0
vt 0.722535133 0.341711581 0
vt 0.766593158 0.684291065 0
vt 0.666630626 0.0231869724 0
vt 0.555557013 0.0590573251 0
vt 0.639362276 0.0568521321 0
vt 0.666630626 0.0231869686 0
vt 0.514349818 0.173496321 0
vt 0.5261935 0.153913185 0
vt 0.444443405 0.0701602772 0
vt 0.33336997 0.190674052 0
vt 0.364119917 0.22234413 0
vt 0.364210218 0.222167134 0
vt 0.444443464 0.0701602846 0
vt 0.222247511 0.354932874 0
vt 0.324315727 0.216171935 0
vt 0.33337 0.190674067 0
vt 0.111148871 0.581680179 0
vt 0.16237098 0.500377536 0
vt 0.0878144354 0.684290648 0
vt 0.111148886 0.581680238 0
vt 0.888851166 1.01392281 0
vt 0.979901195 1.01663208 0
vt 0.99999994 1.01640451 0
vt 0.810944736 0.920922041 0
vt 0.848608971 1.01781631 0
vt 0.888851225 1.01392293 0
vt 0.777752638 0.730166733 0
vt 0.780556977 0.74613595 0
vt 0.777752578 0.730166793 0
vt 1 0.517504692 0
vt 1 1.08321583 0
vt 0.888851166 1.08321583 0
vt 0.888851166 0.517504692 0
vt 0.777752638 1.08321583 0
vt 0.777752638 0.517504692 0
vt 0.666630566 1.08321583 0
vt 0.666630566 0.517504692 0
vt 0.555557013 1.08321583 0
vt 0.555557013 0.517504692 0
vt 0.444443405 1.08321583 0
vt 0.444443405 0.517504692 0
vt 0.333369911 1.08321583 0
vt 0.333369911 0.517504692 0
vt 0.222247541 1.08321583 0
vt 0.222247541 0.517504692 0
vt 0.111148894 1.08321583 0
vt 0.111148894 0.517504692 0
vt 0 1.08321583 0
vt 0 0.517504692 0
vt 1 1.70729125 0
vt 0.888851166 1.70729125 0
vt 0.777752638 1.70729125 0
vt 0.666630566 1.70729125 0
vt 0.555557013 1.70729125 0
vt 0.444443405 1.70729125 0
vt 0.333369911 1.70729125 0
vt 0.222247541 1.70729125 0
vt 0.111148894 1.70729125 0
vt 0 1.70729125 0
vt 1 2.40340781 0
vt 0.888851166 2.40340781 0
vt 0.777752638 2.40340781 0
vt 0.666630566 2.40340781 0
vt 0.555557013 2.40340781 0
vt 0.444443405 2.40340781 0
vt 0.333369911 2.40340781 0
vt 0.222247541 2.40340781 0
vt 0.111148894 2.40340781 0
vt 0 2.40340781 0
vt 1 3.18700194 0
vt 0.888851166 3.18700194 0
vt 0.777752638 3.18700194 0
vt 0.666630566 3.18700194 0
vt 0.555557013 3.18700194 0
vt 0.444443405 3.18700194 0
vt 0.333369911 3.18700194 0
vt 0.222247541 3.18700194 0
vt 0.111148894 3.18700194 0
vt 0 3.18700194 0
vt 1 4.07178259 0
vt 0.888851166 4.07178259 0
vt 0.777752638 4.07178259 0
vt 0.666630566 4.07178259 0
vt 0.555557013 4.07178259 0
vt 0.444443405 4.07178259 0
vt 0.333369911 4.07178259 0
vt 0.222247541 4.07178259 0
vt 0.111148894 4.07178259 0
vt 0 4.07178259 0
vt 1 5.08213902 0
vt 0.888851166 5.08213902 0
vt 0.777752638 5.08213902 0
vt 0.666630566 5.08213902 0
vt 0.555557013 5.08213902 0
vt 0.444443405 5.08213902 0
vt 0.333369911 5.08213902 0
vt 0.222247541 5.08213902 0
vt 0.111148894 5.08213902 0
vt 0 5.08213902 0
vt 1 6.25742197 0
vt 0.888851166 6.25742197 0
vt 0.777752638 6.25742197 0
vt 0.666630566 6.25742197 0
vt 0.555557013 6.25742197 0
vt 0.444443405 6.25742197 0
vt 0.333369911 6.25742197 0
vt 0.222247541 6.25742197 0
vt 0.111148894 6.25742197 0
vt 0 6.25742197 0
vt 1 7.62503338 0
vt 0.888851166 7.62503338 0
vt 0.777752638 7.62503338 0
vt 0.666630566 7.62503338 0
vt 0.555557013 7.62503338 0
vt 0.444443405 7.62503338 0
vt 0.333369911 7.62503338 0
vt 0.222247541 7.62503338 0
vt 0.111148894 7.62503338 0
vt 0 7.62503338 0
vt 1 9.2405529 0
vt 0.888851166 9.2405529 0
vt 0.777752638 9.2405529 0
vt 0.666630566 9.2405529 0
vt 0.555557013 9.2405529 0
vt 0.444443405 9.2405529 0
vt 0.333369911 9.2405529 0
vt 0.222247541 9.2405529 0
vt 0.111148894 9.2405529 0
vt 0 9.2405529 0
vt 1 11.2568989 0
vt 0.888851166 11.2568989 0
vt 0.777752638 11.2568989 0
vt 0.666630566 11.2568989 0
vt 0.555557013 11.2568989 0
vt 0.444443405 11.2568989 0
vt 0.333369911 11.2568989 0
vt 0.222247541 11.2568989 0
vt 0.111148894 11.2568989 0
vt 0 11.2568989 0
vt 1 14 0
vt 0.888851166 14 0
vt 0.777752638 14 0
vt 0.666630566 14 0
vt 0.555557013 14 0
vt 0.444443405 14 0
vt 0.333369911 14 0
vt 0.222247541 14 0
vt 0.111148894 14 0
vt 0 14 0
vt 0.888851166 0.0940250233 0
vt 0.899720252 0.0972484276 0
vt 0.993961096 0.154515192 0
vt 1 0.152042389 0
vt 0.865508974 0.100028306 0
vt 0.888851106 0.0940250307 0
vt 0.777752697 0.077142939 0
vt 0.666630626 0.154276952 0
vt 0.775060117 0.0790203065 0
vt 0.610969245 0.232637078 0
vt 0.645554423 0.179960132 0
vt 0.666630626 0.154276967 0
vt 0.555557132 0.288651496 0
vt 0.444443405 0.314114004 0
vt 0.490646005 0.343885601 0
vt 0.542677224 0.299396217 0
vt 0.555557013 0.288651496 0
vt 0.356019676 0.231403604 0
vt 0.428031445 0.29960531 0
vt 0.444443434 0.314114004 0
vt 0.333369881 0.181466028 0
vt 0.224652037 0.0601685867 0
vt 0.333369851 0.181466028 0
vt 0.222247675 0.0583072789 0
vt 0.111148953 0.113908455 0
vt 0.127094299 0.115068309 0
vt 0.138477743 0.104815066 0
vt 0.22224766 0.0583072826 0
vt -3.35446089e-08 0.152042389 0
vt 0.0175865963 0.151522309 0
vt 0.111148909 0.113908455 0
vt 1 0.576726317 0
vt 1 1.23819757 0
vt 0.888851166 1.23819757 0
vt 0.888851166 0.576726317 0
vt 0.777752638 1.23819757 0
vt 0.777752638 0.576726317 0
vt 0.666630566 1.23819757 0
vt 0.666630566 0.576726317 0
vt 0.555557013 1.23819757 0
vt 0.555557013 0.576726317 0
vt 0.444443405 1.23819757 0
vt 0.444443405 0.576726317 0
vt 0.463454276 0.576726615 0
vt 0.49675864 0.625483692 0
vt 0.544512331 0.588236094 0
vt 0.554121912 0.57672596 0
vt 0.333369911 1.23819757 0
vt 0.333369911 0.576726317 0
vt 0.222247541 1.23819757 0
vt 0.222247541 0.576726317 0
vt 0.111148894 1.23819757 0
vt 0.111148894 0.576726317 0
vt 0 1.23819757 0
vt 0 0.576726317 0
vt 1 2.00037551 0
vt 0.888851166 2.00037551 0
vt 0.777752638 2.00037551 0
vt 0.666630566 2.00037551 0
vt 0.555557013 2.00037551 0
vt 0.444443405 2.00037551 0
vt 0.333369911 2.00037551 0
vt 0.222247541 2.00037551 0
vt 0.111148894 2.00037551 0
vt 0 2.00037551 0
vt 1 2.8909986 0
vt 0.888851166 2.8909986 0
vt 0.777752638 2.8909986 0
vt 0.666630566 2.8909986 0
vt 0.555557013 2.8909986 0
vt 0.444443405 2.8909986 0
vt 0.333369911 2.8909986 0
vt 0.222247541 2.8909986 0
vt 0.111148894 2.8909986 0
vt 0 2.8909986 0
vt 1 3.99198031 0
vt 0.888851166 3.99198031 0
vt 0.777752638 3.99198031 0
vt 0.666630566 3.99198031 0
vt 0.555557013 3.99198031 0
vt 0.444443405 3.99198031 0
vt 0.333369911 3.99198031 0
vt 0.222247541 3.99198031 0
vt 0.111148894 3.99198031 0
vt 0 3.99198031 0
vt 1 5.5110774 0
vt 0.888851166 5.5110774 0
vt 0.777752638 5.5110774 0
vt 0.666630566 5.5110774 0
vt 0.555557013 5.5110774 0
vt 0.444443405 5.5110774 0
vt 0.333369911 5.5110774 0
vt 0.222247541 5.5110774 0
vt 0.111148894 5.5110774 0
vt 0 5.5110774 0
vt 0.930814445 0.0175400898 0
vt 0.979526639 0.0607614219 0
vt 1 0.0358227044 0
vt 0.888851106 0.0219960473 0
vt 0.806784511 0.109888062 0
vt 0.888851106 0.0219960436 0
vt 0.777752697 0.108480781 0
vt 0.666630626 0.285075843 0
vt 0.555556953 0.574470043 0
vt 0.645661831 0.328581423 0
vt 0.64987433 0.318741053 0
vt 0.654600799 0.312455624 0
vt 0.444443375 0.543266892 0
vt 0.463454247 0.576726615 0
vt 0.555557072 0.574470043 0
vt 0.333369881 0.290706992 0
vt 0.348094821 0.3259812 0
vt 0.356396616 0.34910807 0
vt 0.365109503 0.36950627 0
vt 0.444443583 0.543266892 0
vt 0.222247452 0.061925035 0
vt 0.333369851 0.290707022 0
vt 0.111148976 0.00150729239 0
vt 0.194968522 0.0369296148 0
vt 0.222247437 0.0619250424 0
vt -3.11937711e-08 0.0358227044 0
vt 0.0520872623 0.0390226133 0
vt 0.106489062 0.00782403816 0
vt 0.111148916 0.00150729029 0
vt 1 0.741215825 0
vt 1 1.70285606 0
vt 0.888851166 1.70285606 0
vt 0.888851166 0.741215825 0
vt 0.777752638 1.70285606 0
vt 0.777752638 0.741215825 0
vt 0.666630566 1.70285606 0
vt 0.666630566 0.741215825 0
vt 0.555557013 1.70285606 0
vt 0.555557013 0.741215825 0
vt 0.444443405 1.70285606 0
vt 0.444443405 0.741215825 0
vt 0.333369911 1.70285606 0
vt 0.333369911 0.741215825 0
vt 0.222247541 1.70285606 0
vt 0.222247541 0.741215825 0
vt 0.111148894 1.70285606 0
vt 0.111148894 0.741215825 0
vt 0 1.70285606 0
vt 0 0.741215825 0
vt 1 3.00598526 0
vt 0.888851166 3.00598526 0
vt 0.777752638 3.00598526 0
vt 0.666630566 3.00598526 0
vt 0.555557013 3.00598526 0
vt 0.444443405 3.00598526 0
vt 0.333369911 3.00598526 0
vt 0.222247541 3.00598526 0
vt 0.111148894 3.00598526 0
vt 0 3.00598526 0
vt 1 4.8919878 0
vt 0.888851166 4.8919878 0
vt 0.777752638 4.8919878 0
vt 0.666630566 4.8919878 0
vt 0.555557013 4.8919878 0
vt 0.444443405 4.8919878 0
vt 0.333369911 4.8919878 0
vt 0.222247541 4.8919878 0
vt 0.111148894 4.8919878 0
vt 0 4.8919878 0
vt 0.932639599 0.10738188 0
vt 0.98515594 0.141641617 0
vt 0.996553302 0.160478979 0
vt 0.99999994 0.157893941 0
vt 0.888851166 0.0812224224 0
vt 0.896391988 0.0817978233 0
vt 0.92371726 0.0854677111 0
vt 0.848241687 0.102458291 0
vt 0.777752638 0.123369589 0
vt 0.786375284 0.122297488 0
vt 0.792917669 0.123870894 0
vt 0.684667289 0.13820231 0
vt 0.685822487 0.135877505 0
vt 0.666630626 0.142346323 0
vt 0.681310773 0.138404503 0
vt 0.585154235 0.186850592 0
vt 0.555556953 0.114502788 0
vt 0.556735337 0.11735259 0
vt 0.560121298 0.121948689 0
vt 0.577522516 0.17449747 0
vt 0.457034469 0.192389697 0
vt 0.507145047 0.163757965 0
vt 0.542276561 0.135449156 0
vt 0.554139614 0.117854998 0
vt 0.555557013 0.114502788 0
vt 0.444443405 0.162560806 0
vt 0.409026742 0.146151558 0
vt 0.333369911 0.153344348 0
vt 0.336268872 0.154232979 0
vt 0.223008633 0.124910228 0
vt 0.273278862 0.138925597 0
vt 0.222247496 0.124628939 0
vt 0.111148939 0.0978671983 0
vt 0.113871895 0.0979886353 0
vt 0.177814871 0.115863629 0
vt -5.03276887e-08 0.157893941 0
vt 0.0627551302 0.126420557 0
vt 1 1.48098898 0
vt 1 3.50003672 0
vt 0.800000131 3.50003672 0
vt 0.800000131 1.48098898 0
vt 0.600000322 3.50003672 0
vt 0.600000322 1.48098898 0
vt 0.400000155 3.50003672 0
vt 0.400000155 1.48098898 0
vt 0.200000107 3.50003672 0
vt 0.200000107 1.48098898 0
vt 0 3.50003672 0
vt 0 1.48098898 0
vt 1 6.53145313 0
vt 0.800000131 6.53145313 0
vt 0.600000322 6.53145313 0
vt 0.400000155 6.53145313 0
vt 0.200000107 6.53145313 0
vt 0 6.53145313 0
vt 0.800000131 12 0
vt 0.600000322 12 0
vt 0.400000155 12 0
vt 0.200000107 12 0
vt 0.94467932 0.186058447 0
vt 1.0000006 0.189841121 0
vt 0.800000191 0.125333488 0
vt 0.925184548 0.174854144 0
vt 0.635864675 0.248070821 0
vt 0.677221596 0.212238431 0
vt 0.800000191 0.125333473 0
vt 0.599999547 0.266763985 0
vt 0.400000364 0.194137454 0
vt 0.414636314 0.207048148 0
vt 0.47727567 0.314672709 0
vt 0.518994212 0.306704283 0
vt 0.60000062 0.266763955 0
vt 0.206601381 0.14182888 0
vt 0.400000989 0.194137752 0
vt 0.200000048 0.140679881 0
vt 0.115861744 0.2538504 0
vt 0.200000092 0.140679866 0
vt -2.33346526e-07 0.18984127 0
vt 0.0976327807 0.248847902 0
vt 1 2.14970922 0
vt 1 4.8707037 0
vt 0.800000131 4.8707037 0
vt 0.800000131 2.14970922 0
vt 0.600000322 4.8707037 0
vt 0.600000322 2.14970922 0
vt 0.400000155 4.8707037 0
vt 0.400000155 2.14970922 0
vt 0.200000107 4.8707037 0
vt 0.200000107 2.14970922 0
vt 0 4.8707037 0
vt 0 2.14970922 0
vt 1 8.78232574 0
vt 0.800000131 8.78232574 0
vt 0.600000322 8.78232574 0
vt 0.400000155 8.78232574 0
vt 0.200000107 8.78232574 0
vt 0 8.78232574 0
vt 1 16 0
vt 0.800000131 16 0
vt 0.600000322 16 0
vt 0.400000155 16 0
vt 0.200000107 16 0
vt 0 16 0
vt 0.962447524 0.199718803 0
vt 0.975961804 0.196234584 0
vt 1 0.194024101 0
vt 0.800000548 0.234432831 0
vt 0.600001335 0.32428965 0
vt 0.800000668 0.234432682 0
vt 0.528672278 0.327504933 0
vt 0.600000143 0.32428968 0
vt 0.400000095 0.350654721 0
vt 0.494329125 0.327108324 0
vt 0.200000167 0.266887069 0
vt 0.202112675 0.276733309 0
vt 0.259247899 0.302725673 0
vt 0.39999935 0.350654542 0
vt -2.63949484e-08 0.194024116 0
vt 0.185655206 0.275847673 0
vt 0.199365318 0.275774956 0
vt 0.200000122 0.266887099 0
vt 1 2.56540298 0
vt 1 5.79898596 0
vt 0.800000131 5.79898596 0
vt 0.800000131 2.56540298 0
vt 0.600000322 5.79898596 0
vt 0.600000322 2.56540298 0
vt 0.400000155 5.79898596 0
vt 0.400000155 2.56540298 0
vt 0.200000107 5.79898596 0
vt 0.200000107 2.56540298 0
vt 0 5.79898596 0
vt 0 2.56540298 0
vt 1 10.3835812 0
vt 0.800000131 10.3835812 0
vt 0.600000322 10.3835812 0
vt 0.400000155 10.3835812 0
vt 0.200000107 10.3835812 0
vt 0 10.3835812 0
vt 1 19 0
vt 0.800000131 19 0
vt 0.600000322 19 0
vt 0.400000155 19 0
vt 0.200000107 19 0
vt 0 19 0
vt 0.942774534 0.124337442 0
vt 1.00000012 0.0913768858 0
vt 0.800000966 0.189580917 0
vt 0.67526567 0.283013165 0
vt 0.800001204 0.189580739 0
vt 0.600000679 0.328747362 0
vt 0.63316375 0.308519393 0
vt 0.507554889 0.313013554 0
vt 0.600000322 0.328747392 0
vt 0.400000185 0.171866253 0
vt 0.486034006 0.281712145 0
vt 0.200001046 0.039259091 0
vt 0.400000393 0.171866298 0
vt -6.99338543e-08 0.0913769007 0
vt 0.0254652239 0.0976803303 0
vt 0.115253307 0.120418519 0
vt 0.154468358 0.0791992098 0
vt 0.200000331 0.0392590873 0
vt 1 1.41309249 0
vt 1 3.12691021 0
vt 0.800000131 3.12691021 0
vt 0.800000131 1.41309249 0
vt 0.600000322 3.12691021 0
vt 0.600000322 1.41309249 0
vt 0.400000155 3.12691021 0
vt 0.400000155 1.41309249 0
vt 0.200000107 3.12691021 0
vt 0.200000107 1.41309249 0
vt 0 3.12691021 0
vt 0 1.41309249 0
vt 1 5.33762884 0
vt 0.800000131 5.33762884 0
vt 0.600000322 5.33762884 0
vt 0.400000155 5.33762884 0
vt 0.200000107 5.33762884 0
vt 0 5.33762884 0
vt 1 8.48979282 0
vt 0.800000131 8.48979282 0
vt 0.600000322 8.48979282 0
vt 0.400000155 8.48979282 0
vt 0.200000107 8.48979282 0
vt 0 8.48979282 0
vt 1 13.999999 0
vt 0.800000131 13.999999 0
vt 0.600000322 13.999999 0
vt 0.400000155 13.999999 0
vt 0.200000107 13.999999 0
vt 0 13.999999 0
vt 0.800000548 0.195939407 0
vt 1 0.10885036 0
vt 0.664575815 0.312856734 0
vt 0.74864459 0.243197262 0
vt 0.800001025 0.195939302 0
vt 0.600000322 0.351185709 0
vt 0.658913553 0.319133043 0
vt 0.483755857 0.334195167 0
vt 0.489650905 0.337977141 0
vt 0.600000262 0.351185709 0
vt 0.400000125 0.206168681 0
vt 0.427772522 0.255990356 0
vt 0.199999541 0.135489404 0
vt 0.400001019 0.206168815 0
vt 0.175806537 0.160406888 0
vt 0.198035717 0.138188228 0
vt 0.19999969 0.135489359 0
vt 8.3806782e-08 0.10885036 0
vt 0.0313559584 0.128389329 0
vt 0.0576314293 0.130745605 0
vt 1 1.78794324 0
vt 1 3.98857117 0
vt 0.800000131 3.98857117 0
vt 0.800000131 1.78794324 0
vt 0.600000322 3.98857117 0
vt 0.600000322 1.78794324 0
vt 0.400000155 3.98857117 0
vt 0.400000155 1.78794324 0
vt 0.200000107 3.98857117 0
vt 0.200000107 1.78794324 0
vt 0 3.98857117 0
vt 0 1.78794324 0
vt 1 6.8481822 0
vt 0.800000131 6.8481822 0
vt 0.600000322 6.8481822 0
vt 0.400000155 6.8481822 0
vt 0.200000107 6.8481822 0
vt 0 6.8481822 0
vt 1 10.9068785 0
vt 0.800000131 10.9068785 0
vt 0.600000322 10.9068785 0
vt 0.400000155 10.9068785 0
vt 0.200000107 10.9068785 0
vt 0 10.9068785 0
vt 1 18 0
vt 0.800000131 18 0
vt 0.600000322 18 0
vt 0.400000155 18 0
vt 0.200000107 18 0
vt 0 18 0
vt 0.799999893 0.181990534 0
vt 0.876198649 0.174294397 0
vt 0.912551641 0.19975245 0
vt 0.999999285 0.164414614 0
vt 0.623416364 0.323833972 0
vt 0.799999774 0.181990609 0
vt 0.600000501 0.337742507 0
vt 0.453473568 0.446638614 0
vt 0.512001276 0.377678096 0
vt 0.595399678 0.34421429 0
vt 0.600000381 0.337742507 0
vt 0.400000155 0.454850972 0
vt 0.207532048 0.170339391 0
vt 0.297041059 0.328190506 0
vt 0.3825109 0.437779546 0
vt 0.200001046 0.16006498 0
vt 5.16072362e-07 0.16441454 0
vt 0.0252215657 0.180042729 0
vt 0.0902861729 0.191602945 0
vt 0.193786114 0.159138575 0
vt 0.200000584 0.160065025 0
vt 1 2.17894244 0
vt 1 4.98133707 0
vt 0.800000131 4.98133707 0
vt 0.800000131 2.17894244 0
vt 0.600000322 4.98133707 0
vt 0.600000322 2.17894244 0
vt 0.400000155 4.98133707 0
vt 0.400000155 2.17894244 0
vt 0.200000107 4.98133707 0
vt 0.200000107 2.17894244 0
vt 0 4.98133707 0
vt 0 2.17894244 0
vt 1 8.90141392 0
vt 0.800000131 8.90141392 0
vt 0.600000322 8.90141392 0
vt 0.400000155 8.90141392 0
vt 0.200000107 8.90141392 0
vt 0 8.90141392 0
vt 0.966115534 0.263643205 0
vt 0.969298065 0.256909072 0
vt 1 0.158780858 0
vt 0.80000025 0.148195222 0
vt 0.76990819 0.166257873 0
vt 0.796464741 0.150547475 0
vt 0.799999833 0.148195222 0
vt 0.600000381 0.16179958 0
vt 0.621620119 0.197784007 0
vt 0.633720577 0.194583371 0
vt 0.400000036 0.541603327 0
vt 0.505188346 0.334314048 0
vt 0.50734365 0.326965421 0
vt 0.527818441 0.267206699 0
vt 0.600000322 0.16179958 0
vt 0.200000063 0.655610859 0
vt 0.207632497 0.653773606 0
vt 0.327391386 0.641755462 0
vt 0.337638825 0.630625486 0
vt 0.400000215 0.541603327 0
vt 2.18695988e-07 0.158780858 0
vt 0.0451643504 0.276434124 0
vt 0.107213892 0.465040147 0
vt 0.150499001 0.538906872 0
vt 0.150562301 0.539034963 0
vt 0.200000063 0.6556108 0
vt 0.800000131 3.27935195 0
vt 0.800001085 0.52790612 0
vt 0.802015245 0.509050786 0
vt 0.799999654 0.509396553 0
vt 0.800000131 0 0
vt 1 3.27935195 0
vt 1 8.17971325 0
vt 0.800000131 8.17971325 0
vt 0.600000322 8.17971325 0
vt 0.600000322 3.27935195 0
vt 0.400000155 8.17971325 0
vt 0.400000155 3.27935195 0
vt 0.200000107 8.17971325 0
vt 0.200000107 3.27935195 0
vt 0 8.17971325 0
vt 0 3.27935195 0
vt 0.773542643 -1.22150891e-06 0
vt 0.799999774 0.509396613 0
vt 0.765688002 0.336203605 0
vt 0.78524977 0.0375367552 0
vt 0.729507089 0.920103133 0
vt 0.785269141 0.739628196 0
vt 0.800000668 0.52790606 0
vt 0.600000083 0.928581417 0
vt 0.665210724 0.956892014 0
vt 0.400000781 0.420993119 0
vt 0.445546925 0.546741605 0
vt 0.600000918 0.928581417 0
vt 0.199999556 0.0706592202 0
vt 0.206998914 0.0988582075 0
vt 0.327750057 0.340537757 0
vt 0.391893268 0.419378698 0
vt 0.40000096 0.420993298 0
vt 0.159972504 0.0474879183 0
vt 0.20000045 0.0706592426 0
vt 0.154532149 -1.59421359e-06 0
vt 0.800000131 1.20942891 0
vt 0.80000025 0.119195901 0
vt 0.802169919 0.120968662 0
vt 0.896754563 0.0771433413 0
vt 0.938045919 0.0687127858 0
vt 0.991488218 -4.49367207e-07 0
vt 1 1.34273582e-16 0
vt 1 1.20942891 0
vt 0.200000107 0 0
vt 0.200000107 1.20942891 0
vt 0 1.20942891 0
vt 1 2.7352581 0
vt 0.800000131 2.7352581 0
vt 0.600000322 2.7352581 0
vt 0.600000322 1.20942891 0
vt 0.400000155 2.7352581 0
vt 0.400000155 1.20942891 0
vt 0.200000107 2.7352581 0
vt 0 2.7352581 0
vt 1 4.69919634 0
vt 0.800000131 4.69919634 0
vt 0.600000322 4.69919634 0
vt 0.400000155 4.69919634 0
vt 0.200000107 4.69919634 0
vt 0 4.69919634 0
vt 1 7.3564353 0
vt 0.800000131 7.3564353 0
vt 0.600000322 7.3564353 0
vt 0.400000155 7.3564353 0
vt 0.200000107 7.3564353 0
vt 0 7.3564353 0
vt 0.600000918 0.2188555 0
vt 0.80000025 0.119195893 0
vt 0.548253238 0.268826485 0
vt 0.600000322 0.2188555 0
vt 0.400000095 0.282722056 0
vt 0.407831818 0.288502604 0
vt 0.487838149 0.268660516 0
vt 0.200000107 1.34273582e-16 0
vt 0.257205367 -1.87130439e-07 0
vt 0.259270579 0.00577362813 0
vt 0.281324238 0.117140308 0
vt 0.34701103 0.214067921 0
vt 0.39999941 0.282721967 0
vt 0.800000131 1.68542135 0
vt 0.799999714 0.170445889 0
vt 0.972336352 -8.64300773e-07 0
vt 1 1.68542135 0
vt 1 3.90268111 0
vt 0.800000131 3.90268111 0
vt 0.600000322 3.90268111 0
vt 0.600000322 1.68542135 0
vt 0.400000155 3.90268111 0
vt 0.400000155 1.68542135 0
vt 0.200000107 3.90268111 0
vt 0.200000107 1.68542135 0
vt 0 3.90268111 0
vt 0 1.68542135 0
vt 1 7.0994916 0
vt 0.800000131 7.0994916 0
vt 0.600000322 7.0994916 0
vt 0.400000155 7.0994916 0
vt 0.200000107 7.0994916 0
vt 0 7.0994916 0
vt 0.800000131 13 0
vt 0.600000322 13 0
vt 0.400000155 13 0
vt 0.200000107 13 0
vt 0.745802701 0.270486593 0
vt 0.799999774 0.170445874 0
vt 0.600000441 0.490499735 0
vt 0.642357945 0.476186603 0
vt 0.699295044 0.398383021 0
vt 0.448865354 0.285271674 0
vt 0.53362 0.426074952 0
vt 0.600000143 0.490499705 0
vt 0.400000364 0.21669513 0
vt 0.344342619 0.176369458 0
vt 0.400000691 0.21669516 0
vt 0.199999899 0.103959396 0
vt 0.0552121587 0.0722792745 0
vt 0.14475733 0.133257851 0
vt 0.192412198 0.114120588 0
vt 0.200000107 0.103959396 0
vt 2.22044724e-17 1.68542135 0
vt 0.0193654615 6.15553191e-08 0
vt 0.0304693691 0.0155648589 0
vt 1 2.37438655 0
vt 1 5.46014214 0
vt 0.800000131 5.46014214 0
vt 0.800000131 2.37438655 0
vt 0.600000322 5.46014214 0
vt 0.600000322 2.37438655 0
vt 0.400000155 5.46014214 0
vt 0.400000155 2.37438655 0
vt 0.200000107 5.46014214 0
vt 0.200000107 2.37438655 0
vt 0 5.46014214 0
vt 0 2.37438655 0
vt 1 9.51669693 0
vt 0.800000131 9.51669693 0
vt 0.600000322 9.51669693 0
vt 0.400000155 9.51669693 0
vt 0.200000107 9.51669693 0
vt 0 9.51669693 0
vt 1 15.3152256 0
vt 0.800000131 15.3152256 0
vt 0.600000322 15.3152256 0
vt 0.400000155 15.3152256 0
vt 0.200000107 15.3152256 0
vt 0 15.3152256 0
vt 1 25 0
vt 0.800000131 25 0
vt 0.600000322 25 0
vt 0.400000155 25 0
vt 0.200000107 25 0
vt 0 25 0
vt 0.800000966 0.380292296 0
vt 0.892049968 0.271153539 0
vt 0.999999523 0.121093452 0
vt 0.600000679 0.550479591 0
vt 0.800000846 0.380292296 0
vt 0.440406591 0.455133349 0
vt 0.563647151 0.547867358 0
vt 0.573872268 0.532100201 0
vt 0.600000143 0.550479591 0
vt 0.399999797 0.372296512 0
vt 0.432154685 0.437512249 0
vt 0.287744939 0.226974308 0
vt 0.39999938 0.372296453 0
vt 0.1999989 0.108739175 0
vt 1.0610875e-07 0.121093415 0
vt 0.0474369563 0.129726827 0
vt 0.0633757636 0.135553181 0
vt 0.189304844 0.147710085 0
vt 0.193962321 0.122084297 0
vt 0.200000152 0.10873919 0
vt 1 3.19016814 0
vt 0.800000131 3.19016814 0
vt 0.600000322 3.19016814 0
vt 0.600000083 0.00729826372 0
vt 0.619418919 0.0235237572 0
vt 0.652891636 0.0414144956 0
vt 0.681954801 2.34856861e-06 0
vt 1 7.41300249 0
vt 0.800000131 7.41300249 0
vt 0.600000322 7.41300249 0
vt 0.400000155 7.41300249 0
vt 0.400000155 3.19016814 0
vt 0.200000107 7.41300249 0
vt 0.200000107 3.19016814 0
vt 0 7.41300249 0
vt 0 3.19016814 0
vt 1 13.3285742 0
vt 0.800000131 13.3285742 0
vt 0.600000322 13.3285742 0
vt 0.400000155 13.3285742 0
vt 0.200000107 13.3285742 0
vt 0 13.3285742 0
vt 1 24 0
vt 0.800000131 24 0
vt 0.600000322 24 0
vt 0.400000155 24 0
vt 0.200000107 24 0
vt 0 24 0
vt 0.537494779 0.193441957 0
vt 0.600000203 0.00729824044 0
vt 0.400000662 0.590372086 0
vt 0.200000212 0.540718794 0
vt 0.220465988 0.582045197 0
vt 0.271332353 0.682683289 0
vt 0.330180407 0.627493501 0
vt 0.392930835 0.608336031 0
vt 0.400000274 0.590372086 0
vt 0.0879413486 0.176995277 0
vt 0.199999824 0.540718853 0
vt 0.0405017287 7.46020589e-07 0
vt 1 4.31383133 0
vt 1 9.78958416 0
vt 0.800000131 9.78958416 0
vt 0.800000131 4.31383133 0
vt 0.600000322 9.78958416 0
vt 0.600000322 4.31383133 0
vt 0.400000155 9.78958416 0
vt 0.400000155 4.31383133 0
vt 0.200000107 9.78958416 0
vt 0.200000107 4.31383133 0
vt 0 9.78958416 0
vt 0 4.31383133 0
vt 1 16.7938862 0
vt 0.800000131 16.7938862 0
vt 0.600000322 16.7938862 0
vt 0.400000155 16.7938862 0
vt 0.200000107 16.7938862 0
vt 0 16.7938862 0
vt 1 26.4525566 0
vt 0.800000131 26.4525566 0
vt 0.600000322 26.4525566 0
vt 0.400000155 26.4525566 0
vt 0.200000107 26.4525566 0
vt 0 26.4525566 0
vt 1 43 0
vt 0.800000131 43 0
vt 0.600000322 43 0
vt 0.400000155 43 0
vt 0.200000107 43 0
vt 0 43 0
vt 0.847964764 0.402227551 0
vt 0.914298594 0.503820956 0
vt 0.972194433 0.532624543 0
vt 1.00000072 0.531012654 0
vt 0.799999356 0.296836644 0
vt 0.841775954 0.404063702 0
vt 0.600000262 0.461286187 0
vt 0.609034419 0.460302413 0
vt 0.679386556 0.478011668 0
vt 0.726462662 0.457715571 0
vt 0.800000429 0.296836674 0
vt 0.553741097 0.477965176 0
vt 0.591749072 0.472383618 0
vt 0.597946644 0.461598188 0
vt 0.600000501 0.461286217 0
vt 0.399999827 0.452913523 0
vt 0.422995389 0.463194102 0
vt 0.427511722 0.46428895 0
vt 0.479734808 0.47429952 0
vt 0.504035592 0.477586836 0
vt 0.243551359 0.463866681 0
vt 0.272790641 0.46787104 0
vt 0.298955649 0.471451283 0
vt 0.323972255 0.470384389 0
vt 0.36776644 0.468532115 0
vt 0.369015366 0.468175113 0
vt 0.400000095 0.452913523 0
vt 0.200000316 0.290267199 0
vt 0.206608504 0.417928576 0
vt 0.227120087 0.439718276 0
vt 7.1228834e-07 0.531012654 0
vt 0.0041458332 0.529621363 0
vt 0.125539705 0.454245239 0
vt 0.152997985 0.461803138 0
vt 0.192755714 0.421566427 0
vt 0.199999213 0.290267259 0
vt 1 1.10215938 0
vt 1 2.49826217 0
vt 0.800000131 2.49826217 0
vt 0.800000131 1.10215938 0
vt 0.600000322 2.49826217 0
vt 0.600000322 1.10215938 0
vt 0.400000155 2.49826217 0
vt 0.400000155 1.10215938 0
vt 0.200000107 2.49826217 0
vt 0.200000107 1.10215938 0
vt 0 2.49826217 0
vt 0 1.10215938 0
vt 1 4.25033331 0
vt 0.800000131 4.25033331 0
vt 0.600000322 4.25033331 0
vt 0.400000155 4.25033331 0
vt 0.200000107 4.25033331 0
vt 0 4.25033331 0
vt 1 6.45387602 0
vt 0.800000131 6.45387602 0
vt 0.600000322 6.45387602 0
vt 0.400000155 6.45387602 0
vt 0.200000107 6.45387602 0
vt 0 6.45387602 0
vt 1 9.25220776 0
vt 0.800000131 9.25220776 0
vt 0.600000322 9.25220776 0
vt 0.400000155 9.25220776 0
vt 0.200000107 9.25220776 0
vt 0 9.25220776 0
vt 1 12.8485003 0
vt 0.800000131 12.8485003 0
vt 0.600000322 12.8485003 0
vt 0.400000155 12.8485003 0
vt 0.200000107 12.8485003 0
vt 0 12.8485003 0
vt 0.80000037 0.129451737 0
vt 0.905955553 0.153441191 0
vt 0.926004887 0.144210339 0
vt 1 0.117395177 0
vt 0.707341015 0.166699871 0
vt 0.800000608 0.129451692 0
vt 0.600000679 0.192967728 0
vt 0.478103846 0.257472277 0
vt 0.493907392 0.23643887 0
vt 0.600000322 0.192967728 0
vt 0.400000155 0.247274429 0
vt 0.199999437 0.067788519 0
vt 0.206196025 0.0770124868 0
vt 0.316572309 0.205661401 0
vt 0.346439064 0.22525683 0
vt 0.400000453 0.247274444 0
vt 5.26165733e-09 0.117395177 0
vt 0.0682675466 0.13329716 0
vt 0.0839719996 0.127137065 0
vt 0.199999541 0.0677884221 0
vt 1 1.17388606 0
vt 1 2.70350838 0
vt 0.800000131 2.70350838 0
vt 0.800000131 1.17388606 0
vt 0.600000322 2.70350838 0
vt 0.600000322 1.17388606 0
vt 0.400000155 2.70350838 0
vt 0.400000155 1.17388606 0
vt 0.200000107 2.70350838 0
vt 0.200000107 1.17388606 0
vt 0 2.70350838 0
vt 0 1.17388606 0
vt 1 4.91515541 0
vt 0.800000131 4.91515541 0
vt 0.600000322 4.91515541 0
vt 0.400000155 4.91515541 0
vt 0.200000107 4.91515541 0
vt 0 4.91515541 0
vt 1 9 0
vt 0.800000131 9 0
vt 0.600000322 9 0
vt 0.400000155 9 0
vt 0.200000107 9 0
vt 0 9 0
vt 0.945840597 0.191494927 0
vt 0.998879492 0.142751381 0
vt 0.999999821 0.141606778 0
vt 0.800000072 0.161469817 0
vt 0.809451222 0.178422704 0
vt 0.867379665 0.175987422 0
vt 0.60000062 0.210483178 0
vt 0.799999893 0.161469817 0
vt 0.522349775 0.311208874 0
vt 0.540855527 0.305436969 0
vt 0.600000322 0.210483178 0
vt 0.400000155 0.377206117 0
vt 0.241549924 0.210988864 0
vt 0.379567206 0.366207987 0
vt 0.388819605 0.374461353 0
vt 0.400000095 0.377206117 0
vt 0.200000092 0.103053063 0
vt 0.215855926 0.159665138 0
vt 1.37213718e-07 0.141606763 0
vt 0.124690428 0.153760895 0
vt 0.174295455 0.13442646 0
vt 0.200000018 0.103053063 0
vt 1 1.30365264 0
vt 1 2.91246676 0
vt 0.800000131 2.91246676 0
vt 0.800000131 1.30365264 0
vt 0.600000322 2.91246676 0
vt 0.600000322 1.30365264 0
vt 0.400000155 2.91246676 0
vt 0.400000155 1.30365264 0
vt 0.200000107 2.91246676 0
vt 0.200000107 1.30365264 0
vt 0 2.91246676 0
vt 0 1.30365264 0
vt 1 4.99356699 0
vt 0.800000131 4.99356699 0
vt 0.600000322 4.99356699 0
vt 0.400000155 4.99356699 0
vt 0.200000107 4.99356699 0
vt 0 4.99356699 0
vt 1 7.89656067 0
vt 0.800000131 7.89656067 0
vt 0.600000322 7.89656067 0
vt 0.400000155 7.89656067 0
vt 0.200000107 7.89656067 0
vt 0 7.89656067 0
vt 0.86407125 0.0365087502 0
vt 0.882547498 0.0671675429 0
vt 1.00000012 0.117889874 0
vt 0.799999952 0.0079893684 0
vt 0.605459273 0.411493391 0
vt 0.689118624 0.246452436 0
vt 0.725294352 0.143947318 0
vt 0.799999416 0.00798951183 0
vt 0.599999905 0.419344783 0
vt 0.400000274 0.341721833 0
vt 0.409781128 0.365004629 0
vt 0.475338936 0.413460195 0
vt 0.539172947 0.478634417 0
vt 0.600000262 0.419344753 0
vt 0.19999966 0.0873433277 0
vt 0.399999708 0.341721743 0
vt 0.143468976 0.116980933 0
vt 0.176272959 0.116555437 0
vt 0.199999779 0.0873432383 0
vt 6.12751139e-09 0.117889874 0
vt 0.0017197259 0.121670865 0
vt 0.0284174811 0.158400044 0
vt 1 1.66550255 0
vt 1 3.74691486 0
vt 0.800000131 3.74691486 0
vt 0.800000131 1.66550255 0
vt 0.600000322 3.74691486 0
vt 0.600000322 1.66550255 0
vt 0.400000155 3.74691486 0
vt 0.400000155 1.66550255 0
vt 0.200000107 3.74691486 0
vt 0.200000107 1.66550255 0
vt 0 3.74691486 0
vt 0 1.66550255 0
vt 1 6.38148594 0
vt 0.800000131 6.38148594 0
vt 0.600000322 6.38148594 0
vt 0.400000155 6.38148594 0
vt 0.200000107 6.38148594 0
vt 0 6.38148594 0
vt 1 9.92319679 0
vt 0.800000131 9.92319679 0
vt 0.600000322 9.92319679 0
vt 0.400000155 9.92319679 0
vt 0.200000107 9.92319679 0
vt 0 9.92319679 0
vt 0.800000072 0.114005581 0
vt 0.814113975 0.137508079 0
vt 0.81893003 0.137317687 0
vt 0.953297853 0.198073611 0
vt 0.953651607 0.197865948 0
vt 1.00000036 0.124073073 0
vt 0.752197862 0.157077551 0
vt 0.800000131 0.114005581 0
vt 0.600000441 0.440709233 0
vt 0.400000215 0.734432757 0
vt 0.433322042 0.750559688 0
vt 0.465898365 0.683496892 0
vt 0.557232261 0.539419889 0
vt 0.585975289 0.488862544 0
vt 0.600000262 0.440709233 0
vt 0.293911129 0.512426913 0
vt 0.400000572 0.734432757 0
vt 0.199999452 0.184646294 0
vt 0.251683593 0.420490593 0
vt -3.07560754e-07 0.124073066 0
vt 0.0542399511 0.170478418 0
vt 0.133213386 0.242068842 0
vt 0.144001514 0.253157318 0
vt 0.19999969 0.184646294 0
vt 1 1.93538547 0
vt 1 4.33953667 0
vt 0.800000131 4.33953667 0
vt 0.800000131 1.93538547 0
vt 0.600000322 4.33953667 0
vt 0.600000322 1.93538547 0
vt 0.400000155 4.33953667 0
vt 0.400000155 1.93538547 0
vt 0.200000107 4.33953667 0
vt 0.200000107 1.93538547 0
vt 0 4.33953667 0
vt 0 1.93538547 0
vt 1 7.41203976 0
vt 0.800000131 7.41203976 0
vt 0.600000322 7.41203976 0
vt 0.400000155 7.41203976 0
vt 0.200000107 7.41203976 0
vt 0 7.41203976 0
vt 1 11.6604557 0
vt 0.800000131 11.6604557 0
vt 0.600000322 11.6604557 0
vt 0.400000155 11.6604557 0
vt 0.200000107 11.6604557 0
vt 0 11.6604557 0
vt 0.940980196 0.193169832 0
vt 0.99999994 0.0636271387 0
vt 0.799999833 0.337560833 0
vt 0.678486407 0.921532571 0
vt 0.722143888 0.725097358 0
vt 0.766060054 0.57877624 0
vt 0.779488802 0.550777435 0
vt 0.800000012 0.337560833 0
vt 0.600000322 1.0263598 0
vt 0.672436953 0.967665792 0
vt 0.399999946 0.445186704 0
vt 0.516480982 0.735516131 0
vt 0.537817478 0.813837111 0
vt 0.5436517 0.839400887 0
vt 0.600000262 1.02635992 0
vt 0.25625211 0.261190265 0
vt 0.31618166 0.302970588 0
vt 0.399999976 0.445186764 0
vt 0.200000077 0.169418946 0
vt -1.76547807e-08 0.0636271462 0
vt 0.0444545373 0.110381328 0
vt 0.0965848193 0.235092968 0
vt 0.148791388 0.228391483 0
vt 0.200000033 0.169418946 0
vt 1 1.63777566 0
vt 1 3.57312846 0
vt 0.800000131 3.57312846 0
vt 0.800000131 1.63777566 0
vt 0.600000322 3.57312846 0
vt 0.600000322 1.63777566 0
vt 0.400000155 3.57312846 0
vt 0.400000155 1.63777566 0
vt 0.200000107 3.57312846 0
vt 0.200000107 1.63777566 0
vt 0 3.57312846 0
vt 0 1.63777566 0
vt 1 5.85073376 0
vt 0.800000131 5.85073376 0
vt 0.600000322 5.85073376 0
vt 0.400000155 5.85073376 0
vt 0.200000107 5.85073376 0
vt 0 5.85073376 0
vt 1 8.63672447 0
vt 0.800000131 8.63672447 0
vt 0.600000322 8.63672447 0
vt 0.400000155 8.63672447 0
vt 0.200000107 8.63672447 0
vt 0 8.63672447 0
vt 1 12.4731932 0
vt 0.800000131 12.4731932 0
vt 0.600000322 12.4731932 0
vt 0.400000155 12.4731932 0
vt 0.200000107 12.4731932 0
vt 0 12.4731932 0
vt 0.799999475 0.0794472769 0
vt 0.872479975 0.114468992 0
vt 0.874541879 0.114989355 0
vt 1 0.0981666818 0
vt 0.772943556 0.106359608 0
vt 0.799999237 0.0794472918 0
vt 0.600000083 0.300191373 0
vt 0.499845862 0.448162377 0
vt 0.515970647 0.399159044 0
vt 0.600000322 0.300191373 0
vt 0.400000215 0.510068417 0
vt 0.40389958 0.509836614 0
vt 0.237058312 0.200565323 0
vt 0.345396847 0.442070752 0
vt 0.399999738 0.510068357 0
vt 0.200000405 0.0941613242 0
vt 0.223508596 0.174567685 0
vt 0.00411727373 0.102242976 0
vt 0.00875722803 0.101302832 0
vt 0.057254985 0.107531883 0
vt 0.160876051 0.114136472 0
vt 0.167719349 0.116647296 0
vt 0.200000346 0.0941613242 0
vt 9.28306179e-08 0.0981666818 0
vt 1 2.3199954 0
vt 0.800000131 2.3199954 0
vt 0.600000322 2.3199954 0
vt 0.60000062 0.491677225 0
vt 0.73942554 0.140051365 0
vt 0.784645259 -1.77208506e-07 0
vt 0.200000107 2.3199954 0
vt 0 2.3199954 0
vt 1 5.0838933 0
vt 0.800000131 5.0838933 0
vt 0.600000322 5.0838933 0
vt 0.400000155 5.0838933 0
vt 0.400000155 2.3199954 0
vt 0.200000107 5.0838933 0
vt 0 5.0838933 0
vt 1 8.40912724 0
vt 0.800000131 8.40912724 0
vt 0.600000322 8.40912724 0
vt 0.400000155 8.40912724 0
vt 0.200000107 8.40912724 0
vt 0 8.40912724 0
vt 1 12.649622 0
vt 0.800000131 12.649622 0
vt 0.600000322 12.649622 0
vt 0.400000155 12.649622 0
vt 0.200000107 12.649622 0
vt 0 12.649622 0
vt 1 18.4531441 0
vt 0.800000131 18.4531441 0
vt 0.600000322 18.4531441 0
vt 0.400000155 18.4531441 0
vt 0.200000107 18.4531441 0
vt 0 18.4531441 0
vt 1 28 0
vt 0.800000131 28 0
vt 0.600000322 28 0
vt 0.400000155 28 0
vt 0.200000107 28 0
vt 0 28 0
vt 0.413345963 0.50109446 0
vt 0.495784342 0.642832577 0
vt 0.538462996 0.67737633 0
vt 0.593427539 0.500297248 0
vt 0.600000262 0.491677225 0
vt 0.400000215 0.486905038 0
vt 0.200295717 1.28369857e-06 0
vt 0.399999678 0.486905068 0
vt 1 3.02011657 0
vt 1 6.64914274 0
vt 0.800000131 6.64914274 0
vt 0.800000131 3.02011657 0
vt 0.600000322 6.64914274 0
vt 0.600000322 3.02011657 0
vt 0.400000155 6.64914274 0
vt 0.400000155 3.02011657 0
vt 0.200000107 6.64914274 0
vt 0.200000107 3.02011657 0
vt 0 6.64914274 0
vt 0 3.02011657 0
vt 1 11.1735516 0
vt 0.800000131 11.1735516 0
vt 0.600000322 11.1735516 0
vt 0.400000155 11.1735516 0
vt 0.200000107 11.1735516 0
vt 0 11.1735516 0
vt 1 17.0469131 0
vt 0.800000131 17.0469131 0
vt 0.600000322 17.0469131 0
vt 0.400000155 17.0469131 0
vt 0.200000107 17.0469131 0
vt 0 17.0469131 0
vt 1 25.0608654 0
vt 0.800000131 25.0608654 0
vt 0.600000322 25.0608654 0
vt 0.400000155 25.0608654 0
vt 0.200000107 25.0608654 0
vt 0 25.0608654 0
vt 1 38 0
vt 0.800000131 38 0
vt 0.600000322 38 0
vt 0.400000155 38 0
vt 0.200000107 38 0
vt 0 38 0
vt 0.862298727 0.440102398 0
vt 0.982331157 0.279491335 0
vt 1 0.296382159 0
vt 0.800000429 0.342899621 0
vt 0.807019174 0.479817539 0
vt 0.599999905 2.49000525 0
vt 0.608594954 2.49003196 0
vt 0.625898302 2.47454906 0
vt 0.662459612 1.91757119 0
vt 0.706853688 1.46370232 0
vt 0.794242501 0.545362771 0
vt 0.800000072 0.342899621 0
vt 0.423468828 2.47802901 0
vt 0.456316739 2.4906795 0
vt 0.531672478 2.49171877 0
vt 0.560433984 2.49154568 0
vt 0.600000083 2.49000525 0
vt 0.400000691 2.04496598 0
vt 0.199999854 0.605334878 0
vt 0.278982192 1.23576355 0
vt 0.400000095 2.04496598 0
vt -6.42143405e-08 0.296382189 0
vt 0.010132798 0.456914514 0
vt 0.107137285 0.693593979 0
vt 0.167382866 0.877374172 0
vt 0.200000465 0.605334878 0
vt 1 1.05587602 0
vt 1 2.31308174 0
vt 0.800000131 2.31308174 0
vt 0.800000131 1.05587602 0
vt 0.600000322 2.31308174 0
vt 0.600000322 1.05587602 0
vt 0.400000155 2.31308174 0
vt 0.400000155 1.05587602 0
vt 0.200000107 2.31308174 0
vt 0.200000107 1.05587602 0
vt 0 2.31308174 0
vt 0 1.05587602 0
vt 1 3.8599143 0
vt 0.800000131 3.8599143 0
vt 0.600000322 3.8599143 0
vt 0.400000155 3.8599143 0
vt 0.200000107 3.8599143 0
vt 0 3.8599143 0
vt 1 5.84599352 0
vt 0.800000131 5.84599352 0
vt 0.600000322 5.84599352 0
vt 0.400000155 5.84599352 0
vt 0.200000107 5.84599352 0
vt 0 5.84599352 0
vt 1 8.56508446 0
vt 0.800000131 8.56508446 0
vt 0.600000322 8.56508446 0
vt 0.400000155 8.56508446 0
vt 0.200000107 8.56508446 0
vt 0 8.56508446 0
vt 0.948311865 0.165457562 0
vt 1.00000024 0.142739251 0
vt 0.800000131 0.209758222 0
vt 0.629217148 0.299915165 0
vt 0.683252871 0.267994612 0
vt 0.76772505 0.238256007 0
vt 0.800000191 0.209758222 0
vt 0.600000381 0.29422158 0
vt 0.403191656 0.0889806971 0
vt 0.46220997 0.210271418 0
vt 0.537103117 0.254927844 0
vt 0.400000244 0.0827757046 0
vt 0.267489821 0.139269471 0
vt 0.313996077 0.150459662 0
vt 0.396114945 0.0850584507 0
vt 0.400000423 0.0827757344 0
vt 0.200000137 0.126004159 0
vt -1.25297547e-07 0.142739266 0
vt 0.110571042 0.152831078 0
vt 0.129730687 0.159232333 0
vt 0.200000063 0.126004159 0
vt 1 1.50371408 0
vt 1 3.25193 0
vt 0.800000131 3.25193 0
vt 0.800000131 1.50371408 0
vt 0.600000322 3.25193 0
vt 0.600000322 1.50371408 0
vt 0.400000155 3.25193 0
vt 0.400000155 1.50371408 0
vt 0.200000107 3.25193 0
vt 0.200000107 1.50371408 0
vt 0 3.25193 0
vt 0 1.50371408 0
vt 1 5.2773838 0
vt 0.800000131 5.2773838 0
vt 0.600000322 5.2773838 0
vt 0.400000155 5.2773838 0
vt 0.200000107 5.2773838 0
vt 0 5.2773838 0
vt 1 7.66094351 0
vt 0.800000131 7.66094351 0
vt 0.600000322 7.66094351 0
vt 0.400000155 7.66094351 0
vt 0.200000107 7.66094351 0
vt 0 7.66094351 0
vt 1 10.6213236 0
vt 0.800000131 10.6213236 0
vt 0.600000322 10.6213236 0
vt 0.400000155 10.6213236 0
vt 0.200000107 10.6213236 0
vt 0 10.6213236 0
vt 1 14.5917225 0
vt 0.800000131 14.5917225 0
vt 0.600000322 14.5917225 0
vt 0.400000155 14.5917225 0
vt 0.200000107 14.5917225 0
vt 0 14.5917225 0
vt 1 21 0
vt 0.800000131 21 0
vt 0.600000322 21 0
vt 0.400000155 21 0
vt 0.200000107 21 0
vt 0 21 0
vt 0.852780819 0.0744639933 0
vt 0.916820288 0.102269337 0
vt 1 0.0624810979 0
vt 0.800000787 0.0419450365 0
vt 0.600000858 0.268469542 0
vt 0.639090002 0.226192951 0
vt 0.800001144 0.0419449508 0
vt 0.491581559 0.346983463 0
vt 0.528584838 0.343567401 0
vt 0.600000381 0.268469542 0
vt 0.400000066 0.334158093 0
vt 0.294100046 0.203285486 0
vt 0.395349443 0.329691589 0
vt 0.399999231 0.334157974 0
vt 0.200000942 0.0775449947 0
vt 0.160007387 0.0888150632 0
vt 0.200000644 0.0775450319 0
vt 1.15369147e-07 0.0624810942 0
vt 0.0030678839 0.0643206835 0
vt 0.0831875876 0.0978156254 0
vt 1 1.8098706 0
vt 1 3.92497301 0
vt 0.800000131 3.92497301 0
vt 0.800000131 1.8098706 0
vt 0.600000322 3.92497301 0
vt 0.600000322 1.8098706 0
vt 0.400000155 3.92497301 0
vt 0.400000155 1.8098706 0
vt 0.200000107 3.92497301 0
vt 0.200000107 1.8098706 0
vt 0 3.92497301 0
vt 0 1.8098706 0
vt 1 6.42808771 0
vt 0.800000131 6.42808771 0
vt 0.600000322 6.42808771 0
vt 0.400000155 6.42808771 0
vt 0.200000107 6.42808771 0
vt 0 6.42808771 0
vt 1 9.58851433 0
vt 0.800000131 9.58851433 0
vt 0.600000322 9.58851433 0
vt 0.400000155 9.58851433 0
vt 0.200000107 9.58851433 0
vt 0 9.58851433 0
vt 1 14.1802931 0
vt 0.800000131 14.1802931 0
vt 0.600000322 14.1802931 0
vt 0.400000155 14.1802931 0
vt 0.200000107 14.1802931 0
vt 0 14.1802931 0
vt 1 22 0
vt 0.800000131 22 0
vt 0.600000322 22 0
vt 0.400000155 22 0
vt 0.200000107 22 0
vt 0 22 0
vt 0.975694478 0.156684235 0
vt 1.00000024 0.140543208 0
vt 0.827443421 -1.51574312e-07 0
vt 0.824621856 0.0356929339 0
vt 0.801560819 0.14973326 0
vt 0.91235882 0.12155658 0
vt 0.779577255 1.28533634e-06 0
vt 0.800000131 2.00936001e-16 0
vt 0.600000143 0.524600089 0
vt 0.647325397 0.482311934 0
vt 0.698020577 0.411787093 0
vt 0.743009806 0.255677789 0
vt 0.798964262 0.151977748 0
vt 0.783242285 0.0672737062 0
vt 0.484699875 0.437205583 0
vt 0.52331686 0.50397867 0
vt 0.600000501 0.524600089 0
vt 0.399999797 0.307640374 0
vt 0.400253505 0.308174431 0
vt 0.200000197 0.136156052 0
vt 0.398457676 0.306298077 0
vt 0.399999648 0.307640374 0
vt 0.0587371811 0.199179247 0
vt 0.129106119 0.225273192 0
vt 0.187448755 0.15098542 0
vt 0.200000316 0.136156037 0
vt 2.22044724e-17 1.8098706 0
vt 2.61891984e-07 0.140543222 0
vt 1 2.37793851 0
vt 1 5.1170578 0
vt 0.800000131 5.1170578 0
vt 0.800000131 2.37793851 0
vt 0.600000322 5.1170578 0
vt 0.600000322 2.37793851 0
vt 0.400000155 5.1170578 0
vt 0.400000155 2.37793851 0
vt 0.200000107 5.1170578 0
vt 0.200000107 2.37793851 0
vt 0 5.1170578 0
vt 0 2.37793851 0
vt 1 8.28034687 0
vt 0.800000131 8.28034687 0
vt 0.600000322 8.28034687 0
vt 0.400000155 8.28034687 0
vt 0.200000107 8.28034687 0
vt 0 8.28034687 0
vt 1 11.9687948 0
vt 0.800000131 11.9687948 0
vt 0.600000322 11.9687948 0
vt 0.400000155 11.9687948 0
vt 0.200000107 11.9687948 0
vt 0 11.9687948 0
vt 1 16.5384235 0
vt 0.800000131 16.5384235 0
vt 0.600000322 16.5384235 0
vt 0.400000155 16.5384235 0
vt 0.200000107 16.5384235 0
vt 0 16.5384235 0
vt 1 22.8162537 0
vt 0.800000131 22.8162537 0
vt 0.600000322 22.8162537 0
vt 0.400000155 22.8162537 0
vt 0.200000107 22.8162537 0
vt 0 22.8162537 0
vt 1 33 0
vt 0.800000131 33 0
vt 0.600000322 33 0
vt 0.400000155 33 0
vt 0.200000107 33 0
vt 0 33 0
vt 0.884085357 0.320057601 0
vt 0.999999344 0.158025771 0
vt 0.799999952 0.219698027 0
vt 0.874557018 0.281475991 0
vt 0.599999666 0.719099641 0
vt 0.799999893 0.219698027 0
vt 0.446163118 0.99240011 0
vt 0.532699585 0.975896358 0
vt 0.552976668 0.843484282 0
vt 0.600000262 0.719099581 0
vt 0.400000483 0.987427771 0
vt 0.244133234 0.377234906 0
vt 0.393624425 0.966766298 0
vt 0.400000453 0.987427711 0
vt 0.199999928 0.24187623 0
vt 5.08879793e-07 0.158025771 0
vt 0.0385672264 0.222326368 0
vt 0.0630005002 0.257908851 0
vt 0.190297306 0.245996594 0
vt 0.200000003 0.241876245 0
vt 1 1.09086204 0
vt 1 2.3474052 0
vt 0.800000131 2.3474052 0
vt 0.800000131 1.09086204 0
vt 0.600000322 2.3474052 0
vt 0.600000322 1.09086204 0
vt 0.400000155 2.3474052 0
vt 0.400000155 1.09086204 0
vt 0.200000107 2.3474052 0
vt 0.200000107 1.09086204 0
vt 0 2.3474052 0
vt 0 1.09086204 0
vt 1 3.80476022 0
vt 0.800000131 3.80476022 0
vt 0.600000322 3.80476022 0
vt 0.400000155 3.80476022 0
vt 0.200000107 3.80476022 0
vt 0 3.80476022 0
vt 1 5.5054636 0
vt 0.800000131 5.5054636 0
vt 0.600000322 5.5054636 0
vt 0.400000155 5.5054636 0
vt 0.200000107 5.5054636 0
vt 0 5.5054636 0
vt 1 7.43871021 0
vt 0.800000131 7.43871021 0
vt 0.600000322 7.43871021 0
vt 0.400000155 7.43871021 0
vt 0.200000107 7.43871021 0
vt 0 7.43871021 0
vt 1 9.64168167 0
vt 0.800000131 9.64168167 0
vt 0.600000322 9.64168167 0
vt 0.400000155 9.64168167 0
vt 0.200000107 9.64168167 0
vt 0 9.64168167 0
vt 1 12.1448851 0
vt 0.800000131 12.1448851 0
vt 0.600000322 12.1448851 0
vt 0.400000155 12.1448851 0
vt 0.200000107 12.1448851 0
vt 0 12.1448851 0
vt 1 15.0728874 0
vt 0.800000131 15.0728874 0
vt 0.600000322 15.0728874 0
vt 0.400000155 15.0728874 0
vt 0.200000107 15.0728874 0
vt 0 15.0728874 0
vt 1 18.7227955 0
vt 0.800000131 18.7227955 0
vt 0.600000322 18.7227955 0
vt 0.400000155 18.7227955 0
vt 0.200000107 18.7227955 0
vt 0 18.7227955 0
vt 0.945617557 0.147628725 0
vt 0.98315382 0.140763402 0
vt 0.989791334 0.136544466 0
vt 1.00000012 0.132615894 0
vt 0.800000131 0.15679583 0
vt 0.60000062 0.255630285 0
vt 0.800000191 0.156795815 0
vt 0.438552529 0.292345971 0
vt 0.549707711 0.279484808 0
vt 0.580254316 0.259647965 0
vt 0.600000322 0.255630285 0
vt 0.400000125 0.261614293 0
vt 0.40778169 0.279543161 0
vt 0.200000077 0.12354061 0
vt 0.400000244 0.261614293 0
vt 0.15218614 0.193035886 0
vt 0.158185393 0.192134127 0
vt 0.200000092 0.12354061 0
vt 2.22044724e-17 1.09086204 0
vt -1.41578482e-07 0.132615894 0
vt 0.0628516153 0.161054015 0
vt 1 1.24649072 0
vt 1 2.66983509 0
vt 0.800000131 2.66983509 0
vt 0.800000131 1.24649072 0
vt 0.600000322 2.66983509 0
vt 0.600000322 1.24649072 0
vt 0.400000155 2.66983509 0
vt 0.400000155 1.24649072 0
vt 0.200000107 2.66983509 0
vt 0.200000107 1.24649072 0
vt 0 2.66983509 0
vt 0 1.24649072 0
vt 1 4.34955883 0
vt 0.800000131 4.34955883 0
vt 0.600000322 4.34955883 0
vt 0.400000155 4.34955883 0
vt 0.200000107 4.34955883 0
vt 0 4.34955883 0
vt 1 6.39681673 0
vt 0.800000131 6.39681673 0
vt 0.600000322 6.39681673 0
vt 0.400000155 6.39681673 0
vt 0.200000107 6.39681673 0
vt 0 6.39681673 0
vt 1 8.90900421 0
vt 0.800000131 8.90900421 0
vt 0.600000322 8.90900421 0
vt 0.400000155 8.90900421 0
vt 0.200000107 8.90900421 0
vt 0 8.90900421 0
vt 1 12.0158348 0
vt 0.800000131 12.0158348 0
vt 0.600000322 12.0158348 0
vt 0.400000155 12.0158348 0
vt 0.200000107 12.0158348 0
vt 0 12.0158348 0
vt 1 16.038063 0
vt 0.800000131 16.038063 0
vt 0.600000322 16.038063 0
vt 0.400000155 16.038063 0
vt 0.200000107 16.038063 0
vt 0 16.038063 0
vt 0.80000025 0.106142834 0
vt 0.823693752 0.115353495 0
vt 0.914569676 0.13668637 0
vt 0.954844773 0.117644764 0
vt 0.999999762 0.0818767324 0
vt 0.751398444 0.134079278 0
vt 0.80000025 0.106142826 0
vt 0.60000056 0.196048379 0
vt 0.400000155 0.353183866 0
vt 0.433016688 0.33362323 0
vt 0.534856856 0.271403879 0
vt 0.544577777 0.264125228 0
vt 0.600000441 0.196048379 0
vt 0.245491341 0.183626711 0
vt 0.252017558 0.207728386 0
vt 0.375652492 0.33355701 0
vt 0.395370066 0.351140648 0
vt 0.398794562 0.352812827 0
vt 0.400000364 0.353183866 0
vt 0.200000271 0.108647913 0
vt 0.115199529 0.0897010267 0
vt 0.200000182 0.10864792 0
vt 6.41963094e-10 0.081876725 0
vt 0.0883352831 0.113393784 0
vt 1 1.57937467 0
vt 1 3.40423512 0
vt 0.800000131 3.40423512 0
vt 0.800000131 1.57937467 0
vt 0.600000322 3.40423512 0
vt 0.600000322 1.57937467 0
vt 0.400000155 3.40423512 0
vt 0.400000155 1.57937467 0
vt 0.200000107 3.40423512 0
vt 0.200000107 1.57937467 0
vt 0 3.40423512 0
vt 0 1.57937467 0
vt 1 5.60628319 0
vt 0.800000131 5.60628319 0
vt 0.600000322 5.60628319 0
vt 0.400000155 5.60628319 0
vt 0.200000107 5.60628319 0
vt 0 5.60628319 0
vt 1 8.35571766 0
vt 0.800000131 8.35571766 0
vt 0.600000322 8.35571766 0
vt 0.400000155 8.35571766 0
vt 0.200000107 8.35571766 0
vt 0 8.35571766 0
vt 1 11.7555008 0
vt 0.800000131 11.7555008 0
vt 0.600000322 11.7555008 0
vt 0.400000155 11.7555008 0
vt 0.200000107 11.7555008 0
vt 0 11.7555008 0
vt 1 15.9294453 0
vt 0.800000131 15.9294453 0
vt 0.600000322 15.9294453 0
vt 0.400000155 15.9294453 0
vt 0.200000107 15.9294453 0
vt 0 15.9294453 0
vt 1 21.2757282 0
vt 0.800000131 21.2757282 0
vt 0.600000322 21.2757282 0
vt 0.400000155 21.2757282 0
vt 0.200000107 21.2757282 0
vt 0 21.2757282 0
vt 1 29 0
vt 0.800000131 29 0
vt 0.600000322 29 0
vt 0.400000155 29 0
vt 0.200000107 29 0
vt 0 29 0
vt 0.799999595 0.201710239 0
vt 0.816815794 0.198851883 0
vt 0.99999994 0.134896174 0
vt 0.599999666 0.433335394 0
vt 0.668986499 0.410222113 0
vt 0.676223993 0.401911527 0
vt 0.737272263 0.307935685 0
vt 0.793938756 0.214600757 0
vt 0.799999475 0.201710299 0
vt 0.403920084 0.178814843 0
vt 0.402734995 0.192527384 0
vt 0.46019575 0.284837067 0
vt 0.507041037 0.371968806 0
vt 0.514078856 0.37251395 0
vt 0.600000322 0.433335423 0
vt 0.400000364 0.165653914 0
vt 0.200000808 0.096979849 0
vt 0.393609256 0.185165092 0
vt 0.390330166 0.16514945 0
vt 0.399999857 0.165653899 0
vt 0.0225497056 0.166487157 0
vt 0.0533608608 0.166264594 0
vt 0.164050922 0.139699116 0
vt 0.189537898 0.109534726 0
vt 0.20000042 0.0969798565 0
vt 2.22044724e-17 1.57937467 0
vt 4.30548198e-07 0.134896174 0
vt 1 1.78839576 0
vt 1 3.83759475 0
vt 0.800000131 3.83759475 0
vt 0.800000131 1.78839576 0
vt 0.600000322 3.83759475 0
vt 0.600000322 1.78839576 0
vt 0.400000155 3.83759475 0
vt 0.400000155 1.78839576 0
vt 0.200000107 3.83759475 0
vt 0.200000107 1.78839576 0
vt 0 3.83759475 0
vt 0 1.78839576 0
vt 1 6.26764727 0
vt 0.800000131 6.26764727 0
vt 0.600000322 6.26764727 0
vt 0.400000155 6.26764727 0
vt 0.200000107 6.26764727 0
vt 0 6.26764727 0
vt 1 9.27622223 0
vt 0.800000131 9.27622223 0
vt 0.600000322 9.27622223 0
vt 0.400000155 9.27622223 0
vt 0.200000107 9.27622223 0
vt 0 9.27622223 0
vt 1 12.992877 0
vt 0.800000131 12.992877 0
vt 0.600000322 12.992877 0
vt 0.400000155 12.992877 0
vt 0.200000107 12.992877 0
vt 0 12.992877 0
vt 1 17.5094242 0
vt 0.800000131 17.5094242 0
vt 0.600000322 17.5094242 0
vt 0.400000155 17.5094242 0
vt 0.200000107 17.5094242 0
vt 0 17.5094242 0
vt 1 23.334713 0
vt 0.800000131 23.334713 0
vt 0.600000322 23.334713 0
vt 0.400000155 23.334713 0
vt 0.200000107 23.334713 0
vt 0 23.334713 0
vt 1 32 0
vt 0.800000131 32 0
vt 0.600000322 32 0
vt 0.400000155 32 0
vt 0.200000107 32 0
vt 0 32 0
vt 0.800000727 0.0407573469 0
vt 0.826405406 0.0981655344 0
vt 0.849974155 0.10052941 0
vt 0.9609887 0.0866481587 0
vt 0.987650335 0.0439531095 0
vt 1.00000048 0.0354198851 0
vt 0.631087005 0.317007065 0
vt 0.800000668 0.0407573171 0
vt 0.599999547 0.377894223 0
vt 0.467549473 0.548375785 0
vt 0.476295918 0.533662617 0
vt 0.581204355 0.449001729 0
vt 0.583612084 0.439404279 0
vt 0.600000083 0.377894223 0
vt 0.400000006 0.574239612 0
vt 0.201116517 0.333648324 0
vt 0.203898758 0.344693512 0
vt 0.222738594 0.374707967 0
vt 0.399999768 0.574239612 0
vt 0.199999481 0.326485485 0
vt -5.75435479e-07 0.0354199 0
vt 0.196491361 0.332980216 0
vt 0.199210107 0.33006382 0
vt 0.199999839 0.326485485 0
vt 1 2.58903265 0
vt 1 5.5829401 0
vt 0.800000131 5.5829401 0
vt 0.800000131 2.58903265 0
vt 0.600000322 5.5829401 0
vt 0.600000322 2.58903265 0
vt 0.400000155 5.5829401 0
vt 0.400000155 2.58903265 0
vt 0.200000107 5.5829401 0
vt 0.200000107 2.58903265 0
vt 0 5.5829401 0
vt 0 2.58903265 0
vt 1 9.15826511 0
vt 0.800000131 9.15826511 0
vt 0.600000322 9.15826511 0
vt 0.400000155 9.15826511 0
vt 0.200000107 9.15826511 0
vt 0 9.15826511 0
vt 1 13.5938711 0
vt 0.800000131 13.5938711 0
vt 0.600000322 13.5938711 0
vt 0.400000155 13.5938711 0
vt 0.200000107 13.5938711 0
vt 0 13.5938711 0
vt 1 19.2081928 0
vt 0.800000131 19.2081928 0
vt 0.600000322 19.2081928 0
vt 0.400000155 19.2081928 0
vt 0.200000107 19.2081928 0
vt 0 19.2081928 0
vt 1 26.5534992 0
vt 0.800000131 26.5534992 0
vt 0.600000322 26.5534992 0
vt 0.400000155 26.5534992 0
vt 0.200000107 26.5534992 0
vt 0 26.5534992 0
vt 0.799999475 0.63429004 0
vt 0.886986017 0.45732975 0
vt 1.0000006 0.217279017 0
vt 0.60000062 0.886094689 0
vt 0.675258577 0.815477967 0
vt 0.697394848 0.798084915 0
vt 0.799999774 0.63429004 0
vt 0.404075921 0.450137615 0
vt 0.537846446 0.80992502 0
vt 0.554145277 0.825333297 0
vt 0.599999905 0.886094689 0
vt 0.400000036 0.439723015 0
vt 0.235194966 0.270745844 0
vt 0.255282551 0.292287529 0
vt 0.400000274 0.439723015 0
vt 0.199999899 0.20326966 0
vt 0.109455846 0.24424845 0
vt 0.200000107 0.20326966 0
vt 2.22044724e-17 2.58903265 0
vt 3.73103802e-07 0.217279032 0
vt 0.0927469432 0.256839424 0
vt 1 0.917375982 0
vt 1 1.94895363 0
vt 0.800000131 1.94895363 0
vt 0.800000131 0.917375982 0
vt 0.600000322 1.94895363 0
vt 0.600000322 0.917375982 0
vt 0.400000155 1.94895363 0
vt 0.400000155 0.917375982 0
vt 0.200000107 1.94895363 0
vt 0.200000107 0.917375982 0
vt 0 1.94895363 0
vt 0 0.917375982 0
vt 1 3.12577105 0
vt 0.800000131 3.12577105 0
vt 0.600000322 3.12577105 0
vt 0.400000155 3.12577105 0
vt 0.200000107 3.12577105 0
vt 0 3.12577105 0
vt 1 4.48475933 0
vt 0.800000131 4.48475933 0
vt 0.600000322 4.48475933 0
vt 0.400000155 4.48475933 0
vt 0.200000107 4.48475933 0
vt 0 4.48475933 0
vt 1 6.05683565 0
vt 0.800000131 6.05683565 0
vt 0.600000322 6.05683565 0
vt 0.400000155 6.05683565 0
vt 0.200000107 6.05683565 0
vt 0 6.05683565 0
vt 1 7.86285734 0
vt 0.800000131 7.86285734 0
vt 0.600000322 7.86285734 0
vt 0.400000155 7.86285734 0
vt 0.200000107 7.86285734 0
vt 0 7.86285734 0
vt 1 9.93292427 0
vt 0.800000131 9.93292427 0
vt 0.600000322 9.93292427 0
vt 0.400000155 9.93292427 0
vt 0.200000107 9.93292427 0
vt 0 9.93292427 0
vt 1 12.3800726 0
vt 0.800000131 12.3800726 0
vt 0.600000322 12.3800726 0
vt 0.400000155 12.3800726 0
vt 0.200000107 12.3800726 0
vt 0 12.3800726 0
vt 1 15.4932575 0
vt 0.800000131 15.4932575 0
vt 0.600000322 15.4932575 0
vt 0.400000155 15.4932575 0
vt 0.200000107 15.4932575 0
vt 0 15.4932575 0
vt 1 19.9999981 0
vt 0.800000131 19.9999981 0
vt 0.600000322 19.9999981 0
vt 0.400000155 19.9999981 0
vt 0.200000107 19.9999981 0
vt 0 19.9999981 0
vt 0.800000012 0.103950717 0
vt 0.824863017 0.130324751 0
vt 0.831412673 0.137434855 0
vt 0.945428789 0.150617436 0
vt 0.956245959 0.151231021 0
vt 1.00000012 0.131620526 0
vt 0.640870512 0.0660735369 0
vt 0.644571781 0.0939019993 0
vt 0.799999893 0.103950739 0
vt 0.600000322 0 0
vt 0.607051075 -1.01014422e-07 0
vt 0.500919938 0.191087082 0
vt 0.577232063 0.113118596 0
vt 0.579758584 0.0756907314 0
vt 0.596963882 1.34900278e-08 0
vt 0.400000215 0.252418756 0
vt 0.45875138 0.235074565 0
vt 0.200000212 0.178412899 0
vt 0.303858101 0.234795362 0
vt 0.367356569 0.246013254 0
vt 0.399999917 0.252418756 0
vt -7.4036258e-08 0.131620541 0
vt 0.200000256 0.178412899 0
vt 1 1.36113966 0
vt 1 2.91248155 0
vt 0.800000131 2.91248155 0
vt 0.800000131 1.36113966 0
vt 0.600000322 2.91248155 0
vt 0.600000322 1.36113966 0
vt 0.400000155 2.91248155 0
vt 0.400000155 1.36113966 0
vt 0.200000107 2.91248155 0
vt 0.200000107 1.36113966 0
vt 0 2.91248155 0
vt 0 1.36113966 0
vt 1 4.7414875 0
vt 0.800000131 4.7414875 0
vt 0.600000322 4.7414875 0
vt 0.400000155 4.7414875 0
vt 0.200000107 4.7414875 0
vt 0 4.7414875 0
vt 1 6.98918867 0
vt 0.800000131 6.98918867 0
vt 0.600000322 6.98918867 0
vt 0.400000155 6.98918867 0
vt 0.200000107 6.98918867 0
vt 0 6.98918867 0
vt 1 9.72072315 0
vt 0.800000131 9.72072315 0
vt 0.600000322 9.72072315 0
vt 0.400000155 9.72072315 0
vt 0.200000107 9.72072315 0
vt 0 9.72072315 0
vt 1 12.9169617 0
vt 0.800000131 12.9169617 0
vt 0.600000322 12.9169617 0
vt 0.400000155 12.9169617 0
vt 0.200000107 12.9169617 0
vt 0 12.9169617 0
vt 1 16.6475697 0
vt 0.800000131 16.6475697 0
vt 0.600000322 16.6475697 0
vt 0.400000155 16.6475697 0
vt 0.200000107 16.6475697 0
vt 0 16.6475697 0
vt 1 21.2990437 0
vt 0.800000131 21.2990437 0
vt 0.600000322 21.2990437 0
vt 0.400000155 21.2990437 0
vt 0.200000107 21.2990437 0
vt 0 21.2990437 0
vt 0.804116309 -3.24536131e-07 0
vt 0.801956654 0.0364588164 0
vt 0.815079153 0.0848456249 0
vt 0.883607864 0.164772093 0
vt 0.930739701 0.133000866 0
vt 0.999999702 0.0960710272 0
vt 0.600000322 0.38003999 0
vt 0.623144686 0.347014874 0
vt 0.763358235 0.124853164 0
vt 0.794105351 0.0442400351 0
vt 0.785257101 1.97068189e-07 0
vt 0.400000215 0.421468049 0
vt 0.447541296 0.457585424 0
vt 0.456293821 0.451740831 0
vt 0.576512098 0.426126808 0
vt 0.580498099 0.41864571 0
vt 0.600000203 0.38004002 0
vt 0.217955679 0.175682232 0
vt 0.351055413 0.347330332 0
vt 0.400000036 0.421468049 0
vt 0.200000286 0.146773264 0
vt 6.3732422e-08 0.0960710049 0
vt 0.050132066 0.135722473 0
vt 0.0874670669 0.139741331 0
vt 0.19291833 0.150871202 0
vt 0.200000167 0.146773264 0
vt 1 1.5401597 0
vt 1 3.27928233 0
vt 0.800000131 3.27928233 0
vt 0.800000131 1.5401597 0
vt 0.600000322 3.27928233 0
vt 0.600000322 1.5401597 0
vt 0.400000155 3.27928233 0
vt 0.400000155 1.5401597 0
vt 0.200000107 3.27928233 0
vt 0.200000107 1.5401597 0
vt 0 3.27928233 0
vt 0 1.5401597 0
vt 1 5.270257 0
vt 0.800000131 5.270257 0
vt 0.600000322 5.270257 0
vt 0.400000155 5.270257 0
vt 0.200000107 5.270257 0
vt 0 5.270257 0
vt 1 7.58049107 0
vt 0.800000131 7.58049107 0
vt 0.600000322 7.58049107 0
vt 0.400000155 7.58049107 0
vt 0.200000107 7.58049107 0
vt 0 7.58049107 0
vt 1 10.334692 0
vt 0.800000131 10.334692 0
vt 0.600000322 10.334692 0
vt 0.400000155 10.334692 0
vt 0.200000107 10.334692 0
vt 0 10.334692 0
vt 1 13.7792425 0
vt 0.800000131 13.7792425 0
vt 0.600000322 13.7792425 0
vt 0.400000155 13.7792425 0
vt 0.200000107 13.7792425 0
vt 0 13.7792425 0
vt 1 18.5772247 0
vt 0.800000131 18.5772247 0
vt 0.600000322 18.5772247 0
vt 0.400000155 18.5772247 0
vt 0.200000107 18.5772247 0
vt 0 18.5772247 0
vt 1 26.0000019 0
vt 0.800000131 26.0000019 0
vt 0.600000322 26.0000019 0
vt 0.400000155 26.0000019 0
vt 0.200000107 26.0000019 0
vt 0 26.0000019 0
vt 0.800000191 0.631173015 0
vt 1.00000036 0.135813624 0
vt 0.60000062 0.696792305 0
vt 0.646564543 0.801955998 0
vt 0.699917614 0.784315825 0
vt 0.764989972 0.713191986 0
vt 0.797995567 0.63409692 0
vt 0.440023243 0.283526599 0
vt 0.552747369 0.568821371 0
vt 0.600000441 0.696792245 0
vt 0.400000304 0.081929557 0
vt 0.238884643 0.20965293 0
vt 0.251376748 0.228663772 0
vt 0.368663877 0.1632725 0
vt 0.381797612 0.171390638 0
vt 0.400000453 0.0819295496 0
vt 0.200000033 0.119762018 0
vt 0.0906589031 0.141703352 0
vt 0.0963553488 0.146142825 0
vt 0.200000212 0.119762018 0
vt 1.68486256e-08 0.135813624 0
vt 1 1.96887529 0
vt 0.800000131 1.96887529 0
vt 0.600000322 1.96887529 0
vt 0.600000739 0.666368902 0
vt 0.639876485 0.566619456 0
vt 0.690979064 0.340544105 0
vt 0.788006425 -1.48980087e-06 0
vt 1 4.18863869 0
vt 0.800000131 4.18863869 0
vt 0.600000322 4.18863869 0
vt 0.400000155 4.18863869 0
vt 0.400000155 1.96887529 0
vt 0.200000107 4.18863869 0
vt 0.200000107 1.96887529 0
vt 0 4.18863869 0
vt 0 1.96887529 0
vt 1 6.73226643 0
vt 0.800000131 6.73226643 0
vt 0.600000322 6.73226643 0
vt 0.400000155 6.73226643 0
vt 0.200000107 6.73226643 0
vt 0 6.73226643 0
vt 1 9.75893688 0
vt 0.800000131 9.75893688 0
vt 0.600000322 9.75893688 0
vt 0.400000155 9.75893688 0
vt 0.200000107 9.75893688 0
vt 0 9.75893688 0
vt 1 13.4380941 0
vt 0.800000131 13.4380941 0
vt 0.600000322 13.4380941 0
vt 0.400000155 13.4380941 0
vt 0.200000107 13.4380941 0
vt 0 13.4380941 0
vt 1 17.8596382 0
vt 0.800000131 17.8596382 0
vt 0.600000322 17.8596382 0
vt 0.400000155 17.8596382 0
vt 0.200000107 17.8596382 0
vt 0 17.8596382 0
vt 1 23.2390976 0
vt 0.800000131 23.2390976 0
vt 0.600000322 23.2390976 0
vt 0.400000155 23.2390976 0
vt 0.200000107 23.2390976 0
vt 0 23.2390976 0
vt 1 30.154974 0
vt 0.800000131 30.154974 0
vt 0.600000322 30.154974 0
vt 0.400000155 30.154974 0
vt 0.200000107 30.154974 0
vt 0 30.154974 0
vt 1 40 0
vt 0.800000131 40 0
vt 0.600000322 40 0
vt 0.400000155 40 0
vt 0.200000107 40 0
vt 0 40 0
vt 0.4554995 0.716684639 0
vt 0.50775218 0.790322483 0
vt 0.571826935 0.670665622 0
vt 0.600000262 0.666368902 0
vt 0.400000453 0.605839312 0
vt 0.200000346 0.0455226302 0
vt 0.400000513 0.605839372 0
vt 0.0762658715 0.0143991439 0
vt 0.182266757 0.0538942888 0
vt 0.200000182 0.0455226228 0
vt 0.071844697 -9.45090505e-07 0
vt 0 1.03179896 0
vt 4.25442181e-07 0.102502048 0
vt 0.0338982865 0.123677738 0
vt 0.116149753 0.108705096 0
vt 0.163131312 0.0915914774 0
vt 0.165193886 3.22269841e-07 0
vt 0.200000107 1.03179896 0
vt 1 1.03179896 0
vt 1 2.35760093 0
vt 0.800000131 2.35760093 0
vt 0.800000131 1.03179896 0
vt 0.600000322 2.35760093 0
vt 0.600000322 1.03179896 0
vt 0.400000155 2.35760093 0
vt 0.400000155 1.03179896 0
vt 0.200000107 2.35760093 0
vt 0 2.35760093 0
vt 1 4.29250288 0
vt 0.800000131 4.29250288 0
vt 0.600000322 4.29250288 0
vt 0.400000155 4.29250288 0
vt 0.200000107 4.29250288 0
vt 0 4.29250288 0
vt 0.800000131 8 0
vt 0.600000322 8 0
vt 0.400000155 8 0
vt 0.200000107 8 0
vt 0.899739563 0.139776602 0
vt 0.980896533 0.108893469 0
vt 0.999999762 0.102502078 0
vt 0.800000072 0.103382699 0
vt 0.855138004 0.133375645 0
vt 0.600000739 0.25669685 0
vt 0.799999952 0.103382699 0
vt 0.474494219 0.334932059 0
vt 0.561618984 0.287184864 0
vt 0.600000441 0.25669688 0
vt 0.400000066 0.347434133 0
vt 0.440093458 0.338313013 0
vt 0.22346054 -8.41012771e-09 0
vt 0.22783868 0.0471254885 0
vt 0.226507232 0.129047945 0
vt 0.281837165 0.230886176 0
vt 0.324797928 0.302093029 0
vt 0.400000453 0.347434133 0
vt 0.600000322 3.71565485 0
vt 0.599998772 0.127162069 0
vt 0.725093603 -9.75485932e-07 0
vt 0.800000131 3.71565485 0
vt 1 3.71565485 0
vt 1 8.52348042 0
vt 0.800000131 8.52348042 0
vt 0.600000322 8.52348042 0
vt 0.400000155 8.52348042 0
vt 0.400000155 3.71565485 0
vt 0.200000107 8.52348042 0
vt 0.200000107 3.71565485 0
vt 0 8.52348042 0
vt 0 3.71565485 0
vt 1 15.4052114 0
vt 0.800000131 15.4052114 0
vt 0.600000322 15.4052114 0
vt 0.400000155 15.4052114 0
vt 0.200000107 15.4052114 0
vt 0 15.4052114 0
vt 1 27.9999981 0
vt 0.800000131 27.9999981 0
vt 0.600000322 27.9999981 0
vt 0.400000155 27.9999981 0
vt 0.200000107 27.9999981 0
vt 0 27.9999981 0
vt 0.837412834 1.31253103e-06 0
vt 0.887623847 0.127022356 0
vt 0.910384297 0.150546446 0
vt 0.999999344 0.140490621 0
vt 0.517022491 0.363655776 0
vt 0.577686369 0.170782909 0
vt 0.60000056 0.127162114 0
vt 0.400000215 0.457301855 0
vt 0.485930145 0.4145298 0
vt 0.294188321 0.38577643 0
vt 0.399999022 0.457301676 0
vt 0.200001016 0.35265854 0
vt 1.00838611e-06 0.140490547 0
vt 0.124902174 0.252429992 0
vt 0.200000867 0.352658659 0
vt 0.600000322 1.21127665 0
vt 0.600000918 0.112606786 0
vt 0.693044543 0.103280425 0
vt 0.781585217 0.107106887 0
vt 0.604302466 4.91932951e-07 0
vt 0.800000131 1.21127665 0
vt 1 1.21127665 0
vt 1 2.73775196 0
vt 0.800000131 2.73775196 0
vt 0.600000322 2.73775196 0
vt 0.400000155 2.73775196 0
vt 0.400000155 1.21127665 0
vt 0.200000107 2.73775196 0
vt 0.200000107 1.21127665 0
vt 0 2.73775196 0
vt 0 1.21127665 0
vt 1 4.9476285 0
vt 0.800000131 4.9476285 0
vt 0.600000322 4.9476285 0
vt 0.400000155 4.9476285 0
vt 0.200000107 4.9476285 0
vt 0 4.9476285 0
vt 1 8.06549835 0
vt 0.800000131 8.06549835 0
vt 0.600000322 8.06549835 0
vt 0.400000155 8.06549835 0
vt 0.200000107 8.06549835 0
vt 0 8.06549835 0
vt 0.941309094 0.268931121 0
vt 0.999999523 0.295655549 0
vt 0.828833103 5.27947066e-07 0
vt 0.822858751 0.0139241219 0
vt 0.838003278 0.0811832622 0
vt 0.803440332 0.108333588 0
vt 0.838240743 0.158919081 0
vt 0.881726503 0.23833093 0
vt 0.570001423 0.163440943 0
vt 0.600000322 0.112606794 0
vt 0.400000125 0.182271928 0
vt 0.43206349 0.22882542 0
vt 0.4434973 0.237341568 0
vt 0.555631757 0.168802544 0
vt 0.255735666 0.154816896 0
vt 0.399999797 0.182271823 0
vt 0.199999794 0.131720319 0
vt 0.226766229 0.13424702 0
vt 0.0396480225 0.305505812 0
vt 0.0917590111 0.269056976 0
vt 0.167726964 0.175756648 0
vt 0.186629683 0.139390796 0
vt 0.199999899 0.13172026 0
vt 2.79846745e-07 0.295655489 0
vt 0.600000322 1.07835472 0
vt 0.600000501 0.287279338 0
vt 0.640853465 0.241371498 0
vt 0.695493162 0.148390546 0
vt 0.768585145 1.48043577e-08 0
vt 0.800000131 1.07835472 0
vt 1 1.07835472 0
vt 1 2.45004559 0
vt 0.800000131 2.45004559 0
vt 0.600000322 2.45004559 0
vt 0.400000155 2.45004559 0
vt 0.400000155 1.07835472 0
vt 0.200000107 2.45004559 0
vt 0.200000107 1.07835472 0
vt 0 2.45004559 0
vt 0 1.07835472 0
vt 1 4.39744854 0
vt 0.800000131 4.39744854 0
vt 0.600000322 4.39744854 0
vt 0.400000155 4.39744854 0
vt 0.200000107 4.39744854 0
vt 0 4.39744854 0
vt 0.874989629 3.25636655e-08 0
vt 0.89638108 0.0192442145 0
vt 0.913501859 0.0281323772 0
vt 1.00000012 0.000790479651 0
vt 0.460722864 0.362006485 0
vt 0.497005343 0.357459575 0
vt 0.558103085 0.301749915 0
vt 0.599999964 0.287279338 0
vt 0.400000423 0.302075595 0
vt 0.308150798 0.214283898 0
vt 0.400000423 0.302075624 0
vt 0.200000212 0.0820799321 0
vt 1.43754884e-08 0.000790481514 0
vt 0.0457973033 0.0440138616 0
vt 0.066519171 0.0757762641 0
vt 0.133012369 0.12543042 0
vt 0.177869141 0.109053507 0
vt 0.200000048 0.0820799395 0
vt 0.200000107 1.11307824 0
vt 0.200000569 0.0465263613 0
vt 0.236366585 0.0345097408 0
vt 0.297152758 0.0148720322 0
vt 0.291811675 -4.08324263e-09 0
vt 0.400000155 0 0
vt 0.400000155 1.11307824 0
vt 1 1.11307824 0
vt 1 2.55539346 0
vt 0.800000131 2.55539346 0
vt 0.800000131 1.11307824 0
vt 0.600000322 2.55539346 0
vt 0.600000322 1.11307824 0
vt 0.400000155 2.55539346 0
vt 0.200000107 2.55539346 0
vt 0 2.55539346 0
vt 0 1.11307824 0
vt 1 4.52997541 0
vt 0.800000131 4.52997541 0
vt 0.600000322 4.52997541 0
vt 0.400000155 4.52997541 0
vt 0.200000107 4.52997541 0
vt 0 4.52997541 0
vt 1 7.36461592 0
vt 0.800000131 7.36461592 0
vt 0.600000322 7.36461592 0
vt 0.400000155 7.36461592 0
vt 0.200000107 7.36461592 0
vt 0 7.36461592 0
vt 0.800000131 0.152458861 0
vt 0.867028534 0.172496185 0
vt 1.00000024 0.137858465 0
vt 0.599999964 0.271969289 0
vt 0.605763078 0.275972337 0
vt 0.626715899 0.29429552 0
vt 0.713176608 0.232339621 0
vt 0.777355313 0.203645825 0
vt 0.800000191 0.152458847 0
vt 0.516359508 0.197522223 0
vt 0.600000262 0.271969318 0
vt 0.452780396 2.03585078e-08 0
vt 0.442087203 0.0591108985 0
vt 0.48557198 0.139882624 0
vt -2.79566194e-07 0.13785848 0
vt 0.0575638972 0.150714278 0
vt 0.100071602 0.174242958 0
vt 0.138905182 0.127185017 0
vt 0.168637604 0.0966427922 0
vt 0.20000048 0.0465264991 0
vt 0 1.10801518 0
vt 1.49827272e-07 0.0985701233 0
vt 0.0985888615 0.0878590196 0
vt 0.170013934 0.0699200481 0
vt 0.17910412 1.95254273e-07 0
vt 0.200000107 1.10801518 0
vt 1 1.10801518 0
vt 1 2.45561266 0
vt 0.800000131 2.45561266 0
vt 0.800000131 1.10801518 0
vt 0.600000322 2.45561266 0
vt 0.600000322 1.10801518 0
vt 0.400000155 2.45561266 0
vt 0.400000155 1.10801518 0
vt 0.200000107 2.45561266 0
vt 0 2.45561266 0
vt 1 4.16831923 0
vt 0.800000131 4.16831923 0
vt 0.600000322 4.16831923 0
vt 0.400000155 4.16831923 0
vt 0.200000107 4.16831923 0
vt 0 4.16831923 0
vt 1 6.34724045 0
vt 0.800000131 6.34724045 0
vt 0.600000322 6.34724045 0
vt 0.400000155 6.34724045 0
vt 0.200000107 6.34724045 0
vt 0 6.34724045 0
vt 1 9.2643404 0
vt 0.800000131 9.2643404 0
vt 0.600000322 9.2643404 0
vt 0.400000155 9.2643404 0
vt 0.200000107 9.2643404 0
vt 0 9.2643404 0
vt 0.800000131 14 0
vt 0.600000322 14 0
vt 0.400000155 14 0
vt 0.200000107 14 0
vt 0.848974347 0.125218883 0
vt 0.934809148 0.115598284 0
vt 0.98018986 0.113867149 0
vt 0.999999762 0.0985701308 0
vt 0.799999654 0.0952402502 0
vt 0.807727993 0.101061538 0
vt 0.599999964 0.142757535 0
vt 0.799999475 0.09524028 0
vt 0.467565417 0.204602331 0
vt 0.520084441 0.20034416 0
vt 0.58708936 0.153043121 0
vt 0.600000381 0.14275752 0
vt 0.400000155 0.215239778 0
vt 0.223649263 0.0843137428 0
vt 0.305327922 0.155133426 0
vt 0.380666763 0.209826589 0
vt 0.400000602 0.215239808 0
vt 0.216590524 1.64320522e-08 0
vt 0.217169836 0.000999096083 0
vt 0.600000322 1.45429838 0
vt 0.600000143 0.399490267 0
vt 0.62508899 0.383976728 0
vt 0.732177556 0.355561227 0
vt 0.751164377 0.278113246 0
vt 0.780701995 0.124972962 0
vt 0.781930983 0.0712060556 0
vt 0.791769683 -4.39299498e-07 0
vt 0.800000131 1.45429838 0
vt 1 1.45429838 0
vt 1 3.19695973 0
vt 0.800000131 3.19695973 0
vt 0.600000322 3.19695973 0
vt 0.400000155 3.19695973 0
vt 0.400000155 1.45429838 0
vt 0.200000107 3.19695973 0
vt 0.200000107 1.45429838 0
vt 0 3.19695973 0
vt 0 1.45429838 0
vt 1 5.34731865 0
vt 0.800000131 5.34731865 0
vt 0.600000322 5.34731865 0
vt 0.400000155 5.34731865 0
vt 0.200000107 5.34731865 0
vt 0 5.34731865 0
vt 1 8.24608898 0
vt 0.800000131 8.24608898 0
vt 0.600000322 8.24608898 0
vt 0.400000155 8.24608898 0
vt 0.200000107 8.24608898 0
vt 0 8.24608898 0
vt 1 12.3834572 0
vt 0.800000131 12.3834572 0
vt 0.600000322 12.3834572 0
vt 0.400000155 12.3834572 0
vt 0.200000107 12.3834572 0
vt 0 12.3834572 0
vt 0.842819631 0.0341797844 0
vt 0.844151974 0.0793789402 0
vt 0.928199291 0.180187106 0
vt 0.960274637 0.204624817 0
vt 0.999999583 0.169220865 0
vt 0.828014314 2.52130548e-07 0
vt 0.460348547 0.298286617 0
vt 0.543559909 0.379314482 0
vt 0.600000381 0.399490267 0
vt 0.400000155 0.25146842 0
vt 0.200001016 0.116916358 0
vt 0.300426036 0.177336991 0
vt 0.400000632 0.25146845 0
vt 0.152267978 0.143537074 0
vt 0.200000763 0.116916373 0
vt 3.58636896e-07 0.169220805 0
vt 0.122674748 0.139256313 0
vt 0.600000322 1.76426864 0
vt 0.600000322 0.322086185 0
vt 0.623376608 0.284122288 0
vt 0.794447482 1.36610015e-06 0
vt 0.800000131 1.76426864 0
vt 1 1.76426864 0
vt 1 3.8540256 0
vt 0.800000131 3.8540256 0
vt 0.600000322 3.8540256 0
vt 0.400000155 3.8540256 0
vt 0.400000155 1.76426864 0
vt 0.200000107 3.8540256 0
vt 0.200000107 1.76426864 0
vt 0 3.8540256 0
vt 0 1.76426864 0
vt 1 6.35698032 0
vt 0.800000131 6.35698032 0
vt 0.600000322 6.35698032 0
vt 0.400000155 6.35698032 0
vt 0.200000107 6.35698032 0
vt 0 6.35698032 0
vt 1 9.47781086 0
vt 0.800000131 9.47781086 0
vt 0.600000322 9.47781086 0
vt 0.400000155 9.47781086 0
vt 0.200000107 9.47781086 0
vt 0 9.47781086 0
vt 1 13.801569 0
vt 0.800000131 13.801569 0
vt 0.600000322 13.801569 0
vt 0.400000155 13.801569 0
vt 0.200000107 13.801569 0
vt 0 13.801569 0
vt 0.812468171 -1.45710726e-06 0
vt 0.81676054 0.00326527166 0
vt 0.868117869 0.0218144823 0
vt 0.942734599 0.060483139 0
vt 0.999999821 0.0180513691 0
vt 0.487545818 0.479638726 0
vt 0.493770778 0.478416026 0
vt 0.585573912 0.340636909 0
vt 0.600000262 0.322086185 0
vt 0.400000274 0.498276174 0
vt 0.290845931 0.325617611 0
vt 0.326658368 0.405435205 0
vt 0.400000125 0.498276174 0
vt 0.200000226 0.10634318 0
vt 1.62654974e-08 0.0180513803 0
vt 0.00731918635 0.0259399563 0
vt 0.124362879 0.153727576 0
vt 0.165224761 0.139651969 0
vt 0.200000077 0.106343187 0
vt 0.600000322 1.83080256 0
vt 0.600000024 0.587714732 0
vt 0.611125767 0.569020927 0
vt 0.681360006 0.411073238 0
vt 0.713353276 0.270892173 0
vt 0.75928849 0.0817210674 0
vt 0.738697886 0.0262292381 0
vt 0.727630615 3.03998945e-07 0
vt 0.800000131 1.83080256 0
vt 1 1.83080256 0
vt 1 3.93094015 0
vt 0.800000131 3.93094015 0
vt 0.600000322 3.93094015 0
vt 0.400000155 3.93094015 0
vt 0.400000155 1.83080256 0
vt 0.200000107 3.93094015 0
vt 0.200000107 1.83080256 0
vt 0 3.93094015 0
vt 0 1.83080256 0
vt 1 6.32931805 0
vt 0.800000131 6.32931805 0
vt 0.600000322 6.32931805 0
vt 0.400000155 6.32931805 0
vt 0.200000107 6.32931805 0
vt 0 6.32931805 0
vt 1 9.12457466 0
vt 0.800000131 9.12457466 0
vt 0.600000322 9.12457466 0
vt 0.400000155 9.12457466 0
vt 0.200000107 9.12457466 0
vt 0 9.12457466 0
vt 1 12.6242123 0
vt 0.800000131 12.6242123 0
vt 0.600000322 12.6242123 0
vt 0.400000155 12.6242123 0
vt 0.200000107 12.6242123 0
vt 0 12.6242123 0
vt 1 17.6378765 0
vt 0.800000131 17.6378765 0
vt 0.600000322 17.6378765 0
vt 0.400000155 17.6378765 0
vt 0.200000107 17.6378765 0
vt 0 17.6378765 0
vt 1 26 0
vt 0.800000131 26 0
vt 0.600000322 26 0
vt 0.400000155 26 0
vt 0.200000107 26 0
vt 0 26 0
vt 0.870078921 -4.50957032e-07 0
vt 0.908706903 0.0477432199 0
vt 0.933830261 0.0841212049 0
vt 0.999999821 0.0536035672 0
vt 0.400000423 0.441350222 0
vt 0.414715201 0.472352982 0
vt 0.480082691 0.53971231 0
vt 0.541023135 0.607716084 0
vt 0.600000203 0.587714791 0
vt 0.22062546 0.178904161 0
vt 0.4000009 0.441350222 0
vt 0.200000614 0.148358583 0
vt -3.85377881e-08 0.0536035672 0
vt 0.0383152813 0.128988683 0
vt 0.0755531862 0.172327176 0
vt 0.166662991 0.154599652 0
vt 0.200000137 0.148358583 0
vt 0.800000131 2.94838119 0
vt 0.600000322 2.94838119 0
vt 1 2.94838119 0
vt 1 6.26971102 0
vt 0.800000131 6.26971102 0
vt 0.600000322 6.26971102 0
vt 0.400000155 6.26971102 0
vt 0.400000155 2.94838119 0
vt 0.200000107 6.26971102 0
vt 0.200000107 2.94838119 0
vt 0 6.26971102 0
vt 0 2.94838119 0
vt 1 10.0714664 0
vt 0.800000131 10.0714664 0
vt 0.600000322 10.0714664 0
vt 0.400000155 10.0714664 0
vt 0.200000107 10.0714664 0
vt 0 10.0714664 0
vt 1 14.4979467 0
vt 0.800000131 14.4979467 0
vt 0.600000322 14.4979467 0
vt 0.400000155 14.4979467 0
vt 0.200000107 14.4979467 0
vt 0 14.4979467 0
vt 1 19.6996193 0
vt 0.800000131 19.6996193 0
vt 0.600000322 19.6996193 0
vt 0.400000155 19.6996193 0
vt 0.200000107 19.6996193 0
vt 0 19.6996193 0
vt 1 25.8562927 0
vt 0.800000131 25.8562927 0
vt 0.600000322 25.8562927 0
vt 0.400000155 25.8562927 0
vt 0.200000107 25.8562927 0
vt 0 25.8562927 0
vt 1 33.3184242 0
vt 0.800000131 33.3184242 0
vt 0.600000322 33.3184242 0
vt 0.400000155 33.3184242 0
vt 0.200000107 33.3184242 0
vt 0 33.3184242 0
vt 1 42.8535461 0
vt 0.800000131 42.8535461 0
vt 0.600000322 42.8535461 0
vt 0.400000155 42.8535461 0
vt 0.200000107 42.8535461 0
vt 0 42.8535461 0
vt 1 57 0
vt 0.800000131 57 0
vt 0.600000322 57 0
vt 0.400000155 57 0
vt 0.200000107 57 0
vt 0 57 0
vt 0.887863696 0.0894675329 0
vt 0.930963993 0.297566563 0
vt 0.992793202 0.46790126 0
vt 1.00000036 0.444093168 0
vt 0.88886708 9.68284667e-07 0
vt 0.600000322 3.27336068e-16 0
vt 0.399999917 1.35334945 0
vt 0.413566172 1.35264957 0
vt 0.446581453 1.35052884 0
vt 0.483224571 1.339975 0
vt 0.505140245 1.33366787 0
vt 0.534341753 1.31732297 0
vt 0.543961525 1.30522168 0
vt 0.538334787 0.921240747 0
vt 0.549190283 0.743602455 0
vt 0.549404144 0.0823414028 0
vt 0.540365756 -4.21099173e-07 0
vt 0.290163875 1.35577846 0
vt 0.344221771 1.3604722 0
vt 0.383191913 1.35605586 0
vt 0.400000364 1.35334945 0
vt 0.200000793 1.02468359 0
vt 0.250205189 1.32124114 0
vt 0.279240251 1.35356212 0
vt 0.279925764 1.35457277 0
vt 0.0550771654 0.605636716 0
vt 0.170066297 0.999655545 0
vt 0.185730398 1.0081805 0
vt 0.200000748 1.02468371 0
vt -6.59407078e-07 0.444093168 0
vt 0.400000155 2.38665668e-16 0
vt 0.200000107 2.38665668e-16 0
vt 0.600000322 2.00936001e-16 0
vt 0.200000107 2.00936001e-16 0
vt 0 2.00936001e-16 0
vt 1 4.64332533 0
vt 1 10.6955614 0
vt 0.800000131 10.6955614 0
vt 0.800000131 4.64332533 0
vt 0.600000322 10.6955614 0
vt 0.600000322 4.64332533 0
vt 0.400000155 10.6955614 0
vt 0.400000155 4.64332533 0
vt 0.200000107 10.6955614 0
vt 0.200000107 4.64332533 0
vt 0 10.6955614 0
vt 0 4.64332533 0
vt 1 19.5762005 0
vt 0.800000131 19.5762005 0
vt 0.600000322 19.5762005 0
vt 0.400000155 19.5762005 0
vt 0.200000107 19.5762005 0
vt 0 19.5762005 0
vt 1 36 0
vt 0.800000131 36 0
vt 0.600000322 36 0
vt 0.400000155 36 0
vt 0.200000107 36 0
vt 0 36 0
vt 0.80031532 0.503078461 0
vt 0.806445956 0.503345013 0
vt 1.00000024 0.252995074 0
vt 0.800000131 0.502791286 0
vt 0.757169724 0.572447002 0
vt 0.788791478 0.527711034 0
vt 0.799196541 0.504833102 0
vt 0.800000191 0.502791286 0
vt 0.600000143 0.553236783 0
vt 0.610805869 0.558449924 0
vt 0.650862098 0.568525791 0
vt 0.68687886 0.57637167 0
vt 0.688687921 0.574260354 0
vt 0.490388006 0.548696995 0
vt 0.498647481 0.55080992 0
vt 0.507285714 0.550961137 0
vt 0.558426857 0.549963176 0
vt 0.59147495 0.551885605 0
vt 0.600000262 0.553236783 0
vt 0.400000095 0.504155815 0
vt 0.421682388 0.531132519 0
vt 0.289957196 0.602915406 0
vt 0.318491101 0.586477101 0
vt 0.392596036 0.505234778 0
vt 0.400000513 0.504155815 0
vt 0.200000927 0.44679749 0
vt 0.282156795 0.594934225 0
vt 0.0226724464 0.231872141 0
vt 0.200000614 0.44679749 0
vt 2.22044724e-17 4.64332533 0
vt -2.13267484e-07 0.252995074 0
vt 0.00505547645 0.256035894 0
vt 0.800000131 2.41911207e-16 0
vt 1 2.41911207e-16 0
vt 0.600000322 2.41911207e-16 0
vt 0.800000131 1.34273582e-16 0
vt 0.400000155 1.34273582e-16 0
vt 0.220812619 -7.00677276e-07 0
vt 0.200000197 0.0220956635 0
vt 0.220609546 0.00318016228 0
vt 0.185631543 -6.63094397e-07 0
vt 0.200000241 0.0220956616 0
vt 0.400000155 1.84907928e-16 0
vt 0.600000322 1.84907928e-16 0
vt 1 3.28733397 0
vt 1 7.35098886 0
vt 0.800000131 7.35098886 0
vt 0.800000131 3.28733397 0
vt 0.600000322 7.35098886 0
vt 0.600000322 3.28733397 0
vt 0.400000155 7.35098886 0
vt 0.400000155 3.28733397 0
vt 0.200000107 7.35098886 0
vt 0.200000107 3.28733397 0
vt 0 7.35098886 0
vt 0 3.28733397 0
vt 1 12.4739189 0
vt 0.800000131 12.4739189 0
vt 0.600000322 12.4739189 0
vt 0.400000155 12.4739189 0
vt 0.200000107 12.4739189 0
vt 0 12.4739189 0
vt 1 19.15382 0
vt 0.800000131 19.15382 0
vt 0.600000322 19.15382 0
vt 0.400000155 19.15382 0
vt 0.200000107 19.15382 0
vt 0 19.15382 0
vt 1 28.4156532 0
vt 0.800000131 28.4156532 0
vt 0.600000322 28.4156532 0
vt 0.400000155 28.4156532 0
vt 0.200000107 28.4156532 0
vt 0 28.4156532 0
vt 1 43.0000038 0
vt 0.800000131 43.0000038 0
vt 0.600000322 43.0000038 0
vt 0.400000155 43.0000038 0
vt 0.200000107 43.0000038 0
vt 0 43.0000038 0
vt 0.800000131 1.04275393 0
vt 0.884255707 1.0138489 0
vt 0.903196692 0.952612936 0
vt 0.921107054 0.842028022 0
vt 0.999999881 0.507202029 0
vt 0.675584793 1.04474556 0
vt 0.709777415 1.0477289 0
vt 0.785377383 1.04693472 0
vt 0.794816017 1.04605293 0
vt 0.600000799 1.02787161 0
vt 0.628953576 1.03633416 0
vt 0.650186002 1.04253423 0
vt 0.496843487 1.04363143 0
vt 0.546603799 1.04233623 0
vt 0.567242622 1.03964639 0
vt 0.600000083 1.02787173 0
vt 0.399999976 0.971621454 0
vt 0.402120739 1.01938772 0
vt 0.429273814 1.04357553 0
vt 0.472750366 1.03911591 0
vt 0.486548036 1.04170072 0
vt 0.337070763 0.721918702 0
vt 0.352588445 0.64205277 0
vt 0.399999768 0.971621573 0
vt 0.199999854 0.194400176 0
vt 0.211236984 0.230795339 0
vt 1.69402377e-08 0.50720197 0
vt 0.0449322835 1.06615579 0
vt 0.0476154052 1.07328987 0
vt 0.0591453426 1.07345295 0
vt 0.0800455436 1.06497276 0
vt 0.174931616 0.458683133 0
vt 0.200000077 0.194400176 0
vt 0.200000107 3.35300295e-16 0
vt 0.400000155 3.35300295e-16 0
vt 0.600000322 3.59123945 0
vt 0.600000441 0.61738342 0
vt 0.658599317 0.635007024 0
vt 0.703556061 0.641115963 0
vt 0.758802235 0.616952717 0
vt 0.754126966 0.120227054 0
vt 0.735968888 -1.30422211e-06 0
vt 0.800000131 3.59123945 0
vt 1 3.59123945 0
vt 1 7.81339836 0
vt 0.800000131 7.81339836 0
vt 0.600000322 7.81339836 0
vt 0.400000155 7.81339836 0
vt 0.400000155 3.59123945 0
vt 0.200000107 7.81339836 0
vt 0.200000107 3.59123945 0
vt 0 7.81339836 0
vt 0 3.59123945 0
vt 1 12.9071503 0
vt 0.800000131 12.9071503 0
vt 0.600000322 12.9071503 0
vt 0.400000155 12.9071503 0
vt 0.200000107 12.9071503 0
vt 0 12.9071503 0
vt 1 19.0934334 0
vt 0.800000131 19.0934334 0
vt 0.600000322 19.0934334 0
vt 0.400000155 19.0934334 0
vt 0.200000107 19.0934334 0
vt 0 19.0934334 0
vt 1 26.7801056 0
vt 0.800000131 26.7801056 0
vt 0.600000322 26.7801056 0
vt 0.400000155 26.7801056 0
vt 0.200000107 26.7801056 0
vt 0 26.7801056 0
vt 1 36.9409142 0
vt 0.800000131 36.9409142 0
vt 0.600000322 36.9409142 0
vt 0.400000155 36.9409142 0
vt 0.200000107 36.9409142 0
vt 0 36.9409142 0
vt 1 53 0
vt 0.800000131 53 0
vt 0.600000322 53 0
vt 0.400000155 53 0
vt 0.200000107 53 0
vt 0 53 0
vt 0.940235257 0.685728431 0
vt 0.999999225 0.676328659 0
vt 0.881313264 1.72957073e-06 0
vt 0.881942511 0.323239505 0
vt 0.891230822 0.35610497 0
vt 0.860221922 0.625721514 0
vt 0.868140757 0.670776486 0
vt 0.449827015 0.663974702 0
vt 0.488495111 0.656521618 0
vt 0.554287434 0.643516779 0
vt 0.600000679 0.617383361 0
vt 0.400000244 0.666802943 0
vt 0.435635716 0.663663268 0
vt 0.445550114 0.663882792 0
vt 0.338774353 0.686951756 0
vt 0.369305789 0.675258398 0
vt 0.400000453 0.666802943 0
vt 0.200000152 0.698115587 0
vt 0.216453597 0.701302111 0
vt 0.240261555 0.701756179 0
vt 0.252903342 0.701995671 0
vt 0.320935726 0.690076113 0
vt 0.13319847 0.7090258 0
vt 0.147672266 0.709950149 0
vt 0.181867689 0.704313636 0
vt 0.200000048 0.698115587 0
vt -1.80030924e-07 0.676328719 0
vt 0.0126731237 0.6758371 0
vt 0.042114079 0.700837612 0
vt 0.0500568897 0.70281601 0
vt 0.0550484918 0.704055548 0
vt 0 1.75345812e-16 0
vt 0.200000107 1.75345812e-16 0
vt 1 3.81013799 0
vt 1 8.19687653 0
vt 0.800000131 8.19687653 0
vt 0.800000131 3.81013799 0
vt 0.600000322 8.19687653 0
vt 0.600000322 3.81013799 0
vt 0.400000155 8.19687653 0
vt 0.400000155 3.81013799 0
vt 0.200000107 8.19687653 0
vt 0.200000107 3.81013799 0
vt 0 8.19687653 0
vt 0 3.81013799 0
vt 1 13.3385391 0
vt 0.800000131 13.3385391 0
vt 0.600000322 13.3385391 0
vt 0.400000155 13.3385391 0
vt 0.200000107 13.3385391 0
vt 0 13.3385391 0
vt 1 19.4601364 0
vt 0.800000131 19.4601364 0
vt 0.600000322 19.4601364 0
vt 0.400000155 19.4601364 0
vt 0.200000107 19.4601364 0
vt 0 19.4601364 0
vt 1 26.8116913 0
vt 0.800000131 26.8116913 0
vt 0.600000322 26.8116913 0
vt 0.400000155 26.8116913 0
vt 0.200000107 26.8116913 0
vt 0 26.8116913 0
vt 1 35.7178993 0
vt 0.800000131 35.7178993 0
vt 0.600000322 35.7178993 0
vt 0.400000155 35.7178993 0
vt 0.200000107 35.7178993 0
vt 0 35.7178993 0
vt 1 47.3330307 0
vt 0.800000131 47.3330307 0
vt 0.600000322 47.3330307 0
vt 0.400000155 47.3330307 0
vt 0.200000107 47.3330307 0
vt 0 47.3330307 0
vt 1 65 0
vt 0.800000131 65 0
vt 0.600000322 65 0
vt 0.400000155 65 0
vt 0.200000107 65 0
vt 0 65 0
vt 0.80000031 0.503168166 0
vt 0.829529643 0.510338247 0
vt 0.841112316 0.51812762 0
vt 0.901473522 0.525820971 0
vt 0.987079799 0.484438598 0
vt 0.99217689 0.474391431 0
vt 0.999999881 0.453748822 0
vt 0.748316646 0.503987253 0
vt 0.800000072 0.503168225 0
vt 0.599999487 0.468671352 0
vt 0.602811038 0.470249444 0
vt 0.61389488 0.476480395 0
vt 0.689007998 0.500908017 0
vt 0.704486012 0.505940318 0
vt 0.729569137 0.509025216 0
vt 0.462652296 0.498865306 0
vt 0.467573375 0.498857945 0
vt 0.522990644 0.495830745 0
vt 0.535098493 0.494501084 0
vt 0.592395902 0.473226488 0
vt 0.600000024 0.468671381 0
vt 0.399999917 0.487769991 0
vt 0.428129554 0.492756307 0
vt 0.278808683 0.530623794 0
vt 0.28801015 0.52941668 0
vt 0.351573586 0.509625912 0
vt 0.375777155 0.502038062 0
vt 0.400001466 0.487769991 0
vt 0.200000927 0.556770623 0
vt 0.21071817 0.560457051 0
vt 0.267006218 0.532160103 0
vt 0.124553919 0.540489256 0
vt 0.139864147 0.541611552 0
vt 0.200001135 0.556770623 0
vt -2.2256981e-07 0.453748792 0
vt 0.101456091 0.538949907 0
vt 0.800000131 1.01849194e-16 0
vt 1 1.01849194e-16 0
vt 0.200000107 1.01849194e-16 0
vt 0.400000155 1.01849194e-16 0
vt 0 1.01849194e-16 0
vt 1 1.05591786 0
vt 1 2.25094819 0
vt 0.800000131 2.25094819 0
vt 0.800000131 1.05591786 0
vt 0.600000322 2.25094819 0
vt 0.600000322 1.05591786 0
vt 0.400000155 2.25094819 0
vt 0.400000155 1.05591786 0
vt 0.200000107 2.25094819 0
vt 0.200000107 1.05591786 0
vt 0 2.25094819 0
vt 0 1.05591786 0
vt 1 3.63004351 0
vt 0.800000131 3.63004351 0
vt 0.600000322 3.63004351 0
vt 0.400000155 3.63004351 0
vt 0.200000107 3.63004351 0
vt 0 3.63004351 0
vt 1 5.27662992 0
vt 0.800000131 5.27662992 0
vt 0.600000322 5.27662992 0
vt 0.400000155 5.27662992 0
vt 0.200000107 5.27662992 0
vt 0 5.27662992 0
vt 1 7.27779675 0
vt 0.800000131 7.27779675 0
vt 0.600000322 7.27779675 0
vt 0.400000155 7.27779675 0
vt 0.200000107 7.27779675 0
vt 0 7.27779675 0
vt 1 9.68800831 0
vt 0.800000131 9.68800831 0
vt 0.600000322 9.68800831 0
vt 0.400000155 9.68800831 0
vt 0.200000107 9.68800831 0
vt 0 9.68800831 0
vt 1 12.6450663 0
vt 0.800000131 12.6450663 0
vt 0.600000322 12.6450663 0
vt 0.400000155 12.6450663 0
vt 0.200000107 12.6450663 0
vt 0 12.6450663 0
vt 1 16.5115757 0
vt 0.800000131 16.5115757 0
vt 0.600000322 16.5115757 0
vt 0.400000155 16.5115757 0
vt 0.200000107 16.5115757 0
vt 0 16.5115757 0
vt 0.81430161 0.058883816 0
vt 0.927107811 0.0663826391 0
vt 0.942195475 0.134321153 0
vt 1.00000012 0.104433887 0
vt 0.845967531 -7.6232908e-08 0
vt 0.708987236 0.293118328 0
vt 0.749459803 0.254642516 0
vt 0.758125305 0.145056695 0
vt 0.793453455 0.0711356699 0
vt 0.769127309 0.00878577679 0
vt 0.765541792 -5.86204365e-08 0
vt 0.600000024 0.383782357 0
vt 0.400000036 0.22620137 0
vt 0.428331256 0.270899445 0
vt 0.556340396 0.36455518 0
vt 0.592395186 0.383823544 0
vt 0.600000262 0.383782357 0
vt 0.327658236 0.213174179 0
vt 0.400000244 0.22620137 0
vt 0.200000182 0.144697666 0
vt 0.108762324 0.166273654 0
vt 0.182357922 0.150610447 0
vt 0.200000107 0.144697666 0
vt -4.32973764e-08 0.104433879 0
vt 0.0512141138 0.137164652 0
vt 0.400000155 1.51116858e-16 0
vt 0.600000322 1.51116858e-16 0
vt 0.200000107 1.51116858e-16 0
vt 0.400000155 3.27336068e-16 0
vt 0 3.27336068e-16 0
vt 0.200000107 3.27336068e-16 0
vn -0.9576388 0.182485804 0.222771242
vn -0.895320654 0.160516188 -0.415494323
vn -0.417424083 0.159152225 -0.894666314
vn 0.26067701 0.182329565 -0.948052466
vn 0.797748089 0.200362921 -0.568728983
vn 0.977773964 0.18127425 0.105345473
vn 0.694892824 0.143891662 0.704570115
vn 0.107412107 0.143209726 0.983846366
vn -0.57663542 0.174832731 0.798075914
vn -0.961585164 0.134972051 0.239032283
vn -0.905295908 0.120727077 -0.407264471
vn -0.41694209 0.124244668 -0.900401294
vn 0.281116664 0.13787061 -0.949718416
vn 0.810364485 0.156273425 -0.564701736
vn 0.984434009 0.150288194 0.0911208764
vn 0.717945635 0.117039762 0.686189294
vn 0.0912632495 0.111680508 0.98954457
vn -0.597851217 0.129980639 0.790998816
vn -0.960043073 0.0845151767 0.266785592
vn -0.913231671 0.0801453739 -0.399480462
vn -0.416594803 0.0827890486 -0.905314744
vn 0.29941678 0.0775939524 -0.950962067
vn 0.831736565 0.0810201466 -0.549226701
vn 0.993374527 0.0891297087 0.0725455284
vn 0.761479139 0.0782814622 0.643445015
vn 0.0647290275 0.0774987042 0.994889021
vn -0.6379022 0.0794490725 0.766008258
vn -0.958044827 0.0889905989 0.27245304
vn -0.911099851 0.0852594227 -0.403271377
vn -0.42236504 0.0711904988 -0.903625906
vn 0.288499147 0.0567159429 -0.955798924
vn 0.836578071 0.0443151258 -0.546052575
vn 0.995465279 0.0500824377 0.0808746144
vn 0.778616965 0.0647922158 0.624145448
vn 0.0727639794 0.0865906253 0.993583143
vn -0.667937279 0.0804839283 0.739852846
vn -0.970049083 0.028372027 0.241246194
vn -0.916269839 0.038220875 -0.398733914
vn -0.43252784 0.0371540599 -0.900854766
vn 0.279286712 0.0425172262 -0.959265947
vn 0.827826321 0.0435544327 -0.559291124
vn 0.994681895 0.0464191251 0.0919416547
vn 0.759043276 0.0550787896 0.648706138
vn 0.111816779 0.0626267567 0.991753399
vn -0.67236501 0.0331278853 0.739478111
vn -0.98292762 -0.0284546483 0.181778908
vn -0.91654855 -0.0179168247 -0.399521977
vn -0.416517586 0.00266196975 -0.909123778
vn 0.273153365 0.0317411907 -0.961446702
vn 0.818271697 0.0465297252 -0.572945356
vn 0.995559394 0.0505676754 0.0793997124
vn 0.722788572 0.051443968 0.689151824
vn 0.168283403 0.032753408 0.985194325
vn -0.642513275 -0.0152210481 0.766123414
vn -0.98828429 0.0330066606 0.149012506
vn -0.916164637 0.041255977 -0.398673117
vn -0.382586151 0.0376193114 -0.923153579
vn 0.273401707 0.0296993274 -0.961441398
vn 0.801693857 0.00670889625 -0.597697377
vn 0.995231986 -0.00624018488 0.0973363891
vn 0.701124012 0.00306077907 0.713032842
vn 0.220250219 0.00517392298 0.975429714
vn -0.612945735 0.0205347296 0.789858103
vn -0.984571278 0.0570877008 0.165409684
vn -0.928151846 0.0533399731 -0.368359745
vn -0.380910486 0.0525259897 -0.92311877
vn 0.278198332 0.0386564918 -0.959745467
vn 0.766962767 0.0128188757 -0.641563535
vn 0.987755179 -0.0124246608 0.155516401
vn 0.665733755 -0.00670596212 0.746159196
vn 0.210087001 0.015042617 0.977566957
vn -0.598274708 0.0509480052 0.799669683
vn -0.974540889 0.0149067966 0.223713771
vn -0.934411705 0.00263525965 -0.35618493
vn -0.395511538 0.0072105648 -0.918432713
vn 0.295953751 0.0143517144 -0.955094457
vn 0.73167336 0.0211570151 -0.681326926
vn 0.986930549 0.0229004938 0.15951103
vn 0.622676432 0.0204521213 0.782212079
vn 0.141389459 0.0356226824 0.989313006
vn -0.595475137 0.0376803428 0.802489638
vn -0.959970951 0.0124809658 0.279821485
vn -0.929763377 -0.00540439459 -0.368118197
vn -0.390077114 -0.0112954397 -0.920712948
vn 0.295371383 -0.0119548719 -0.955307662
vn 0.745727003 0.00587760611 -0.666225672
vn 0.988637686 0.0419052355 0.144359171
vn 0.656202555 0.0343604535 0.753802121
vn 0.0981185138 0.0200789385 0.994972169
vn -0.623381793 0.0203432534 0.781652927
vn -0.955743313 -0.02321155 0.293284744
vn -0.910365343 0.00312021235 -0.413793594
vn -0.394154191 0.0259579681 -0.918677688
vn 0.250634879 0.0257611219 -0.967738867
vn 0.778184295 0.0234290194 -0.627598763
vn 0.98438096 0.0241979323 0.17438066
vn 0.699167132 0.0182760805 0.7147246
vn 0.0976203308 0.00691658538 0.99519974
vn -0.615200341 -0.0174016524 0.788178682
vn -0.971051395 -0.000310123811 0.238870829
vn -0.866135359 0.0421269163 -0.49803105
vn -0.412320584 0.0553919002 -0.909353316
vn 0.229088649 0.0403021015 -0.972570896
vn 0.776800513 0.0170496292 -0.629515886
vn 0.984475851 -0.0174850095 0.174646482
vn 0.677421093 -0.0236745253 0.735214353
vn 0.135168761 -0.0175729822 0.990666747
vn -0.530526221 -0.0214803144 0.847396374
vn -0.982646465 0.030078873 0.183033556
vn -0.850085258 -0.00113261887 -0.526643872
vn -0.404847682 -0.0240991246 -0.914066613
vn 0.275287569 -0.0246974304 -0.961044669
vn 0.76479882 -0.0154544553 -0.644083858
vn 0.992784858 -0.000475446257 0.119908154
vn 0.682760894 0.0123858396 0.730536997
vn 0.174194768 0.021824047 0.984469354
vn -0.504295707 0.0360593759 0.862777829
vn -0.978025556 0.0232211053 0.207187876
vn -0.870779037 0.00129370159 -0.491672784
vn -0.412712723 -0.0112090083 -0.910792291
vn 0.313387156 -0.0204205308 -0.949405849
vn 0.795097888 -0.00881307572 -0.60641712
vn 0.994692564 0.0151681453 0.101767555
vn 0.727234781 0.0164081138 0.686192751
vn 0.1731821 0.0170012508 0.984743118
vn -0.556434631 0.0281901322 0.830413043
vn -0.972813308 0.0303088129 0.229598969
vn -0.901879489 0.0622418821 -0.42748028
vn -0.450666428 0.0727781355 -0.889720857
vn 0.325035751 0.0646176711 -0.943491578
vn 0.839242458 0.0390782505 -0.542351365
vn 0.993206859 -0.000134089365 0.116361782
vn 0.745246649 -0.0349953771 0.665869951
vn 0.153763637 -0.0429284014 0.987174749
vn -0.59256953 -0.0189041961 0.805297554
vn -0.974021435 0.0493647084 0.22100994
vn -0.914041281 0.0424513631 -0.403393567
vn -0.463702112 0.0364197902 -0.885242283
vn 0.320382476 0.0114416275 -0.947219253
vn 0.823596597 -0.0221538674 -0.566743255
vn 0.99629122 -0.0401608944 0.0760977194
vn 0.703467429 -0.010167921 0.710654736
vn 0.10053122 0.0330723375 0.99438411
vn -0.578815937 0.0511945114 0.813849628
vn -0.967981875 0.122891955 0.218880534
vn -0.900366008 0.0632454231 -0.430512458
vn -0.457805485 0.00431956351 -0.889041901
vn 0.298026145 -0.0586429164 -0.952754676
vn 0.78986299 -0.0553039499 -0.61078465
vn 0.999421477 0.0101870792 0.0324511565
vn 0.656308413 0.0914362147 0.748931706
vn 0.0531918257 0.140464813 0.988655746
vn -0.544442177 0.155792892 0.824203432
vn -0.380568445 0.922498405 -0.0645320565
vn -0.327345461 0.893984675 -0.306000471
vn -0.403685242 0.774753809 -0.486615509
vn 0.134614244 0.866201699 -0.48122099
vn 0.490808755 0.82659018 -0.275418669
vn 0.250532299 0.961203516 -0.115418434
vn 0.3593674 0.907018661 0.219481558
vn 0.10021624 0.849408388 0.518133223
vn -0.384087116 0.84033972 0.382500172
vn -0.189215705 0.967277765 -0.169029817
vn -0.325802416 0.882704556 -0.338652492
vn -0.435654342 0.871418297 -0.225466982
vn 0.0729562268 0.996423483 -0.0426322781
vn 0.446423322 0.893348157 -0.0513352491
vn 0.116791397 0.988066018 -0.10042581
vn 0.41002658 0.909998894 -0.0614847578
vn 0.121443458 0.973196089 -0.195297241
vn -0.275755703 0.960799456 -0.0286955852
vn 0.0710762441 0.992296159 -0.101471864
vn 0.291942209 0.946151495 0.139883101
vn 0.220505014 0.949011028 0.225290179
vn 0.143024907 0.985956669 0.0862170905
vn 0.111895271 0.963120997 0.244698569
vn 0.0168859586 0.981695831 0.189705446
vn -0.0197289493 0.996122479 0.0857361034
vn 0.018925298 0.999645889 -0.0187042728
vn 0.114640027 0.990609944 -0.074495703
vn 0.222963631 0.973244369 -0.0555219501
vn 0.293147236 0.955630124 0.0289089158
vn 0.968309522 -0.183415532 0.169514894
vn 0.933513045 -0.133470356 0.332774788
vn 0.793921769 -0.318907022 0.517674148
vn 0.898286164 -0.396013707 0.190407693
vn 0.778727055 0.00120942353 0.627361596
vn 0.665580451 -0.0419527143 0.745146036
vn 0.805542052 0.165526107 0.568949044
vn 0.59188807 0.361128151 0.720593572
vn 0.923631132 0.300353378 0.238103822
vn 0.618666589 0.701551557 0.353662521
vn 0.958967686 0.283093095 0.0154732112
vn 0.745958924 0.624563098 -0.231227577
vn 0.984081209 0.147857293 -0.0986016542
vn 0.85886389 0.264343858 -0.438720047
vn 0.995315015 0.00457519153 -0.0965775028
vn 0.925174952 -0.0436918437 -0.377017558
vn 0.991917133 -0.12686111 0.00256496738
vn 0.945478797 -0.298345864 -0.130612224
vn 0.659679055 -0.415239602 0.626418114
vn 0.836354852 -0.500435948 0.223772928
vn 0.348296016 -0.0553629696 0.935748219
vn 0.0795537382 0.452463418 0.888227463
vn -0.020232046 0.92457372 0.380465716
vn 0.277508765 0.817414999 -0.50479871
vn 0.596268952 0.339627057 -0.727404118
vn 0.800248444 -0.0701245666 -0.595554292
vn 0.894483268 -0.403582424 -0.192408741
vn 0.548412144 -0.455930233 0.700979114
vn 0.795968294 -0.554417551 0.243013486
vn 0.0776942149 -0.0563296117 0.995384693
vn -0.304260135 0.412661701 0.858566284
vn -0.48101005 0.837169051 0.260340929
vn -0.123263918 0.772360981 -0.623108745
vn 0.339169681 0.355533391 -0.870953441
vn 0.664299309 -0.0406434201 -0.746360898
vn 0.862121403 -0.436138332 -0.257934213
vn 0.501201808 -0.395047218 0.769892514
vn 0.84555918 -0.476051837 0.241669983
vn -0.0875468999 -0.0655674264 0.994000256
vn -0.56372118 0.318391293 0.762132108
vn -0.766002238 0.61800617 0.176943734
vn -0.452643842 0.622705877 -0.638240457
vn 0.151541352 0.295919865 -0.943115413
vn 0.622434676 -0.0380518921 -0.781746149
vn 0.893766105 -0.349176288 -0.281527936
vn 0.500748158 -0.284915984 0.817357957
vn 0.896431327 -0.375850797 0.234834328
vn -0.166212708 -0.00487761898 0.986077905
vn -0.644188702 0.254496306 0.721285403
vn -0.884452105 0.445619673 0.138446555
vn -0.641525686 0.454585284 -0.617897093
vn -0.0234879889 0.228254899 -0.973317981
vn 0.616967261 -0.0970638543 -0.78098011
vn 0.917672396 -0.313343018 -0.24432233
vn 0.473386496 -0.219498917 0.853068233
vn 0.891694188 -0.352260619 0.284242809
vn -0.168192878 0.0310354345 0.985265374
vn -0.653279364 0.2485383 0.715160728
vn -0.906238914 0.417001545 0.0695737824
vn -0.689036369 0.385983974 -0.61338824
vn -0.133266181 0.189597547 -0.972775817
vn 0.576649845 -0.116461724 -0.808647931
vn 0.903921008 -0.304803163 -0.30003655
vn 0.434918821 -0.138843521 0.889701128
vn 0.911987185 -0.225349441 0.342778414
vn -0.160053805 0.0109183388 0.98704797
vn -0.737493634 0.178542465 0.65132612
vn -0.961502433 0.274448305 -0.0138326036
vn -0.797989368 0.259756684 -0.543819308
vn -0.216386497 0.13143149 -0.967420578
vn 0.580262303 -0.0783009455 -0.810656905
vn 0.914804161 -0.186919004 -0.358042955
vn 0.461824089 -0.0885583237 0.88253957
vn 0.942575037 -0.120635211 0.311447233
vn -0.186695635 -0.00992930587 0.982367575
vn -0.78359586 0.0965814739 0.613717735
vn -0.980205297 0.167366996 -0.105763875
vn -0.860760868 0.172547996 -0.478871375
vn -0.315112293 0.12473955 -0.940820992
vn 0.614803195 -0.0184689723 -0.788464308
vn 0.957704902 -0.0942990556 -0.271862149
vn 0.503945887 0.50455302 0.701045454
vn 0.897975445 0.35877499 0.254795223
vn -0.0370600522 0.560393751 0.82739687
vn -0.485852987 0.724417329 0.489046395
vn -0.782727957 0.586803198 -0.207361788
vn -0.749032676 0.548942208 -0.370961487
vn -0.202824086 0.813732088 -0.54470402
vn 0.654399812 0.533198535 -0.536153138
vn 0.911137819 0.371279985 -0.178826779
vn 0.299844682 0.899517655 0.317744255
vn 0.505424082 0.845618069 0.171688154
vn 0.116117336 0.932665348 0.341543734
vn -0.0344714373 0.977680385 0.207250461
vn -0.272758394 0.960602939 -0.053336557
vn -0.286628097 0.947561026 -0.141323641
vn 0.0595220663 0.99494338 -0.0809008926
vn 0.374463171 0.915672541 -0.146017671
vn 0.52380538 0.849674284 -0.0606764592
vn 0.809280038 0.0337871872 0.586450517
vn 0.645911574 0.030037092 0.762821019
vn 0.494549274 0.0295509603 0.868647099
vn 0.894327581 0.0352158509 0.446024746
vn 0.203173548 0.0246135704 0.978833377
vn 0.269411206 0.0251693521 0.962696254
vn 0.315490186 0.0251684226 0.948595047
vn 0.707584262 0.0310099423 0.705948114
vn 0.565235198 0.0291077886 0.824416041
vn 0.667541742 0.0302129649 0.743959129
vn 0.986312985 0.0366595127 0.160756484
vn 0.948252022 0.036543984 0.315408736
vn 0.804689884 0.0115465941 -0.593582988
vn 0.987511337 0.0366987474 0.153213918
vn 0.752876878 0.0064147613 -0.658130109
vn 0.745519459 0.00610722601 -0.666455865
vn 0.737624764 0.00582161453 -0.67518568
vn 0.56303817 0.00137507031 -0.826429725
vn 0.743275106 0.00858258735 -0.668930829
vn 0.949969828 0.0251155011 -0.311330467
vn 0.672311425 0.00574151799 -0.740246236
vn 0.994579494 0.0313406736 -0.0991421714
vn 0.988230467 0.0367272012 0.148497909
vn -0.44155246 0.896728575 0.0301529001
vn -0.45646745 0.886146545 -0.079886049
vn -0.308637828 0.949907482 -0.0491792932
vn -0.40011704 0.899588168 -0.175064042
vn -0.299271941 0.930505097 -0.211179063
vn -0.201151714 0.964514136 -0.171027824
vn -0.151372865 0.985733628 -0.0735901743
vn -0.173341796 0.984219253 0.0355682261
vn -0.257049233 0.960619926 0.105522819
vn -0.362900913 0.926051736 0.103591189
vn -0.93621701 -0.181454018 0.300952137
vn -0.978430867 -0.149368033 0.142696187
vn -0.962656021 -0.270509064 0.0108678872
vn -0.89080137 -0.323273301 0.319323093
vn -0.99836719 -0.0530887432 0.0210843571
vn -0.958949983 -0.094339028 -0.267422915
vn -0.996981382 0.0740599483 -0.0233084019
vn -0.889031649 0.182033747 -0.420103014
vn -0.975929379 0.212294474 0.0499276556
vn -0.777335703 0.528720498 -0.340886891
vn -0.924360693 0.250913024 0.287402242
vn -0.609926283 0.746674836 0.265455186
vn -0.872834086 0.133420408 0.469424635
vn -0.523887396 0.367920011 0.768229604
vn -0.858310461 -0.00817252696 0.513065696
vn -0.594699442 0.00895731524 0.803898215
vn -0.886132658 -0.132310793 0.444142789
vn -0.754341722 -0.242513508 0.610045612
vn -0.942543805 -0.326057255 -0.0727880225
vn -0.861884058 -0.376993418 0.339163393
vn -0.856152594 -0.0943569019 -0.508035004
vn -0.62139684 0.247935265 -0.743232131
vn -0.255064934 0.683790565 -0.683646202
vn 0.170402542 0.981426895 0.0881137252
vn 0.0765705407 0.549851656 0.831745207
vn -0.252411038 0.0799522325 0.964311302
vn -0.644342899 -0.274051934 0.71394515
vn -0.924732625 -0.356785834 -0.132565036
vn -0.816963196 -0.447162449 0.364165813
vn -0.770610988 -0.0739071146 -0.633005798
vn -0.42265144 0.269102424 -0.865418792
vn 0.161026433 0.683780968 -0.711697936
vn 0.594641089 0.803956568 0.00746852532
vn 0.479257971 0.46098581 0.74686271
vn 0.0914454013 0.0629138127 0.993820786
vn -0.486415774 -0.330775321 0.808694899
vn -0.937781811 -0.320718288 -0.133060366
vn -0.802603126 -0.422656089 0.420939505
vn -0.739318848 -0.0571374893 -0.670926988
vn -0.294710845 0.259178311 -0.919767439
vn 0.406912535 0.585325658 -0.701295912
vn 0.804359138 0.59252733 -0.0437907428
vn 0.701300561 0.319297791 0.637358963
vn 0.244003132 -0.0195469726 0.969577372
vn -0.382914424 -0.317728609 0.867424428
vn -0.951080263 -0.294182897 -0.0943547338
vn -0.801116467 -0.358834833 0.47900936
vn -0.688067675 -0.0501151122 -0.723913908
vn -0.179467559 0.207005531 -0.96173799
vn 0.485568583 0.425446182 -0.763687491
vn 0.89848727 0.432382524 -0.0759339556
vn 0.776372135 0.246070504 0.580254793
vn 0.251481414 -0.044841785 0.966822743
vn -0.370056748 -0.275026709 0.887365937
vn -0.946463883 -0.302666157 -0.112246998
vn -0.801815987 -0.353233218 0.481993079
vn -0.650564313 -0.0775737017 -0.755478859
vn -0.0928036943 0.174628109 -0.980251253
vn 0.495706141 0.372679621 -0.784464955
vn 0.904274225 0.412095338 -0.111649387
vn 0.759702325 0.232314706 0.607356668
vn 0.288189083 -0.010027552 0.957520962
vn -0.320370227 -0.240210533 0.916330636
vn -0.943284869 -0.297033995 -0.148271754
vn -0.803303659 -0.271743953 0.529960752
vn -0.606631458 -0.147744805 -0.781133533
vn 0.0643033013 0.101303466 -0.992775261
vn 0.549242437 0.265355587 -0.792413533
vn 0.913746953 0.371139079 -0.165294617
vn 0.755082667 0.274952054 0.595190465
vn 0.267692208 0.0856314823 0.959691763
vn -0.307235211 -0.108630456 0.945413053
vn -0.910763502 0.385554671 -0.147842765
vn -0.7534917 0.419937223 0.505868375
vn -0.533797741 0.452832013 -0.714145005
vn 0.0287171975 0.397135615 -0.917310476
vn 0.225643262 0.550909042 -0.803482711
vn 0.422436386 0.897894144 -0.123829193
vn 0.435141414 0.781694174 0.446772933
vn -0.0299277268 0.652683318 0.757039547
vn -0.44588086 0.381629378 0.809660017
vn -0.515143931 0.852733016 -0.0864461437
vn -0.494377851 0.852786899 0.168359935
vn -0.389406204 0.868251622 -0.3074117
vn -0.203475624 0.82322818 -0.529993296
vn -0.163359225 0.897170722 -0.410363793
vn -0.138117269 0.989131987 -0.050414063
vn -0.0646766722 0.989304185 0.130744204
vn -0.244682625 0.937143981 0.248780325
vn -0.441519976 0.822061479 0.359548479
vn -0.943222284 -0.0207556449 0.331513107
vn -0.95602119 -0.0211856402 0.292531788
vn -0.995628417 -0.00899701659 -0.0929685012
vn -0.864284098 -0.0185267869 0.502662659
vn -0.881091714 0.00884423684 -0.47286281
vn -0.831952631 0.0119875753 -0.554717183
vn -0.984799087 -0.00659983931 -0.173571482
vn -0.906412184 0.00698702503 -0.422336489
vn -0.798815727 0.0216197465 -0.60118717
vn -0.796066046 0.0224810746 -0.604792237
vn -0.971036553 0.0155308107 -0.238425612
vn -0.892109692 0.0202715173 -0.451363981
vn -0.977067351 0.0143043334 -0.21244958
vn -0.966966748 -0.00697880611 0.254807115
vn -0.906266034 -0.0109922905 0.422564715
vn -0.855798125 -0.013305054 0.51713872
vn -0.571928263 -0.0195488911 0.820070684
vn -0.432691157 -0.0165304355 0.901390672
vn -0.155199587 -0.00499141635 0.987870514
vn -0.391003549 -0.00950435549 0.920340121
vn -0.436317176 -0.0102275079 0.899734735
vn -0.601276159 -0.0159428194 0.798882246
vn -0.615416646 -0.0164573304 0.788030207
vn 0.177756757 0.883995593 -0.432382315
vn 0.25623247 0.899117291 -0.354870528
vn 0.111046821 0.948109508 -0.297921151
vn 0.265755683 0.93134445 -0.248940736
vn 0.202382326 0.965492129 -0.163909435
vn 0.0956862494 0.985515594 -0.140011981
vn -0.00458802748 0.982126832 -0.188164011
vn -0.0514721274 0.956895232 -0.285835832
vn -0.0228568893 0.921578705 -0.387518108
vn 0.0674919859 0.892732382 -0.44550404
vn 0.137258813 -0.133835718 -0.981451929
vn 0.0318713561 -0.0398491323 -0.998697281
vn -0.68276906 0.0340791456 -0.729839087
vn -0.557237148 0.0378873758 -0.829488575
vn -0.410896182 0.0378545336 -0.910895944
vn -0.314279914 0.0413695239 -0.948428571
vn -0.276632488 0.0422211401 -0.960047841
vn 0.290841728 -0.175261974 -0.940581918
vn 0.66109252 -0.143144637 -0.736523151
vn 0.640251696 -0.278091967 -0.716060519
vn 0.332025796 -0.326209098 -0.885068655
vn 0.79509306 -0.0456256606 -0.604768872
vn 0.922283471 -0.0764014423 -0.378887832
vn 0.801721692 0.079589054 -0.592374802
vn 0.950428724 0.216799363 -0.222897187
vn 0.466722995 0.209163755 -0.859313786
vn 0.516829908 0.661600828 -0.543296456
vn 0.125079587 0.195791557 -0.972635984
vn -0.181932524 0.60102284 -0.778249323
vn 0.0158108473 0.0759186968 -0.996988654
vn -0.352757961 0.224517673 -0.908379734
vn -0.243137866 -0.0425351597 -0.969058692
vn 0.0269343257 -0.249069169 -0.968111038
vn 0.721857727 -0.326688141 -0.610078812
vn 0.367124319 -0.380161405 -0.848938823
vn 0.975255132 -0.0557980277 -0.213925183
vn 0.907711387 0.394281596 0.14353472
vn 0.352337718 0.896100461 0.269929528
vn -0.513002932 0.840848029 -0.172634289
vn -0.678623617 0.378476977 -0.629464209
vn -0.490632981 0.0190132596 -0.871158898
vn -0.0482310317 -0.28327921 -0.957823873
vn 0.800796211 -0.305059165 -0.515426397
vn 0.401230246 -0.38890937 -0.829315186
vn 0.999122798 5.23584677e-05 0.0418782905
vn 0.798841 0.360189497 0.48178485
vn 0.126382589 0.717302501 0.685204089
vn -0.654717147 0.701656461 0.281111628
vn -0.868199587 0.338867664 -0.362488866
vn -0.689126372 0.0385984965 -0.723612487
vn -0.138569832 -0.286736965 -0.947934747
vn 0.824402571 -0.317417264 -0.468622237
vn 0.420689344 -0.393574655 -0.817385674
vn 0.987564027 -0.0468171909 0.150084898
vn 0.729328513 0.267312706 0.629780829
vn 0.0320363976 0.563288629 0.82563889
vn -0.69441396 0.560864568 0.450799495
vn -0.943130195 0.303119361 -0.136470288
vn -0.758784056 -0.0129378531 -0.651213765
vn -0.115464121 -0.313570142 -0.94251883
vn 0.838171721 -0.334318072 -0.430928797
vn 0.421447039 -0.378604054 -0.824039638
vn 0.971304238 -0.113962419 0.208759353
vn 0.610894382 0.200432181 0.765920997
vn -0.0258882493 0.433281481 0.900886714
vn -0.673711658 0.469845772 0.570401251
vn -0.937301099 0.340004832 0.0765732378
vn -0.72349894 -0.0100751817 -0.690252066
vn -0.0798079222 -0.289980233 -0.953699172
vn 0.86575067 -0.259964556 -0.42766118
vn 0.442683935 -0.308051646 -0.842101574
vn 0.982782602 -0.0896606892 0.161552861
vn 0.506655335 0.207620636 0.836776078
vn -0.0625786111 0.349918485 0.934687614
vn -0.62922883 0.378746361 0.678691506
vn -0.971244633 0.237725899 0.0130466213
vn -0.707563281 -0.0401713848 -0.705507159
vn -0.212532565 -0.225846812 -0.950696111
vn 0.792353511 0.0645867512 -0.606633604
vn 0.466101497 -0.13471131 -0.874415338
vn 0.809460938 0.546570659 -0.214554176
vn 0.330864668 0.818329155 0.469963819
vn 0.0188399646 0.795765758 0.605311334
vn -0.413870394 0.853249013 0.317296833
vn -0.863308668 0.402665526 -0.304234505
vn -0.747291088 0.0828247219 -0.659314752
vn -0.267692894 -0.0423374698 -0.962573707
vn 0.501168907 0.645535886 -0.576292515
vn 0.38607797 0.464759886 -0.796832442
vn 0.342621654 0.885026276 -0.315180868
vn 0.168256849 0.982841194 -0.0755823553
vn 0.0962802321 0.995164752 0.0194203686
vn -0.0679812208 0.985804617 -0.153517932
vn -0.411128879 0.829012394 -0.379092991
vn -0.480319589 0.641635597 -0.59799397
vn -0.0766896904 0.557934701 -0.826333821
vn 0.35037899 0.0285634585 -0.936172307
vn 0.774218976 0.00980264693 -0.632841945
vn 0.775280595 0.00976209901 -0.631541491
vn 0.892948389 0.00197597593 -0.450154573
vn 0.968234956 -0.00366517762 -0.250015557
vn 0.946236908 -0.00347461319 -0.323455721
vn 0.892319798 -0.00507246424 -0.451375276
vn 0.689248741 -0.0106798699 -0.724446118
vn 0.569014251 -0.015015264 -0.822190583
vn 0.7677266 -0.00779066328 -0.640730202
vn 0.17880936 -0.015717864 -0.983758211
vn -0.026030127 -0.0135341147 -0.999569476
vn 0.269646645 -0.016632827 -0.962815762
vn -0.407803982 0.00417073397 -0.913060069
vn -0.595988393 0.0148571357 -0.802855611
vn -0.749479294 0.0311679747 -0.661293745
vn 0.236705706 0.029745739 -0.97112602
vn 0.314739376 0.0290565006 -0.94873327
vn -0.375742733 0.926528692 0.0190265905
vn -0.331321537 0.940185845 -0.0792246833
vn -0.219939709 0.974799037 0.037327189
vn -0.231907815 0.964825928 -0.123812862
vn -0.130194157 0.987204552 -0.0920682847
vn -0.06943997 0.997586071 0.000493768253
vn -0.081117399 0.990516007 0.110896096
vn -0.15940097 0.96940577 0.186665103
vn -0.264585167 0.945015013 0.192201376
vn -0.352321774 0.927255392 0.126754925
vn -0.976844668 -0.0616721697 -0.204868644
vn -0.865125239 -0.021533981 -0.501093388
vn -0.809785783 -0.1432565 -0.568968058
vn -0.95445329 -0.234052688 -0.185035661
vn -0.824385285 0.0498207808 -0.563832104
vn -0.662548542 0.0462716743 -0.747588396
vn -0.841335058 0.0887242779 -0.533182204
vn -0.637134612 0.229111955 -0.735912442
vn -0.853272498 0.413110197 -0.318223149
vn -0.710505188 0.0552295931 -0.701521277
vn -0.830360949 0.0511474088 -0.554873466
vn -0.93148452 0.0702698901 0.35692966
vn -0.925032914 0.0197551064 0.379372895
vn -0.802643299 0.00790931098 0.596406937
vn -0.770904899 0.19519867 0.606302857
vn -0.962608278 -0.0461758114 0.266932756
vn -0.909113348 -0.167519003 0.381379426
vn -0.908366621 -0.20413354 -0.364965141
vn -0.959017277 -0.283340216 -0.00206123013
vn -0.617464364 0.0833271965 -0.782172859
vn -0.36102888 0.5762133 -0.733236849
vn -0.260779589 0.965156317 -0.0216169972
vn -0.812698781 0.328550041 0.481223106
vn -0.270866752 0.636914968 0.721782923
vn -0.405798972 0.30531922 0.861456513
vn -0.627465189 0.0183431599 0.778428495
vn -0.876993537 -0.244965628 0.413369238
vn -0.873659194 -0.128338277 -0.469306767
vn -0.978999436 -0.194348827 -0.0615531728
vn -0.456884265 0.0955914184 -0.884374976
vn 0.131925702 0.455743134 -0.880280495
vn 0.650105357 0.722197711 -0.2362068
vn 0.463145822 0.536315799 0.70559305
vn -0.0612436756 0.226241305 0.972144008
vn -0.489500195 0.013078168 0.871905088
vn -0.900390446 -0.161651239 0.403937995
vn -0.797323406 -0.0605516843 -0.6005072
vn -0.992316961 -0.122632056 -0.016381342
vn -0.223301321 0.0957924351 -0.970031023
vn 0.409682512 0.260361552 -0.874283671
vn 0.892148912 0.384750634 -0.236722171
vn 0.818897426 0.344107628 0.45934397
vn 0.21257025 0.168342769 0.962535501
vn -0.516310275 -0.00848228857 0.856359601
vn -0.894936502 -0.0996710658 0.434918821
vn -0.70591259 0.355525106 -0.612608671
vn -0.914128542 0.404997259 -0.0186083373
vn -0.287687093 0.487414598 -0.824416757
vn 0.351582199 0.681581974 -0.641744435
vn 0.76333791 0.631026268 -0.138279289
vn 0.704898894 0.6765939 0.212927803
vn 0.0689937621 0.77860254 0.623713017
vn -0.616763294 0.374192983 0.692519128
vn -0.807353616 0.297645837 0.509496868
vn -0.49338448 0.803965092 -0.331981868
vn -0.502828479 0.864246726 -0.0155247385
vn -0.329889208 0.872061908 -0.361498326
vn 0.0312726907 0.968377948 -0.247520044
vn 0.279385209 0.959164917 -0.0441198274
vn 0.183987156 0.97563827 0.11949303
vn -0.158345625 0.963513136 0.215798616
vn -0.436658859 0.825692296 0.35715726
vn -0.514594018 0.791970193 0.328597546
vn -0.892860472 0.0429387838 -0.448281676
vn -0.672525287 0.0427120589 -0.73884058
vn -0.968883753 0.0394646898 -0.244349733
vn -0.587149382 0.0513523743 -0.807848215
vn -0.445419669 0.0606559403 -0.893264949
vn -0.419691741 0.0604245737 -0.905653179
vn -0.536264122 0.0630281419 -0.841693699
vn -0.447381347 0.0651668832 -0.891965926
vn -0.462215394 0.0710095689 -0.883920014
vn -0.466797441 0.072904408 -0.881354034
vn -0.707183301 0.0553872548 -0.704857409
vn -0.891343176 0.0287127774 0.452418834
vn -0.959442556 0.0389428474 0.279201478
vn -0.783792317 -6.47646739e-05 0.621023059
vn -0.766365767 1.9623154e-05 0.642404556
vn -0.942126632 0.0234272759 0.334437728
vn -0.907612324 0.0191486944 0.41937238
vn -0.974079192 0.0286576711 0.224384964
vn -0.975164175 0.0394895263 -0.217934266
vn -0.910222888 0.0488522239 -0.411227167
vn -0.982879281 0.0493065938 -0.177531123
vn -0.998879671 0.0470929965 0.00464475807
vn -0.973520279 0.0406254604 0.224962145
vn 0.241567835 0.961523592 0.130833626
vn 0.298362851 0.953925967 0.0316999927
vn 0.380448401 0.912056983 0.153006256
vn 0.398671269 0.917078912 -0.00523737632
vn 0.486146063 0.87334162 0.0306003764
vn 0.527426898 0.840191901 0.126089111
vn 0.499394387 0.834409535 0.233164862
vn 0.417307556 0.856271327 0.304390967
vn 0.318677485 0.896695852 0.307215422
vn 0.246677458 0.939428031 0.237960786
vn 0.998726845 -0.0248137526 -0.0439177975
vn 0.996468067 -0.054724399 0.0636912361
vn 0.984929442 -0.131669015 0.112148382
vn 0.97651875 -0.0751553699 -0.201898009
vn 0.851940811 -0.0421699435 0.521937311
vn 0.77019161 -0.113844618 0.627570093
vn 0.604268014 0.0131044872 0.796673298
vn 0.500305533 -0.0205958597 0.865603983
vn 0.546451688 0.0682992712 0.834700942
vn 0.336519092 0.0980588645 0.936557233
vn 0.556721509 0.111770242 0.823145628
vn 0.276347131 0.256443262 0.926212311
vn 0.534046948 0.369444758 0.760463297
vn 0.0552282557 0.108530566 0.992557824
vn 0.0674249455 0.108554982 0.991801262
vn 0.207715005 0.11044766 0.971934021
vn 0.546987712 0.105778456 0.830430806
vn 0.583694816 0.297022521 0.755696952
vn 0.588099122 0.351306111 0.728507638
vn 0.968178749 0.250248373 -0.00238576555
vn 0.548371553 0.580767453 -0.601662576
vn 0.0621614903 0.905453563 0.419868708
vn 0.953405619 0.039088022 -0.29914853
vn 0.779781878 0.112937443 -0.615780234
vn 0.911530852 -0.115781471 -0.39459604
vn 0.965423465 -0.246700242 -0.0842414275
vn 0.820278943 -0.259141237 0.509890497
vn 0.482299119 -0.120370619 0.867697239
vn 0.178622529 0.0656173676 0.981727302
vn -0.140742943 0.416568309 0.898143828
vn -0.071325615 0.64504081 -0.760812163
vn -0.62020874 0.783272684 -0.0427188426
vn 0.502705991 0.207517579 -0.839180171
vn 0.812086165 -0.0564597212 -0.580799818
vn 0.96835047 -0.24782756 -0.0296438709
vn 0.786031604 -0.270987213 0.555625975
vn 0.406067491 -0.151970923 0.901118219
vn 0.0378027707 0.03072921 0.998812616
vn -0.440864265 0.396279126 0.805358052
vn -0.208993062 0.702676475 -0.68012327
vn -0.478165329 0.867098749 -0.139633939
vn 0.355154991 0.413757175 -0.838254094
vn 0.736451328 0.325675011 -0.592937768
vn 0.940064728 0.339846939 -0.0279697794
vn 0.768644214 0.325174153 0.55086112
vn 0.365389705 0.310337573 0.877599537
vn 0.0845966339 0.371183753 0.924697757
vn -0.244394585 0.765464723 0.595260441
vn 0.108718425 0.953497291 -0.281110704
vn 0.0170605481 0.999632716 0.0210574232
vn 0.409553677 0.802552104 -0.433792472
vn 0.61448729 0.750023603 -0.244683102
vn 0.615940809 0.786400557 0.0468078107
vn 0.526154518 0.793846846 0.304907471
vn 0.390073061 0.748254955 0.536616743
vn 0.267061353 0.7765221 0.570694089
vn 0.159809574 0.928342581 0.335620344
vn 0.720250428 -0.000202635725 -0.693714142
vn 0.721592128 -7.42728589e-05 -0.69231838
vn 0.980950713 -0.0214621294 -0.193067983
vn 0.81673193 -0.0291898996 -0.576278448
vn 0.470491141 0.00276361709 -0.882400393
vn 0.987697601 -0.0249086916 -0.154379219
vn 0.826820493 -0.010672532 -0.562364697
vn 0.996182442 -0.0374169275 0.078869991
vn 0.887553215 -0.0239129085 0.46008423
vn 0.999224424 -0.0352124423 0.0176260751
vn 0.703719556 -0.0101970043 0.710404694
vn 0.703479767 -0.0101750409 0.710642397
vn 0.568701923 6.89911467e-05 0.82254374
vn 0.197715551 0.0500269681 0.978982031
vn 0.558017075 0.00222475361 0.829826415
vn -0.0503886156 0.0995182618 0.993759155
vn 0.080381535 0.0792256668 0.99361068
vn 0.633244336 0.422951162 0.648161948
vn 0.884207487 0.422400296 0.199386582
vn 0.999298453 0.00478105852 0.0371462628
vn 0.989960909 -0.01640887 -0.140385538
vn 0.987391591 -0.0180014987 -0.157269374
vn 0.987973511 0.0241225548 0.152729586
vn 0.0301169753 0.948110282 -0.316512108
vn 0.139466107 0.933797061 -0.329503238
vn 0.106654726 0.978538156 -0.17631796
vn 0.232621923 0.934521854 -0.269362301
vn 0.266408056 0.949695885 -0.16463469
vn 0.224658668 0.972298026 -0.0645387918
vn 0.127024755 0.991777837 -0.0155415796
vn 0.0192734506 0.998993456 -0.0405061245
vn -0.0483137853 0.990578413 -0.128142089
vn -0.0442688838 0.970466316 -0.237140104
vn -0.392489791 -0.176677004 -0.902627885
vn -0.234435692 -0.129741773 -0.963435054
vn -0.0659341291 -0.322718918 -0.944195569
vn -0.384546667 -0.401355624 -0.831286669
vn -0.136408269 -0.00973939802 -0.990604818
vn 0.189545736 -0.0797953531 -0.978624105
vn -0.131530493 0.128768817 -0.982913256
vn 0.263170332 0.258210719 -0.929552913
vn -0.254188448 0.26878798 -0.929053962
vn 0.0497260913 0.628421843 -0.776281714
vn -0.475900739 0.275534123 -0.835224211
vn -0.527347863 0.672663927 -0.519064128
vn -0.60962981 0.147716224 -0.778801262
vn -0.854442358 0.289421588 -0.431466699
vn -0.624656975 0.00517189549 -0.780882239
vn -0.863098443 -0.0397902764 -0.503465712
vn -0.543438494 -0.124232598 -0.830205321
vn -0.679351985 -0.306031436 -0.66695267
vn 0.0384968892 -0.422714949 -0.905444622
vn -0.364888966 -0.510787487 -0.778429329
vn 0.446395874 -0.108920202 -0.888181925
vn 0.62257272 0.400583982 -0.672261655
vn 0.416776329 0.834581494 -0.360237688
vn -0.384643674 0.922106385 0.042061042
vn -0.915929735 0.400465399 0.0264619477
vn -0.977288544 -0.0572737046 -0.204026356
vn -0.744006634 -0.405102521 -0.531362534
vn 0.111034937 -0.431253016 -0.89537251
vn -0.35362497 -0.525285125 -0.773967028
vn 0.617945254 -0.0827969313 -0.781849325
vn 0.831532896 0.415182799 -0.369020611
vn 0.619427681 0.777280688 0.110200666
vn -0.169850379 0.828563571 0.533510327
vn -0.801405072 0.41767028 0.428137124
vn -0.997008502 -0.0305662621 0.0709909275
vn -0.784098923 -0.427533984 -0.449892938
vn 0.180673122 -0.401782811 -0.897734821
vn -0.370997131 -0.50374651 -0.780128598
vn 0.741346121 -0.0522267446 -0.669087708
vn 0.920107782 0.338987917 -0.196185693
vn 0.657785416 0.653377473 0.374721259
vn -0.0625784025 0.674269736 0.735828936
vn -0.702003062 0.37375471 0.606217146
vn -0.971360624 0.0283883587 0.235908091
vn -0.841677308 -0.372832894 -0.390608549
vn 0.232497841 -0.425162911 -0.874746323
vn -0.408227354 -0.525316 -0.746587992
vn 0.795792699 -0.0736177638 -0.601077735
vn 0.947609842 0.288747847 -0.136602432
vn 0.658436179 0.604132712 0.448871404
vn -0.00943067018 0.627618551 0.7784639
vn -0.646634758 0.355601341 0.674841523
vn -0.965851665 -0.0164690055 0.258571714
vn -0.84747678 -0.387590885 -0.362707049
vn 0.23821196 -0.334295094 -0.911867261
vn -0.477416664 -0.417562813 -0.773119986
vn 0.816776931 -0.0532125346 -0.574494541
vn 0.972038269 0.211525306 -0.101972915
vn 0.705870926 0.460343271 0.538358927
vn 0.0571222454 0.481718093 0.874462485
vn -0.550595582 0.300107926 0.778960764
vn -0.973842084 -0.0503175855 0.221584454
vn -0.831705749 -0.331397682 -0.445467353
vn 0.235750198 -0.207919165 -0.949311078
vn -0.46169576 -0.311357796 -0.830598116
vn 0.794789433 -0.00868868269 -0.606822968
vn 0.980109632 0.190908164 -0.0542145595
vn 0.711165488 0.348644793 0.610483766
vn 0.110693879 0.335363001 0.935563207
vn -0.523354352 0.188508004 0.831002414
vn -0.966044366 -0.0661146343 0.249774009
vn -0.860523701 -0.266621053 -0.434064865
vn 0.247207388 -0.139491111 -0.958869457
vn -0.420426995 -0.246511117 -0.873197258
vn 0.757768333 0.0217518155 -0.652160883
vn 0.976988614 0.211728662 0.0257743504
vn 0.708620965 0.29812488 0.639513791
vn 0.202885717 0.266138196 0.942341626
vn -0.583986163 0.0975537449 0.805880487
vn -0.959586918 -0.0884812623 0.267140508
vn -0.928013086 -0.214605346 -0.304526031
vn 0.177649006 -0.0690781996 -0.981666446
vn -0.464482248 -0.110832773 -0.878619671
vn 0.771243334 0.0205529556 -0.636208594
vn 0.990187705 0.120340183 0.0710390732
vn 0.760933459 0.16070205 0.628613591
vn 0.214171484 0.151659206 0.96495086
vn -0.592885017 0.0549133942 0.803412676
vn -0.974830508 -0.0510539114 0.217023134
vn -0.932569087 -0.0982968435 -0.347350717
vn 0.0748444945 -0.104413509 -0.991713703
vn -0.47343871 -0.0767902583 -0.877473176
vn 0.768482745 -0.0828028023 -0.634490311
vn 0.997999609 -0.00392819941 0.0630977228
vn 0.816763043 0.0633823276 0.573481441
vn 0.142654613 0.14345789 0.979320824
vn -0.602026045 0.149590865 0.784338653
vn -0.97816962 0.0807406902 0.191481903
vn -0.875340402 -0.0172920041 -0.483197778
vn 0.0860548317 0.187458411 -0.978495777
vn -0.359242946 0.217698559 -0.907497585
vn 0.664700687 0.352726907 -0.658602118
vn 0.905483007 0.424285322 0.00908472203
vn 0.781352639 0.511103034 0.358136326
vn 0.136584267 0.786314607 0.602539718
vn -0.58491385 0.584521174 0.562326074
vn -0.835365057 0.507079899 0.212215066
vn -0.745119929 0.425604016 -0.513476014
vn 0.14541699 0.737287402 -0.659743428
vn -0.129928187 0.753179908 -0.644855559
vn 0.374593616 0.826056361 -0.421082407
vn 0.47742486 0.872571826 -0.103363797
vn 0.416254759 0.908159554 0.0444774032
vn 0.118559241 0.990778208 0.0655930191
vn -0.246060044 0.954332054 0.169425488
vn -0.3983697 0.915864348 0.0499412008
vn -0.323768646 0.881369412 -0.344037622
vn -0.412279397 0.0506754741 -0.909647048
vn -0.381199032 0.0500142165 -0.923139215
vn 0.174031779 0.040568579 -0.983904123
vn 0.228032932 0.0389086306 -0.972875714
vn 0.277644992 0.0376205407 -0.959946871
vn 0.551131248 0.0266186949 -0.833993912
vn 0.496727705 0.0263881851 -0.867505193
vn 0.548002601 0.0268233456 -0.836046457
vn 0.285318732 0.0289563593 -0.957995236
vn 0.0454108082 0.0287718903 -0.998553991
vn 0.428653747 0.0277431309 -0.903042793
vn -0.66206181 0.0298555661 -0.74885428
vn -0.0446925387 0.0290206075 -0.998579144
vn -0.389172882 0.0272318125 -0.920762122
vn -0.930675209 0.0352960415 -0.364139676
vn -0.980163753 0.042173449 -0.19365035
vn -0.723770499 0.0314266644 -0.689324796
vn -0.997525632 0.0577230006 0.0401324891
vn -0.99741298 0.0575937144 0.0430160724
vn -0.947250187 0.0532119088 -0.316046834
vn -0.926913679 0.0520404764 -0.371648848
vn -0.905734479 0.0527138188 -0.420554936
vn -0.497126043 0.0526115038 -0.866081774
vn 0.0265206937 0.97318846 0.228474706
vn -0.0827436149 0.973690748 0.212319866
vn -0.00545943854 0.99748373 0.0706847534
vn -0.15567112 0.979300976 0.129368156
vn -0.15825367 0.987206995 0.0194438603
vn -0.0892147571 0.993779361 -0.0666581616
vn 0.0193125103 0.995900214 -0.0883731321
vn 0.116246253 0.992588043 -0.0354365706
vn 0.156354874 0.98542577 0.0670017079
vn 0.121142529 0.977700353 0.171541959
vn 0.179341018 -0.112771727 0.977302015
vn 0.031399969 -0.0885346159 0.99557811
vn -0.127321318 -0.258776695 0.95750922
vn 0.17531617 -0.292522132 0.940050542
vn -0.0654947311 -0.0267447364 0.9974944
vn -0.369777083 -0.10578952 0.923078299
vn -0.0605607219 0.0383015499 0.997429371
vn -0.45552519 0.164656356 0.874862909
vn 0.0533263423 0.0873179957 0.994752228
vn -0.180210873 0.477288276 0.860069752
vn 0.307847679 0.524882734 0.793553948
vn -0.209085569 -3.32968702e-05 0.977897346
vn -0.138961658 -0.00228006928 0.990295053
vn 0.164222136 -0.0109072626 0.986363113
vn 0.361452073 -0.00692899711 0.932365
vn 0.25563395 0.0920640677 0.962380052
vn 0.397290617 0.0654384568 0.915356696
vn 0.670792341 0.262200892 0.693749368
vn 0.399713039 -0.00901955366 0.916595936
vn 0.660259604 -0.0491370074 0.749428272
vn 0.319678396 -0.0795506686 0.944180906
vn 0.459377229 -0.230368525 0.857847869
vn -0.242432207 -0.338899791 0.909050882
vn 0.165243626 -0.388518244 0.906503141
vn -0.657373071 -0.0939661935 0.747683764
vn -0.812785804 0.305157542 0.496243954
vn -0.572623253 0.800994873 0.174670652
vn 0.32683295 0.945067227 0.00530990772
vn 0.857373059 0.464891821 0.220877767
vn 0.861041605 0.0158540308 0.50828743
vn 0.541783035 -0.289833039 0.788966417
vn -0.320645601 -0.273612052 0.906820178
vn 0.163911924 -0.325312525 0.931291878
vn -0.811301887 -0.027062824 0.584000766
vn -0.952553391 0.253593802 0.168321401
vn -0.677765846 0.620800674 -0.394004911
vn 0.369645745 0.694782317 -0.616959929
vn 0.912454009 0.355691493 -0.202265546
vn 0.970779359 0.0539386533 0.233833268
vn 0.627141118 -0.246959373 0.73871851
vn -0.342615992 -0.161834568 0.925431728
vn 0.185248896 -0.190848306 0.963981211
vn -0.88867873 -0.00335285347 0.458518207
vn -0.982523441 0.173501298 -0.0674162507
vn -0.62746793 0.390088558 -0.673880458
vn 0.311368108 0.424281657 -0.850314617
vn 0.856384575 0.268070251 -0.44129771
vn 0.99208957 0.0951053426 0.0819346085
vn 0.69503063 -0.100127257 0.711973965
vn -0.400830239 -0.00986248069 0.91609931
vn 0.233705506 -0.00640600175 0.972286344
vn -0.929553568 0.074159272 0.361151874
vn -0.952746928 0.159895226 -0.258276224
vn -0.53396827 0.266557753 -0.802386999
vn 0.192182168 0.293623477 -0.936403334
vn 0.763704836 0.255577117 -0.59281981
vn 0.98181355 0.157681391 0.105728984
vn 0.778712809 0.0611809753 0.624390244
vn -0.454388976 0.410424232 0.790621579
vn 0.1440617 0.572281301 0.807304323
vn -0.760519207 0.495960951 0.419086367
vn -0.797186971 0.546020448 -0.2575939
vn -0.432813913 0.506802797 -0.745535374
vn -0.0191620383 0.557689488 -0.829828382
vn 0.483000338 0.784738302 -0.38845402
vn 0.818893135 0.514456213 0.254457831
vn 0.734551609 0.469672948 0.48973605
vn -0.272638291 0.852326691 0.446326703
vn 0.0259702243 0.93455857 0.354860157
vn -0.359703243 0.888934374 0.283565015
vn -0.360415429 0.927584946 -0.098421894
vn -0.238991663 0.890674293 -0.386758685
vn -0.0589101315 0.933926463 -0.352577597
vn 0.135876298 0.98870641 -0.0632237941
vn 0.368675917 0.913003981 0.174647003
vn 0.369277269 0.888837099 0.271298736
vn -0.105691776 0.0267254915 0.994039774
vn -0.316669196 0.0304332096 0.948047757
vn 0.267013341 0.0194136128 0.963497281
vn 0.173757032 0.0197367687 0.984590828
vn -0.534483552 0.031555701 0.844589531
vn -0.643051863 0.031931702 0.765156567
vn -0.590956509 0.0289887786 0.806182444
vn -0.219365194 0.000380901183 0.975642741
vn -0.554917634 0.0284252949 0.831419528
vn -0.545879602 0.0282658748 0.837386727
vn -0.534060419 0.0280509293 0.844980717
vn 0.469755232 -0.00352074578 0.882789671
vn 0.703389049 0.0130699994 0.710684836
vn 0.727921069 0.0145715326 0.685506165
vn 0.754574001 0.0165382456 0.656006515
vn 0.804335058 0.0163666345 0.59395051
vn 0.923873067 0.0115027837 0.382526129
vn 0.895727813 0.0116108889 0.444451153
vn 0.722451866 0.0136946598 0.69128567
vn 0.700726211 0.0139872255 0.713293135
vn 0.482084662 0.0174761917 0.875950396
vn -0.0740034655 0.997070432 -0.0193431433
vn 0.0109567726 0.998922944 0.045089405
vn -0.121875577 0.983774424 0.131659627
vn 0.0351850055 0.988330603 0.148205221
vn -0.0122344159 0.970130444 0.242275
vn -0.109748051 0.952884674 0.282782972
vn -0.211790204 0.944645762 0.250577927
vn -0.270064384 0.949310243 0.160857499
vn -0.257167041 0.964767098 0.0555832759
vn -0.179838717 0.983572423 -0.0155950207
vn 0.182736307 0.891439557 -0.414660037
vn 0.314284295 0.896737874 -0.311587274
vn 0.510432601 0.741099834 -0.436153233
vn 0.246893898 0.730033696 -0.637255073
vn 0.363891244 0.921019554 -0.138946548
vn 0.631399453 0.774751067 -0.0330993123
vn 0.289541125 0.956892908 0.0228480119
vn 0.476502031 0.817860126 0.322568536
vn 0.155244753 0.983872294 0.0888500065
vn 0.225447088 0.848818004 0.478206784
vn -0.0575748608 0.99787432 0.0305269901
vn -0.322114229 0.870507956 0.372099698
vn -0.164083436 0.974584043 -0.152520671
vn -0.557933748 0.824317813 -0.0959685966
vn -0.406081587 0.872326851 -0.272293359
vn -0.473776758 0.781663954 -0.40563184
vn 0.00799126644 0.90593648 -0.423338294
vn -0.13077417 0.738673687 -0.661255896
vn 0.650289714 0.594124258 -0.473433852
vn 0.25162065 0.578803539 -0.775676072
vn 0.79720962 0.590308011 0.126464725
vn 0.627325833 0.575392544 0.524772108
vn 0.244702548 0.549808502 0.798643351
vn -0.484913111 0.520270169 0.702978075
vn -0.866159558 0.499728441 -0.00625012582
vn -0.734696209 0.513733387 -0.443056971
vn -0.221947461 0.557276368 -0.800113916
vn 0.742602646 0.493038505 -0.453270704
vn 0.191781461 0.462988973 -0.865367532
vn 0.882866383 0.429879904 0.18907769
vn 0.682619095 0.355433494 0.638512373
vn 0.244911328 0.267543167 0.931900859
vn -0.391653329 0.189391658 0.900410175
vn -0.976273537 0.195758164 0.0925673991
vn -0.72919631 0.307156831 -0.611496031
vn -0.256365627 0.408525139 -0.876004457
vn 0.661501229 0.682567716 -0.310672492
vn 0.10350702 0.785807788 -0.609747946
vn 0.740858197 0.663704693 0.103078581
vn 0.442686588 0.596343398 0.669629097
vn 0.0677883327 0.406314254 0.911215425
vn -0.268653631 0.468864322 0.841422319
vn -0.665484071 0.720909894 0.193442225
vn -0.551595867 0.629092276 -0.547708809
vn -0.391334832 0.622997582 -0.677296877
vn 0.294428974 0.952021062 -0.0834720209
vn -0.00792833045 0.992838323 -0.11920248
vn 0.282232136 0.95550406 0.0857727602
vn 0.110344335 0.90540272 0.409963459
vn -0.105066694 0.799445271 0.591479659
vn -0.2372787 0.838994205 0.489681095
vn -0.276744395 0.946500361 0.165980756
vn -0.359806091 0.920655906 -0.151433945
vn -0.324224591 0.918519855 -0.226273432
vn 0.38966006 0.854202986 -0.344241619
vn 0.562817693 0.666701853 -0.488615185
vn 0.618639231 0.681636453 -0.39071396
vn 0.65925765 0.629047215 -0.411921054
vn 0.0983471125 0.926435053 -0.363381356
vn 0.116651684 0.932546735 -0.341685414
vn 0.193787396 0.910073042 -0.366351545
vn 0.396058828 0.893492579 -0.211679637
vn 0.22693637 0.967344224 -0.112894379
vn 0.244855687 0.964960814 -0.0943205506
vn 0.265007764 0.961879075 -0.0675235242
vn 0.356769621 0.908555329 0.217353791
vn 0.349271268 0.907531738 0.233228907
vn 0.369423419 0.857217848 0.358753413
vn 0.361481667 0.908282816 0.210602179
vn 0.112241693 0.854929209 0.506456196
vn 0.0964124873 0.748732865 0.655822992
vn 0.0129137244 0.199928001 0.97972548
vn -0.00282949698 0.144276112 0.989533484
vn -0.00618102308 0.144117445 0.989541233
vn -0.431520253 0.764668703 0.478614837
vn -0.561383784 0.515276432 0.647563398
vn -0.0144905001 0.145009503 0.989324152
vn -0.0694209784 0.323653579 0.943625391
vn -0.244520262 0.595932782 0.764901221
vn -0.689238667 0.475453973 0.546711564
vn -0.656309724 0.753773212 0.0329134054
vn -0.686571658 0.726323485 0.0327662081
vn -0.687838554 0.590615451 -0.421961606
vn -0.694726229 0.579072773 -0.426649988
vn -0.720584154 0.662735462 -0.203814134
vn -0.650821328 0.465749383 -0.599590659
vn -0.480210423 0.404649973 -0.778239369
vn -0.468886703 0.389216036 -0.792878389
vn -0.213756353 0.837829769 -0.502343833
vn 0.0249386579 0.961915791 0.272206068
vn -0.0535703376 0.996951759 0.0567217283
vn 0.154540285 0.949745476 0.272215039
vn 0.0893740579 0.99221164 0.0867660344
vn 0.194269374 0.929893076 0.312343091
vn 0.164813489 0.902156591 0.398685277
vn -0.625747204 0.42151022 0.656330407
vn -0.655275404 0.624068141 0.425621063
vn -0.880359352 0.351768702 0.318160564
vn -0.691348493 -0.0355842859 0.7216447
vn -0.396323472 0.792435825 0.463651955
vn -0.273035675 0.909249902 0.314191371
vn -0.214424387 0.701535106 0.67961067
vn 0.221085221 0.471406877 0.85375452
vn -0.329484552 0.477548212 0.814486086
vn -0.13747929 0.0322217606 0.989980459
vn -0.897096157 0.437435836 0.0621979162
vn -0.667530894 0.130017534 0.733142495
vn 0.0717208311 0.800387263 -0.59517765
vn 0.780231893 0.0810576603 0.620215952
vn 0.0169691853 -0.0387223959 0.99910593
vn -0.510953784 0.824196041 -0.24418658
vn -0.439512998 0.789877117 0.427694529
vn 0.018064348 0.902584612 -0.430133313
vn 0.580714464 0.732327878 0.355621457
vn 0.176730365 0.536333978 0.82529515
vn -0.619920611 0.780385792 -0.0818317831
vn -0.615095198 0.778090358 -0.127409831
vn -0.558335543 0.729584992 -0.394926667
vn -0.566014767 0.823815942 0.0308982488
vn -0.690419853 0.720576525 -0.0639518052
vn -0.671185076 0.740634441 0.0311635677
vn -0.659975886 0.732786596 -0.1656975
vn -0.503504336 0.781101763 0.369274229
vn -0.395852923 0.761686921 0.512965441
vn 0.0836767405 0.795311689 0.600397766
vn 0.15738216 0.783487499 0.601147294
vn 0.162973225 0.824384093 0.542061448
vn 0.162160665 0.825930536 0.539946795
vn -0.357272148 0.824859858 0.438135713
vn -0.39246136 0.835510254 0.384573221
vn -0.0672837272 0.969124913 -0.23721236
vn 0.0358056612 0.990247309 -0.134640709
vn -0.00635313708 0.995726466 -0.0921337456
vn -0.0399081856 0.99875766 -0.0298418384
vn -0.243260071 0.969824553 -0.0162736848
vn -0.276009142 0.941957235 -0.191142693
vn 0.249871239 0.272422731 -0.929166377
vn 0.649711549 0.424452007 -0.630646825
vn 0.648311198 0.402202457 -0.646471739
vn 0.246690229 0.161966473 -0.955463707
vn 0.478956878 0.678388119 -0.557126462
vn 0.485365659 0.852373958 -0.194624841
vn 0.0043674144 0.666229904 -0.745733619
vn -0.403245926 0.85266155 -0.332206279
vn -0.0299010687 0.383150518 -0.923201859
vn -0.357058406 0.290122509 -0.88788414
vn 0.752273679 0.449109435 -0.482063442
vn 0.191933319 0.335414082 -0.922311842
vn 0.561386704 0.690221488 0.456551462
vn -0.748108625 0.61269033 0.254841089
vn -0.610326231 0.357608914 -0.706836343
vn 0.473154992 0.821716309 -0.317657799
vn -0.00272236532 0.735063374 -0.67799294
vn 0.125602096 0.949309289 0.288159668
vn -0.641483366 0.745410144 0.181281015
vn -0.611503482 0.654302597 -0.44491756
vn 0.274830043 0.574434817 -0.771033883
vn 0.609756589 0.588203311 -0.531237841
vn 0.195989192 0.573837817 -0.795171916
vn 0.246663168 0.569299161 -0.784254849
vn 0.519510746 0.582041621 -0.625568628
vn 0.332509547 0.56657052 -0.753946424
vn 0.235898122 0.548603415 -0.802113771
vn -0.0299296118 0.545650125 -0.837478399
vn -0.183868304 0.537411749 -0.823031604
vn -0.227985844 0.534184456 -0.814045131
vn -0.2505413 0.536533177 -0.805829585
vn -0.22793366 0.534392357 -0.81392324
vn -0.192449614 0.541358232 -0.818470776
vn 0.206325799 0.906264782 0.368936002
vn -0.129347607 0.949751973 0.285027236
vn 0.15573667 0.982384026 0.103283912
vn -0.0864197165 0.989566624 -0.115280434
vn 0.327235132 0.908284009 -0.260647982
vn 0.476655334 0.875190318 0.0827133954
vn 0.550417542 0.244340569 0.798334599
vn 0.328585207 0.464244932 0.822501302
vn -0.176648036 0.495127022 0.850673139
vn 0.32930699 0.172076449 0.928410769
vn 0.389923304 0.709375381 0.58715111
vn -0.105230488 0.942808449 0.316288948
vn 0.648692667 0.621221364 0.439638406
vn 0.611292303 0.790839434 0.0299088601
vn 0.746406913 0.330598146 0.577565193
vn 0.820303321 0.284350663 0.496232897
vn -0.452275932 0.419931412 0.786831677
vn 0.2949287 0.227301493 0.928090036
vn -0.622061074 0.756796062 -0.200748116
vn 0.668640614 0.505949438 -0.544917345
vn 0.908046186 0.216432735 0.358620733
vn -0.480006039 0.651274621 0.587737739
vn 0.279833674 0.565766156 0.775629997
vn -0.516209602 0.760908186 -0.393123955
vn 0.549516559 0.542288601 -0.635574102
vn 0.859175384 0.486203969 0.159446761
vn 0.24729161 0.349900186 0.903557837
vn -0.039364446 0.321840107 0.945975363
vn 0.348773479 0.38132596 0.856123626
vn 0.246496171 0.314710408 0.916622698
vn 0.338851899 0.332109809 0.880274117
vn 0.412757754 0.344289362 0.843264937
vn 0.677462578 0.387999624 0.624900579
vn 0.731898844 0.411994666 0.542756498
vn 0.865276515 0.461216956 0.196406245
vn 0.835993946 0.476733148 0.271734774
vn 0.763426244 0.456003219 0.457429081
vn 0.671253741 0.421006262 0.610059202
vn 0.427125603 0.395836532 0.812943578
vn 0.365731686 0.873562455 -0.321137071
vn 0.420010865 0.904413223 -0.0750176236
vn 0.117885679 0.993017733 -0.00434369687
vn 0.106322519 0.993915975 -0.0287460163
vn -0.215747997 0.969502926 -0.11626219
vn -0.108991161 0.925195813 -0.363502115
vn 0.688345253 -0.0823471248 -0.720694005
vn 0.907420397 -0.0405707471 -0.418260872
vn 0.978038609 -0.142990708 -0.151638314
vn 0.728194833 -0.336890459 -0.596856058
vn 0.746026337 0.373872966 -0.551056981
vn 0.925440371 0.373430908 0.0641057268
vn 0.50006628 0.38606444 -0.77516973
vn 0.302377403 0.539359391 -0.785912991
vn 0.484594733 0.0780693442 -0.871248066
vn 0.307545394 -0.158121333 -0.93830359
vn 0.995528758 0.0944571048 -0.00055709976
vn 0.719514608 -0.0663905367 -0.691296637
vn 0.478436798 0.535785854 0.695723951
vn -0.776102662 0.53035146 -0.34116286
vn -0.0581436306 0.0474539176 -0.997179747
vn 0.990487695 0.122060962 0.0635233521
vn 0.635997891 0.0700698942 -0.76850307
vn 0.0513080359 0.322835714 0.945063233
vn -0.958270252 0.278298199 -0.0653310046
vn -0.380101949 0.14510113 -0.913492203
vn 0.868237138 0.495663136 0.0219654292
vn 0.631482065 0.453333735 -0.629061997
vn 0.0917681754 0.933569372 0.346448958
vn -0.742684662 0.661424577 -0.104580387
vn -0.373550385 0.543670356 -0.751586854
vn 0.966260374 -0.226556689 -0.122527488
vn 0.948416173 -0.13964653 -0.284614623
vn 0.911818266 -0.118415751 -0.393147588
vn 0.906819403 -0.1123925 -0.406259149
vn 0.86702764 -0.0316451639 -0.497254074
vn 0.955980062 -0.193177447 -0.220872328
vn 0.768976927 0.117795944 -0.628330112
vn 0.702204883 0.329504192 -0.631137967
vn 0.653461039 0.445342839 -0.612093389
vn 0.774415374 0.110628523 -0.622930348
vn 0.801125646 0.199163705 -0.564385951
vn 0.817401946 0.101281993 -0.567094326
vn 0.913410485 -0.0717383251 -0.400667965
vn 0.926097572 -0.108852766 -0.36123988
vn 0.802902162 0.189999893 -0.565020442
vn 0.0524946637 0.998283803 0.0259565078
vn -0.153074339 0.98302567 -0.101136617
vn -0.101974249 0.974415362 -0.200289607
vn -0.28842321 0.866178572 -0.408101499
vn -0.112267107 0.83069694 -0.545287669
vn 0.153228238 0.957752705 -0.243374184
vn 0.390182316 -0.334555268 0.857805669
vn 0.173567921 -0.191251114 0.966073096
vn -0.10535191 -0.0243255887 0.994137347
vn 0.413901269 -0.252131701 0.874708652
vn 0.241169542 0.122928642 0.962665915
vn -0.219607994 0.625380278 0.748780131
vn 0.572196305 0.110052839 0.81269896
vn 0.700742722 0.632000685 0.330960304
vn 0.62357825 -0.196526572 0.756655335
vn 0.850153387 -0.00926275086 0.526453555
vn -0.306290388 0.11332716 0.945168436
vn 0.486148715 0.0117266085 0.873797536
vn -0.837293386 0.514337599 0.18546319
vn 0.641128004 0.503429174 -0.579235733
vn 0.986081958 0.107580259 0.126763165
vn -0.457078665 0.175609574 0.871917665
vn 0.515053749 0.196641371 0.83429718
vn -0.971212447 0.0283875372 -0.236517236
vn 0.364339858 -0.024609331 -0.930940747
vn 0.984377384 0.116001606 0.132456213
vn -0.409419477 0.859625697 0.305646062
vn 0.407391906 0.7626369 0.502411067
vn -0.713936329 0.426688164 -0.55518657
vn -0.0469758324 0.360415518 -0.93160826
vn 0.693043172 0.692139745 -0.201577932
vn 0.692018688 -0.219180733 0.687800705
vn 0.453175128 -0.132745668 0.881482244
vn 0.366253465 -0.0814433098 0.926944137
vn 0.19162029 0.015355302 0.981349051
vn 0.10492292 0.0474141017 0.993349493
vn 0.0892682225 0.0594358891 0.994232714
vn 0.436565667 -0.13963075 0.888770938
vn 0.595523775 -0.195285529 0.779240072
vn 0.102197655 0.0467394516 0.993665457
vn 0.288268983 -0.0548840202 0.955975354
vn 0.950852096 -0.265244335 0.159767836
vn 0.955269754 -0.26375708 0.133760422
vn 0.634890318 -0.208492309 0.743939042
vn 0.802073658 -0.265667915 0.534881592
vn 0.951862335 -0.2649225 0.154188782
vn 0.806404531 -0.264164776 0.529082775
vn 0.722492874 -0.231262296 0.651553452
vn 0.159108117 0.985283375 0.0624612421
vn 0.0932473466 0.993267953 -0.0687289611
vn 0.121546149 0.988185883 -0.093355298
vn 0.196130097 0.970754147 -0.138453469
vn 0.381054491 0.920706928 -0.0842391178
vn 0.363198072 0.92782563 0.0850106478
vn -0.375647068 0.537146688 0.755223751
vn -0.680480599 0.695348561 0.231163397
vn -0.77548033 0.489388287 0.398910224
vn -0.4077425 0.450928777 0.793983102
vn -0.519473135 0.77508992 -0.359698892
vn -0.464818001 0.872397363 -0.151219293
vn -0.276673198 0.920796633 -0.274928242
vn 0.375398427 0.899274707 0.22445707
vn -0.082832627 0.654132426 0.751830697
vn 0.161155134 0.607429743 0.77785486
vn -0.827491701 0.560918748 -0.0250537992
vn 0.0121722352 0.464076608 0.885711491
vn 0.340453863 0.336102337 -0.878137946
vn 0.908680677 0.362974703 -0.206273496
vn 0.753274381 0.418304116 0.50754261
vn -0.356383085 0.933262527 -0.0448561683
vn 0.0683620274 0.846087575 0.528642118
vn 0.269450814 0.826325715 -0.494552344
vn 0.798013389 0.589328587 -0.125962183
vn 0.672370315 0.631905138 0.385504991
vn -0.434276104 0.397211939 0.808471978
vn -0.583136022 0.798974574 0.146942571
vn -0.16251567 0.19766593 0.966704071
vn -0.416997671 0.384908766 0.82338208
vn -0.579552412 0.814920485 -0.00486523472
vn -0.0887699425 0.684120834 -0.723946571
vn -0.0419793837 0.648107469 -0.760390937
vn 0.115021229 0.560861528 -0.819880724
vn -0.583440542 0.801900208 0.128659651
vn -0.0105351834 0.614083588 -0.789170742
vn -0.0676267222 0.64327234 -0.762645066
vn -0.0755325407 0.6470626 -0.758686244
vn -0.239505097 0.74708879 -0.620077074
vn -0.566613257 0.813278496 -0.132391438
vn -0.596505582 0.800352335 -0.0601443164
vn -0.453115642 0.532832265 0.714685917
vn -0.43233192 0.50210315 0.748987079
vn -0.449173182 0.487215221 0.748908997
vn -0.449168801 0.487164944 0.748944402
vn -0.428031981 0.430805415 0.794477999
vn -0.327129424 0.311888576 0.892026842
vn 0.363868952 0.850297689 -0.380253822
vn 0.200218275 0.891045451 -0.407370329
vn 0.174051955 0.874105573 -0.453481436
vn -0.0301272348 0.848832369 -0.527802944
vn -0.0067711384 0.761998773 -0.647543132
vn 0.249033466 0.806577325 -0.536111176
vn 0.576934695 0.816743851 0.00870275963
vn 0.773254097 0.623374879 -0.116111383
vn 0.814864874 -0.0185938794 0.579352856
vn 0.398584425 0.0573056005 0.915339589
vn 0.808280468 0.0806014836 0.583254695
vn 0.811815977 0.0797718763 0.57843858
vn 0.821597278 0.0840729624 0.563834608
vn 0.275816828 0.949370682 0.150400817
vn 0.818787038 0.570496738 -0.0641968548
vn 0.172171518 0.902331591 -0.395164102
vn -0.216253638 0.905300021 -0.365603775
vn 0.269282341 0.751424313 -0.602369249
vn 0.033061631 0.572495699 -0.819240808
vn 0.719552934 0.57968837 -0.382367462
vn 0.62163347 0.403437108 -0.671424091
vn 0.209639221 0.971813262 -0.107843734
vn 0.661120772 0.722392023 -0.20265542
vn -0.35567981 0.792174935 -0.495934218
vn -0.14646478 0.516920567 -0.843410492
vn 0.472872704 0.552643478 -0.686277509
vn 0.365582287 0.0709367096 0.928072035
vn 0.398207784 0.0620620884 0.91519326
vn 0.662885427 0.0738657415 0.745068252
vn 0.985990286 0.164154276 -0.0296042822
vn 0.928583801 0.200080901 -0.312569529
vn 0.805227816 0.2101776 -0.554466903
vn 0.945171893 0.13346085 0.298057586
vn 0.783698499 0.164463922 -0.598972499
vn 0.771636724 0.159300804 -0.615792155
vn 0.787057519 0.148804799 -0.598663092
vn 0.895709634 0.115236022 -0.429447383
vn 0.999511123 0.00797346793 -0.0302299652
vn 0.99999702 0.00200948375 0.00136294228
vn 0.986949027 -0.00508488389 0.160952449
vn 0.971614599 -0.0156680811 0.236049995
vn -0.0321720168 0.999144197 0.0259978604
vn 0.198631659 0.980011106 -0.0111194076
vn -0.0177407246 0.986797929 0.1609817
vn 0.199989498 0.971391976 0.128069475
vn -0.0134739941 0.982280254 0.186933205
vn -0.133163571 0.981143951 0.140085265
vn -0.230092764 0.0216030199 -0.972928882
vn -0.466724515 -0.125791162 -0.875411153
vn -0.956027031 -0.227962866 -0.18451345
vn -0.953487813 -0.224753141 -0.200865701
vn -0.897849739 -0.177516669 -0.402931422
vn -0.830279946 -0.102887549 -0.54776752
vn -0.557406902 0.0884814784 -0.825511098
vn -0.552187741 0.0974219888 -0.828008294
vn -0.950850368 -0.231560647 0.20558013
vn -0.772056103 -0.0388906486 -0.634363472
vn -0.251166999 -0.258643627 -0.9327479
vn -0.666091084 -0.395301729 -0.632502377
vn -0.247012213 0.310681164 -0.917857349
vn -0.366170466 0.561797738 -0.741823792
vn -0.559164703 0.319579571 -0.764986098
vn -0.93142271 0.363836855 0.00862481445
vn -0.964690983 -0.135058999 -0.226120204
vn 0.204713181 -0.122292817 -0.971152425
vn -0.589387119 -0.201784968 -0.782244027
vn 0.817077816 0.566456199 -0.107290298
vn -0.704883158 0.43690902 0.558793426
vn -0.983100533 -0.000795496977 -0.183064878
vn 0.540943503 0.207599342 -0.815035343
vn -0.441708744 0.178841472 -0.879152596
vn 0.96665138 0.215165153 0.138884977
vn -0.31641838 0.185881093 0.930229843
vn -0.978502154 0.15201202 -0.139376402
vn 0.527716696 0.719557583 -0.451389045
vn -0.26411435 0.831988573 -0.487892061
vn 0.733159721 0.653600514 0.187838182
vn -0.10408359 0.773195207 0.625568449
vn -0.687312305 0.720839977 0.0893948525
vn -0.385053039 0.258605093 -0.885921955
vn -0.520648003 0.0912872925 -0.848877072
vn -0.712856114 -0.0174901187 -0.701092184
vn -0.886774659 -0.153473511 -0.435977697
vn -0.899214685 -0.160060823 -0.407177359
vn -0.945493639 -0.193195507 -0.262139916
vn -0.971210897 -0.235760346 -0.0341520198
vn -0.947825074 -0.227086127 0.223739743
vn -0.944963217 -0.226294652 0.236294463
vn 0.14855437 0.89676106 0.416834712
vn 0.0431980975 0.947514772 0.31678018
vn 0.113387048 0.960045278 0.255844474
vn 0.0333969146 0.994035721 0.103815585
vn 0.161806792 0.986174583 0.0357551537
vn 0.238074124 0.93761158 0.25338757
vn -0.0679569915 0.296222448 0.95269835
vn 0.195291921 0.150693119 0.969098926
vn -0.249352723 0.111428551 0.961980641
vn -0.319595009 0.08274661 0.943934321
vn -0.472828835 0.0149103096 0.881028116
vn -0.412738979 0.503677011 0.75891763
vn 0.15875867 0.343434185 0.925661266
vn -0.0225862134 0.578077078 0.815669477
vn -0.377823442 0.915985107 0.134983614
vn 0.382800907 0.501373708 0.775943279
vn 0.396586835 0.917510092 0.0299027655
vn 0.435784757 0.231917277 0.86965853
vn 0.636622787 0.548075914 0.54251653
vn -0.571216047 0.361831069 0.736743271
vn -0.362638116 -0.131718114 0.922574699
vn -0.842432022 0.399103224 -0.361973643
vn -0.171561643 0.527194798 -0.83224535
vn 0.917044878 0.116702572 0.381325722
vn -0.385739803 0.774264574 0.501716077
vn 0.118118413 0.552451134 0.82513386
vn -0.363090187 0.901872218 -0.234077275
vn 0.188625142 0.857543647 -0.478580594
vn 0.643122256 0.722764134 0.252993554
vn -0.226064503 0.10302598 0.968648851
vn 0.103140116 0.193522722 0.975659251
vn 0.384438872 0.307836145 0.870312333
vn 0.558238566 0.37066406 0.742278695
vn 0.816188931 0.565949917 0.116345115
vn 0.798856199 0.585630894 -0.137351036
vn 0.699382961 0.430508077 0.570549011
vn 0.797372997 0.601406097 0.05006909
vn 0.625161052 0.502770662 0.596988738
vn 0.0337151363 0.208079219 0.977530718
vn -0.136574075 0.153264686 0.978701949
vn -0.195461571 0.132178813 0.971763134
vn 0.603082538 0.481553078 0.635922968
vn 0.45306766 0.416562885 0.788165689
vn -0.319553345 0.945430279 -0.0636174679
vn -0.114874557 0.967930138 -0.223416895
vn -0.128181592 0.960689902 0.246260867
vn 0.0926819742 0.993622661 0.064220041
vn -0.0134318294 0.963742137 0.266497314
vn -0.188996866 0.964041352 0.186826959
vn -0.988628864 0.0784190223 -0.128309429
vn -0.896286845 0.319742024 -0.307302326
vn -0.67367512 0.345286161 -0.653405905
vn -0.970301569 -0.00812447723 -0.241762057
vn -0.803496897 0.593468428 -0.0467735119
vn -0.339291602 0.939176261 -0.0531896316
vn -0.868425846 0.436696589 0.234803528
vn -0.596483588 0.569722593 0.565352619
vn -0.977284253 0.143364727 0.15608342
vn -0.931982577 0.10095875 0.348160595
vn -0.380647212 0.371187717 -0.846951842
vn -0.958274543 0.0414131768 -0.282833457
vn 0.535876453 0.841610014 -0.0672979876
vn -0.174822733 0.324203432 0.929693103
vn -0.87260282 0.00439793663 0.488410532
vn -0.16942665 0.415096164 -0.893862247
vn -0.946270406 0.140556738 -0.291232169
vn 0.928029597 0.356854111 -0.106846288
vn 0.24648571 -0.0462747402 0.968041003
vn -0.817813933 -0.0847131386 0.569213569
vn -0.114561364 0.659378767 -0.743031204
vn -0.748735309 0.550870538 -0.368696302
vn 0.656469405 0.740290821 -0.144973516
vn 0.309280157 0.698517799 0.645305157
vn -0.583202899 0.706914485 0.400182813
vn -0.809450388 -0.037231721 -0.58600682
vn -0.976741433 -0.115764573 -0.180484772
vn -0.9157691 -0.0888151303 -0.391763717
vn -0.985804677 -0.023127038 -0.166295886
vn -0.908687472 -0.0525300987 0.414159238
vn -0.89265871 -0.0542946123 0.447450995
vn -0.819567442 -0.0419732779 0.571443319
vn -0.997216284 -0.033995457 -0.0663623139
vn -0.99925071 -0.0347221494 -0.017098885
vn -0.835371435 -0.0818979666 0.543550611
vn -0.857119024 -0.0914524719 0.506935298
vn -0.873059809 -0.0962340459 0.478022486
vn -0.89534682 -0.103077032 0.433277458
vn -0.991514623 -0.12630339 0.0307609942
vn -0.991604209 -0.127812102 -0.0196291246
vn 0.249730259 0.964917004 -0.081056051
vn 0.3908225 0.90936625 -0.142516136
vn 0.211724699 0.977148652 0.018791927
vn 0.297399163 0.953628004 -0.04634073
vn 0.14107281 0.989212751 0.0394562781
vn 0.0952106565 0.995311618 0.01701946
vn -0.255849004 0.265386194 -0.92957598
vn 0.440513819 0.453449756 -0.774810195
vn 0.497852743 0.516613722 -0.696601033
vn 0.224110112 0.56878221 -0.791366816
vn 0.579482496 0.663448691 -0.473324388
vn 0.801915646 0.503876865 -0.320997417
vn 0.846635699 0.494311422 -0.197139859
vn 0.85873431 0.509651184 -0.0532078706
vn 0.857294619 0.513276875 0.0399093963
vn -0.125436559 0.135309175 -0.98283118
vn 0.0441625006 0.43310225 -0.900262237
vn -0.272294879 0.893368542 -0.357418776
vn 0.316433519 0.849476576 -0.422207773
vn -0.79556042 0.600110233 0.0833744407
vn 0.0785533935 0.754192531 -0.651937902
vn -0.293684155 0.785978675 -0.544046998
vn 0.337518394 0.198356092 -0.920182705
vn -0.421683371 0.337635726 -0.841537416
vn 0.799113095 0.432602227 0.417460859
vn -0.697835505 0.523802876 0.488524586
vn -0.844501972 0.47895664 -0.239618436
vn 0.618377626 0.594041526 -0.514513075
vn 0.145456746 0.829791248 -0.538784564
vn 0.610405505 0.791968048 0.0138429999
vn -0.163000479 0.909149587 0.38324675
vn -0.38678664 0.918632209 -0.0806902647
vn 0.84818536 0.52921313 -0.0226924047
vn 0.821320474 0.552066803 -0.143718377
vn 0.817914426 0.547930717 -0.175464422
vn 0.643514991 0.588079393 -0.489950031
vn 0.381064862 0.555667937 -0.738933563
vn 0.0603744984 0.476737767 -0.876969814
vn -0.0748534054 0.426552176 -0.901360095
vn -0.260550857 0.29319641 -0.919863701
vn -0.333898902 0.253484964 -0.907885969
vn -0.253793925 0.832842112 0.491896838
vn -0.537582159 0.784069479 0.310226321
vn -0.410773277 0.909839034 0.0588066056
vn -0.72003752 0.692282617 -0.0478618518
vn -0.590430617 0.806246638 -0.036849916
vn -0.405050814 0.883004427 0.237143263
vn 0.210291803 0.634749413 0.743552685
vn -0.0834826306 0.62436974 0.776655018
vn -0.279253483 0.388178647 0.878256619
vn 0.350715816 0.407312274 0.84326458
vn -0.210537866 0.804585874 0.555261493
vn -0.587344289 0.713128924 0.3827191
vn 0.0760549083 0.924194992 0.37427184
vn 0.0509264581 0.996430814 -0.0673206821
vn 0.316532344 0.792011023 0.522040069
vn 0.609564424 0.718058348 0.335892051
vn -0.734089196 0.112829402 0.669613779
vn 0.122433186 0.249459088 0.960614502
vn -0.942662954 0.325837195 -0.072225526
vn -0.351415694 0.672838151 -0.650996029
vn 0.615931273 0.778601527 -0.120034367
vn -0.618736088 -0.0143430484 0.785467982
vn 0.278224736 0.265071124 0.923216283
vn -0.967484891 0.0574426018 -0.246319428
vn -0.179818094 0.426045716 -0.886651337
vn 0.783913314 0.608372211 -0.123948522
vn -0.612734556 0.305117279 0.729012966
vn 0.0775607079 0.497269928 0.864122093
vn -0.946843863 0.236999094 -0.217527255
vn -0.571828365 0.574562788 -0.585568011
vn -0.00630242471 0.941938102 0.335727543
vn -0.599601924 0.384634197 0.701807737
vn -0.615948617 0.367877096 0.696615875
vn -0.688584328 0.336505055 0.642351866
vn -0.0224303696 0.863663673 0.503569245
vn -0.134217888 0.786196768 0.603224874
vn -0.387097389 0.572238684 0.72297889
vn -0.753695726 0.324327767 0.5716241
vn -0.634992242 0.658801794 0.403441459
vn -0.602982223 0.78363204 0.149443373
vn -0.593579412 0.796515226 0.115007982
vn -0.425653726 0.904867887 0.00576323969
vn -0.351404697 0.935531735 -0.0359892659
vn -0.31448707 0.947291493 -0.061128214
vn -0.231504738 0.965806901 -0.116715506
vn -0.224563748 0.966849923 -0.121541448
vn -0.198256761 0.964813828 -0.172709733
vn -0.576258898 0.810328603 0.106269941
vn -0.512082696 0.855600119 0.0756281614
vn 0.240456671 0.970348895 0.0245714616
vn 0.511806548 0.858670115 0.0271983799
vn 0.746004283 0.664779305 0.039320495
vn 0.760100007 0.649506152 -0.019742921
vn -0.130637467 0.986882448 -0.0948522016
vn -0.129451737 0.987232924 -0.0928087905
vn -0.0313013494 0.998513103 -0.0446294136
vn 0.0386758 0.999161243 -0.013448108
vn 0.138805866 0.990298092 0.00652876263
vn 0.740398467 0.66846025 0.0705062374
vn 0.437441289 0.883185863 0.169197708
vn 0.43753615 0.869056165 0.230875313
vn -0.018038122 0.875368237 0.483120233
vn -0.0717615336 0.996584177 0.040868137
vn -0.179974392 0.961699128 -0.206746221
vn -0.0301706605 0.970103085 -0.240810916
vn -0.0351932347 0.851879239 -0.522554338
vn 0.223187163 0.84933418 -0.478350222
vn 0.177890688 0.977226019 -0.115689829
vn -0.225572124 -0.55251509 0.802399039
vn -0.490662426 -0.400339454 0.773937166
vn -0.719001055 -0.413251966 0.558802485
vn -0.201343283 -0.701776028 0.683352947
vn -0.461880386 -0.0936616734 0.881982923
vn -0.718281627 0.249385148 0.649521828
vn -0.158663467 -0.0615491904 0.985412359
vn 0.074579604 0.369018525 0.926424921
vn -0.00617725635 -0.360172153 0.932865441
vn 0.309313416 -0.370740592 0.875714898
vn -0.826492965 -0.32108438 0.462400377
vn -0.213170141 -0.55311799 0.805368781
vn -0.900826573 0.430397332 -0.057180874
vn 0.670376599 0.695997298 0.257260323
vn 0.532301009 -0.269616038 0.80247283
vn -0.911797225 -0.22016494 0.346631318
vn -0.250930786 -0.240751848 0.937588513
vn -0.707628012 0.113644078 -0.697386384
vn 0.823695123 0.368796915 -0.430714697
vn 0.655416071 0.00340104522 0.755260408
vn -0.96726954 -0.136781156 0.213730201
vn -0.261886001 -0.0195346233 0.96490109
vn -0.499561787 -0.0727687776 -0.863216579
vn 0.810445309 0.138888136 -0.569112062
vn 0.745008826 0.138260633 0.652568579
vn -0.989922166 -0.0115562379 0.141140357
vn -0.243899703 0.161465645 0.956264436
vn -0.365855038 -0.138931692 -0.920243502
vn 0.796705842 -0.0240135323 -0.603890061
vn 0.819744051 0.156319618 0.550984323
vn -0.731262743 0.676529348 -0.0869640931
vn -0.163851619 0.750933886 0.639727414
vn -0.176519439 0.335881501 -0.92521596
vn 0.643278062 0.346922457 -0.68252331
vn 0.64992702 0.721871495 0.237689465
vn 0.054356847 -0.365180224 0.929348588
vn -0.165597603 -0.339725465 0.925831616
vn -0.228198245 -0.329198986 0.916271567
vn -0.560795844 -0.145685017 0.815036058
vn -0.613252878 -0.127096906 0.779594302
vn -0.644570768 -0.111184709 0.756416857
vn -0.256728828 -0.327381939 0.909346581
vn 0.000518345158 -0.364240527 0.931304812
vn -0.33468163 -0.292720288 0.895713687
vn 0.0952077135 -0.374717146 0.922237754
vn 0.165111154 -0.380268931 0.910018623
vn 0.513317287 -0.300076663 0.804026961
vn 0.532071948 -0.2926732 0.794507325
vn 0.206586465 -0.373033583 0.904526412
vn 0.166317582 -0.379199058 0.91024524
vn -0.233539879 0.96996671 -0.0679984018
vn 0.0323854089 0.997149408 -0.0681492686
vn -0.00535424892 0.995328546 0.0963969156
vn 0.09437567 0.98551482 0.140902966
vn -0.0605822839 0.949764907 0.307044625
vn -0.296842277 0.929818034 0.217538655
vn -0.724650025 0.372406304 -0.57982403
vn -0.508115947 0.477406293 -0.716869175
vn 0.586276889 0.71439141 -0.382000268
vn -0.442511171 0.805657268 -0.393827856
vn -0.448929399 0.702904999 -0.551712692
vn 0.618275762 0.7457605 0.248145923
vn -0.677453518 0.675033271 -0.29221034
vn 0.151952669 0.809868991 0.566588521
vn -0.813550293 0.467004567 -0.346471846
vn -0.459405512 0.793681383 0.398768634
vn 0.379527152 0.55443722 -0.740647316
vn -0.803680778 0.377800673 -0.459743232
vn 0.793166578 0.473887354 0.382514685
vn -0.0775574595 0.567188084 0.819928348
vn -0.793312788 0.450431734 0.409592718
vn 0.348627388 0.824363649 -0.445963472
vn -0.612491131 0.695806026 -0.37511152
vn 0.561389863 0.765156806 0.315240204
vn 0.00626429403 0.653845251 0.756602407
vn -0.653416395 0.58164835 0.484491736
vn -0.665779054 0.72533977 -0.174986869
vn -0.0756031349 0.931801856 -0.355006158
vn 0.373676151 0.837647796 -0.398387015
vn 0.461685151 0.81132102 -0.358615458
vn -0.825137854 0.561259031 0.0643108338
vn -0.822660863 0.565430641 0.0593055412
vn 0.775479674 0.564300656 -0.283188939
vn 0.262120456 0.779039741 -0.569552362
vn -0.644277871 0.651441634 -0.400661826
vn 0.373573422 0.743550241 -0.554595351
vn -0.932301581 0.267900616 0.242987409
vn -0.906732023 0.18010442 0.381313026
vn -0.85179472 0.0722038746 0.518875897
vn -0.678339601 0.632029116 -0.374692619
vn -0.700605989 0.62385112 -0.346353948
vn -0.896282732 0.16672042 0.410951972
vn -0.91958338 0.274640679 0.280960649
vn 0.269172549 0.936407328 0.225138858
vn 0.0930138528 0.959492445 0.265937507
vn 0.082831867 0.983009756 0.163800701
vn -0.0971901044 0.988843858 0.112879731
vn -0.0377969928 0.997859955 -0.053355556
vn 0.198546797 0.979568362 0.0320156924
vn 0.701180518 -0.247083902 0.668801546
vn 0.532475233 -0.144543365 0.834012687
vn 0.387291074 -0.0382560976 0.921163499
vn 0.771022916 -0.24199599 0.589034498
vn 0.517481506 0.0779513046 0.852136433
vn 0.121758945 0.393848628 0.911075294
vn 0.951578975 0.285706043 -0.113444246
vn 0.716270447 0.445189655 -0.537366509
vn 0.999962568 0.00701253302 -0.00504086772
vn 0.957855582 -0.0307333879 -0.285601437
vn 0.343749255 0.235887736 0.908951879
vn 0.922121942 0.016289901 0.386556178
vn -0.51355052 0.722424984 0.462998897
vn 0.110142432 0.484334588 -0.867922068
vn 0.904729545 0.0639981404 -0.421151459
vn -0.0228507221 0.206430972 0.978194237
vn 0.947037756 0.149768472 0.284057766
vn -0.907514572 0.41996181 0.00702212099
vn -0.263039708 0.408618867 -0.873979747
vn 0.676296651 0.272114545 -0.684526503
vn 0.0156438854 0.700380325 0.71359843
vn 0.705901682 0.628869712 0.325922936
vn -0.61097461 0.790241897 0.0471987575
vn -0.234361067 0.795934737 -0.558178246
vn 0.513641119 0.760430694 -0.397389174
vn 0.0671555176 -0.284481645 0.956326425
vn -0.164858028 -0.263546616 0.950455248
vn 0.559405565 -0.231889501 0.795796931
vn 0.170417815 -0.287055314 0.942633033
vn 0.437405199 -0.210495219 0.874281704
vn 0.45009926 -0.207332745 0.868575692
vn 0.0142973913 -0.265438855 0.964021623
vn 0.174490407 -0.261980206 0.949167728
vn 0.6720469 -0.154882208 0.724130154
vn 0.889945984 -0.0400239415 0.454306275
vn 0.985534251 0.0767251849 0.151113883
vn 0.989867151 0.108907357 0.0911163911
vn 0.987404346 0.141230047 0.0713207647
vn 0.94863826 0.00986900367 0.316209048
vn 0.648502886 -0.20519796 0.733033299
vn 0.566855311 -0.22981742 0.791112483
vn 0.979466021 0.06598638 0.190504983
vn -0.154263824 0.975560248 0.156476349
vn -0.149761707 0.988507688 -0.0205915272
vn -0.0701326877 0.997500241 -0.00863900129
vn 0.00810972415 0.998674989 -0.0508188941
vn 0.183697611 0.97678864 0.110178143
vn 0.0598645732 0.956015885 0.287140757
vn -0.90506053 -0.0910608843 0.415419549
vn -0.986154735 0.00528632523 0.165743247
vn -0.989791155 0.129631191 -0.0592389181
vn -0.868253291 -0.076329045 0.490214258
vn -0.962493956 0.237217233 0.131656438
vn -0.646983743 0.722917914 -0.242490366
vn -0.828080654 0.265568405 0.493716419
vn -0.17828162 0.803148568 0.568478703
vn -0.796292722 0.0179843791 0.604644001
vn -0.444719493 0.18964389 0.875362694
vn -0.949362874 0.178216279 -0.258745402
vn -0.858548701 -0.0146999881 0.512521207
vn -0.259875417 0.686282456 -0.67932409
vn 0.529733896 0.756654918 0.383217156
vn -0.147094324 0.183920071 0.971872628
vn -0.912114143 0.148052871 -0.382267028
vn -0.839858532 0.0946898088 0.5344823
vn 0.06744124 0.307588011 -0.949126601
vn 0.917215288 0.324594647 0.230985746
vn 0.042746909 0.159250334 0.98631233
vn -0.612067759 0.745595217 -0.263553947
vn -0.542803168 0.686612666 0.483660668
vn 0.188606933 0.844614148 -0.501053095
vn 0.69577688 0.673418224 0.249805063
vn 0.16943723 0.603818893 0.778905451
vn -0.710174084 -0.07609009 0.699902117
vn -0.887746334 -0.00381676084 0.460317016
vn -0.888557851 -0.00339547568 0.458752185
vn -0.984368682 0.170834273 -0.0428231768
vn -0.982523918 0.176052466 -0.0604323745
vn -0.966050208 0.214394256 -0.144159526
vn -0.933803618 0.24989374 -0.256054461
vn -0.898406148 0.259784013 -0.354088455
vn -0.941932559 0.221098095 -0.252742559
vn -0.977850676 0.170315355 -0.121658899
vn -0.961582541 0.0710547417 0.265160531
vn -0.907746136 0.0292652901 0.418497831
vn -0.802620769 -0.00752226077 0.596442223
vn -0.493825465 -0.0978784487 0.864034832
vn -0.355115682 -0.131471142 0.925531268
vn -0.0498099625 -0.174596369 0.983379364
vn -0.347423702 -0.150281206 0.925587535
vn -0.37876457 -0.146024644 0.913900554
vn -0.612168133 -0.102705687 0.784029186
vn 0.316137016 0.943481982 -0.0994949341
vn 0.188131571 0.947342277 0.259131581
vn 0.0154431909 0.998108387 -0.0595071353
vn -0.22458005 0.951504827 0.210243434
vn -0.375998735 0.901198208 -0.215561345
vn 0.0018209921 0.912536502 -0.408991426
vn 0.774262428 0.430660307 -0.46373412
vn 0.75406754 0.610856891 -0.241321087
vn 0.703961909 0.689059019 0.172149226
vn 0.851661742 0.38700968 -0.353405982
vn 0.444717556 0.856968641 -0.260443956
vn 0.03324949 0.993809521 0.106005125
vn 0.354000032 0.681037962 -0.640992403
vn -0.168014795 0.762950718 -0.624241412
vn 0.574622512 0.44413349 -0.687425911
vn 0.426864773 0.38216567 -0.81959492
vn 0.249737173 0.466681451 0.848433673
vn 0.93530786 0.240196124 0.259817272
vn -0.502240181 0.577655256 0.643482149
vn -0.866273284 0.498737335 -0.028839441
vn -0.173453629 0.279059529 -0.944478512
vn 0.354128957 0.352902532 0.866055727
vn 0.979865968 0.199501023 -0.00788137969
vn -0.618987203 0.374503225 0.690363705
vn -0.950052619 0.253019661 -0.18270494
vn -0.0769116208 0.112075515 -0.990718722
vn 0.435274452 0.588613331 0.681227207
vn 0.81522578 0.570994735 -0.0968087316
vn -0.506951928 0.591628075 0.626878023
vn -0.844890058 0.434102833 -0.312594831
vn 0.0495861024 0.499153495 -0.865093708
vn 0.985415041 0.138729647 0.098545827
vn 0.890341461 0.0780242085 0.448558092
vn 0.987872839 0.143291861 0.0597875789
vn 0.783350945 0.313351005 -0.536816895
vn 0.744641662 0.330683053 -0.579791069
vn 0.429985523 0.366510957 -0.825095177
vn 0.982975304 0.151809871 0.103505343
vn 0.985261738 0.167708322 0.0336636007
vn 0.924610496 0.228161544 -0.305020928
vn 0.20769687 0.312230587 -0.927024305
vn 0.183323666 0.306115866 -0.934176326
vn 0.107570872 0.299160212 -0.948120117
vn -0.296209186 0.321670145 -0.899326682
vn 0.227563575 0.3327429 -0.915148675
vn 0.392029166 0.335096985 -0.856751442
vn -0.0161234979 0.343763232 -0.938917875
vn 0.610795677 0.306546718 -0.730039418
vn 0.794369757 0.260223538 -0.548871875
vn 0.961072803 0.201216236 -0.189343542
vn 0.260846913 0.96030575 -0.0988523066
vn 0.142253518 0.950089097 0.277659357
vn -0.0501862615 0.998143613 -0.0345080309
vn -0.288858563 0.927913487 0.235663518
vn -0.430524737 0.879736423 -0.201772839
vn -0.0608944967 0.916429341 -0.395536661
vn 0.950023234 -0.282889783 0.132020399
vn 0.918910563 -0.143583179 0.36740616
vn 0.835546851 -0.18653731 0.516783595
vn 0.915903509 -0.398288906 0.0498662814
vn 0.912903965 0.0987519771 0.396048546
vn 0.646383882 0.328576446 0.688640296
vn 0.993958771 0.0857181177 0.0685440451
vn 0.790589988 0.542454004 -0.284097016
vn 0.977999091 -0.194900066 -0.0743763149
vn 0.838794589 -0.24544017 -0.485986412
vn 0.784196913 -0.0417166837 0.6191082
vn 0.979090452 -0.196111307 -0.0540577099
vn 0.0695592687 0.409487993 0.909659982
vn -0.459989369 0.678316474 -0.572971642
vn 0.573781669 -0.0249078423 -0.818629503
vn 0.715305328 0.208432496 0.66700393
vn 0.97113204 0.155703992 -0.180717021
vn -0.370837748 0.27814132 0.886068046
vn -0.810757816 0.240374416 -0.53375262
vn 0.331903547 0.153242111 -0.930782914
vn 0.650319219 0.19839865 0.733295858
vn 0.942173302 0.200178176 -0.268771529
vn -0.527845025 0.0828681886 0.845288455
vn -0.855230868 0.00797987916 -0.518185675
vn 0.244628504 0.105418064 -0.963869274
vn 0.468889326 0.571917355 0.673092306
vn 0.772628009 0.584488094 -0.247829869
vn -0.56879735 0.481552094 0.666766226
vn -0.812273622 0.402174741 -0.422453672
vn 0.0693513006 0.458209902 -0.886134267
vn 0.828588605 -0.314500242 -0.463174433
vn 0.988945425 -0.0509687476 0.139244914
vn 0.987770677 -0.0462947749 0.148882031
vn 0.885930479 0.140715271 0.441957355
vn 0.870141745 0.154121146 0.468081236
vn 0.788206697 0.204513356 0.58043474
vn 0.984128058 -0.0642641932 0.165415019
vn 0.922174335 -0.260247827 -0.286121488
vn 0.914194643 -0.267336667 -0.304596901
vn 0.959881663 0.00475013675 0.280364901
vn 0.465462118 -0.38998723 -0.79451561
vn 0.420764774 -0.392178237 -0.8180179
vn 0.281055957 -0.382522613 -0.880161345
vn 0.828116477 -0.321847856 -0.458952218
vn 0.823888004 -0.317143679 -0.469711155
vn 0.42072776 -0.392877758 -0.81770128
vn 0.437913924 -0.392215729 -0.808948815
vn 0.72499764 -0.351348311 -0.592395842
vn 0.814580202 -0.321081936 -0.483079195
vn -0.0104860598 0.997256875 -0.0732720643
vn 0.206447169 0.969968021 0.128614143
vn -0.0624487214 0.997773528 0.0234139636
vn 0.0507344343 0.947907865 0.314478397
vn -0.26262778 0.950528502 0.165897861
vn -0.272019625 0.959174514 -0.0773923844
vn 0.375516444 -0.713422477 -0.59162128
vn 0.878802419 -0.289886266 -0.379041016
vn 0.772878766 -0.28272444 -0.568089247
vn 0.43249777 -0.549500585 -0.714839041
vn 0.745681345 -0.0094338879 -0.666235864
vn 0.892681777 -0.28221482 -0.351388752
vn 0.852351427 -0.298133552 -0.429666609
vn 0.750547409 -0.312816292 -0.582086265
vn -0.348695189 -0.193298131 -0.917086422
vn 0.00908438861 -0.302258611 -0.953182638
vn 0.915495157 0.185822785 -0.3568452
vn 0.459518582 -0.207294211 -0.86363858
vn 0.615714073 0.787425995 0.0292656645
vn 0.205938235 0.0276725739 -0.978173733
vn -0.344500631 0.89449048 -0.284967005
vn -0.370851457 0.123526931 -0.920440257
vn 0.965407908 0.0769793242 -0.249122024
vn 0.388853282 -0.0965511501 -0.916226566
vn 0.577977359 0.553252399 0.599878252
vn -0.72652483 0.661427557 0.186212704
vn -0.552256286 0.148897797 -0.820269763
vn 0.989816189 -0.0402997807 -0.136527643
vn 0.330472112 0.0417379588 -0.942892492
vn 0.363583505 0.159245923 0.917849541
vn -0.863842666 0.364563465 0.347662598
vn -0.633761048 0.239537403 -0.735505819
vn 0.995496869 0.0947797373 0.00165749202
vn 0.320162505 0.154851183 -0.934621274
vn 0.242898211 0.0996259227 0.964922428
vn -0.862726688 0.168932214 0.476617813
vn -0.733360708 0.195575088 -0.651101053
vn 0.738892376 0.649295866 0.180147097
vn 0.209104836 0.79053545 -0.575611711
vn 0.230718896 0.566694021 0.790965736
vn -0.67776233 0.589130759 0.439958215
vn -0.663985729 0.622836053 -0.413761079
vn -0.167850718 -0.248241335 -0.954045296
vn -0.221159756 -0.232501715 -0.947117448
vn 0.729535103 -0.316117048 -0.606505215
vn 0.43716228 -0.327409327 -0.837670743
vn 0.254661202 -0.315680385 -0.91405338
vn -0.348937988 -0.193207711 -0.917013109
vn 0.308754534 0.933858216 -0.180498078
vn 0.164126128 0.953660369 -0.252179384
vn 0.148067415 0.942694426 -0.299003839
vn 0.0859383121 0.935923696 -0.341557324
vn 0.17252554 0.914738953 -0.365359545
vn 0.322656602 0.905015588 -0.277199179
vn 0.405707359 0.697663963 0.590479851
vn 0.137637809 0.788114846 0.599942386
vn -0.0772391111 0.686707616 0.722818613
vn 0.486027092 0.537705183 0.688949049
vn 0.0728057399 0.917762578 0.390398651
vn -0.399262249 0.8434304 -0.359464705
vn 0.67454958 0.720806241 -0.159440309
vn 0.157742262 0.668357193 -0.726922393
vn 0.773388624 0.617515326 0.143334657
vn 0.937929213 0.341731399 -0.0592329614
vn -0.229672953 0.558791101 0.796870649
vn 0.55218333 0.377284855 0.743471324
vn -0.646259487 0.621256948 -0.443157434
vn 0.103675887 0.396005273 -0.912376642
vn 0.95788908 0.268692404 0.101256922
vn -0.360793859 0.477206916 0.801312208
vn 0.515370488 0.324543893 0.793135822
vn -0.837989807 0.387059122 -0.384653479
vn -0.0149955247 0.109021589 -0.993926227
vn 0.995646119 0.0919074416 -0.0155529054
vn -0.485179156 0.4804582 0.730589509
vn 0.494680852 0.377035737 0.783029258
vn -0.934360743 0.220631644 -0.279806525
vn -0.077227205 -0.104229555 -0.991550386
vn 0.983015895 0.0203896798 -0.182383925
vn -0.106466904 0.96709913 0.231050387
vn 0.551832199 0.751583219 0.361391693
vn -0.456558228 0.783339262 -0.421822637
vn 0.11505045 0.589452088 -0.799568415
vn 0.758087993 0.606203258 -0.240458012
vn -0.0350272991 0.527075827 0.849096119
vn -0.23746857 0.574766934 0.783103943
vn -0.326129556 0.56110394 0.760790288
vn 0.420823872 0.435992926 0.795498252
vn 0.351781309 0.450631589 0.820476174
vn -0.246661946 0.587291718 0.770873785
vn -0.00726556499 0.677648425 0.735350132
vn 0.0792819411 0.745317876 0.661978602
vn 0.178645819 0.819116175 0.545100391
vn 0.179439515 0.930582225 0.319089741
vn 0.17191793 0.95805335 0.22929886
vn 0.839366555 0.416805565 -0.348908156
vn 0.865748525 0.18894133 -0.463444293
vn 0.194087863 0.98098129 -0.00239433045
vn 0.296166301 0.95301646 -0.0636013225
vn 0.571955264 0.769820154 -0.283273697
vn 0.942549109 0.158397272 -0.294128418
vn 0.977812767 0.064688243 -0.199242488
vn 0.97075963 0.238862336 -0.0238826815
vn 0.873454511 0.360974401 0.326764017
vn 0.474563777 0.452777624 0.754838824
vn 0.169940516 0.966591299 0.191888988
vn -0.0251444113 0.993682921 0.109371163
vn 0.0666207895 0.997766495 -0.00487903506
vn -0.0894083455 0.983946979 -0.154448837
vn 0.0861052424 0.959302366 -0.268932641
vn 0.25498262 0.966233611 -0.0371003747
vn 0.411490053 0.270490825 0.870350897
vn 0.190715075 0.407434493 0.893098474
vn 0.0295930002 0.220594406 0.974916577
vn 0.527945995 0.00482820533 0.849264264
vn 0.218130812 0.664417028 0.714820921
vn -0.0268253013 0.861491263 0.507063448
vn 0.486117691 0.668982089 0.562274575
vn 0.714652479 0.698751926 0.0318989493
vn 0.606963873 0.405705303 0.683372676
vn 0.302824289 -0.291074365 0.907509327
vn -0.717951655 -0.0716999397 0.692390501
vn -0.0743319616 -0.243153736 0.967135489
vn -0.983964086 0.177263379 0.0198080167
vn -0.44341144 0.386043519 -0.808923185
vn 0.837672949 -0.196076065 0.509762943
vn -0.76203382 -0.0257054158 0.647026777
vn 0.0367794856 -0.175993815 0.983703971
vn -0.96807766 0.160644278 -0.192403302
vn -0.187279865 0.223595694 -0.956520319
vn 0.992256045 -0.0970361754 0.0775372833
vn -0.775060356 0.0428212546 0.630434573
vn 0.155730322 -0.0542537607 0.986308515
vn -0.938783526 0.120299935 -0.322820842
vn -0.0660232827 0.0967049822 -0.993120909
vn 0.994641542 -0.0417321026 -0.0945867822
vn -0.473597825 0.729911447 0.492883891
vn 0.294104964 0.645510793 0.704853296
vn -0.595122516 0.704385936 -0.386871487
vn 0.0733770803 0.590650976 -0.80358392
vn 0.747474313 0.653913617 -0.11695753
vn -0.162738547 0.0763098523 0.983713865
vn -0.215460613 -0.00641043903 0.976491511
vn -0.165211201 0.102035142 0.980965912
vn 0.296356976 0.514293075 0.804782629
vn 0.349409759 0.65029484 0.67455864
vn -0.0986170843 0.0733512342 0.992418468
vn 0.137195379 0.348769635 0.927112281
vn -0.00879329443 0.839682758 -0.543006063
vn -0.0283134487 0.822324216 -0.568314493
vn 0.374396473 0.828460574 0.416509688
vn 0.352137268 0.934219301 0.0568665862
vn 0.267400056 0.936176896 0.228188783
vn 0.217936888 0.854160786 0.472136527
vn -0.0147904586 0.837016284 -0.546977937
vn 0.290284723 0.954522192 0.0679863691
vn 0.15534097 0.540370166 0.826963902
vn 0.108294077 0.483706385 0.868504822
vn -0.0621096268 0.985621989 -0.157135546
vn -0.0328564905 0.884842694 -0.464729846
vn 0.119029403 0.992170453 -0.0378131494
vn 0.288235664 0.868013442 -0.404317856
vn 0.300370663 0.949730575 -0.0882560611
vn 0.117136411 0.993094981 0.00643784972
vn -0.883537352 -0.463464856 -0.067543216
vn -0.896047294 -0.322192341 -0.305436254
vn -0.797590017 -0.324101686 -0.508732021
vn -0.832958341 -0.55260402 -0.0284451786
vn -0.95103097 -0.085850738 -0.296934038
vn -0.727251053 0.199158683 -0.656842232
vn -0.993428886 -0.0999683961 0.0557271056
vn -0.855772376 0.32696265 0.400935233
vn -0.912536323 -0.370900363 0.172366455
vn -0.757218659 -0.402434826 0.514457047
vn -0.723607421 -0.236850441 -0.648300946
vn -0.913515806 -0.404202849 0.0459239297
vn -0.0243939701 0.231919259 -0.972429097
vn 0.442418873 0.481900543 0.756331444
vn -0.581134558 -0.253801733 0.773218691
vn -0.647700548 0.0151353991 -0.761744797
vn -0.993546605 -0.0220995415 0.111250669
vn 0.436754674 0.14939554 -0.887088776
vn 0.719309032 0.184182569 0.669829309
vn -0.285378933 0.0593234263 0.956577003
vn -0.603295863 0.163949728 -0.780483484
vn -0.946885169 0.22072126 0.233859941
vn 0.670177639 -0.0312036555 -0.741544425
vn 0.851538479 -0.0633827671 0.520446837
vn -0.214116171 0.103071667 0.971355021
vn -0.524698853 0.135075703 -0.840503216
vn -0.956068516 0.229899049 0.181877732
vn 0.67645514 -0.103845768 -0.729125917
vn 0.907984734 -0.136139065 0.396269798
vn -0.172156662 0.087648876 0.981162429
vn -0.296053886 0.421529651 -0.857125938
vn -0.666285396 0.734812021 -0.12694487
vn 0.54839325 0.340668172 -0.763681948
vn 0.804424047 0.592004955 0.049315989
vn 0.038696222 0.856961727 0.513925254
vn -0.882569969 -0.193053618 -0.42871964
vn -0.739895642 -0.0713919699 -0.668922603
vn -0.906639099 -0.370991409 0.200925052
vn -0.944719732 -0.307526886 -0.11371842
vn -0.853786528 -0.163247839 -0.494367003
vn -0.835454524 -0.147131979 -0.529497862
vn -0.940884411 -0.333922446 0.0568522774
vn -0.806138277 -0.37527439 0.457504362
vn -0.947815001 -0.30120182 -0.104518034
vn -0.654089153 -0.360373259 0.665055335
vn -0.461672366 -0.319263965 0.827604532
vn -0.802075446 -0.375648826 0.464287579
vn -0.606207788 -0.356271088 0.711043537
vn -0.802591085 -0.390434057 0.451008737
vn -0.903928459 -0.372229636 0.210614607
vn 0.0371129699 0.993661821 -0.106107928
vn -0.00704100076 0.999691606 -0.023816647
vn -0.0767149627 0.985067725 -0.154130757
vn -0.20718953 0.978241742 -0.0107562812
vn -0.24493511 0.964829683 -0.0954494551
vn -0.0951299146 0.988881767 -0.114294134
vn 0.658620536 0.229167774 -0.716729403
vn 0.815484941 0.423888385 -0.39408493
vn 0.922071278 0.345805556 -0.173790529
vn -0.38710013 -0.745706379 0.542287409
vn 0.404708833 0.557447672 -0.724888146
vn 0.0364960395 0.901183307 -0.431898773
vn 0.250144899 0.360951006 -0.898410857
vn -0.13872914 0.307653964 -0.941330612
vn 0.429956138 0.213536039 -0.87723434
vn -0.871283412 -0.396984339 -0.288563371
vn 0.153611019 0.247895375 0.956530929
vn 0.86631608 -0.17487663 0.46788317
vn -0.592851818 0.265689194 0.760221064
vn -0.989425123 0.00970627367 0.144719303
vn -0.53409481 -0.558340669 -0.634821594
vn 0.29279238 0.597407579 0.746576786
vn 0.872174203 0.272562921 -0.406228602
vn -0.742919743 0.302666783 0.597045422
vn -0.968944967 -0.0914635882 -0.229739115
vn -0.317626804 -0.227950826 -0.920408428
vn 0.530981719 0.374519855 0.760127246
vn 0.932964742 0.165913701 -0.319451779
vn -0.689663112 0.184953436 0.700112045
vn -0.953489721 -0.0966023058 -0.285526514
vn -0.182768464 -0.156159103 -0.970674992
vn 0.362791359 0.815901995 0.450206906
vn 0.613177001 0.775184751 -0.151995599
vn -0.505098999 0.771480799 0.386900693
vn -0.783603668 0.592044711 -0.188276902
vn -0.136872783 0.824482858 -0.549084544
vn 0.901484847 0.422644198 -0.093257606
vn 0.897194743 0.357162505 0.259762138
vn 0.767349362 0.23856619 0.595198274
vn 0.580329001 0.128101185 0.804243982
vn 0.496642679 0.0834672153 0.863932431
vn 0.429669976 0.0494553 0.9016307
vn 0.890435696 0.430823982 -0.14667961
vn 0.379026681 0.0244971905 0.925061524
vn 0.566662431 0.12088047 0.815034688
vn 0.767318249 0.238540784 0.59524864
vn 0.878734231 0.332543761 0.342404544
vn 0.902602196 0.418625802 -0.100307971
vn 0.839908659 0.438235193 -0.320161462
vn 0.747193038 0.435981959 -0.501619637
vn 0.304697931 0.338111281 -0.890415668
vn -0.124768555 0.186717302 -0.974458635
vn -0.126247868 0.186168984 -0.974372864
vn 0.493173242 0.386822104 -0.779197514
vn -0.124904715 0.186764807 -0.974432111
vn 0.0737677068 0.275650442 -0.958423197
vn 0.747944415 0.447193921 -0.490506738
vn 0.151648194 0.30289188 -0.940882146
vn 0.490941614 0.398704737 -0.774603665
vn -0.255897254 0.927470863 -0.272606641
vn -0.14917995 0.964206159 -0.219207093
vn 0.0500451475 0.99297148 -0.107252717
vn -0.0165877491 0.997702122 -0.0656915382
vn 0.0554057956 0.998330295 -0.0163358301
vn -0.0701992586 0.989213645 -0.12856327
vn -0.650481641 0.204819068 -0.731384158
vn -0.416364789 0.311375171 -0.854216576
vn -0.248156801 0.184237093 -0.951038897
vn -0.719734073 -0.0247705001 -0.693807781
vn -0.289768845 0.573108792 -0.766537845
vn 0.0733954012 0.667835116 -0.740681648
vn -0.48993206 0.678131521 -0.547817707
vn -0.281346619 0.94515413 -0.165915027
vn -0.753454447 0.387458384 -0.531208575
vn -0.946474075 0.288638949 -0.144479796
vn -0.106292732 0.106782258 -0.988584578
vn -0.774337351 -0.153539315 -0.613862693
vn 0.45366317 0.611311972 -0.648450017
vn 0.068843171 0.908378661 0.412442327
vn -0.954278767 0.141161069 0.263487279
vn -0.022307042 0.103313856 -0.994398713
vn -0.814453542 -0.046312131 -0.578377485
vn 0.754795611 0.364766687 -0.545187175
vn 0.412162066 0.454426825 0.789695323
vn -0.867125392 0.0730589405 0.492702633
vn 0.00153617165 0.133305132 -0.991073787
vn -0.816264689 0.115163565 -0.566082418
vn 0.895923734 0.112954564 -0.429606676
vn 0.536710501 0.0542826615 0.842018604
vn -0.80834955 0.0626350045 0.585361481
vn -0.0847888291 0.104481384 -0.990905881
vn -0.861219287 0.151058733 -0.485265553
vn 0.964811087 0.0320396498 -0.26098457
vn 0.480996728 0.0575382859 0.874832332
vn -0.757191777 0.133225292 0.639461935
vn -0.349130332 0.613856375 -0.70801723
vn -0.731742203 0.496835977 -0.466591269
vn 0.393869251 0.910621524 -0.125041768
vn 0.286115497 0.786236584 0.5476951
vn -0.491974294 0.85991019 0.136071995
vn -0.610448599 -0.0403409339 -0.791027904
vn -0.543826163 -0.0244861767 -0.838840544
vn -0.179992512 0.0809823349 -0.980328858
vn -0.918067455 -0.19118996 -0.347273111
vn -0.141356334 0.179921955 -0.973471403
vn -0.901558638 0.0717892721 -0.426659614
vn -0.981773496 0.0292155277 -0.187795326
vn -0.413346738 0.149146929 -0.898275912
vn -0.601877451 0.130989715 -0.787772298
vn -0.8885324 -0.126337603 0.441076964
vn -0.839290082 -0.156244084 0.52074945
vn -0.987360954 0.0177613087 -0.157489523
vn -0.870017111 -0.16214782 0.46559456
vn -0.969646335 -0.190556064 -0.153213769
vn -0.954564214 -0.191000089 -0.22874926
vn -0.105218433 0.993817568 -0.0354383476
vn -0.208730385 0.964822531 0.159840584
vn -0.251067728 0.961765766 -0.109414101
vn -0.331536353 0.943426251 0.0055095572
vn -0.299424171 0.923262417 -0.240690082
vn -0.163547158 0.946859002 -0.276966184
vn 0.677786052 -0.703844965 0.21262221
vn 0.693999588 -0.549885273 0.464748234
vn 0.52667594 -0.497538298 0.6892519
vn 0.589985907 -0.785232008 0.18795529
vn 0.860630691 -0.282500535 0.423684031
vn 0.70558244 0.127771035 0.697013557
vn 0.952399254 -0.289182276 0.0964844599
vn 0.960819602 0.145197749 -0.236100107
vn 0.815041065 -0.477490246 -0.328193694
vn 0.767134368 -0.535055995 -0.353864253
vn 0.426158667 -0.383735746 0.819228649
vn 0.739421248 -0.648399353 0.18120271
vn -0.0743465796 0.499985456 0.862836719
vn 0.297504604 0.512806833 -0.805307508
vn 0.727160871 -0.388409168 -0.566017032
vn 0.322971851 -0.250436664 0.912672222
vn 0.86697495 -0.464663506 0.18011722
vn -0.676720738 0.398708016 0.618935406
vn -0.327213407 0.410012454 -0.851364255
vn 0.679251671 -0.22231093 -0.699424744
vn 0.223386601 -0.124360934 0.966764033
vn 0.944032311 -0.266396493 0.194514558
vn -0.851466954 0.191220626 0.488301843
vn -0.56004566 0.203714758 -0.803025007
vn 0.615368545 -0.108157143 -0.780784011
vn 0.165803701 0.0063123242 0.986138582
vn 0.977273762 -0.0328056514 0.209427074
vn -0.883710802 0.0254085492 0.467343301
vn -0.631535828 -0.00698538357 -0.775315285
vn 0.580282211 -0.0410638079 -0.813379586
vn 0.129255235 0.102105081 0.986340582
vn 0.971155882 0.139027536 0.193720475
vn -0.881856263 -0.07258448 0.465898156
vn -0.654062152 -0.14851597 -0.741718054
vn 0.580086529 -0.00114692096 -0.814553916
vn 0.113174215 0.0944638103 0.989074469
vn 0.963768482 0.231308222 0.132840931
vn -0.90097791 -0.158455655 0.403894365
vn -0.658184052 -0.162515044 -0.735107183
vn 0.537419379 0.0867901891 -0.838837206
vn 0.100383312 0.102527037 0.989652157
vn 0.954615355 0.264950156 0.13605462
vn -0.897762954 -0.190659955 0.397077441
vn -0.639185548 -0.189777911 -0.745269239
vn 0.502206922 0.0925351754 -0.859782219
vn -0.0666721389 0.684186757 0.726252854
vn 0.501222253 0.858592629 0.10768006
vn -0.755750835 0.576329589 0.310941637
vn -0.553043067 0.531302392 -0.641764104
vn 0.201977491 0.649570167 -0.732982814
vn 0.767011404 -0.548039615 0.333685637
vn 0.565343142 -0.460637838 0.684251308
vn 0.809392452 -0.548933089 0.208701566
vn 0.802051663 -0.551528096 0.229194164
vn 0.797012627 -0.553117692 0.242552638
vn 0.736617029 -0.517494619 0.435424715
vn 0.879255533 -0.449763685 -0.156915128
vn 0.871428251 -0.413083732 -0.264526963
vn 0.864934981 -0.377758354 -0.330433458
vn 0.767566204 -0.52574718 0.366649717
vn 0.810813785 -0.532548726 0.242843419
vn 0.807013869 -0.248414502 -0.535741389
vn 0.865612447 -0.438410521 -0.241890937
vn 0.85328424 -0.520739377 0.0271391943
vn 0.863942087 -0.431758881 -0.259206951
vn -0.148499459 0.975807428 0.160461307
vn -0.177871197 0.982817233 0.0493155457
vn -0.0179180335 0.993968427 0.108193174
vn -0.00999017339 0.995287776 -0.0964498818
vn 0.0922096372 0.995028615 -0.0376223214
vn -0.0189254787 0.995967388 0.0876976326
vn -0.65438962 0.0523418486 0.754343748
vn -0.814327538 0.17523393 0.553320646
vn -0.945260644 0.0728679076 0.318076551
vn -0.641515672 -0.136687383 0.754833817
vn -0.733960688 0.439491659 0.517830908
vn -0.763142049 0.642777741 0.066717051
vn -0.464768767 0.46291995 0.754781485
vn -0.0235487707 0.747463346 0.663885534
vn -0.438114703 0.184428051 0.879796386
vn -0.131677732 0.0750661567 0.988446295
vn -0.990384996 0.0539306067 0.127393112
vn -0.638116539 -0.186943278 0.746899962
vn -0.614550471 0.612057865 -0.497707576
vn 0.640248239 0.734339118 0.22545141
vn 0.124887973 -0.0486080199 0.990979433
vn -0.999431789 0.0303943362 -0.0145640513
vn -0.641548336 -0.173664927 0.747165501
vn -0.414301038 0.387696296 -0.823435664
vn 0.915062606 0.365376651 -0.17076391
vn 0.33058548 -0.101553157 0.938296497
vn -0.991007507 -0.0171489287 -0.132703051
vn -0.438739806 -0.115114927 0.891210437
vn 0.021657791 0.122338772 -0.992251992
vn 0.94517839 0.195288911 -0.261724859
vn 0.623477817 -0.0563570373 0.77980715
vn -0.964210749 7.211505e-05 -0.265137166
vn -0.476798683 0.0511785671 0.877521336
vn -0.00765561359 -0.00330129662 -0.99996525
vn 0.95320344 0.0985062569 -0.285831511
vn 0.650252819 0.0700582117 0.756480753
vn -0.966534734 -0.00472925045 -0.256492287
vn -0.507260978 0.00406053988 0.861782968
vn 0.00885896012 0.045105502 -0.998942912
vn 0.941974878 0.0857226476 -0.32455349
vn 0.644761741 0.0641830564 0.76168412
vn -0.694174707 0.710015357 -0.11831969
vn -0.482688844 0.642464221 0.595189989
vn 0.021543486 0.742358446 -0.669656515
vn 0.625803709 0.713853478 -0.314297646
vn 0.340807498 0.817941129 0.463489681
vn -0.293688327 0.0658306777 0.953631699
vn -0.488846987 0.18523927 0.852475762
vn -0.623349249 0.271964878 0.733124077
vn -0.826132715 0.450413406 0.338574022
vn -0.8489393 0.482025862 0.216687024
vn -0.860072076 0.488198638 0.148115352
vn -0.847600698 0.509277284 -0.149028882
vn -0.877946377 0.457478732 0.141149536
vn -0.874700367 0.449446201 0.181376636
vn -0.740385592 0.319322526 0.59149158
vn -0.653065801 0.260032177 0.711258292
vn -0.0786908492 -0.0484204665 0.995722473
vn 0.198443174 -0.175948143 0.964190066
vn -0.650737464 0.258528143 0.713935554
vn -0.644330859 0.25440374 0.721190989
vn -0.601492882 0.229541495 0.76519078
vn -0.15825738 -0.0110756494 0.987335742
vn 0.00338466652 -0.090921849 0.995852292
vn -0.148536325 -0.0186306834 0.988731444
vn 0.0375940315 0.944521904 -0.326289892
vn -0.0358323678 0.994792938 -0.0954095721
vn 0.0516385809 0.994602144 -0.0899998322
vn -0.0145198144 0.995076001 0.0980461836
vn 0.00829781499 0.999742568 -0.0211160518
vn 0.0231672209 0.951577604 -0.306534231
vn 0.211033642 -0.138837561 -0.967568576
vn 0.669650912 -0.107086487 -0.734915137
vn 0.535104096 -0.0377958864 -0.843940139
vn 0.0771918297 -0.221366689 -0.972130775
vn -0.169102401 0.396560699 -0.902299225
vn -0.313073695 0.806997418 -0.500739396
vn -0.382185876 0.300709754 -0.873789191
vn -0.68019855 0.370683819 -0.632395089
vn -0.298094749 0.0729459301 -0.951744974
vn -0.428365916 -0.0135430759 -0.903503895
vn 0.984421313 -0.0990125537 -0.145296901
vn 0.584399104 -0.230714738 -0.777977169
vn 0.607615829 0.447190523 0.656371534
vn -0.791271627 0.505945921 -0.343376964
vn -0.14986138 -0.0739230514 -0.985939682
vn 0.955552876 0.248686984 0.15834637
vn 0.470950574 0.0300061181 -0.881649196
vn -0.0514891669 0.519007146 0.853217781
vn -0.898400962 0.421540052 0.123206019
vn -0.561024189 0.156816944 -0.812810123
vn 0.960354269 0.176888064 0.215476781
vn 0.51165992 0.0879943445 -0.854670167
vn -0.0329159684 0.252558798 0.967021465
vn -0.963264585 0.191512063 0.188266858
vn -0.605618 0.100842558 -0.78933996
vn 0.956751823 0.121164568 0.264471352
vn 0.514492869 0.117694184 -0.849379241
vn -0.0580361821 0.075492017 0.9954561
vn -0.973708332 0.0476461351 0.222759455
vn -0.641331255 0.0719046295 -0.763887465
vn 0.939940333 0.0677765906 0.334542096
vn 0.484206736 0.0053022597 -0.874937534
vn -0.0821503922 0.0988975912 0.991700768
vn -0.953671813 0.0581137128 0.295182854
vn -0.63675952 0.0102272192 -0.770994663
vn 0.339725137 0.935206413 0.0998787507
vn 0.239367753 0.537189722 -0.808783174
vn -0.0995265692 0.690074623 0.716862261
vn -0.493714958 0.838600814 0.230204836
vn -0.300243288 0.591852784 -0.748040259
vn 0.903053999 -0.303757101 -0.303685874
vn 0.678840041 -0.161139712 -0.716386914
vn 0.890691996 -0.293328077 -0.347313195
vn 0.89381212 -0.295973808 -0.336896449
vn 0.778324187 -0.220834151 -0.587744772
vn 0.596654177 -0.123566702 -0.7929281
vn 0.576901376 -0.11406102 -0.808810771
vn 0.325410724 0.00180698 -0.945571065
vn -0.714727461 0.3991611 -0.574312747
vn -0.737007558 0.406513423 -0.539969265
vn -0.104979299 0.174908981 -0.978972018
vn -0.137284786 0.186852083 -0.97274822
vn -0.435881913 0.30586189 -0.846436977
vn -0.68662703 0.389706403 -0.613736331
vn -0.719331682 0.401483297 -0.56689781
vn -0.686332524 0.390158981 -0.613778055
vn -0.336374611 0.286474824 -0.897097707
vn 0.583475173 -0.113254219 -0.804195285
vn -0.269585282 0.260428518 -0.927092731
vn -0.114411317 0.196466401 -0.97381264
vn 0.457744181 -0.0494656861 -0.887706757
vn 0.216300175 0.958364487 -0.186418161
vn 0.118950181 0.978311956 -0.169577405
vn 0.0890998766 0.989260972 -0.115862101
vn 0.0993945077 0.977584958 -0.185602605
vn 0.204266205 0.937480509 -0.281790257
vn 0.32453081 0.904965937 -0.275166333
vn 0.472006798 -0.240988135 0.848017812
vn 0.252624393 -0.140138805 0.957361937
vn 0.053514082 -0.0156855732 0.998443902
vn 0.548368096 -0.220270962 0.806705117
vn 0.244811401 0.0624823719 0.967555344
vn -0.187547833 0.572064281 0.798478723
vn 0.600744069 0.0499047451 0.797882259
vn 0.730037034 0.654972851 0.195080817
vn 0.668054163 -0.167258382 0.725071192
vn 0.9221524 -0.0278910417 0.385819703
vn -0.144365549 0.156967714 0.97699523
vn 0.614797235 -0.0757927522 0.785034955
vn -0.595265746 0.739261985 0.314881653
vn 0.343235344 0.780370772 -0.522695959
vn 0.986899495 0.159261569 0.0257878825
vn -0.300524622 0.107152045 0.947735906
vn 0.633933961 -0.109565832 0.765586793
vn -0.854142904 0.517760992 0.0486160591
vn 0.122861139 0.490977168 -0.862465322
vn 0.984773159 0.0425074138 -0.168567315
vn -0.389290452 0.0589651465 0.919225752
vn 0.678685069 -0.0352144614 0.733584702
vn -0.957288384 0.242634892 -0.157249257
vn -0.000761424191 0.233415052 -0.972376943
vn 0.957619846 0.047725033 -0.284053713
vn -0.432913303 -0.00555135356 0.901418447
vn 0.660681605 0.0568265952 0.748512328
vn -0.973581731 0.0152373007 -0.227829918
vn -0.0621209368 0.0944478661 -0.993589818
vn 0.937002361 0.119448617 -0.328266144
vn -0.428595454 0.0787234828 0.900060296
vn 0.632154286 0.0735107735 0.771347582
vn -0.969408035 0.00736384979 -0.245344564
vn -0.0551081114 -0.0316585079 -0.997978389
vn 0.926887631 0.0114935013 -0.37516287
vn -0.13970679 0.917103767 0.373366863
vn 0.633329213 0.734380722 0.244088188
vn -0.378367633 0.853234768 -0.358926594
vn 0.196424022 0.530306995 -0.824737489
vn 0.745921969 0.489635348 -0.451506019
vn 0.601861894 -0.190757856 0.775482833
vn 0.556110919 -0.180115491 0.811356306
vn 0.441582203 -0.152315602 0.884197354
vn -0.0549915396 -0.01611517 0.99835676
vn -0.161248207 0.0138582531 0.986816645
vn -0.350432932 0.0716050714 0.933846653
vn -0.451450109 0.0932109207 0.887414575
vn -0.382377148 0.0714363232 0.921240807
vn 0.438123465 -0.133015871 0.889018893
vn 0.712020159 -0.182211816 0.678104818
vn -0.190843806 0.0174569748 0.98146522
vn -0.161848113 0.00951926969 0.986769855
vn 0.386969179 -0.121822819 0.914009809
vn 0.916895688 -0.228668004 0.327128559
vn 0.920547843 -0.229335994 0.316222727
vn 0.892647505 -0.222999573 0.391729206
vn 0.911788344 -0.227610111 0.341812402
vn 0.917305648 -0.228950217 0.325779319
vn 0.911711514 -0.228469893 0.34144333
vn -0.328547925 0.928702533 -0.171953171
vn -0.190043643 0.979210556 -0.0709235743
vn -0.199772313 0.979717433 -0.0156470053
vn -0.136580899 0.989296436 0.0513646118
vn -0.240143001 0.968548179 0.065158993
vn -0.376068741 0.924435139 -0.0631816834
vn -0.832078993 0.386949301 -0.397384912
vn -0.673134804 0.610663176 -0.417109251
vn 0.250597179 0.646771669 -0.720338464
vn -0.315496415 0.469638646 -0.824561417
vn -0.704275727 0.709167063 -0.0328284204
vn 0.357964545 0.929028094 -0.0936382413
vn -0.864005327 0.495070517 0.0916514993
vn -0.75375402 0.487241089 0.44096598
vn -0.930057228 0.339515239 -0.140438572
vn -0.961548686 0.254496485 -0.103225306
vn 0.418227732 0.50403434 -0.755668521
vn -0.348570466 0.315304369 -0.882656157
vn 0.662167728 0.716166496 0.220543832
vn -0.443445414 0.561760366 0.698413551
vn -0.932534695 0.281368375 -0.226298019
vn 0.841847479 0.263689458 -0.470914721
vn -0.0918706432 0.115742408 -0.98902148
vn 0.81755507 0.21040079 0.53603667
vn -0.0333614573 0.0158789773 0.999317229
vn -0.922084868 -0.117410019 0.368746936
vn 0.782834709 0.252912849 -0.568511188
vn -0.216323733 0.0406197682 -0.975476265
vn 0.82924068 0.208213344 0.518658876
vn -0.138934419 -0.0496159941 0.989057899
vn -0.955955565 -0.198361576 0.216337427
vn 0.73612082 0.195071876 -0.648130476
vn -0.36268279 -0.0603653602 -0.929955482
vn 0.814264536 0.210323453 0.541051984
vn -0.269641548 -0.0474951938 0.961788833
vn -0.970353961 -0.208121106 0.122876681
vn 0.222827673 0.840191424 -0.49439463
vn -0.527034044 0.551628113 -0.646483958
vn 0.310386211 0.88156122 0.355682909
vn -0.414441615 0.685100675 0.599061966
vn -0.867766559 0.495163292 -0.0423646905
vn -0.535387099 0.155039921 -0.830254912
vn -0.493660927 0.1458271 -0.857340872
vn -0.431606263 0.190750167 -0.881663501
vn -0.93021363 0.245642453 -0.272694468
vn -0.805562019 0.232597739 -0.544947803
vn -0.853493333 0.228748903 -0.468212783
vn -0.836746752 0.109464794 0.536537409
vn -0.828997433 0.107930616 0.548738897
vn -0.958907306 0.232962772 -0.161941737
vn -0.965943277 0.228475332 -0.121459842
vn -0.979371786 0.176773816 -0.0978865921
vn -0.9694677 0.182471395 -0.163818583
vn -0.984584033 0.172748551 -0.0274289362
vn -0.879455745 0.182321608 -0.439677745
vn -0.855611384 0.180594712 -0.48509258
vn 0.0173137616 0.998046517 0.0600281954
vn -0.0167138465 0.987480462 0.156852812
vn -0.199757531 0.967380643 0.155793801
vn -0.280578643 0.94669503 0.158253267
vn -0.456857979 0.884924889 0.0904922113
vn -0.278170317 0.960257828 0.0229387414
vn 0.808437109 -0.228501216 -0.542417407
vn 0.977788925 0.206333205 0.0368174203
vn 0.961347699 0.0705682412 0.266140461
vn 0.746221721 -0.429172456 -0.508885145
vn 0.875101984 0.483259887 0.0256195627
vn 0.705206633 0.616814673 0.349604279
vn 0.791767418 0.448405862 -0.414772779
vn 0.440673232 0.840726793 -0.314619839
vn 0.598974705 -0.13425152 -0.789433956
vn 0.36603567 -0.189687327 -0.911063373
vn 0.920580924 0.00856835488 0.390457779
vn 0.908038676 -0.233360723 -0.34786275
vn 0.368419409 0.55730617 0.744094729
vn -0.364974916 0.885825753 -0.286541611
vn 0.324500233 0.0200979002 -0.945672095
vn 0.881634295 0.021385882 0.471448332
vn 0.898581088 -0.13607806 -0.417174667
vn 0.0313042067 0.324162543 0.945483387
vn -0.91062969 0.394050539 -0.124409303
vn 0.095947355 -0.0326012895 -0.994852424
vn 0.858676493 -0.0250780582 0.51190412
vn 0.758000016 -0.119782984 -0.641161382
vn -0.4257496 0.0682632253 0.90226239
vn -0.982625008 0.000473055843 -0.185601443
vn -0.242246479 -0.101439357 -0.964897275
vn 0.809295774 0.00264285807 0.58739537
vn 0.798411787 -0.0423189253 -0.600622833
vn -0.400087267 0.0282417927 0.916041851
vn -0.992561936 -0.00544298487 -0.121618502
vn -0.28772074 -0.0439675637 -0.956704557
vn 0.784131467 -0.0200758372 0.620269895
vn 0.801858902 0.0144100571 -0.597339571
vn -0.389571965 -0.00628521573 0.920974553
vn -0.995562732 0.0354691036 -0.0871592164
vn -0.290785491 0.045733802 -0.955694556
vn 0.784014046 -0.00666284049 0.620707333
vn 0.78935796 0.111480363 -0.603726923
vn -0.385085702 -0.0976348594 0.917701721
vn -0.99757266 -0.0376591086 -0.0585712008
vn -0.232707068 0.0871492252 -0.968634307
vn 0.784913063 0.0840556398 0.613878071
vn 0.781527758 0.226728946 -0.581212699
vn -0.430856913 -0.165460601 0.887121737
vn -0.987744153 -0.148585916 -0.0477893688
vn -0.265037239 0.0894716457 -0.96007812
vn 0.489069045 0.78446269 0.381352723
vn 0.540912747 0.78554517 -0.300553143
vn -0.541220963 0.60408783 0.58494252
vn -0.917941332 0.396543145 -0.0117175253
vn -0.409666002 0.749494314 -0.520030916
vn 0.605754673 -0.171065614 -0.777044415
vn 0.746453822 -0.0541556589 -0.663229823
vn 0.774131954 -0.0208796561 -0.63267976
vn 0.922445118 0.335207731 -0.191652566
vn 0.918602288 0.364560425 -0.152530402
vn 0.881192148 0.472706378 0.00700265262
vn 0.543058753 0.683294415 0.488053292
vn 0.135098353 0.701349139 0.699898422
vn 0.12066716 0.698938012 0.704929173
vn 0.658373535 0.643059015 0.391176999
vn 0.886267126 0.461900383 0.03433422
vn 0.932008922 0.318911374 -0.172205865
vn 0.915170014 0.187659264 -0.356718034
vn 0.118910365 0.698552251 0.705609739
vn 0.507024884 0.688598812 0.518418312
vn 0.658502281 0.639869988 0.396157891
vn 0.880247653 0.10531801 -0.462679505
vn 0.763471901 -0.0606904626 -0.642983198
vn 0.400194973 -0.31399104 -0.860960782
vn -0.0268133786 0.977998018 0.206884131
vn 0.282907426 0.933357179 0.220924944
vn 0.0165196136 0.938179135 0.345755547
vn 0.291919619 0.830435574 0.474509805
vn -0.0496604666 0.813204229 0.5798558
vn -0.228026658 0.891512632 0.391419113
vn -0.394370168 -0.411723882 -0.821556807
vn -0.185486346 -0.312540829 -0.931618452
vn 0.142014414 -0.272498965 -0.951617718
vn -0.35122484 -0.442706943 -0.825016081
vn -0.276094317 -0.0881743878 -0.957077444
vn 0.228590265 0.277130783 -0.933244407
vn -0.623613298 -0.0873464867 -0.776837885
vn -0.887218893 0.256020278 -0.383791983
vn -0.62398684 -0.310432076 -0.7171278
vn -0.79326725 -0.278597385 -0.541396856
vn 0.373944402 -0.117853321 -0.919932723
vn -0.368105888 -0.255914629 -0.893871129
vn 0.893970251 0.380465925 -0.236776069
vn -0.813519299 0.334863871 0.475449741
vn -0.909126461 -0.139519855 -0.392458141
vn 0.639490247 -0.0271455105 -0.768319786
vn -0.382255137 -0.145835876 -0.912476182
vn 0.928883076 0.247890159 0.27518484
vn -0.538466632 0.185256615 0.822030246
vn -0.971026421 -0.0795357525 -0.225348011
vn 0.673111081 0.0439391024 -0.738234937
vn -0.387471735 -0.076106973 -0.91873467
vn 0.864047408 0.20754917 0.458634198
vn -0.383576334 0.145405874 0.911990404
vn -0.996468425 -0.0331496075 -0.0771478564
vn 0.747311592 0.0600326918 -0.661756277
vn -0.341260314 0.0299787186 -0.939490676
vn 0.840749443 0.121028684 0.527723908
vn -0.249834135 0.126384899 0.960005164
vn -0.9974733 0.0682775155 0.0196254738
vn 0.786272943 -0.00185337069 -0.61787647
vn -0.279280186 0.0686096251 -0.957755387
vn 0.856517076 -0.0175742116 0.515819311
vn -0.189145699 0.0429887623 0.981007576
vn -0.99279356 0.105736718 0.0563981012
vn 0.831724703 0.0913078561 -0.547628462
vn -0.288160086 0.22544764 -0.930664837
vn 0.851251721 -0.132350728 0.507793069
vn -0.217665181 -0.164778173 0.962013483
vn -0.992626905 0.0493989624 0.110687166
vn 0.744586289 0.642643511 -0.180556014
vn -0.195247039 0.920475185 -0.338532507
vn 0.728730083 0.336583763 0.596375465
vn -0.194619 0.273397923 0.942006886
vn -0.776622176 0.524887502 0.348354846
vn 0.857916594 0.0197126679 -0.513410628
vn -0.275201023 -0.331679821 -0.902359664
vn 0.0336996503 -0.283376217 -0.958416581
vn 0.236615837 -0.23501952 -0.942750573
vn 0.67687279 -0.0847413987 -0.731205881
vn 0.800889194 -0.0204928275 -0.598461866
vn 0.85407269 0.0166138634 -0.519888222
vn 0.406463772 -0.159689426 -0.899603486
vn 0.879989505 0.0384001061 -0.473438323
vn 0.800719559 -0.0201585628 -0.598699987
vn 0.700438142 -0.0700035095 -0.710271776
vn 0.438781142 -0.151779667 -0.885682821
vn -0.668177247 -0.300416917 -0.680653214
vn 0.263986498 -0.197422817 -0.944105566
vn 0.236443743 -0.203990936 -0.94999063
vn -0.415355116 -0.304082572 -0.857329488
vn -0.458451986 -0.306140095 -0.834326088
vn -0.856101513 -0.277340412 -0.436087698
vn -0.87447232 -0.27038911 -0.402725607
vn -0.740325809 -0.294403642 -0.604354441
vn -0.855403543 -0.279002756 -0.436396867
vn -0.58372575 -0.331775755 -0.741072953
vn -0.466181278 -0.337804168 -0.817657292
vn 0.130598128 0.959671676 -0.248946577
vn -0.0836501718 0.95783776 -0.274862707
vn 0.158217043 0.927521586 -0.338631123
vn -0.000813144725 0.861840308 -0.507179081
vn 0.293331325 0.75515449 -0.586257994
vn 0.350836128 0.847248018 -0.398854345
vn 0.642963529 0.138879627 0.753199995
vn 0.595574975 0.247162536 0.764330506
vn 0.153326854 0.253780723 0.95503211
vn 0.528353095 0.0428735577 0.847941577
vn 0.966647804 0.18170096 -0.180490807
vn 0.709729671 0.144636735 -0.689466417
vn 0.986306131 0.07003095 -0.149318099
vn 0.916547894 -0.065383926 -0.394543648
vn 0.993538499 0.0444592834 0.104424842
vn 0.892220616 -0.0659399182 0.446759671
vn -0.451164752 0.663205028 0.597167909
vn 0.535163939 0.144549847 0.83228898
vn 0.0104691554 0.506982923 -0.861892521
vn 0.784933031 0.141012609 -0.603320539
vn 0.98800081 0.0120009445 0.15398179
vn -0.764306188 0.407707334 0.499610543
vn 0.0885315835 0.108963266 0.990095496
vn -0.561867118 0.568949282 -0.600501537
vn 0.706103146 0.120621599 -0.697759867
vn 0.921272397 0.0200915821 0.388398618
vn -0.79278481 0.3580378 0.493255585
vn 0.0849373639 0.0571679622 0.994744956
vn -0.604433119 0.407093346 -0.684788823
vn 0.63440007 0.0496410616 -0.771409333
vn 0.934925735 -0.132577881 0.329145849
vn -0.764836073 0.359958649 0.534280419
vn 0.115902312 0.104771368 0.987719357
vn -0.632240593 0.253125012 -0.732256413
vn 0.618927598 -0.149201334 -0.771146834
vn 0.930972397 -0.189100981 0.312299997
vn -0.8371225 0.338626832 0.429602116
vn 0.142434627 0.236622289 0.961104691
vn -0.679935694 0.024696704 -0.732855737
vn 0.515730619 -0.278425366 -0.81024766
vn 0.967077851 -0.138015345 0.213804185
vn -0.626433671 0.779157937 0.0222205929
vn 0.166408673 0.92475462 0.342253029
vn -0.437627077 0.446881145 -0.780243456
vn 0.45699811 0.18272908 -0.870495737
vn 0.853645504 0.459407896 -0.245425984
vn 0.560297728 0.244160146 0.791487336
vn 0.366753876 0.2776016 0.887935162
vn 0.56976223 0.244114891 0.784715772
vn 0.734890759 0.234978914 0.636176467
vn 0.926187575 0.203493357 0.317438185
vn 0.985123456 0.164633155 0.0492729805
vn 0.939419091 0.101806171 -0.327302903
vn 0.760229528 0.0215359535 -0.649297595
vn 0.600236893 -0.0366387926 -0.79898268
vn 0.888514578 0.0763901398 -0.452444851
vn 0.974410772 0.212224156 0.074057743
vn 0.94119364 0.247569367 0.229921415
vn 0.75916934 0.0216291137 -0.650533795
vn 0.791704953 0.0364410207 -0.609815776
vn 0.97889322 0.202064574 0.0306275617
vn 0.69340384 0.290817291 0.659254313
vn 0.712358534 0.289688826 0.639238358
vn -0.0869479477 0.996102631 -0.0148178218
vn -0.0108745974 0.997686505 -0.0671061054
vn -0.0625585094 0.997960985 -0.0126630142
vn 0.104141794 0.989800334 -0.0972105339
vn 0.0603909977 0.997717619 -0.0302093793
vn -0.0539890975 0.998541534 -0.000192891661
vn -0.998246372 -0.0441561751 -0.0394273996
vn -0.566479862 -0.099627234 -0.818031192
vn -0.992770851 0.0977490693 -0.06965065
vn -0.987653911 0.0148374271 0.155947521
vn -0.934528649 0.354064912 0.0359762423
vn -0.550661922 -0.0998478755 -0.828734994
vn -0.781027973 -0.0778110027 -0.619629622
vn -0.902879536 -0.0520231798 -0.426734298
vn -0.937123179 -0.0368911289 -0.347043693
vn -0.875258029 0.285158426 -0.390650839
vn -0.985305905 0.105980396 0.133942127
vn -0.336761862 0.898309946 -0.282189369
vn -0.847420156 0.312333286 0.429333299
vn -0.283492684 0.704949856 0.65013659
vn -0.911852419 0.0915334448 0.400183439
vn -0.738352239 0.253987938 0.624760866
vn -0.719588518 0.189376488 -0.668078482
vn -0.995290697 -0.00590114435 0.0967554525
vn 0.255310893 0.785048068 -0.564372063
vn 0.208901972 0.637058735 0.741967738
vn -0.610522628 0.162543356 0.775139928
vn -0.435987771 0.240111724 -0.867329776
vn -0.998426974 0.0526207425 0.0193551481
vn 0.623681366 0.532156646 -0.572565198
vn 0.609156311 0.493106663 0.621107519
vn -0.380882472 0.204952106 0.901622534
vn -0.419100672 0.0841642097 -0.904030442
vn -0.997539222 -0.0696332976 0.00817624666
vn 0.718364835 0.384798288 -0.579553485
vn 0.664710999 0.365178585 0.651769876
vn -0.319353819 0.105964407 0.941692472
vn -0.39120245 0.0042113564 -0.92029506
vn -0.991534412 -0.125994295 -0.0313818045
vn 0.785685182 0.283092827 -0.550052047
vn 0.762371957 0.279423445 0.583705008
vn -0.304917276 0.0343664773 0.951758623
vn -0.385626018 -0.0235710032 -0.922354102
vn -0.985288143 -0.128851935 -0.11226996
vn 0.797789097 0.188929513 -0.572571635
vn 0.832948327 0.199372649 0.516185701
vn -0.321102202 -0.00549152773 0.947028577
vn -0.339424342 -0.040635366 -0.939755201
vn -0.988702714 -0.107225217 -0.104736663
vn 0.806961119 0.119795591 -0.578327477
vn 0.849134743 0.1516653 0.505932629
vn -0.306777865 0.00904654618 0.95173806
vn -0.113171592 0.793336153 -0.598172247
vn -0.667628527 0.742987931 -0.0473398156
vn 0.594835758 0.701214552 -0.393024981
vn 0.603863239 0.764319062 0.226197749
vn -0.178956926 0.857147455 0.482983083
vn -0.89353466 0.0673349127 0.443916559
vn -0.714808524 0.0959516689 0.692706347
vn -0.978372157 -0.0190998614 -0.205968633
vn -0.979022741 0.0379760601 0.200180441
vn -0.677302837 0.0702085719 0.732346654
vn -0.977474928 -0.0154234106 0.210487455
vn -0.981849492 -0.0188128203 0.188726187
vn -0.746305346 0.0583293587 0.663043082
vn 0.101439714 0.98890537 -0.108517908
vn 0.173071951 0.982866108 0.0634063631
vn 0.0641003698 0.996637642 -0.0510342307
vn 0.0306235366 0.975044429 0.219887778
vn -0.121548302 0.99064976 0.0619598478
vn -0.0393691026 0.991991222 -0.120014809
vn 0.575844944 0.53709805 -0.616383255
vn 0.32328704 0.709542871 -0.626126587
vn -0.358905524 0.855966568 -0.372166634
vn -0.293828607 0.866721153 -0.403062075
vn -0.0512252599 0.846130252 -0.530508697
vn 0.0544897206 0.851677537 -0.52122575
vn 0.206018835 0.845012426 -0.493467599
vn 0.23170346 0.854389906 -0.465114236
vn 0.73121208 0.590959728 -0.340728074
vn 0.948630691 0.252760351 -0.190294713
vn 0.658825338 0.20180206 -0.724724233
vn 0.574295104 0.79769361 -0.184037879
vn 0.645033658 0.730084538 0.225628048
vn 0.329978406 0.872677207 -0.359928608
vn 0.0668974593 0.977629304 -0.199413612
vn 0.129218727 0.580183804 -0.804169953
vn 0.937497735 0.235796109 -0.255926132
vn 0.342296779 0.241589278 -0.908001959
vn -0.116335191 0.67478621 0.728786469
vn -0.499580979 0.865696549 0.0314354524
vn -0.0316865928 0.485923886 -0.873426557
vn 0.608437896 0.782781601 0.130599767
vn 0.326236039 0.778883755 -0.535640061
vn -0.0496964976 0.756960392 0.651568174
vn -0.601008892 0.789622247 0.123632498
vn -0.295878768 0.813353956 -0.500910163
vn 0.387667626 0.848930538 -0.359208345
vn 0.421698451 0.867609322 -0.263485193
vn 0.457841963 0.880073667 -0.125900745
vn 0.257239521 0.855490148 -0.449404627
vn 0.534117877 0.841254294 -0.0837228671
vn 0.456772774 0.793066859 -0.402993381
vn 0.395933986 0.79531616 -0.459029824
vn 0.321012437 0.790447712 -0.521673679
vn 0.518475413 0.835869908 -0.18029049
vn 0.227106482 0.792067528 -0.566614211
vn 0.101172574 0.818897367 -0.564952433
vn -0.0607879199 0.834893167 -0.547045171
vn -0.27833882 0.859190643 -0.429323673
vn -0.390748829 0.848847508 -0.356052428
vn -0.291415155 0.956442237 -0.0171871148
vn -0.218240812 0.940502346 -0.260434777
vn -0.211832121 0.977226079 -0.0125013655
vn -0.0268594436 0.978199303 -0.205924258
vn -0.0410287306 0.994373798 0.0976591408
vn -0.213523731 0.95834595 0.189685285
vn -0.499569952 0.866119981 0.0163067598
vn -0.741859853 0.666259527 -0.0757761672
vn -0.343914598 0.474789709 -0.810121953
vn -0.227805376 0.505494893 -0.8322137
vn -0.209526762 0.528351784 -0.82276535
vn -0.843344331 0.511201262 0.165661111
vn -0.729680896 0.517798305 -0.446599007
vn -0.952712774 0.282619417 0.111645073
vn -0.146101922 0.94975096 -0.276816547
vn -0.45886296 0.828275681 0.321565121
vn -0.0816895589 0.882075191 0.463972121
vn -0.652183354 0.624390602 0.429875702
vn -0.552906334 0.504225612 0.663363397
vn -0.603268683 0.35483408 -0.714254558
vn -0.958437324 0.249579623 0.138231337
vn 0.46423623 0.730738401 -0.500505924
vn 0.410286039 0.676627398 0.611425221
vn -0.451900154 0.397300541 0.798710525
vn -0.332771659 0.704225898 -0.627159417
vn -0.710652471 0.699724197 0.0732062459
vn 0.381421864 0.803761423 -0.456601411
vn 0.339349359 0.858555734 0.384348869
vn -0.296232045 0.726936936 0.619523346
vn -0.403697252 0.468747467 -0.785687149
vn -0.839021206 0.429015607 -0.334647596
vn -0.682667315 0.416788578 -0.600210488
vn -0.629564703 0.43244037 -0.645479381
vn -0.589536428 0.473965287 -0.654067159
vn -0.661765277 0.458136439 -0.593445718
vn -0.806907058 0.497690976 -0.318126798
vn -0.312329024 0.497467428 -0.809306383
vn -0.878128052 0.471343458 -0.0820141584
vn -0.896175027 0.421586037 0.138331234
vn -0.900394797 0.432545155 -0.0468378663
vn 0.262797266 0.933391631 0.244372249
vn 0.0673829913 0.965369821 0.252033055
vn 0.0845951736 0.98891753 0.122007184
vn -0.0963072851 0.994245708 0.0469076522
vn 0.0132521586 0.992194474 -0.123993702
vn 0.245680675 0.969135702 0.0204170328
vn 0.690390527 0.10984803 0.715048552
vn 0.588441133 -0.144000858 0.795613587
vn 0.401573867 0.197909564 0.894186914
vn 0.352112949 0.169801697 0.920425951
vn 0.415811956 0.0877621099 0.905206203
vn 0.42486459 0.0660040677 0.902847528
vn 0.454175115 0.0298543591 0.890412033
vn 0.728463173 -0.372202605 0.575157821
vn 0.503110111 -0.0806203708 0.860453665
vn 0.773221135 -0.52318114 0.358344197
vn 0.495939285 0.867087126 0.046948459
vn 0.870279193 0.0909308717 0.484092712
vn 0.898522794 0.411802292 0.15190652
vn 0.912823975 -0.176675767 0.368154883
vn 0.968578756 -0.241506547 0.0594127178
vn 0.091656059 -0.18760933 0.977958024
vn 0.714205205 -0.397283107 0.576261282
vn -0.599546075 0.464039773 0.652082503
vn 0.475179762 0.3848162 -0.791277885
vn 0.956585944 -0.247448713 -0.15398854
vn -0.215386346 -0.0662258118 0.974280715
vn 0.674123287 -0.147672921 0.723706007
vn -0.950403929 0.104311109 0.293004394
vn -0.241987661 0.173882231 -0.954571605
vn 0.974625885 -0.0732545555 -0.211514011
vn -0.0817097053 0.681880713 0.726885319
vn 0.648772776 0.550320268 0.525586784
vn -0.668843031 0.743204474 -0.0172069408
vn -0.100999944 0.738532782 -0.666609585
vn 0.70849663 0.665229142 -0.235590339
vn 0.663221955 -0.036728248 0.747521043
vn 0.545217633 -0.00641024718 0.838269949
vn 0.473715276 0.0489668883 0.879315734
vn 0.420560986 0.0871114209 0.903072596
vn 0.423027635 0.126433775 0.89725256
vn 0.417106718 0.189414591 0.888900459
vn 0.406695187 0.195260301 0.892453015
vn 0.755572557 -0.0621785522 0.652107179
vn 0.514177501 -0.016270807 0.857529461
vn 0.546069562 -0.0259645693 0.837337375
vn 0.780585468 -0.105662473 0.616053462
vn 0.810222328 -0.108977273 0.575902402
vn 0.906228364 -0.119534604 0.405538738
vn 0.988163233 -0.114920199 0.101621248
vn 0.995022833 -0.0980416536 0.0178121217
vn 0.995823324 -0.0888289437 -0.0211020336
vn 0.808005333 -0.0829280838 0.583309829
vn 0.995578349 -0.0936036855 0.00788735133
vn 0.989242613 -0.108806379 0.0977761298
vn 0.895762444 -0.0949237272 0.434280097
vn 0.170257792 0.885045886 0.433250457
vn 0.230004072 0.933141828 0.27630505
vn 0.227721646 0.876427054 0.424285918
vn 0.411578894 0.882164001 0.22888723
vn 0.416526675 0.804517269 0.423388004
vn 0.249315739 0.821637928 0.512594223
vn 0.0349462144 0.599566758 0.799561381
vn -0.316489547 0.5742383 0.755039513
vn 0.923563361 0.383134663 -0.0154459933
vn 0.923896968 0.375085652 -0.0756646097
vn 0.653045535 0.625754893 0.426570386
vn 0.346072853 0.668953121 0.657826126
vn 0.277792662 0.657180071 0.70067513
vn -0.374710232 0.331018001 0.866036594
vn 0.232164085 0.960949063 -0.150587812
vn -0.191396981 0.739843249 0.644979954
vn 0.230590746 0.851294518 0.471301913
vn 0.0919716284 0.374527127 0.922643244
vn 0.299090952 0.274444312 0.913906455
vn -0.149826616 0.241983831 0.958642662
vn -0.258585125 0.0815710649 0.962538302
vn -0.0340986587 0.90268153 -0.428956091
vn -0.53704077 0.525683939 0.659730017
vn 0.54283756 0.763771057 -0.349258304
vn 0.659367502 0.152077943 0.736279011
vn -0.265636206 0.10705439 0.958111048
vn -0.0556457676 0.992659986 -0.107376821
vn -0.315316439 0.815389633 0.485505074
vn 0.603078902 0.774050474 -0.192721754
vn 0.725282073 0.474611133 0.498708427
vn 0.0882376581 0.529855788 0.843484998
vn 0.741758943 0.473011911 0.475450724
vn 0.373738855 0.370757133 0.850210786
vn 0.480251461 0.47370556 0.738215148
vn 0.585468948 0.483044386 0.651071548
vn 0.0965206698 0.280567527 0.954968929
vn 0.22375606 0.112373509 0.96814537
vn 0.198918253 0.564140499 0.801359415
vn 0.0392227545 0.356717885 0.933388352
vn 0.261463851 0.0827405229 0.961660385
vn 0.336640298 0.0538665317 0.940091431
vn 0.282447338 0.0870425925 0.955325603
vn 0.23038058 0.187513962 0.954862952
vn 0.192847252 0.294633418 0.935949266
vn 0.258056968 0.327271581 0.909010351
vn -0.236511737 0.963112354 0.128361821
vn -0.425024003 0.9051705 0.00457259687
vn -0.178279579 0.983962536 0.00583836623
vn -0.339573145 0.933451056 -0.115582027
vn -0.146298096 0.98877281 -0.0304147638
vn -0.0863514617 0.9921332 0.0906366631
vn -0.452428877 -0.0711409077 0.888958454
vn -0.552240252 0.278042763 0.785953522
vn -0.637125432 0.621934891 0.455267131
vn -0.665025175 0.506518841 0.548798919
vn -0.634899616 0.47553423 0.608908653
vn -0.673748136 0.38133648 0.632965922
vn -0.690523148 0.328346103 0.644489408
vn -0.628416359 -0.228965551 0.743416131
vn -0.782702923 -0.0667045116 0.618810654
vn -0.85397917 -0.0841076151 0.513464153
vn -0.473208219 -0.35700801 0.80536896
vn -0.759137869 0.210165963 0.616068184
vn -0.863647819 0.401198238 0.305208921
vn -0.166774794 0.702644467 0.691720188
vn 0.0416787453 -0.156137407 0.986855686
vn -0.87304461 -0.0552278869 0.484502822
vn -0.679469645 -0.13700825 0.720798016
vn -0.91340673 0.279906243 -0.295534343
vn 0.841424167 0.540067017 -0.0182507038
vn 0.511050224 0.132247761 0.849316299
vn -0.903635204 -0.0674903542 0.422952205
vn -0.450824559 0.113205396 0.885404825
vn -0.551397145 0.0637897328 -0.831800461
vn 0.882959366 0.262331933 -0.389313281
vn 0.735319674 0.392422795 0.552548051
vn -0.84085077 0.53339386 0.0919841155
vn -0.265853047 0.730207562 0.629379869
vn -0.557108104 0.622552216 -0.54959923
vn 0.243291691 0.913467407 -0.326169401
vn 0.384093195 0.839068472 0.38527447
vn -0.936051726 -0.23106347 0.265361756
vn -0.876456618 -0.152589619 0.456662029
vn -0.894371331 -0.205441251 0.397358477
vn -0.891694725 -0.211850852 0.399999559
vn -0.834889174 -0.128411099 0.535229623
vn -0.687888384 0.0151348738 0.725658596
vn -0.658287644 0.0738515928 0.749135077
vn -0.650042057 0.0888614506 0.754684687
vn -0.564818442 0.268550545 0.780295253
vn -0.56315577 0.380252868 0.733664334
vn -0.552676797 0.524458945 0.647681355
vn -0.634371161 0.694890141 0.338675171
vn -0.680648446 0.231960937 0.694918573
vn -0.709961891 0.140331343 0.690116882
vn -0.74462837 0.0117809037 0.667375326
vn -0.812729895 -0.0621574707 0.579315484
vn 0.289781719 0.895132661 0.338768542
vn 0.0264050663 0.964116335 0.264163733
vn 0.119321905 0.991378307 -0.0541431755
vn 0.135195926 0.988345563 -0.0699649602
vn 0.357305467 0.879639089 -0.313955218
vn 0.539622366 0.836306453 -0.0969491825
vn 0.560958505 0.398335606 0.725709617
vn 0.91449219 0.240253195 0.325549543
vn 0.92097497 -0.182578102 -0.344195306
vn 0.933387458 -0.165814236 -0.318266332
vn 0.99576515 -0.0282701161 -0.0874786079
vn 0.989228845 0.134979516 0.0566300675
vn 0.917633116 0.330409676 0.2208592
vn -0.0488099419 0.68828702 0.72379458
vn 0.911189079 -0.272859007 0.308678567
vn 0.658335984 -0.0451525711 0.751368701
vn -0.0458079278 0.863695025 0.501928985
vn -0.387292176 0.858207405 0.336874932
vn 0.49145633 0.788558662 0.369656444
vn 0.296751738 0.952321351 0.0708686337
vn 0.959290087 0.0855256021 0.269161463
vn -0.162051439 -0.0467277095 0.985675275
vn 0.735778511 -0.255213439 0.627292693
vn -0.251627922 0.454368979 -0.854536295
vn 0.645500362 0.137194172 -0.751336753
vn 0.986594856 -0.126658097 -0.10289935
vn -0.623641729 0.00490308832 0.781695008
vn 0.609041572 -0.202162594 0.76694113
vn -0.631981969 0.247913018 -0.734260142
vn 0.452024281 0.087891899 -0.887664914
vn 0.982389152 -0.117321342 -0.145420492
vn -0.688014865 0.0656888634 0.722717464
vn 0.527218044 -0.0881685987 0.845143437
vn -0.750542045 0.153277695 -0.64280057
vn 0.396816939 0.0283922385 -0.917458475
vn 0.984044909 -0.0837916434 -0.156953856
vn -0.343163967 0.606302321 0.717381239
vn 0.481663704 0.400375068 0.77955097
vn -0.245032221 0.903499186 -0.351636916
vn 0.534357071 0.393171221 -0.748250604
vn 0.949439347 0.277808875 -0.146243349
vn 0.267659932 0.849132538 0.455337226
vn -0.0514099002 0.941557586 0.332906097
vn -0.123550862 0.946274996 0.298828989
vn 0.879028499 0.387000948 0.278458953
vn 0.723096788 0.58708775 0.363949418
vn -0.366241872 0.887857914 0.278522968
vn 0.505233049 0.686003923 0.52358216
vn 0.809707463 0.424134314 0.405566216
vn -0.272346795 0.901361704 0.3367109
vn 0.215273336 0.806766808 0.550258875
vn 0.996672213 -0.0260346923 -0.0772443861
vn 0.922047675 -0.181856662 -0.341696024
vn 0.920551658 -0.18365705 -0.344753057
vn 0.847161472 0.376910865 0.374507189
vn 0.963511884 0.204702765 0.17245777
vn -0.290126294 0.922337234 -0.255187571
vn 0.0855081081 0.981206119 -0.172982663
vn -0.201844275 0.978824258 0.034087427
vn 0.08578033 0.96577698 0.244778603
vn -0.298808783 0.857851088 0.418096811
vn -0.52797848 0.844410002 0.0906121433
vn -0.651226997 0.223038211 -0.725367129
vn -0.404211372 -0.138965786 -0.90404737
vn 0.651776493 -0.357508451 -0.668861032
vn 0.658493102 -0.356045902 -0.663036942
vn 0.524130583 -0.379820883 -0.762248814
vn 0.408315301 -0.390626311 -0.825039268
vn 0.0575760975 -0.342322379 -0.937816799
vn -0.127764001 -0.299357802 -0.945548177
vn -0.508600652 -0.127366573 -0.851529896
vn -0.59016192 -0.0812256262 -0.803188264
vn -0.702792585 -0.214714184 -0.678218544
vn -0.139680147 -0.191551507 -0.97149235
vn -0.595783055 -0.320025325 -0.736631811
vn -0.238642931 0.63402307 -0.735570669
vn -0.86133343 0.187585831 -0.472140074
vn -0.9072299 0.410589159 -0.0913799405
vn -0.871504664 -0.0732520372 -0.484885156
vn -0.942760646 -0.0626650229 -0.327529311
vn 0.263872415 -0.255181015 -0.930190325
vn -0.514025867 -0.193948239 -0.83556056
vn 0.871921778 0.402329952 0.279075325
vn -0.770460725 0.410594106 0.487650037
vn -0.960484982 0.0691099688 -0.269615352
vn 0.53726995 -0.0592501722 -0.841326535
vn -0.474163949 -0.0281643774 -0.879985988
vn 0.855477393 0.061891336 0.514128268
vn -0.560801446 0.145106554 0.815135419
vn -0.98165983 0.0588471219 -0.18133153
vn 0.660859704 0.254900247 -0.705896735
vn -0.427240163 0.118488163 -0.896340549
vn 0.839136481 0.237635761 0.489263922
vn -0.400146782 0.0640343055 0.914211214
vn -0.991200149 0.0181236155 -0.131125182
vn 0.525541782 0.702639282 -0.479691446
vn -0.440437376 0.52096808 -0.73116833
vn 0.576817155 0.626046777 0.52473557
vn -0.35702312 0.418343067 0.835178792
vn -0.938251495 0.338261127 0.0725492686
vn 0.50622952 -0.381525099 -0.773414671
vn 0.602879524 -0.367132276 -0.708343267
vn -0.173348039 -0.276846021 -0.945149064
vn -0.131756753 -0.29470861 -0.946460307
vn -0.00765053649 -0.326135278 -0.945292175
vn 0.407357484 -0.390395671 -0.825621784
vn -0.861704051 0.200714603 -0.466025442
vn -0.902735233 0.317815244 -0.289935768
vn -0.725610912 0.012482346 -0.687991917
vn -0.868914664 0.244449764 -0.430385381
vn -0.808774114 0.155706525 -0.56713295
vn -0.707002997 0.0260196701 -0.706731796
vn -0.627317429 -0.0321653672 -0.77809912
vn -0.229313806 0.968388915 -0.0981740728
vn -0.462373883 0.840636075 -0.282030821
vn -0.0242838413 0.986979365 -0.159003288
vn -0.232514307 0.833249867 -0.501629233
vn 0.0210940968 0.939868093 -0.340885848
vn 0.000367066445 0.988743067 -0.149623185
vn -0.778439343 0.502073228 0.376768708
vn -0.79657203 0.327208191 0.508338332
vn -0.94980216 0.308433056 -0.0523905642
vn -0.9506706 0.302798808 -0.0673658773
vn -0.940858305 0.335660726 0.0460157283
vn -0.938408911 0.340149343 0.0607209839
vn -0.62351042 0.298282087 0.722677231
vn -0.898307145 0.234826997 0.371349692
vn -0.551126182 0.146235883 0.821507812
vn -0.734191775 0.664859712 -0.137565091
vn -0.497725844 0.615182459 0.611407816
vn 0.0835320577 0.953650057 0.289091527
vn -0.433200061 0.42198506 0.796408474
vn 0.0102896448 0.418564975 0.908128619
vn -0.94632417 0.308209866 0.0973515734
vn -0.515616298 0.211365759 0.830339909
vn -0.468050301 0.62917906 -0.620534182
vn 0.528935671 0.797207713 -0.291010231
vn 0.451144636 0.486201853 0.74838239
vn -0.971342385 0.230003625 0.0599360801
vn -0.463322818 0.275990427 0.842117071
vn -0.399981499 0.268457741 -0.876324892
vn 0.828616261 0.369683385 -0.420391887
vn 0.619284213 0.359583497 0.697987676
vn -0.983934999 0.152235344 0.0932539031
vn -0.447350651 0.280924737 0.849092901
vn -0.346113354 0.0167037062 -0.938044012
vn 0.910197556 0.122441925 -0.39566204
vn 0.67157644 0.280039072 0.685976088
vn -0.911295712 0.354714185 -0.209088549
vn -0.541013598 0.747168779 0.386060953
vn -0.361686885 0.370700151 -0.855432093
vn 0.504259229 0.62655884 -0.594261467
vn 0.394345343 0.897321701 0.19825618
vn -0.465671957 0.531446695 0.707611501
vn -0.682052195 0.500248671 0.533438027
vn -0.880263567 0.416950911 0.226468697
vn -0.944108784 0.329570502 0.00647950359
vn -0.94638592 0.322778225 -0.0129569182
vn -0.651690185 0.477557212 0.589269817
vn -0.218011528 0.472360373 0.854017913
vn -0.922148347 0.365005732 0.128114313
vn -0.674776614 0.47348538 0.566116571
vn 0.098292686 0.424962491 0.899858534
vn 0.437086493 0.327821225 0.83754909
vn -0.0207459703 0.445336431 0.895122886
vn 0.207213446 0.41250816 0.887073576
vn -0.0109623084 0.468005568 0.883657455
vn -0.440472037 0.531353354 0.723635256
vn -0.091929853 0.994846284 -0.042777691
vn -0.258125812 0.953266978 -0.157012925
vn -0.0226844903 0.995236993 -0.0948096141
vn -0.053132046 0.947239161 -0.316093504
vn 0.261094481 0.929837883 -0.259289682
vn 0.190960094 0.978909254 -0.0726015344
vn -0.496545494 0.121327378 0.859489501
vn -0.532903671 -0.179292664 0.826963007
vn -0.942154884 -0.294221699 -0.160554796
vn -0.854222417 -0.218478978 -0.47177431
vn -0.899812937 -0.251202047 -0.35669896
vn -0.945448458 -0.300653636 -0.125437543
vn -0.913244963 -0.326813519 0.24326244
vn -0.803485632 -0.311283469 0.507457793
vn -0.618552744 -0.254883766 0.743254244
vn -0.588717282 -0.245092377 0.770286679
vn -0.307526857 -0.25620532 0.916398406
vn -0.636075437 0.260765314 0.726229727
vn -0.0922561735 -0.0475592688 0.994598866
vn -0.164076522 0.959885657 0.227372557
vn -0.114412382 0.118239537 0.986371696
vn 0.539044082 0.694756746 0.476177067
vn -0.0765975565 -0.133050472 0.988144934
vn 0.46687752 0.20283924 0.860744834
vn -0.883949697 0.278477728 0.375610381
vn -0.279722959 -0.0248989332 0.959757864
vn -0.316486716 0.867815912 -0.383055717
vn 0.703476548 0.709914029 0.0338084958
vn 0.571982563 0.192624152 0.797327936
vn -0.969424844 0.16696398 0.179829061
vn -0.282364756 0.0246732701 0.958989739
vn -0.291068524 0.477190137 -0.829197586
vn 0.871843338 0.419703603 -0.252464026
vn 0.660757482 0.151465595 0.735158265
vn -0.993350983 0.0626444444 0.0965896547
vn -0.234907746 0.101582222 0.96669513
vn -0.175074428 0.13960354 -0.974607468
vn 0.91767782 0.204207093 -0.340832591
vn 0.714306593 0.171182543 0.678573966
vn -0.999836445 0.0175395906 0.00440358091
vn -0.261448294 0.120986976 0.957604825
vn -0.132437333 -0.00134509185 -0.991190434
vn 0.900204301 0.0912319496 -0.425803959
vn 0.76692307 0.154467613 0.622871399
vn -0.767510414 0.616823733 -0.174516886
vn -0.277091175 0.819566548 0.5015288
vn -0.109819777 0.554835796 -0.824679911
vn 0.726004779 0.505595684 -0.466143608
vn 0.670826077 0.69958955 0.246103495
vn -0.666650176 -0.299820513 0.682411313
vn -0.80308938 -0.327038348 0.498089731
vn -0.883961082 -0.334328741 0.326859534
vn -0.945452034 -0.321934909 0.0497835465
vn -0.312993973 -0.159844115 0.936207592
vn -0.0238329042 -0.0641521886 0.997655392
vn 0.277339965 0.0421928018 0.959844887
vn 0.355431825 0.0734099448 0.931815028
vn 0.280918628 0.0253983904 0.959395409
vn 0.272932887 0.0203384198 0.96181798
vn 0.113685101 -0.0409544446 0.992672384
vn -0.31640321 -0.194258809 0.928521752
vn -0.47949785 -0.245813072 0.842411935
vn 0.0157742277 0.998940051 0.0432435349
vn 0.140673876 0.980879962 0.134481445
vn 0.0645879135 0.988826454 0.134352878
vn 0.147917017 0.980804205 0.127057582
vn 0.0831477866 0.996155322 0.0275900289
vn -0.047842972 0.998398364 -0.0301961638
vn 0.933617115 0.283465058 0.219104365
vn 0.588579297 0.457876801 0.66627568
vn 0.323902547 0.945981801 -0.0143375145
vn 0.485502869 0.837343514 -0.251282424
vn 0.252564222 0.802316546 -0.540832162
vn 0.753473222 0.625142813 -0.203653485
vn 0.287533998 0.53466928 -0.794640183
vn 0.391742378 0.862951338 0.319143921
vn -0.0647307113 0.98633945 -0.151474148
vn -0.331780881 0.938346028 0.0970985815
vn -0.0888957083 0.876081586 -0.473897219
vn -0.384884685 0.70999229 -0.589724362
vn 0.899885774 0.399598688 -0.174718246
vn 0.295704931 0.240778476 -0.924437344
vn 0.374208182 0.722459137 0.581395745
vn -0.553782403 0.763946474 0.331226319
vn -0.617113411 0.454416543 -0.642399132
vn 0.961883247 0.22114715 -0.160855487
vn 0.309748203 0.0667897165 -0.948469937
vn 0.376763761 0.507621109 0.774835408
vn -0.69710356 0.516154528 0.49762547
vn -0.739783704 0.227498427 -0.633217573
vn 0.990148306 0.0664869323 -0.12323118
vn 0.327571064 -0.0513756797 -0.943428695
vn 0.372574061 0.343335032 0.862154067
vn -0.75508672 0.376627743 0.536652267
vn -0.803287625 0.136174574 -0.57981503
vn 0.999335825 -0.0287271645 -0.0224202629
vn 0.294326961 -0.197016895 -0.935176969
vn 0.344635993 0.302961379 0.888504624
vn -0.770738423 0.339653283 0.539071321
vn -0.868289948 0.0664463267 -0.491586685
vn 0.99837935 -0.0266940705 0.0502597317
vn 0.280665487 -0.16209498 -0.946019053
vn 0.319011748 0.209443405 0.924318612
vn -0.755199432 0.238932267 0.610397518
vn -0.883823097 0.0315929689 -0.466753304
vn 0.999455154 -0.0255242568 0.020929167
vn 0.272141427 0.0298137963 -0.96179527
vn 0.377695441 -0.00403963448 0.925921142
vn -0.762052178 0.0871225223 0.641627669
vn -0.802922487 0.10210865 -0.587272644
vn 0.668439806 0.737613261 0.0954724103
vn 0.105067782 0.825190365 -0.554997027
vn 0.438036025 0.647166789 0.623938799
vn -0.28600654 0.933744192 0.215225354
vn -0.476709098 0.738514006 -0.476807564
vn 0.966923773 0.253022075 0.032221444
vn 0.965027988 0.250752807 0.0764467493
vn 0.688809454 0.222316816 -0.690012038
vn 0.710281134 0.22922805 -0.665548742
vn 0.916291237 0.266816109 -0.298696458
vn 0.457552433 0.500347495 0.735049725
vn 0.521517038 0.497361362 0.693290532
vn 0.802702725 0.438020587 0.404729873
vn 0.831537664 0.451351434 0.323769748
vn 0.880181372 0.458916038 0.12114758
vn 0.783401966 0.61849463 0.0612029582
vn 0.46187374 0.884708464 -0.0629572868
vn 0.388326138 0.916620851 -0.0949161425
vn 0.259724647 0.954241753 -0.14820908
vn 0.193490937 0.966159999 -0.170576155
vn 0.165924802 0.969664574 -0.179498672
vn 0.145933196 0.778681517 -0.61021173
vn 0.137510449 0.738552868 -0.660023212
vn 0.135789976 0.727725387 -0.672292173
vn 0.040157944 0.192440361 -0.980486691
vn -0.0377633199 0.170639485 -0.984609663
vn 0.165921956 0.961189866 -0.220417783
vn 0.165160179 0.935138881 -0.313428611
vn 0.526652098 0.218124136 -0.821620047
vn 0.0198166277 0.163667932 -0.986316442
vn 0.0851815343 0.156097248 -0.984061897
vn 0.705195665 0.551927149 0.445056617
vn 0.79609853 0.578723252 0.176936671
vn 0.249114275 0.574001133 -0.780041516
vn -0.806248248 0.500134826 -0.31595704
vn -0.809230864 0.492866635 0.319730997
vn 0.274830043 0.574434698 -0.771033883
vn 0.246663138 0.569299221 -0.784254789
vn 0.195989192 0.573837817 -0.795171916
vn 0.609756589 0.588203311 -0.531237841
vn 0.519510806 0.582041681 -0.625568569
vn -0.0299296118 0.545650125 -0.837478518
vn 0.235898122 0.548603415 -0.802113771
vn 0.332509577 0.56657058 -0.753946424
vn -0.25054127 0.536533237 -0.805829465
vn -0.227985844 0.534184456 -0.814045131
vn -0.183868304 0.537411749 -0.823031604
vn -0.192449614 0.541358352 -0.818470776
vn -0.22793366 0.534392416 -0.81392324
vn 0.350965798 0.168446869 0.921112716
vn 0.352112979 0.169801697 0.920425951
vn 0.406695157 0.195260316 0.892453074
vn 0.793916941 0.394423038 0.462737799
vn 0.971504867 0.00129364571 -0.237016276
vn 0.985466778 -0.129025921 0.11048796
vn 0.423027575 0.126433775 0.89725256
vn 0.420561045 0.0871114209 0.903072596
vn 0.473715216 0.0489668883 0.879315734
vn 0.545217693 -0.00641024718 0.838269949
vn 0.663221896 -0.036728248 0.747521043
vn 0.755572557 -0.0621785596 0.652107239
vn 0.417106658 0.189414591 0.888900459
vn 0.42486456 0.0660040677 0.902847528
vn 0.415811926 0.0877621099 0.905206203
vn 0.454175115 0.0298543591 0.890412033
vn 0.780585468 -0.105662413 0.616053462
vn 0.546069562 -0.0259645693 0.837337375
vn 0.514177501 -0.016270807 0.857529461
vn 0.906228364 -0.119534604 0.405538797
vn 0.810222328 -0.108977333 0.575902402
vn 0.995022833 -0.0980416238 0.0178121217
vn 0.988163233 -0.114920199 0.101621248
vn 0.995823324 -0.0888289437 -0.0211020336
vn 0.895762444 -0.0949237272 0.434280097
vn 0.989242613 -0.108806379 0.0977761298
vn 0.995578349 -0.0936036855 0.00788735133
vn 0.808005333 -0.0829280838 0.583309829
vn 0.310833961 -0.00970179029 0.950414658
vn 0.771993577 -0.225242421 0.594383538
vn 0.971649468 -0.186323702 -0.14553681
vn 0.753687918 0.41449815 -0.510044932
vn 0.214927912 0.909121811 0.356796265
vn 0.966260374 -0.226556689 -0.122527488
vn 0.948416173 -0.13964653 -0.284614623
vn 0.8670277 -0.0316451639 -0.497254014
vn 0.906819403 -0.1123925 -0.40625909
vn 0.911818266 -0.118415751 -0.393147647
vn 0.955980062 -0.193177447 -0.220872387
vn 0.774415374 0.110628538 -0.622930348
vn 0.653461039 0.445342839 -0.612093389
vn 0.702204883 0.329504192 -0.631138086
vn 0.768976867 0.117795929 -0.628330052
vn 0.801125646 0.199163705 -0.564385951
vn 0.926097631 -0.108852766 -0.36123988
vn 0.913410485 -0.0717383176 -0.400667936
vn 0.817401946 0.101281993 -0.567094326
vn 0.802902102 0.189999893 -0.565020442
vn -0.490550071 -0.295877159 0.81964469
vn 0.379026681 0.0244971905 0.925061524
vn 0.496642679 0.0834672228 0.863932431
vn 0.89968431 0.362721622 0.242901638
vn -0.260472238 0.145606488 -0.954438567
vn -0.930423141 -0.257915199 -0.260369986
vn 0.580329001 0.1281012 0.804243982
vn 0.767349362 0.238566205 0.595198274
vn 0.897194743 0.357162505 0.259762138
vn 0.901484847 0.422644198 -0.093257606
vn 0.890435696 0.430824012 -0.14667961
vn 0.878734231 0.332543761 0.342404544
vn 0.767318249 0.238540813 0.595248759
vn 0.566662431 0.120880499 0.815034747
vn 0.747193098 0.435981959 -0.501619577
vn 0.8399086 0.438235193 -0.320161462
vn 0.902602196 0.418625802 -0.100307971
vn -0.126247883 0.186168998 -0.974372923
vn -0.124768555 0.186717302 -0.974458575
vn 0.304697871 0.338111281 -0.890415668
vn 0.493173242 0.386822045 -0.779197454
vn 0.0737677068 0.275650442 -0.958423197
vn -0.1249047 0.186764792 -0.974431992
vn 0.747944415 0.447193921 -0.490506738
vn 0.490941614 0.398704737 -0.774603665
vn 0.151648194 0.30289188 -0.940882146
vn 0.841166437 0.424408019 -0.335137039
vn 0.18785964 0.169749931 -0.967415988
vn -0.925460637 -0.235939831 -0.296403617
vn -0.564823925 -0.132795855 0.814456344
vn 0.352906257 0.201664716 0.913667619
vn -0.543826163 -0.0244861767 -0.838840544
vn -0.610448599 -0.0403409339 -0.791027904
vn -0.918067455 -0.19118996 -0.347273111
vn -0.179992497 0.0809823349 -0.980328858
vn -0.141356334 0.179921955 -0.973471403
vn -0.901558578 0.0717893243 -0.426659554
vn -0.60187757 0.130989745 -0.787772238
vn -0.413346738 0.1491469 -0.898275912
vn -0.981773615 0.0292155351 -0.187795356
vn -0.839290082 -0.156244084 0.52074945
vn -0.8885324 -0.126337618 0.441076964
vn -0.987360954 0.0177613087 -0.157489523
vn -0.954564214 -0.191000089 -0.228749275
vn -0.969646335 -0.190556064 -0.153213784
vn -0.870017111 -0.16214782 0.46559456
vn 0.24990575 0.958555222 -0.1368175
vn 0.0805254281 0.996702254 0.0100163314
vn -0.0930956304 0.994384944 -0.0503160767
vn -0.159621462 0.983715653 0.0826112852
vn -0.150955647 0.988516212 -0.00693909079
vn 0.0514027625 0.992733002 -0.108806454
vn 0.338968635 0.666912138 -0.663572431
vn 0.310104847 0.843016922 -0.439496815
vn 0.605926216 0.795314014 -0.0181378759
vn 0.602167487 0.486923069 -0.632692873
vn -0.0573063046 0.909810126 -0.411049247
vn -0.362986207 0.931197464 -0.0333515033
vn -0.147150531 0.784908772 -0.601884484
vn -0.461162806 0.70724237 -0.535851657
vn 0.0834239498 0.65545398 -0.750613451
vn 0.0362329967 0.510086656 -0.859359503
vn 0.714831948 0.549426794 0.432603151
vn 0.767678678 0.423311651 -0.481120288
vn -0.627962172 0.606379867 0.487818778
vn -0.759574711 0.45679754 -0.463014185
vn 0.0134388935 0.405481935 -0.914004207
vn 0.466134518 0.83235538 0.299838632
vn 0.663473666 0.688781261 -0.292203605
vn -0.395965308 0.80982095 0.432898998
vn -0.592341185 0.796616018 -0.12056122
vn 0.150080115 0.841411054 -0.519137204
vn 0.743917167 0.660021424 0.1046848
vn 0.743564606 0.660185218 0.106146686
vn 0.673063695 0.670990109 -0.311058998
vn 0.743255675 0.663374782 0.0866303742
vn 0.738942564 0.670768917 0.0635040998
vn 0.300921589 0.950561404 0.0766763911
vn 0.283062726 0.955999374 0.0770767108
vn 0.160361156 0.979993701 0.117883995
vn 0.0298583563 0.986843646 0.158896774
vn 0.00841335766 0.986922085 0.160978198
vn 0.743843496 0.660110652 0.104646556
vn 0.742471635 0.663514256 0.0921132043
vn -0.0905654579 0.995388269 -0.0316243842
vn -0.190197825 0.964612424 -0.182613745
vn -0.268604785 0.884425044 -0.381633073
vn -0.00782371033 0.989541769 0.144034237
vn -0.0474874675 0.995388806 0.0833429992
vn -0.0789266452 0.996872067 -0.00410446571
vn -0.0842574462 0.996263087 -0.0189909227
vn 0.169112682 0.824868381 -0.53943783
vn 0.209443763 0.791632295 -0.573978662
vn 0.165835559 0.780858159 -0.602294862
vn -0.243049815 0.885673642 -0.395612121
vn 0.0571026281 0.909662843 -0.411403537
vn 0.606575549 0.700553477 -0.375886738
vn 0.668920636 0.670027614 -0.321882218
vn 0.465958565 0.281453818 -0.838848233
vn -0.557697713 0.81192106 0.172503337
vn 0.156759471 -0.0165424291 0.987498224
vn 0.681433141 -0.23694402 0.692464054
vn 0.926004708 -0.150177211 -0.346355289
vn -0.583136022 0.798974574 0.146942556
vn -0.434276104 0.397211939 0.808471978
vn -0.416997671 0.384908706 0.82338208
vn -0.16251567 0.19766596 0.966704071
vn 0.115021214 0.560861528 -0.819880724
vn -0.0419793837 0.648107469 -0.760390937
vn -0.0887699425 0.684120834 -0.723946571
vn -0.579552412 0.814920425 -0.00486523472
vn -0.583440542 0.801900148 0.128659651
vn -0.239505038 0.74708879 -0.620077074
vn -0.0755325779 0.647062659 -0.758686364
vn -0.0676266924 0.64327234 -0.762645066
vn -0.0105351834 0.614083588 -0.789170742
vn -0.43233183 0.50210315 0.748987079
vn -0.453115702 0.532832265 0.714685917
vn -0.596505523 0.800352335 -0.0601443164
vn -0.566613257 0.813278615 -0.132391453
vn -0.428031981 0.430805415 0.794477999
vn -0.449168831 0.487164915 0.748944402
vn -0.449173182 0.487215251 0.748908997
vn -0.327129424 0.311888576 0.892026842
vn -0.42538026 0.308632016 -0.850763202
vn -0.552187741 0.0974219888 -0.828008294
vn -0.557406962 0.0884814933 -0.825511158
vn -0.830280006 -0.102887549 -0.54776752
vn -0.897849679 -0.177516654 -0.402931392
vn -0.953487873 -0.224753141 -0.200865671
vn 0.123156056 0.94239974 -0.310990691
vn -0.385053128 0.258605063 -0.885921836
vn -0.732379079 -0.0820216909 0.675938785
vn -0.899214685 -0.160060883 -0.407177478
vn -0.886774659 -0.153473452 -0.435977727
vn -0.712856114 -0.0174901187 -0.701092124
vn -0.520648003 0.0912872925 -0.848877132
vn -0.944963217 -0.226294637 0.236294463
vn -0.947825074 -0.227086112 0.223739743
vn -0.971210897 -0.235760331 -0.0341520198
vn -0.945493639 -0.193195522 -0.262139916
vn 0.90855664 -0.0159357209 0.417457372
vn 0.931724846 0.357110918 0.0660361201
vn -0.873580396 0.187908992 0.448940426
vn -0.663850427 -0.117938362 0.73850739
vn -0.618048966 -0.145948365 0.772473037
vn 0.0735079944 -0.336399555 0.938845992
vn 0.461685181 0.81132108 -0.358615488
vn 0.373676151 0.837647796 -0.398387015
vn -0.0756031349 0.931801856 -0.355006158
vn -0.665779114 0.72533977 -0.174986884
vn -0.822660863 0.565430641 0.0593055412
vn -0.825137854 0.561259031 0.0643108338
vn 0.775479674 0.564300656 -0.283188939
vn 0.262120456 0.779039741 -0.569552362
vn 0.373573422 0.743550241 -0.554595351
vn -0.644277871 0.651441634 -0.400661886
vn -0.626630425 -0.140978694 0.766458988
vn -0.704262137 -0.0923328549 0.703910053
vn -0.85179472 0.0722038746 0.518875897
vn -0.906732023 0.18010442 0.381313026
vn -0.932301581 0.267900616 0.242987409
vn -0.700605989 0.62385112 -0.346354008
vn -0.678339601 0.632029116 -0.374692678
vn -0.91958338 0.274640679 0.280960679
vn -0.896282732 0.16672039 0.410952002
vn -0.896604896 0.0393946096 0.441075593
vn -0.178739578 -0.262432009 0.948251843
vn 0.391022295 -0.272960454 0.878973305
vn 0.967971683 0.238180369 -0.0793793127
vn 0.0211787093 0.678448021 -0.734342992
vn -0.164858028 -0.263546616 0.950455248
vn 0.0671555176 -0.284481645 0.956326425
vn 0.170417815 -0.287055314 0.942633033
vn 0.559405565 -0.231889471 0.795796931
vn 0.450099319 -0.207332745 0.868575692
vn 0.437405229 -0.210495204 0.874281704
vn 0.174490377 -0.261980236 0.949167728
vn 0.0142973615 -0.265438884 0.964021742
vn 0.989867091 0.108907357 0.0911163911
vn 0.98553431 0.0767251849 0.151113883
vn 0.889946043 -0.0400239415 0.454306215
vn 0.672046959 -0.154882148 0.724130154
vn 0.987404346 0.141230017 0.0713207647
vn 0.566855311 -0.22981742 0.791112483
vn 0.648502886 -0.20519796 0.733033299
vn 0.94863826 0.00986894127 0.316209018
vn 0.979466021 0.06598638 0.190504983
vn 0.456519932 0.414990634 -0.787002146
vn -0.911372721 0.290305555 -0.291757494
vn -0.593764603 -0.114870213 0.796397209
vn 0.292560935 -0.183768362 0.93842274
vn 0.992906868 0.11590185 0.0265109912
vn -0.966050208 0.214394271 -0.144159526
vn -0.982524037 0.176052466 -0.0604323819
vn -0.984368801 0.170834273 -0.0428231843
vn -0.888557851 -0.00339547568 0.458752185
vn -0.887746334 -0.00381676084 0.460317016
vn -0.710174084 -0.07609009 0.699902117
vn -0.933803618 0.24989374 -0.256054461
vn -0.898406148 0.259784043 -0.354088455
vn -0.961582541 0.0710547417 0.265160561
vn -0.977850676 0.17031537 -0.121658914
vn -0.941932559 0.221098095 -0.252742529
vn -0.802620709 -0.00752226077 0.596442223
vn -0.907746196 0.0292652939 0.418497831
vn -0.493825465 -0.0978784338 0.864034832
vn -0.0498099476 -0.174596369 0.983379364
vn -0.355115682 -0.131471157 0.925531268
vn -0.347423643 -0.150281221 0.925587475
vn -0.612168133 -0.102705687 0.784029186
vn -0.37876457 -0.146024689 0.913900554
vn -0.142584354 0.899083555 0.413906336
vn -0.196898296 0.976685286 0.0855379552
vn 0.12836051 0.990932643 0.0396998972
vn -0.0416746102 0.945257664 -0.323652714
vn 0.0780519471 0.979677379 -0.184770674
vn -0.00342550105 0.987943828 0.15477474
vn 0.0404967368 0.42235294 0.9055264
vn -0.142476261 0.586820304 0.797083676
vn -0.537587285 0.500899196 0.678306639
vn -0.0143407257 0.216469169 0.976184189
vn 0.0843141451 0.767212689 0.635826945
vn -0.0585494898 0.987631798 0.145448744
vn 0.390699834 0.631621957 0.669632196
vn 0.68182981 0.633849442 0.365161628
vn 0.317609698 0.44646281 0.83653748
vn 0.492411315 0.289075226 0.82095468
vn -0.816809237 0.34465456 0.462639958
vn -0.0862819999 0.100754797 0.991162896
vn -0.280642658 0.806394339 -0.520545721
vn 0.873087883 0.487529039 0.00573424995
vn 0.592957556 0.164468929 0.788258374
vn -0.941772699 0.253840923 0.220519617
vn -0.174423546 0.135961741 0.97523886
vn -0.304370672 0.331347793 -0.893066168
vn 0.935298324 0.179861799 -0.304740399
vn 0.733832121 0.101784542 0.67166245
vn -0.97426784 0.224649906 0.0182957444
vn -0.217873156 0.154192463 0.963719845
vn -0.136790216 0.127279133 -0.982389212
vn 0.865550697 0.022528965 -0.500314474
vn 0.865618587 0.0338703878 0.499557018
vn -0.796996117 0.600574732 0.0640866905
vn -0.341003925 0.459296763 0.820221305
vn -0.177482426 0.56555748 -0.805384874
vn 0.449462801 0.63329798 -0.630013466
vn 0.35183689 0.798877418 0.487858206
vn -0.210499942 0.430544913 0.877679288
vn -0.413106501 0.408547759 0.813899159
vn -0.454212606 0.40366894 0.79419291
vn -0.495270938 0.425330222 0.757496417
vn -0.461143643 0.82177037 0.334724039
vn -0.16871047 0.980760098 -0.0982164815
vn -0.136318311 0.97674036 -0.165516317
vn -0.132302895 0.959406018 -0.249070063
vn -0.127858907 0.928607345 -0.348339617
vn -0.407635748 0.861639678 0.302341163
vn -0.361690402 0.896752954 0.254978985
vn -0.210746914 0.977483869 -0.0105389552
vn 0.12933965 0.990131497 -0.0539528802
vn 0.15523228 0.987295032 -0.0339303352
vn 0.194633976 0.980861068 -0.00538922381
vn 0.504959583 0.862401009 0.035783045
vn 0.777133524 0.622724235 0.0909839645
vn 0.776302993 0.626001418 0.0739988908
vn -0.0214405209 0.973525286 -0.22757192
vn 0.0265734009 0.984617054 -0.172694206
vn 0.839198411 0.486476541 0.243077666
vn 0.807704866 0.406240284 0.427295804
vn 0.801851273 0.398468673 0.445260912
vn 0.830435514 0.536110342 0.151534095
vn 0.751749218 0.406850696 0.518985212
vn 0.276073575 0.573137581 0.771554708
vn 0.124553025 0.661128342 0.739862025
vn 0.0780930743 0.603278518 0.793697953
vn 0.0540506952 0.5617221 0.825558484
vn -0.790183306 0.497947603 -0.357293159
vn -0.658152878 0.741983593 -0.127652913
vn 0.985106289 0.162690476 0.0556542389
vn 0.933387458 -0.165814236 -0.318266332
vn 0.920551658 -0.183657095 -0.344753057
vn 0.551253557 -0.368480861 -0.748559535
vn -0.123550862 0.946274996 0.298828989
vn -0.0514099002 0.941557586 0.332906097
vn 0.267659903 0.849132538 0.455337226
vn 0.723096728 0.587087631 0.363949358
vn 0.87902844 0.387000948 0.278458923
vn 0.917633116 0.330409676 0.22085923
vn -0.366241872 0.887857914 0.278522968
vn 0.809707463 0.424134314 0.405566156
vn 0.505233049 0.686003923 0.523582101
vn 0.21527335 0.806766808 0.550258815
vn -0.272346795 0.901361704 0.3367109
vn 0.922047675 -0.181856617 -0.341696024
vn 0.996672213 -0.0260346923 -0.0772443861
vn 0.963511884 0.204702765 0.17245777
vn 0.847161472 0.376910865 0.374507189
vn 0.989228845 0.134979516 0.0566300675
vn 0.99576515 -0.0282701161 -0.0874786079
vn 0.984526694 0.0453502983 0.1692646
vn 0.658493102 -0.356045902 -0.663036942
vn 0.602879524 -0.367132276 -0.708343267
vn 0.26568523 -0.374913692 -0.888172925
vn -0.841498852 0.220715389 -0.493116915
vn -0.211257041 0.739040434 0.639679313
vn 0.50622952 -0.381525099 -0.773414671
vn 0.407357484 -0.390395671 -0.825621784
vn -0.00765053649 -0.326135278 -0.945292175
vn -0.131756753 -0.29470861 -0.946460307
vn -0.173348039 -0.276846021 -0.945149064
vn -0.508600593 -0.127366573 -0.851529896
vn -0.127764001 -0.299357802 -0.945548177
vn 0.0575760975 -0.342322379 -0.937816799
vn 0.408315301 -0.390626311 -0.825039268
vn 0.524130583 -0.379820883 -0.762248814
vn -0.59016186 -0.0812256262 -0.803188264
vn -0.902735233 0.317815244 -0.289935768
vn -0.861704111 0.200714633 -0.466025501
vn -0.725610912 0.012482346 -0.687991977
vn -0.808774114 0.15570654 -0.56713295
vn -0.868914664 0.244449764 -0.430385321
vn -0.627317429 -0.0321653672 -0.77809912
vn -0.707002997 0.0260196701 -0.706731796
vn -0.318707705 0.612434506 0.723428905
vn 0.836404324 0.195023164 0.512243748
vn 0.678867698 -0.36140731 -0.639158309
vn 0.063711375 -0.352141976 -0.933775604
vn -0.91811341 0.192055091 -0.346673667
vn 0.885930479 0.140715286 0.441957355
vn 0.987770677 -0.0462947153 0.148882031
vn 0.988945425 -0.0509687476 0.139244914
vn 0.828588605 -0.314500213 -0.463174403
vn 0.788206697 0.204513356 0.58043474
vn 0.870141745 0.154121146 0.468081236
vn 0.914194643 -0.267336667 -0.304596901
vn 0.922174394 -0.260247856 -0.286121547
vn 0.984127998 -0.0642641857 0.165415004
vn 0.959881604 0.00475013675 0.280364901
vn 0.281055957 -0.382522613 -0.880161345
vn 0.420764744 -0.392178208 -0.8180179
vn 0.465462089 -0.3899872 -0.79451561
vn 0.828116417 -0.321847826 -0.458952159
vn 0.814580202 -0.321081907 -0.483079135
vn 0.72499764 -0.351348311 -0.592395842
vn 0.437913924 -0.392215729 -0.808948815
vn 0.42072776 -0.392877758 -0.81770128
vn 0.823888004 -0.317143679 -0.469711155
vn 0.750547409 -0.312816292 -0.582086384
vn 0.852351427 -0.298133552 -0.429666609
vn 0.892681777 -0.28221482 -0.351388752
vn 0.686153054 0.148931414 0.712048769
vn -0.167850718 -0.248241276 -0.954045296
vn 0.254661232 -0.315680295 -0.91405338
vn 0.43716231 -0.327409387 -0.837670743
vn 0.729535103 -0.316116989 -0.606505215
vn -0.912825942 0.346575081 0.215950102
vn -0.221159771 -0.232501745 -0.947117448
vn -0.348937988 -0.193207711 -0.917013109
vn -0.899473906 0.138740554 -0.414364189
vn -0.472533315 0.506047904 0.721545458
vn 0.33167091 0.399713814 0.85453105
vn 0.920715213 -0.143269464 -0.362983942
vn -0.0895608291 -0.211353242 -0.973297834
vn -0.326129556 0.56110394 0.760790288
vn -0.23746857 0.574766934 0.783103943
vn -0.0350272991 0.527075827 0.849096119
vn 0.351781309 0.450631589 0.820476174
vn 0.420823872 0.435992926 0.795498252
vn 0.17191793 0.95805335 0.229298919
vn 0.179439515 0.930582225 0.319089741
vn 0.178645819 0.819116175 0.545100391
vn 0.0792819411 0.745317876 0.661978602
vn -0.00726556499 0.677648425 0.735350132
vn -0.246661946 0.587291718 0.770873785
vn 0.865748525 0.1889413 -0.463444293
vn 0.839366555 0.416805565 -0.348908186
vn 0.571955204 0.769820273 -0.283273727
vn 0.296166301 0.95301646 -0.0636013225
vn 0.194087863 0.980981231 -0.00239433045
vn 0.977812767 0.064688243 -0.199242488
vn 0.942549109 0.158397287 -0.294128418
vn 0.474563777 0.452777654 0.754838824
vn 0.873454511 0.360974401 0.326764017
vn 0.97075963 0.238862336 -0.0238826815
vn -0.740443587 0.043452289 -0.670712411
vn -0.786265731 -0.377282083 0.48933062
vn -0.492957234 -0.161550641 0.854923666
vn 0.0605149306 0.969061315 -0.239286602
vn -0.30482915 0.568714499 -0.763965428
vn -0.215460554 -0.00641043903 0.976491511
vn -0.162738547 0.0763098523 0.983713865
vn -0.165211201 0.102035142 0.980965912
vn 0.137195319 0.348769635 0.927112281
vn -0.0986170843 0.0733512342 0.992418468
vn 0.349409878 0.65029484 0.67455864
vn 0.296357036 0.514293075 0.804782629
vn -0.0283134487 0.822324216 -0.568314493
vn -0.00879329443 0.839682758 -0.543006063
vn 0.352137297 0.934219301 0.0568665862
vn 0.374396443 0.828460574 0.416509748
vn 0.267400056 0.936176896 0.228188783
vn 0.290284723 0.954522192 0.0679863691
vn -0.0147905257 0.837016284 -0.546977937
vn 0.217936888 0.854160786 0.472136468
vn 0.108294077 0.483706325 0.868504822
vn 0.15534097 0.540370166 0.826963902
vn -0.327214539 0.931423247 -0.159315497
vn -0.54421854 0.835032582 -0.0809121653
vn -0.328784347 0.923577011 -0.197246641
vn -0.716204584 0.624429405 -0.311671257
vn -0.487194479 0.633210063 -0.601403892
vn -0.293543667 0.858724773 -0.420028418
vn 0.155181736 0.974289 -0.163338587
vn 0.326715082 0.933660865 0.146746576
vn -0.686729193 0.323008418 0.65120554
vn -0.784769237 0.317639202 0.532205284
vn -0.732457757 0.34098357 0.589267194
vn -0.608894408 0.4098818 0.679149806
vn -0.60522753 0.740529537 0.2920883
vn -0.735241115 0.64741677 0.200679347
vn -0.902701557 0.429674953 0.0225669518
vn 0.568822026 0.820604086 0.0552308895
vn 0.0880580917 0.84226197 0.531827569
vn 0.69573909 0.668442607 0.262928754
vn -0.34950453 0.906336367 -0.237489045
vn 0.354458779 0.850735366 -0.388082981
vn 0.227198794 0.694304466 -0.682877779
vn 0.562967598 0.788292706 -0.248318791
vn 0.674889147 0.627175629 -0.38881278
vn -0.150583133 0.561771631 0.81347245
vn 0.757702887 0.503946364 0.414637625
vn -0.791961074 0.554458141 -0.255682915
vn 0.0720723271 0.467002541 -0.881313801
vn 0.753170788 0.466869354 -0.463429242
vn -0.226864219 0.323571622 0.918604374
vn 0.777347386 0.373910785 0.505886972
vn -0.966484547 0.211064294 -0.146149024
vn 0.0346106254 0.233143657 -0.971826196
vn 0.823465645 0.323880821 -0.465838552
vn -0.250323385 0.215878457 0.943787396
vn 0.706620038 0.346398085 0.617005944
vn -0.989943504 -0.0633777156 -0.126471713
vn -0.164793491 -0.052393049 -0.984935522
vn 0.789385676 0.208751261 -0.577315509
vn -0.465377122 0.10858947 0.878426135
vn 0.748886228 0.420021385 0.512592852
vn -0.938881099 -0.267119467 -0.217138872
vn -0.170762509 -0.179858536 -0.96875751
vn 0.765148163 0.18782793 -0.615848184
vn -0.747666359 0.555134416 0.364446044
vn 0.154533058 0.97476089 0.161123112
vn -0.94093889 -0.0262784641 -0.33755517
vn -0.409979314 0.0243785568 -0.911768913
vn 0.183374777 0.607905686 -0.772544146
vn -0.235173091 0.930823267 0.279753089
vn -0.371532172 0.754249334 0.541360974
vn -0.385285139 0.43275249 0.815034151
vn -0.408494651 0.376913428 0.831305206
vn -0.439570725 0.347346157 0.82832849
vn -0.544614494 0.318126261 0.7760095
vn 0.0806068033 0.905124903 0.417434275
vn -0.390984982 0.872616887 -0.292695373
vn -0.383176327 0.871156275 -0.307022333
vn -0.364674866 0.866390824 -0.341144025
vn -0.311132073 0.779382467 -0.543838024
vn -0.60416913 0.790499091 -0.100453064
vn -0.443491578 0.8688097 -0.220193118
vn -0.23670283 0.868439078 -0.435643494
vn -0.225167587 0.881970525 -0.414037943
vn -0.177689001 0.927085876 -0.330058306
vn -0.169453427 0.932676136 -0.318434805
vn -0.156899706 0.944987953 -0.287019789
vn -0.102600142 0.952775359 -0.285818726
vn -0.26370433 0.845053136 -0.465129226
vn -0.134011209 0.990533292 -0.029748138
vn -0.0802111104 0.989842713 0.11737822
vn -0.0828249529 0.98826611 0.12833564
vn -0.0871387497 0.985482454 0.145708844
vn 0.0574010201 0.933428884 0.354140878
vn -0.149606258 0.971691728 -0.18284747
vn -0.141983092 0.988217413 -0.0571588501
vn -0.284140527 0.079512082 0.95547998
vn 0.860331416 -0.348686665 0.371816576
vn 0.855768263 -0.265123814 -0.444263399
vn -0.536172867 0.360167325 -0.763412178
vn -0.885862231 0.399559498 0.235797107
vn 0.678839982 -0.161139756 -0.716386855
vn 0.903053999 -0.303757101 -0.303685874
vn 0.890691996 -0.293328077 -0.347313195
vn 0.325410694 0.00180697977 -0.945571005
vn 0.576901376 -0.11406102 -0.80881083
vn 0.596654296 -0.123566747 -0.7929281
vn 0.778324068 -0.220834121 -0.587744772
vn 0.89381212 -0.295973778 -0.336896509
vn -0.714727461 0.3991611 -0.574312747
vn -0.68662703 0.389706403 -0.613736331
vn -0.435881913 0.305861861 -0.846436977
vn -0.137284786 0.186852083 -0.97274822
vn -0.104979299 0.174908981 -0.978972018
vn -0.737007558 0.406513423 -0.539969146
vn -0.336374611 0.286474824 -0.897097707
vn -0.686332524 0.390158981 -0.613778055
vn -0.719331682 0.401483297 -0.56689781
vn 0.457744241 -0.0494656861 -0.887706757
vn -0.114411317 0.196466401 -0.97381264
vn -0.269585282 0.260428518 -0.927092731
vn 0.583475173 -0.113254219 -0.804195285
vn -0.954925597 0.288708597 0.069024682
vn -0.423155814 0.0950171277 0.901060939
vn 0.621328294 -0.196550146 0.758498013
vn 0.891638935 -0.196112573 -0.408068299
vn 0.0754161999 0.0660509765 -0.994962096
vn 0.556110919 -0.180115491 0.811356306
vn 0.601861894 -0.190757856 0.775482833
vn -0.350432932 0.0716050863 0.933846653
vn -0.161248207 0.0138582531 0.986816645
vn -0.0549915396 -0.01611517 0.99835676
vn 0.441582203 -0.152315602 0.884197354
vn -0.451450109 0.0932109207 0.887414575
vn -0.382377148 0.0714363232 0.921240807
vn 0.71202004 -0.182211801 0.678104818
vn 0.438123435 -0.133015797 0.889018834
vn 0.386969149 -0.121822819 0.914009869
vn -0.161848098 0.00951926876 0.986769795
vn -0.190843791 0.0174569767 0.98146528
vn 0.920547843 -0.229335994 0.316222727
vn 0.916895807 -0.228668049 0.32712853
vn 0.911788344 -0.227610096 0.341812342
vn 0.892647505 -0.222999558 0.391729146
vn 0.911711514 -0.228469893 0.34144333
vn 0.917305648 -0.228950217 0.325779319
vn 0.127117425 0.981956184 -0.140011743
vn 0.0822413117 0.993887246 0.073650755
vn 0.10422948 0.984591126 0.140415221
vn 0.0574657768 0.99181062 0.114058562
vn 0.0217793994 0.996690989 -0.0783111081
vn 0.059605021 0.945115149 -0.32125479
vn 0.708197534 0.685557961 -0.168720067
vn 0.65757966 0.739904821 0.141879812
vn 0.764227986 0.530009925 0.367484748
vn 0.389051855 0.496619493 -0.775891542
vn 0.388171136 0.904283702 0.177747279
vn -0.481133103 0.872092843 0.0892467126
vn -0.388516963 0.77263695 -0.502082348
vn -0.57980895 0.680782497 -0.447612256
vn -0.215339407 0.678973496 -0.701871812
vn -0.218906403 0.515227795 -0.82862556
vn 0.736080706 0.494599402 0.462121785
vn 0.699252307 0.247176036 -0.670783222
vn -0.546479046 0.673522592 0.497722656
vn -0.738680542 0.548494995 -0.391796261
vn -0.205620229 0.366557449 -0.907389641
vn 0.754179478 0.18861109 0.628998578
vn 0.827006698 0.00600908417 -0.562159896
vn -0.485291004 0.490880579 0.723553002
vn -0.836150885 0.430709094 -0.339619488
vn -0.195801094 0.196712166 -0.9607113
vn 0.783286631 0.0539003238 0.619319677
vn 0.839622319 -0.147028491 -0.522892773
vn -0.441190362 0.405436426 0.800607502
vn -0.879705966 0.332695574 -0.339751512
vn -0.157455489 0.0384565853 -0.986776948
vn 0.724895 -0.0117330793 0.688759387
vn 0.898307741 -0.181804851 -0.399987876
vn -0.494004667 0.296839684 0.817218125
vn -0.941167176 0.268020838 -0.205837891
vn -0.20600751 -0.000613855605 -0.978550136
vn 0.600527406 -0.095389016 0.793894112
vn 0.929357767 -0.0829920992 -0.359731168
vn -0.587122679 0.0802720487 0.805508137
vn -0.97537154 0.195402279 -0.10231445
vn -0.310292512 0.141794875 -0.940006793
vn 0.394824535 0.765095115 0.508668005
vn 0.540333569 0.67671442 -0.500097275
vn -0.335861444 0.786219895 0.518705547
vn -0.614262998 0.742488503 -0.267192274
vn -0.120253131 0.568352699 -0.813949823
vn 0.900672436 0.378039896 -0.214184269
vn 0.908470154 0.370245963 -0.19390665
vn 0.913479328 0.364604622 -0.180607289
vn 0.925624669 0.37312597 0.0632133186
vn 0.833992004 0.495019644 0.243747652
vn 0.835058451 0.468540549 0.28835234
vn 0.812772334 0.431260586 0.391682863
vn 0.452802241 0.823679328 0.341354132
vn 0.347417325 0.892705142 0.287017226
vn 0.280068666 0.913643658 0.294647217
vn 0.252420217 0.920615792 0.297910273
vn 0.114886977 0.943539262 0.310700268
vn 0.09802448 0.946512043 0.307418644
vn 0.0937969312 0.947246313 0.306474417
vn -0.0166443922 0.99685961 0.0774194524
vn -0.107988574 0.994059503 -0.0135735041
vn -0.194143161 0.978190839 -0.0738318413
vn 0.0886965245 0.952693284 0.290703654
vn 0.0367518924 0.978821695 0.201388672
vn 0.0282270405 0.983147383 0.180622533
vn -0.0128063839 0.996229708 0.0858031139
vn 0.0902787521 0.99231565 -0.0846136585
vn 0.114249371 0.989112318 -0.092755802
vn 0.290341496 0.884334028 -0.365588725
vn 0.335926414 0.840196371 -0.425703675
vn -0.127244741 0.988820553 -0.0777345821
vn -0.0782525912 0.993304491 -0.0849873275
vn 0.0729618222 0.994172037 -0.0793641135
vn 0.663361251 0.592386723 -0.457197875
vn 0.743138492 0.498948783 -0.445864767
vn 0.607185304 0.650338769 -0.456492633
vn 0.605754554 -0.171065599 -0.777044356
vn -0.103061669 -0.474641174 -0.874124765
vn 0.518685937 0.699128032 0.49212271
vn 0.881192148 0.472706348 0.00700258929
vn 0.918602288 0.364560366 -0.152530402
vn 0.922445118 0.335207671 -0.191652536
vn 0.774131954 -0.0208796561 -0.632679701
vn 0.746453822 -0.0541557185 -0.663229823
vn 0.135098353 0.701349139 0.699898422
vn 0.543058753 0.683294415 0.488053292
vn 0.658373535 0.643059015 0.391176999
vn 0.507024825 0.688598812 0.518418312
vn 0.118910365 0.698552251 0.705609739
vn -0.834952295 0.233976573 0.498106062
vn 0.915170074 0.187659293 -0.356718063
vn 0.932008922 0.318911314 -0.17220588
vn 0.886267126 0.461900383 0.03433422
vn 0.658502221 0.639869988 0.396157891
vn 0.763471842 -0.0606904551 -0.642983139
vn 0.880247593 0.10531801 -0.462679505
vn -0.34448418 -0.508214235 -0.789334536
vn 0.400195003 -0.31399104 -0.860960782
vn -0.148976326 0.988813698 -0.00731745968
vn -0.148238152 0.979423404 -0.13694939
vn 0.00109592627 0.999580503 -0.0289441068
vn 0.0679547042 0.96968317 -0.234726846
vn 0.157493919 0.978040695 -0.13649863
vn 0.00992584042 0.999346733 -0.0347521789
vn -0.612638235 0.0959547088 0.784517229
vn -0.758338809 0.205595121 0.618589401
vn -0.941666245 0.0232682023 0.335742861
vn -0.637116849 -0.136349723 0.758611143
vn -0.614298701 0.467441857 0.635716319
vn -0.641058028 0.732568681 0.228883386
vn -0.319734216 0.450235605 0.833701372
vn 0.133232206 0.572645605 0.80890435
vn -0.368499845 0.213592976 0.90475744
vn -0.13122946 0.0803745016 0.988088489
vn -0.997309685 -0.0716342553 0.0155539243
vn -0.672062874 -0.202905014 0.712152362
vn -0.310295552 0.689060211 -0.654914379
vn 0.62938261 0.519927859 0.5775401
vn 0.0259995665 0.0106905978 0.999604762
vn -0.976032197 -0.0652717352 -0.207607344
vn -0.699520409 -0.137467951 0.701265812
vn 0.0767190531 0.292929113 -0.953051269
vn 0.92230922 0.292452514 0.252620906
vn 0.155827969 0.00921108853 0.987741292
vn -0.925778627 -0.0408260189 -0.375855267
vn -0.709928751 -0.125780016 0.692950666
vn 0.179906592 0.212868571 -0.960375249
vn 0.97090137 0.229599029 0.0680798367
vn 0.261766464 0.00846403744 0.96509409
vn -0.887863278 -0.0612513535 -0.4560121
vn -0.708966553 -0.129970327 0.693162382
vn 0.230509371 0.176783904 -0.956876576
vn 0.974823236 0.222164825 0.019034408
vn 0.340488821 0.0306169819 0.939749837
vn -0.866186082 -0.0390204191 -0.498195827
vn -0.728153646 0.040734306 0.684202373
vn 0.305677891 0.0163927842 -0.951993883
vn 0.99309957 0.115464821 -0.0205218624
vn 0.398596406 0.130932063 0.907732189
vn -0.848735213 -0.0230958275 -0.528313637
vn -0.81986618 0.0614282563 0.569250405
vn 0.238137349 -0.0563948862 -0.96959281
vn 0.99031961 0.0071174847 -0.138623223
vn 0.3832964 0.0898070708 0.919248939
vn -0.622273684 0.647614121 -0.439740062
vn -0.659314275 0.699464619 0.275778502
vn 0.193043396 0.619880319 -0.76058048
vn 0.714461446 0.644381106 -0.272612929
vn 0.199715823 0.890540063 0.408719897
vn -0.840193152 -0.358270347 -0.407084554
vn -0.763722301 -0.401081681 -0.505827785
vn -0.710859954 -0.418489188 -0.56528312
vn -0.951223731 0.0131491488 0.308221519
vn -0.969982028 -0.0326551646 0.240973711
vn -0.979607463 -0.194312513 -0.0511061326
vn -0.917228997 0.0588428341 0.393990308
vn -0.593004823 0.298442453 0.74784857
vn -0.647773087 -0.435847819 -0.624841392
vn -0.676043749 -0.427803934 -0.599957287
vn -0.839869201 -0.357137769 -0.408744901
vn -0.954415143 -0.245730788 -0.169435069
vn -0.971509993 -0.0392831266 0.233720466
vn -0.568563998 0.310460776 0.761806369
vn -0.46243012 0.365741849 0.807707369
vn 0.0364568122 0.529313326 0.847642839
vn 0.220872119 0.559912384 0.798569679
vn 0.0297871288 0.544230103 0.83840698
vn -0.190152019 0.516398966 0.834969699
vn -0.604411781 0.331152439 0.724585772
vn -0.824540675 0.177339435 0.537292659
vn -0.276921958 0.488081574 0.827701926
vn 0.925109863 0.291532993 0.243269831
vn 0.879989505 0.0384001061 -0.473438323
vn 0.85407269 0.0166138634 -0.519888222
vn -0.270675451 -0.337605447 -0.901530564
vn -0.982805073 -0.172698095 -0.0653423369
vn -0.22996065 0.30124408 0.925402641
vn 0.0336996503 -0.283376217 -0.958416581
vn -0.275201023 -0.331679821 -0.902359664
vn 0.800889194 -0.0204928275 -0.598461866
vn 0.67687279 -0.0847413987 -0.731205881
vn 0.236615837 -0.23501952 -0.942750573
vn 0.406463772 -0.159689426 -0.899603546
vn 0.438781142 -0.151779667 -0.885682821
vn 0.700438142 -0.0700035095 -0.710271776
vn 0.800719559 -0.0201585628 -0.598699987
vn -0.668177366 -0.300416887 -0.680653155
vn -0.458451927 -0.306140006 -0.834326148
vn -0.415355116 -0.304082513 -0.857329607
vn 0.236443713 -0.203990966 -0.94999063
vn 0.263986498 -0.197422877 -0.944105566
vn -0.87447232 -0.27038911 -0.402725607
vn -0.856101513 -0.277340442 -0.436087638
vn -0.740325809 -0.294403613 -0.604354382
vn -0.466181278 -0.337804168 -0.817657292
vn -0.58372575 -0.331775755 -0.741072953
vn -0.855403543 -0.279002756 -0.436396897
vn -0.638700664 -0.24365668 -0.7298581
vn -0.937583148 -0.0653033704 0.341574907
vn 0.059413366 0.248095155 0.966912031
vn 0.936578512 0.254007608 0.241455659
vn 0.475259781 -0.0776416883 -0.876413047
vn 0.560297787 0.244160146 0.791487336
vn 0.366753906 0.2776016 0.887935162
vn 0.926187575 0.203493372 0.317438215
vn 0.734890699 0.234978914 0.636176467
vn 0.56976229 0.244114891 0.784715831
vn 0.93941915 0.101806179 -0.327302933
vn 0.985123396 0.164633125 0.0492729731
vn 0.600236893 -0.0366388001 -0.79898268
vn 0.760229528 0.0215359535 -0.649297595
vn 0.888514578 0.0763901398 -0.452444851
vn 0.94119364 0.247569367 0.229921415
vn 0.974410772 0.212224141 0.074057743
vn 0.97889322 0.202064559 0.0306275617
vn 0.791704953 0.0364410356 -0.609815776
vn 0.75916934 0.0216291137 -0.650533795
vn 0.69340384 0.290817291 0.659254313
vn 0.712358534 0.289688826 0.639238358
vn 0.916291237 0.26681608 -0.298696458
vn 0.710281134 0.229228005 -0.665548742
vn 0.688809454 0.222316816 -0.690012038
vn 0.898767829 0.210533664 -0.384567261
vn 0.965027988 0.250752836 0.0764467493
vn 0.966923773 0.253022105 0.032221444
vn 0.802702725 0.438020587 0.404729873
vn 0.521517038 0.497361362 0.693290532
vn 0.457552433 0.500347495 0.735049725
vn -0.311221927 0.512947619 0.800016046
vn 0.165924802 0.969664574 -0.179498672
vn 0.193490937 0.96615994 -0.170576215
vn 0.259724706 0.954241753 -0.14820902
vn 0.388326198 0.916620851 -0.0949161425
vn 0.46187374 0.884708464 -0.0629572868
vn 0.783401966 0.61849463 0.0612028949
vn 0.880181372 0.458916038 0.12114758
vn 0.831537664 0.451351434 0.323769748
vn -0.671269417 0.182133406 -0.718487859
vn -0.0377633199 0.170639485 -0.984609663
vn 0.040157944 0.192440361 -0.980486691
vn 0.135789976 0.727725387 -0.672292173
vn 0.137510449 0.738552809 -0.660023212
vn 0.145933211 0.778681576 -0.61021179
vn 0.165160179 0.935138822 -0.313428611
vn 0.165921956 0.961189866 -0.220417783
vn 0.526652098 0.218124136 -0.821620047
vn 0.0851815343 0.156097248 -0.984061897
vn 0.0198166277 0.163667932 -0.986316442
g level0 previous_level tree_trunk_generator1 trunk
usemtl /obj/geo1/tree_controller1/matnet1/labs_shader1
f 1/1/1 10/2/10 11/3/11 2/4/2
f 2/4/2 11/3/11 12/5/12 3/6/3
f 3/6/3 12/5/12 13/7/13 4/8/4
f 4/8/4 13/7/13 14/9/14 5/10/5
f 5/10/5 14/9/14 15/11/15 6/12/6
f 6/12/6 15/11/15 16/13/16 7/14/7
f 7/14/7 16/13/16 17/15/17 8/16/8
f 8/16/8 17/15/17 18/17/18 9/18/9
f 9/18/9 18/17/18 10/19/10 1/20/1
f 10/2/10 19/21/19 20/22/20 11/3/11
f 11/3/11 20/22/20 21/23/21 12/5/12
f 12/5/12 21/23/21 22/24/22 13/7/13
f 13/7/13 22/24/22 23/25/23 14/9/14
f 14/9/14 23/25/23 24/26/24 15/11/15
f 15/11/15 24/26/24 25/27/25 16/13/16
f 16/13/16 25/27/25 26/28/26 17/15/17
f 17/15/17 26/28/26 27/29/27 18/17/18
f 18/17/18 27/29/27 19/30/19 10/19/10
f 19/21/19 28/31/28 29/32/29 20/22/20
f 20/22/20 29/32/29 30/33/30 21/23/21
f 21/23/21 30/33/30 31/34/31 22/24/22
f 22/24/22 31/34/31 32/35/32 23/25/23
f 23/25/23 32/35/32 33/36/33 24/26/24
f 24/26/24 33/36/33 34/37/34 25/27/25
f 25/27/25 34/37/34 35/38/35 26/28/26
f 26/28/26 35/38/35 36/39/36 27/29/27
f 27/29/27 36/39/36 28/40/28 19/30/19
f 28/31/28 37/41/37 38/42/38 29/32/29
f 29/32/29 38/42/38 39/43/39 30/33/30
f 30/33/30 39/43/39 40/44/40 31/34/31
f 31/34/31 40/44/40 41/45/41 32/35/32
f 32/35/32 41/45/41 42/46/42 33/36/33
f 33/36/33 42/46/42 43/47/43 34/37/34
f 34/37/34 43/47/43 44/48/44 35/38/35
f 35/38/35 44/48/44 45/49/45 36/39/36
f 36/39/36 45/49/45 37/50/37 28/40/28
f 37/41/37 46/51/46 47/52/47 38/42/38
f 38/42/38 47/52/47 48/53/48 39/43/39
f 39/43/39 48/53/48 49/54/49 40/44/40
f 40/44/40 49/54/49 50/55/50 41/45/41
f 41/45/41 50/55/50 51/56/51 42/46/42
f 42/46/42 51/56/51 52/57/52 43/47/43
f 43/47/43 52/57/52 53/58/53 44/48/44
f 44/48/44 53/58/53 54/59/54 45/49/45
f 45/49/45 54/59/54 46/60/46 37/50/37
f 46/51/46 55/61/55 56/62/56 47/52/47
f 47/52/47 56/62/56 57/63/57 48/53/48
f 48/53/48 57/63/57 58/64/58 49/54/49
f 49/54/49 58/64/58 59/65/59 50/55/50
f 50/55/50 59/65/59 60/66/60 51/56/51
f 51/56/51 60/66/60 61/67/61 52/57/52
f 52/57/52 61/67/61 62/68/62 53/58/53
f 53/58/53 62/68/62 63/69/63 54/59/54
f 54/59/54 63/69/63 55/70/55 46/60/46
f 55/61/55 64/71/64 65/72/65 56/62/56
f 56/62/56 65/72/65 66/73/66 57/63/57
f 57/63/57 66/73/66 67/74/67 58/64/58
f 58/64/58 67/74/67 68/75/68 59/65/59
f 59/65/59 68/75/68 69/76/69 60/66/60
f 60/66/60 69/76/69 70/77/70 61/67/61
f 61/67/61 70/77/70 71/78/71 62/68/62
f 62/68/62 71/78/71 72/79/72 63/69/63
f 63/69/63 72/79/72 64/80/64 55/70/55
f 64/71/64 73/81/73 74/82/74 65/72/65
f 65/72/65 74/82/74 75/83/75 66/73/66
f 66/73/66 75/83/75 76/84/76 67/74/67
f 67/74/67 76/84/76 77/85/77 68/75/68
f 68/75/68 77/85/77 78/86/78 69/76/69
f 69/76/69 78/86/78 79/87/79 70/77/70
f 70/77/70 79/87/79 80/88/80 71/78/71
f 71/78/71 80/88/80 81/89/81 72/79/72
f 72/79/72 81/89/81 73/90/73 64/80/64
f 73/81/73 82/91/82 83/92/83 74/82/74
f 74/82/74 83/92/83 84/93/84 75/83/75
f 75/83/75 84/93/84 85/94/85 76/84/76
f 76/84/76 85/94/85 86/95/86 77/85/77
f 77/85/77 86/95/86 87/96/87 78/86/78
f 78/86/78 87/96/87 88/97/88 79/87/79
f 79/87/79 88/97/88 89/98/89 80/88/80
f 80/88/80 89/98/89 90/99/90 81/89/81
f 81/89/81 90/99/90 82/100/82 73/90/73
f 82/91/82 91/101/91 92/102/92 83/92/83
f 83/92/83 92/102/92 93/103/93 84/93/84
f 84/93/84 93/103/93 94/104/94 85/94/85
f 85/94/85 94/104/94 95/105/95 86/95/86
f 86/95/86 95/105/95 96/106/96 87/96/87
f 87/96/87 96/106/96 97/107/97 88/97/88
f 88/97/88 97/107/97 98/108/98 89/98/89
f 89/98/89 98/108/98 99/109/99 90/99/90
f 90/99/90 99/109/99 91/110/91 82/100/82
f 91/101/91 100/111/100 101/112/101 92/102/92
f 92/102/92 101/112/101 102/113/102 93/103/93
f 93/103/93 102/113/102 103/114/103 94/104/94
f 94/104/94 103/114/103 104/115/104 95/105/95
f 95/105/95 104/115/104 105/116/105 96/106/96
f 96/106/96 105/116/105 106/117/106 97/107/97
f 97/107/97 106/117/106 107/118/107 98/108/98
f 98/108/98 107/118/107 108/119/108 99/109/99
f 99/109/99 108/119/108 100/120/100 91/110/91
f 100/111/100 109/121/109 110/122/110 101/112/101
f 101/112/101 110/122/110 111/123/111 102/113/102
f 102/113/102 111/123/111 112/124/112 103/114/103
f 103/114/103 112/124/112 113/125/113 104/115/104
f 104/115/104 113/125/113 114/126/114 105/116/105
f 105/116/105 114/126/114 115/127/115 106/117/106
f 106/117/106 115/127/115 116/128/116 107/118/107
f 107/118/107 116/128/116 117/129/117 108/119/108
f 108/119/108 117/129/117 109/130/109 100/120/100
f 109/121/109 118/131/118 119/132/119 110/122/110
f 110/122/110 119/132/119 120/133/120 111/123/111
f 111/123/111 120/133/120 121/134/121 112/124/112
f 112/124/112 121/134/121 122/135/122 113/125/113
f 113/125/113 122/135/122 123/136/123 114/126/114
f 114/126/114 123/136/123 124/137/124 115/127/115
f 115/127/115 124/137/124 125/138/125 116/128/116
f 116/128/116 125/138/125 126/139/126 117/129/117
f 117/129/117 126/139/126 118/140/118 109/130/109
f 118/131/118 127/141/127 128/142/128 119/132/119
f 119/132/119 128/142/128 129/143/129 120/133/120
f 120/133/120 129/143/129 130/144/130 121/134/121
f 121/134/121 130/144/130 131/145/131 122/135/122
f 122/135/122 131/145/131 132/146/132 123/136/123
f 123/136/123 132/146/132 133/147/133 124/137/124
f 124/137/124 133/147/133 134/148/134 125/138/125
f 125/138/125 134/148/134 135/149/135 126/139/126
f 126/139/126 135/149/135 127/150/127 118/140/118
f 127/141/127 136/151/136 137/152/137 128/142/128
f 128/142/128 137/152/137 138/153/138 129/143/129
f 129/143/129 138/153/138 139/154/139 130/144/130
f 130/144/130 139/154/139 140/155/140 131/145/131
f 131/145/131 140/155/140 141/156/141 132/146/132
f 132/146/132 141/156/141 142/157/142 133/147/133
f 133/147/133 142/157/142 143/158/143 134/148/134
f 134/148/134 143/158/143 144/159/144 135/149/135
f 135/149/135 144/159/144 136/160/136 127/150/127
f 136/151/136 145/161/145 146/162/146 137/152/137
f 137/152/137 146/162/146 147/163/147 138/153/138
f 138/153/138 147/163/147 148/164/148 139/154/139
f 139/154/139 148/164/148 149/165/149 140/155/140
f 140/155/140 149/165/149 150/166/150 141/156/141
f 141/156/141 150/166/150 151/167/151 142/157/142
f 142/157/142 151/167/151 152/168/152 143/158/143
f 143/158/143 152/168/152 153/169/153 144/159/144
f 144/159/144 153/169/153 145/170/145 136/160/136
g level0 previous_level tree_trunk_generator1 trunk trunk_caps
usemtl /obj/geo1/tree_controller1/matnet1/labs_shader1
f 145/171/145 154/172/154 155/173/155 146/174/146
f 146/174/146 155/173/155 156/175/156 147/176/147
f 147/176/147 156/175/156 157/177/157 148/178/148
f 148/178/148 157/177/157 158/179/158 149/180/149
f 149/180/149 158/179/158 159/181/159 150/182/150
f 150/182/150 159/181/159 160/183/160 151/184/151
f 151/184/151 160/183/160 161/185/161 152/186/152
f 152/186/152 161/185/161 162/187/162 153/188/153
f 153/188/153 162/187/162 154/172/154 145/171/145
f 154/172/154 163/189/163 164/190/164 155/173/155
f 155/173/155 164/190/164 165/191/165 156/175/156
f 156/175/156 165/191/165 166/192/166 157/177/157
f 157/177/157 166/192/166 167/193/167 158/179/158
f 158/179/158 167/193/167 168/194/168 159/181/159
f 159/181/159 168/194/168 169/195/169 160/183/160
f 160/183/160 169/195/169 170/196/170 161/185/161
f 161/185/161 170/196/170 171/197/171 162/187/162
f 162/187/162 171/197/171 163/189/163 154/172/154
f 163/189/163 172/198/172 164/190/164
f 164/190/164 172/198/172 165/191/165
f 165/191/165 172/198/172 166/192/166
f 166/192/166 172/198/172 167/193/167
f 167/193/167 172/198/172 168/194/168
f 168/194/168 172/198/172 169/195/169
f 169/195/169 172/198/172 170/196/170
f 170/196/170 172/198/172 171/197/171
f 171/197/171 172/198/172 163/189/163
g all_branches branch_caps level1 manual_prune previous_level tree_branch_generator1
usemtl /obj/geo1/tree_controller1/matnet1/labs_shader1
f 173/20/173 175/20/175 174/20/174
f 174/20/174 175/20/175 176/20/176
f 176/20/176 175/20/175 177/20/177
f 177/20/177 175/20/175 178/20/178
f 178/20/178 175/20/175 179/20/179
f 179/20/179 175/20/175 180/20/180
f 180/20/180 175/20/175 181/20/181
f 181/20/181 175/20/175 182/20/182
f 182/20/182 175/20/175 173/20/173
f 265/20/265 274/20/274 273/20/273 264/20/264
f 264/20/264 273/20/273 275/20/275 266/20/266
f 266/20/266 275/20/275 276/20/276 267/20/267
f 267/20/267 276/20/276 277/20/277 268/20/268
f 268/20/268 277/20/277 278/20/278 269/20/269
f 269/20/269 278/20/278 279/20/279 270/20/270
f 270/20/270 279/20/279 280/20/280 271/20/271
f 271/20/271 280/20/280 281/20/281 272/20/272
f 272/20/272 281/20/281 274/20/274 265/20/265
f 274/20/274 173/20/173 174/20/174 273/20/273
f 273/20/273 174/20/174 176/20/176 275/20/275
f 275/20/275 176/20/176 177/20/177 276/20/276
f 276/20/276 177/20/177 178/20/178 277/20/277
f 277/20/277 178/20/178 179/20/179 278/20/278
f 278/20/278 179/20/179 180/20/180 279/20/279
f 279/20/279 180/20/180 181/20/181 280/20/280
f 280/20/280 181/20/181 182/20/182 281/20/281
f 281/20/281 182/20/182 173/20/173 274/20/274
f 305/20/305 307/20/307 306/20/306
f 306/20/306 307/20/307 308/20/308
f 308/20/308 307/20/307 309/20/309
f 309/20/309 307/20/307 310/20/310
f 310/20/310 307/20/307 311/20/311
f 311/20/311 307/20/307 312/20/312
f 312/20/312 307/20/307 313/20/313
f 313/20/313 307/20/307 314/20/314
f 314/20/314 307/20/307 305/20/305
f 388/20/388 397/20/397 396/20/396 387/20/387
f 387/20/387 396/20/396 398/20/398 389/20/389
f 389/20/389 398/20/398 399/20/399 390/20/390
f 390/20/390 399/20/399 400/20/400 391/20/391
f 391/20/391 400/20/400 401/20/401 392/20/392
f 392/20/392 401/20/401 402/20/402 393/20/393
f 393/20/393 402/20/402 403/20/403 394/20/394
f 394/20/394 403/20/403 404/20/404 395/20/395
f 395/20/395 404/20/404 397/20/397 388/20/388
f 397/20/397 305/20/305 306/20/306 396/20/396
f 396/20/396 306/20/306 308/20/308 398/20/398
f 398/20/398 308/20/308 309/20/309 399/20/399
f 399/20/399 309/20/309 310/20/310 400/20/400
f 400/20/400 310/20/310 311/20/311 401/20/401
f 401/20/401 311/20/311 312/20/312 402/20/402
f 402/20/402 312/20/312 313/20/313 403/20/403
f 403/20/403 313/20/313 314/20/314 404/20/404
f 404/20/404 314/20/314 305/20/305 397/20/397
f 428/20/428 430/20/430 429/20/429
f 429/20/429 430/20/430 431/20/431
f 431/20/431 430/20/430 432/20/432
f 432/20/432 430/20/430 433/20/433
f 433/20/433 430/20/430 434/20/434
f 434/20/434 430/20/430 435/20/435
f 435/20/435 430/20/430 436/20/436
f 436/20/436 430/20/430 437/20/437
f 437/20/437 430/20/430 428/20/428
f 507/20/507 516/20/516 515/20/515 506/20/506
f 506/20/506 515/20/515 517/20/517 508/20/508
f 508/20/508 517/20/517 518/20/518 509/20/509
f 509/20/509 518/20/518 519/20/519 510/20/510
f 510/20/510 519/20/519 520/20/520 511/20/511
f 511/20/511 520/20/520 521/20/521 512/20/512
f 512/20/512 521/20/521 522/20/522 513/20/513
f 513/20/513 522/20/522 523/20/523 514/20/514
f 514/20/514 523/20/523 516/20/516 507/20/507
f 516/20/516 428/20/428 429/20/429 515/20/515
f 515/20/515 429/20/429 431/20/431 517/20/517
f 517/20/517 431/20/431 432/20/432 518/20/518
f 518/20/518 432/20/432 433/20/433 519/20/519
f 519/20/519 433/20/433 434/20/434 520/20/520
f 520/20/520 434/20/434 435/20/435 521/20/521
f 521/20/521 435/20/435 436/20/436 522/20/522
f 522/20/522 436/20/436 437/20/437 523/20/523
f 523/20/523 437/20/437 428/20/428 516/20/516
f 542/20/542 544/20/544 543/20/543
f 543/20/543 544/20/544 545/20/545
f 545/20/545 544/20/544 546/20/546
f 546/20/546 544/20/544 547/20/547
f 547/20/547 544/20/544 548/20/548
f 548/20/548 544/20/544 549/20/549
f 549/20/549 544/20/544 550/20/550
f 550/20/550 544/20/544 551/20/551
f 551/20/551 544/20/544 542/20/542
f 598/20/598 607/20/607 606/20/606 597/20/597
f 597/20/597 606/20/606 608/20/608 599/20/599
f 599/20/599 608/20/608 609/20/609 600/20/600
f 600/20/600 609/20/609 610/20/610 601/20/601
f 601/20/601 610/20/610 611/20/611 602/20/602
f 602/20/602 611/20/611 612/20/612 603/20/603
f 603/20/603 612/20/612 613/20/613 604/20/604
f 604/20/604 613/20/613 614/20/614 605/20/605
f 605/20/605 614/20/614 607/20/607 598/20/598
f 607/20/607 542/20/542 543/20/543 606/20/606
f 606/20/606 543/20/543 545/20/545 608/20/608
f 608/20/608 545/20/545 546/20/546 609/20/609
f 609/20/609 546/20/546 547/20/547 610/20/610
f 610/20/610 547/20/547 548/20/548 611/20/611
f 611/20/611 548/20/548 549/20/549 612/20/612
f 612/20/612 549/20/549 550/20/550 613/20/613
f 613/20/613 550/20/550 551/20/551 614/20/614
f 614/20/614 551/20/551 542/20/542 607/20/607
f 638/20/638 640/20/640 639/20/639
f 639/20/639 640/20/640 641/20/641
f 641/20/641 640/20/640 642/20/642
f 642/20/642 640/20/640 643/20/643
f 643/20/643 640/20/640 644/20/644
f 644/20/644 640/20/640 645/20/645
f 645/20/645 640/20/640 646/20/646
f 646/20/646 640/20/640 647/20/647
f 647/20/647 640/20/640 638/20/638
f 688/20/688 697/20/697 696/20/696 687/20/687
f 687/20/687 696/20/696 698/20/698 689/20/689
f 689/20/689 698/20/698 699/20/699 690/20/690
f 690/20/690 699/20/699 700/20/700 691/20/691
f 691/20/691 700/20/700 701/20/701 692/20/692
f 692/20/692 701/20/701 702/20/702 693/20/693
f 693/20/693 702/20/702 703/20/703 694/20/694
f 694/20/694 703/20/703 704/20/704 695/20/695
f 695/20/695 704/20/704 697/20/697 688/20/688
f 697/20/697 638/20/638 639/20/639 696/20/696
f 696/20/696 639/20/639 641/20/641 698/20/698
f 698/20/698 641/20/641 642/20/642 699/20/699
f 699/20/699 642/20/642 643/20/643 700/20/700
f 700/20/700 643/20/643 644/20/644 701/20/701
f 701/20/701 644/20/644 645/20/645 702/20/702
f 702/20/702 645/20/645 646/20/646 703/20/703
f 703/20/703 646/20/646 647/20/647 704/20/704
f 704/20/704 647/20/647 638/20/638 697/20/697
f 728/20/728 730/20/730 729/20/729
f 729/20/729 730/20/730 731/20/731
f 731/20/731 730/20/730 732/20/732
f 732/20/732 730/20/730 733/20/733
f 733/20/733 730/20/730 734/20/734
f 734/20/734 730/20/730 735/20/735
f 735/20/735 730/20/730 736/20/736
f 736/20/736 730/20/730 737/20/737
f 737/20/737 730/20/730 728/20/728
f 838/20/838 847/20/847 846/20/846 837/20/837
f 837/20/837 846/20/846 848/20/848 839/20/839
f 839/20/839 848/20/848 849/20/849 840/20/840
f 840/20/840 849/20/849 850/20/850 841/20/841
f 841/20/841 850/20/850 851/20/851 842/20/842
f 842/20/842 851/20/851 852/20/852 843/20/843
f 843/20/843 852/20/852 853/20/853 844/20/844
f 844/20/844 853/20/853 854/20/854 845/20/845
f 845/20/845 854/20/854 847/20/847 838/20/838
f 847/20/847 728/20/728 729/20/729 846/20/846
f 846/20/846 729/20/729 731/20/731 848/20/848
f 848/20/848 731/20/731 732/20/732 849/20/849
f 849/20/849 732/20/732 733/20/733 850/20/850
f 850/20/850 733/20/733 734/20/734 851/20/851
f 851/20/851 734/20/734 735/20/735 852/20/852
f 852/20/852 735/20/735 736/20/736 853/20/853
f 853/20/853 736/20/736 737/20/737 854/20/854
f 854/20/854 737/20/737 728/20/728 847/20/847
f 878/20/878 880/20/880 879/20/879
f 879/20/879 880/20/880 881/20/881
f 881/20/881 880/20/880 882/20/882
f 882/20/882 880/20/880 883/20/883
f 883/20/883 880/20/880 884/20/884
f 884/20/884 880/20/880 885/20/885
f 885/20/885 880/20/880 886/20/886
f 886/20/886 880/20/880 887/20/887
f 887/20/887 880/20/880 878/20/878
f 947/20/947 956/20/956 955/20/955 946/20/946
f 946/20/946 955/20/955 957/20/957 948/20/948
f 948/20/948 957/20/957 958/20/958 949/20/949
f 949/20/949 958/20/958 959/20/959 950/20/950
f 950/20/950 959/20/959 960/20/960 951/20/951
f 951/20/951 960/20/960 961/20/961 952/20/952
f 952/20/952 961/20/961 962/20/962 953/20/953
f 953/20/953 962/20/962 963/20/963 954/20/954
f 954/20/954 963/20/963 956/20/956 947/20/947
f 956/20/956 878/20/878 879/20/879 955/20/955
f 955/20/955 879/20/879 881/20/881 957/20/957
f 957/20/957 881/20/881 882/20/882 958/20/958
f 958/20/958 882/20/882 883/20/883 959/20/959
f 959/20/959 883/20/883 884/20/884 960/20/960
f 960/20/960 884/20/884 885/20/885 961/20/961
f 961/20/961 885/20/885 886/20/886 962/20/962
f 962/20/962 886/20/886 887/20/887 963/20/963
f 963/20/963 887/20/887 878/20/878 956/20/956
f 985/20/985 987/20/987 986/20/986
f 986/20/986 987/20/987 988/20/988
f 988/20/988 987/20/987 989/20/989
f 989/20/989 987/20/987 990/20/990
f 990/20/990 987/20/987 991/20/991
f 991/20/991 987/20/987 992/20/992
f 992/20/992 987/20/987 993/20/993
f 993/20/993 987/20/987 994/20/994
f 994/20/994 987/20/987 985/20/985
f 1032/20/1032 1041/20/1041 1040/20/1040 1031/20/1031
f 1031/20/1031 1040/20/1040 1042/20/1042 1033/20/1033
f 1033/20/1033 1042/20/1042 1043/20/1043 1034/20/1034
f 1034/20/1034 1043/20/1043 1044/20/1044 1035/20/1035
f 1035/20/1035 1044/20/1044 1045/20/1045 1036/20/1036
f 1036/20/1036 1045/20/1045 1046/20/1046 1037/20/1037
f 1037/20/1037 1046/20/1046 1047/20/1047 1038/20/1038
f 1038/20/1038 1047/20/1047 1048/20/1048 1039/20/1039
f 1039/20/1039 1048/20/1048 1041/20/1041 1032/20/1032
f 1041/20/1041 985/20/985 986/20/986 1040/20/1040
f 1040/20/1040 986/20/986 988/20/988 1042/20/1042
f 1042/20/1042 988/20/988 989/20/989 1043/20/1043
f 1043/20/1043 989/20/989 990/20/990 1044/20/1044
f 1044/20/1044 990/20/990 991/20/991 1045/20/1045
f 1045/20/1045 991/20/991 992/20/992 1046/20/1046
f 1046/20/1046 992/20/992 993/20/993 1047/20/1047
f 1047/20/1047 993/20/993 994/20/994 1048/20/1048
f 1048/20/1048 994/20/994 985/20/985 1041/20/1041
g all_branches level1 manual_prune previous_level tree_branch_generator1
usemtl /obj/geo1/tree_controller1/matnet1/labs_shader1
f 183/199/183 186/200/186 185/201/185 184/202/184
f 184/202/184 185/201/185 188/203/188 187/204/187
f 187/204/187 188/203/188 190/205/190 189/206/189
f 189/206/189 190/205/190 192/207/192 191/208/191
f 191/208/191 192/207/192 194/209/194 193/210/193
f 193/210/193 194/209/194 196/211/196 195/212/195
f 195/212/195 196/211/196 198/213/198 197/214/197
f 197/214/197 198/213/198 200/215/200 199/216/199
f 199/216/199 200/215/200 186/217/186 183/218/183
f 186/200/186 202/219/202 201/220/201 185/201/185
f 185/201/185 201/220/201 203/221/203 188/203/188
f 188/203/188 203/221/203 204/222/204 190/205/190
f 190/205/190 204/222/204 205/223/205 192/207/192
f 192/207/192 205/223/205 206/224/206 194/209/194
f 194/209/194 206/224/206 207/225/207 196/211/196
f 196/211/196 207/225/207 208/226/208 198/213/198
f 198/213/198 208/226/208 209/227/209 200/215/200
f 200/215/200 209/227/209 202/228/202 186/217/186
f 202/219/202 211/229/211 210/230/210 201/220/201
f 201/220/201 210/230/210 212/231/212 203/221/203
f 203/221/203 212/231/212 213/232/213 204/222/204
f 204/222/204 213/232/213 214/233/214 205/223/205
f 205/223/205 214/233/214 215/234/215 206/224/206
f 206/224/206 215/234/215 216/235/216 207/225/207
f 207/225/207 216/235/216 217/236/217 208/226/208
f 208/226/208 217/236/217 218/237/218 209/227/209
f 209/227/209 218/237/218 211/238/211 202/228/202
f 211/229/211 220/239/220 219/240/219 210/230/210
f 210/230/210 219/240/219 221/241/221 212/231/212
f 212/231/212 221/241/221 222/242/222 213/232/213
f 213/232/213 222/242/222 223/243/223 214/233/214
f 214/233/214 223/243/223 224/244/224 215/234/215
f 215/234/215 224/244/224 225/245/225 216/235/216
f 216/235/216 225/245/225 226/246/226 217/236/217
f 217/236/217 226/246/226 227/247/227 218/237/218
f 218/237/218 227/247/227 220/248/220 211/238/211
f 220/239/220 229/249/229 228/250/228 219/240/219
f 219/240/219 228/250/228 230/251/230 221/241/221
f 221/241/221 230/251/230 231/252/231 222/242/222
f 222/242/222 231/252/231 232/253/232 223/243/223
f 223/243/223 232/253/232 233/254/233 224/244/224
f 224/244/224 233/254/233 234/255/234 225/245/225
f 225/245/225 234/255/234 235/256/235 226/246/226
f 226/246/226 235/256/235 236/257/236 227/247/227
f 227/247/227 236/257/236 229/258/229 220/248/220
f 229/249/229 238/259/238 237/260/237 228/250/228
f 228/250/228 237/260/237 239/261/239 230/251/230
f 230/251/230 239/261/239 240/262/240 231/252/231
f 231/252/231 240/262/240 241/263/241 232/253/232
f 232/253/232 241/263/241 242/264/242 233/254/233
f 233/254/233 242/264/242 243/265/243 234/255/234
f 234/255/234 243/265/243 244/266/244 235/256/235
f 235/256/235 244/266/244 245/267/245 236/257/236
f 236/257/236 245/267/245 238/268/238 229/258/229
f 238/259/238 247/269/247 246/270/246 237/260/237
f 237/260/237 246/270/246 248/271/248 239/261/239
f 239/261/239 248/271/248 249/272/249 240/262/240
f 240/262/240 249/272/249 250/273/250 241/263/241
f 241/263/241 250/273/250 251/274/251 242/264/242
f 242/264/242 251/274/251 252/275/252 243/265/243
f 243/265/243 252/275/252 253/276/253 244/266/244
f 244/266/244 253/276/253 254/277/254 245/267/245
f 245/267/245 254/277/254 247/278/247 238/268/238
f 247/269/247 256/279/256 255/280/255 246/270/246
f 246/270/246 255/280/255 257/281/257 248/271/248
f 248/271/248 257/281/257 258/282/258 249/272/249
f 249/272/249 258/282/258 259/283/259 250/273/250
f 250/273/250 259/283/259 260/284/260 251/274/251
f 251/274/251 260/284/260 261/285/261 252/275/252
f 252/275/252 261/285/261 262/286/262 253/276/253
f 253/276/253 262/286/262 263/287/263 254/277/254
f 254/277/254 263/287/263 256/288/256 247/278/247
f 256/279/256 265/289/265 264/290/264 255/280/255
f 255/280/255 264/290/264 266/291/266 257/281/257
f 257/281/257 266/291/266 267/292/267 258/282/258
f 258/282/258 267/292/267 268/293/268 259/283/259
f 259/283/259 268/293/268 269/294/269 260/284/260
f 260/284/260 269/294/269 270/295/270 261/285/261
f 261/285/261 270/295/270 271/296/271 262/286/262
f 262/286/262 271/296/271 272/297/272 263/287/263
f 263/287/263 272/297/272 265/298/265 256/288/256
f 282/299/282 285/300/285 183/199/183 184/202/184 284/301/284 283/302/283
f 286/303/286 284/304/284 184/202/184 187/204/187
f 287/305/287 286/306/286 187/204/187 189/206/189 288/307/288
f 289/308/289 291/309/291 290/310/290 288/311/288 189/206/189 191/208/191
f 292/312/292 293/313/293 289/308/289 191/208/191 193/210/193
f 294/314/294 295/315/295 292/316/292 193/210/193 195/212/195
f 197/214/197 299/317/299 298/318/298 297/319/297 296/320/296 294/321/294 195/212/195
f 300/322/300 302/323/302 299/324/299 197/214/197 199/216/199 301/325/301
f 183/218/183 285/326/285 304/327/304 303/328/303 301/329/301 199/216/199
f 315/330/315 318/331/318 317/332/317 316/333/316
f 316/333/316 317/332/317 320/334/320 319/335/319
f 319/335/319 320/334/320 322/336/322 321/337/321
f 321/337/321 322/336/322 324/338/324 323/339/323
f 323/339/323 324/338/324 326/340/326 325/341/325
f 325/341/325 326/340/326 328/342/328 327/343/327
f 327/343/327 328/342/328 330/344/330 329/345/329
f 329/345/329 330/344/330 332/346/332 331/347/331
f 331/347/331 332/346/332 318/348/318 315/349/315
f 318/331/318 334/350/334 333/351/333 317/332/317
f 317/332/317 333/351/333 335/352/335 320/334/320
f 320/334/320 335/352/335 336/353/336 322/336/322
f 322/336/322 336/353/336 337/354/337 324/338/324
f 324/338/324 337/354/337 338/355/338 326/340/326
f 326/340/326 338/355/338 339/356/339 328/342/328
f 328/342/328 339/356/339 340/357/340 330/344/330
f 330/344/330 340/357/340 341/358/341 332/346/332
f 332/346/332 341/358/341 334/359/334 318/348/318
f 334/350/334 343/360/343 342/361/342 333/351/333
f 333/351/333 342/361/342 344/362/344 335/352/335
f 335/352/335 344/362/344 345/363/345 336/353/336
f 336/353/336 345/363/345 346/364/346 337/354/337
f 337/354/337 346/364/346 347/365/347 338/355/338
f 338/355/338 347/365/347 348/366/348 339/356/339
f 339/356/339 348/366/348 349/367/349 340/357/340
f 340/357/340 349/367/349 350/368/350 341/358/341
f 341/358/341 350/368/350 343/369/343 334/359/334
f 343/360/343 352/370/352 351/371/351 342/361/342
f 342/361/342 351/371/351 353/372/353 344/362/344
f 344/362/344 353/372/353 354/373/354 345/363/345
f 345/363/345 354/373/354 355/374/355 346/364/346
f 346/364/346 355/374/355 356/375/356 347/365/347
f 347/365/347 356/375/356 357/376/357 348/366/348
f 348/366/348 357/376/357 358/377/358 349/367/349
f 349/367/349 358/377/358 359/378/359 350/368/350
f 350/368/350 359/378/359 352/379/352 343/369/343
f 352/370/352 361/380/361 360/381/360 351/371/351
f 351/371/351 360/381/360 362/382/362 353/372/353
f 353/372/353 362/382/362 363/383/363 354/373/354
f 354/373/354 363/383/363 364/384/364 355/374/355
f 355/374/355 364/384/364 365/385/365 356/375/356
f 356/375/356 365/385/365 366/386/366 357/376/357
f 357/376/357 366/386/366 367/387/367 358/377/358
f 358/377/358 367/387/367 368/388/368 359/378/359
f 359/378/359 368/388/368 361/389/361 352/379/352
f 361/380/361 370/390/370 369/391/369 360/381/360
f 360/381/360 369/391/369 371/392/371 362/382/362
f 362/382/362 371/392/371 372/393/372 363/383/363
f 363/383/363 372/393/372 373/394/373 364/384/364
f 364/384/364 373/394/373 374/395/374 365/385/365
f 365/385/365 374/395/374 375/396/375 366/386/366
f 366/386/366 375/396/375 376/397/376 367/387/367
f 367/387/367 376/397/376 377/398/377 368/388/368
f 368/388/368 377/398/377 370/399/370 361/389/361
f 370/390/370 379/400/379 378/401/378 369/391/369
f 369/391/369 378/401/378 380/402/380 371/392/371
f 371/392/371 380/402/380 381/403/381 372/393/372
f 372/393/372 381/403/381 382/404/382 373/394/373
f 373/394/373 382/404/382 383/405/383 374/395/374
f 374/395/374 383/405/383 384/406/384 375/396/375
f 375/396/375 384/406/384 385/407/385 376/397/376
f 376/397/376 385/407/385 386/408/386 377/398/377
f 377/398/377 386/408/386 379/409/379 370/399/370
f 379/400/379 388/410/388 387/411/387 378/401/378
f 378/401/378 387/411/387 389/412/389 380/402/380
f 380/402/380 389/412/389 390/413/390 381/403/381
f 381/403/381 390/413/390 391/414/391 382/404/382
f 382/404/382 391/414/391 392/415/392 383/405/383
f 383/405/383 392/415/392 393/416/393 384/406/384
f 384/406/384 393/416/393 394/417/394 385/407/385
f 385/407/385 394/417/394 395/418/395 386/408/386
f 386/408/386 395/418/395 388/419/388 379/409/379
f 405/420/405 408/421/408 315/330/315 316/333/316 407/422/407 406/423/406
f 409/424/409 412/425/412 411/426/411 407/427/407 316/333/316 319/335/319 410/428/410
f 413/429/413 410/428/410 319/335/319 321/337/321 414/430/414
f 415/431/415 416/432/416 414/433/414 321/337/321 323/339/323
f 325/341/325 420/434/420 419/435/419 418/436/418 417/437/417 415/431/415 323/339/323
f 421/438/421 420/439/420 325/341/325 327/343/327 422/440/422
f 329/345/329 423/441/423 422/442/422 327/343/327
f 424/443/424 423/441/423 329/345/329 331/347/331 425/444/425
f 426/445/426 425/446/425 331/347/331 315/349/315 408/447/408 427/448/427
f 438/449/438 444/450/444 443/451/443 442/452/442 441/453/441 440/16/440 439/454/439
f 445/455/445 448/456/448 447/457/447 446/458/446
f 446/458/446 447/457/447 450/459/450 449/460/449
f 449/460/449 450/459/450 452/461/452 451/462/451
f 451/462/451 452/461/452 454/463/454 453/464/453
f 453/464/453 454/463/454 456/465/456 455/466/455
f 455/466/455 456/465/456 458/467/458 457/468/457
f 457/468/457 458/467/458 459/469/459 439/454/439
f 439/454/439 459/469/459 460/470/460 438/449/438
f 438/449/438 460/470/460 448/471/448 445/472/445
f 448/456/448 462/473/462 461/474/461 447/457/447
f 447/457/447 461/474/461 463/475/463 450/459/450
f 450/459/450 463/475/463 464/476/464 452/461/452
f 452/461/452 464/476/464 465/477/465 454/463/454
f 454/463/454 465/477/465 466/478/466 456/465/456
f 456/465/456 466/478/466 467/479/467 458/467/458
f 458/467/458 467/479/467 468/480/468 459/469/459
f 459/469/459 468/480/468 469/481/469 460/470/460
f 460/470/460 469/481/469 462/482/462 448/471/448
f 462/473/462 471/483/471 470/484/470 461/474/461
f 461/474/461 470/484/470 472/485/472 463/475/463
f 463/475/463 472/485/472 473/486/473 464/476/464
f 464/476/464 473/486/473 474/487/474 465/477/465
f 465/477/465 474/487/474 475/488/475 466/478/466
f 466/478/466 475/488/475 476/489/476 467/479/467
f 467/479/467 476/489/476 477/490/477 468/480/468
f 468/480/468 477/490/477 478/491/478 469/481/469
f 469/481/469 478/491/478 471/492/471 462/482/462
f 471/483/471 480/493/480 479/494/479 470/484/470
f 470/484/470 479/494/479 481/495/481 472/485/472
f 472/485/472 481/495/481 482/496/482 473/486/473
f 473/486/473 482/496/482 483/497/483 474/487/474
f 474/487/474 483/497/483 484/498/484 475/488/475
f 475/488/475 484/498/484 485/499/485 476/489/476
f 476/489/476 485/499/485 486/500/486 477/490/477
f 477/490/477 486/500/486 487/501/487 478/491/478
f 478/491/478 487/501/487 480/502/480 471/492/471
f 480/493/480 489/503/489 488/504/488 479/494/479
f 479/494/479 488/504/488 490/505/490 481/495/481
f 481/495/481 490/505/490 491/506/491 482/496/482
f 482/496/482 491/506/491 492/507/492 483/497/483
f 483/497/483 492/507/492 493/508/493 484/498/484
f 484/498/484 493/508/493 494/509/494 485/499/485
f 485/499/485 494/509/494 495/510/495 486/500/486
f 486/500/486 495/510/495 496/511/496 487/501/487
f 487/501/487 496/511/496 489/512/489 480/502/480
f 489/503/489 498/513/498 497/514/497 488/504/488
f 488/504/488 497/514/497 499/515/499 490/505/490
f 490/505/490 499/515/499 500/516/500 491/506/491
f 491/506/491 500/516/500 501/517/501 492/507/492
f 492/507/492 501/517/501 502/518/502 493/508/493
f 493/508/493 502/518/502 503/519/503 494/509/494
f 494/509/494 503/519/503 504/520/504 495/510/495
f 495/510/495 504/520/504 505/521/505 496/511/496
f 496/511/496 505/521/505 498/522/498 489/512/489
f 498/513/498 507/523/507 506/524/506 497/514/497
f 497/514/497 506/524/506 508/525/508 499/515/499
f 499/515/499 508/525/508 509/526/509 500/516/500
f 500/516/500 509/526/509 510/527/510 501/517/501
f 501/517/501 510/527/510 511/528/511 502/518/502
f 502/518/502 511/528/511 512/529/512 503/519/503
f 503/519/503 512/529/512 513/530/513 504/520/504
f 504/520/504 513/530/513 514/531/514 505/521/505
f 505/521/505 514/531/514 507/532/507 498/522/498
f 446/458/446 526/533/526 525/534/525 524/535/524 445/455/445
f 527/536/527 526/537/526 446/458/446 449/460/449 528/538/528
f 529/539/529 528/538/528 449/460/449 451/462/451 530/540/530
f 531/541/531 533/542/533 530/543/530 451/462/451 453/464/453 532/544/532
f 534/545/534 536/546/536 532/547/532 453/464/453 455/466/455 535/548/535
f 537/549/537 535/550/535 455/466/455 457/468/457 538/551/538
f 539/552/539 538/553/538 457/468/457 439/454/439 440/554/440
f 445/472/445 524/555/524 541/556/541 540/557/540 444/558/444 438/449/438
f 552/559/552 555/560/555 554/561/554 553/562/553
f 553/562/553 554/561/554 557/563/557 556/564/556
f 556/564/556 557/563/557 559/565/559 558/566/558
f 560/567/560 562/568/562 561/569/561 558/566/558 559/565/559
f 563/570/563 566/571/566 565/572/565 564/573/564
f 564/573/564 565/572/565 568/574/568 567/575/567
f 567/575/567 568/574/568 555/576/555 552/577/552
f 555/560/555 570/578/570 569/579/569 554/561/554
f 554/561/554 569/579/569 571/580/571 557/563/557
f 557/563/557 571/580/571 572/581/572 559/565/559
f 559/565/559 572/581/572 573/582/573 560/567/560
f 560/567/560 573/582/573 575/583/575 574/584/574
f 574/584/574 575/583/575 576/585/576 566/571/566
f 566/571/566 576/585/576 577/586/577 565/572/565
f 565/572/565 577/586/577 578/587/578 568/574/568
f 568/574/568 578/587/578 570/588/570 555/576/555
f 570/578/570 580/589/580 579/590/579 569/579/569
f 569/579/569 579/590/579 581/591/581 571/580/571
f 571/580/571 581/591/581 582/592/582 572/581/572
f 572/581/572 582/592/582 583/593/583 573/582/573
f 573/582/573 583/593/583 584/594/584 575/583/575
f 575/583/575 584/594/584 585/595/585 576/585/576
f 576/585/576 585/595/585 586/596/586 577/586/577
f 577/586/577 586/596/586 587/597/587 578/587/578
f 578/587/578 587/597/587 580/598/580 570/588/570
f 580/589/580 589/599/589 588/600/588 579/590/579
f 579/590/579 588/600/588 590/601/590 581/591/581
f 581/591/581 590/601/590 591/602/591 582/592/582
f 582/592/582 591/602/591 592/603/592 583/593/583
f 583/593/583 592/603/592 593/604/593 584/594/584
f 584/594/584 593/604/593 594/605/594 585/595/585
f 585/595/585 594/605/594 595/606/595 586/596/586
f 586/596/586 595/606/595 596/607/596 587/597/587
f 587/597/587 596/607/596 589/608/589 580/598/580
f 589/599/589 598/161/598 597/609/597 588/600/588
f 588/600/588 597/609/597 599/610/599 590/601/590
f 590/601/590 599/610/599 600/164/600 591/602/591
f 591/602/591 600/164/600 601/611/601 592/603/592
f 592/603/592 601/611/601 602/612/602 593/604/593
f 593/604/593 602/612/602 603/167/603 594/605/594
f 594/605/594 603/167/603 604/168/604 595/606/595
f 595/606/595 604/168/604 605/169/605 596/607/596
f 596/607/596 605/169/605 598/170/598 589/608/589
f 615/613/615 617/614/617 552/559/552 553/562/553 616/615/616
f 556/564/556 620/616/620 619/617/619 618/618/618 616/619/616 553/562/553
f 621/620/621 624/621/624 623/622/623 622/623/622 620/624/620 556/564/556 558/566/558
f 625/625/625 621/626/621 558/566/558 561/627/561
f 626/628/626 627/629/627 563/570/563
f 628/630/628 626/631/626 563/570/563 564/573/564 629/632/629
f 630/633/630 631/634/631 629/635/629 564/573/564 567/575/567
f 552/577/552 617/636/617 633/637/633 632/638/632 630/639/630 567/575/567
f 634/640/634 562/641/562 560/567/560 574/584/574 636/642/636 635/643/635
f 563/570/563 627/644/627 637/645/637 636/646/636 574/584/574 566/571/566
f 648/647/648 651/648/651 650/649/650 649/650/649
f 649/650/649 650/649/650 653/651/653 652/652/652
f 652/652/652 653/651/653 655/653/655 654/654/654
f 654/654/654 655/653/655 657/655/657 656/656/656
f 656/656/656 657/655/657 659/657/659 658/658/658
f 660/659/660 666/660/666 665/661/665 664/662/664 663/663/663 662/664/662 661/665/661 658/658/658 659/657/659
f 660/666/660 669/667/669 668/668/668 667/669/667
f 667/669/667 668/668/668 671/670/671 670/671/670
f 670/671/670 671/670/671 672/672/672 651/648/651
f 651/648/651 672/672/672 673/673/673 650/649/650
f 650/649/650 673/673/673 674/674/674 653/651/653
f 653/651/653 674/674/674 675/675/675 655/653/655
f 655/653/655 675/675/675 676/676/676 657/655/657
f 657/655/657 676/676/676 677/677/677 659/657/659
f 659/657/659 677/677/677 669/678/669 660/659/660
f 669/667/669 679/679/679 678/680/678 668/668/668
f 668/668/668 678/680/678 680/681/680 671/670/671
f 671/670/671 680/681/680 681/682/681 672/672/672
f 672/672/672 681/682/681 682/683/682 673/673/673
f 673/673/673 682/683/682 683/684/683 674/674/674
f 674/674/674 683/684/683 684/685/684 675/675/675
f 675/675/675 684/685/684 685/686/685 676/676/676
f 676/676/676 685/686/685 686/687/686 677/677/677
f 677/677/677 686/687/686 679/688/679 669/678/669
f 679/679/679 688/689/688 687/690/687 678/680/678
f 678/680/678 687/690/687 689/691/689 680/681/680
f 680/681/680 689/691/689 690/692/690 681/682/681
f 681/682/681 690/692/690 691/693/691 682/683/682
f 682/683/682 691/693/691 692/694/692 683/684/683
f 683/684/683 692/694/692 693/695/693 684/685/684
f 684/685/684 693/695/693 694/696/694 685/686/685
f 685/686/685 694/696/694 695/697/695 686/687/686
f 686/687/686 695/697/695 688/698/688 679/688/679
f 705/699/705 709/700/709 708/701/708 707/702/707 648/647/648 706/703/706
f 710/704/710 711/705/711 706/706/706 648/647/648 649/650/649
f 712/707/712 714/708/714 710/704/710 649/650/649 652/652/652 713/709/713
f 654/654/654 717/710/717 716/711/716 715/712/715 713/713/713 652/652/652
f 718/714/718 719/715/719 717/716/717 654/654/654 656/656/656
f 720/717/720 721/718/721 718/714/718 656/656/656 658/658/658
f 658/658/658 661/719/661 720/720/720
f 667/669/667 723/721/723 722/722/722 666/723/666 660/666/660
f 724/724/724 727/725/727 723/726/723 667/669/667 670/671/670 726/727/726 725/728/725
f 707/702/707 726/729/726 670/671/670 651/648/651 648/647/648
f 738/730/738 741/731/741 740/732/740 739/733/739
f 739/733/739 740/732/740 743/734/743 742/735/742
f 742/735/742 743/734/743 745/736/745 744/737/744
f 744/737/744 745/736/745 747/738/747 746/739/746
f 746/739/746 747/738/747 749/740/749 748/741/748
f 748/741/748 749/740/749 751/742/751 750/743/750
f 750/743/750 751/742/751 753/744/753 752/745/752
f 752/745/752 753/744/753 755/746/755 754/747/754
f 754/747/754 755/746/755 741/748/741 738/749/738
f 741/731/741 757/750/757 756/751/756 740/732/740
f 740/732/740 756/751/756 758/752/758 743/734/743
f 743/734/743 758/752/758 759/753/759 745/736/745
f 745/736/745 759/753/759 760/754/760 747/738/747
f 747/738/747 760/754/760 761/755/761 749/740/749
f 749/740/749 761/755/761 762/756/762 751/742/751
f 751/742/751 762/756/762 763/757/763 753/744/753
f 753/744/753 763/757/763 764/758/764 755/746/755
f 755/746/755 764/758/764 757/759/757 741/748/741
f 757/750/757 766/760/766 765/761/765 756/751/756
f 756/751/756 765/761/765 767/762/767 758/752/758
f 758/752/758 767/762/767 768/763/768 759/753/759
f 759/753/759 768/763/768 769/764/769 760/754/760
f 760/754/760 769/764/769 770/765/770 761/755/761
f 761/755/761 770/765/770 771/766/771 762/756/762
f 762/756/762 771/766/771 772/767/772 763/757/763
f 763/757/763 772/767/772 773/768/773 764/758/764
f 764/758/764 773/768/773 766/769/766 757/759/757
f 766/760/766 775/770/775 774/771/774 765/761/765
f 765/761/765 774/771/774 776/772/776 767/762/767
f 767/762/767 776/772/776 777/773/777 768/763/768
f 768/763/768 777/773/777 778/774/778 769/764/769
f 769/764/769 778/774/778 779/775/779 770/765/770
f 770/765/770 779/775/779 780/776/780 771/766/771
f 771/766/771 780/776/780 781/777/781 772/767/772
f 772/767/772 781/777/781 782/778/782 773/768/773
f 773/768/773 782/778/782 775/779/775 766/769/766
f 775/770/775 784/780/784 783/781/783 774/771/774
f 774/771/774 783/781/783 785/782/785 776/772/776
f 776/772/776 785/782/785 786/783/786 777/773/777
f 777/773/777 786/783/786 787/784/787 778/774/778
f 778/774/778 787/784/787 788/785/788 779/775/779
f 779/775/779 788/785/788 789/786/789 780/776/780
f 780/776/780 789/786/789 790/787/790 781/777/781
f 781/777/781 790/787/790 791/788/791 782/778/782
f 782/778/782 791/788/791 784/789/784 775/779/775
f 784/780/784 793/790/793 792/791/792 783/781/783
f 783/781/783 792/791/792 794/792/794 785/782/785
f 785/782/785 794/792/794 795/793/795 786/783/786
f 786/783/786 795/793/795 796/794/796 787/784/787
f 787/784/787 796/794/796 797/795/797 788/785/788
f 788/785/788 797/795/797 798/796/798 789/786/789
f 789/786/789 798/796/798 799/797/799 790/787/790
f 790/787/790 799/797/799 800/798/800 791/788/791
f 791/788/791 800/798/800 793/799/793 784/789/784
f 793/790/793 802/800/802 801/801/801 792/791/792
f 792/791/792 801/801/801 803/802/803 794/792/794
f 794/792/794 803/802/803 804/803/804 795/793/795
f 795/793/795 804/803/804 805/804/805 796/794/796
f 796/794/796 805/804/805 806/805/806 797/795/797
f 797/795/797 806/805/806 807/806/807 798/796/798
f 798/796/798 807/806/807 808/807/808 799/797/799
f 799/797/799 808/807/808 809/808/809 800/798/800
f 800/798/800 809/808/809 802/809/802 793/799/793
f 802/800/802 811/810/811 810/811/810 801/801/801
f 801/801/801 810/811/810 812/812/812 803/802/803
f 803/802/803 812/812/812 813/813/813 804/803/804
f 804/803/804 813/813/813 814/814/814 805/804/805
f 805/804/805 814/814/814 815/815/815 806/805/806
f 806/805/806 815/815/815 816/816/816 807/806/807
f 807/806/807 816/816/816 817/817/817 808/807/808
f 808/807/808 817/817/817 818/818/818 809/808/809
f 809/808/809 818/818/818 811/819/811 802/809/802
f 811/810/811 820/820/820 819/821/819 810/811/810
f 810/811/810 819/821/819 821/822/821 812/812/812
f 812/812/812 821/822/821 822/823/822 813/813/813
f 813/813/813 822/823/822 823/824/823 814/814/814
f 814/814/814 823/824/823 824/825/824 815/815/815
f 815/815/815 824/825/824 825/826/825 816/816/816
f 816/816/816 825/826/825 826/827/826 817/817/817
f 817/817/817 826/827/826 827/828/827 818/818/818
f 818/818/818 827/828/827 820/829/820 811/819/811
f 820/820/820 829/830/829 828/831/828 819/821/819
f 819/821/819 828/831/828 830/832/830 821/822/821
f 821/822/821 830/832/830 831/833/831 822/823/822
f 822/823/822 831/833/831 832/834/832 823/824/823
f 823/824/823 832/834/832 833/835/833 824/825/824
f 824/825/824 833/835/833 834/836/834 825/826/825
f 825/826/825 834/836/834 835/837/835 826/827/826
f 826/827/826 835/837/835 836/838/836 827/828/827
f 827/828/827 836/838/836 829/839/829 820/829/820
f 829/830/829 838/840/838 837/841/837 828/831/828
f 828/831/828 837/841/837 839/842/839 830/832/830
f 830/832/830 839/842/839 840/843/840 831/833/831
f 831/833/831 840/843/840 841/844/841 832/834/832
f 832/834/832 841/844/841 842/845/842 833/835/833
f 833/835/833 842/845/842 843/846/843 834/836/834
f 834/836/834 843/846/843 844/847/844 835/837/835
f 835/837/835 844/847/844 845/848/845 836/838/836
f 836/838/836 845/848/845 838/849/838 829/839/829
f 739/733/739 858/850/858 857/851/857 856/852/856 855/853/855 738/730/738
f 859/854/859 858/855/858 739/733/739 742/735/742 860/856/860
f 861/857/861 862/858/862 860/856/860 742/735/742 744/737/744
f 863/859/863 865/860/865 861/861/861 744/737/744 746/739/746 864/862/864
f 866/863/866 868/864/868 867/865/867 864/866/864 746/739/746 748/741/748
f 869/867/869 871/868/871 866/869/866 748/741/748 750/743/750 870/870/870
f 872/871/872 870/872/870 750/743/750 752/745/752 873/873/873
f 754/747/754 876/874/876 875/875/875 874/876/874 873/877/873 752/745/752
f 738/749/738 855/878/855 877/879/877 876/880/876 754/747/754
f 888/881/888 891/882/891 890/883/890 889/884/889
f 889/884/889 890/883/890 893/885/893 892/886/892
f 892/886/892 893/885/893 895/887/895 894/888/894
f 894/888/894 895/887/895 897/889/897 896/890/896
f 898/891/898 903/892/903 902/893/902 901/894/901 900/895/900 899/896/899 896/890/896 897/889/897
f 903/892/903 898/891/898 905/897/905 904/898/904
f 904/898/904 905/897/905 907/899/907 906/900/906
f 906/900/906 907/899/907 909/901/909 908/902/908
f 908/902/908 909/901/909 891/903/891 888/904/888
f 891/882/891 911/905/911 910/906/910 890/883/890
f 890/883/890 910/906/910 912/907/912 893/885/893
f 893/885/893 912/907/912 913/908/913 895/887/895
f 895/887/895 913/908/913 914/909/914 897/889/897
f 897/889/897 914/909/914 915/910/915 898/891/898
f 898/891/898 915/910/915 916/911/916 905/897/905
f 905/897/905 916/911/916 917/912/917 907/899/907
f 907/899/907 917/912/917 918/913/918 909/901/909
f 909/901/909 918/913/918 911/914/911 891/903/891
f 911/905/911 920/915/920 919/916/919 910/906/910
f 910/906/910 919/916/919 921/917/921 912/907/912
f 912/907/912 921/917/921 922/918/922 913/908/913
f 913/908/913 922/918/922 923/919/923 914/909/914
f 914/909/914 923/919/923 924/920/924 915/910/915
f 915/910/915 924/920/924 925/921/925 916/911/916
f 916/911/916 925/921/925 926/922/926 917/912/917
f 917/912/917 926/922/926 927/923/927 918/913/918
f 918/913/918 927/923/927 920/924/920 911/914/911
f 920/915/920 929/925/929 928/926/928 919/916/919
f 919/916/919 928/926/928 930/927/930 921/917/921
f 921/917/921 930/927/930 931/928/931 922/918/922
f 922/918/922 931/928/931 932/929/932 923/919/923
f 923/919/923 932/929/932 933/930/933 924/920/924
f 924/920/924 933/930/933 934/931/934 925/921/925
f 925/921/925 934/931/934 935/932/935 926/922/926
f 926/922/926 935/932/935 936/933/936 927/923/927
f 927/923/927 936/933/936 929/934/929 920/924/920
f 929/925/929 938/935/938 937/936/937 928/926/928
f 928/926/928 937/936/937 939/937/939 930/927/930
f 930/927/930 939/937/939 940/938/940 931/928/931
f 931/928/931 940/938/940 941/939/941 932/929/932
f 932/929/932 941/939/941 942/940/942 933/930/933
f 933/930/933 942/940/942 943/941/943 934/931/934
f 934/931/934 943/941/943 944/942/944 935/932/935
f 935/932/935 944/942/944 945/943/945 936/933/936
f 936/933/936 945/943/945 938/944/938 929/934/929
f 938/935/938 947/161/947 946/609/946 937/936/937
f 937/936/937 946/609/946 948/610/948 939/937/939
f 939/937/939 948/610/948 949/164/949 940/938/940
f 940/938/940 949/164/949 950/611/950 941/939/941
f 941/939/941 950/611/950 951/612/951 942/940/942
f 942/940/942 951/612/951 952/167/952 943/941/943
f 943/941/943 952/167/952 953/168/953 944/942/944
f 944/942/944 953/168/953 954/169/954 945/943/945
f 945/943/945 954/169/954 947/170/947 938/944/938
f 964/945/964 967/946/967 966/947/966 888/881/888 889/884/889 965/948/965
f 968/949/968 965/950/965 889/884/889 892/886/892 969/951/969
f 970/952/970 969/951/969 892/886/892 894/888/894
f 971/953/971 974/954/974 973/955/973 972/956/972 970/952/970 894/888/894 896/890/896
f 903/892/903 975/957/975 902/958/902
f 899/896/899 971/959/971 896/890/896
f 904/898/904 979/960/979 978/961/978 977/962/977 976/963/976 975/964/975 903/892/903
f 906/900/906 980/965/980 979/966/979 904/898/904
f 908/902/908 982/967/982 981/968/981 980/969/980 906/900/906
f 966/970/966 984/971/984 983/972/983 982/973/982 908/902/908 888/904/888
f 995/974/995 998/975/998 997/976/997 996/977/996
f 996/977/996 997/976/997 1000/978/1000 999/979/999
f 999/979/999 1000/978/1000 1002/980/1002 1001/981/1001
f 1001/981/1001 1002/980/1002 1004/982/1004 1003/983/1003
f 1003/983/1003 1004/982/1004 1006/984/1006 1005/985/1005
f 1005/985/1005 1006/984/1006 1008/986/1008 1007/987/1007
f 1007/987/1007 1008/986/1008 1010/988/1010 1009/989/1009
f 1009/989/1009 1010/988/1010 1012/990/1012 1011/991/1011
f 1011/991/1011 1012/990/1012 998/992/998 995/993/995
f 998/975/998 1014/994/1014 1013/995/1013 997/976/997
f 997/976/997 1013/995/1013 1015/996/1015 1000/978/1000
f 1000/978/1000 1015/996/1015 1016/997/1016 1002/980/1002
f 1002/980/1002 1016/997/1016 1017/998/1017 1004/982/1004
f 1004/982/1004 1017/998/1017 1018/999/1018 1006/984/1006
f 1006/984/1006 1018/999/1018 1019/1000/1019 1008/986/1008
f 1008/986/1008 1019/1000/1019 1020/1001/1020 1010/988/1010
f 1010/988/1010 1020/1001/1020 1021/1002/1021 1012/990/1012
f 1012/990/1012 1021/1002/1021 1014/1003/1014 998/992/998
f 1014/994/1014 1023/1004/1023 1022/1005/1022 1013/995/1013
f 1013/995/1013 1022/1005/1022 1024/1006/1024 1015/996/1015
f 1015/996/1015 1024/1006/1024 1025/1007/1025 1016/997/1016
f 1016/997/1016 1025/1007/1025 1026/1008/1026 1017/998/1017
f 1017/998/1017 1026/1008/1026 1027/1009/1027 1018/999/1018
f 1018/999/1018 1027/1009/1027 1028/1010/1028 1019/1000/1019
f 1019/1000/1019 1028/1010/1028 1029/1011/1029 1020/1001/1020
f 1020/1001/1020 1029/1011/1029 1030/1012/1030 1021/1002/1021
f 1021/1002/1021 1030/1012/1030 1023/1013/1023 1014/1003/1014
f 1023/1004/1023 1032/161/1032 1031/609/1031 1022/1005/1022
f 1022/1005/1022 1031/609/1031 1033/610/1033 1024/1006/1024
f 1024/1006/1024 1033/610/1033 1034/164/1034 1025/1007/1025
f 1025/1007/1025 1034/164/1034 1035/611/1035 1026/1008/1026
f 1026/1008/1026 1035/611/1035 1036/612/1036 1027/1009/1027
f 1027/1009/1027 1036/612/1036 1037/167/1037 1028/1010/1028
f 1028/1010/1028 1037/167/1037 1038/168/1038 1029/1011/1029
f 1029/1011/1029 1038/168/1038 1039/169/1039 1030/1012/1030
f 1030/1012/1030 1039/169/1039 1032/170/1032 1023/1013/1023
f 1049/1014/1049 1055/1015/1055 1054/1016/1054 1053/1017/1053 995/974/995 996/977/996 1052/1018/1052 1051/1019/1051 1050/1020/1050
f 1056/1021/1056 1052/1018/1052 996/977/996 999/979/999 1059/1022/1059 1058/1023/1058 1057/1024/1057
f 1060/1025/1060 1063/1026/1063 1059/1022/1059 999/979/999 1001/981/1001 1062/1027/1062 1061/1028/1061
f 1064/1029/1064 1062/1027/1062 1001/981/1001 1003/983/1003 1068/1030/1068 1067/1031/1067 1066/1032/1066 1065/1033/1065
f 1069/1034/1069 1073/1035/1073 1072/1036/1072 1071/1037/1071 1068/1038/1068 1003/983/1003 1005/985/1005 1070/1039/1070
f 1074/1040/1074 1070/1039/1070 1005/985/1005 1007/987/1007 1076/1041/1076 1075/1042/1075
f 1077/1043/1077 1079/1044/1079 1076/1041/1076 1007/987/1007 1009/989/1009 1078/1045/1078
f 1011/991/1011 1082/1046/1082 1081/1047/1081 1080/1048/1080 1078/1045/1078 1009/989/1009
f 995/993/995 1053/1049/1053 1083/1050/1083 1082/1046/1082 1011/991/1011
g all_branches branch_caps level2 manual_prune tree_branch_generator2
usemtl /obj/geo1/tree_controller1/matnet1/labs_shader1
f 1084/20/1084 1086/20/1086 1085/20/1085
f 1085/20/1085 1086/20/1086 1087/20/1087
f 1087/20/1087 1086/20/1086 1088/20/1088
f 1088/20/1088 1086/20/1086 1089/20/1089
f 1089/20/1089 1086/20/1086 1084/20/1084
f 1106/20/1106 1084/20/1084 1085/20/1085 1105/20/1105
f 1105/20/1105 1085/20/1085 1087/20/1087 1107/20/1107
f 1107/20/1107 1087/20/1087 1088/20/1088 1108/20/1108
f 1108/20/1108 1088/20/1088 1089/20/1089 1109/20/1109
f 1109/20/1109 1089/20/1089 1084/20/1084 1106/20/1106
f 1125/20/1125 1127/20/1127 1126/20/1126
f 1126/20/1126 1127/20/1127 1128/20/1128
f 1128/20/1128 1127/20/1127 1129/20/1129
f 1129/20/1129 1127/20/1127 1130/20/1130
f 1130/20/1130 1127/20/1127 1125/20/1125
f 1147/20/1147 1125/20/1125 1126/20/1126 1146/20/1146
f 1146/20/1146 1126/20/1126 1128/20/1128 1148/20/1148
f 1148/20/1148 1128/20/1128 1129/20/1129 1149/20/1149
f 1149/20/1149 1129/20/1129 1130/20/1130 1150/20/1150
f 1150/20/1150 1130/20/1130 1125/20/1125 1147/20/1147
f 1164/20/1164 1166/20/1166 1165/20/1165
f 1165/20/1165 1166/20/1166 1167/20/1167
f 1167/20/1167 1166/20/1166 1168/20/1168
f 1168/20/1168 1166/20/1166 1169/20/1169
f 1169/20/1169 1166/20/1166 1164/20/1164
f 1186/20/1186 1164/20/1164 1165/20/1165 1185/20/1185
f 1185/20/1185 1165/20/1165 1167/20/1167 1187/20/1187
f 1187/20/1187 1167/20/1167 1168/20/1168 1188/20/1188
f 1188/20/1188 1168/20/1168 1169/20/1169 1189/20/1189
f 1189/20/1189 1169/20/1169 1164/20/1164 1186/20/1186
f 1203/20/1203 1205/20/1205 1204/20/1204
f 1204/20/1204 1205/20/1205 1206/20/1206
f 1206/20/1206 1205/20/1205 1207/20/1207
f 1207/20/1207 1205/20/1205 1208/20/1208
f 1208/20/1208 1205/20/1205 1203/20/1203
f 1230/20/1230 1203/20/1203 1204/20/1204 1229/20/1229
f 1229/20/1229 1204/20/1204 1206/20/1206 1231/20/1231
f 1231/20/1231 1206/20/1206 1207/20/1207 1232/20/1232
f 1232/20/1232 1207/20/1207 1208/20/1208 1233/20/1233
f 1233/20/1233 1208/20/1208 1203/20/1203 1230/20/1230
f 1249/20/1249 1251/20/1251 1250/20/1250
f 1250/20/1250 1251/20/1251 1252/20/1252
f 1252/20/1252 1251/20/1251 1253/20/1253
f 1253/20/1253 1251/20/1251 1254/20/1254
f 1254/20/1254 1251/20/1251 1249/20/1249
f 1276/20/1276 1249/20/1249 1250/20/1250 1275/20/1275
f 1275/20/1275 1250/20/1250 1252/20/1252 1277/20/1277
f 1277/20/1277 1252/20/1252 1253/20/1253 1278/20/1278
f 1278/20/1278 1253/20/1253 1254/20/1254 1279/20/1279
f 1279/20/1279 1254/20/1254 1249/20/1249 1276/20/1276
f 1297/20/1297 1299/20/1299 1298/20/1298
f 1298/20/1298 1299/20/1299 1300/20/1300
f 1300/20/1300 1299/20/1299 1301/20/1301
f 1301/20/1301 1299/20/1299 1302/20/1302
f 1302/20/1302 1299/20/1299 1297/20/1297
f 1319/20/1319 1297/20/1297 1298/20/1298 1318/20/1318
f 1318/20/1318 1298/20/1298 1300/20/1300 1320/20/1320
f 1320/20/1320 1300/20/1300 1301/20/1301 1321/20/1321
f 1321/20/1321 1301/20/1301 1302/20/1302 1322/20/1322
f 1322/20/1322 1302/20/1302 1297/20/1297 1319/20/1319
f 1344/20/1344 1346/20/1346 1345/20/1345
f 1345/20/1345 1346/20/1346 1347/20/1347
f 1347/20/1347 1346/20/1346 1348/20/1348
f 1348/20/1348 1346/20/1346 1349/20/1349
f 1349/20/1349 1346/20/1346 1344/20/1344
f 1366/20/1366 1344/20/1344 1345/20/1345 1365/20/1365
f 1365/20/1365 1345/20/1345 1347/20/1347 1367/20/1367
f 1367/20/1367 1347/20/1347 1348/20/1348 1368/20/1368
f 1368/20/1368 1348/20/1348 1349/20/1349 1369/20/1369
f 1369/20/1369 1349/20/1349 1344/20/1344 1366/20/1366
f 1385/20/1385 1387/20/1387 1386/20/1386
f 1386/20/1386 1387/20/1387 1388/20/1388
f 1388/20/1388 1387/20/1387 1389/20/1389
f 1389/20/1389 1387/20/1387 1390/20/1390
f 1390/20/1390 1387/20/1387 1385/20/1385
f 1419/20/1419 1385/20/1385 1386/20/1386 1418/20/1418
f 1418/20/1418 1386/20/1386 1388/20/1388 1420/20/1420
f 1420/20/1420 1388/20/1388 1389/20/1389 1421/20/1421
f 1421/20/1421 1389/20/1389 1390/20/1390 1422/20/1422
f 1422/20/1422 1390/20/1390 1385/20/1385 1419/20/1419
f 1432/20/1432 1434/20/1434 1433/20/1433
f 1433/20/1433 1434/20/1434 1435/20/1435
f 1435/20/1435 1434/20/1434 1436/20/1436
f 1436/20/1436 1434/20/1434 1437/20/1437
f 1437/20/1437 1434/20/1434 1432/20/1432
f 1457/20/1457 1432/20/1432 1433/20/1433 1456/20/1456
f 1456/20/1456 1433/20/1433 1435/20/1435 1458/20/1458
f 1458/20/1458 1435/20/1435 1436/20/1436 1459/20/1459
f 1459/20/1459 1436/20/1436 1437/20/1437 1460/20/1460
f 1460/20/1460 1437/20/1437 1432/20/1432 1457/20/1457
f 1475/20/1475 1477/20/1477 1476/20/1476
f 1476/20/1476 1477/20/1477 1478/20/1478
f 1478/20/1478 1477/20/1477 1479/20/1479
f 1479/20/1479 1477/20/1477 1480/20/1480
f 1480/20/1480 1477/20/1477 1475/20/1475
f 1502/20/1502 1475/20/1475 1476/20/1476 1501/20/1501
f 1501/20/1501 1476/20/1476 1478/20/1478 1503/20/1503
f 1503/20/1503 1478/20/1478 1479/20/1479 1504/20/1504
f 1504/20/1504 1479/20/1479 1480/20/1480 1505/20/1505
f 1505/20/1505 1480/20/1480 1475/20/1475 1502/20/1502
f 1521/20/1521 1523/20/1523 1522/20/1522
f 1522/20/1522 1523/20/1523 1524/20/1524
f 1524/20/1524 1523/20/1523 1525/20/1525
f 1525/20/1525 1523/20/1523 1526/20/1526
f 1526/20/1526 1523/20/1523 1521/20/1521
f 1549/20/1549 1521/20/1521 1522/20/1522 1548/20/1548
f 1548/20/1548 1522/20/1522 1524/20/1524 1550/20/1550
f 1550/20/1550 1524/20/1524 1525/20/1525 1551/20/1551
f 1551/20/1551 1525/20/1525 1526/20/1526 1552/20/1552
f 1552/20/1552 1526/20/1526 1521/20/1521 1549/20/1549
f 1562/20/1562 1564/20/1564 1563/20/1563
f 1563/20/1563 1564/20/1564 1565/20/1565
f 1565/20/1565 1564/20/1564 1566/20/1566
f 1566/20/1566 1564/20/1564 1567/20/1567
f 1567/20/1567 1564/20/1564 1562/20/1562
f 1589/20/1589 1562/20/1562 1563/20/1563 1588/20/1588
f 1588/20/1588 1563/20/1563 1565/20/1565 1590/20/1590
f 1590/20/1590 1565/20/1565 1566/20/1566 1591/20/1591
f 1591/20/1591 1566/20/1566 1567/20/1567 1592/20/1592
f 1592/20/1592 1567/20/1567 1562/20/1562 1589/20/1589
f 1624/20/1624 1626/20/1626 1625/20/1625
f 1625/20/1625 1626/20/1626 1627/20/1627
f 1627/20/1627 1626/20/1626 1628/20/1628
f 1628/20/1628 1626/20/1626 1629/20/1629
f 1629/20/1629 1626/20/1626 1624/20/1624
f 1661/20/1661 1624/20/1624 1625/20/1625 1660/20/1660
f 1660/20/1660 1625/20/1625 1627/20/1627 1662/20/1662
f 1662/20/1662 1627/20/1627 1628/20/1628 1663/20/1663
f 1663/20/1663 1628/20/1628 1629/20/1629 1664/20/1664
f 1664/20/1664 1629/20/1629 1624/20/1624 1661/20/1661
f 1680/20/1680 1682/20/1682 1681/20/1681
f 1681/20/1681 1682/20/1682 1683/20/1683
f 1683/20/1683 1682/20/1682 1684/20/1684
f 1684/20/1684 1682/20/1682 1685/20/1685
f 1685/20/1685 1682/20/1682 1680/20/1680
f 1702/20/1702 1680/20/1680 1681/20/1681 1701/20/1701
f 1701/20/1701 1681/20/1681 1683/20/1683 1703/20/1703
f 1703/20/1703 1683/20/1683 1684/20/1684 1704/20/1704
f 1704/20/1704 1684/20/1684 1685/20/1685 1705/20/1705
f 1705/20/1705 1685/20/1685 1680/20/1680 1702/20/1702
f 1723/20/1723 1725/20/1725 1724/20/1724
f 1724/20/1724 1725/20/1725 1726/20/1726
f 1726/20/1726 1725/20/1725 1727/20/1727
f 1727/20/1727 1725/20/1725 1728/20/1728
f 1728/20/1728 1725/20/1725 1723/20/1723
f 1750/20/1750 1723/20/1723 1724/20/1724 1749/20/1749
f 1749/20/1749 1724/20/1724 1726/20/1726 1751/20/1751
f 1751/20/1751 1726/20/1726 1727/20/1727 1752/20/1752
f 1752/20/1752 1727/20/1727 1728/20/1728 1753/20/1753
f 1753/20/1753 1728/20/1728 1723/20/1723 1750/20/1750
f 1771/20/1771 1773/20/1773 1772/20/1772
f 1772/20/1772 1773/20/1773 1774/20/1774
f 1774/20/1774 1773/20/1773 1775/20/1775
f 1775/20/1775 1773/20/1773 1776/20/1776
f 1776/20/1776 1773/20/1773 1771/20/1771
f 1798/20/1798 1771/20/1771 1772/20/1772 1797/20/1797
f 1797/20/1797 1772/20/1772 1774/20/1774 1799/20/1799
f 1799/20/1799 1774/20/1774 1775/20/1775 1800/20/1800
f 1800/20/1800 1775/20/1775 1776/20/1776 1801/20/1801
f 1801/20/1801 1776/20/1776 1771/20/1771 1798/20/1798
f 1821/20/1821 1823/20/1823 1822/20/1822
f 1822/20/1822 1823/20/1823 1824/20/1824
f 1824/20/1824 1823/20/1823 1825/20/1825
f 1825/20/1825 1823/20/1823 1826/20/1826
f 1826/20/1826 1823/20/1823 1821/20/1821
f 1848/20/1848 1821/20/1821 1822/20/1822 1847/20/1847
f 1847/20/1847 1822/20/1822 1824/20/1824 1849/20/1849
f 1849/20/1849 1824/20/1824 1825/20/1825 1850/20/1850
f 1850/20/1850 1825/20/1825 1826/20/1826 1851/20/1851
f 1851/20/1851 1826/20/1826 1821/20/1821 1848/20/1848
f 1871/20/1871 1873/20/1873 1872/20/1872
f 1872/20/1872 1873/20/1873 1874/20/1874
f 1874/20/1874 1873/20/1873 1875/20/1875
f 1875/20/1875 1873/20/1873 1876/20/1876
f 1876/20/1876 1873/20/1873 1871/20/1871
f 1903/20/1903 1871/20/1871 1872/20/1872 1902/20/1902
f 1902/20/1902 1872/20/1872 1874/20/1874 1904/20/1904
f 1904/20/1904 1874/20/1874 1875/20/1875 1905/20/1905
f 1905/20/1905 1875/20/1875 1876/20/1876 1906/20/1906
f 1906/20/1906 1876/20/1876 1871/20/1871 1903/20/1903
f 1926/20/1926 1928/20/1928 1927/20/1927
f 1927/20/1927 1928/20/1928 1929/20/1929
f 1929/20/1929 1928/20/1928 1930/20/1930
f 1930/20/1930 1928/20/1928 1931/20/1931
f 1931/20/1931 1928/20/1928 1926/20/1926
f 1964/20/1964 1926/20/1926 1927/20/1927 1963/20/1963
f 1963/20/1963 1927/20/1927 1929/20/1929 1965/20/1965
f 1965/20/1965 1929/20/1929 1930/20/1930 1966/20/1966
f 1966/20/1966 1930/20/1930 1931/20/1931 1967/20/1967
f 1967/20/1967 1931/20/1931 1926/20/1926 1964/20/1964
f 1974/20/1974 1976/20/1976 1975/20/1975
f 1975/20/1975 1976/20/1976 1977/20/1977
f 1977/20/1977 1976/20/1976 1978/20/1978
f 1978/20/1978 1976/20/1976 1979/20/1979
f 1979/20/1979 1976/20/1976 1974/20/1974
f 2006/20/2006 1974/20/1974 1975/20/1975 2005/20/2005
f 2005/20/2005 1975/20/1975 1977/20/1977 2007/20/2007
f 2007/20/2007 1977/20/1977 1978/20/1978 2008/20/2008
f 2008/20/2008 1978/20/1978 1979/20/1979 2009/20/2009
f 2009/20/2009 1979/20/1979 1974/20/1974 2006/20/2006
f 2031/20/2031 2033/20/2033 2032/20/2032
f 2032/20/2032 2033/20/2033 2034/20/2034
f 2034/20/2034 2033/20/2033 2035/20/2035
f 2035/20/2035 2033/20/2033 2036/20/2036
f 2036/20/2036 2033/20/2033 2031/20/2031
f 2063/20/2063 2031/20/2031 2032/20/2032 2062/20/2062
f 2062/20/2062 2032/20/2032 2034/20/2034 2064/20/2064
f 2064/20/2064 2034/20/2034 2035/20/2035 2065/20/2065
f 2065/20/2065 2035/20/2035 2036/20/2036 2066/20/2066
f 2066/20/2066 2036/20/2036 2031/20/2031 2063/20/2063
f 2084/20/2084 2086/20/2086 2085/20/2085
f 2085/20/2085 2086/20/2086 2087/20/2087
f 2087/20/2087 2086/20/2086 2088/20/2088
f 2088/20/2088 2086/20/2086 2089/20/2089
f 2089/20/2089 2086/20/2086 2084/20/2084
f 2121/20/2121 2084/20/2084 2085/20/2085 2120/20/2120
f 2120/20/2120 2085/20/2085 2087/20/2087 2122/20/2122
f 2122/20/2122 2087/20/2087 2088/20/2088 2123/20/2123
f 2123/20/2123 2088/20/2088 2089/20/2089 2124/20/2124
f 2124/20/2124 2089/20/2089 2084/20/2084 2121/20/2121
f 2140/20/2140 2142/20/2142 2141/20/2141
f 2141/20/2141 2142/20/2142 2143/20/2143
f 2143/20/2143 2142/20/2142 2144/20/2144
f 2144/20/2144 2142/20/2142 2145/20/2145
f 2145/20/2145 2142/20/2142 2140/20/2140
f 2172/20/2172 2140/20/2140 2141/20/2141 2171/20/2171
f 2171/20/2171 2141/20/2141 2143/20/2143 2173/20/2173
f 2173/20/2173 2143/20/2143 2144/20/2144 2174/20/2174
f 2174/20/2174 2144/20/2144 2145/20/2145 2175/20/2175
f 2175/20/2175 2145/20/2145 2140/20/2140 2172/20/2172
f 2199/20/2199 2201/20/2201 2200/20/2200
f 2200/20/2200 2201/20/2201 2202/20/2202
f 2202/20/2202 2201/20/2201 2203/20/2203
f 2203/20/2203 2201/20/2201 2204/20/2204
f 2204/20/2204 2201/20/2201 2199/20/2199
f 2236/20/2236 2199/20/2199 2200/20/2200 2235/20/2235
f 2235/20/2235 2200/20/2200 2202/20/2202 2237/20/2237
f 2237/20/2237 2202/20/2202 2203/20/2203 2238/20/2238
f 2238/20/2238 2203/20/2203 2204/20/2204 2239/20/2239
f 2239/20/2239 2204/20/2204 2199/20/2199 2236/20/2236
f 2255/20/2255 2257/20/2257 2256/20/2256
f 2256/20/2256 2257/20/2257 2258/20/2258
f 2258/20/2258 2257/20/2257 2259/20/2259
f 2259/20/2259 2257/20/2257 2260/20/2260
f 2260/20/2260 2257/20/2257 2255/20/2255
f 2307/20/2307 2255/20/2255 2256/20/2256 2306/20/2306
f 2306/20/2306 2256/20/2256 2258/20/2258 2308/20/2308
f 2308/20/2308 2258/20/2258 2259/20/2259 2309/20/2309
f 2309/20/2309 2259/20/2259 2260/20/2260 2310/20/2310
f 2310/20/2310 2260/20/2260 2255/20/2255 2307/20/2307
f 2326/20/2326 2328/20/2328 2327/20/2327
f 2327/20/2327 2328/20/2328 2329/20/2329
f 2329/20/2329 2328/20/2328 2330/20/2330
f 2330/20/2330 2328/20/2328 2331/20/2331
f 2331/20/2331 2328/20/2328 2326/20/2326
f 2368/20/2368 2326/20/2326 2327/20/2327 2367/20/2367
f 2367/20/2367 2327/20/2327 2329/20/2329 2369/20/2369
f 2369/20/2369 2329/20/2329 2330/20/2330 2370/20/2370
f 2370/20/2370 2330/20/2330 2331/20/2331 2371/20/2371
f 2371/20/2371 2331/20/2331 2326/20/2326 2368/20/2368
f 2391/20/2391 2393/20/2393 2392/20/2392
f 2392/20/2392 2393/20/2393 2394/20/2394
f 2394/20/2394 2393/20/2393 2395/20/2395
f 2395/20/2395 2393/20/2393 2396/20/2396
f 2396/20/2396 2393/20/2393 2391/20/2391
f 2433/20/2433 2391/20/2391 2392/20/2392 2432/20/2432
f 2432/20/2432 2392/20/2392 2394/20/2394 2434/20/2434
f 2434/20/2434 2394/20/2394 2395/20/2395 2435/20/2435
f 2435/20/2435 2395/20/2395 2396/20/2396 2436/20/2436
f 2436/20/2436 2396/20/2396 2391/20/2391 2433/20/2433
f 2458/20/2458 2460/20/2460 2459/20/2459
f 2459/20/2459 2460/20/2460 2461/20/2461
f 2461/20/2461 2460/20/2460 2462/20/2462
f 2462/20/2462 2460/20/2460 2463/20/2463
f 2463/20/2463 2460/20/2460 2458/20/2458
f 2500/20/2500 2458/20/2458 2459/20/2459 2499/20/2499
f 2499/20/2499 2459/20/2459 2461/20/2461 2501/20/2501
f 2501/20/2501 2461/20/2461 2462/20/2462 2502/20/2502
f 2502/20/2502 2462/20/2462 2463/20/2463 2503/20/2503
f 2503/20/2503 2463/20/2463 2458/20/2458 2500/20/2500
f 2523/20/2523 2525/20/2525 2524/20/2524
f 2524/20/2524 2525/20/2525 2526/20/2526
f 2526/20/2526 2525/20/2525 2527/20/2527
f 2527/20/2527 2525/20/2525 2528/20/2528
f 2528/20/2528 2525/20/2525 2523/20/2523
f 2560/20/2560 2523/20/2523 2524/20/2524 2559/20/2559
f 2559/20/2559 2524/20/2524 2526/20/2526 2561/20/2561
f 2561/20/2561 2526/20/2526 2527/20/2527 2562/20/2562
f 2562/20/2562 2527/20/2527 2528/20/2528 2563/20/2563
f 2563/20/2563 2528/20/2528 2523/20/2523 2560/20/2560
f 2579/20/2579 2581/20/2581 2580/20/2580
f 2580/20/2580 2581/20/2581 2582/20/2582
f 2582/20/2582 2581/20/2581 2583/20/2583
f 2583/20/2583 2581/20/2581 2584/20/2584
f 2584/20/2584 2581/20/2581 2579/20/2579
f 2631/20/2631 2579/20/2579 2580/20/2580 2630/20/2630
f 2630/20/2630 2580/20/2580 2582/20/2582 2632/20/2632
f 2632/20/2632 2582/20/2582 2583/20/2583 2633/20/2633
f 2633/20/2633 2583/20/2583 2584/20/2584 2634/20/2634
f 2634/20/2634 2584/20/2584 2579/20/2579 2631/20/2631
f 2654/20/2654 2656/20/2656 2655/20/2655
f 2655/20/2655 2656/20/2656 2657/20/2657
f 2657/20/2657 2656/20/2656 2658/20/2658
f 2658/20/2658 2656/20/2656 2659/20/2659
f 2659/20/2659 2656/20/2656 2654/20/2654
f 2701/20/2701 2654/20/2654 2655/20/2655 2700/20/2700
f 2700/20/2700 2655/20/2655 2657/20/2657 2702/20/2702
f 2702/20/2702 2657/20/2657 2658/20/2658 2703/20/2703
f 2703/20/2703 2658/20/2658 2659/20/2659 2704/20/2704
f 2704/20/2704 2659/20/2659 2654/20/2654 2701/20/2701
f 2728/20/2728 2730/20/2730 2729/20/2729
f 2729/20/2729 2730/20/2730 2731/20/2731
f 2731/20/2731 2730/20/2730 2732/20/2732
f 2732/20/2732 2730/20/2730 2733/20/2733
f 2733/20/2733 2730/20/2730 2728/20/2728
f 2770/20/2770 2728/20/2728 2729/20/2729 2769/20/2769
f 2769/20/2769 2729/20/2729 2731/20/2731 2771/20/2771
f 2771/20/2771 2731/20/2731 2732/20/2732 2772/20/2772
f 2772/20/2772 2732/20/2732 2733/20/2733 2773/20/2773
f 2773/20/2773 2733/20/2733 2728/20/2728 2770/20/2770
f 2791/20/2791 2793/20/2793 2792/20/2792
f 2792/20/2792 2793/20/2793 2794/20/2794
f 2794/20/2794 2793/20/2793 2795/20/2795
f 2795/20/2795 2793/20/2793 2796/20/2796
f 2796/20/2796 2793/20/2793 2791/20/2791
f 2844/20/2844 2791/20/2791 2792/20/2792 2843/20/2843
f 2843/20/2843 2792/20/2792 2794/20/2794 2845/20/2845
f 2845/20/2845 2794/20/2794 2795/20/2795 2846/20/2846
f 2846/20/2846 2795/20/2795 2796/20/2796 2847/20/2847
f 2847/20/2847 2796/20/2796 2791/20/2791 2844/20/2844
f 2856/20/2856 2858/20/2858 2857/20/2857
f 2857/20/2857 2858/20/2858 2859/20/2859
f 2859/20/2859 2858/20/2858 2860/20/2860
f 2860/20/2860 2858/20/2858 2861/20/2861
f 2861/20/2861 2858/20/2858 2856/20/2856
f 2884/20/2884 2856/20/2856 2857/20/2857 2883/20/2883
f 2883/20/2883 2857/20/2857 2859/20/2859 2885/20/2885
f 2885/20/2885 2859/20/2859 2860/20/2860 2886/20/2886
f 2886/20/2886 2860/20/2860 2861/20/2861 2887/20/2887
f 2887/20/2887 2861/20/2861 2856/20/2856 2884/20/2884
f 2902/20/2902 2904/20/2904 2903/20/2903
f 2903/20/2903 2904/20/2904 2905/20/2905
f 2905/20/2905 2904/20/2904 2906/20/2906
f 2906/20/2906 2904/20/2904 2907/20/2907
f 2907/20/2907 2904/20/2904 2902/20/2902
f 2927/20/2927 2902/20/2902 2903/20/2903 2926/20/2926
f 2926/20/2926 2903/20/2903 2905/20/2905 2928/20/2928
f 2928/20/2928 2905/20/2905 2906/20/2906 2929/20/2929
f 2929/20/2929 2906/20/2906 2907/20/2907 2930/20/2930
f 2930/20/2930 2907/20/2907 2902/20/2902 2927/20/2927
f 2942/20/2942 2944/20/2944 2943/20/2943
f 2943/20/2943 2944/20/2944 2945/20/2945
f 2945/20/2945 2944/20/2944 2946/20/2946
f 2946/20/2946 2944/20/2944 2947/20/2947
f 2947/20/2947 2944/20/2944 2942/20/2942
f 2974/20/2974 2942/20/2942 2943/20/2943 2973/20/2973
f 2973/20/2973 2943/20/2943 2945/20/2945 2975/20/2975
f 2975/20/2975 2945/20/2945 2946/20/2946 2976/20/2976
f 2976/20/2976 2946/20/2946 2947/20/2947 2977/20/2977
f 2977/20/2977 2947/20/2947 2942/20/2942 2974/20/2974
f 2998/20/2998 3000/20/3000 2999/20/2999
f 2999/20/2999 3000/20/3000 3001/20/3001
f 3001/20/3001 3000/20/3000 3002/20/3002
f 3002/20/3002 3000/20/3000 3003/20/3003
f 3003/20/3003 3000/20/3000 2998/20/2998
f 3025/20/3025 2998/20/2998 2999/20/2999 3024/20/3024
f 3024/20/3024 2999/20/2999 3001/20/3001 3026/20/3026
f 3026/20/3026 3001/20/3001 3002/20/3002 3027/20/3027
f 3027/20/3027 3002/20/3002 3003/20/3003 3028/20/3028
f 3028/20/3028 3003/20/3003 2998/20/2998 3025/20/3025
f 3043/20/3043 3045/20/3045 3044/20/3044
f 3044/20/3044 3045/20/3045 3046/20/3046
f 3046/20/3046 3045/20/3045 3047/20/3047
f 3047/20/3047 3045/20/3045 3048/20/3048
f 3048/20/3048 3045/20/3045 3043/20/3043
f 3075/20/3075 3043/20/3043 3044/20/3044 3074/20/3074
f 3074/20/3074 3044/20/3044 3046/20/3046 3076/20/3076
f 3076/20/3076 3046/20/3046 3047/20/3047 3077/20/3077
f 3077/20/3077 3047/20/3047 3048/20/3048 3078/20/3078
f 3078/20/3078 3048/20/3048 3043/20/3043 3075/20/3075
f 3095/20/3095 3097/20/3097 3096/20/3096
f 3096/20/3096 3097/20/3097 3098/20/3098
f 3098/20/3098 3097/20/3097 3099/20/3099
f 3099/20/3099 3097/20/3097 3100/20/3100
f 3100/20/3100 3097/20/3097 3095/20/3095
f 3132/20/3132 3095/20/3095 3096/20/3096 3131/20/3131
f 3131/20/3131 3096/20/3096 3098/20/3098 3133/20/3133
f 3133/20/3133 3098/20/3098 3099/20/3099 3134/20/3134
f 3134/20/3134 3099/20/3099 3100/20/3100 3135/20/3135
f 3135/20/3135 3100/20/3100 3095/20/3095 3132/20/3132
f 3151/20/3151 3153/20/3153 3152/20/3152
f 3152/20/3152 3153/20/3153 3154/20/3154
f 3154/20/3154 3153/20/3153 3155/20/3155
f 3155/20/3155 3153/20/3153 3156/20/3156
f 3156/20/3156 3153/20/3153 3151/20/3151
f 3191/20/3191 3151/20/3151 3152/20/3152 3190/20/3190
f 3190/20/3190 3152/20/3152 3154/20/3154 3192/20/3192
f 3192/20/3192 3154/20/3154 3155/20/3155 3193/20/3193
f 3193/20/3193 3155/20/3155 3156/20/3156 3194/20/3194
f 3194/20/3194 3156/20/3156 3151/20/3151 3191/20/3191
f 3208/20/3208 3210/20/3210 3209/20/3209
f 3209/20/3209 3210/20/3210 3211/20/3211
f 3211/20/3211 3210/20/3210 3212/20/3212
f 3212/20/3212 3210/20/3210 3213/20/3213
f 3213/20/3213 3210/20/3210 3208/20/3208
f 3244/20/3244 3208/20/3208 3209/20/3209 3243/20/3243
f 3243/20/3243 3209/20/3209 3211/20/3211 3245/20/3245
f 3245/20/3245 3211/20/3211 3212/20/3212 3246/20/3246
f 3246/20/3246 3212/20/3212 3213/20/3213 3247/20/3247
f 3247/20/3247 3213/20/3213 3208/20/3208 3244/20/3244
f 3263/20/3263 3265/20/3265 3264/20/3264
f 3264/20/3264 3265/20/3265 3266/20/3266
f 3266/20/3266 3265/20/3265 3267/20/3267
f 3267/20/3267 3265/20/3265 3268/20/3268
f 3268/20/3268 3265/20/3265 3263/20/3263
f 3308/20/3308 3263/20/3263 3264/20/3264 3307/20/3307
f 3307/20/3307 3264/20/3264 3266/20/3266 3309/20/3309
f 3309/20/3309 3266/20/3266 3267/20/3267 3310/20/3310
f 3310/20/3310 3267/20/3267 3268/20/3268 3311/20/3311
f 3311/20/3311 3268/20/3268 3263/20/3263 3308/20/3308
f 3325/20/3325 3327/20/3327 3326/20/3326
f 3326/20/3326 3327/20/3327 3328/20/3328
f 3328/20/3328 3327/20/3327 3329/20/3329
f 3329/20/3329 3327/20/3327 3330/20/3330
f 3330/20/3330 3327/20/3327 3325/20/3325
f 3374/20/3374 3325/20/3325 3326/20/3326 3373/20/3373
f 3373/20/3373 3326/20/3326 3328/20/3328 3375/20/3375
f 3375/20/3375 3328/20/3328 3329/20/3329 3376/20/3376
f 3376/20/3376 3329/20/3329 3330/20/3330 3377/20/3377
f 3377/20/3377 3330/20/3330 3325/20/3325 3374/20/3374
f 3516/20/3516 3518/20/3518 3517/20/3517
f 3517/20/3517 3518/20/3518 3519/20/3519
f 3519/20/3519 3518/20/3518 3520/20/3520
f 3520/20/3520 3518/20/3518 3521/20/3521
f 3521/20/3521 3518/20/3518 3516/20/3516
f 3538/20/3538 3516/20/3516 3517/20/3517 3537/20/3537
f 3537/20/3537 3517/20/3517 3519/20/3519 3539/20/3539
f 3539/20/3539 3519/20/3519 3520/20/3520 3540/20/3540
f 3540/20/3540 3520/20/3520 3521/20/3521 3541/20/3541
f 3541/20/3541 3521/20/3521 3516/20/3516 3538/20/3538
f 3682/20/3682 3684/20/3684 3683/20/3683
f 3683/20/3683 3684/20/3684 3685/20/3685
f 3685/20/3685 3684/20/3684 3686/20/3686
f 3686/20/3686 3684/20/3684 3687/20/3687
f 3687/20/3687 3684/20/3684 3682/20/3682
f 3714/20/3714 3682/20/3682 3683/20/3683 3713/20/3713
f 3713/20/3713 3683/20/3683 3685/20/3685 3715/20/3715
f 3715/20/3715 3685/20/3685 3686/20/3686 3716/20/3716
f 3716/20/3716 3686/20/3686 3687/20/3687 3717/20/3717
f 3717/20/3717 3687/20/3687 3682/20/3682 3714/20/3714
f 3877/20/3877 3879/20/3879 3878/20/3878
f 3878/20/3878 3879/20/3879 3880/20/3880
f 3880/20/3880 3879/20/3879 3881/20/3881
f 3881/20/3881 3879/20/3879 3882/20/3882
f 3882/20/3882 3879/20/3879 3877/20/3877
f 3921/20/3921 3877/20/3877 3878/20/3878 3920/20/3920
f 3920/20/3920 3878/20/3878 3880/20/3880 3922/20/3922
f 3922/20/3922 3880/20/3880 3881/20/3881 3923/20/3923
f 3923/20/3923 3881/20/3881 3882/20/3882 3924/20/3924
f 3924/20/3924 3882/20/3882 3877/20/3877 3921/20/3921
f 4002/20/4002 4004/20/4004 4003/20/4003
f 4003/20/4003 4004/20/4004 4005/20/4005
f 4005/20/4005 4004/20/4004 4006/20/4006
f 4006/20/4006 4004/20/4004 4007/20/4007
f 4007/20/4007 4004/20/4004 4002/20/4002
f 4044/20/4044 4002/20/4002 4003/20/4003 4043/20/4043
f 4043/20/4043 4003/20/4003 4005/20/4005 4045/20/4045
f 4045/20/4045 4005/20/4005 4006/20/4006 4046/20/4046
f 4046/20/4046 4006/20/4006 4007/20/4007 4047/20/4047
f 4047/20/4047 4007/20/4007 4002/20/4002 4044/20/4044
f 4101/20/4101 4103/20/4103 4102/20/4102
f 4102/20/4102 4103/20/4103 4104/20/4104
f 4104/20/4104 4103/20/4103 4105/20/4105
f 4105/20/4105 4103/20/4103 4106/20/4106
f 4106/20/4106 4103/20/4103 4101/20/4101
f 4148/20/4148 4101/20/4101 4102/20/4102 4147/20/4147
f 4147/20/4147 4102/20/4102 4104/20/4104 4149/20/4149
f 4149/20/4149 4104/20/4104 4105/20/4105 4150/20/4150
f 4150/20/4150 4105/20/4105 4106/20/4106 4151/20/4151
f 4151/20/4151 4106/20/4106 4101/20/4101 4148/20/4148
g all_branches level2 manual_prune tree_branch_generator2
usemtl /obj/geo1/tree_controller1/matnet1/labs_shader1
f 1090/1051/1090 1093/1052/1093 1092/1053/1092 1091/1054/1091
f 1091/1054/1091 1092/1053/1092 1095/1055/1095 1094/1056/1094
f 1094/1056/1094 1095/1055/1095 1097/1057/1097 1096/1058/1096
f 1096/1058/1096 1097/1057/1097 1099/1059/1099 1098/1060/1098
f 1098/1060/1098 1099/1059/1099 1093/1061/1093 1090/1062/1090
f 1093/1052/1093 1101/1063/1101 1100/1064/1100 1092/1053/1092
f 1092/1053/1092 1100/1064/1100 1102/1065/1102 1095/1055/1095
f 1095/1055/1095 1102/1065/1102 1103/1066/1103 1097/1057/1097
f 1097/1057/1097 1103/1066/1103 1104/1067/1104 1099/1059/1099
f 1099/1059/1099 1104/1067/1104 1101/1068/1101 1093/1061/1093
f 1101/1063/1101 1106/410/1106 1105/1069/1105 1100/1064/1100
f 1100/1064/1100 1105/1069/1105 1107/1070/1107 1102/1065/1102
f 1102/1065/1102 1107/1070/1107 1108/1071/1108 1103/1066/1103
f 1103/1066/1103 1108/1071/1108 1109/1072/1109 1104/1067/1104
f 1104/1067/1104 1109/1072/1109 1106/419/1106 1101/1068/1101
f 1110/1073/1110 1113/1074/1113 1090/1051/1090 1091/1054/1091 1112/1075/1112 1111/1076/1111
f 1114/1077/1114 1116/1078/1116 1112/1079/1112 1091/1054/1091 1094/1056/1094 1115/1080/1115
f 1096/1058/1096 1120/1081/1120 1119/1082/1119 1118/1083/1118 1117/1084/1117 1115/1085/1115 1094/1056/1094
f 1121/1086/1121 1120/1087/1120 1096/1058/1096 1098/1060/1098 1122/1088/1122
f 1123/1089/1123 1122/1090/1122 1098/1060/1098 1090/1062/1090 1113/1091/1113 1124/1092/1124
f 1131/1093/1131 1134/1094/1134 1133/1095/1133 1132/1096/1132
f 1132/1096/1132 1133/1095/1133 1136/1097/1136 1135/1098/1135
f 1135/1098/1135 1136/1097/1136 1138/1099/1138 1137/1100/1137
f 1137/1100/1137 1138/1099/1138 1140/1101/1140 1139/1102/1139
f 1139/1102/1139 1140/1101/1140 1134/1103/1134 1131/1104/1131
f 1134/1094/1134 1142/1105/1142 1141/1106/1141 1133/1095/1133
f 1133/1095/1133 1141/1106/1141 1143/1107/1143 1136/1097/1136
f 1136/1097/1136 1143/1107/1143 1144/1108/1144 1138/1099/1138
f 1138/1099/1138 1144/1108/1144 1145/1109/1145 1140/1101/1140
f 1140/1101/1140 1145/1109/1145 1142/1110/1142 1134/1103/1134
f 1142/1105/1142 1147/1111/1147 1146/1112/1146 1141/1106/1141
f 1141/1106/1141 1146/1112/1146 1148/1113/1148 1143/1107/1143
f 1143/1107/1143 1148/1113/1148 1149/1114/1149 1144/1108/1144
f 1144/1108/1144 1149/1114/1149 1150/1115/1150 1145/1109/1145
f 1145/1109/1145 1150/1115/1150 1147/1116/1147 1142/1110/1142
f 1151/1117/1151 1154/1118/1154 1153/1119/1153 1131/1093/1131 1132/1096/1132 1152/1120/1152
f 1155/1121/1155 1152/1122/1152 1132/1096/1132 1135/1098/1135
f 1156/1123/1156 1155/1124/1155 1135/1098/1135 1137/1100/1137 1158/1125/1158 1157/1126/1157
f 1139/1102/1139 1161/1127/1161 1160/1128/1160 1159/1129/1159 1158/1130/1158 1137/1100/1137
f 1153/1131/1153 1163/1132/1163 1162/1133/1162 1161/1134/1161 1139/1102/1139 1131/1104/1131
f 1170/1135/1170 1173/1136/1173 1172/1137/1172 1171/1138/1171
f 1171/1138/1171 1172/1137/1172 1175/1139/1175 1174/1140/1174
f 1174/1140/1174 1175/1139/1175 1177/1141/1177 1176/1142/1176
f 1176/1142/1176 1177/1141/1177 1179/1143/1179 1178/1144/1178
f 1178/1144/1178 1179/1143/1179 1173/1145/1173 1170/1146/1170
f 1173/1136/1173 1181/1147/1181 1180/1148/1180 1172/1137/1172
f 1172/1137/1172 1180/1148/1180 1182/1149/1182 1175/1139/1175
f 1175/1139/1175 1182/1149/1182 1183/1150/1183 1177/1141/1177
f 1177/1141/1177 1183/1150/1183 1184/1151/1184 1179/1143/1179
f 1179/1143/1179 1184/1151/1184 1181/1152/1181 1173/1145/1173
f 1181/1147/1181 1186/1153/1186 1185/1154/1185 1180/1148/1180
f 1180/1148/1180 1185/1154/1185 1187/1155/1187 1182/1149/1182
f 1182/1149/1182 1187/1155/1187 1188/1156/1188 1183/1150/1183
f 1183/1150/1183 1188/1156/1188 1189/1157/1189 1184/1151/1184
f 1184/1151/1184 1189/1157/1189 1186/1158/1186 1181/1152/1181
f 1190/1159/1190 1192/1160/1192 1170/1135/1170 1171/1138/1171 1191/1161/1191
f 1193/1162/1193 1191/1163/1191 1171/1138/1171 1174/1140/1174 1195/1164/1195 1194/1165/1194
f 1196/1166/1196 1195/1167/1195 1174/1140/1174 1176/1142/1176 1198/1168/1198 1197/1169/1197
f 1178/1144/1178 1199/1170/1199 1198/1171/1198 1176/1142/1176
f 1170/1146/1170 1192/1172/1192 1202/1173/1202 1201/1174/1201 1200/1175/1200 1199/1176/1199 1178/1144/1178
f 1209/1177/1209 1212/1178/1212 1211/1179/1211 1210/1180/1210
f 1210/1180/1210 1211/1179/1211 1214/1181/1214 1213/1182/1213
f 1213/1182/1213 1214/1181/1214 1216/1183/1216 1215/1184/1215
f 1215/1184/1215 1216/1183/1216 1218/1185/1218 1217/1186/1217
f 1217/1186/1217 1218/1185/1218 1212/1187/1212 1209/1188/1209
f 1212/1178/1212 1220/1189/1220 1219/1190/1219 1211/1179/1211
f 1211/1179/1211 1219/1190/1219 1221/1191/1221 1214/1181/1214
f 1214/1181/1214 1221/1191/1221 1222/1192/1222 1216/1183/1216
f 1216/1183/1216 1222/1192/1222 1223/1193/1223 1218/1185/1218
f 1218/1185/1218 1223/1193/1223 1220/1194/1220 1212/1187/1212
f 1220/1189/1220 1225/1195/1225 1224/1196/1224 1219/1190/1219
f 1219/1190/1219 1224/1196/1224 1226/1197/1226 1221/1191/1221
f 1221/1191/1221 1226/1197/1226 1227/1198/1227 1222/1192/1222
f 1222/1192/1222 1227/1198/1227 1228/1199/1228 1223/1193/1223
f 1223/1193/1223 1228/1199/1228 1225/1200/1225 1220/1194/1220
f 1225/1195/1225 1230/1201/1230 1229/1202/1229 1224/1196/1224
f 1224/1196/1224 1229/1202/1229 1231/1203/1231 1226/1197/1226
f 1226/1197/1226 1231/1203/1231 1232/1204/1232 1227/1198/1227
f 1227/1198/1227 1232/1204/1232 1233/1205/1233 1228/1199/1228
f 1228/1199/1228 1233/1205/1233 1230/1206/1230 1225/1200/1225
f 1234/1207/1234 1235/1208/1235 1209/1177/1209 1210/1180/1210
f 1236/1209/1236 1239/1210/1239 1234/1211/1234 1210/1180/1210 1213/1182/1213 1238/1212/1238 1237/1213/1237
f 1240/1214/1240 1243/1215/1243 1238/1216/1238 1213/1182/1213 1215/1184/1215 1242/1217/1242 1241/1218/1241
f 1244/1219/1244 1242/1220/1242 1215/1184/1215 1217/1186/1217
f 1245/1221/1245 1248/1222/1248 1244/1223/1244 1217/1186/1217 1209/1188/1209 1235/1224/1235 1247/1225/1247 1246/1226/1246
f 1255/1227/1255 1258/1228/1258 1257/1229/1257 1256/1230/1256
f 1256/1230/1256 1257/1229/1257 1260/1231/1260 1259/1232/1259
f 1259/1232/1259 1260/1231/1260 1262/1233/1262 1261/1234/1261
f 1261/1234/1261 1262/1233/1262 1264/1235/1264 1263/1236/1263
f 1263/1236/1263 1264/1235/1264 1258/1237/1258 1255/1238/1255
f 1258/1228/1258 1266/1239/1266 1265/1240/1265 1257/1229/1257
f 1257/1229/1257 1265/1240/1265 1267/1241/1267 1260/1231/1260
f 1260/1231/1260 1267/1241/1267 1268/1242/1268 1262/1233/1262
f 1262/1233/1262 1268/1242/1268 1269/1243/1269 1264/1235/1264
f 1264/1235/1264 1269/1243/1269 1266/1244/1266 1258/1237/1258
f 1266/1239/1266 1271/1245/1271 1270/1246/1270 1265/1240/1265
f 1265/1240/1265 1270/1246/1270 1272/1247/1272 1267/1241/1267
f 1267/1241/1267 1272/1247/1272 1273/1248/1273 1268/1242/1268
f 1268/1242/1268 1273/1248/1273 1274/1249/1274 1269/1243/1269
f 1269/1243/1269 1274/1249/1274 1271/1250/1271 1266/1244/1266
f 1271/1245/1271 1276/1251/1276 1275/1252/1275 1270/1246/1270
f 1270/1246/1270 1275/1252/1275 1277/1253/1277 1272/1247/1272
f 1272/1247/1272 1277/1253/1277 1278/1254/1278 1273/1248/1273
f 1273/1248/1273 1278/1254/1278 1279/1255/1279 1274/1249/1274
f 1274/1249/1274 1279/1255/1279 1276/1256/1276 1271/1250/1271
f 1256/1230/1256 1283/1257/1283 1282/1258/1282 1281/1259/1281 1280/1260/1280 1255/1227/1255
f 1284/1261/1284 1283/1262/1283 1256/1230/1256 1259/1232/1259 1285/1263/1285
f 1286/1264/1286 1289/1265/1289 1288/1266/1288 1285/1267/1285 1259/1232/1259 1261/1234/1261 1287/1268/1287
f 1290/1269/1290 1293/1270/1293 1292/1271/1292 1287/1268/1287 1261/1234/1261 1263/1236/1263 1291/1272/1291
f 1255/1238/1255 1280/1273/1280 1296/1274/1296 1295/1275/1295 1294/1276/1294 1291/1277/1291 1263/1236/1263
f 1303/1278/1303 1306/1279/1306 1305/1280/1305 1304/1281/1304
f 1304/1281/1304 1305/1280/1305 1308/1282/1308 1307/1283/1307
f 1307/1283/1307 1308/1282/1308 1310/1284/1310 1309/1285/1309
f 1309/1285/1309 1310/1284/1310 1312/1286/1312 1311/1287/1311
f 1311/1287/1311 1312/1286/1312 1306/1288/1306 1303/1289/1303
f 1306/1279/1306 1314/1290/1314 1313/1291/1313 1305/1280/1305
f 1305/1280/1305 1313/1291/1313 1315/1292/1315 1308/1282/1308
f 1308/1282/1308 1315/1292/1315 1316/1293/1316 1310/1284/1310
f 1310/1284/1310 1316/1293/1316 1317/1294/1317 1312/1286/1312
f 1312/1286/1312 1317/1294/1317 1314/1295/1314 1306/1288/1306
f 1314/1290/1314 1319/1111/1319 1318/1112/1318 1313/1291/1313
f 1313/1291/1313 1318/1112/1318 1320/1113/1320 1315/1292/1315
f 1315/1292/1315 1320/1113/1320 1321/1114/1321 1316/1293/1316
f 1316/1293/1316 1321/1114/1321 1322/1115/1322 1317/1294/1317
f 1317/1294/1317 1322/1115/1322 1319/1116/1319 1314/1295/1314
f 1323/1296/1323 1326/1297/1326 1325/1298/1325 1303/1278/1303 1304/1281/1304 1324/1299/1324
f 1327/1300/1327 1331/1301/1331 1324/1302/1324 1304/1281/1304 1307/1283/1307 1330/1303/1330 1329/1304/1329 1328/1305/1328
f 1309/1285/1309 1335/1306/1335 1334/1307/1334 1333/1308/1333 1332/1309/1332 1330/1310/1330 1307/1283/1307
f 1311/1287/1311 1339/1311/1339 1338/1312/1338 1337/1313/1337 1336/1314/1336 1335/1315/1335 1309/1285/1309
f 1325/1316/1325 1343/1317/1343 1342/1318/1342 1341/1319/1341 1340/1320/1340 1339/1321/1339 1311/1287/1311 1303/1289/1303
f 1350/1322/1350 1356/1323/1356 1355/1324/1355 1354/1325/1354 1353/1326/1353 1352/1/1352 1351/1327/1351
f 1351/1327/1351 1358/1328/1358 1357/1329/1357 1350/1322/1350
f 1350/1322/1350 1357/1329/1357 1360/1330/1360 1359/1331/1359
f 1359/1331/1359 1360/1330/1360 1362/1332/1362 1361/1333/1361
f 1361/1333/1361 1362/1332/1362 1364/1334/1364 1363/1335/1363
f 1363/1335/1363 1364/1334/1364 1358/1336/1358 1351/1337/1351
f 1358/1328/1358 1366/1251/1366 1365/1252/1365 1357/1329/1357
f 1357/1329/1357 1365/1252/1365 1367/1253/1367 1360/1330/1360
f 1360/1330/1360 1367/1253/1367 1368/1254/1368 1362/1332/1362
f 1362/1332/1362 1368/1254/1368 1369/1255/1369 1364/1334/1364
f 1364/1334/1364 1369/1255/1369 1366/1256/1366 1358/1336/1358
f 1370/1338/1370 1353/1326/1353 1354/1339/1354 1372/1340/1372 1371/1341/1371
f 1373/1342/1373 1376/1343/1376 1356/1344/1356 1350/1322/1350 1359/1331/1359 1375/1345/1375 1374/1346/1374
f 1361/1333/1361 1378/1347/1378 1377/1348/1377 1375/1349/1375 1359/1331/1359
f 1363/1335/1363 1382/1350/1382 1381/1351/1381 1380/1352/1380 1379/1353/1379 1378/1354/1378 1361/1333/1361
f 1383/1355/1383 1382/1356/1382 1363/1335/1363 1351/1337/1351 1352/20/1352 1384/1357/1384
f 1391/1358/1391 1398/1359/1398 1397/1360/1397 1396/1361/1396 1395/1362/1395 1394/1363/1394 1393/1364/1393 1392/1365/1392
f 1399/1366/1399 1400/1367/1400 1392/1368/1392 1393/20/1393
f 1392/1365/1392 1402/1369/1402 1401/1370/1401 1391/1358/1391
f 1391/1358/1391 1401/1370/1401 1404/1371/1404 1403/1372/1403
f 1403/1372/1403 1404/1371/1404 1406/1373/1406 1405/1374/1405
f 1405/1374/1405 1406/1373/1406 1407/1375/1407 1400/1367/1400
f 1400/1367/1400 1407/1375/1407 1402/1376/1402 1392/1368/1392
f 1402/1369/1402 1409/1377/1409 1408/1378/1408 1401/1370/1401
f 1401/1370/1401 1408/1378/1408 1410/1379/1410 1404/1371/1404
f 1404/1371/1404 1410/1379/1410 1411/1380/1411 1406/1373/1406
f 1406/1373/1406 1411/1380/1411 1412/1381/1412 1407/1375/1407
f 1407/1375/1407 1412/1381/1412 1409/1382/1409 1402/1376/1402
f 1409/1377/1409 1414/1383/1414 1413/1384/1413 1408/1378/1408
f 1408/1378/1408 1413/1384/1413 1415/1385/1415 1410/1379/1410
f 1410/1379/1410 1415/1385/1415 1416/1386/1416 1411/1380/1411
f 1411/1380/1411 1416/1386/1416 1417/1387/1417 1412/1381/1412
f 1412/1381/1412 1417/1387/1417 1414/1388/1414 1409/1382/1409
f 1414/1383/1414 1419/410/1419 1418/1069/1418 1413/1384/1413
f 1413/1384/1413 1418/1069/1418 1420/1070/1420 1415/1385/1415
f 1415/1385/1415 1420/1070/1420 1421/1071/1421 1416/1386/1416
f 1416/1386/1416 1421/1071/1421 1422/1072/1422 1417/1387/1417
f 1417/1387/1417 1422/1072/1422 1419/419/1419 1414/1388/1414
f 1423/1389/1423 1398/1390/1398 1391/1358/1391 1403/1372/1403
f 1424/1391/1424 1423/1392/1423 1403/1372/1403 1405/1374/1405 1427/1393/1427 1426/1394/1426 1425/1395/1425
f 1399/1396/1399 1431/1397/1431 1430/1398/1430 1429/1399/1429 1428/1400/1428 1427/1401/1427 1405/1374/1405 1400/1367/1400
f 1438/1402/1438 1442/1403/1442 1441/1404/1441 1440/1/1440 1439/1405/1439
f 1439/1405/1439 1444/1406/1444 1443/1407/1443 1438/1402/1438
f 1438/1402/1438 1443/1407/1443 1446/1408/1446 1445/1409/1445
f 1445/1409/1445 1446/1408/1446 1448/1410/1448 1447/1411/1447
f 1447/1411/1447 1448/1410/1448 1450/1412/1450 1449/1413/1449
f 1449/1413/1449 1450/1412/1450 1444/1414/1444 1439/1415/1439
f 1444/1406/1444 1452/1416/1452 1451/1417/1451 1443/1407/1443
f 1443/1407/1443 1451/1417/1451 1453/1418/1453 1446/1408/1446
f 1446/1408/1446 1453/1418/1453 1454/1419/1454 1448/1410/1448
f 1448/1410/1448 1454/1419/1454 1455/1420/1455 1450/1412/1450
f 1450/1412/1450 1455/1420/1455 1452/1421/1452 1444/1414/1444
f 1452/1416/1452 1457/289/1457 1456/1422/1456 1451/1417/1451
f 1451/1417/1451 1456/1422/1456 1458/1423/1458 1453/1418/1453
f 1453/1418/1453 1458/1423/1458 1459/1424/1459 1454/1419/1454
f 1454/1419/1454 1459/1424/1459 1460/1425/1460 1455/1420/1455
f 1455/1420/1455 1460/1425/1460 1457/298/1457 1452/1421/1452
f 1461/1426/1461 1442/1427/1442 1438/1402/1438 1445/1409/1445 1464/1428/1464 1463/1429/1463 1462/1430/1462
f 1465/1431/1465 1467/1432/1467 1464/1433/1464 1445/1409/1445 1447/1411/1447 1466/1434/1466
f 1468/1435/1468 1466/1436/1466 1447/1411/1447 1449/1413/1449 1469/1437/1469
f 1470/1438/1470 1474/1439/1474 1473/1440/1473 1469/1441/1469 1449/1413/1449 1439/1442/1439 1440/20/1440 1472/1443/1472 1471/1444/1471
f 1481/1445/1481 1484/1446/1484 1483/1447/1483 1482/1448/1482
f 1482/1448/1482 1483/1447/1483 1486/1449/1486 1485/1450/1485
f 1485/1450/1485 1486/1449/1486 1488/1451/1488 1487/1452/1487
f 1487/1452/1487 1488/1451/1488 1490/1453/1490 1489/1454/1489
f 1489/1454/1489 1490/1453/1490 1484/1455/1484 1481/1456/1481
f 1484/1446/1484 1492/1457/1492 1491/1458/1491 1483/1447/1483
f 1483/1447/1483 1491/1458/1491 1493/1459/1493 1486/1449/1486
f 1486/1449/1486 1493/1459/1493 1494/1460/1494 1488/1451/1488
f 1488/1451/1488 1494/1460/1494 1495/1461/1495 1490/1453/1490
f 1490/1453/1490 1495/1461/1495 1492/1462/1492 1484/1455/1484
f 1492/1457/1492 1497/1463/1497 1496/1464/1496 1491/1458/1491
f 1491/1458/1491 1496/1464/1496 1498/1465/1498 1493/1459/1493
f 1493/1459/1493 1498/1465/1498 1499/1466/1499 1494/1460/1494
f 1494/1460/1494 1499/1466/1499 1500/1467/1500 1495/1461/1495
f 1495/1461/1495 1500/1467/1500 1497/1468/1497 1492/1462/1492
f 1497/1463/1497 1502/1469/1502 1501/1470/1501 1496/1464/1496
f 1496/1464/1496 1501/1470/1501 1503/1471/1503 1498/1465/1498
f 1498/1465/1498 1503/1471/1503 1504/1472/1504 1499/1466/1499
f 1499/1466/1499 1504/1472/1504 1505/1473/1505 1500/1467/1500
f 1500/1467/1500 1505/1473/1505 1502/1474/1502 1497/1468/1497
f 1506/1475/1506 1508/1476/1508 1507/1477/1507 1481/1445/1481 1482/1448/1482
f 1509/1478/1509 1506/1479/1506 1482/1448/1482 1485/1450/1485
f 1510/1480/1510 1514/1481/1514 1513/1482/1513 1509/1483/1509 1485/1450/1485 1487/1452/1487 1512/1484/1512 1511/1485/1511
f 1515/1486/1515 1512/1487/1512 1487/1452/1487 1489/1454/1489 1516/1488/1516
f 1481/1456/1481 1507/1489/1507 1520/1490/1520 1519/1491/1519 1518/1492/1518 1517/1493/1517 1516/1494/1516 1489/1454/1489
f 1527/1/1527 1530/1495/1530 1529/1496/1529 1528/1326/1528
f 1531/1497/1531 1535/1498/1535 1534/1499/1534 1533/1500/1533 1532/1501/1532 1528/1326/1528 1529/1496/1529
f 1530/1495/1530 1537/1502/1537 1536/1503/1536 1529/1496/1529
f 1529/1496/1529 1536/1503/1536 1538/1504/1538 1531/1497/1531
f 1531/1497/1531 1538/1504/1538 1540/1505/1540 1539/1506/1539
f 1539/1506/1539 1540/1505/1540 1542/1507/1542 1541/1508/1541
f 1541/1508/1541 1542/1507/1542 1537/1509/1537 1530/1510/1530
f 1537/1502/1537 1544/1511/1544 1543/1512/1543 1536/1503/1536
f 1536/1503/1536 1543/1512/1543 1545/1513/1545 1538/1504/1538
f 1538/1504/1538 1545/1513/1545 1546/1514/1546 1540/1505/1540
f 1540/1505/1540 1546/1514/1546 1547/1515/1547 1542/1507/1542
f 1542/1507/1542 1547/1515/1547 1544/1516/1544 1537/1509/1537
f 1544/1511/1544 1549/1517/1549 1548/1518/1548 1543/1512/1543
f 1543/1512/1543 1548/1518/1548 1550/1519/1550 1545/1513/1545
f 1545/1513/1545 1550/1519/1550 1551/1520/1551 1546/1514/1546
f 1546/1514/1546 1551/1520/1551 1552/1521/1552 1547/1515/1547
f 1547/1515/1547 1552/1521/1552 1549/1522/1549 1544/1516/1544
f 1553/1523/1553 1535/1524/1535 1531/1497/1531 1539/1506/1539 1554/1525/1554
f 1541/1508/1541 1559/1526/1559 1558/1527/1558 1557/1528/1557 1556/1529/1556 1555/1530/1555 1554/1531/1554 1539/1506/1539
f 1560/1532/1560 1559/1533/1559 1541/1508/1541 1530/1510/1530 1527/20/1527 1561/1534/1561
f 1568/1535/1568 1571/1536/1571 1570/1537/1570 1569/1538/1569
f 1569/1538/1569 1570/1537/1570 1573/1539/1573 1572/1540/1572
f 1572/1540/1572 1573/1539/1573 1575/1541/1575 1574/1542/1574
f 1574/1542/1574 1575/1541/1575 1577/1543/1577 1576/1544/1576
f 1576/1544/1576 1577/1543/1577 1571/1545/1571 1568/1546/1568
f 1571/1536/1571 1579/1547/1579 1578/1548/1578 1570/1537/1570
f 1570/1537/1570 1578/1548/1578 1580/1549/1580 1573/1539/1573
f 1573/1539/1573 1580/1549/1580 1581/1550/1581 1575/1541/1575
f 1575/1541/1575 1581/1550/1581 1582/1551/1582 1577/1543/1577
f 1577/1543/1577 1582/1551/1582 1579/1552/1579 1571/1545/1571
f 1579/1547/1579 1584/1553/1584 1583/1554/1583 1578/1548/1578
f 1578/1548/1578 1583/1554/1583 1585/1555/1585 1580/1549/1580
f 1580/1549/1580 1585/1555/1585 1586/1556/1586 1581/1550/1581
f 1581/1550/1581 1586/1556/1586 1587/1557/1587 1582/1551/1582
f 1582/1551/1582 1587/1557/1587 1584/1558/1584 1579/1552/1579
f 1584/1553/1584 1589/1559/1589 1588/1560/1588 1583/1554/1583
f 1583/1554/1583 1588/1560/1588 1590/1561/1590 1585/1555/1585
f 1585/1555/1585 1590/1561/1590 1591/1562/1591 1586/1556/1586
f 1586/1556/1586 1591/1562/1591 1592/1563/1592 1587/1557/1587
f 1587/1557/1587 1592/1563/1592 1589/1564/1589 1584/1558/1584
f 1593/1565/1593 1598/1566/1598 1597/1567/1597 1596/1568/1596 1568/1535/1568 1569/1538/1569 1595/1569/1595 1594/1570/1594
f 1572/1540/1572 1602/1571/1602 1601/1572/1601 1600/1573/1600 1599/1574/1599 1595/1575/1595 1569/1538/1569
f 1603/1576/1603 1610/1577/1610 1609/1578/1609 1602/1579/1602 1572/1540/1572 1574/1542/1574 1608/1580/1608 1607/1581/1607 1606/1582/1606 1605/1583/1605 1604/1584/1604
f 1611/1585/1611 1619/1586/1619 1618/1587/1618 1617/1588/1617 1616/1589/1616 1615/1590/1615 1608/1591/1608 1574/1542/1574 1576/1544/1576 1614/1592/1614 1613/1593/1613 1612/1594/1612
f 1596/1595/1596 1623/1596/1623 1622/1597/1622 1621/1598/1621 1620/1599/1620 1614/1600/1614 1576/1544/1576 1568/1546/1568
f 1630/1601/1630 1633/1602/1633 1632/1603/1632 1631/1604/1631
f 1631/1604/1631 1632/1603/1632 1635/1605/1635 1634/1606/1634
f 1634/1606/1634 1635/1605/1635 1637/1607/1637 1636/1608/1636
f 1636/1608/1636 1637/1607/1637 1639/1609/1639 1638/1610/1638
f 1638/1610/1638 1639/1609/1639 1633/1611/1633 1630/1612/1630
f 1633/1602/1633 1641/1613/1641 1640/1614/1640 1632/1603/1632
f 1632/1603/1632 1640/1614/1640 1642/1615/1642 1635/1605/1635
f 1635/1605/1635 1642/1615/1642 1643/1616/1643 1637/1607/1637
f 1637/1607/1637 1643/1616/1643 1644/1617/1644 1639/1609/1639
f 1639/1609/1639 1644/1617/1644 1641/1618/1641 1633/1611/1633
f 1641/1613/1641 1646/1619/1646 1645/1620/1645 1640/1614/1640
f 1640/1614/1640 1645/1620/1645 1647/1621/1647 1642/1615/1642
f 1642/1615/1642 1647/1621/1647 1648/1622/1648 1643/1616/1643
f 1643/1616/1643 1648/1622/1648 1649/1623/1649 1644/1617/1644
f 1644/1617/1644 1649/1623/1649 1646/1624/1646 1641/1618/1641
f 1646/1619/1646 1651/1625/1651 1650/1626/1650 1645/1620/1645
f 1645/1620/1645 1650/1626/1650 1652/1627/1652 1647/1621/1647
f 1647/1621/1647 1652/1627/1652 1653/1628/1653 1648/1622/1648
f 1648/1622/1648 1653/1628/1653 1654/1629/1654 1649/1623/1649
f 1649/1623/1649 1654/1629/1654 1651/1630/1651 1646/1624/1646
f 1651/1625/1651 1656/1631/1656 1655/1632/1655 1650/1626/1650
f 1650/1626/1650 1655/1632/1655 1657/1633/1657 1652/1627/1652
f 1652/1627/1652 1657/1633/1657 1658/1634/1658 1653/1628/1653
f 1653/1628/1653 1658/1634/1658 1659/1635/1659 1654/1629/1654
f 1654/1629/1654 1659/1635/1659 1656/1636/1656 1651/1630/1651
f 1656/1631/1656 1661/1251/1661 1660/1252/1660 1655/1632/1655
f 1655/1632/1655 1660/1252/1660 1662/1253/1662 1657/1633/1657
f 1657/1633/1657 1662/1253/1662 1663/1254/1663 1658/1634/1658
f 1658/1634/1658 1663/1254/1663 1664/1255/1664 1659/1635/1659
f 1659/1635/1659 1664/1255/1664 1661/1256/1661 1656/1636/1656
f 1631/1604/1631 1668/1637/1668 1667/1638/1667 1666/1639/1666 1665/1640/1665 1630/1601/1630
f 1669/1641/1669 1668/1642/1668 1631/1604/1631 1634/1606/1634 1670/1643/1670
f 1671/1644/1671 1673/1645/1673 1670/1646/1670 1634/1606/1634 1636/1608/1636 1672/1647/1672
f 1638/1610/1638 1677/1648/1677 1676/1649/1676 1675/1650/1675 1674/1651/1674 1672/1652/1672 1636/1608/1636
f 1630/1612/1630 1665/1653/1665 1679/1654/1679 1678/1655/1678 1677/1656/1677 1638/1610/1638
f 1686/1657/1686 1689/1658/1689 1688/1659/1688 1687/1660/1687
f 1687/1660/1687 1688/1659/1688 1691/1661/1691 1690/1662/1690
f 1690/1662/1690 1691/1661/1691 1693/1663/1693 1692/1664/1692
f 1692/1664/1692 1693/1663/1693 1695/1665/1695 1694/1666/1694
f 1694/1666/1694 1695/1665/1695 1689/1667/1689 1686/1668/1686
f 1689/1658/1689 1697/1669/1697 1696/1670/1696 1688/1659/1688
f 1688/1659/1688 1696/1670/1696 1698/1671/1698 1691/1661/1691
f 1691/1661/1691 1698/1671/1698 1699/1672/1699 1693/1663/1693
f 1693/1663/1693 1699/1672/1699 1700/1673/1700 1695/1665/1695
f 1695/1665/1695 1700/1673/1700 1697/1674/1697 1689/1667/1689
f 1697/1669/1697 1702/1675/1702 1701/1676/1701 1696/1670/1696
f 1696/1670/1696 1701/1676/1701 1703/1677/1703 1698/1671/1698
f 1698/1671/1698 1703/1677/1703 1704/1678/1704 1699/1672/1699
f 1699/1672/1699 1704/1678/1704 1705/1679/1705 1700/1673/1700
f 1700/1673/1700 1705/1679/1705 1702/1680/1702 1697/1674/1697
f 1706/1681/1706 1711/1682/1711 1710/1683/1710 1686/1657/1686 1687/1660/1687 1709/1684/1709 1708/1685/1708 1707/1686/1707
f 1712/1687/1712 1709/1688/1709 1687/1660/1687 1690/1662/1690
f 1713/1689/1713 1715/1690/1715 1712/1691/1712 1690/1662/1690 1692/1664/1692 1714/1692/1714
f 1716/1693/1716 1720/1694/1720 1719/1695/1719 1714/1696/1714 1692/1664/1692 1694/1666/1694 1718/1697/1718 1717/1698/1717
f 1686/1668/1686 1710/1699/1710 1722/1700/1722 1721/1701/1721 1718/1702/1718 1694/1666/1694
f 1729/1703/1729 1732/1704/1732 1731/1705/1731 1730/1706/1730
f 1730/1706/1730 1731/1705/1731 1734/1707/1734 1733/1708/1733
f 1733/1708/1733 1734/1707/1734 1736/1709/1736 1735/1710/1735
f 1735/1710/1735 1736/1709/1736 1738/1711/1738 1737/1712/1737
f 1737/1712/1737 1738/1711/1738 1732/1713/1732 1729/1714/1729
f 1732/1704/1732 1740/1715/1740 1739/1716/1739 1731/1705/1731
f 1731/1705/1731 1739/1716/1739 1741/1717/1741 1734/1707/1734
f 1734/1707/1734 1741/1717/1741 1742/1718/1742 1736/1709/1736
f 1736/1709/1736 1742/1718/1742 1743/1719/1743 1738/1711/1738
f 1738/1711/1738 1743/1719/1743 1740/1720/1740 1732/1713/1732
f 1740/1715/1740 1745/1721/1745 1744/1722/1744 1739/1716/1739
f 1739/1716/1739 1744/1722/1744 1746/1723/1746 1741/1717/1741
f 1741/1717/1741 1746/1723/1746 1747/1724/1747 1742/1718/1742
f 1742/1718/1742 1747/1724/1747 1748/1725/1748 1743/1719/1743
f 1743/1719/1743 1748/1725/1748 1745/1726/1745 1740/1720/1740
f 1745/1721/1745 1750/289/1750 1749/1422/1749 1744/1722/1744
f 1744/1722/1744 1749/1422/1749 1751/1423/1751 1746/1723/1746
f 1746/1723/1746 1751/1423/1751 1752/1424/1752 1747/1724/1747
f 1747/1724/1747 1752/1424/1752 1753/1425/1753 1748/1725/1748
f 1748/1725/1748 1753/1425/1753 1750/298/1750 1745/1726/1745
f 1754/1727/1754 1757/1728/1757 1756/1729/1756 1729/1703/1729 1730/1706/1730 1755/1730/1755
f 1758/1731/1758 1761/1732/1761 1760/1733/1760 1755/1734/1755 1730/1706/1730 1733/1708/1733 1759/1735/1759
f 1735/1710/1735 1765/1736/1765 1764/1737/1764 1763/1738/1763 1762/1739/1762 1759/1740/1759 1733/1708/1733
f 1766/1741/1766 1765/1742/1765 1735/1710/1735 1737/1712/1737
f 1767/1743/1767 1770/1744/1770 1766/1745/1766 1737/1712/1737 1729/1714/1729 1756/1746/1756 1769/1747/1769 1768/1748/1768
f 1777/1749/1777 1780/1750/1780 1779/1751/1779 1778/1752/1778
f 1778/1752/1778 1779/1751/1779 1782/1753/1782 1781/1754/1781
f 1781/1754/1781 1782/1753/1782 1784/1755/1784 1783/1756/1783
f 1783/1756/1783 1784/1755/1784 1786/1757/1786 1785/1758/1785
f 1785/1758/1785 1786/1757/1786 1780/1759/1780 1777/1760/1777
f 1780/1750/1780 1788/1761/1788 1787/1762/1787 1779/1751/1779
f 1779/1751/1779 1787/1762/1787 1789/1763/1789 1782/1753/1782
f 1782/1753/1782 1789/1763/1789 1790/1764/1790 1784/1755/1784
f 1784/1755/1784 1790/1764/1790 1791/1765/1791 1786/1757/1786
f 1786/1757/1786 1791/1765/1791 1788/1766/1788 1780/1759/1780
f 1788/1761/1788 1793/1767/1793 1792/1768/1792 1787/1762/1787
f 1787/1762/1787 1792/1768/1792 1794/1769/1794 1789/1763/1789
f 1789/1763/1789 1794/1769/1794 1795/1770/1795 1790/1764/1790
f 1790/1764/1790 1795/1770/1795 1796/1771/1796 1791/1765/1791
f 1791/1765/1791 1796/1771/1796 1793/1772/1793 1788/1766/1788
f 1793/1767/1793 1798/1111/1798 1797/1112/1797 1792/1768/1792
f 1792/1768/1792 1797/1112/1797 1799/1113/1799 1794/1769/1794
f 1794/1769/1794 1799/1113/1799 1800/1114/1800 1795/1770/1795
f 1795/1770/1795 1800/1114/1800 1801/1115/1801 1796/1771/1796
f 1796/1771/1796 1801/1115/1801 1798/1116/1798 1793/1772/1793
f 1778/1752/1778 1807/1773/1807 1806/1774/1806 1805/1775/1805 1804/1776/1804 1803/1777/1803 1802/1778/1802 1777/1749/1777
f 1808/1779/1808 1807/1780/1807 1778/1752/1778 1781/1754/1781 1809/1781/1809
f 1783/1756/1783 1814/1782/1814 1813/1783/1813 1812/1784/1812 1811/1785/1811 1810/1786/1810 1809/1787/1809 1781/1754/1781
f 1815/1788/1815 1814/1789/1814 1783/1756/1783 1785/1758/1785 1817/1790/1817 1816/1791/1816
f 1802/1792/1802 1820/1793/1820 1819/1794/1819 1818/1795/1818 1817/1796/1817 1785/1758/1785 1777/1760/1777
f 1827/1797/1827 1830/1798/1830 1829/1799/1829 1828/1800/1828
f 1828/1800/1828 1829/1799/1829 1832/1801/1832 1831/1802/1831
f 1831/1802/1831 1832/1801/1832 1834/1803/1834 1833/1804/1833
f 1833/1804/1833 1834/1803/1834 1836/1805/1836 1835/1806/1835
f 1835/1806/1835 1836/1805/1836 1830/1807/1830 1827/1808/1827
f 1830/1798/1830 1838/1809/1838 1837/1810/1837 1829/1799/1829
f 1829/1799/1829 1837/1810/1837 1839/1811/1839 1832/1801/1832
f 1832/1801/1832 1839/1811/1839 1840/1812/1840 1834/1803/1834
f 1834/1803/1834 1840/1812/1840 1841/1813/1841 1836/1805/1836
f 1836/1805/1836 1841/1813/1841 1838/1814/1838 1830/1807/1830
f 1838/1809/1838 1843/1815/1843 1842/1816/1842 1837/1810/1837
f 1837/1810/1837 1842/1816/1842 1844/1817/1844 1839/1811/1839
f 1839/1811/1839 1844/1817/1844 1845/1818/1845 1840/1812/1840
f 1840/1812/1840 1845/1818/1845 1846/1819/1846 1841/1813/1841
f 1841/1813/1841 1846/1819/1846 1843/1820/1843 1838/1814/1838
f 1843/1815/1843 1848/1153/1848 1847/1154/1847 1842/1816/1842
f 1842/1816/1842 1847/1154/1847 1849/1155/1849 1844/1817/1844
f 1844/1817/1844 1849/1155/1849 1850/1156/1850 1845/1818/1845
f 1845/1818/1845 1850/1156/1850 1851/1157/1851 1846/1819/1846
f 1846/1819/1846 1851/1157/1851 1848/1158/1848 1843/1820/1843
f 1852/1821/1852 1854/1822/1854 1827/1797/1827 1828/1800/1828 1853/1823/1853
f 1855/1824/1855 1860/1825/1860 1859/1826/1859 1858/1827/1858 1853/1828/1853 1828/1800/1828 1831/1802/1831 1857/1829/1857 1856/1830/1856
f 1833/1804/1833 1864/1831/1864 1863/1832/1863 1862/1833/1862 1861/1834/1861 1857/1835/1857 1831/1802/1831
f 1865/1836/1865 1867/1837/1867 1864/1838/1864 1833/1804/1833 1835/1806/1835 1866/1839/1866
f 1854/1840/1854 1870/1841/1870 1869/1842/1869 1868/1843/1868 1866/1844/1866 1835/1806/1835 1827/1808/1827
f 1877/1845/1877 1880/1846/1880 1879/1847/1879 1878/1848/1878
f 1878/1848/1878 1879/1847/1879 1882/1849/1882 1881/1850/1881
f 1881/1850/1881 1882/1849/1882 1884/1851/1884 1883/1852/1883
f 1883/1852/1883 1884/1851/1884 1886/1853/1886 1885/1854/1885
f 1885/1854/1885 1886/1853/1886 1880/1855/1880 1877/1856/1877
f 1880/1846/1880 1888/1857/1888 1887/1858/1887 1879/1847/1879
f 1879/1847/1879 1887/1858/1887 1889/1859/1889 1882/1849/1882
f 1882/1849/1882 1889/1859/1889 1890/1860/1890 1884/1851/1884
f 1884/1851/1884 1890/1860/1890 1891/1861/1891 1886/1853/1886
f 1886/1853/1886 1891/1861/1891 1888/1862/1888 1880/1855/1880
f 1888/1857/1888 1893/1863/1893 1892/1864/1892 1887/1858/1887
f 1887/1858/1887 1892/1864/1892 1894/1865/1894 1889/1859/1889
f 1889/1859/1889 1894/1865/1894 1895/1866/1895 1890/1860/1890
f 1890/1860/1890 1895/1866/1895 1896/1867/1896 1891/1861/1891
f 1891/1861/1891 1896/1867/1896 1893/1868/1893 1888/1862/1888
f 1893/1863/1893 1898/1869/1898 1897/1870/1897 1892/1864/1892
f 1892/1864/1892 1897/1870/1897 1899/1871/1899 1894/1865/1894
f 1894/1865/1894 1899/1871/1899 1900/1872/1900 1895/1866/1895
f 1895/1866/1895 1900/1872/1900 1901/1873/1901 1896/1867/1896
f 1896/1867/1896 1901/1873/1901 1898/1874/1898 1893/1868/1893
f 1898/1869/1898 1903/1153/1903 1902/1154/1902 1897/1870/1897
f 1897/1870/1897 1902/1154/1902 1904/1155/1904 1899/1871/1899
f 1899/1871/1899 1904/1155/1904 1905/1156/1905 1900/1872/1900
f 1900/1872/1900 1905/1156/1905 1906/1157/1906 1901/1873/1901
f 1901/1873/1901 1906/1157/1906 1903/1158/1903 1898/1874/1898
f 1878/1848/1878 1910/1875/1910 1909/1876/1909 1908/1877/1908 1907/1878/1907 1877/1845/1877
f 1911/1879/1911 1910/1880/1910 1878/1848/1878 1881/1850/1881 1912/1881/1912
f 1913/1882/1913 1916/1883/1916 1912/1884/1912 1881/1850/1881 1883/1852/1883 1915/1885/1915 1914/1886/1914
f 1917/1887/1917 1920/1888/1920 1915/1889/1915 1883/1852/1883 1885/1854/1885 1919/1890/1919 1918/1891/1918
f 1921/1892/1921 1925/1893/1925 1924/1894/1924 1923/1895/1923 1922/1896/1922 1919/1897/1919 1885/1854/1885 1877/1856/1877 1907/1898/1907
f 1932/1/1932 1935/1899/1935 1934/1900/1934 1933/1326/1933
f 1936/1901/1936 1939/1902/1939 1938/1903/1938 1937/1904/1937 1933/1326/1933 1934/1900/1934
f 1940/1366/1940 1941/1905/1941 1935/1906/1935 1932/20/1932
f 1935/1899/1935 1943/1907/1943 1942/1908/1942 1934/1900/1934
f 1934/1900/1934 1942/1908/1942 1944/1909/1944 1936/1901/1936
f 1936/1901/1936 1944/1909/1944 1946/1910/1946 1945/1911/1945
f 1945/1911/1945 1946/1910/1946 1947/1912/1947 1941/1905/1941
f 1941/1905/1941 1947/1912/1947 1943/1913/1943 1935/1906/1935
f 1943/1907/1943 1949/1914/1949 1948/1915/1948 1942/1908/1942
f 1942/1908/1942 1948/1915/1948 1950/1916/1950 1944/1909/1944
f 1944/1909/1944 1950/1916/1950 1951/1917/1951 1946/1910/1946
f 1946/1910/1946 1951/1917/1951 1952/1918/1952 1947/1912/1947
f 1947/1912/1947 1952/1918/1952 1949/1919/1949 1943/1913/1943
f 1949/1914/1949 1954/1920/1954 1953/1921/1953 1948/1915/1948
f 1948/1915/1948 1953/1921/1953 1955/1922/1955 1950/1916/1950
f 1950/1916/1950 1955/1922/1955 1956/1923/1956 1951/1917/1951
f 1951/1917/1951 1956/1923/1956 1957/1924/1957 1952/1918/1952
f 1952/1918/1952 1957/1924/1957 1954/1925/1954 1949/1919/1949
f 1954/1920/1954 1959/1926/1959 1958/1927/1958 1953/1921/1953
f 1953/1921/1953 1958/1927/1958 1960/1928/1960 1955/1922/1955
f 1955/1922/1955 1960/1928/1960 1961/1929/1961 1956/1923/1956
f 1956/1923/1956 1961/1929/1961 1962/1930/1962 1957/1924/1957
f 1957/1924/1957 1962/1930/1962 1959/1931/1959 1954/1925/1954
f 1959/1926/1959 1964/1932/1964 1963/1933/1963 1958/1927/1958
f 1958/1927/1958 1963/1933/1963 1965/1934/1965 1960/1928/1960
f 1960/1928/1960 1965/1934/1965 1966/1935/1966 1961/1929/1961
f 1961/1929/1961 1966/1935/1966 1967/1936/1967 1962/1930/1962
f 1962/1930/1962 1967/1936/1967 1964/1937/1964 1959/1931/1959
f 1968/1938/1968 1972/1939/1972 1971/1940/1971 1970/1941/1970 1939/1942/1939 1936/1901/1936 1945/1911/1945 1969/1943/1969
f 1973/1944/1973 1969/1945/1969 1945/1911/1945 1941/1905/1941 1940/1366/1940
f 1980/1946/1980 1983/1947/1983 1982/1948/1982 1981/1949/1981
f 1981/1949/1981 1982/1948/1982 1985/1950/1985 1984/1951/1984
f 1984/1951/1984 1985/1950/1985 1987/1952/1987 1986/1953/1986
f 1986/1953/1986 1987/1952/1987 1989/1954/1989 1988/1955/1988
f 1988/1955/1988 1989/1954/1989 1983/1956/1983 1980/1957/1980
f 1983/1947/1983 1991/1958/1991 1990/1959/1990 1982/1948/1982
f 1982/1948/1982 1990/1959/1990 1992/1960/1992 1985/1950/1985
f 1985/1950/1985 1992/1960/1992 1993/1961/1993 1987/1952/1987
f 1987/1952/1987 1993/1961/1993 1994/1962/1994 1989/1954/1989
f 1989/1954/1989 1994/1962/1994 1991/1963/1991 1983/1956/1983
f 1991/1958/1991 1996/1964/1996 1995/1965/1995 1990/1959/1990
f 1990/1959/1990 1995/1965/1995 1997/1966/1997 1992/1960/1992
f 1992/1960/1992 1997/1966/1997 1998/1967/1998 1993/1961/1993
f 1993/1961/1993 1998/1967/1998 1999/1968/1999 1994/1962/1994
f 1994/1962/1994 1999/1968/1999 1996/1969/1996 1991/1963/1991
f 1996/1964/1996 2001/1970/2001 2000/1971/2000 1995/1965/1995
f 1995/1965/1995 2000/1971/2000 2002/1972/2002 1997/1966/1997
f 1997/1966/1997 2002/1972/2002 2003/1973/2003 1998/1967/1998
f 1998/1967/1998 2003/1973/2003 2004/1974/2004 1999/1968/1999
f 1999/1968/1999 2004/1974/2004 2001/1975/2001 1996/1969/1996
f 2001/1970/2001 2006/1976/2006 2005/1977/2005 2000/1971/2000
f 2000/1971/2000 2005/1977/2005 2007/1978/2007 2002/1972/2002
f 2002/1972/2002 2007/1978/2007 2008/1979/2008 2003/1973/2003
f 2003/1973/2003 2008/1979/2008 2009/1980/2009 2004/1974/2004
f 2004/1974/2004 2009/1980/2009 2006/1981/2006 2001/1975/2001
f 2010/1982/2010 2014/1983/2014 2013/1984/2013 1980/1946/1980 1981/1949/1981 2012/1985/2012 2011/1986/2011
f 1984/1951/1984 2020/1987/2020 2019/1988/2019 2018/1989/2018 2017/1990/2017 2016/1991/2016 2015/1992/2015 2012/1993/2012 1981/1949/1981
f 2021/1994/2021 2025/1995/2025 2024/1996/2024 2023/1997/2023 2020/1998/2020 1984/1951/1984 1986/1953/1986 2022/1999/2022
f 1988/1955/1988 2027/2000/2027 2026/2001/2026 2022/2002/2022 1986/1953/1986
f 1980/1957/1980 2013/2003/2013 2030/2004/2030 2029/2005/2029 2028/2006/2028 2027/2007/2027 1988/1955/1988
f 2037/2008/2037 2040/2009/2040 2039/2010/2039 2038/2011/2038
f 2038/2011/2038 2039/2010/2039 2042/2012/2042 2041/2013/2041
f 2041/2013/2041 2042/2012/2042 2044/2014/2044 2043/2015/2043
f 2043/2015/2043 2044/2014/2044 2046/2016/2046 2045/2017/2045
f 2045/2017/2045 2046/2016/2046 2040/2018/2040 2037/2019/2037
f 2040/2009/2040 2048/2020/2048 2047/2021/2047 2039/2010/2039
f 2039/2010/2039 2047/2021/2047 2049/2022/2049 2042/2012/2042
f 2042/2012/2042 2049/2022/2049 2050/2023/2050 2044/2014/2044
f 2044/2014/2044 2050/2023/2050 2051/2024/2051 2046/2016/2046
f 2046/2016/2046 2051/2024/2051 2048/2025/2048 2040/2018/2040
f 2048/2020/2048 2053/2026/2053 2052/2027/2052 2047/2021/2047
f 2047/2021/2047 2052/2027/2052 2054/2028/2054 2049/2022/2049
f 2049/2022/2049 2054/2028/2054 2055/2029/2055 2050/2023/2050
f 2050/2023/2050 2055/2029/2055 2056/2030/2056 2051/2024/2051
f 2051/2024/2051 2056/2030/2056 2053/2031/2053 2048/2025/2048
f 2053/2026/2053 2058/2032/2058 2057/2033/2057 2052/2027/2052
f 2052/2027/2052 2057/2033/2057 2059/2034/2059 2054/2028/2054
f 2054/2028/2054 2059/2034/2059 2060/2035/2060 2055/2029/2055
f 2055/2029/2055 2060/2035/2060 2061/2036/2061 2056/2030/2056
f 2056/2030/2056 2061/2036/2061 2058/2037/2058 2053/2031/2053
f 2058/2032/2058 2063/289/2063 2062/1422/2062 2057/2033/2057
f 2057/2033/2057 2062/1422/2062 2064/1423/2064 2059/2034/2059
f 2059/2034/2059 2064/1423/2064 2065/1424/2065 2060/2035/2060
f 2060/2035/2060 2065/1424/2065 2066/1425/2066 2061/2036/2061
f 2061/2036/2061 2066/1425/2066 2063/298/2063 2058/2037/2058
f 2067/2038/2067 2069/2039/2069 2037/2008/2037 2038/2011/2038 2068/2040/2068
f 2070/2041/2070 2073/2042/2073 2072/2043/2072 2068/2044/2068 2038/2011/2038 2041/2013/2041 2071/2045/2071
f 2074/2046/2074 2077/2047/2077 2076/2048/2076 2071/2045/2071 2041/2013/2041 2043/2015/2043 2075/2049/2075
f 2078/2050/2078 2081/2051/2081 2080/2052/2080 2075/2053/2075 2043/2015/2043 2045/2017/2045 2079/2054/2079
f 2037/2019/2037 2069/2055/2069 2083/2056/2083 2082/2057/2082 2079/2058/2079 2045/2017/2045
f 2090/2059/2090 2093/2060/2093 2092/2061/2092 2091/2062/2091
f 2091/2062/2091 2092/2061/2092 2095/2063/2095 2094/2064/2094
f 2094/2064/2094 2095/2063/2095 2097/2065/2097 2096/2066/2096
f 2096/2066/2096 2097/2065/2097 2099/2067/2099 2098/2068/2098
f 2098/2068/2098 2099/2067/2099 2093/2069/2093 2090/2070/2090
f 2093/2060/2093 2101/2071/2101 2100/2072/2100 2092/2061/2092
f 2092/2061/2092 2100/2072/2100 2102/2073/2102 2095/2063/2095
f 2095/2063/2095 2102/2073/2102 2103/2074/2103 2097/2065/2097
f 2097/2065/2097 2103/2074/2103 2104/2075/2104 2099/2067/2099
f 2099/2067/2099 2104/2075/2104 2101/2076/2101 2093/2069/2093
f 2101/2071/2101 2106/2077/2106 2105/2078/2105 2100/2072/2100
f 2100/2072/2100 2105/2078/2105 2107/2079/2107 2102/2073/2102
f 2102/2073/2102 2107/2079/2107 2108/2080/2108 2103/2074/2103
f 2103/2074/2103 2108/2080/2108 2109/2081/2109 2104/2075/2104
f 2104/2075/2104 2109/2081/2109 2106/2082/2106 2101/2076/2101
f 2106/2077/2106 2111/2083/2111 2110/2084/2110 2105/2078/2105
f 2105/2078/2105 2110/2084/2110 2112/2085/2112 2107/2079/2107
f 2107/2079/2107 2112/2085/2112 2113/2086/2113 2108/2080/2108
f 2108/2080/2108 2113/2086/2113 2114/2087/2114 2109/2081/2109
f 2109/2081/2109 2114/2087/2114 2111/2088/2111 2106/2082/2106
f 2111/2083/2111 2116/2089/2116 2115/2090/2115 2110/2084/2110
f 2110/2084/2110 2115/2090/2115 2117/2091/2117 2112/2085/2112
f 2112/2085/2112 2117/2091/2117 2118/2092/2118 2113/2086/2113
f 2113/2086/2113 2118/2092/2118 2119/2093/2119 2114/2087/2114
f 2114/2087/2114 2119/2093/2119 2116/2094/2116 2111/2088/2111
f 2116/2089/2116 2121/2095/2121 2120/2096/2120 2115/2090/2115
f 2115/2090/2115 2120/2096/2120 2122/2097/2122 2117/2091/2117
f 2117/2091/2117 2122/2097/2122 2123/2098/2123 2118/2092/2118
f 2118/2092/2118 2123/2098/2123 2124/2099/2124 2119/2093/2119
f 2119/2093/2119 2124/2099/2124 2121/2100/2121 2116/2094/2116
f 2125/2101/2125 2128/2102/2128 2127/2103/2127 2090/2059/2090 2091/2062/2091 2126/2104/2126
f 2129/2105/2129 2130/2106/2130 2126/2107/2126 2091/2062/2091 2094/2064/2094
f 2131/2108/2131 2133/2109/2133 2129/2110/2129 2094/2064/2094 2096/2066/2096 2132/2111/2132
f 2134/2112/2134 2136/2113/2136 2132/2114/2132 2096/2066/2096 2098/2068/2098 2135/2115/2135
f 2137/2116/2137 2135/2117/2135 2098/2068/2098 2090/2070/2090 2127/2118/2127 2139/2119/2139 2138/2120/2138
f 2146/2121/2146 2149/2122/2149 2148/2123/2148 2147/2124/2147
f 2147/2124/2147 2148/2123/2148 2151/2125/2151 2150/2126/2150
f 2150/2126/2150 2151/2125/2151 2153/2127/2153 2152/2128/2152
f 2152/2128/2152 2153/2127/2153 2155/2129/2155 2154/2130/2154
f 2154/2130/2154 2155/2129/2155 2149/2131/2149 2146/2132/2146
f 2149/2122/2149 2157/2133/2157 2156/2134/2156 2148/2123/2148
f 2148/2123/2148 2156/2134/2156 2158/2135/2158 2151/2125/2151
f 2151/2125/2151 2158/2135/2158 2159/2136/2159 2153/2127/2153
f 2153/2127/2153 2159/2136/2159 2160/2137/2160 2155/2129/2155
f 2155/2129/2155 2160/2137/2160 2157/2138/2157 2149/2131/2149
f 2157/2133/2157 2162/2139/2162 2161/2140/2161 2156/2134/2156
f 2156/2134/2156 2161/2140/2161 2163/2141/2163 2158/2135/2158
f 2158/2135/2158 2163/2141/2163 2164/2142/2164 2159/2136/2159
f 2159/2136/2159 2164/2142/2164 2165/2143/2165 2160/2137/2160
f 2160/2137/2160 2165/2143/2165 2162/2144/2162 2157/2138/2157
f 2162/2139/2162 2167/2145/2167 2166/2146/2166 2161/2140/2161
f 2161/2140/2161 2166/2146/2166 2168/2147/2168 2163/2141/2163
f 2163/2141/2163 2168/2147/2168 2169/2148/2169 2164/2142/2164
f 2164/2142/2164 2169/2148/2169 2170/2149/2170 2165/2143/2165
f 2165/2143/2165 2170/2149/2170 2167/2150/2167 2162/2144/2162
f 2167/2145/2167 2172/2151/2172 2171/2152/2171 2166/2146/2166
f 2166/2146/2166 2171/2152/2171 2173/2153/2173 2168/2147/2168
f 2168/2147/2168 2173/2153/2173 2174/2154/2174 2169/2148/2169
f 2169/2148/2169 2174/2154/2174 2175/2155/2175 2170/2149/2170
f 2170/2149/2170 2175/2155/2175 2172/2156/2172 2167/2150/2167
f 2176/2157/2176 2182/2158/2182 2146/2121/2146 2147/2124/2147 2181/1326/2181 2180/2159/2180 2179/2160/2179 2178/2161/2178 2177/2162/2177
f 2183/2163/2183 2181/2164/2181 2147/2124/2147 2150/2126/2150 2189/2165/2189 2188/2166/2188 2187/2167/2187 2186/2168/2186 2185/2169/2185 2184/2170/2184
f 2190/2171/2190 2193/2172/2193 2189/2173/2189 2150/2126/2150 2152/2128/2152 2192/2174/2192 2191/2175/2191
f 2154/2130/2154 2195/2176/2195 2194/2177/2194 2192/2178/2192 2152/2128/2152
f 2196/2179/2196 2198/2180/2198 2197/2181/2197 2195/2182/2195 2154/2130/2154 2146/2183/2146 2182/2184/2182
f 2205/2185/2205 2208/2186/2208 2207/2187/2207 2206/2188/2206
f 2206/2188/2206 2207/2187/2207 2210/2189/2210 2209/2190/2209
f 2209/2190/2209 2210/2189/2210 2212/2191/2212 2211/2192/2211
f 2211/2192/2211 2212/2191/2212 2214/2193/2214 2213/2194/2213
f 2213/2194/2213 2214/2193/2214 2208/2195/2208 2205/2196/2205
f 2208/2186/2208 2216/2197/2216 2215/2198/2215 2207/2187/2207
f 2207/2187/2207 2215/2198/2215 2217/2199/2217 2210/2189/2210
f 2210/2189/2210 2217/2199/2217 2218/2200/2218 2212/2191/2212
f 2212/2191/2212 2218/2200/2218 2219/2201/2219 2214/2193/2214
f 2214/2193/2214 2219/2201/2219 2216/2202/2216 2208/2195/2208
f 2216/2197/2216 2221/2203/2221 2220/2204/2220 2215/2198/2215
f 2215/2198/2215 2220/2204/2220 2222/2205/2222 2217/2199/2217
f 2217/2199/2217 2222/2205/2222 2223/2206/2223 2218/2200/2218
f 2218/2200/2218 2223/2206/2223 2224/2207/2224 2219/2201/2219
f 2219/2201/2219 2224/2207/2224 2221/2208/2221 2216/2202/2216
f 2221/2203/2221 2226/2209/2226 2225/2210/2225 2220/2204/2220
f 2220/2204/2220 2225/2210/2225 2227/2211/2227 2222/2205/2222
f 2222/2205/2222 2227/2211/2227 2228/2212/2228 2223/2206/2223
f 2223/2206/2223 2228/2212/2228 2229/2213/2229 2224/2207/2224
f 2224/2207/2224 2229/2213/2229 2226/2214/2226 2221/2208/2221
f 2226/2209/2226 2231/2215/2231 2230/2216/2230 2225/2210/2225
f 2225/2210/2225 2230/2216/2230 2232/2217/2232 2227/2211/2227
f 2227/2211/2227 2232/2217/2232 2233/2218/2233 2228/2212/2228
f 2228/2212/2228 2233/2218/2233 2234/2219/2234 2229/2213/2229
f 2229/2213/2229 2234/2219/2234 2231/2220/2231 2226/2214/2226
f 2231/2215/2231 2236/2221/2236 2235/2222/2235 2230/2216/2230
f 2230/2216/2230 2235/2222/2235 2237/2223/2237 2232/2217/2232
f 2232/2217/2232 2237/2223/2237 2238/2224/2238 2233/2218/2233
f 2233/2218/2233 2238/2224/2238 2239/2225/2239 2234/2219/2234
f 2234/2219/2234 2239/2225/2239 2236/2226/2236 2231/2220/2231
f 2240/2227/2240 2243/2228/2243 2205/2185/2205 2206/2188/2206 2242/2229/2242 2241/2230/2241
f 2244/2231/2244 2242/2232/2242 2206/2188/2206 2209/2190/2209
f 2245/2233/2245 2248/2234/2248 2247/2235/2247 2244/2236/2244 2209/2190/2209 2211/2192/2211 2246/2237/2246
f 2249/2238/2249 2251/2239/2251 2246/2240/2246 2211/2192/2211 2213/2194/2213 2250/2241/2250
f 2205/2196/2205 2243/2242/2243 2254/2243/2254 2253/2244/2253 2252/2245/2252 2250/2246/2250 2213/2194/2213
f 2261/2247/2261 2264/2248/2264 2263/2249/2263 2262/2250/2262
f 2262/2250/2262 2263/2249/2263 2266/2251/2266 2265/2252/2265
f 2265/2252/2265 2266/2251/2266 2268/2253/2268 2267/2254/2267
f 2267/2254/2267 2268/2253/2268 2270/2255/2270 2269/2256/2269
f 2269/2256/2269 2270/2255/2270 2264/2257/2264 2261/2258/2261
f 2264/2248/2264 2272/2259/2272 2271/2260/2271 2263/2249/2263
f 2263/2249/2263 2271/2260/2271 2273/2261/2273 2266/2251/2266
f 2266/2251/2266 2273/2261/2273 2274/2262/2274 2268/2253/2268
f 2268/2253/2268 2274/2262/2274 2275/2263/2275 2270/2255/2270
f 2270/2255/2270 2275/2263/2275 2272/2264/2272 2264/2257/2264
f 2272/2259/2272 2277/2265/2277 2276/2266/2276 2271/2260/2271
f 2271/2260/2271 2276/2266/2276 2278/2267/2278 2273/2261/2273
f 2273/2261/2273 2278/2267/2278 2279/2268/2279 2274/2262/2274
f 2274/2262/2274 2279/2268/2279 2280/2269/2280 2275/2263/2275
f 2275/2263/2275 2280/2269/2280 2277/2270/2277 2272/2264/2272
f 2277/2265/2277 2282/2271/2282 2281/2272/2281 2276/2266/2276
f 2276/2266/2276 2281/2272/2281 2283/2273/2283 2278/2267/2278
f 2278/2267/2278 2283/2273/2283 2284/2274/2284 2279/2268/2279
f 2279/2268/2279 2284/2274/2284 2285/2275/2285 2280/2269/2280
f 2280/2269/2280 2285/2275/2285 2282/2276/2282 2277/2270/2277
f 2282/2271/2282 2287/2277/2287 2286/2278/2286 2281/2272/2281
f 2281/2272/2281 2286/2278/2286 2288/2279/2288 2283/2273/2283
f 2283/2273/2283 2288/2279/2288 2289/2280/2289 2284/2274/2284
f 2284/2274/2284 2289/2280/2289 2290/2281/2290 2285/2275/2285
f 2285/2275/2285 2290/2281/2290 2287/2282/2287 2282/2276/2282
f 2287/2277/2287 2292/2283/2292 2291/2284/2291 2286/2278/2286
f 2286/2278/2286 2291/2284/2291 2293/2285/2293 2288/2279/2288
f 2288/2279/2288 2293/2285/2293 2294/2286/2294 2289/2280/2289
f 2289/2280/2289 2294/2286/2294 2295/2287/2295 2290/2281/2290
f 2290/2281/2290 2295/2287/2295 2292/2288/2292 2287/2282/2287
f 2292/2283/2292 2297/2289/2297 2296/2290/2296 2291/2284/2291
f 2291/2284/2291 2296/2290/2296 2298/2291/2298 2293/2285/2293
f 2293/2285/2293 2298/2291/2298 2299/2292/2299 2294/2286/2294
f 2294/2286/2294 2299/2292/2299 2300/2293/2300 2295/2287/2295
f 2295/2287/2295 2300/2293/2300 2297/2294/2297 2292/2288/2292
f 2297/2289/2297 2302/2295/2302 2301/2296/2301 2296/2290/2296
f 2296/2290/2296 2301/2296/2301 2303/2297/2303 2298/2291/2298
f 2298/2291/2298 2303/2297/2303 2304/2298/2304 2299/2292/2299
f 2299/2292/2299 2304/2298/2304 2305/2299/2305 2300/2293/2300
f 2300/2293/2300 2305/2299/2305 2302/2300/2302 2297/2294/2297
f 2302/2295/2302 2307/1517/2307 2306/1518/2306 2301/2296/2301
f 2301/2296/2301 2306/1518/2306 2308/1519/2308 2303/2297/2303
f 2303/2297/2303 2308/1519/2308 2309/1520/2309 2304/2298/2304
f 2304/2298/2304 2309/1520/2309 2310/1521/2310 2305/2299/2305
f 2305/2299/2305 2310/1521/2310 2307/1522/2307 2302/2300/2302
f 2311/2301/2311 2315/2302/2315 2314/2303/2314 2313/2304/2313 2261/2247/2261 2262/2250/2262 2312/2305/2312
f 2316/2306/2316 2312/2307/2312 2262/2250/2262 2265/2252/2265
f 2317/2308/2317 2321/2309/2321 2320/2310/2320 2316/2311/2316 2265/2252/2265 2267/2254/2267 2319/2312/2319 2318/2313/2318
f 2322/2314/2322 2319/2315/2319 2267/2254/2267 2269/2256/2269
f 2323/2316/2323 2325/2317/2325 2322/2318/2322 2269/2256/2269 2261/2319/2261 2313/2320/2313 2324/2321/2324
f 2332/2322/2332 2335/2323/2335 2334/2324/2334 2333/2325/2333
f 2333/2325/2333 2334/2324/2334 2337/2326/2337 2336/2327/2336
f 2336/2327/2336 2337/2326/2337 2339/2328/2339 2338/2329/2338
f 2338/2329/2338 2339/2328/2339 2341/2330/2341 2340/2331/2340
f 2340/2331/2340 2341/2330/2341 2335/2332/2335 2332/2333/2332
f 2335/2323/2335 2343/2334/2343 2342/2335/2342 2334/2324/2334
f 2334/2324/2334 2342/2335/2342 2344/2336/2344 2337/2326/2337
f 2337/2326/2337 2344/2336/2344 2345/2337/2345 2339/2328/2339
f 2339/2328/2339 2345/2337/2345 2346/2338/2346 2341/2330/2341
f 2341/2330/2341 2346/2338/2346 2343/2339/2343 2335/2332/2335
f 2343/2334/2343 2348/2340/2348 2347/2341/2347 2342/2335/2342
f 2342/2335/2342 2347/2341/2347 2349/2342/2349 2344/2336/2344
f 2344/2336/2344 2349/2342/2349 2350/2343/2350 2345/2337/2345
f 2345/2337/2345 2350/2343/2350 2351/2344/2351 2346/2338/2346
f 2346/2338/2346 2351/2344/2351 2348/2345/2348 2343/2339/2343
f 2348/2340/2348 2353/2346/2353 2352/2347/2352 2347/2341/2347
f 2347/2341/2347 2352/2347/2352 2354/2348/2354 2349/2342/2349
f 2349/2342/2349 2354/2348/2354 2355/2349/2355 2350/2343/2350
f 2350/2343/2350 2355/2349/2355 2356/2350/2356 2351/2344/2351
f 2351/2344/2351 2356/2350/2356 2353/2351/2353 2348/2345/2348
f 2353/2346/2353 2358/2352/2358 2357/2353/2357 2352/2347/2352
f 2352/2347/2352 2357/2353/2357 2359/2354/2359 2354/2348/2354
f 2354/2348/2354 2359/2354/2359 2360/2355/2360 2355/2349/2355
f 2355/2349/2355 2360/2355/2360 2361/2356/2361 2356/2350/2356
f 2356/2350/2356 2361/2356/2361 2358/2357/2358 2353/2351/2353
f 2358/2352/2358 2363/2358/2363 2362/2359/2362 2357/2353/2357
f 2357/2353/2357 2362/2359/2362 2364/2360/2364 2359/2354/2359
f 2359/2354/2359 2364/2360/2364 2365/2361/2365 2360/2355/2360
f 2360/2355/2360 2365/2361/2365 2366/2362/2366 2361/2356/2361
f 2361/2356/2361 2366/2362/2366 2363/2363/2363 2358/2357/2358
f 2363/2358/2363 2368/2151/2368 2367/2152/2367 2362/2359/2362
f 2362/2359/2362 2367/2152/2367 2369/2153/2369 2364/2360/2364
f 2364/2360/2364 2369/2153/2369 2370/2154/2370 2365/2361/2365
f 2365/2361/2365 2370/2154/2370 2371/2155/2371 2366/2362/2366
f 2366/2362/2366 2371/2155/2371 2368/2156/2368 2363/2363/2363
f 2333/2325/2333 2376/2364/2376 2375/2365/2375 2374/2366/2374 2373/2367/2373 2372/2368/2372 2332/2322/2332
f 2377/2369/2377 2376/2370/2376 2333/2325/2333 2336/2327/2336 2378/2371/2378
f 2338/2329/2338 2382/2372/2382 2381/2373/2381 2380/2374/2380 2379/2375/2379 2378/2376/2378 2336/2327/2336
f 2383/2377/2383 2388/2378/2388 2387/2379/2387 2386/2380/2386 2385/2381/2385 2382/2382/2382 2338/2329/2338 2340/2331/2340 2384/2383/2384
f 2389/2384/2389 2384/2385/2384 2340/2331/2340 2332/2333/2332 2372/2386/2372 2390/2387/2390
f 2397/2388/2397 2400/2389/2400 2399/2390/2399 2398/2391/2398
f 2398/2391/2398 2399/2390/2399 2402/2392/2402 2401/2393/2401
f 2401/2393/2401 2402/2392/2402 2404/2394/2404 2403/2395/2403
f 2403/2395/2403 2404/2394/2404 2406/2396/2406 2405/2397/2405
f 2405/2397/2405 2406/2396/2406 2400/2398/2400 2397/2399/2397
f 2400/2389/2400 2408/2400/2408 2407/2401/2407 2399/2390/2399
f 2399/2390/2399 2407/2401/2407 2409/2402/2409 2402/2392/2402
f 2402/2392/2402 2409/2402/2409 2410/2403/2410 2404/2394/2404
f 2404/2394/2404 2410/2403/2410 2411/2404/2411 2406/2396/2406
f 2406/2396/2406 2411/2404/2411 2408/2405/2408 2400/2398/2400
f 2408/2400/2408 2413/2406/2413 2412/2407/2412 2407/2401/2407
f 2407/2401/2407 2412/2407/2412 2414/2408/2414 2409/2402/2409
f 2409/2402/2409 2414/2408/2414 2415/2409/2415 2410/2403/2410
f 2410/2403/2410 2415/2409/2415 2416/2410/2416 2411/2404/2411
f 2411/2404/2411 2416/2410/2416 2413/2411/2413 2408/2405/2408
f 2413/2406/2413 2418/2412/2418 2417/2413/2417 2412/2407/2412
f 2412/2407/2412 2417/2413/2417 2419/2414/2419 2414/2408/2414
f 2414/2408/2414 2419/2414/2419 2420/2415/2420 2415/2409/2415
f 2415/2409/2415 2420/2415/2420 2421/2416/2421 2416/2410/2416
f 2416/2410/2416 2421/2416/2421 2418/2417/2418 2413/2411/2413
f 2418/2412/2418 2423/2418/2423 2422/2419/2422 2417/2413/2417
f 2417/2413/2417 2422/2419/2422 2424/2420/2424 2419/2414/2419
f 2419/2414/2419 2424/2420/2424 2425/2421/2425 2420/2415/2420
f 2420/2415/2420 2425/2421/2425 2426/2422/2426 2421/2416/2421
f 2421/2416/2421 2426/2422/2426 2423/2423/2423 2418/2417/2418
f 2423/2418/2423 2428/2424/2428 2427/2425/2427 2422/2419/2422
f 2422/2419/2422 2427/2425/2427 2429/2426/2429 2424/2420/2424
f 2424/2420/2424 2429/2426/2429 2430/2427/2430 2425/2421/2425
f 2425/2421/2425 2430/2427/2430 2431/2428/2431 2426/2422/2426
f 2426/2422/2426 2431/2428/2431 2428/2429/2428 2423/2423/2423
f 2428/2424/2428 2433/2430/2433 2432/2431/2432 2427/2425/2427
f 2427/2425/2427 2432/2431/2432 2434/2432/2434 2429/2426/2429
f 2429/2426/2429 2434/2432/2434 2435/2433/2435 2430/2427/2430
f 2430/2427/2430 2435/2433/2435 2436/2434/2436 2431/2428/2431
f 2431/2428/2431 2436/2434/2436 2433/2435/2433 2428/2429/2428
f 2437/2436/2437 2439/2437/2439 2438/2438/2438 2397/2388/2397 2398/2391/2398
f 2401/2393/2401 2444/2439/2444 2443/2440/2443 2442/2441/2442 2441/2442/2441 2440/2443/2440 2437/2444/2437 2398/2391/2398
f 2445/2445/2445 2450/2446/2450 2449/2447/2449 2448/2448/2448 2447/2449/2447 2444/2450/2444 2401/2393/2401 2403/2395/2403 2446/2451/2446
f 2405/2397/2405 2453/2452/2453 2452/2453/2452 2451/2454/2451 2446/2455/2446 2403/2395/2403
f 2454/2456/2454 2457/2457/2457 2456/2458/2456 2455/2459/2455 2453/2460/2453 2405/2397/2405 2397/2461/2397 2438/2462/2438
f 2464/2463/2464 2467/2464/2467 2466/2465/2466 2465/2466/2465
f 2465/2466/2465 2466/2465/2466 2469/2467/2469 2468/2468/2468
f 2468/2468/2468 2469/2467/2469 2471/2469/2471 2470/2470/2470
f 2470/2470/2470 2471/2469/2471 2473/2471/2473 2472/2472/2472
f 2472/2472/2472 2473/2471/2473 2467/2473/2467 2464/2474/2464
f 2467/2464/2467 2475/2475/2475 2474/2476/2474 2466/2465/2466
f 2466/2465/2466 2474/2476/2474 2476/2477/2476 2469/2467/2469
f 2469/2467/2469 2476/2477/2476 2477/2478/2477 2471/2469/2471
f 2471/2469/2471 2477/2478/2477 2478/2479/2478 2473/2471/2473
f 2473/2471/2473 2478/2479/2478 2475/2480/2475 2467/2473/2467
f 2475/2475/2475 2480/2481/2480 2479/2482/2479 2474/2476/2474
f 2474/2476/2474 2479/2482/2479 2481/2483/2481 2476/2477/2476
f 2476/2477/2476 2481/2483/2481 2482/2484/2482 2477/2478/2477
f 2477/2478/2477 2482/2484/2482 2483/2485/2483 2478/2479/2478
f 2478/2479/2478 2483/2485/2483 2480/2486/2480 2475/2480/2475
f 2480/2481/2480 2485/2487/2485 2484/2488/2484 2479/2482/2479
f 2479/2482/2479 2484/2488/2484 2486/2489/2486 2481/2483/2481
f 2481/2483/2481 2486/2489/2486 2487/2490/2487 2482/2484/2482
f 2482/2484/2482 2487/2490/2487 2488/2491/2488 2483/2485/2483
f 2483/2485/2483 2488/2491/2488 2485/2492/2485 2480/2486/2480
f 2485/2487/2485 2490/2493/2490 2489/2494/2489 2484/2488/2484
f 2484/2488/2484 2489/2494/2489 2491/2495/2491 2486/2489/2486
f 2486/2489/2486 2491/2495/2491 2492/2496/2492 2487/2490/2487
f 2487/2490/2487 2492/2496/2492 2493/2497/2493 2488/2491/2488
f 2488/2491/2488 2493/2497/2493 2490/2498/2490 2485/2492/2485
f 2490/2493/2490 2495/2499/2495 2494/2500/2494 2489/2494/2489
f 2489/2494/2489 2494/2500/2494 2496/2501/2496 2491/2495/2491
f 2491/2495/2491 2496/2501/2496 2497/2502/2497 2492/2496/2492
f 2492/2496/2492 2497/2502/2497 2498/2503/2498 2493/2497/2493
f 2493/2497/2493 2498/2503/2498 2495/2504/2495 2490/2498/2490
f 2495/2499/2495 2500/2505/2500 2499/2506/2499 2494/2500/2494
f 2494/2500/2494 2499/2506/2499 2501/2507/2501 2496/2501/2496
f 2496/2501/2496 2501/2507/2501 2502/2508/2502 2497/2502/2497
f 2497/2502/2497 2502/2508/2502 2503/2509/2503 2498/2503/2498
f 2498/2503/2498 2503/2509/2503 2500/2510/2500 2495/2504/2495
f 2465/2466/2465 2509/2511/2509 2508/2512/2508 2507/2513/2507 2506/2514/2506 2505/2515/2505 2504/2516/2504 2464/2463/2464
f 2510/2517/2510 2509/2518/2509 2465/2466/2465 2468/2468/2468 2511/2519/2511
f 2512/2520/2512 2516/2521/2516 2515/2522/2515 2514/2523/2514 2511/2524/2511 2468/2468/2468 2470/2470/2470 2513/2525/2513
f 2517/2526/2517 2520/2527/2520 2519/2528/2519 2513/2529/2513 2470/2470/2470 2472/2472/2472 2518/2530/2518
f 2464/2474/2464 2504/2531/2504 2522/2532/2522 2521/2533/2521 2518/2534/2518 2472/2472/2472
f 2529/2535/2529 2532/2536/2532 2531/2537/2531 2530/2538/2530
f 2530/2538/2530 2531/2537/2531 2534/2539/2534 2533/2540/2533
f 2533/2540/2533 2534/2539/2534 2536/2541/2536 2535/2542/2535
f 2535/2542/2535 2536/2541/2536 2538/2543/2538 2537/2544/2537
f 2537/2544/2537 2538/2543/2538 2532/2545/2532 2529/2546/2529
f 2532/2536/2532 2540/2547/2540 2539/2548/2539 2531/2537/2531
f 2531/2537/2531 2539/2548/2539 2541/2549/2541 2534/2539/2534
f 2534/2539/2534 2541/2549/2541 2542/2550/2542 2536/2541/2536
f 2536/2541/2536 2542/2550/2542 2543/2551/2543 2538/2543/2538
f 2538/2543/2538 2543/2551/2543 2540/2552/2540 2532/2545/2532
f 2540/2547/2540 2545/2553/2545 2544/2554/2544 2539/2548/2539
f 2539/2548/2539 2544/2554/2544 2546/2555/2546 2541/2549/2541
f 2541/2549/2541 2546/2555/2546 2547/2556/2547 2542/2550/2542
f 2542/2550/2542 2547/2556/2547 2548/2557/2548 2543/2551/2543
f 2543/2551/2543 2548/2557/2548 2545/2558/2545 2540/2552/2540
f 2545/2553/2545 2550/2559/2550 2549/2560/2549 2544/2554/2544
f 2544/2554/2544 2549/2560/2549 2551/2561/2551 2546/2555/2546
f 2546/2555/2546 2551/2561/2551 2552/2562/2552 2547/2556/2547
f 2547/2556/2547 2552/2562/2552 2553/2563/2553 2548/2557/2548
f 2548/2557/2548 2553/2563/2553 2550/2564/2550 2545/2558/2545
f 2550/2559/2550 2555/2565/2555 2554/2566/2554 2549/2560/2549
f 2549/2560/2549 2554/2566/2554 2556/2567/2556 2551/2561/2551
f 2551/2561/2551 2556/2567/2556 2557/2568/2557 2552/2562/2552
f 2552/2562/2552 2557/2568/2557 2558/2569/2558 2553/2563/2553
f 2553/2563/2553 2558/2569/2558 2555/2570/2555 2550/2564/2550
f 2555/2565/2555 2560/1976/2560 2559/1977/2559 2554/2566/2554
f 2554/2566/2554 2559/1977/2559 2561/1978/2561 2556/2567/2556
f 2556/2567/2556 2561/1978/2561 2562/1979/2562 2557/2568/2557
f 2557/2568/2557 2562/1979/2562 2563/1980/2563 2558/2569/2558
f 2558/2569/2558 2563/1980/2563 2560/1981/2560 2555/2570/2555
f 2530/2538/2530 2566/2571/2566 2565/2572/2565 2564/2573/2564 2529/2535/2529
f 2567/2574/2567 2569/2575/2569 2568/2576/2568 2566/2577/2566 2530/2538/2530 2533/2540/2533
f 2570/2578/2570 2573/2579/2573 2572/2580/2572 2567/2581/2567 2533/2540/2533 2535/2542/2535 2571/2582/2571
f 2574/2583/2574 2576/2584/2576 2571/2585/2571 2535/2542/2535 2537/2544/2537 2575/2586/2575
f 2577/2587/2577 2575/2588/2575 2537/2544/2537 2529/2589/2529 2564/2590/2564 2578/2591/2578
f 2585/2592/2585 2588/2593/2588 2587/2594/2587 2586/2595/2586
f 2586/2595/2586 2587/2594/2587 2590/2596/2590 2589/2597/2589
f 2589/2597/2589 2590/2596/2590 2592/2598/2592 2591/2599/2591
f 2591/2599/2591 2592/2598/2592 2594/2600/2594 2593/2601/2593
f 2593/2601/2593 2594/2600/2594 2588/2602/2588 2585/2603/2585
f 2588/2593/2588 2596/2604/2596 2595/2605/2595 2587/2594/2587
f 2587/2594/2587 2595/2605/2595 2597/2606/2597 2590/2596/2590
f 2590/2596/2590 2597/2606/2597 2598/2607/2598 2592/2598/2592
f 2592/2598/2592 2598/2607/2598 2599/2608/2599 2594/2600/2594
f 2594/2600/2594 2599/2608/2599 2596/2609/2596 2588/2602/2588
f 2596/2604/2596 2601/2610/2601 2600/2611/2600 2595/2605/2595
f 2595/2605/2595 2600/2611/2600 2602/2612/2602 2597/2606/2597
f 2597/2606/2597 2602/2612/2602 2603/2613/2603 2598/2607/2598
f 2598/2607/2598 2603/2613/2603 2604/2614/2604 2599/2608/2599
f 2599/2608/2599 2604/2614/2604 2601/2615/2601 2596/2609/2596
f 2601/2610/2601 2606/2616/2606 2605/2617/2605 2600/2611/2600
f 2600/2611/2600 2605/2617/2605 2607/2618/2607 2602/2612/2602
f 2602/2612/2602 2607/2618/2607 2608/2619/2608 2603/2613/2603
f 2603/2613/2603 2608/2619/2608 2609/2620/2609 2604/2614/2604
f 2604/2614/2604 2609/2620/2609 2606/2621/2606 2601/2615/2601
f 2606/2616/2606 2611/2622/2611 2610/2623/2610 2605/2617/2605
f 2605/2617/2605 2610/2623/2610 2612/2624/2612 2607/2618/2607
f 2607/2618/2607 2612/2624/2612 2613/2625/2613 2608/2619/2608
f 2608/2619/2608 2613/2625/2613 2614/2626/2614 2609/2620/2609
f 2609/2620/2609 2614/2626/2614 2611/2627/2611 2606/2621/2606
f 2611/2622/2611 2616/2628/2616 2615/2629/2615 2610/2623/2610
f 2610/2623/2610 2615/2629/2615 2617/2630/2617 2612/2624/2612
f 2612/2624/2612 2617/2630/2617 2618/2631/2618 2613/2625/2613
f 2613/2625/2613 2618/2631/2618 2619/2632/2619 2614/2626/2614
f 2614/2626/2614 2619/2632/2619 2616/2633/2616 2611/2627/2611
f 2616/2628/2616 2621/2634/2621 2620/2635/2620 2615/2629/2615
f 2615/2629/2615 2620/2635/2620 2622/2636/2622 2617/2630/2617
f 2617/2630/2617 2622/2636/2622 2623/2637/2623 2618/2631/2618
f 2618/2631/2618 2623/2637/2623 2624/2638/2624 2619/2632/2619
f 2619/2632/2619 2624/2638/2624 2621/2639/2621 2616/2633/2616
f 2621/2634/2621 2626/2640/2626 2625/2641/2625 2620/2635/2620
f 2620/2635/2620 2625/2641/2625 2627/2642/2627 2622/2636/2622
f 2622/2636/2622 2627/2642/2627 2628/2643/2628 2623/2637/2623
f 2623/2637/2623 2628/2643/2628 2629/2644/2629 2624/2638/2624
f 2624/2638/2624 2629/2644/2629 2626/2645/2626 2621/2639/2621
f 2626/2640/2626 2631/2646/2631 2630/2647/2630 2625/2641/2625
f 2625/2641/2625 2630/2647/2630 2632/2648/2632 2627/2642/2627
f 2627/2642/2627 2632/2648/2632 2633/2649/2633 2628/2643/2628
f 2628/2643/2628 2633/2649/2633 2634/2650/2634 2629/2644/2629
f 2629/2644/2629 2634/2650/2634 2631/2651/2631 2626/2645/2626
f 2586/2595/2586 2640/2652/2640 2639/2653/2639 2638/2654/2638 2637/2655/2637 2636/2656/2636 2635/2657/2635 2585/2592/2585
f 2641/2658/2641 2644/2659/2644 2640/2660/2640 2586/2595/2586 2589/2597/2589 2643/2661/2643 2642/2662/2642
f 2645/2663/2645 2650/2664/2650 2649/2665/2649 2648/2666/2648 2643/2661/2643 2589/2597/2589 2591/2599/2591 2647/2667/2647 2646/2668/2646
f 2593/2601/2593 2653/2669/2653 2652/2670/2652 2651/2671/2651 2647/2672/2647 2591/2599/2591
f 2635/2673/2635 2653/2674/2653 2593/2601/2593 2585/2603/2585
f 2660/2675/2660 2663/2676/2663 2662/2677/2662 2661/2678/2661
f 2661/2678/2661 2662/2677/2662 2665/2679/2665 2664/2680/2664
f 2664/2680/2664 2665/2679/2665 2667/2681/2667 2666/2682/2666
f 2666/2682/2666 2667/2681/2667 2669/2683/2669 2668/2684/2668
f 2668/2684/2668 2669/2683/2669 2663/2685/2663 2660/2686/2660
f 2663/2676/2663 2671/2687/2671 2670/2688/2670 2662/2677/2662
f 2662/2677/2662 2670/2688/2670 2672/2689/2672 2665/2679/2665
f 2665/2679/2665 2672/2689/2672 2673/2690/2673 2667/2681/2667
f 2667/2681/2667 2673/2690/2673 2674/2691/2674 2669/2683/2669
f 2669/2683/2669 2674/2691/2674 2671/2692/2671 2663/2685/2663
f 2671/2687/2671 2676/2693/2676 2675/2694/2675 2670/2688/2670
f 2670/2688/2670 2675/2694/2675 2677/2695/2677 2672/2689/2672
f 2672/2689/2672 2677/2695/2677 2678/2696/2678 2673/2690/2673
f 2673/2690/2673 2678/2696/2678 2679/2697/2679 2674/2691/2674
f 2674/2691/2674 2679/2697/2679 2676/2698/2676 2671/2692/2671
f 2676/2693/2676 2681/2699/2681 2680/2700/2680 2675/2694/2675
f 2675/2694/2675 2680/2700/2680 2682/2701/2682 2677/2695/2677
f 2677/2695/2677 2682/2701/2682 2683/2702/2683 2678/2696/2678
f 2678/2696/2678 2683/2702/2683 2684/2703/2684 2679/2697/2679
f 2679/2697/2679 2684/2703/2684 2681/2704/2681 2676/2698/2676
f 2681/2699/2681 2686/2705/2686 2685/2706/2685 2680/2700/2680
f 2680/2700/2680 2685/2706/2685 2687/2707/2687 2682/2701/2682
f 2682/2701/2682 2687/2707/2687 2688/2708/2688 2683/2702/2683
f 2683/2702/2683 2688/2708/2688 2689/2709/2689 2684/2703/2684
f 2684/2703/2684 2689/2709/2689 2686/2710/2686 2681/2704/2681
f 2686/2705/2686 2691/2711/2691 2690/2712/2690 2685/2706/2685
f 2685/2706/2685 2690/2712/2690 2692/2713/2692 2687/2707/2687
f 2687/2707/2687 2692/2713/2692 2693/2714/2693 2688/2708/2688
f 2688/2708/2688 2693/2714/2693 2694/2715/2694 2689/2709/2689
f 2689/2709/2689 2694/2715/2694 2691/2716/2691 2686/2710/2686
f 2691/2711/2691 2696/2717/2696 2695/2718/2695 2690/2712/2690
f 2690/2712/2690 2695/2718/2695 2697/2719/2697 2692/2713/2692
f 2692/2713/2692 2697/2719/2697 2698/2720/2698 2693/2714/2693
f 2693/2714/2693 2698/2720/2698 2699/2721/2699 2694/2715/2694
f 2694/2715/2694 2699/2721/2699 2696/2722/2696 2691/2716/2691
f 2696/2717/2696 2701/1932/2701 2700/1933/2700 2695/2718/2695
f 2695/2718/2695 2700/1933/2700 2702/1934/2702 2697/2719/2697
f 2697/2719/2697 2702/1934/2702 2703/1935/2703 2698/2720/2698
f 2698/2720/2698 2703/1935/2703 2704/1936/2704 2699/2721/2699
f 2699/2721/2699 2704/1936/2704 2701/1937/2701 2696/2722/2696
f 2705/1326/2705 2711/2723/2711 2710/2724/2710 2709/2725/2709 2708/2726/2708 2707/2727/2707 2706/2728/2706 2660/2675/2660 2661/2678/2661
f 2712/2729/2712 2716/2730/2716 2715/2731/2715 2714/2732/2714 2713/2733/2713 2705/1326/2705 2661/2678/2661 2664/2680/2664
f 2717/2734/2717 2721/2735/2721 2720/2736/2720 2719/2737/2719 2718/2738/2718 2712/2739/2712 2664/2680/2664 2666/2682/2666
f 2722/2740/2722 2724/2741/2724 2717/2742/2717 2666/2682/2666 2668/2684/2668 2723/2743/2723
f 2660/2686/2660 2706/2744/2706 2727/2745/2727 2726/2746/2726 2725/2747/2725 2723/2748/2723 2668/2684/2668
f 2734/2749/2734 2737/2750/2737 2736/2751/2736 2735/2752/2735
f 2735/2752/2735 2736/2751/2736 2739/2753/2739 2738/2754/2738
f 2738/2754/2738 2739/2753/2739 2741/2755/2741 2740/2756/2740
f 2740/2756/2740 2741/2755/2741 2743/2757/2743 2742/2758/2742
f 2742/2758/2742 2743/2757/2743 2737/2759/2737 2734/2760/2734
f 2737/2750/2737 2745/2761/2745 2744/2762/2744 2736/2751/2736
f 2736/2751/2736 2744/2762/2744 2746/2763/2746 2739/2753/2739
f 2739/2753/2739 2746/2763/2746 2747/2764/2747 2741/2755/2741
f 2741/2755/2741 2747/2764/2747 2748/2765/2748 2743/2757/2743
f 2743/2757/2743 2748/2765/2748 2745/2766/2745 2737/2759/2737
f 2745/2761/2745 2750/2767/2750 2749/2768/2749 2744/2762/2744
f 2744/2762/2744 2749/2768/2749 2751/2769/2751 2746/2763/2746
f 2746/2763/2746 2751/2769/2751 2752/2770/2752 2747/2764/2747
f 2747/2764/2747 2752/2770/2752 2753/2771/2753 2748/2765/2748
f 2748/2765/2748 2753/2771/2753 2750/2772/2750 2745/2766/2745
f 2750/2767/2750 2755/2773/2755 2754/2774/2754 2749/2768/2749
f 2749/2768/2749 2754/2774/2754 2756/2775/2756 2751/2769/2751
f 2751/2769/2751 2756/2775/2756 2757/2776/2757 2752/2770/2752
f 2752/2770/2752 2757/2776/2757 2758/2777/2758 2753/2771/2753
f 2753/2771/2753 2758/2777/2758 2755/2778/2755 2750/2772/2750
f 2755/2773/2755 2760/2779/2760 2759/2780/2759 2754/2774/2754
f 2754/2774/2754 2759/2780/2759 2761/2781/2761 2756/2775/2756
f 2756/2775/2756 2761/2781/2761 2762/2782/2762 2757/2776/2757
f 2757/2776/2757 2762/2782/2762 2763/2783/2763 2758/2777/2758
f 2758/2777/2758 2763/2783/2763 2760/2784/2760 2755/2778/2755
f 2760/2779/2760 2765/2785/2765 2764/2786/2764 2759/2780/2759
f 2759/2780/2759 2764/2786/2764 2766/2787/2766 2761/2781/2761
f 2761/2781/2761 2766/2787/2766 2767/2788/2767 2762/2782/2762
f 2762/2782/2762 2767/2788/2767 2768/2789/2768 2763/2783/2763
f 2763/2783/2763 2768/2789/2768 2765/2790/2765 2760/2784/2760
f 2765/2785/2765 2770/2791/2770 2769/2792/2769 2764/2786/2764
f 2764/2786/2764 2769/2792/2769 2771/2793/2771 2766/2787/2766
f 2766/2787/2766 2771/2793/2771 2772/2794/2772 2767/2788/2767
f 2767/2788/2767 2772/2794/2772 2773/2795/2773 2768/2789/2768
f 2768/2789/2768 2773/2795/2773 2770/2796/2770 2765/2790/2765
f 2774/2797/2774 2775/2798/2775 2734/2749/2734 2735/2752/2735
f 2738/2754/2738 2780/2799/2780 2779/2800/2779 2778/2801/2778 2777/2802/2777 2776/2803/2776 2774/2797/2774 2735/2752/2735
f 2781/2804/2781 2783/2805/2783 2780/2806/2780 2738/2754/2738 2740/2756/2740 2782/2807/2782
f 2784/2808/2784 2788/2809/2788 2787/2810/2787 2786/2811/2786 2782/2812/2782 2740/2756/2740 2742/2758/2742 2785/2813/2785
f 2789/2814/2789 2790/2815/2790 2785/2816/2785 2742/2758/2742 2734/2760/2734 2775/2817/2775
f 2797/1/2797 2800/2818/2800 2799/2819/2799 2798/1326/2798
f 2801/2820/2801 2805/2821/2805 2804/2822/2804 2803/2823/2803 2802/2824/2802 2798/1326/2798 2799/2819/2799
f 2800/2818/2800 2807/2825/2807 2806/2826/2806 2799/2819/2799
f 2799/2819/2799 2806/2826/2806 2808/2827/2808 2801/2820/2801
f 2801/2820/2801 2808/2827/2808 2810/2828/2810 2809/2829/2809
f 2809/2829/2809 2810/2828/2810 2812/2830/2812 2811/2831/2811
f 2811/2831/2811 2812/2830/2812 2807/2832/2807 2800/2833/2800
f 2807/2825/2807 2814/2834/2814 2813/2835/2813 2806/2826/2806
f 2806/2826/2806 2813/2835/2813 2815/2836/2815 2808/2827/2808
f 2808/2827/2808 2815/2836/2815 2816/2837/2816 2810/2828/2810
f 2810/2828/2810 2816/2837/2816 2817/2838/2817 2812/2830/2812
f 2812/2830/2812 2817/2838/2817 2814/2839/2814 2807/2832/2807
f 2814/2834/2814 2819/2840/2819 2818/2841/2818 2813/2835/2813
f 2813/2835/2813 2818/2841/2818 2820/2842/2820 2815/2836/2815
f 2815/2836/2815 2820/2842/2820 2821/2843/2821 2816/2837/2816
f 2816/2837/2816 2821/2843/2821 2822/2844/2822 2817/2838/2817
f 2817/2838/2817 2822/2844/2822 2819/2845/2819 2814/2839/2814
f 2819/2840/2819 2824/2846/2824 2823/2847/2823 2818/2841/2818
f 2818/2841/2818 2823/2847/2823 2825/2848/2825 2820/2842/2820
f 2820/2842/2820 2825/2848/2825 2826/2849/2826 2821/2843/2821
f 2821/2843/2821 2826/2849/2826 2827/2850/2827 2822/2844/2822
f 2822/2844/2822 2827/2850/2827 2824/2851/2824 2819/2845/2819
f 2824/2846/2824 2829/2852/2829 2828/2853/2828 2823/2847/2823
f 2823/2847/2823 2828/2853/2828 2830/2854/2830 2825/2848/2825
f 2825/2848/2825 2830/2854/2830 2831/2855/2831 2826/2849/2826
f 2826/2849/2826 2831/2855/2831 2832/2856/2832 2827/2850/2827
f 2827/2850/2827 2832/2856/2832 2829/2857/2829 2824/2851/2824
f 2829/2852/2829 2834/2858/2834 2833/2859/2833 2828/2853/2828
f 2828/2853/2828 2833/2859/2833 2835/2860/2835 2830/2854/2830
f 2830/2854/2830 2835/2860/2835 2836/2861/2836 2831/2855/2831
f 2831/2855/2831 2836/2861/2836 2837/2862/2837 2832/2856/2832
f 2832/2856/2832 2837/2862/2837 2834/2863/2834 2829/2857/2829
f 2834/2858/2834 2839/2864/2839 2838/2865/2838 2833/2859/2833
f 2833/2859/2833 2838/2865/2838 2840/2866/2840 2835/2860/2835
f 2835/2860/2835 2840/2866/2840 2841/2867/2841 2836/2861/2836
f 2836/2861/2836 2841/2867/2841 2842/2868/2842 2837/2862/2837
f 2837/2862/2837 2842/2868/2842 2839/2869/2839 2834/2863/2834
f 2839/2864/2839 2844/2870/2844 2843/2871/2843 2838/2865/2838
f 2838/2865/2838 2843/2871/2843 2845/2872/2845 2840/2866/2840
f 2840/2866/2840 2845/2872/2845 2846/2873/2846 2841/2867/2841
f 2841/2867/2841 2846/2873/2846 2847/2874/2847 2842/2868/2842
f 2842/2868/2842 2847/2874/2847 2844/2875/2844 2839/2869/2839
f 2848/2876/2848 2851/2877/2851 2850/2878/2850 2805/2879/2805 2801/2820/2801 2809/2829/2809 2849/2880/2849
f 2852/2881/2852 2849/2882/2849 2809/2829/2809 2811/2831/2811
f 2853/2883/2853 2855/2884/2855 2852/2885/2852 2811/2831/2811 2800/2833/2800 2797/20/2797 2854/2886/2854
f 2862/2887/2862 2869/2888/2869 2868/2889/2868 2867/2890/2867 2866/2891/2866 2865/2892/2865 2864/1366/2864 2863/2893/2863
f 2862/2894/2862 2872/2895/2872 2871/2896/2871 2870/2897/2870
f 2870/2897/2870 2871/2896/2871 2874/2898/2874 2873/2899/2873
f 2873/2899/2873 2874/2898/2874 2876/2900/2876 2875/2901/2875
f 2875/2901/2875 2876/2900/2876 2877/2902/2877 2863/2893/2863
f 2863/2893/2863 2877/2902/2877 2872/2903/2872 2862/2887/2862
f 2872/2895/2872 2879/2904/2879 2878/2905/2878 2871/2896/2871
f 2871/2896/2871 2878/2905/2878 2880/2906/2880 2874/2898/2874
f 2874/2898/2874 2880/2906/2880 2881/2907/2881 2876/2900/2876
f 2876/2900/2876 2881/2907/2881 2882/2908/2882 2877/2902/2877
f 2877/2902/2877 2882/2908/2882 2879/2909/2879 2872/2903/2872
f 2879/2904/2879 2884/161/2884 2883/2910/2883 2878/2905/2878
f 2878/2905/2878 2883/2910/2883 2885/2911/2885 2880/2906/2880
f 2880/2906/2880 2885/2911/2885 2886/2912/2886 2881/2907/2881
f 2881/2907/2881 2886/2912/2886 2887/2913/2887 2882/2908/2882
f 2882/2908/2882 2887/2913/2887 2884/170/2884 2879/2909/2879
f 2888/2914/2888 2891/2915/2891 2869/2916/2869 2862/2894/2862 2870/2897/2870 2890/2917/2890 2889/2918/2889
f 2873/2899/2873 2892/2919/2892 2890/2920/2890 2870/2897/2870
f 2893/2921/2893 2896/2922/2896 2892/2923/2892 2873/2899/2873 2875/2901/2875 2895/2924/2895 2894/2925/2894
f 2864/1366/2864 2901/2926/2901 2900/2927/2900 2899/2928/2899 2898/2929/2898 2897/2930/2897 2895/2931/2895 2875/2901/2875 2863/2893/2863
f 2908/2932/2908 2912/2933/2912 2911/2934/2911 2910/1326/2910 2909/2935/2909
f 2913/2936/2913 2915/2937/2915 2914/2938/2914 2909/2935/2909
f 2909/2935/2909 2914/2938/2914 2916/2939/2916 2908/2932/2908
f 2908/2932/2908 2916/2939/2916 2918/2940/2918 2917/2941/2917
f 2917/2941/2917 2918/2940/2918 2920/2942/2920 2919/2943/2919
f 2919/2943/2919 2920/2942/2920 2915/2944/2915 2913/2945/2913
f 2915/2937/2915 2922/2946/2922 2921/2947/2921 2914/2938/2914
f 2914/2938/2914 2921/2947/2921 2923/2948/2923 2916/2939/2916
f 2916/2939/2916 2923/2948/2923 2924/2949/2924 2918/2940/2918
f 2918/2940/2918 2924/2949/2924 2925/2950/2925 2920/2942/2920
f 2920/2942/2920 2925/2950/2925 2922/2951/2922 2915/2944/2915
f 2922/2946/2922 2927/2952/2927 2926/2953/2926 2921/2947/2921
f 2921/2947/2921 2926/2953/2926 2928/2954/2928 2923/2948/2923
f 2923/2948/2923 2928/2954/2928 2929/2955/2929 2924/2949/2924
f 2924/2949/2924 2929/2955/2929 2930/2956/2930 2925/2950/2925
f 2925/2950/2925 2930/2956/2930 2927/2957/2927 2922/2951/2922
f 2931/2958/2931 2934/2959/2934 2933/2960/2933 2932/2961/2932 2913/2936/2913 2909/2935/2909 2910/1326/2910
f 2935/2962/2935 2938/2963/2938 2912/2964/2912 2908/2932/2908 2917/2941/2917 2937/2965/2937 2936/2966/2936
f 2939/2967/2939 2937/2968/2937 2917/2941/2917 2919/2943/2919 2940/2969/2940
f 2913/2945/2913 2932/2970/2932 2941/2971/2941 2940/2972/2940 2919/2943/2919
f 2948/2973/2948 2954/2974/2954 2953/2975/2953 2952/2976/2952 2951/2977/2951 2950/1326/2950 2949/2978/2949
f 2955/2979/2955 2957/2980/2957 2956/2981/2956 2949/2978/2949
f 2949/2978/2949 2956/2981/2956 2958/2982/2958 2948/2973/2948
f 2948/2973/2948 2958/2982/2958 2960/2983/2960 2959/2984/2959
f 2959/2984/2959 2960/2983/2960 2962/2985/2962 2961/2986/2961
f 2961/2986/2961 2962/2985/2962 2957/2987/2957 2955/2988/2955
f 2957/2980/2957 2964/2989/2964 2963/2990/2963 2956/2981/2956
f 2956/2981/2956 2963/2990/2963 2965/2991/2965 2958/2982/2958
f 2958/2982/2958 2965/2991/2965 2966/2992/2966 2960/2983/2960
f 2960/2983/2960 2966/2992/2966 2967/2993/2967 2962/2985/2962
f 2962/2985/2962 2967/2993/2967 2964/2994/2964 2957/2987/2957
f 2964/2989/2964 2969/2995/2969 2968/2996/2968 2963/2990/2963
f 2963/2990/2963 2968/2996/2968 2970/2997/2970 2965/2991/2965
f 2965/2991/2965 2970/2997/2970 2971/2998/2971 2966/2992/2966
f 2966/2992/2966 2971/2998/2971 2972/2999/2972 2967/2993/2967
f 2967/2993/2967 2972/2999/2972 2969/3000/2969 2964/2994/2964
f 2969/2995/2969 2974/289/2974 2973/1422/2973 2968/2996/2968
f 2968/2996/2968 2973/1422/2973 2975/1423/2975 2970/2997/2970
f 2970/2997/2970 2975/1423/2975 2976/1424/2976 2971/2998/2971
f 2971/2998/2971 2976/1424/2976 2977/1425/2977 2972/2999/2972
f 2972/2999/2972 2977/1425/2977 2974/298/2974 2969/3000/2969
f 2978/3001/2978 2985/3002/2985 2955/2979/2955 2949/2978/2949 2950/1326/2950 2984/3003/2984 2983/3004/2983 2982/3005/2982 2981/3006/2981 2980/3007/2980 2979/3008/2979
f 2986/3009/2986 2954/3010/2954 2948/2973/2948 2959/2984/2959 2990/3011/2990 2989/3012/2989 2988/3013/2988 2987/3014/2987
f 2991/3015/2991 2990/3016/2990 2959/2984/2959 2961/2986/2961 2993/3017/2993 2992/3018/2992
f 2994/3019/2994 2997/3020/2997 2996/3021/2996 2995/3022/2995 2993/3023/2993 2961/2986/2961 2955/2988/2955 2985/3024/2985
f 3004/3025/3004 3010/3026/3010 3009/3027/3009 3008/3028/3008 3007/3029/3007 3006/1326/3006 3005/3030/3005
f 3011/3031/3011 3013/3032/3013 3012/3033/3012 3005/3030/3005
f 3005/3030/3005 3012/3033/3012 3014/3034/3014 3004/3025/3004
f 3004/3025/3004 3014/3034/3014 3016/3035/3016 3015/3036/3015
f 3015/3036/3015 3016/3035/3016 3018/3037/3018 3017/3038/3017
f 3017/3038/3017 3018/3037/3018 3013/3039/3013 3011/3040/3011
f 3013/3032/3013 3020/3041/3020 3019/3042/3019 3012/3033/3012
f 3012/3033/3012 3019/3042/3019 3021/3043/3021 3014/3034/3014
f 3014/3034/3014 3021/3043/3021 3022/3044/3022 3016/3035/3016
f 3016/3035/3016 3022/3044/3022 3023/3045/3023 3018/3037/3018
f 3018/3037/3018 3023/3045/3023 3020/3046/3020 3013/3039/3013
f 3020/3041/3020 3025/161/3025 3024/2910/3024 3019/3042/3019
f 3019/3042/3019 3024/2910/3024 3026/2911/3026 3021/3043/3021
f 3021/3043/3021 3026/2911/3026 3027/2912/3027 3022/3044/3022
f 3022/3044/3022 3027/2912/3027 3028/2913/3028 3023/3045/3023
f 3023/3045/3023 3028/2913/3028 3025/170/3025 3020/3046/3020
f 3029/3047/3029 3032/3048/3032 3031/3049/3031 3030/3050/3030 3011/3031/3011 3005/3030/3005 3006/1326/3006
f 3033/3051/3033 3036/3052/3036 3035/3053/3035 3010/3054/3010 3004/3025/3004 3015/3036/3015 3034/3055/3034
f 3037/3056/3037 3034/3057/3034 3015/3036/3015 3017/3038/3017 3038/3058/3038
f 3011/3040/3011 3030/3059/3030 3042/3060/3042 3041/3061/3041 3040/3062/3040 3039/3063/3039 3038/3064/3038 3017/3038/3017
f 3049/3065/3049 3055/3066/3055 3054/3067/3054 3053/3068/3053 3052/3069/3052 3051/3070/3051 3050/3071/3050
f 3056/3072/3056 3059/3073/3059 3058/3074/3058 3057/3075/3057
f 3057/3075/3057 3058/3074/3058 3061/3076/3061 3060/3077/3060
f 3060/3077/3060 3061/3076/3061 3062/3078/3062 3050/3071/3050
f 3050/3071/3050 3062/3078/3062 3063/3079/3063 3049/3065/3049
f 3049/3065/3049 3063/3079/3063 3059/3080/3059 3056/3081/3056
f 3059/3073/3059 3065/3082/3065 3064/3083/3064 3058/3074/3058
f 3058/3074/3058 3064/3083/3064 3066/3084/3066 3061/3076/3061
f 3061/3076/3061 3066/3084/3066 3067/3085/3067 3062/3078/3062
f 3062/3078/3062 3067/3085/3067 3068/3086/3068 3063/3079/3063
f 3063/3079/3063 3068/3086/3068 3065/3087/3065 3059/3080/3059
f 3065/3082/3065 3070/3088/3070 3069/3089/3069 3064/3083/3064
f 3064/3083/3064 3069/3089/3069 3071/3090/3071 3066/3084/3066
f 3066/3084/3066 3071/3090/3071 3072/3091/3072 3067/3085/3067
f 3067/3085/3067 3072/3091/3072 3073/3092/3073 3068/3086/3068
f 3068/3086/3068 3073/3092/3073 3070/3093/3070 3065/3087/3065
f 3070/3088/3070 3075/410/3075 3074/1069/3074 3069/3089/3069
f 3069/3089/3069 3074/1069/3074 3076/1070/3076 3071/3090/3071
f 3071/3090/3071 3076/1070/3076 3077/1071/3077 3072/3091/3072
f 3072/3091/3072 3077/1071/3077 3078/1072/3078 3073/3092/3073
f 3073/3092/3073 3078/1072/3078 3075/419/3075 3070/3093/3070
f 3079/3094/3079 3081/3095/3081 3080/3096/3080 3056/3072/3056 3057/3075/3057
f 3060/3077/3060 3086/3097/3086 3085/3098/3085 3084/3099/3084 3083/3100/3083 3082/3101/3082 3079/3102/3079 3057/3075/3057
f 3087/3103/3087 3086/3104/3086 3060/3077/3060 3050/3071/3050 3051/3070/3051 3090/3105/3090 3089/3106/3089 3088/3107/3088
f 3056/3081/3056 3080/3108/3080 3094/3109/3094 3093/3110/3093 3092/3111/3092 3091/3112/3091 3055/3113/3055 3049/3065/3049
f 3101/3114/3101 3107/3115/3107 3106/3116/3106 3105/3117/3105 3104/3118/3104 3103/1366/3103 3102/3119/3102
f 3101/3120/3101 3110/3121/3110 3109/3122/3109 3108/3123/3108
f 3108/3123/3108 3109/3122/3109 3112/3124/3112 3111/3125/3111
f 3111/3125/3111 3112/3124/3112 3114/3126/3114 3113/3127/3113
f 3113/3127/3113 3114/3126/3114 3115/3128/3115 3102/3119/3102
f 3102/3119/3102 3115/3128/3115 3110/3129/3110 3101/3114/3101
f 3110/3121/3110 3117/3130/3117 3116/3131/3116 3109/3122/3109
f 3109/3122/3109 3116/3131/3116 3118/3132/3118 3112/3124/3112
f 3112/3124/3112 3118/3132/3118 3119/3133/3119 3114/3126/3114
f 3114/3126/3114 3119/3133/3119 3120/3134/3120 3115/3128/3115
f 3115/3128/3115 3120/3134/3120 3117/3135/3117 3110/3129/3110
f 3117/3130/3117 3122/3136/3122 3121/3137/3121 3116/3131/3116
f 3116/3131/3116 3121/3137/3121 3123/3138/3123 3118/3132/3118
f 3118/3132/3118 3123/3138/3123 3124/3139/3124 3119/3133/3119
f 3119/3133/3119 3124/3139/3124 3125/3140/3125 3120/3134/3120
f 3120/3134/3120 3125/3140/3125 3122/3141/3122 3117/3135/3117
f 3122/3136/3122 3127/3142/3127 3126/3143/3126 3121/3137/3121
f 3121/3137/3121 3126/3143/3126 3128/3144/3128 3123/3138/3123
f 3123/3138/3123 3128/3144/3128 3129/3145/3129 3124/3139/3124
f 3124/3139/3124 3129/3145/3129 3130/3146/3130 3125/3140/3125
f 3125/3140/3125 3130/3146/3130 3127/3147/3127 3122/3141/3122
f 3127/3142/3127 3132/840/3132 3131/3148/3131 3126/3143/3126
f 3126/3143/3126 3131/3148/3131 3133/3149/3133 3128/3144/3128
f 3128/3144/3128 3133/3149/3133 3134/3150/3134 3129/3145/3129
f 3129/3145/3129 3134/3150/3134 3135/3151/3135 3130/3146/3130
f 3130/3146/3130 3135/3151/3135 3132/849/3132 3127/3147/3127
f 3136/3152/3136 3140/3153/3140 3139/3154/3139 3107/3155/3107 3101/3120/3101 3108/3123/3108 3138/3156/3138 3137/3157/3137
f 3141/3158/3141 3138/3159/3138 3108/3123/3108 3111/3125/3111
f 3142/3160/3142 3145/3161/3145 3144/3162/3144 3141/3163/3141 3111/3125/3111 3113/3127/3113 3143/3164/3143
f 3146/3165/3146 3150/3166/3150 3149/3167/3149 3143/3168/3143 3113/3127/3113 3102/3119/3102 3103/1366/3103 3148/3169/3148 3147/3170/3147
f 3157/3171/3157 3166/3172/3166 3165/3173/3165 3164/3174/3164 3163/3175/3163 3162/3176/3162 3161/3177/3161 3160/3178/3160 3159/1326/3159 3158/3179/3158
f 3167/3180/3167 3169/3181/3169 3168/3182/3168 3158/3179/3158
f 3158/3179/3158 3168/3182/3168 3170/3183/3170 3157/3171/3157
f 3157/3171/3157 3170/3183/3170 3172/3184/3172 3171/3185/3171
f 3171/3185/3171 3172/3184/3172 3174/3186/3174 3173/3187/3173
f 3173/3187/3173 3174/3186/3174 3169/3188/3169 3167/3189/3167
f 3169/3181/3169 3176/3190/3176 3175/3191/3175 3168/3182/3168
f 3168/3182/3168 3175/3191/3175 3177/3192/3177 3170/3183/3170
f 3170/3183/3170 3177/3192/3177 3178/3193/3178 3172/3184/3172
f 3172/3184/3172 3178/3193/3178 3179/3194/3179 3174/3186/3174
f 3174/3186/3174 3179/3194/3179 3176/3195/3176 3169/3188/3169
f 3176/3190/3176 3181/3196/3181 3180/3197/3180 3175/3191/3175
f 3175/3191/3175 3180/3197/3180 3182/3198/3182 3177/3192/3177
f 3177/3192/3177 3182/3198/3182 3183/3199/3183 3178/3193/3178
f 3178/3193/3178 3183/3199/3183 3184/3200/3184 3179/3194/3179
f 3179/3194/3179 3184/3200/3184 3181/3201/3181 3176/3195/3176
f 3181/3196/3181 3186/3202/3186 3185/3203/3185 3180/3197/3180
f 3180/3197/3180 3185/3203/3185 3187/3204/3187 3182/3198/3182
f 3182/3198/3182 3187/3204/3187 3188/3205/3188 3183/3199/3183
f 3183/3199/3183 3188/3205/3188 3189/3206/3189 3184/3200/3184
f 3184/3200/3184 3189/3206/3189 3186/3207/3186 3181/3201/3181
f 3186/3202/3186 3191/1153/3191 3190/1154/3190 3185/3203/3185
f 3185/3203/3185 3190/1154/3190 3192/1155/3192 3187/3204/3187
f 3187/3204/3187 3192/1155/3192 3193/1156/3193 3188/3205/3188
f 3188/3205/3188 3193/1156/3193 3194/1157/3194 3189/3206/3189
f 3189/3206/3189 3194/1157/3194 3191/1158/3191 3186/3207/3186
f 3195/3208/3195 3200/3209/3200 3199/3210/3199 3198/3211/3198 3197/3212/3197 3167/3180/3167 3158/3179/3158 3159/1326/3159 3196/3213/3196
f 3201/3214/3201 3203/3215/3203 3166/3216/3166 3157/3171/3157 3171/3185/3171 3202/3217/3202
f 3173/3187/3173 3205/3218/3205 3204/3219/3204 3202/3220/3202 3171/3185/3171
f 3206/3221/3206 3205/3222/3205 3173/3187/3173 3167/3189/3167 3197/3223/3197 3207/3224/3207
f 3214/3225/3214 3219/3226/3219 3218/3227/3218 3217/3228/3217 3216/1326/3216 3215/3229/3215
f 3220/3230/3220 3222/3231/3222 3221/3232/3221 3215/3229/3215
f 3215/3229/3215 3221/3232/3221 3223/3233/3223 3214/3225/3214
f 3214/3225/3214 3223/3233/3223 3225/3234/3225 3224/3235/3224
f 3224/3235/3224 3225/3234/3225 3227/3236/3227 3226/3237/3226
f 3226/3237/3226 3227/3236/3227 3222/3238/3222 3220/3239/3220
f 3222/3231/3222 3229/3240/3229 3228/3241/3228 3221/3232/3221
f 3221/3232/3221 3228/3241/3228 3230/3242/3230 3223/3233/3223
f 3223/3233/3223 3230/3242/3230 3231/3243/3231 3225/3234/3225
f 3225/3234/3225 3231/3243/3231 3232/3244/3232 3227/3236/3227
f 3227/3236/3227 3232/3244/3232 3229/3245/3229 3222/3238/3222
f 3229/3240/3229 3234/3246/3234 3233/3247/3233 3228/3241/3228
f 3228/3241/3228 3233/3247/3233 3235/3248/3235 3230/3242/3230
f 3230/3242/3230 3235/3248/3235 3236/3249/3236 3231/3243/3231
f 3231/3243/3231 3236/3249/3236 3237/3250/3237 3232/3244/3232
f 3232/3244/3232 3237/3250/3237 3234/3251/3234 3229/3245/3229
f 3234/3246/3234 3239/3252/3239 3238/3253/3238 3233/3247/3233
f 3233/3247/3233 3238/3253/3238 3240/3254/3240 3235/3248/3235
f 3235/3248/3235 3240/3254/3240 3241/3255/3241 3236/3249/3236
f 3236/3249/3236 3241/3255/3241 3242/3256/3242 3237/3250/3237
f 3237/3250/3237 3242/3256/3242 3239/3257/3239 3234/3251/3234
f 3239/3252/3239 3244/2095/3244 3243/2096/3243 3238/3253/3238
f 3238/3253/3238 3243/2096/3243 3245/2097/3245 3240/3254/3240
f 3240/3254/3240 3245/2097/3245 3246/2098/3246 3241/3255/3241
f 3241/3255/3241 3246/2098/3246 3247/2099/3247 3242/3256/3242
f 3242/3256/3242 3247/2099/3247 3244/2100/3244 3239/3257/3239
f 3215/3229/3215 3216/1326/3216 3252/3258/3252 3251/3259/3251 3250/3260/3250 3249/3261/3249 3248/3262/3248 3220/3230/3220
f 3253/3263/3253 3256/3264/3256 3255/3265/3255 3219/3266/3219 3214/3225/3214 3224/3235/3224 3254/3267/3254
f 3257/3268/3257 3259/3269/3259 3254/3270/3254 3224/3235/3224 3226/3237/3226 3258/3271/3258
f 3248/3272/3248 3262/3273/3262 3261/3274/3261 3260/3275/3260 3258/3276/3258 3226/3237/3226 3220/3239/3220
f 3269/3277/3269 3278/3278/3278 3277/3279/3277 3276/3280/3276 3275/3281/3275 3274/3282/3274 3273/3283/3273 3272/3284/3272 3271/1326/3271 3270/3285/3270
f 3279/3286/3279 3281/3287/3281 3280/3288/3280 3270/3285/3270
f 3270/3285/3270 3280/3288/3280 3282/3289/3282 3269/3277/3269
f 3269/3277/3269 3282/3289/3282 3284/3290/3284 3283/3291/3283
f 3283/3291/3283 3284/3290/3284 3286/3292/3286 3285/3293/3285
f 3285/3293/3285 3286/3292/3286 3281/3294/3281 3279/3295/3279
f 3281/3287/3281 3288/3296/3288 3287/3297/3287 3280/3288/3280
f 3280/3288/3280 3287/3297/3287 3289/3298/3289 3282/3289/3282
f 3282/3289/3282 3289/3298/3289 3290/3299/3290 3284/3290/3284
f 3284/3290/3284 3290/3299/3290 3291/3300/3291 3286/3292/3286
f 3286/3292/3286 3291/3300/3291 3288/3301/3288 3281/3294/3281
f 3288/3296/3288 3293/3302/3293 3292/3303/3292 3287/3297/3287
f 3287/3297/3287 3292/3303/3292 3294/3304/3294 3289/3298/3289
f 3289/3298/3289 3294/3304/3294 3295/3305/3295 3290/3299/3290
f 3290/3299/3290 3295/3305/3295 3296/3306/3296 3291/3300/3291
f 3291/3300/3291 3296/3306/3296 3293/3307/3293 3288/3301/3288
f 3293/3302/3293 3298/3308/3298 3297/3309/3297 3292/3303/3292
f 3292/3303/3292 3297/3309/3297 3299/3310/3299 3294/3304/3294
f 3294/3304/3294 3299/3310/3299 3300/3311/3300 3295/3305/3295
f 3295/3305/3295 3300/3311/3300 3301/3312/3301 3296/3306/3296
f 3296/3306/3296 3301/3312/3301 3298/3313/3298 3293/3307/3293
f 3298/3308/3298 3303/3314/3303 3302/3315/3302 3297/3309/3297
f 3297/3309/3297 3302/3315/3302 3304/3316/3304 3299/3310/3299
f 3299/3310/3299 3304/3316/3304 3305/3317/3305 3300/3311/3300
f 3300/3311/3300 3305/3317/3305 3306/3318/3306 3301/3312/3301
f 3301/3312/3301 3306/3318/3306 3303/3319/3303 3298/3313/3298
f 3303/3314/3303 3308/3320/3308 3307/3321/3307 3302/3315/3302
f 3302/3315/3302 3307/3321/3307 3309/3322/3309 3304/3316/3304
f 3304/3316/3304 3309/3322/3309 3310/3323/3310 3305/3317/3305
f 3305/3317/3305 3310/3323/3310 3311/3324/3311 3306/3318/3306
f 3306/3318/3306 3311/3324/3311 3308/3325/3308 3303/3319/3303
f 3271/1326/3271 3315/3326/3315 3314/3327/3314 3313/3328/3313 3312/3329/3312 3279/3286/3279 3270/3285/3270
f 3283/3291/3283 3319/3330/3319 3318/3331/3318 3317/3332/3317 3316/3333/3316 3278/3334/3278 3269/3277/3269
f 3320/3335/3320 3319/3336/3319 3283/3291/3283 3285/3293/3285 3321/3337/3321
f 3279/3295/3279 3312/3338/3312 3324/3339/3324 3323/3340/3323 3322/3341/3322 3321/3342/3321 3285/3293/3285
f 3331/1326/3331 3334/3343/3334 3333/3344/3333 3332/2661/3332
f 3335/3345/3335 3337/3346/3337 3336/3347/3336 3334/3343/3334
f 3334/3343/3334 3336/3347/3336 3338/3348/3338 3333/3344/3333
f 3333/3344/3333 3338/3348/3338 3340/3349/3340 3339/3350/3339
f 3339/3350/3339 3340/3349/3340 3342/3351/3342 3341/3352/3341
f 3341/3352/3341 3342/3351/3342 3337/3353/3337 3335/3354/3335
f 3337/3346/3337 3344/3355/3344 3343/3356/3343 3336/3347/3336
f 3336/3347/3336 3343/3356/3343 3345/3357/3345 3338/3348/3338
f 3338/3348/3338 3345/3357/3345 3346/3358/3346 3340/3349/3340
f 3340/3349/3340 3346/3358/3346 3347/3359/3347 3342/3351/3342
f 3342/3351/3342 3347/3359/3347 3344/3360/3344 3337/3353/3337
f 3344/3355/3344 3349/3361/3349 3348/3362/3348 3343/3356/3343
f 3343/3356/3343 3348/3362/3348 3350/3363/3350 3345/3357/3345
f 3345/3357/3345 3350/3363/3350 3351/3364/3351 3346/3358/3346
f 3346/3358/3346 3351/3364/3351 3352/3365/3352 3347/3359/3347
f 3347/3359/3347 3352/3365/3352 3349/3366/3349 3344/3360/3344
f 3349/3361/3349 3354/3367/3354 3353/3368/3353 3348/3362/3348
f 3348/3362/3348 3353/3368/3353 3355/3369/3355 3350/3363/3350
f 3350/3363/3350 3355/3369/3355 3356/3370/3356 3351/3364/3351
f 3351/3364/3351 3356/3370/3356 3357/3371/3357 3352/3365/3352
f 3352/3365/3352 3357/3371/3357 3354/3372/3354 3349/3366/3349
f 3354/3367/3354 3359/3373/3359 3358/3374/3358 3353/3368/3353
f 3353/3368/3353 3358/3374/3358 3360/3375/3360 3355/3369/3355
f 3355/3369/3355 3360/3375/3360 3361/3376/3361 3356/3370/3356
f 3356/3370/3356 3361/3376/3361 3362/3377/3362 3357/3371/3357
f 3357/3371/3357 3362/3377/3362 3359/3378/3359 3354/3372/3354
f 3359/3373/3359 3364/3379/3364 3363/3380/3363 3358/3374/3358
f 3358/3374/3358 3363/3380/3363 3365/3381/3365 3360/3375/3360
f 3360/3375/3360 3365/3381/3365 3366/3382/3366 3361/3376/3361
f 3361/3376/3361 3366/3382/3366 3367/3383/3367 3362/3377/3362
f 3362/3377/3362 3367/3383/3367 3364/3384/3364 3359/3378/3359
f 3364/3379/3364 3369/3385/3369 3368/3386/3368 3363/3380/3363
f 3363/3380/3363 3368/3386/3368 3370/3387/3370 3365/3381/3365
f 3365/3381/3365 3370/3387/3370 3371/3388/3371 3366/3382/3366
f 3366/3382/3366 3371/3388/3371 3372/3389/3372 3367/3383/3367
f 3367/3383/3367 3372/3389/3372 3369/3390/3369 3364/3384/3364
f 3369/3385/3369 3374/3391/3374 3373/3392/3373 3368/3386/3368
f 3368/3386/3368 3373/3392/3373 3375/3393/3375 3370/3387/3370
f 3370/3387/3370 3375/3393/3375 3376/3394/3376 3371/3388/3371
f 3371/3388/3371 3376/3394/3376 3377/3395/3377 3372/3389/3372
f 3372/3389/3372 3377/3395/3377 3374/3396/3374 3369/3390/3369
f 3378/3397/3378 3382/3398/3382 3381/3399/3381 3380/3400/3380 3335/3345/3335 3334/3343/3334 3331/1326/3331 3379/3401/3379
f 3332/3402/3332 3333/3344/3333 3339/3350/3339 3393/3403/3393 3392/3404/3392 3391/3405/3391 3390/3406/3390 3389/3407/3389 3388/3408/3388 3387/3409/3387 3386/3410/3386 3385/3411/3385 3384/3412/3384 3383/3413/3383
f 3394/3414/3394 3400/3415/3400 3399/3416/3399 3393/3417/3393 3339/3350/3339 3341/3352/3341 3398/3418/3398 3397/3419/3397 3396/3420/3396 3395/3421/3395
f 3401/3422/3401 3403/3423/3403 3402/3424/3402 3398/3425/3398 3341/3352/3341 3335/3354/3335 3380/3426/3380
f 3409/1117/3409 3412/1120/3412 3405/1326/3405 3406/1/3406 3411/1119/3411 3410/1118/3410
f 3413/1121/3413 3404/2661/3404 3405/1326/3405 3412/1122/3412
f 3408/3070/3408 3404/2661/3404 3413/1124/3413 3416/1123/3416 3415/1126/3415 3414/1125/3414
f 3408/3427/3408 3414/1130/3414 3419/1129/3419 3418/1128/3418 3417/1127/3417 3407/3428/3407
f 3411/1131/3411 3406/20/3406 3407/1366/3407 3417/1134/3417 3421/1133/3421 3420/1132/3420
f 3428/3005/3428 3434/3004/3434 3424/3003/3424 3425/1/3425 3433/3002/3433 3432/3001/3432 3431/3008/3431 3430/3007/3430 3429/3006/3429
f 3435/2975/3435 3437/2974/3437 3422/2661/3422 3423/2977/3423 3436/2976/3436
f 3438/3013/3438 3442/3012/3442 3441/3011/3441 3427/3070/3427 3422/2661/3422 3437/3010/3437 3440/3009/3440 3439/3014/3439
f 3443/3018/3443 3445/3017/3445 3426/1366/3426 3427/3070/3427 3441/3016/3441 3444/3015/3444
f 3446/3020/3446 3449/3019/3449 3433/3024/3433 3425/20/3425 3426/1366/3426 3445/3023/3445 3448/3022/3448 3447/3021/3447
f 3455/1207/3455 3451/1326/3451 3452/1/3452 3456/1208/3456
f 3457/1212/3457 3450/2661/3450 3451/1326/3451 3455/1211/3455 3460/1210/3460 3459/1209/3459 3458/1213/3458
f 3461/1215/3461 3464/1214/3464 3463/1218/3463 3462/1217/3462 3454/3070/3454 3450/2661/3450 3457/1216/3457
f 3454/3070/3454 3462/1220/3462 3465/1219/3465 3453/1366/3453
f 3456/1224/3456 3452/20/3452 3453/1366/3453 3465/1223/3465 3469/1222/3469 3468/1221/3468 3467/1226/3467 3466/1225/3466
f 3473/1/3473 3480/2158/3480 3479/2157/3479 3478/2162/3478 3477/2161/3477 3476/2160/3476 3472/2159/3472
f 3481/2168/3481 3486/2167/3486 3485/2166/3485 3484/2165/3484 3470/3429/3470 3471/2163/3471 3483/2170/3483 3482/2169/3482
f 3484/2173/3484 3490/2172/3490 3489/2171/3489 3488/2175/3488 3487/2174/3487 3475/3070/3475 3470/2661/3470
f 3475/3070/3475 3487/2178/3487 3492/2177/3492 3491/2176/3491 3474/1366/3474
f 3474/3430/3474 3491/2182/3491 3495/2181/3495 3494/2180/3494 3493/2179/3493 3480/2184/3480 3473/3431/3473
f 3501/2230/3501 3504/2229/3504 3497/1326/3497 3498/1/3498 3503/2228/3503 3502/2227/3502
f 3504/2232/3504 3505/2231/3505 3496/2661/3496 3497/1326/3497
f 3506/2233/3506 3509/2237/3509 3500/3070/3500 3496/2661/3496 3505/2236/3505 3508/2235/3508 3507/2234/3507
f 3500/3070/3500 3509/2240/3509 3512/2239/3512 3511/2238/3511 3510/2241/3510 3499/1366/3499
f 3513/2243/3513 3503/2242/3503 3498/20/3498 3499/1366/3499 3510/2246/3510 3515/2245/3515 3514/2244/3514
f 3522/3432/3522 3525/3433/3525 3524/3434/3524 3523/3435/3523
f 3523/3435/3523 3524/3434/3524 3527/3436/3527 3526/3437/3526
f 3526/3437/3526 3527/3436/3527 3529/3438/3529 3528/3439/3528
f 3528/3439/3528 3529/3438/3529 3531/3440/3531 3530/3441/3530
f 3530/3441/3530 3531/3440/3531 3525/3442/3525 3522/3443/3522
f 3525/3433/3525 3533/3444/3533 3532/3445/3532 3524/3434/3524
f 3524/3434/3524 3532/3445/3532 3534/3446/3534 3527/3436/3527
f 3527/3436/3527 3534/3446/3534 3535/3447/3535 3529/3438/3529
f 3529/3438/3529 3535/3447/3535 3536/3448/3536 3531/3440/3531
f 3531/3440/3531 3536/3448/3536 3533/3449/3533 3525/3442/3525
f 3533/3444/3533 3538/3450/3538 3537/3451/3537 3532/3445/3532
f 3532/3445/3532 3537/3451/3537 3539/3452/3539 3534/3446/3534
f 3534/3446/3534 3539/3452/3539 3540/3453/3540 3535/3447/3535
f 3535/3447/3535 3540/3453/3540 3541/3454/3541 3536/3448/3536
f 3536/3448/3536 3541/3454/3541 3538/3455/3538 3533/3449/3533
f 3542/3456/3542 3545/3457/3545 3544/3458/3544 3522/3432/3522 3523/3435/3523 3543/3459/3543
f 3546/3460/3546 3553/3461/3553 3552/3462/3552 3543/3463/3543 3523/3435/3523 3526/3437/3526 3551/3464/3551 3550/3465/3550 3549/3466/3549 3548/3467/3548 3547/3468/3547
f 3554/3469/3554 3560/3470/3560 3559/3471/3559 3558/3472/3558 3557/3473/3557 3551/3474/3551 3526/3437/3526 3528/3439/3528 3556/3475/3556 3555/3476/3555
f 3561/3477/3561 3565/3478/3565 3564/3479/3564 3556/3480/3556 3528/3439/3528 3530/3441/3530 3563/3481/3563 3562/3482/3562
f 3566/3483/3566 3563/3484/3563 3530/3441/3530 3522/3485/3522 3544/3486/3544 3567/3487/3567
f 3569/3488/3569 3570/3489/3570 3576/1298/3576 3575/1297/3575 3574/1296/3574 3573/1299/3573
f 3577/1303/3577 3568/3490/3568 3569/3488/3569 3573/1302/3573 3581/1301/3581 3580/1300/3580 3579/1305/3579 3578/1304/3578
f 3582/1306/3582 3572/3070/3572 3568/2661/3568 3577/1310/3577 3585/1309/3585 3584/1308/3584 3583/1307/3583
f 3572/3070/3572 3582/1315/3582 3589/1314/3589 3588/1313/3588 3587/1312/3587 3586/1311/3586 3571/1366/3571
f 3590/1318/3590 3593/1317/3593 3576/1316/3576 3570/20/3570 3571/1366/3571 3586/1321/3586 3592/1320/3592 3591/1319/3591
f 3594/3491/3594 3599/1363/3599 3598/1362/3598 3597/1361/3597 3596/1360/3596 3595/1359/3595
f 3595/1390/3595 3601/1389/3601 3600/2661/3600 3594/1326/3594
f 3600/2661/3600 3601/1392/3601 3606/1391/3606 3605/1395/3605 3604/1394/3604 3603/1393/3603 3602/3070/3602
f 3603/1401/3603 3610/1400/3610 3609/1399/3609 3608/1398/3608 3607/1397/3607 3602/3492/3602
f 3617/1684/3617 3612/1326/3612 3613/1/3613 3622/1683/3622 3621/1682/3621 3620/1681/3620 3619/1686/3619 3618/1685/3618
f 3617/1688/3617 3623/1687/3623 3611/2661/3611 3612/1326/3612
f 3624/1689/3624 3626/1692/3626 3616/3070/3616 3611/2661/3611 3623/1691/3623 3625/1690/3625
f 3615/3493/3615 3616/3070/3616 3626/1696/3626 3633/1695/3633 3632/1694/3632 3631/1693/3631 3630/1698/3630 3629/1697/3629 3628/3494/3628 3627/3495/3627
f 3614/3496/3614 3628/3497/3628 3629/1702/3629 3635/1701/3635 3634/1700/3634 3622/1699/3622 3613/20/3613
f 3637/1326/3637 3638/1/3638 3644/1729/3644 3643/1728/3643 3642/1727/3642 3641/1730/3641
f 3637/1326/3637 3641/1734/3641 3648/1733/3648 3647/1732/3647 3646/1731/3646 3645/1735/3645 3636/2661/3636
f 3640/3070/3640 3636/2661/3636 3645/1740/3645 3652/1739/3652 3651/1738/3651 3650/1737/3650 3649/1736/3649
f 3653/1741/3653 3639/1366/3639 3640/3070/3640 3649/1742/3649
f 3638/20/3638 3639/1366/3639 3653/1745/3653 3657/1744/3657 3656/1743/3656 3655/1748/3655 3654/1747/3654 3644/1746/3644
f 3659/1326/3659 3660/1/3660 3668/1778/3668 3667/1777/3667 3666/1776/3666 3665/1775/3665 3664/1774/3664 3663/1773/3663
f 3669/1779/3669 3670/1781/3670 3658/2661/3658 3659/1326/3659 3663/1780/3663
f 3671/1784/3671 3675/1783/3675 3674/1782/3674 3662/3498/3662 3658/3499/3658 3670/1787/3670 3673/1786/3673 3672/1785/3672
f 3676/1788/3676 3678/1791/3678 3677/1790/3677 3661/1366/3661 3662/3070/3662 3674/1789/3674
f 3679/1795/3679 3681/1794/3681 3680/1793/3680 3668/1792/3668 3660/20/3660 3661/1366/3661 3677/1796/3677
f 3688/3500/3688 3691/3501/3691 3690/3502/3690 3689/3503/3689
f 3689/3503/3689 3690/3502/3690 3693/3504/3693 3692/3505/3692
f 3692/3505/3692 3693/3504/3693 3695/3506/3695 3694/3507/3694
f 3694/3507/3694 3695/3506/3695 3697/3508/3697 3696/3509/3696
f 3696/3509/3696 3697/3508/3697 3691/3510/3691 3688/3511/3688
f 3691/3501/3691 3699/3512/3699 3698/3513/3698 3690/3502/3690
f 3690/3502/3690 3698/3513/3698 3700/3514/3700 3693/3504/3693
f 3693/3504/3693 3700/3514/3700 3701/3515/3701 3695/3506/3695
f 3695/3506/3695 3701/3515/3701 3702/3516/3702 3697/3508/3697
f 3697/3508/3697 3702/3516/3702 3699/3517/3699 3691/3510/3691
f 3699/3512/3699 3704/3518/3704 3703/3519/3703 3698/3513/3698
f 3698/3513/3698 3703/3519/3703 3705/3520/3705 3700/3514/3700
f 3700/3514/3700 3705/3520/3705 3706/3521/3706 3701/3515/3701
f 3701/3515/3701 3706/3521/3706 3707/3522/3707 3702/3516/3702
f 3702/3516/3702 3707/3522/3707 3704/3523/3704 3699/3517/3699
f 3704/3518/3704 3709/3524/3709 3708/3525/3708 3703/3519/3703
f 3703/3519/3703 3708/3525/3708 3710/3526/3710 3705/3520/3705
f 3705/3520/3705 3710/3526/3710 3711/3527/3711 3706/3521/3706
f 3706/3521/3706 3711/3527/3711 3712/3528/3712 3707/3522/3707
f 3707/3522/3707 3712/3528/3712 3709/3529/3709 3704/3523/3704
f 3709/3524/3709 3714/3530/3714 3713/3531/3713 3708/3525/3708
f 3708/3525/3708 3713/3531/3713 3715/3532/3715 3710/3526/3710
f 3710/3526/3710 3715/3532/3715 3716/3533/3716 3711/3527/3711
f 3711/3527/3711 3716/3533/3716 3717/3534/3717 3712/3528/3712
f 3712/3528/3712 3717/3534/3717 3714/3535/3714 3709/3529/3709
f 3689/3503/3689 3722/3536/3722 3721/3537/3721 3720/3538/3720 3719/3539/3719 3718/3540/3718 3688/3500/3688
f 3723/3541/3723 3729/3542/3729 3728/3543/3728 3727/3544/3727 3722/3536/3722 3689/3503/3689 3692/3505/3692 3726/3545/3726 3725/3546/3725 3724/3547/3724
f 3730/3548/3730 3737/3549/3737 3736/3550/3736 3726/3551/3726 3692/3505/3692 3694/3507/3694 3735/3552/3735 3734/3553/3734 3733/3554/3733 3732/3555/3732 3731/3556/3731
f 3738/3557/3738 3741/3558/3741 3735/3559/3735 3694/3507/3694 3696/3509/3696 3740/3560/3740 3739/3561/3739
f 3688/3511/3688 3718/3562/3718 3746/3563/3746 3745/3564/3745 3744/3565/3744 3743/3566/3743 3742/3567/3742 3740/3568/3740 3696/3509/3696
f 3748/1326/3748 3749/1/3749 3758/3155/3758 3757/3154/3757 3756/3153/3756 3755/3152/3755 3754/3157/3754 3753/3156/3753
f 3759/3158/3759 3747/2661/3747 3748/1326/3748 3753/3159/3753
f 3752/3070/3752 3747/2661/3747 3759/3163/3759 3763/3162/3763 3762/3161/3762 3761/3160/3761 3760/3164/3760
f 3752/3070/3752 3760/3168/3760 3767/3167/3767 3766/3166/3766 3765/3165/3765 3764/3170/3764 3751/3169/3751
f 3750/3118/3750 3769/3117/3769 3768/3116/3768 3758/3115/3758 3749/20/3749
f 3773/1/3773 3780/3212/3780 3779/3211/3779 3778/3210/3778 3777/3209/3777 3776/3208/3776 3772/3213/3772
f 3781/3173/3781 3786/3172/3786 3770/2661/3770 3771/3178/3771 3785/3177/3785 3784/3176/3784 3783/3175/3783 3782/3174/3782
f 3786/3216/3786 3789/3215/3789 3788/3214/3788 3787/3217/3787 3775/3070/3775 3770/2661/3770
f 3790/3218/3790 3774/1366/3774 3775/3070/3775 3787/3220/3787 3791/3219/3791
f 3792/3224/3792 3780/3223/3780 3773/20/3773 3774/1366/3774 3790/3222/3790 3793/3221/3793
f 3799/1875/3799 3795/1326/3795 3796/1/3796 3802/1878/3802 3801/1877/3801 3800/1876/3800
f 3803/1881/3803 3794/2661/3794 3795/1326/3795 3799/1880/3799 3804/1879/3804
f 3794/2661/3794 3803/1884/3803 3808/1883/3808 3807/1882/3807 3806/1886/3806 3805/1885/3805 3798/3070/3798
f 3798/3070/3798 3805/1889/3805 3812/1888/3812 3811/1887/3811 3810/1891/3810 3809/1890/3809 3797/1366/3797
f 3813/1893/3813 3817/1892/3817 3802/1898/3802 3796/20/3796 3797/1366/3797 3809/1897/3809 3816/1896/3816 3815/1895/3815 3814/1894/3814
f 3818/1902/3818 3821/2661/3821 3820/1904/3820 3819/1903/3819
f 3822/1938/3822 3827/1943/3827 3826/3070/3826 3821/2661/3821 3818/1942/3818 3825/1941/3825 3824/1940/3824 3823/1939/3823
f 3826/3070/3826 3827/1945/3827 3828/1944/3828
f 3831/1/3831 3838/1984/3838 3837/1983/3837 3836/1982/3836 3835/1986/3835 3834/1985/3834 3830/1326/3830
f 3829/2661/3829 3830/1326/3830 3834/1993/3834 3844/1992/3844 3843/1991/3843 3842/1990/3842 3841/1989/3841 3840/1988/3840 3839/1987/3839
f 3845/1999/3845 3833/3070/3833 3829/2661/3829 3839/1998/3839 3849/1997/3849 3848/1996/3848 3847/1995/3847 3846/1994/3846
f 3850/2000/3850 3832/3569/3832 3833/3570/3833 3845/2002/3845 3851/2001/3851
f 3832/1366/3832 3850/2007/3850 3854/2006/3854 3853/2005/3853 3852/2004/3852 3838/2003/3838 3831/20/3831
f 3860/2040/3860 3856/1326/3856 3857/1/3857 3862/2039/3862 3861/2038/3861
f 3863/2042/3863 3866/2041/3866 3865/2045/3865 3855/2661/3855 3856/1326/3856 3860/2044/3860 3864/2043/3864
f 3855/2661/3855 3865/2045/3865 3870/2048/3870 3869/2047/3869 3868/2046/3868 3867/2049/3867 3859/3070/3859
f 3871/2050/3871 3874/2054/3874 3858/1366/3858 3859/3070/3859 3867/2053/3867 3873/2052/3873 3872/2051/3872
f 3875/2056/3875 3862/2055/3862 3857/20/3857 3858/1366/3858 3874/2058/3874 3876/2057/3876
f 3883/3571/3883 3891/3572/3891 3890/3573/3890 3889/3574/3889 3888/3575/3888 3887/3576/3887 3886/3577/3886 3885/1326/3885 3884/3578/3884
f 3892/3579/3892 3894/3580/3894 3893/3581/3893 3884/3578/3884
f 3884/3578/3884 3893/3581/3893 3895/3582/3895 3883/3571/3883
f 3883/3571/3883 3895/3582/3895 3897/3583/3897 3896/3584/3896
f 3896/3584/3896 3897/3583/3897 3899/3585/3899 3898/3586/3898
f 3898/3586/3898 3899/3585/3899 3894/3587/3894 3892/3588/3892
f 3894/3580/3894 3901/3589/3901 3900/3590/3900 3893/3581/3893
f 3893/3581/3893 3900/3590/3900 3902/3591/3902 3895/3582/3895
f 3895/3582/3895 3902/3591/3902 3903/3592/3903 3897/3583/3897
f 3897/3583/3897 3903/3592/3903 3904/3593/3904 3899/3585/3899
f 3899/3585/3899 3904/3593/3904 3901/3594/3901 3894/3587/3894
f 3901/3589/3901 3906/3595/3906 3905/3596/3905 3900/3590/3900
f 3900/3590/3900 3905/3596/3905 3907/3597/3907 3902/3591/3902
f 3902/3591/3902 3907/3597/3907 3908/3598/3908 3903/3592/3903
f 3903/3592/3903 3908/3598/3908 3909/3599/3909 3904/3593/3904
f 3904/3593/3904 3909/3599/3909 3906/3600/3906 3901/3594/3901
f 3906/3595/3906 3911/3601/3911 3910/3602/3910 3905/3596/3905
f 3905/3596/3905 3910/3602/3910 3912/3603/3912 3907/3597/3907
f 3907/3597/3907 3912/3603/3912 3913/3604/3913 3908/3598/3908
f 3908/3598/3908 3913/3604/3913 3914/3605/3914 3909/3599/3909
f 3909/3599/3909 3914/3605/3914 3911/3606/3911 3906/3600/3906
f 3911/3601/3911 3916/3607/3916 3915/3608/3915 3910/3602/3910
f 3910/3602/3910 3915/3608/3915 3917/3609/3917 3912/3603/3912
f 3912/3603/3912 3917/3609/3917 3918/3610/3918 3913/3604/3913
f 3913/3604/3913 3918/3610/3918 3919/3611/3919 3914/3605/3914
f 3914/3605/3914 3919/3611/3919 3916/3612/3916 3911/3606/3911
f 3916/3607/3916 3921/3613/3921 3920/3614/3920 3915/3608/3915
f 3915/3608/3915 3920/3614/3920 3922/3615/3922 3917/3609/3917
f 3917/3609/3917 3922/3615/3922 3923/3616/3923 3918/3610/3918
f 3918/3610/3918 3923/3616/3923 3924/3617/3924 3919/3611/3919
f 3919/3611/3919 3924/3617/3924 3921/3618/3921 3916/3612/3916
f 3925/3619/3925 3931/3620/3931 3892/3579/3892 3884/3578/3884 3885/1326/3885 3930/3621/3930 3929/3622/3929 3928/3623/3928 3927/3624/3927 3926/3625/3926
f 3932/3626/3932 3937/3627/3937 3936/3628/3936 3891/3629/3891 3883/3571/3883 3896/3584/3896 3935/3630/3935 3934/3631/3934 3933/3632/3933
f 3938/3633/3938 3944/3634/3944 3935/3635/3935 3896/3584/3896 3898/3586/3898 3943/3636/3943 3942/3637/3942 3941/3638/3941 3940/3639/3940 3939/3640/3939
f 3945/3641/3945 3951/3642/3951 3950/3643/3950 3943/3644/3943 3898/3586/3898 3892/3588/3892 3931/3645/3931 3949/3646/3949 3948/3647/3948 3947/3648/3947 3946/3649/3946
f 3957/2438/3957 3959/2437/3959 3958/2436/3958 3953/1326/3953 3954/1/3954
f 3952/2661/3952 3953/1326/3953 3958/2444/3958 3964/2443/3964 3963/2442/3963 3962/2441/3962 3961/2440/3961 3960/2439/3960
f 3965/2445/3965 3970/2451/3970 3956/3070/3956 3952/2661/3952 3960/2450/3960 3969/2449/3969 3968/2448/3968 3967/2447/3967 3966/2446/3966
f 3956/3070/3956 3970/2455/3970 3973/2454/3973 3972/2453/3972 3971/2452/3971 3955/1366/3955
f 3974/2457/3974 3977/2456/3977 3957/2462/3957 3954/3650/3954 3955/3651/3955 3971/2460/3971 3976/2459/3976 3975/2458/3975
f 3983/2515/3983 3988/2514/3988 3987/2513/3987 3986/2512/3986 3985/2511/3985 3979/1326/3979 3980/1/3980 3984/2516/3984
f 3989/2517/3989 3990/2519/3990 3978/2661/3978 3979/1326/3979 3985/2518/3985
f 3982/3070/3982 3978/2661/3978 3990/2524/3990 3995/2523/3995 3994/2522/3994 3993/2521/3993 3992/2520/3992 3991/2525/3991
f 3982/3070/3982 3991/2529/3991 3999/2528/3999 3998/2527/3998 3997/2526/3997 3996/2530/3996 3981/1366/3981
f 3980/20/3980 3981/1366/3981 3996/2534/3996 4001/2533/4001 4000/2532/4000 3984/2531/3984
f 4008/3652/4008 4011/3653/4011 4010/3654/4010 4009/3655/4009
f 4009/3655/4009 4010/3654/4010 4013/3656/4013 4012/3657/4012
f 4012/3657/4012 4013/3656/4013 4015/3658/4015 4014/3659/4014
f 4014/3659/4014 4015/3658/4015 4017/3660/4017 4016/3661/4016
f 4016/3661/4016 4017/3660/4017 4011/3662/4011 4008/3663/4008
f 4011/3653/4011 4019/3664/4019 4018/3665/4018 4010/3654/4010
f 4010/3654/4010 4018/3665/4018 4020/3666/4020 4013/3656/4013
f 4013/3656/4013 4020/3666/4020 4021/3667/4021 4015/3658/4015
f 4015/3658/4015 4021/3667/4021 4022/3668/4022 4017/3660/4017
f 4017/3660/4017 4022/3668/4022 4019/3669/4019 4011/3662/4011
f 4019/3664/4019 4024/3670/4024 4023/3671/4023 4018/3665/4018
f 4018/3665/4018 4023/3671/4023 4025/3672/4025 4020/3666/4020
f 4020/3666/4020 4025/3672/4025 4026/3673/4026 4021/3667/4021
f 4021/3667/4021 4026/3673/4026 4027/3674/4027 4022/3668/4022
f 4022/3668/4022 4027/3674/4027 4024/3675/4024 4019/3669/4019
f 4024/3670/4024 4029/3676/4029 4028/3677/4028 4023/3671/4023
f 4023/3671/4023 4028/3677/4028 4030/3678/4030 4025/3672/4025
f 4025/3672/4025 4030/3678/4030 4031/3679/4031 4026/3673/4026
f 4026/3673/4026 4031/3679/4031 4032/3680/4032 4027/3674/4027
f 4027/3674/4027 4032/3680/4032 4029/3681/4029 4024/3675/4024
f 4029/3676/4029 4034/3682/4034 4033/3683/4033 4028/3677/4028
f 4028/3677/4028 4033/3683/4033 4035/3684/4035 4030/3678/4030
f 4030/3678/4030 4035/3684/4035 4036/3685/4036 4031/3679/4031
f 4031/3679/4031 4036/3685/4036 4037/3686/4037 4032/3680/4032
f 4032/3680/4032 4037/3686/4037 4034/3687/4034 4029/3681/4029
f 4034/3682/4034 4039/3688/4039 4038/3689/4038 4033/3683/4033
f 4033/3683/4033 4038/3689/4038 4040/3690/4040 4035/3684/4035
f 4035/3684/4035 4040/3690/4040 4041/3691/4041 4036/3685/4036
f 4036/3685/4036 4041/3691/4041 4042/3692/4042 4037/3686/4037
f 4037/3686/4037 4042/3692/4042 4039/3693/4039 4034/3687/4034
f 4039/3688/4039 4044/3694/4044 4043/3695/4043 4038/3689/4038
f 4038/3689/4038 4043/3695/4043 4045/3696/4045 4040/3690/4040
f 4040/3690/4040 4045/3696/4045 4046/3697/4046 4041/3691/4041
f 4041/3691/4041 4046/3697/4046 4047/3698/4047 4042/3692/4042
f 4042/3692/4042 4047/3698/4047 4044/3699/4044 4039/3693/4039
f 4009/3655/4009 4054/3700/4054 4053/3701/4053 4052/3702/4052 4051/3703/4051 4050/3704/4050 4049/3705/4049 4048/3706/4048 4008/3652/4008
f 4055/3707/4055 4054/3708/4054 4009/3655/4009 4012/3657/4012 4061/3709/4061 4060/3710/4060 4059/3711/4059 4058/3712/4058 4057/3713/4057 4056/3714/4056
f 4062/3715/4062 4068/3716/4068 4067/3717/4067 4066/3718/4066 4065/3719/4065 4061/3720/4061 4012/3657/4012 4014/3659/4014 4064/3721/4064 4063/3722/4063
f 4069/3723/4069 4075/3724/4075 4074/3725/4074 4073/3726/4073 4064/3727/4064 4014/3659/4014 4016/3661/4016 4072/3728/4072 4071/3729/4071 4070/3730/4070
f 4076/3731/4076 4078/3732/4078 4072/3733/4072 4016/3661/4016 4008/3663/4008 4048/3734/4048 4077/3735/4077
f 4079/2657/4079 4086/2656/4086 4085/2655/4085 4084/2654/4084 4083/2653/4083 4082/2652/4082 4081/3736/4081 4080/3737/4080
f 4087/2662/4087 4081/1326/4081 4082/2660/4082 4089/2659/4089 4088/2658/4088
f 4090/2665/4090 4096/2664/4096 4095/2663/4095 4094/2668/4094 4093/2667/4093 4092/3070/4092 4091/2666/4091
f 4097/2670/4097 4100/2669/4100 4099/3738/4099 4092/3739/4092 4093/2672/4093 4098/2671/4098
f 4080/3740/4080 4099/3738/4099 4100/2674/4100 4079/2673/4079
f 4107/3741/4107 4110/3742/4110 4109/3743/4109 4108/3744/4108
f 4108/3744/4108 4109/3743/4109 4112/3745/4112 4111/3746/4111
f 4111/3746/4111 4112/3745/4112 4114/3747/4114 4113/3748/4113
f 4113/3748/4113 4114/3747/4114 4116/3749/4116 4115/3750/4115
f 4115/3750/4115 4116/3749/4116 4110/3751/4110 4107/3752/4107
f 4110/3742/4110 4118/3753/4118 4117/3754/4117 4109/3743/4109
f 4109/3743/4109 4117/3754/4117 4119/3755/4119 4112/3745/4112
f 4112/3745/4112 4119/3755/4119 4120/3756/4120 4114/3747/4114
f 4114/3747/4114 4120/3756/4120 4121/3757/4121 4116/3749/4116
f 4116/3749/4116 4121/3757/4121 4118/3758/4118 4110/3751/4110
f 4118/3753/4118 4123/3759/4123 4122/3760/4122 4117/3754/4117
f 4117/3754/4117 4122/3760/4122 4124/3761/4124 4119/3755/4119
f 4119/3755/4119 4124/3761/4124 4125/3762/4125 4120/3756/4120
f 4120/3756/4120 4125/3762/4125 4126/3763/4126 4121/3757/4121
f 4121/3757/4121 4126/3763/4126 4123/3764/4123 4118/3758/4118
f 4123/3759/4123 4128/3765/4128 4127/3766/4127 4122/3760/4122
f 4122/3760/4122 4127/3766/4127 4129/3767/4129 4124/3761/4124
f 4124/3761/4124 4129/3767/4129 4130/3768/4130 4125/3762/4125
f 4125/3762/4125 4130/3768/4130 4131/3769/4131 4126/3763/4126
f 4126/3763/4126 4131/3769/4131 4128/3770/4128 4123/3764/4123
f 4128/3765/4128 4133/3771/4133 4132/3772/4132 4127/3766/4127
f 4127/3766/4127 4132/3772/4132 4134/3773/4134 4129/3767/4129
f 4129/3767/4129 4134/3773/4134 4135/3774/4135 4130/3768/4130
f 4130/3768/4130 4135/3774/4135 4136/3775/4136 4131/3769/4131
f 4131/3769/4131 4136/3775/4136 4133/3776/4133 4128/3770/4128
f 4133/3771/4133 4138/3777/4138 4137/3778/4137 4132/3772/4132
f 4132/3772/4132 4137/3778/4137 4139/3779/4139 4134/3773/4134
f 4134/3773/4134 4139/3779/4139 4140/3780/4140 4135/3774/4135
f 4135/3774/4135 4140/3780/4140 4141/3781/4141 4136/3775/4136
f 4136/3775/4136 4141/3781/4141 4138/3782/4138 4133/3776/4133
f 4138/3777/4138 4143/3783/4143 4142/3784/4142 4137/3778/4137
f 4137/3778/4137 4142/3784/4142 4144/3785/4144 4139/3779/4139
f 4139/3779/4139 4144/3785/4144 4145/3786/4145 4140/3780/4140
f 4140/3780/4140 4145/3786/4145 4146/3787/4146 4141/3781/4141
f 4141/3781/4141 4146/3787/4146 4143/3788/4143 4138/3782/4138
f 4143/3783/4143 4148/2151/4148 4147/2152/4147 4142/3784/4142
f 4142/3784/4142 4147/2152/4147 4149/2153/4149 4144/3785/4144
f 4144/3785/4144 4149/2153/4149 4150/2154/4150 4145/3786/4145
f 4145/3786/4145 4150/2154/4150 4151/2155/4151 4146/3787/4146
f 4146/3787/4146 4151/2155/4151 4148/2156/4148 4143/3788/4143
f 4152/3789/4152 4157/3790/4157 4156/3791/4156 4155/3792/4155 4107/3741/4107 4108/3744/4108 4154/1326/4154 4153/3793/4153
f 4158/3794/4158 4164/3795/4164 4163/3796/4163 4162/3797/4162 4161/3798/4161 4160/3799/4160 4154/1326/4154 4108/3744/4108 4111/3746/4111 4159/3800/4159
f 4113/3748/4113 4168/3801/4168 4167/3802/4167 4166/3803/4166 4165/3804/4165 4159/3805/4159 4111/3746/4111
f 4169/3806/4169 4168/3807/4168 4113/3748/4113 4115/3750/4115 4170/3808/4170
f 4171/3809/4171 4173/3810/4173 4170/3811/4170 4115/3750/4115 4107/3752/4107 4155/3812/4155 4172/3813/4172
f 4180/2727/4180 4184/2726/4184 4183/2725/4183 4182/2724/4182 4176/2723/4176 4177/1/4177 4181/2728/4181
f 4174/2661/4174 4175/2733/4175 4188/2732/4188 4187/2731/4187 4186/2730/4186 4185/2729/4185
f 4189/2734/4189 4179/3814/4179 4174/3815/4174 4185/2739/4185 4193/2738/4193 4192/2737/4192 4191/2736/4191 4190/2735/4190
f 4179/3814/4179 4189/2742/4189 4196/2741/4196 4195/2740/4195 4194/2743/4194 4178/3816/4178
f 4178/1366/4178 4194/2748/4194 4199/2747/4199 4198/2746/4198 4197/2745/4197 4181/2744/4181 4177/20/4177
f 4205/2797/4205 4201/1326/4201 4202/1/4202 4206/2798/4206
f 4207/2801/4207 4211/2800/4211 4210/2799/4210 4200/2661/4200 4201/1326/4201 4205/2797/4205 4209/2803/4209 4208/2802/4208
f 4212/2807/4212 4204/3070/4204 4200/2661/4200 4210/2806/4210 4214/2805/4214 4213/2804/4213
f 4204/3070/4204 4212/2812/4212 4219/2811/4219 4218/2810/4218 4217/2809/4217 4216/2808/4216 4215/2813/4215 4203/1366/4203
f 4220/2814/4220 4206/2817/4206 4202/20/4202 4203/1366/4203 4215/2816/4215 4221/2815/4221
f 4222/3398/4222 4227/3397/4227 4226/3401/4226 4225/1/4225 4224/3400/4224 4223/3399/4223
f 4228/3411/4228 4239/3410/4239 4238/3409/4238 4237/3408/4237 4236/3407/4236 4235/3406/4235 4234/3405/4234 4233/3404/4233 4232/3403/4232 4231/3817/4231 4230/3413/4230 4229/3412/4229
f 4231/3070/4231 4232/3417/4232 4247/3416/4247 4246/3415/4246 4245/3414/4245 4244/3421/4244 4243/3420/4243 4242/3419/4242 4241/3418/4241 4240/1366/4240
f 4248/3422/4248 4224/3426/4224 4225/3818/4225 4240/3819/4240 4241/3425/4241 4250/3424/4250 4249/3423/4249
