# File exported by Houdini 20.5.410 (www.sidefx.com)
# 2063 points
# 6309 vertices
# 1490 primitives
# Bounds: [-4.58617783, -0.00849813037, -5.37039185] to [4.1317668, 12.06042, 4.53008747]
g 
v -1.3974359 0.0186491497 0.866071522 1 1 1
v -0.995508611 0.01131499 -0.141545549 1 1 1
v -0.720855951 0.017522689 -0.799796939 1 1 1
v -0.0394673981 0.0157057997 -0.972076297 1 1 1
v 0.880108595 0.0249526761 -1.1364187 1 1 1
v 0.977921784 0.00915389694 -0.21106714 1 1 1
v 1.24014926 -0.00849813037 0.656054735 1 1 1
v 0.531440139 -0.00761962542 1.30759418 1 1 1
v -0.562758446 0.0136104058 1.76009452 1 1 1
v -0.840516329 0.609037101 0.90113157 1 1 1
v -0.727129281 0.6051597 0.0942000449 1 1 1
v -0.672332108 0.617702603 -0.434143424 1 1 1
v -0.210792318 0.619011343 -0.681803286 1 1 1
v 0.416388959 0.62739712 -0.972272158 1 1 1
v 0.656933188 0.621327877 -0.328046679 1 1 1
v 1.02707577 0.614236176 0.236826509 1 1 1
v 0.650276184 0.612686992 0.854326367 1 1 1
v -0.0638948902 0.610014677 1.38967526 1 1 1
v -0.452740043 1.22721648 0.841923714 1 1 1
v -0.571578741 1.21889412 0.236114383 1 1 1
v -0.639240563 1.21890867 -0.19520472 1 1 1
v -0.309271723 1.21019185 -0.472366363 1 1 1
v 0.107882529 1.2113775 -0.796966553 1 1 1
v 0.440525472 1.21854258 -0.389162481 1 1 1
v 0.820889533 1.22317541 -0.0225096196 1 1 1
v 0.672782302 1.23508453 0.532269001 1 1 1
v 0.216231629 1.23287821 1.03980529 1 1 1
v -0.165370673 1.84111214 0.690645218 1 1 1
v -0.423874289 1.83783507 0.310427427 1 1 1
v -0.570575774 1.83753502 -0.0334670879 1 1 1
v -0.385851145 1.82698226 -0.355932295 1 1 1
v -0.082929574 1.81872332 -0.648716152 1 1 1
v 0.275827229 1.81258035 -0.433232933 1 1 1
v 0.626412749 1.81289315 -0.203283042 1 1 1
v 0.639526129 1.82929945 0.258606046 1 1 1
v 0.351246476 1.8299489 0.680617273 1 1 1
v 0.0371141769 2.43256044 0.500666618 1 1 1
v -0.283836424 2.43423486 0.380457491 1 1 1
v -0.450788587 2.42917609 0.0981945768 1 1 1
v -0.399151206 2.42745233 -0.221482366 1 1 1
v -0.168158516 2.42607355 -0.457771003 1 1 1
v 0.15617083 2.42567015 -0.43546173 1 1 1
v 0.455713183 2.43168783 -0.283339918 1 1 1
v 0.562842011 2.44099283 0.0666466504 1 1 1
v 0.368352264 2.43268037 0.379916012 1 1 1
v 0.118357621 3.0471828 0.393076748 1 1 1
v -0.178457633 3.03412795 0.398113161 1 1 1
v -0.39185515 3.01837373 0.186907366 1 1 1
v -0.434387237 3.01058412 -0.110649444 1 1 1
v -0.263377011 3.01351023 -0.358046979 1 1 1
v 0.0213443097 3.02567959 -0.445059836 1 1 1
v 0.29766649 3.04199719 -0.331368089 1 1 1
v 0.495646656 3.0623641 -0.070785366 1 1 1
v 0.350922883 3.05532002 0.221385792 1 1 1
v 0.171412364 3.63474584 0.309787482 1 1 1
v -0.0956163034 3.63644338 0.363640755 1 1 1
v -0.344565451 3.63790035 0.244309276 1 1 1
v -0.453408569 3.63792157 -0.0146428458 1 1 1
v -0.36112836 3.63635612 -0.278377026 1 1 1
v -0.128007233 3.63502312 -0.436189622 1 1 1
v 0.141638428 3.63237691 -0.372465193 1 1 1
v 0.387554139 3.63469768 -0.20098874 1 1 1
v 0.337222636 3.63301897 0.0939758271 1 1 1
v 0.272936732 4.21376753 0.246664673 1 1 1
v 0.0420400091 4.21526241 0.361410141 1 1 1
v -0.205022424 4.22791815 0.293372184 1 1 1
v -0.365959644 4.2461338 0.0911737382 1 1 1
v -0.334115714 4.2600112 -0.165689468 1 1 1
v -0.169353187 4.26731825 -0.374341875 1 1 1
v 0.100528114 4.25839663 -0.390392274 1 1 1
v 0.334149718 4.24235106 -0.25167942 1 1 1
v 0.395734847 4.22392797 0.0140063334 1 1 1
v 0.308762848 4.84388256 0.214222476 1 1 1
v 0.138638183 4.83597326 0.399704874 1 1 1
v -0.116645761 4.82874203 0.389704525 1 1 1
v -0.323782742 4.82680941 0.239071712 1 1 1
v -0.351612628 4.83058596 -0.0134439915 1 1 1
v -0.243683681 4.83896828 -0.240664601 1 1 1
v -0.00438225083 4.84768534 -0.337351203 1 1 1
v 0.242093638 4.85261536 -0.252874047 1 1 1
v 0.404913038 4.85293341 -0.0341363139 1 1 1
v 0.314520389 5.45086384 0.097732991 1 1 1
v 0.189782217 5.45967865 0.313883275 1 1 1
v -0.0541579761 5.45799637 0.357520044 1 1 1
v -0.279287905 5.45142412 0.26905188 1 1 1
v -0.369742036 5.43969679 0.0467610806 1 1 1
v -0.331242681 5.42986298 -0.192630723 1 1 1
v -0.128555462 5.4257617 -0.336709589 1 1 1
v 0.111985512 5.42971277 -0.30356285 1 1 1
v 0.349223286 5.44101715 -0.171954215 1 1 1
v 0.320054799 6.04435444 -0.0185752548 1 1 1
v 0.253941953 6.04641104 0.203251138 1 1 1
v 0.0504496805 6.04609013 0.310996503 1 1 1
v -0.172913402 6.04506254 0.277690381 1 1 1
v -0.324869007 6.04314661 0.108378083 1 1 1
v -0.32114324 6.04099703 -0.117587037 1 1 1
v -0.182079807 6.04005003 -0.29293856 1 1 1
v 0.0441542417 6.04117441 -0.372971535 1 1 1
v 0.292399883 6.04422474 -0.277734339 1 1 1
v 0.26831916 6.64382601 -0.0836528167 1 1 1
v 0.247637406 6.64363623 0.127984762 1 1 1
v 0.114539668 6.64590168 0.308192194 1 1 1
v -0.10853415 6.64727688 0.296482205 1 1 1
v -0.302494228 6.65050364 0.19528085 1 1 1
v -0.374857396 6.65210867 -0.0236277469 1 1 1
v -0.248612523 6.64921999 -0.207817554 1 1 1
v -0.0645975024 6.64777231 -0.308539271 1 1 1
v 0.160601199 6.64658022 -0.283392012 1 1 1
v 0.23586008 7.225348 -0.156587362 1 1 1
v 0.274067789 7.22711182 0.0293327253 1 1 1
v 0.208734989 7.25300837 0.226884544 1 1 1
v 0.00843713246 7.24863148 0.269564748 1 1 1
v -0.176277056 7.25983763 0.212179676 1 1 1
v -0.316420197 7.28295565 0.0504859798 1 1 1
v -0.23994118 7.25038385 -0.13972038 1 1 1
v -0.103920907 7.24459124 -0.27372992 1 1 1
v 0.0864854902 7.23101664 -0.273181945 1 1 1
v 0.205536008 7.2674675 -0.137869999 1 1 1
v 0.235510394 7.26362085 0.0221478753 1 1 1
v 0.161546648 7.27538824 0.166438773 1 1 1
v 0.0134733841 7.33145475 0.250680357 1 1 1
v -0.145347863 7.29465628 0.176683962 1 1 1
v -0.239910692 7.3144145 0.0388764627 1 1 1
v -0.213177502 7.30321026 -0.127915069 1 1 1
v -0.0914257839 7.31521034 -0.251235664 1 1 1
v 0.0835664868 7.30268764 -0.255169928 1 1 1
v 0.124884903 7.32419777 -0.0870325491 1 1 1
v 0.138616353 7.29785585 0.00728315907 1 1 1
v 0.0966505557 7.31353903 0.0907372758 1 1 1
v 0.0110381283 7.35381651 0.130470455 1 1 1
v -0.0804294646 7.31321859 0.0952014178 1 1 1
v -0.130530581 7.32275248 0.0158377215 1 1 1
v -0.116082847 7.30695677 -0.0763046741 1 1 1
v -0.0471244641 7.35864496 -0.14786911 1 1 1
v 0.0463842452 7.30205154 -0.142108276 1 1 1
v 0.00562465098 7.33643961 -0.0128769353 1 1 1
v 1.55003595 2.0737536 -5.34668684 1 1 1
v 1.56078458 2.05425072 -5.34336805 1 1 1
v 1.57524514 2.0781045 -5.32584763 1 1 1
v 1.57759488 2.04562759 -5.33114195 1 1 1
v 1.59264028 2.05200887 -5.31566334 1 1 1
v 1.5988934 2.07032561 -5.30419254 1 1 1
v 1.59341049 2.09205389 -5.30209589 1 1 1
v 1.57876384 2.10700011 -5.31035805 1 1 1
v 1.5618 2.10822058 -5.32510281 1 1 1
v 1.55048621 2.09506226 -5.33943081 1 1 1
v 0.0487125143 3.08244061 -0.702476859 1 1 1
v -0.102257162 2.90334749 -0.709871113 1 1 1
v -0.0357125923 3.05352187 -1.09985781 1 1 1
v 0.128299206 3.23562813 -1.01793706 1 1 1
v -0.0999199599 2.68311024 -0.741695166 1 1 1
v -0.00966761727 2.81393218 -1.17186534 1 1 1
v 0.0545644462 2.53534389 -0.805636168 1 1 1
v 0.15604651 2.64010406 -1.20470738 1 1 1
v 0.26862368 2.49067354 -0.790686131 1 1 1
v 0.399270624 2.57275295 -1.19548738 1 1 1
v 0.448228419 2.58907843 -0.71770525 1 1 1
v 0.610356569 2.69924569 -1.12443745 1 1 1
v 0.510710835 2.78091216 -0.641406476 1 1 1
v 0.670952797 2.92046952 -1.04298544 1 1 1
v 0.442082286 2.98865986 -0.631167531 1 1 1
v 0.592745304 3.13948154 -0.983819962 1 1 1
v 0.264648438 3.11330032 -0.669458985 1 1 1
v 0.380274862 3.2769587 -0.970189333 1 1 1
v -0.0320632346 3.21768475 -1.66353559 1 1 1
v 0.123580828 3.38188505 -1.6334095 1 1 1
v 0.00819179974 2.99574018 -1.67892992 1 1 1
v 0.140048489 2.82626557 -1.68513775 1 1 1
v 0.354942322 2.75975847 -1.67599177 1 1 1
v 0.527500868 2.89374733 -1.64591455 1 1 1
v 0.591552794 3.08996534 -1.62130702 1 1 1
v 0.521578908 3.28974414 -1.60808468 1 1 1
v 0.343836069 3.42630792 -1.61147904 1 1 1
v 0.163124666 3.12955904 -2.29239321 1 1 1
v 0.294616163 3.26536989 -2.2785306 1 1 1
v 0.175924912 2.94654536 -2.25437546 1 1 1
v 0.274387389 2.80227613 -2.20091796 1 1 1
v 0.45010528 2.76397157 -2.14423943 1 1 1
v 0.611747622 2.85943389 -2.11512899 1 1 1
v 0.667973936 3.03517127 -2.12980986 1 1 1
v 0.613649189 3.20016146 -2.17492986 1 1 1
v 0.473310173 3.30622602 -2.23536277 1 1 1
v 0.396030635 2.97368312 -2.84353352 1 1 1
v 0.497908831 3.10863614 -2.82106614 1 1 1
v 0.394662768 2.81006169 -2.81551862 1 1 1
v 0.488348275 2.69473767 -2.75294089 1 1 1
v 0.630617023 2.67233229 -2.68475032 1 1 1
v 0.777887404 2.73924899 -2.63111639 1 1 1
v 0.820328176 2.9049387 -2.63945317 1 1 1
v 0.772885025 3.05140042 -2.68598318 1 1 1
v 0.651940823 3.13520885 -2.75563931 1 1 1
v 0.70305264 2.92093015 -3.33077192 1 1 1
v 0.797944248 3.03452349 -3.32048845 1 1 1
v 0.67784071 2.77125192 -3.30848289 1 1 1
v 0.777797103 2.67558551 -3.24821019 1 1 1
v 0.908754945 2.64886475 -3.19379354 1 1 1
v 1.04444551 2.71287918 -3.15820312 1 1 1
v 1.08532059 2.85942602 -3.17414951 1 1 1
v 1.05995893 3.00059438 -3.21566105 1 1 1
v 0.934701502 3.05565262 -3.27364707 1 1 1
v 0.80586499 2.77907133 -3.69940972 1 1 1
v 0.905812323 2.83968639 -3.78512263 1 1 1
v 0.779019058 2.67363429 -3.61836052 1 1 1
v 0.862335622 2.57398248 -3.58959174 1 1 1
v 0.991440654 2.54337072 -3.62724233 1 1 1
v 1.11384058 2.5642755 -3.69768167 1 1 1
v 1.16812742 2.65309954 -3.7810514 1 1 1
v 1.16061556 2.7618885 -3.85151696 1 1 1
v 1.04034424 2.83527207 -3.84429646 1 1 1
v 0.375230998 2.48272872 -3.92031074 1 1 1
v 0.421008766 2.46144223 -4.02582026 1 1 1
v 0.441628218 2.44061971 -3.82404733 1 1 1
v 0.526014268 2.38654876 -3.76664662 1 1 1
v 0.621032298 2.32874632 -3.77817535 1 1 1
v 0.675367355 2.29998255 -3.86731625 1 1 1
v 0.658180833 2.31524611 -3.97549772 1 1 1
v 0.592053354 2.35892701 -4.05955362 1 1 1
v 0.494108975 2.41992593 -4.10698271 1 1 1
v 0.333646894 1.80863976 -3.74051976 1 1 1
v 0.365678638 1.81485558 -3.82826209 1 1 1
v 0.363677889 1.8204999 -3.65702438 1 1 1
v 0.444468647 1.84570122 -3.6213429 1 1 1
v 0.530762732 1.87044132 -3.65314674 1 1 1
v 0.59905225 1.88711798 -3.72181273 1 1 1
v 0.585672736 1.88072371 -3.81206942 1 1 1
v 0.533332944 1.86237586 -3.87854791 1 1 1
v 0.439865887 1.83393216 -3.89621615 1 1 1
v 0.726137638 1.3767817 -3.89008355 1 1 1
v 0.706304908 1.45462751 -3.93238664 1 1 1
v 0.780826926 1.34755516 -3.83614278 1 1 1
v 0.839824796 1.36313689 -3.79461002 1 1 1
v 0.876853287 1.43748903 -3.79059434 1 1 1
v 0.863016009 1.52048123 -3.82955337 1 1 1
v 0.825155854 1.58533943 -3.88260818 1 1 1
v 0.762676775 1.58350885 -3.93140435 1 1 1
v 0.709257424 1.53620386 -3.9583323 1 1 1
v 0.90525198 1.61051893 -4.44678259 1 1 1
v 0.872467875 1.66310418 -4.4348774 1 1 1
v 0.967678905 1.59056294 -4.43184137 1 1 1
v 1.0112474 1.62532806 -4.3984766 1 1 1
v 1.04362106 1.67172682 -4.36467409 1 1 1
v 1.00590658 1.7248975 -4.35427475 1 1 1
v 0.959703386 1.76906383 -4.35205984 1 1 1
v 0.903309226 1.7547456 -4.38034868 1 1 1
v 0.861156881 1.72079611 -4.41270971 1 1 1
v 1.1459502 1.87778544 -4.92727184 1 1 1
v 1.11784708 1.92410207 -4.92625046 1 1 1
v 1.19298255 1.85757959 -4.90431595 1 1 1
v 1.23119521 1.87740755 -4.87004805 1 1 1
v 1.25223505 1.91925251 -4.83813429 1 1 1
v 1.23024118 1.97215545 -4.83017826 1 1 1
v 1.18808329 2.00738144 -4.84346008 1 1 1
v 1.14283514 2.0046854 -4.87496519 1 1 1
v 1.11428165 1.97348011 -4.9075489 1 1 1
v 1.53513134 2.02610946 -5.34880733 1 1 1
v 1.50715029 2.06522846 -5.37039185 1 1 1
v 1.57169199 2.00297809 -5.32777929 1 1 1
v 1.60496545 2.01717472 -5.29346466 1 1 1
v 1.61382532 2.05826449 -5.26940012 1 1 1
v 1.60339284 2.1038096 -5.26470518 1 1 1
v 1.57958198 2.15096474 -5.2805934 1 1 1
v 1.5368607 2.13926053 -5.31356239 1 1 1
v 1.51339388 2.10981655 -5.34277058 1 1 1
v 1.54646564 2.03466725 -5.35341263 1 1 1
v 1.5274049 2.06925941 -5.35929775 1 1 1
v 1.57628036 2.01937652 -5.33172894 1 1 1
v 1.60296512 2.03069305 -5.30427647 1 1 1
v 1.61405516 2.06317878 -5.28393221 1 1 1
v 1.60433066 2.10171628 -5.28021431 1 1 1
v 1.57835412 2.12822485 -5.29486656 1 1 1
v 1.54826796 2.13038754 -5.3210187 1 1 1
v 1.52819979 2.1070528 -5.34642887 1 1 1
v -0.311148733 2.80730748 -0.309997141 1 1 1
v -0.322108477 2.79431725 -0.295454711 1 1 1
v -0.0958403051 3.07748675 -0.412640542 1 1 1
v -0.140837029 3.01874781 -0.39549607 1 1 1
v -0.243008971 2.88785243 -0.379378796 1 1 1
v -0.342319399 2.47981882 -0.279408574 1 1 1
v -0.322947383 2.7563796 -0.298129797 1 1 1
v -0.162787139 2.38779664 -0.469804943 1 1 1
v -0.106492311 2.32748723 -0.485456169 1 1 1
v -0.243553147 2.42652369 -0.380647808 1 1 1
v -0.179027155 2.39616299 -0.452686548 1 1 1
v 0.103391811 2.29169273 -0.482535511 1 1 1
v 0.172431335 2.26551938 -0.443915963 1 1 1
v 0.40322274 2.3854816 -0.314291358 1 1 1
v 0.186038181 2.27263713 -0.43490541 1 1 1
v 0.464727938 2.57405925 -0.235357001 1 1 1
v 0.481579989 2.62544131 -0.173768148 1 1 1
v 0.417952597 2.43092918 -0.30251652 1 1 1
v 0.439110637 2.49579978 -0.288385212 1 1 1
v 0.400224715 2.92094493 -0.229985029 1 1 1
v 0.471346438 2.67858672 -0.200128496 1 1 1
v 0.187524214 3.10514259 -0.374002397 1 1 1
v 0.303829044 3.01819992 -0.32949537 1 1 1
v 0.293976903 3.02592611 -0.334082395 1 1 1
v 0.274108797 3.04060602 -0.341060817 1 1 1
v 0.0366232209 3.1027379 -0.435839385 1 1 1
v 0.00294228573 3.10075855 -0.443966925 1 1 1
v 3.6587007 7.94988108 -2.01525855 1 1 1
v 3.67254519 7.93893862 -2.01125169 1 1 1
v 3.65137148 7.93229294 -1.99681389 1 1 1
v 3.67631221 7.92441273 -2.00115633 1 1 1
v 3.66815925 7.91307688 -1.98965347 1 1 1
v 3.65196586 7.91021729 -1.9821316 1 1 1
v 3.63527465 7.91719055 -1.9821142 1 1 1
v 3.62591553 7.93072605 -1.98960936 1 1 1
v 3.62823009 7.9445014 -2.00110626 1 1 1
v 3.64119387 7.95203781 -2.01121926 1 1 1
v 0.268925607 5.31706762 -0.442021161 1 1 1
v 0.368150294 5.17241478 -0.472447604 1 1 1
v 0.635611892 5.48623562 -0.70808512 1 1 1
v 0.508457839 5.69289875 -0.703385293 1 1 1
v 0.518491983 5.10675621 -0.410416663 1 1 1
v 0.820129573 5.45313835 -0.641027451 1 1 1
v 0.622123241 5.11113644 -0.273831069 1 1 1
v 0.955446124 5.48620844 -0.514539301 1 1 1
v 0.621608734 5.16827917 -0.108661205 1 1 1
v 1.01112568 5.58343172 -0.348780662 1 1 1
v 0.544824064 5.28960514 -0.0182626545 1 1 1
v 0.893345416 5.70711422 -0.24392195 1 1 1
v 0.468238711 5.42852068 -0.0567521825 1 1 1
v 0.684322536 5.7990551 -0.345390916 1 1 1
v 0.546855986 5.84453821 -0.453510821 1 1 1
v 0.33627978 5.38298225 -0.00984014757 1 1 1
v 0.336022973 5.44476271 -0.0693703368 1 1 1
v 0.341915727 5.50265741 -0.122502215 1 1 1
v 0.781578183 6.04334211 -1.12888372 1 1 1
v 0.662768245 6.17278719 -1.07507372 1 1 1
v 0.926388919 5.95596647 -1.02384579 1 1 1
v 1.03922594 5.92278862 -0.86703521 1 1 1
v 1.06390226 5.97779703 -0.690727234 1 1 1
v 0.974527597 6.10012817 -0.593486249 1 1 1
v 0.828849852 6.21604681 -0.627378821 1 1 1
v 0.694660246 6.28093481 -0.757789016 1 1 1
v 0.466525614 5.79550505 -0.588361263 1 1 1
v 0.616583049 6.27565527 -0.936214328 1 1 1
v 1.36783552 6.33470154 -1.0050081 1 1 1
v 1.3117758 6.46881199 -0.970159471 1 1 1
v 1.40218627 6.21072578 -0.935903192 1 1 1
v 1.40293324 6.1509614 -0.807967246 1 1 1
v 1.37035096 6.17844868 -0.675311506 1 1 1
v 1.31876826 6.27582121 -0.575498164 1 1 1
v 1.27082729 6.41389513 -0.607067049 1 1 1
v 1.25206995 6.50844765 -0.708893478 1 1 1
v 1.26504421 6.53776836 -0.847744703 1 1 1
v 1.81443751 6.45378208 -0.872191906 1 1 1
v 1.80707371 6.57466888 -0.839378893 1 1 1
v 1.84655607 6.334445 -0.830261827 1 1 1
v 1.8901 6.31431818 -0.699756861 1 1 1
v 1.92554617 6.35125399 -0.572705925 1 1 1
v 1.9395678 6.45451403 -0.482727975 1 1 1
v 1.91151893 6.57641697 -0.511370838 1 1 1
v 1.87148976 6.66858721 -0.595763326 1 1 1
v 1.83120394 6.64790154 -0.72914505 1 1 1
v 2.19429231 6.4484086 -1.25516355 1 1 1
v 2.21215367 6.55853128 -1.23638308 1 1 1
v 2.22789454 6.33574009 -1.22066438 1 1 1
v 2.31064606 6.31635761 -1.13376272 1 1 1
v 2.38696361 6.34956932 -1.05465496 1 1 1
v 2.42441916 6.45240784 -1.01568496 1 1 1
v 2.40257215 6.55928898 -1.03811026 1 1 1
v 2.35189271 6.65156984 -1.09196985 1 1 1
v 2.26607633 6.6480937 -1.18114698 1 1 1
v 2.73447704 6.46872616 -1.74634814 1 1 1
v 2.65365148 6.56045961 -1.61991394 1 1 1
v 2.85491276 6.38094854 -1.7501514 1 1 1
v 2.92437315 6.34794092 -1.68620181 1 1 1
v 2.92817426 6.37808132 -1.56326997 1 1 1
v 2.86073852 6.46008873 -1.43702042 1 1 1
v 2.75509071 6.5539279 -1.36856365 1 1 1
v 2.66109776 6.61815643 -1.38252878 1 1 1
v 2.59352732 6.64013386 -1.48758316 1 1 1
v 2.68973637 6.88384962 -1.49731481 1 1 1
v 2.62090302 6.8733573 -1.43467474 1 1 1
v 2.78131199 6.8979969 -1.50697672 1 1 1
v 2.84681273 6.90738487 -1.4381547 1 1 1
v 2.86260056 6.90918636 -1.34509885 1 1 1
v 2.83404136 6.90444803 -1.25254619 1 1 1
v 2.74585533 6.89030743 -1.23166847 1 1 1
v 2.66419935 6.87815952 -1.25736833 1 1 1
v 2.62042212 6.87181997 -1.33800054 1 1 1
v 2.5943892 7.30313158 -1.67096078 1 1 1
v 2.53484631 7.36224937 -1.63828218 1 1 1
v 2.67774796 7.27561188 -1.66796124 1 1 1
v 2.7399354 7.3017745 -1.62413609 1 1 1
v 2.75871634 7.3596406 -1.56702363 1 1 1
v 2.72016001 7.43058252 -1.51724124 1 1 1
v 2.63709879 7.47796965 -1.50296032 1 1 1
v 2.55362344 7.47547626 -1.53280306 1 1 1
v 2.51223755 7.42864323 -1.58773351 1 1 1
v 2.96181917 7.41986322 -2.16049623 1 1 1
v 2.93798065 7.48393345 -2.16690135 1 1 1
v 3.00833392 7.37874794 -2.12164259 1 1 1
v 3.04978156 7.40243244 -2.06725359 1 1 1
v 3.07947111 7.44771862 -2.02023578 1 1 1
v 3.06190944 7.51654148 -2.01780534 1 1 1
v 3.02683687 7.57304811 -2.03951597 1 1 1
v 2.9770112 7.58553028 -2.09136057 1 1 1
v 2.94575763 7.54424191 -2.13913608 1 1 1
v 3.56899762 7.60150337 -2.49184465 1 1 1
v 3.53108692 7.64888477 -2.48451567 1 1 1
v 3.58880424 7.56101036 -2.44817638 1 1 1
v 3.57133579 7.5593648 -2.37651396 1 1 1
v 3.53771877 7.58167171 -2.310431 1 1 1
v 3.49490666 7.62633276 -2.27357435 1 1 1
v 3.46759343 7.67199516 -2.30476999 1 1 1
v 3.46452355 7.69650936 -2.36485887 1 1 1
v 3.48848009 7.69005013 -2.43877172 1 1 1
v 3.69042754 7.93700838 -2.03706336 1 1 1
v 3.66869545 7.97343874 -2.04934788 1 1 1
v 3.70516253 7.90792751 -2.01513362 1 1 1
v 3.68670201 7.88227606 -1.989133 1 1 1
v 3.64928794 7.87816191 -1.97657335 1 1 1
v 3.61396217 7.8924489 -1.9755125 1 1 1
v 3.58114314 7.92545319 -1.98075569 1 1 1
v 3.59795904 7.95165586 -2.01557541 1 1 1
v 3.62668443 7.96597815 -2.03734016 1 1 1
v 3.68815017 7.94178343 -2.02560115 1 1 1
v 3.66345358 7.96130037 -2.03274465 1 1 1
v 3.69486737 7.915874 -2.0075922 1 1 1
v 3.68032527 7.89565277 -1.98707426 1 1 1
v 3.65144181 7.89055347 -1.97365773 1 1 1
v 3.62166882 7.90299225 -1.97362673 1 1 1
v 3.60497451 7.92713451 -1.9869957 1 1 1
v 3.60910416 7.95170641 -2.00750303 1 1 1
v 3.63222528 7.96514893 -2.02554297 1 1 1
v 0.0319654606 4.84841251 -0.324893385 1 1 1
v 0.0495715849 4.77960014 -0.329267621 1 1 1
v 0.00841508061 5.04612207 -0.329521567 1 1 1
v 0.0228896309 4.9840889 -0.329432577 1 1 1
v 0.212247342 4.72733593 -0.281867057 1 1 1
v 0.263564914 4.69033527 -0.254360706 1 1 1
v 0.266412735 4.69139767 -0.25255844 1 1 1
v 0.386423767 4.69339848 -0.0909766704 1 1 1
v 0.392946124 4.68330193 -0.0617072508 1 1 1
v 0.329486549 4.69615984 0.166514948 1 1 1
v 0.308361977 4.68894243 0.206229389 1 1 1
v 0.402751029 4.7047658 -0.0227958914 1 1 1
v 0.212277561 4.83939695 0.319417804 1 1 1
v 0.196103349 4.8545084 0.336284608 1 1 1
v 0.302494735 4.73363829 0.219898537 1 1 1
v 0.273344815 5.02719212 0.243889406 1 1 1
v 0.307528526 5.2424407 0.146484822 1 1 1
v 0.312644154 5.25306273 0.135694176 1 1 1
v 0.334808022 5.3166647 0.0681363717 1 1 1
v 0.190679088 5.35683441 -0.26273033 1 1 1
v 0.14694111 5.27466631 -0.2899445 1 1 1
v 0.0485291108 5.11232805 -0.321987957 1 1 1
v 0.345540673 5.51718998 -0.152589709 1 1 1
v 0.34136495 5.52443695 -0.186582983 1 1 1
v 0.25928095 5.43673134 -0.221850097 1 1 1
v 0.194205508 5.36892891 -0.260334641 1 1 1
v -1.27110136 9.2668438 -3.89009643 1 1 1
v -1.27874172 9.25306034 -3.89482999 1 1 1
v -1.2570858 9.24770069 -3.88577628 1 1 1
v -1.27663648 9.2367487 -3.89467287 1 1 1
v -1.26569712 9.22552967 -3.8896606 1 1 1
v -1.25108945 9.22462368 -3.88216496 1 1 1
v -1.23962629 9.2344799 -3.87567997 1 1 1
v -1.2366854 9.25047398 -3.8732481 1 1 1
v -1.24361491 9.26514149 -3.87599206 1 1 1
v -1.25721002 9.27157307 -3.88264918 1 1 1
v -0.388294697 6.55507183 -0.306455493 1 1 1
v -0.372715354 6.43321419 -0.395884693 1 1 1
v -0.505502105 6.79483795 -0.654009819 1 1 1
v -0.56031692 6.92310524 -0.582464933 1 1 1
v -0.273204714 6.38511562 -0.512528598 1 1 1
v -0.387739033 6.77212381 -0.795950472 1 1 1
v -0.127615035 6.4065218 -0.580410838 1 1 1
v -0.240594864 6.80873108 -0.885029376 1 1 1
v 0.00911561027 6.48367119 -0.56504482 1 1 1
v -0.0795773715 6.9119277 -0.892166317 1 1 1
v 0.0580452681 6.58049583 -0.469406843 1 1 1
v -0.160341859 6.96407652 -0.746947885 1 1 1
v -0.215189427 7.02488661 -0.622844994 1 1 1
v 0.140842602 6.58222055 -0.293744028 1 1 1
v 0.121491149 6.622509 -0.290827096 1 1 1
v -0.875271916 7.1944747 -0.947872579 1 1 1
v -0.864954412 7.31128645 -0.840017974 1 1 1
v -0.754429221 7.14121771 -1.04607022 1 1 1
v -0.602270782 7.14190292 -1.10901022 1 1 1
v -0.458766848 7.22029591 -1.09415936 1 1 1
v -0.404646069 7.33899498 -1.0033735 1 1 1
v -0.472354233 7.42666817 -0.890974343 1 1 1
v -0.3495529 7.08629274 -0.562630713 1 1 1
v -0.607744336 7.45384407 -0.809347689 1 1 1
v -0.482516676 7.03122425 -0.529376447 1 1 1
v -0.767222762 7.42059708 -0.7770769 1 1 1
v -0.738843381 7.59978676 -1.4548763 1 1 1
v -0.744370341 7.71021557 -1.38441801 1 1 1
v -0.659210622 7.50824451 -1.50368726 1 1 1
v -0.53195858 7.49329901 -1.49505305 1 1 1
v -0.425932497 7.53793955 -1.45179343 1 1 1
v -0.354810953 7.63192654 -1.38319588 1 1 1
v -0.42348662 7.73468065 -1.32431984 1 1 1
v -0.532435477 7.79072332 -1.30262339 1 1 1
v -0.656927586 7.78616285 -1.32300067 1 1 1
v -0.676623106 7.82669306 -1.85839152 1 1 1
v -0.668713212 7.94470882 -1.84223783 1 1 1
v -0.601041317 7.74896431 -1.90078902 1 1 1
v -0.487838328 7.76173353 -1.94299424 1 1 1
v -0.391917259 7.83806849 -1.96865237 1 1 1
v -0.350539416 7.95049143 -1.96708214 1 1 1
v -0.386410952 8.04963493 -1.9370153 1 1 1
v -0.482212842 8.10844231 -1.89051318 1 1 1
v -0.597444177 8.05154324 -1.85354722 1 1 1
v -1.03420496 7.70944643 -2.20548463 1 1 1
v -1.03062201 7.81532335 -2.22059965 1 1 1
v -0.957659423 7.65734339 -2.25854111 1 1 1
v -0.882134676 7.6503334 -2.31779385 1 1 1
v -0.814768076 7.70128059 -2.37838507 1 1 1
v -0.808594346 7.80459404 -2.39598465 1 1 1
v -0.854608476 7.8866663 -2.3693943 1 1 1
v -0.92503041 7.93093109 -2.31941557 1 1 1
v -1.01073742 7.91944551 -2.25088978 1 1 1
v -1.32211006 7.75002956 -2.75184417 1 1 1
v -1.31136024 7.83104706 -2.72419333 1 1 1
v -1.27354419 7.69402266 -2.79229665 1 1 1
v -1.19564843 7.68819571 -2.82457781 1 1 1
v -1.12456703 7.73799896 -2.83241606 1 1 1
v -1.08147418 7.81731033 -2.81860709 1 1 1
v -1.11762404 7.88544226 -2.77733088 1 1 1
v -1.17792034 7.92745972 -2.73829603 1 1 1
v -1.27078986 7.92072964 -2.70606732 1 1 1
v -1.36188269 8.09272766 -3.18064022 1 1 1
v -1.34493971 8.13479233 -3.13089156 1 1 1
v -1.32696056 8.06279659 -3.23066592 1 1 1
v -1.2675879 8.05082893 -3.2658186 1 1 1
v -1.19945967 8.07495499 -3.25626183 1 1 1
v -1.17233574 8.11901474 -3.20694017 1 1 1
v -1.17534661 8.16273308 -3.14953709 1 1 1
v -1.23414552 8.17608166 -3.11251616 1 1 1
v -1.30170286 8.17473412 -3.09346962 1 1 1
v -1.50566602 8.62438488 -3.39811707 1 1 1
v -1.48230624 8.64349842 -3.3452003 1 1 1
v -1.48271 8.61133194 -3.45733809 1 1 1
v -1.42209768 8.61751652 -3.47095728 1 1 1
v -1.35839963 8.62769318 -3.47510242 1 1 1
v -1.33740461 8.64763927 -3.41730261 1 1 1
v -1.3352387 8.66442394 -3.36102462 1 1 1
v -1.38080847 8.66698551 -3.32435417 1 1 1
v -1.43700814 8.66087914 -3.31235695 1 1 1
v -1.53000784 9.2401247 -3.51179266 1 1 1
v -1.5197525 9.27846813 -3.47078681 1 1 1
v -1.51070571 9.19267845 -3.55109191 1 1 1
v -1.45849574 9.1633606 -3.56027865 1 1 1
v -1.40834773 9.1595335 -3.5459199 1 1 1
v -1.37298834 9.18677139 -3.50720143 1 1 1
v -1.39317918 9.23441315 -3.46754837 1 1 1
v -1.42941689 9.27589035 -3.44059014 1 1 1
v -1.48223948 9.29999828 -3.43675089 1 1 1
v -1.30706525 9.25784779 -3.89188242 1 1 1
v -1.2965374 9.29776192 -3.89189649 1 1 1
v -1.30660403 9.22217655 -3.89720488 1 1 1
v -1.28150785 9.19646263 -3.88567615 1 1 1
v -1.25034308 9.19873333 -3.86694527 1 1 1
v -1.22531998 9.21887875 -3.85340929 1 1 1
v -1.20196772 9.25549793 -3.84753418 1 1 1
v -1.23276711 9.28547478 -3.85418463 1 1 1
v -1.26305938 9.29761696 -3.86812615 1 1 1
v -1.29750073 9.25710201 -3.89873385 1 1 1
v -1.28382957 9.28175926 -3.89026666 1 1 1
v -1.29373217 9.22792435 -3.89845324 1 1 1
v -1.27416396 9.20785427 -3.88948679 1 1 1
v -1.24803317 9.20623493 -3.87607908 1 1 1
v -1.22752655 9.22386646 -3.86447811 1 1 1
v -1.22226524 9.25247765 -3.86012697 1 1 1
v -1.23466241 9.27871418 -3.86503649 1 1 1
v -1.25898159 9.29022217 -3.87694311 1 1 1
v -0.342783451 6.3022213 -0.0793489516 1 1 1
v -0.331307679 6.15663862 -0.099806942 1 1 1
v -0.321776867 6.04136276 -0.0791574344 1 1 1
v -0.323965162 6.00608206 -0.108044066 1 1 1
v -0.32385999 5.99783182 -0.110544957 1 1 1
v -0.321750432 6.00425529 -0.122098699 1 1 1
v -0.208285362 5.93284988 -0.27531606 1 1 1
v -0.204749584 5.92860365 -0.27786842 1 1 1
v -0.00577634899 5.94857025 -0.359040409 1 1 1
v -0.173713431 5.94403076 -0.299780399 1 1 1
v 0.185609415 6.03574038 -0.318195343 1 1 1
v 0.0287348088 5.98623085 -0.369734079 1 1 1
v 0.049126789 5.99634981 -0.367883354 1 1 1
v 0.238506705 6.29053116 -0.280047804 1 1 1
v 0.242564544 6.29201508 -0.27189061 1 1 1
v 0.186441228 6.04292297 -0.318384409 1 1 1
v 0.229292259 6.33264351 -0.280443341 1 1 1
v 0.145735815 6.56929541 -0.294827551 1 1 1
v -0.27736333 6.5617466 -0.168123454 1 1 1
v 0.097101599 6.64691639 -0.290482819 1 1 1
v -0.0296095796 6.78284073 -0.300351202 1 1 1
v -0.076438047 6.82747841 -0.298057944 1 1 1
v -0.0927614346 6.83521605 -0.288953781 1 1 1
v -0.247809619 6.7048831 -0.201512262 1 1 1
v -0.252974272 6.69490147 -0.195333287 1 1 1
v -0.22906594 6.72964954 -0.216721743 1 1 1
v -0.260739684 6.64949751 -0.190124184 1 1 1
v 3.20581126 3.76341605 4.3475666 1 1 1
v 3.22044563 3.76919103 4.33515358 1 1 1
v 3.19947696 3.75533915 4.32005024 1 1 1
v 3.22490811 3.76933551 4.3156271 1 1 1
v 3.21702862 3.76373839 4.29807758 1 1 1
v 3.20056224 3.75504971 4.29070282 1 1 1
v 3.18317676 3.74731946 4.29697371 1 1 1
v 3.17302847 3.744174 4.31394863 1 1 1
v 3.17482591 3.74706674 4.33369207 1 1 1
v 3.18779087 3.7546711 4.34693241 1 1 1
v 0.462129653 4.10104322 0.32067427 1 1 1
v 0.583836854 3.95858431 0.297982782 1 1 1
v 0.882790327 4.2097621 0.581483006 1 1 1
v 0.615365088 4.33577728 0.704570591 1 1 1
v 0.61600709 3.77806711 0.36414656 1 1 1
v 0.93815726 4.02581978 0.687021732 1 1 1
v 0.549640894 3.64711165 0.496590793 1 1 1
v 0.871017039 3.85661149 0.833292425 1 1 1
v 0.384367198 3.62108183 0.60631448 1 1 1
v 0.656798899 3.8213377 0.94059521 1 1 1
v 0.196327344 3.69737124 0.63180548 1 1 1
v 0.446271211 3.91143751 0.959414124 1 1 1
v 0.0743934661 3.84846401 0.58491236 1 1 1
v 0.311154902 4.07574511 0.899297893 1 1 1
v 0.0886598825 4.03294182 0.536055923 1 1 1
v 0.287901878 4.25845098 0.873110175 1 1 1
v 0.395586789 4.35529089 0.771396816 1 1 1
v 0.0852943957 4.0821619 0.342817605 1 1 1
v 0.166828305 4.14667416 0.300877303 1 1 1
v 0.720953643 4.67701292 1.14472842 1 1 1
v 0.512251973 4.68026114 1.20702934 1 1 1
v 0.857075274 4.50308275 1.14468789 1 1 1
v 0.908812582 4.30879211 1.18072498 1 1 1
v 0.832733095 4.13180828 1.25337541 1 1 1
v 0.638748944 4.10080957 1.31934106 1 1 1
v 0.454001933 4.18809509 1.35385382 1 1 1
v 0.348094523 4.3683157 1.3394748 1 1 1
v 0.356206 4.5698266 1.28569031 1 1 1
v 0.965969861 4.5668788 1.59031427 1 1 1
v 0.840268612 4.58077812 1.68883407 1 1 1
v 1.04750836 4.44160938 1.54017925 1 1 1
v 1.06546891 4.28761911 1.54752505 1 1 1
v 1.00041449 4.1604557 1.61771691 1 1 1
v 0.8823663 4.11705589 1.71953678 1 1 1
v 0.77387923 4.20372295 1.79298961 1 1 1
v 0.719496369 4.34295559 1.81785297 1 1 1
v 0.738646746 4.49697876 1.78257179 1 1 1
v 1.29799831 4.66110659 1.93018258 1 1 1
v 1.17841244 4.68134451 1.99645936 1 1 1
v 1.41593707 4.58132982 1.90345681 1 1 1
v 1.44400525 4.45431709 1.96073055 1 1 1
v 1.40702295 4.35952759 2.04280186 1 1 1
v 1.31170571 4.30693865 2.13952351 1 1 1
v 1.18856418 4.38629246 2.16930485 1 1 1
v 1.10602486 4.49591112 2.15669012 1 1 1
v 1.10554373 4.61128283 2.08637261 1 1 1
v 1.39323509 4.89599037 2.27021933 1 1 1
v 1.30012715 4.92078018 2.35070348 1 1 1
v 1.48506427 4.81433344 2.23664618 1 1 1
v 1.51749802 4.70968676 2.28306079 1 1 1
v 1.49319637 4.63707924 2.36684513 1 1 1
v 1.41469359 4.62711763 2.45946264 1 1 1
v 1.31868732 4.68459988 2.51761436 1 1 1
v 1.23990297 4.78472424 2.52471495 1 1 1
v 1.24083018 4.88051224 2.44690466 1 1 1
v 1.86967134 5.02002144 2.45010066 1 1 1
v 1.81065023 5.03955936 2.53266406 1 1 1
v 1.91903007 4.93863201 2.39959955 1 1 1
v 1.91593611 4.83685446 2.43134999 1 1 1
v 1.88910365 4.75635529 2.49503636 1 1 1
v 1.82956147 4.75040865 2.58553028 1 1 1
v 1.7784096 4.81664181 2.64266372 1 1 1
v 1.7439568 4.91023302 2.66938448 1 1 1
v 1.75451565 5.01359463 2.62524104 1 1 1
v 2.24411249 5.04264736 2.87844896 1 1 1
v 2.16070437 5.04399538 2.92928529 1 1 1
v 2.29452205 4.95882845 2.87442064 1 1 1
v 2.30719304 4.87492657 2.89438081 1 1 1
v 2.27155113 4.8105588 2.93791914 1 1 1
v 2.20037127 4.78776026 2.98997235 1 1 1
v 2.13090253 4.84329224 3.0142889 1 1 1
v 2.09004903 4.92209053 3.01360464 1 1 1
v 2.07914329 5.02261066 2.98797941 1 1 1
v 2.42377925 5.30737877 3.3867619 1 1 1
v 2.34488106 5.31375694 3.40657258 1 1 1
v 2.48150921 5.24965763 3.38786626 1 1 1
v 2.50593615 5.16701365 3.40575242 1 1 1
v 2.45575881 5.10066652 3.43902183 1 1 1
v 2.37748408 5.08810854 3.4640913 1 1 1
v 2.30405998 5.11857843 3.47539616 1 1 1
v 2.27046108 5.19160461 3.46300554 1 1 1
v 2.27743077 5.27221823 3.43755913 1 1 1
v 2.55115867 5.3413744 4.01220465 1 1 1
v 2.4723382 5.33377552 4.03368616 1 1 1
v 2.57700515 5.27013826 3.97284174 1 1 1
v 2.58287406 5.19955158 3.94086313 1 1 1
v 2.53741074 5.13853359 3.92929435 1 1 1
v 2.46467161 5.11637115 3.94323039 1 1 1
v 2.39360404 5.14640951 3.97914815 1 1 1
v 2.36294508 5.22244263 4.02172184 1 1 1
v 2.41056108 5.295084 4.03688288 1 1 1
v 2.72983313 4.86802387 4.37129736 1 1 1
v 2.67865491 4.85482502 4.40772057 1 1 1
v 2.74863076 4.85731649 4.30794621 1 1 1
v 2.72692251 4.82987595 4.25346947 1 1 1
v 2.67969823 4.79792881 4.22486496 1 1 1
v 2.62595034 4.78130102 4.2535553 1 1 1
v 2.58739042 4.7780776 4.30334282 1 1 1
v 2.56411242 4.78914404 4.37735271 1 1 1
v 2.62386131 4.82798529 4.40653181 1 1 1
v 2.99216747 4.33065557 4.30269909 1 1 1
v 2.95884538 4.31363344 4.34096289 1 1 1
v 3.01127768 4.34017229 4.25139093 1 1 1
v 2.98384666 4.3266592 4.2032671 1 1 1
v 2.93798971 4.30366993 4.18148136 1 1 1
v 2.88593221 4.27729845 4.19302082 1 1 1
v 2.86357069 4.26605463 4.24716282 1 1 1
v 2.87751508 4.27307653 4.29930258 1 1 1
v 2.91018653 4.28926659 4.33690643 1 1 1
v 3.24827552 3.79738617 4.35700655 1 1 1
v 3.20695353 3.78501725 4.37735653 1 1 1
v 3.25248742 3.79766703 4.30889416 1 1 1
v 3.2371819 3.78431582 4.26657677 1 1 1
v 3.19518447 3.76828313 4.25843382 1 1 1
v 3.1573391 3.74756622 4.26646328 1 1 1
v 3.13409781 3.74022698 4.3050518 1 1 1
v 3.14190745 3.75133801 4.34704113 1 1 1
v 3.16790771 3.76451159 4.37973261 1 1 1
v 3.23489475 3.78388381 4.34651518 1 1 1
v 3.20886326 3.77360868 4.36859226 1 1 1
v 3.24283051 3.7841382 4.31178379 1 1 1
v 3.22881579 3.77418351 4.28056669 1 1 1
v 3.19952774 3.7587285 4.26745033 1 1 1
v 3.16860366 3.74497795 4.27860498 1 1 1
v 3.15055251 3.7393837 4.30879688 1 1 1
v 3.15375137 3.74452949 4.34391546 1 1 1
v 3.17680883 3.75805593 4.36746693 1 1 1
v 0.33435604 4.04403114 0.121082887 1 1 1
v 0.314960718 4.06578016 0.159060985 1 1 1
v 0.374420375 3.74546385 -0.0743725672 1 1 1
v 0.365962029 3.92325521 0.0546972863 1 1 1
v 0.392393291 3.48075247 -0.0250087678 1 1 1
v 0.366386294 3.63399172 -0.0769359171 1 1 1
v 0.387456447 3.4520731 0.0417325832 1 1 1
v 0.343652815 3.36187744 0.153775379 1 1 1
v 0.32717219 3.33268666 0.182609797 1 1 1
v 0.143125266 3.32147598 0.354194671 1 1 1
v 0.134701684 3.31850672 0.356266737 1 1 1
v 0.262750417 3.33992386 0.264807165 1 1 1
v -0.00228358922 3.37941527 0.376480371 1 1 1
v -0.119722426 3.40850163 0.376581252 1 1 1
v -0.12516582 3.42159724 0.375937074 1 1 1
v -0.298568249 3.58779764 0.272490203 1 1 1
v -0.136541843 3.85769629 0.337355405 1 1 1
v -0.0929500833 3.94269133 0.343383819 1 1 1
v -0.272033691 3.63747597 0.279076695 1 1 1
v -0.00687236758 4.00959492 0.362202734 1 1 1
v 0.0737469941 4.07298756 0.34875831 1 1 1
v 0.257603437 4.1263175 0.256198168 1 1 1
v 0.285245001 4.10257673 0.217430681 1 1 1
v -4.36249781 6.1344595 -1.22708595 1 1 1
v -4.36661863 6.15001106 -1.2169441 1 1 1
v -4.3893199 6.14125061 -1.23044074 1 1 1
v -4.381464 6.16097689 -1.21239388 1 1 1
v -4.40016508 6.16218424 -1.21560931 1 1 1
v -4.4139514 6.15312386 -1.22504342 1 1 1
v -4.41637182 6.13799953 -1.23630607 1 1 1
v -4.40629148 6.12390709 -1.24411345 1 1 1
v -4.38843775 6.11740875 -1.244838 1 1 1
v -4.37116575 6.12160301 -1.23809862 1 1 1
v -0.572705388 4.66513443 0.0616349019 1 1 1
v -0.65049088 4.47362041 0.0486953259 1 1 1
v -1.07124829 4.74273109 -0.0607999042 1 1 1
v -0.999124467 4.90252447 -0.0650520176 1 1 1
v -0.721255898 4.3539257 -0.0801536441 1 1 1
v -1.14577997 4.58580351 -0.187055603 1 1 1
v -0.703054309 4.32701397 -0.262919992 1 1 1
v -1.11621988 4.56840849 -0.400704414 1 1 1
v -0.611514807 4.39306879 -0.406835586 1 1 1
v -1.03375018 4.65848732 -0.562397957 1 1 1
v -0.488417 4.52266455 -0.451634169 1 1 1
v -0.928557754 4.81821299 -0.633877635 1 1 1
v -0.428736717 4.70455837 -0.372376472 1 1 1
v -0.879429936 4.94455194 -0.454543829 1 1 1
v -0.841046512 5.02326441 -0.289844245 1 1 1
v -0.252685636 4.80118418 -0.229196265 1 1 1
v -0.263169944 4.8280201 -0.201544344 1 1 1
v -0.892343819 5.01015329 -0.133779511 1 1 1
v -1.38061464 5.31461239 -0.206204176 1 1 1
v -1.32924259 5.31033278 -0.36950928 1 1 1
v -1.46020055 5.19207907 -0.127263546 1 1 1
v -1.5289551 5.04834175 -0.126734853 1 1 1
v -1.55955052 4.91610527 -0.230919868 1 1 1
v -1.52302611 4.88062334 -0.396529049 1 1 1
v -1.44918823 4.94829559 -0.526775897 1 1 1
v -1.37255538 5.08044529 -0.573567033 1 1 1
v -1.31937885 5.23217201 -0.522076905 1 1 1
v -1.88159955 5.4269433 -0.544420779 1 1 1
v -1.80745685 5.43239164 -0.658858895 1 1 1
v -1.97086823 5.35145855 -0.480185479 1 1 1
v -2.0343082 5.23685026 -0.498072296 1 1 1
v -2.04895949 5.1376586 -0.578755975 1 1 1
v -2.01921082 5.07287264 -0.697574317 1 1 1
v -1.92624772 5.12883425 -0.785705507 1 1 1
v -1.84565139 5.22948694 -0.808624923 1 1 1
v -1.7969079 5.34582901 -0.765777946 1 1 1
v -2.24182439 5.80054331 -0.783844948 1 1 1
v -2.19921064 5.81033134 -0.895439625 1 1 1
v -2.31666875 5.73232746 -0.712690055 1 1 1
v -2.38338614 5.63450241 -0.736693442 1 1 1
v -2.41537976 5.55947304 -0.818027794 1 1 1
v -2.39655972 5.53763294 -0.931709409 1 1 1
v -2.33505678 5.57963848 -1.02576816 1 1 1
v -2.25502682 5.66738033 -1.06917858 1 1 1
v -2.20264697 5.76167774 -1.00421464 1 1 1
v -2.82119799 6.10986996 -0.849220574 1 1 1
v -2.76404619 6.08994865 -0.951041937 1 1 1
v -2.87977338 6.03365374 -0.791274786 1 1 1
v -2.90741897 5.93069744 -0.797938049 1 1 1
v -2.90173364 5.83092976 -0.858323395 1 1 1
v -2.85038114 5.79508734 -0.959740877 1 1 1
v -2.78889775 5.83468294 -1.03908372 1 1 1
v -2.73872161 5.91849375 -1.07937622 1 1 1
v -2.71984053 6.03543425 -1.05261314 1 1 1
v -3.18421865 6.0674119 -1.33897746 1 1 1
v -3.13312936 6.06086493 -1.42847705 1 1 1
v -3.19450498 5.99448347 -1.26099479 1 1 1
v -3.1788733 5.90839005 -1.22147453 1 1 1
v -3.13294506 5.83859873 -1.25063384 1 1 1
v -3.07937241 5.80180264 -1.32351708 1 1 1
v -3.05120969 5.85143375 -1.41322517 1 1 1
v -3.04781318 5.92655134 -1.48078156 1 1 1
v -3.0750525 6.02763653 -1.51358962 1 1 1
v -3.4674654 5.82902765 -1.30570889 1 1 1
v -3.48788261 5.7980895 -1.37762988 1 1 1
v -3.43187261 5.80229712 -1.23849928 1 1 1
v -3.40201902 5.72934628 -1.21981251 1 1 1
v -3.39088774 5.65321207 -1.24806857 1 1 1
v -3.40324855 5.60494471 -1.31281519 1 1 1
v -3.43363857 5.61236906 -1.38140106 1 1 1
v -3.46650028 5.65766573 -1.4273237 1 1 1
v -3.49072957 5.7337575 -1.43045461 1 1 1
v -3.91675329 5.88352776 -0.961221516 1 1 1
v -3.9482758 5.84334707 -1.01343298 1 1 1
v -3.89179683 5.83658123 -0.910110593 1 1 1
v -3.87788272 5.78342438 -0.876621962 1 1 1
v -3.88899612 5.71831799 -0.887094438 1 1 1
v -3.91729999 5.67628717 -0.932122886 1 1 1
v -3.95387912 5.66540623 -0.996170104 1 1 1
v -3.98002553 5.71639967 -1.05095112 1 1 1
v -3.97064066 5.79146147 -1.04601169 1 1 1
v -4.4169836 5.87466574 -0.773737848 1 1 1
v -4.39873219 5.85170364 -0.836191356 1 1 1
v -4.47077799 5.86007643 -0.702702641 1 1 1
v -4.5339489 5.81779766 -0.65365994 1 1 1
v -4.58331251 5.76853895 -0.638165355 1 1 1
v -4.58617783 5.73001337 -0.685990036 1 1 1
v -4.55010748 5.72237158 -0.757921338 1 1 1
v -4.4863925 5.75539875 -0.819661915 1 1 1
v -4.42925072 5.80253315 -0.851683676 1 1 1
v -4.34621477 6.1503334 -1.19111025 1 1 1
v -4.32236099 6.11987734 -1.21606421 1 1 1
v -4.37375212 6.17917013 -1.18044901 1 1 1
v -4.41586256 6.18173409 -1.18772483 1 1 1
v -4.44308901 6.15791702 -1.20786428 1 1 1
v -4.44904184 6.12664318 -1.2319504 1 1 1
v -4.43601608 6.09182215 -1.26282847 1 1 1
v -4.38973808 6.08220577 -1.25142348 1 1 1
v -4.35361385 6.09206533 -1.23546445 1 1 1
v -4.3496089 6.15448856 -1.20306516 1 1 1
v -4.3422718 6.12678814 -1.22113228 1 1 1
v -4.37605238 6.17401934 -1.1949631 1 1 1
v -4.40936279 6.17617178 -1.20068932 1 1 1
v -4.433918 6.16003275 -1.21749377 1 1 1
v -4.43823051 6.13309288 -1.23755515 1 1 1
v -4.42027664 6.1079917 -1.25146127 1 1 1
v -4.38847399 6.09641743 -1.25275135 1 1 1
v -4.35770893 6.10388613 -1.24074745 1 1 1
v -0.341590524 4.58163834 0.176626742 1 1 1
v -0.293303519 4.49900484 0.224783748 1 1 1
v -0.347902864 4.78538799 0.0381125398 1 1 1
v -0.225357801 4.23021984 0.267823219 1 1 1
v -0.23675397 4.13269091 0.274099976 1 1 1
v -0.359998941 4.07667255 0.13383922 1 1 1
v -0.385698676 4.02926493 0.0806656554 1 1 1
v -0.381218374 4.01437998 -0.10604886 1 1 1
v -0.363226682 3.99265313 -0.163986191 1 1 1
v -0.39595741 4.03749752 0.0548752695 1 1 1
v -0.344389021 4.02282619 -0.208546162 1 1 1
v -0.230834052 4.06503916 -0.34357667 1 1 1
v -0.220837921 4.0641098 -0.350390315 1 1 1
v -0.162315428 4.15969133 -0.384869397 1 1 1
v 0.0151411826 4.17481852 -0.393446982 1 1 1
v -0.0932818055 4.5349369 -0.357284755 1 1 1
v -0.0944143385 4.54983377 -0.354131579 1 1 1
v -0.00713797566 4.26195574 -0.383989155 1 1 1
v -0.250581294 4.79480886 -0.234945953 1 1 1
v -0.233351737 4.75950861 -0.259245753 1 1 1
v -0.351095259 4.8137145 -0.0179458 1 1 1
v -0.352071136 4.81190729 -0.0101005035 1 1 1
v -0.348589718 4.80021095 0.0259823967 1 1 1
v -0.798906565 8.67888927 2.39013195 1 1 1
v -0.79485029 8.68247604 2.37370563 1 1 1
v -0.77550292 8.6885376 2.38884854 1 1 1
v -0.781538963 8.6881361 2.36423874 1 1 1
v -0.765134871 8.69323349 2.36621881 1 1 1
v -0.753329575 8.69538879 2.37865639 1 1 1
v -0.751647711 8.6935873 2.39576983 1 1 1
v -0.760878325 8.68867207 2.4095304 1 1 1
v -0.776693881 8.68294334 2.41353679 1 1 1
v -0.791691124 8.6790905 2.40585017 1 1 1
v -0.417837679 5.78983831 0.517077208 1 1 1
v -0.481021672 5.85740376 0.377216667 1 1 1
v -0.722835302 6.30341101 0.692440748 1 1 1
v -0.628862917 6.19876671 0.842661679 1 1 1
v -0.420027673 5.98327017 0.284726024 1 1 1
v -0.543494463 6.42690849 0.675491333 1 1 1
v -0.401774704 6.5208149 0.635688126 1 1 1
v -0.307995111 6.01544237 0.1323587 1 1 1
v -0.298188657 6.04348278 0.138105929 1 1 1
v -0.28948763 6.08893156 0.152429134 1 1 1
v -0.00894284248 6.13506794 0.474000156 1 1 1
v -0.0241664052 5.99759436 0.537284791 1 1 1
v -0.169205293 6.36372757 0.790836334 1 1 1
v -0.165011168 6.49134159 0.759175897 1 1 1
v -0.109180607 5.85271549 0.594302118 1 1 1
v -0.259833515 6.24389839 0.903280854 1 1 1
v -0.266928941 5.78076172 0.600562871 1 1 1
v -0.445079565 6.16757774 0.936634064 1 1 1
v -0.687384129 6.7587018 1.16868424 1 1 1
v -0.593039811 6.63038063 1.23863077 1 1 1
v -0.629340053 6.90013933 1.08911073 1 1 1
v -0.510297298 6.99791861 1.03634536 1 1 1
v -0.263819516 6.56949949 0.678486824 1 1 1
v -0.341032177 7.00426102 1.03429282 1 1 1
v -0.218076974 6.89707136 1.09338033 1 1 1
v -0.20331493 6.74839401 1.17473793 1 1 1
v -0.286669672 6.62300205 1.24371696 1 1 1
v -0.44165349 6.56294775 1.27744472 1 1 1
v -0.63381356 6.88086891 1.68842781 1 1 1
v -0.562293231 6.78769732 1.81075931 1 1 1
v -0.605429053 7.00053835 1.60107505 1 1 1
v -0.501696229 7.08681774 1.58731592 1 1 1
v -0.368742555 7.10515738 1.64960551 1 1 1
v -0.24633801 7.06228971 1.75968313 1 1 1
v -0.234826252 6.94182253 1.86917329 1 1 1
v -0.30252099 6.83520651 1.92085207 1 1 1
v -0.427487373 6.77016306 1.90445769 1 1 1
v -0.940195739 7.26087761 1.7852031 1 1 1
v -0.945289373 7.26141882 1.90441799 1 1 1
v -0.885126412 7.29708958 1.67659116 1 1 1
v -0.781992316 7.36827707 1.67565906 1 1 1
v -0.698123813 7.42936945 1.72763741 1 1 1
v -0.655088246 7.46395779 1.84010458 1 1 1
v -0.706610382 7.43065023 1.94951618 1 1 1
v -0.787352979 7.37699938 2.02672696 1 1 1
v -0.881554246 7.30885601 1.98927736 1 1 1
v -1.28236997 7.92402124 1.64138997 1 1 1
v -1.26448405 7.91212654 1.7575258 1 1 1
v -1.21263039 7.92596006 1.54028535 1 1 1
v -1.07851231 7.90963507 1.5482502 1 1 1
v -0.955878913 7.89183521 1.60668504 1 1 1
v -0.902687132 7.87603951 1.72149909 1 1 1
v -0.942241907 7.87138462 1.82279384 1 1 1
v -1.04107523 7.87651253 1.89692783 1 1 1
v -1.17847002 7.8939867 1.86250901 1 1 1
v -0.893303692 8.36629391 1.88525534 1 1 1
v -0.916613758 8.26096439 1.94234896 1 1 1
v -0.804844558 8.37082863 1.81471109 1 1 1
v -0.730711937 8.33268642 1.77114248 1 1 1
v -0.690490186 8.23761463 1.77483606 1 1 1
v -0.702257454 8.13546371 1.82176006 1 1 1
v -0.764037609 8.07790661 1.89056849 1 1 1
v -0.840718806 8.08594322 1.94736588 1 1 1
v -0.924031913 8.14941025 1.98930633 1 1 1
v -0.72928375 8.2012825 2.30423236 1 1 1
v -0.725049734 8.09567165 2.4321909 1 1 1
v -0.667064011 8.25408554 2.2313571 1 1 1
v -0.566000044 8.20442486 2.26694036 1 1 1
v -0.479741633 8.1007309 2.37560964 1 1 1
v -0.423415333 7.98286486 2.50879502 1 1 1
v -0.465986431 7.90617275 2.6094563 1 1 1
v -0.548516214 7.90257931 2.63029051 1 1 1
v -0.645252526 7.97846031 2.55655885 1 1 1
v -0.724269331 8.27789688 2.27738333 1 1 1
v -0.744092464 8.27965832 2.34306765 1 1 1
v -0.668477237 8.28970909 2.24052644 1 1 1
v -0.599524498 8.31176758 2.23688221 1 1 1
v -0.560640693 8.32905579 2.29561257 1 1 1
v -0.565210223 8.3357439 2.36334205 1 1 1
v -0.602735579 8.33168125 2.41778493 1 1 1
v -0.663829327 8.31434631 2.42960024 1 1 1
v -0.72328794 8.29450035 2.40770054 1 1 1
v -0.828861892 8.66897678 2.34586191 1 1 1
v -0.822067976 8.65634918 2.38998294 1 1 1
v -0.783769011 8.67501545 2.3364203 1 1 1
v -0.749129713 8.68821812 2.337394 1 1 1
v -0.720766723 8.69565582 2.36371064 1 1 1
v -0.707391143 8.70052433 2.40788269 1 1 1
v -0.732888222 8.68738651 2.44794774 1 1 1
v -0.778991401 8.67170238 2.46210313 1 1 1
v -0.807372391 8.65693855 2.42451477 1 1 1
v -0.808883846 8.67411423 2.36130619 1 1 1
v -0.816126347 8.66771221 2.39064741 1 1 1
v -0.785108149 8.68422508 2.34439945 1 1 1
v -0.755808055 8.69333172 2.34793448 1 1 1
v -0.734723508 8.69718075 2.37014985 1 1 1
v -0.731719255 8.6939621 2.40071702 1 1 1
v -0.748205066 8.68518448 2.42529488 1 1 1
v -0.776454508 8.67495155 2.43244934 1 1 1
v -0.803240776 8.66806698 2.41872263 1 1 1
v -0.294537187 5.32241964 0.247867793 1 1 1
v -0.365515143 5.38332939 0.0644479096 1 1 1
v -0.367841572 5.37584448 0.0404498726 1 1 1
v -0.363386005 5.35309553 0.0146227637 1 1 1
v -0.347599506 5.63332605 -0.0461624414 1 1 1
v -0.364404231 5.43833351 0.0135701653 1 1 1
v -0.350355417 5.67956257 -0.0187992826 1 1 1
v -0.334848791 5.90893936 0.0946744382 1 1 1
v -0.320300043 5.98383331 0.124483757 1 1 1
v 0.0640715063 6.04439497 0.304008305 1 1 1
v 0.0893346667 6.00693989 0.29553178 1 1 1
v 0.190663129 5.6388669 0.290000737 1 1 1
v 0.136536688 5.45931149 0.323408008 1 1 1
v 0.114206411 5.38860798 0.336080134 1 1 1
v 0.163536608 5.57013893 0.313339502 1 1 1
v -0.0655845776 5.34292984 0.363405347 1 1 1
v -0.0956178904 5.31291628 0.354238242 1 1 1
v -0.0249184314 5.36365986 0.363917798 1 1 1
v -0.250087708 5.33963013 0.290713429 1 1 1
v -0.287601978 5.33471203 0.263449937 1 1 1
v -0.210783273 6.22200203 0.25360626 1 1 1
v -0.149811715 6.26115942 0.284433603 1 1 1
v -0.147460043 6.26157951 0.284790516 1 1 1
v 0.0520082153 6.0606761 0.310928315 1 1 1
v 0.0626877397 6.0461092 0.304516673 1 1 1
v 0.0446244143 6.0681181 0.31046468 1 1 1
v -1.01048422 12.0591221 1.38486195 1 1 1
v -0.997487009 12.0572147 1.37894011 1 1 1
v -0.996489227 12.0536385 1.39969325 1 1 1
v -0.984190404 12.0530157 1.38254368 1 1 1
v -0.976819098 12.0484734 1.39405739 1 1 1
v -0.97878921 12.0457153 1.40805149 1 1 1
v -0.989204466 12.0460348 1.41799676 1 1 1
v -1.00317848 12.0492802 1.41922796 1 1 1
v -1.01419282 12.0539331 1.41119325 1 1 1
v -1.01705027 12.0578127 1.39762127 1 1 1
v -0.0984599367 7.75453901 -0.164044604 1 1 1
v -0.222703457 7.73362827 -0.0996996909 1 1 1
v -0.195875496 7.14373207 -0.223738566 1 1 1
v -0.134252489 7.17310715 -0.253118932 1 1 1
v -0.125751376 7.24552107 -0.25222218 1 1 1
v -0.0985176265 7.27512932 -0.264002711 1 1 1
v -0.0864356533 7.25000954 -0.271999002 1 1 1
v -0.0841288045 7.24318027 -0.273672968 1 1 1
v -0.0853573382 7.19641495 -0.276430994 1 1 1
v -0.0400419682 7.21801662 -0.298036277 1 1 1
v 0.0347883888 7.77310991 -0.120861754 1 1 1
v 0.0583022833 7.245893 -0.270018488 1 1 1
v 0.035891898 7.28791475 -0.259889394 1 1 1
v 0.033655446 7.30625916 -0.254047811 1 1 1
v 0.080693692 7.30263853 -0.246434495 1 1 1
v 0.086075671 7.3039937 -0.24495928 1 1 1
v 0.0942212641 7.29961109 -0.24492307 1 1 1
v 0.0917774737 7.25538158 -0.260481566 1 1 1
v 0.13426581 7.26742506 -0.248376831 1 1 1
v 0.245541245 7.26859903 -0.0969772041 1 1 1
v 0.119285874 7.77826786 -0.00773024559 1 1 1
v 0.114603736 7.77622747 0.13394475 1 1 1
v 0.244001076 7.24731302 -0.0152346492 1 1 1
v 0.235517234 7.26287222 0.0186518449 1 1 1
v 0.235116914 7.2636714 0.0200472865 1 1 1
v 0.234853223 7.26385307 0.0220470577 1 1 1
v 0.234799296 7.26387644 0.0224991236 1 1 1
v 0.234718502 7.26374674 0.0236927122 1 1 1
v 0.235879987 7.24349594 0.0758642405 1 1 1
v 0.234210208 7.24398232 0.0906097144 1 1 1
v -0.165882498 8.29340172 -0.137580797 1 1 1
v -0.310459346 8.29578209 -0.0462730229 1 1 1
v -0.0159379747 8.29220772 -0.0632954314 1 1 1
v 0.0822103396 8.29513454 0.0529731214 1 1 1
v 0.0984348059 8.30074596 0.217715457 1 1 1
v 0.00648427941 7.78191376 0.235183969 1 1 1
v -0.0340668559 8.30254555 0.315151334 1 1 1
v -0.126435891 7.75471115 0.245091915 1 1 1
v -0.183339685 8.30361271 0.328153729 1 1 1
v -0.242525727 7.74600792 0.169943467 1 1 1
v -0.311741292 8.30263519 0.250197977 1 1 1
v -0.286018848 7.7404604 0.0352572948 1 1 1
v -0.38366431 8.30070972 0.104048602 1 1 1
v -0.21067369 8.89132118 -0.124274567 1 1 1
v -0.32915774 8.85324001 -0.0604830757 1 1 1
v -0.0854223669 8.9223032 -0.0844724253 1 1 1
v -0.00573694613 8.93648338 0.0184501596 1 1 1
v -0.0107396292 8.92453766 0.15235287 1 1 1
v -0.0953230709 8.89307213 0.260622591 1 1 1
v -0.227829352 8.85509586 0.259076029 1 1 1
v -0.334296167 8.83107948 0.190939575 1 1 1
v -0.386467457 8.82769299 0.0656167343 1 1 1
v -0.431751013 9.34858131 0.0387822688 1 1 1
v -0.505272985 9.27123165 0.0702486634 1 1 1
v -0.340547383 9.41737366 0.0548735633 1 1 1
v -0.284424394 9.41125488 0.153635025 1 1 1
v -0.27181986 9.37068462 0.251556814 1 1 1
v -0.306525618 9.2969389 0.340314955 1 1 1
v -0.401567072 9.22650623 0.320269614 1 1 1
v -0.486035347 9.18652821 0.263284653 1 1 1
v -0.520628273 9.21018028 0.161808401 1 1 1
v -0.861657083 9.6460371 0.347482115 1 1 1
v -0.915319562 9.56274796 0.368985415 1 1 1
v -0.78857851 9.7200613 0.372021735 1 1 1
v -0.731755137 9.72216988 0.464212537 1 1 1
v -0.72023809 9.671525 0.550994217 1 1 1
v -0.746922493 9.59452629 0.609508336 1 1 1
v -0.812995017 9.52103424 0.596461654 1 1 1
v -0.8898049 9.46254158 0.546794713 1 1 1
v -0.926647604 9.49149227 0.44558394 1 1 1
v -1.27748346 10.0194969 0.531587124 1 1 1
v -1.34364736 9.9531517 0.588157773 1 1 1
v -1.18502021 10.0500727 0.579071999 1 1 1
v -1.12269127 10.0519505 0.650731742 1 1 1
v -1.11499393 10.0157928 0.734934509 1 1 1
v -1.1590476 9.96067429 0.796156406 1 1 1
v -1.24025702 9.91195202 0.798582017 1 1 1
v -1.31867874 9.88837814 0.752681196 1 1 1
v -1.39041054 9.88896561 0.666327238 1 1 1
v -1.35508454 10.4567842 0.764752328 1 1 1
v -1.4396807 10.4860144 0.821009934 1 1 1
v -1.2629894 10.4356127 0.758899629 1 1 1
v -1.21085501 10.4381247 0.837876439 1 1 1
v -1.22489631 10.4590206 0.936805487 1 1 1
v -1.27689195 10.4881849 1.03121316 1 1 1
v -1.37541962 10.5124397 1.04682434 1 1 1
v -1.4530654 10.5235128 1.01164675 1 1 1
v -1.47469473 10.5116072 0.919762969 1 1 1
v -1.04309905 10.8182926 0.365453899 1 1 1
v -1.11011231 10.8340969 0.44087854 1 1 1
v -0.966871858 10.7853136 0.376672357 1 1 1
v -0.940218091 10.7614393 0.457900703 1 1 1
v -0.957696438 10.752203 0.565754652 1 1 1
v -1.00453866 10.7570324 0.673134804 1 1 1
v -1.09644949 10.7882462 0.715769291 1 1 1
v -1.1564368 10.8216705 0.648362279 1 1 1
v -1.14898288 10.8338442 0.546156943 1 1 1
v -1.07200563 11.1036234 0.841490209 1 1 1
v -1.12060082 11.0831871 0.854294658 1 1 1
v -1.01636243 11.0953646 0.855478644 1 1 1
v -0.999681711 11.0559044 0.892562866 1 1 1
v -0.997491002 11.01474 0.930902302 1 1 1
v -1.04640925 10.9911156 0.946227789 1 1 1
v -1.10037291 10.9831495 0.94795543 1 1 1
v -1.1436621 11.0081425 0.920418859 1 1 1
v -1.1447494 11.0481339 0.883336008 1 1 1
v -1.13591278 11.5263777 1.21116567 1 1 1
v -1.17587423 11.5203953 1.22905684 1 1 1
v -1.09619808 11.5162163 1.22539198 1 1 1
v -1.07641745 11.4985046 1.2580024 1 1 1
v -1.07335865 11.4769611 1.30162644 1 1 1
v -1.11228609 11.4639549 1.33378863 1 1 1
v -1.16075182 11.4707422 1.3269136 1 1 1
v -1.1922313 11.4859314 1.30096972 1 1 1
v -1.20893121 11.5070848 1.26155162 1 1 1
v -1.00044191 12.0583477 1.34270895 1 1 1
v -1.02959478 12.0553064 1.36499143 1 1 1
v -0.96913451 12.0440922 1.35682464 1 1 1
v -0.94807905 12.0340424 1.3838743 1 1 1
v -0.962697506 12.025815 1.4143666 1 1 1
v -0.981218338 12.0273743 1.4414103 1 1 1
v -1.01453722 12.035162 1.44455695 1 1 1
v -1.03659093 12.0432243 1.42136598 1 1 1
v -1.0471741 12.0551205 1.39287174 1 1 1
v -0.999059021 12.0569906 1.36168444 1 1 1
v -1.02241254 12.06042 1.37232828 1 1 1
v -0.975167215 12.0494471 1.36816227 1 1 1
v -0.961920142 12.0412846 1.38885057 1 1 1
v -0.965460896 12.0363293 1.41399634 1 1 1
v -0.984176457 12.0369024 1.43186784 1 1 1
v -1.00928605 12.0427332 1.43408072 1 1 1
v -1.02907717 12.051096 1.41964161 1 1 1
v -1.0342145 12.0580664 1.39525461 1 1 1
v 0.190246433 7.26307487 0.131468326 1 1 1
v 0.169526234 7.2741189 0.150871933 1 1 1
v 0.157870904 7.27754927 0.162151009 1 1 1
v 0.155001566 7.27879858 0.164874643 1 1 1
v 0.141679689 7.28291082 0.177741453 1 1 1
v 0.0732400343 7.30744362 0.243396819 1 1 1
v 0.0718363598 7.29416943 0.246547744 1 1 1
v -0.0237599351 7.2582674 0.250118852 1 1 1
v -0.0472118445 7.25200748 0.252276301 1 1 1
v -0.086362198 7.18731213 0.247086406 1 1 1
v 0.0124012101 7.31382227 0.254700691 1 1 1
v -0.245906681 7.18622541 0.149226546 1 1 1
v -0.173454911 7.23431873 0.215691686 1 1 1
v -0.181243956 7.23585892 0.211514667 1 1 1
v -0.314514995 7.28264141 0.0526841506 1 1 1
v -0.31543535 7.28336048 0.0503365397 1 1 1
v -0.315645039 7.28310776 0.0491465256 1 1 1
v -0.31561473 7.2826128 0.0484827235 1 1 1
v -0.295181572 7.18149471 -0.0332632884 1 1 1
v -0.253199518 7.19159079 -0.128311858 1 1 1
v -0.240963474 7.17951059 -0.14774856 1 1 1
v -0.211558223 7.12785339 -0.183141142 1 1 1
v -1.38528931 10.6186647 2.30768466 1 1 1
v -1.38913965 10.6097317 2.30338788 1 1 1
v -1.39340687 10.6177683 2.3036654 1 1 1
v -1.39816058 10.6121531 2.2983036 1 1 1
v -1.39988506 10.6225834 2.29945803 1 1 1
v -1.39192998 10.6266069 2.30525613 1 1 1
v -1.05807531 10.8581009 1.3817426 1 1 1
v -1.0721004 10.8241911 1.35835385 1 1 1
v -1.07664597 10.6803255 1.8247124 1 1 1
v -1.06375635 10.7234201 1.8431927 1 1 1
v -1.11167657 10.8285456 1.3509686 1 1 1
v -1.13050699 10.6858492 1.80955935 1 1 1
v -1.11882997 10.8652954 1.37532473 1 1 1
v -1.1345855 10.7365246 1.82501554 1 1 1
v -1.08646548 10.8825092 1.39865673 1 1 1
v -1.09634471 10.7599974 1.84539223 1 1 1
v -1.38468719 10.6025991 2.30224895 1 1 1
v -1.37877262 10.6197672 2.30740523 1 1 1
v -1.4048965 10.6047602 2.29265809 1 1 1
v -1.4043951 10.6268578 2.29461479 1 1 1
v -1.38917553 10.6317091 2.30281448 1 1 1
v -1.03733349 10.9403763 0.887032688 1 1 1
v -1.04200351 10.9297934 0.875991881 1 1 1
v -1.00997925 11.0022802 0.926767409 1 1 1
v -1.03214121 10.9526901 0.885034621 1 1 1
v -1.09940052 10.9348469 0.890412986 1 1 1
v -1.12526906 10.9388475 0.860636771 1 1 1
v -1.07923341 10.9332714 0.887334466 1 1 1
v -1.14100897 11.0066109 0.922106504 1 1 1
v -1.14259267 11.0136013 0.926658273 1 1 1
v -1.10589468 11.0277414 0.982612073 1 1 1
v -1.07261193 11.0466404 0.992167294 1 1 1
v -1.1083461 11.0267906 0.978596509 1 1 1
v -1.05221403 11.0327797 0.980377913 1 1 1
v -1.01558232 11.0060034 0.936570108 1 1 1
v -1.05722082 11.0364656 0.982223034 1 1 1
v -1.62581778 7.35049343 -2.25561428 1 1 1
v -1.61586893 7.33823442 -2.24016356 1 1 1
v -1.60733199 7.35055208 -2.25167894 1 1 1
v -1.59484899 7.34486437 -2.23867774 1 1 1
v -1.59180689 7.36122131 -2.25321007 1 1 1
v -1.61094654 7.36470032 -2.2636776 1 1 1
v -1.15149164 7.87380886 -1.44403005 1 1 1
v -1.105196 7.95384598 -1.44823194 1 1 1
v -0.506276846 7.89015055 -1.41812479 1 1 1
v -0.514635146 7.84651899 -1.41542327 1 1 1
v -0.522782743 7.85178852 -1.41561544 1 1 1
v -0.54567343 7.84383488 -1.41481006 1 1 1
v -0.646885693 7.83096409 -1.41256678 1 1 1
v -0.658932626 7.81313562 -1.41133654 1 1 1
v -0.724512458 7.73920107 -1.40600574 1 1 1
v -1.63635337 7.9629178 -1.3974613 1 1 1
v -1.66881895 8.07816982 -1.39597034 1 1 1
v -1.13990498 7.83927107 -1.52442133 1 1 1
v -1.56845093 7.91396475 -1.49704444 1 1 1
v -1.12099421 7.90276432 -1.57955492 1 1 1
v -1.55145061 7.98983145 -1.56648207 1 1 1
v -1.09419632 7.97325516 -1.53480232 1 1 1
v -1.61258638 8.09155655 -1.50434959 1 1 1
v -1.78186202 7.69783354 -1.81733286 1 1 1
v -1.81107616 7.74247694 -1.85318303 1 1 1
v -1.71871316 7.70772219 -1.82739949 1 1 1
v -1.70639706 7.75512791 -1.8675468 1 1 1
v -1.76970339 7.78480816 -1.8905592 1 1 1
v -1.62163317 7.33504629 -2.23071194 1 1 1
v -1.6365124 7.35391855 -2.25399995 1 1 1
v -1.59048986 7.3460021 -2.22861862 1 1 1
v -1.58047533 7.37037373 -2.25327325 1 1 1
v -1.61412525 7.37745714 -2.27622437 1 1 1
v -0.720254779 7.66757631 -1.57542849 1 1 1
v -0.718683004 7.66654825 -1.57705581 1 1 1
v -0.737172723 7.73252392 -1.42797267 1 1 1
v -0.735805094 7.72494173 -1.44434202 1 1 1
v -0.703799367 7.77996922 -1.66826093 1 1 1
v -0.698425174 7.80870008 -1.69251406 1 1 1
v -0.719721198 7.66952181 -1.57888865 1 1 1
v -0.698188305 7.85335302 -1.66387701 1 1 1
v -0.664219439 7.88425636 -1.64425564 1 1 1
v -0.62431401 7.93166542 -1.61388862 1 1 1
v -0.568892539 7.93699169 -1.61158288 1 1 1
v -0.538008928 7.94485569 -1.60707283 1 1 1
v -0.510857344 7.92723083 -1.55520964 1 1 1
v -0.508763313 7.9276619 -1.5581634 1 1 1
v 1.54229414 8.15845966 -2.34625244 1 1 1
v 1.53373325 8.15329075 -2.33542442 1 1 1
v 1.53850496 8.14650249 -2.34492421 1 1 1
v 1.53328478 8.13860416 -2.33658981 1 1 1
v 1.54156864 8.13469601 -2.34813809 1 1 1
v 1.54713678 8.14696789 -2.35411 1 1 1
v 2.67396307 7.32287693 -1.37252116 1 1 1
v 2.56474662 7.30550241 -1.30954242 1 1 1
v 2.30910659 7.73008251 -1.67590225 1 1 1
v 2.31447625 7.73809195 -1.71495712 1 1 1
v 2.49719143 7.21726608 -1.37156689 1 1 1
v 2.25061488 7.6726265 -1.70085454 1 1 1
v 2.26325417 7.66551018 -1.75509369 1 1 1
v 2.56340098 7.18079853 -1.47099388 1 1 1
v 2.55905342 7.18998766 -1.47986686 1 1 1
v 1.95015168 8.13562679 -1.98311496 1 1 1
v 1.99364734 8.1601963 -2.0232594 1 1 1
v 1.93290734 8.07764721 -2.00085545 1 1 1
v 1.96216059 8.060215 -2.05150795 1 1 1
v 2.28118801 7.73921204 -1.78814554 1 1 1
v 2.00135303 8.11048412 -2.06791663 1 1 1
v 1.53137982 8.15846729 -2.32706881 1 1 1
v 1.54712379 8.16581917 -2.34526944 1 1 1
v 1.53428018 8.13444805 -2.32987142 1 1 1
v 1.54531717 8.12554073 -2.34956574 1 1 1
v 1.55580354 8.1480875 -2.37034607 1 1 1
v 2.67393899 7.28935146 -1.41619098 1 1 1
v 2.5574944 7.19570684 -1.48326254 1 1 1
v 2.51956081 7.40713787 -1.60410666 1 1 1
v 2.53085423 7.43106079 -1.61305892 1 1 1
v 2.53291631 7.43415737 -1.61403513 1 1 1
v 2.54566884 7.44276285 -1.61461461 1 1 1
v 2.5612762 7.47570467 -1.53006721 1 1 1
v 2.67099643 7.29480457 -1.41840291 1 1 1
v 2.55803132 7.47624922 -1.53961861 1 1 1
v 2.55813837 7.47664976 -1.53875935 1 1 1
v -2.68198609 4.45192337 -0.0102747809 1 1 1
v -2.68085957 4.47297192 -0.000303702429 1 1 1
v -2.66529799 4.4612298 -0.00454071676 1 1 1
v -2.65839767 4.4790597 0.00115884794 1 1 1
v -2.64564228 4.4617734 -0.00790832005 1 1 1
v -2.66022062 4.44500208 -0.0149746947 1 1 1
v -2.34719896 4.97939014 -0.835231483 1 1 1
v -2.38637614 5.02784395 -0.768823147 1 1 1
v -2.6811316 4.80849218 -0.848536015 1 1 1
v -2.68946433 4.71052408 -0.940286875 1 1 1
v -2.33347917 5.03162193 -0.671943426 1 1 1
v -2.59524298 4.80334234 -0.7115345 1 1 1
v -2.2855587 4.93607616 -0.675527155 1 1 1
v -2.54139233 4.69837141 -0.707983613 1 1 1
v -2.28873801 4.91534662 -0.774722159 1 1 1
v -2.60065937 4.64661026 -0.848807931 1 1 1
v -2.74006104 4.70065165 -0.418500781 1 1 1
v -2.74182987 4.63372612 -0.440644413 1 1 1
v -2.67159891 4.71602774 -0.408989012 1 1 1
v -2.63604617 4.65910769 -0.425586313 1 1 1
v -2.6734674 4.59243727 -0.448284477 1 1 1
v -2.69285893 4.48254013 0.00175587833 1 1 1
v -2.69209123 4.44813919 -0.0172334779 1 1 1
v -2.65105104 4.49645329 0.00976052601 1 1 1
v -2.63623738 4.46438456 -0.0144652482 1 1 1
v -2.65698934 4.43531799 -0.0244528465 1 1 1
v -2.11341572 5.22402191 -0.795462132 1 1 1
v -2.1412909 5.22323227 -0.773321748 1 1 1
v -2.18369508 5.29187202 -0.719581723 1 1 1
v -2.02421784 5.26384544 -0.857093811 1 1 1
v -2.03691459 5.25086927 -0.850691795 1 1 1
v -2.16540408 5.27170706 -0.654794097 1 1 1
v -2.10893679 5.30003214 -0.560731947 1 1 1
v -2.09614515 5.30729151 -0.54034245 1 1 1
v -2.06673932 5.3592248 -0.531889319 1 1 1
v -2.18183732 5.29055738 -0.713680089 1 1 1
v -2.00945091 5.13087273 -0.544412494 1 1 1
v -2.00205398 5.11642456 -0.545418978 1 1 1
v -1.97862566 5.09896517 -0.547459304 1 1 1
v -2.08585262 5.29556704 -0.533306837 1 1 1
v -2.07795763 5.27380466 -0.534721315 1 1 1
v -2.04198956 5.18484545 -0.540373683 1 1 1
v -1.96989679 5.05376577 -0.667654514 1 1 1
v -1.92153502 5.09930992 -0.739322364 1 1 1
v -1.97292304 5.05708599 -0.650582254 1 1 1
v -1.95123506 5.11379242 -0.762016952 1 1 1
v -2.01339698 5.22493601 -0.836881638 1 1 1
v 0.654947817 10.5074949 0.158180743 1 1 1
v 0.65077275 10.5012369 0.138698459 1 1 1
v 0.660226882 10.4921017 0.150799751 1 1 1
v 0.65728581 10.481493 0.13672623 1 1 1
v 0.665486157 10.4755468 0.154989675 1 1 1
v 0.664041221 10.4916172 0.168249428 1 1 1
v -0.319601059 9.21943474 -0.0970829353 1 1 1
v -0.148844212 9.14679337 -0.11896506 1 1 1
v 0.085492976 9.73978901 -0.010057833 1 1 1
v -0.055867482 9.77420521 0.094552651 1 1 1
v -0.0841826946 9.09942532 0.0498210788 1 1 1
v 0.0379339755 9.71139336 0.152698889 1 1 1
v -0.0232231077 9.7570734 0.23628895 1 1 1
v -0.106048875 9.10667515 0.0709187984 1 1 1
v -0.171187386 9.20646954 0.163395941 1 1 1
v -0.181134984 9.22185421 0.177573323 1 1 1
v -0.074540779 9.80906296 0.199080184 1 1 1
v 0.0851789564 10.3285322 0.286271185 1 1 1
v 0.0644150823 10.3399248 0.36824584 1 1 1
v 0.150747627 10.2744465 0.264982969 1 1 1
v 0.17364873 10.2492876 0.334743351 1 1 1
v 0.124849357 10.285984 0.415803403 1 1 1
v 0.641574383 10.5045977 0.133699507 1 1 1
v 0.647818923 10.5137405 0.163423046 1 1 1
v 0.650999665 10.474741 0.131721929 1 1 1
v 0.668399513 10.4623299 0.158689529 1 1 1
v 0.669268191 10.4917946 0.185153738 1 1 1
v -0.339192241 9.21824932 -0.0096970778 1 1 1
v -0.283487618 9.3650465 0.097233288 1 1 1
v -0.29070884 9.32066154 0.0276523884 1 1 1
v -0.307415068 9.28317165 0.00917077623 1 1 1
v -0.184391052 9.2280159 0.174963251 1 1 1
v -0.235286117 9.32754326 0.129799172 1 1 1
v -0.254456133 9.33762264 0.117777765 1 1 1
v -1.69314921 9.72250748 -3.90074348 1 1 1
v -1.69013572 9.72464848 -3.88932371 1 1 1
v -1.69810522 9.71897697 -3.89246583 1 1 1
v -1.69707048 9.71780586 -3.88231206 1 1 1
v -1.7043699 9.71143627 -3.88939881 1 1 1
v -1.70194638 9.71434116 -3.90078974 1 1 1
v -1.31525493 8.59853458 -3.54267931 1 1 1
v -1.30207944 8.6380024 -3.52796125 1 1 1
v -1.31935358 8.93114185 -3.71550393 1 1 1
v -1.35552287 8.94675255 -3.75665975 1 1 1
v -1.32799137 8.67925549 -3.55178237 1 1 1
v -1.33870876 8.94445324 -3.71425533 1 1 1
v -1.35795712 8.64465904 -3.55779696 1 1 1
v -1.37416685 8.96005344 -3.75794458 1 1 1
v -1.33855188 8.57028484 -3.5601325 1 1 1
v -1.30771184 8.88835621 -3.89540195 1 1 1
v -1.49235463 9.36280727 -3.86428952 1 1 1
v -1.50462222 9.44320583 -3.86418557 1 1 1
v -1.33972847 9.23853207 -3.83831954 1 1 1
v -1.34038115 9.22488976 -3.83893323 1 1 1
v -1.34075749 9.21724033 -3.839288 1 1 1
v -1.33340704 9.20744228 -3.83173323 1 1 1
v -1.38299143 9.34376144 -3.94782829 1 1 1
v -1.47983694 9.36904526 -3.87300944 1 1 1
v -1.4927398 9.45735931 -3.87640715 1 1 1
v -1.68221295 9.72943783 -3.88643169 1 1 1
v -1.68812275 9.72833157 -3.91112661 1 1 1
v -1.69368184 9.71413898 -3.87771726 1 1 1
v -1.70766735 9.70423603 -3.88718033 1 1 1
v -1.70584416 9.70960808 -3.90930724 1 1 1
v -1.24580383 8.34316158 -3.30182171 1 1 1
v -1.26493752 8.23916721 -3.32592463 1 1 1
v -1.25928211 8.28299713 -3.33862996 1 1 1
v -1.25447524 8.30335426 -3.32048845 1 1 1
v -1.34116662 8.27716351 -3.14847541 1 1 1
v -1.33472908 8.26529503 -3.140589 1 1 1
v -1.34311235 8.26923656 -3.13810062 1 1 1
v -1.34186304 8.27848911 -3.14937377 1 1 1
v -1.3133055 8.48999023 -3.40707088 1 1 1
v -1.28205013 8.41783333 -3.35268021 1 1 1
v -1.37885654 8.26039505 -3.18380594 1 1 1
v -1.41619968 8.2209034 -3.18778372 1 1 1
v -1.40759802 8.2718792 -3.24745655 1 1 1
v -1.38701046 8.26294518 -3.20083904 1 1 1
v -1.31961691 8.49282074 -3.42170334 1 1 1
v -1.33425641 8.47432804 -3.4194622 1 1 1
v -1.36861992 8.42137909 -3.39995623 1 1 1
v -1.38230681 8.38550568 -3.37045598 1 1 1
v -1.39119053 8.36911583 -3.36128139 1 1 1
v -1.39993417 8.233428 -3.23819447 1 1 1
v -1.37333488 8.14964008 -3.24462128 1 1 1
v -1.37489069 8.23160172 -3.30042171 1 1 1
v -1.39222729 8.22297001 -3.25013018 1 1 1
v -1.34871697 8.18965244 -3.28561687 1 1 1
v -1.31812859 8.23619461 -3.33292007 1 1 1
v -1.29760611 8.24151421 -3.33499837 1 1 1
v -1.36184478 8.15013504 -3.24294186 1 1 1
v -1.36109591 8.18301773 -3.2803452 1 1 1
v -1.28555048 9.19570637 -3.87824368 1 1 1
v -1.28595102 9.1963892 -3.87918997 1 1 1
v -1.29088295 9.20606899 -3.88998294 1 1 1
v -1.29448998 9.21682835 -3.89432263 1 1 1
v -1.29769802 9.22615337 -3.89806867 1 1 1
v -1.29946506 9.24079037 -3.89562798 1 1 1
v -1.30241191 9.25748539 -3.89521575 1 1 1
v -1.30377162 9.2703352 -3.89188671 1 1 1
v -1.30430317 9.28776455 -3.88199162 1 1 1
v -1.2811867 9.19543839 -3.86309624 1 1 1
v -1.31300485 9.19594288 -3.83969665 1 1 1
v -1.30426931 9.19220543 -3.84382868 1 1 1
v -1.3328172 9.25580025 -3.84797835 1 1 1
v -1.32642031 9.25972462 -3.85356188 1 1 1
v 1.42793894 7.26150942 0.501021087 1 1 1
v 1.43044364 7.23843384 0.507672668 1 1 1
v 1.41348112 7.24684286 0.499409646 1 1 1
v 1.410887 7.226367 0.500260413 1 1 1
v 1.39629567 7.24198484 0.489027858 1 1 1
v 1.40683436 7.2637043 0.48949796 1 1 1
v 1.71910059 6.32790756 -0.5505054 1 1 1
v 1.50923407 6.28213453 -0.510583997 1 1 1
v 1.56845522 6.72867393 -0.205995753 1 1 1
v 1.66100299 6.7575078 -0.213859841 1 1 1
v 1.51595259 6.7951498 -0.248686075 1 1 1
v 1.44954908 6.35294628 -0.563104749 1 1 1
v 1.39328349 6.44495821 -0.588776529 1 1 1
v 1.39055336 6.4476018 -0.591740966 1 1 1
v 1.66502476 6.85348129 -0.248358265 1 1 1
v 1.69143152 7.11996841 0.149419978 1 1 1
v 1.70180309 7.21762657 0.0852692947 1 1 1
v 1.58763134 7.07990217 0.14914684 1 1 1
v 1.52991009 7.14244843 0.0910720155 1 1 1
v 1.57489133 6.86187553 -0.288079709 1 1 1
v 1.59670794 7.22452211 0.0516152158 1 1 1
v 1.44117749 7.23331261 0.506783068 1 1 1
v 1.43817198 7.26932478 0.498538524 1 1 1
v 1.41302252 7.21681356 0.494551927 1 1 1
v 1.38886392 7.23848915 0.479447424 1 1 1
v 1.40528226 7.27209806 0.480161935 1 1 1
v 1.71971381 6.34264135 -0.561746418 1 1 1
v 1.7224015 6.57691574 -0.576762855 1 1 1
v 1.71771896 6.52725649 -0.540317535 1 1 1
v 1.71743608 6.47799349 -0.532367885 1 1 1
v 1.71680105 6.3903923 -0.516017497 1 1 1
v 1.71942341 6.3477459 -0.557209551 1 1 1
v 1.50465226 6.57374811 -0.662762105 1 1 1
v 1.52188015 6.5743494 -0.706889808 1 1 1
v 1.41396224 6.47458696 -0.604373455 1 1 1
v 1.57370329 6.59159994 -0.650150716 1 1 1
v 1.67125368 6.58368349 -0.599531531 1 1 1
v -4.12535858 5.21341801 -0.12401215 1 1 1
v -4.11540222 5.22229338 -0.121828899 1 1 1
v -4.11495018 5.21327305 -0.129054487 1 1 1
v -4.10556602 5.21981573 -0.130759984 1 1 1
v -4.10944271 5.20940924 -0.138462961 1 1 1
v -4.12167501 5.20545578 -0.134292528 1 1 1
v -3.95720196 5.59560204 -0.905032456 1 1 1
v -3.92421627 5.58360481 -0.872824907 1 1 1
v -3.45306206 5.61631441 -1.24943781 1 1 1
v -3.45945477 5.61974001 -1.26084888 1 1 1
v -3.49777794 5.61806393 -1.2428093 1 1 1
v -3.53525901 5.61944008 -1.2369014 1 1 1
v -3.60272098 5.62960672 -1.25619781 1 1 1
v -3.56898546 5.63813877 -1.29954457 1 1 1
v -3.55472946 5.6421771 -1.31954765 1 1 1
v -4.11847925 5.45860672 -0.496565402 1 1 1
v -4.15042925 5.45763969 -0.511715055 1 1 1
v -3.96604753 5.622684 -0.913618088 1 1 1
v -4.02228928 5.70508432 -1.01179802 1 1 1
v -4.08124256 5.68693018 -0.953953981 1 1 1
v -4.10356045 5.67970705 -0.936358511 1 1 1
v -4.09072065 5.68891668 -0.884383082 1 1 1
v -4.09073877 5.69021845 -0.868301094 1 1 1
v -4.08008051 5.69456196 -0.865715921 1 1 1
v -3.9723351 5.59368372 -0.826785624 1 1 1
v -4.31426573 5.52881956 -0.51004374 1 1 1
v -4.12695312 5.45171356 -0.491924614 1 1 1
v -4.38381481 5.53394032 -0.514138877 1 1 1
v -4.11645365 5.23051119 -0.116905801 1 1 1
v -4.13337469 5.21532869 -0.122537933 1 1 1
v -4.10273218 5.2257452 -0.134303614 1 1 1
v -4.10572529 5.20728016 -0.146953017 1 1 1
v -4.1300745 5.1901741 -0.139032453 1 1 1
v -3.74519706 5.73163033 -1.21652842 1 1 1
v -3.93811727 5.7116065 -1.08166647 1 1 1
v -3.95173597 5.71101332 -1.0680604 1 1 1
v -3.97663832 5.70979357 -1.04385459 1 1 1
v -3.73427033 5.73241091 -1.22592664 1 1 1
v -3.96770024 5.67306757 -0.955949485 1 1 1
v -3.93637085 5.67061424 -0.9655146 1 1 1
v -3.87047052 5.66634893 -0.986443341 1 1 1
v -3.44722581 5.64296722 -1.2330538 1 1 1
v -3.72977686 5.65026188 -1.07099724 1 1 1
v -3.77923036 5.69343376 -1.19811773 1 1 1
v -3.73016143 5.72763968 -1.22790074 1 1 1
v -4.05812263 5.68759823 -0.880303144 1 1 1
v -4.03679562 5.68498945 -0.899227679 1 1 1
v 0.540789545 0.506140232 -2.90727592 1 1 1
v 0.553576648 0.511540949 -2.89984345 1 1 1
v 0.55324316 0.501116395 -2.90837312 1 1 1
v 0.566118658 0.503967643 -2.90561056 1 1 1
v 0.5610829 0.493886381 -2.91660738 1 1 1
v 0.545428693 0.495229125 -2.91763639 1 1 1
v 0.497176349 1.36489856 -3.50622106 1 1 1
v 0.512105644 1.3327775 -3.55351305 1 1 1
v 0.403089851 1.74843049 -3.8013587 1 1 1
v 0.401927173 1.75118661 -3.79874206 1 1 1
v 0.393800139 1.7424531 -3.76344204 1 1 1
v 0.389383703 1.75116992 -3.75243831 1 1 1
v 0.360103756 1.81218898 -3.68144774 1 1 1
v 0.543741405 1.38803077 -3.48155046 1 1 1
v 0.617031276 0.946605802 -3.28025293 1 1 1
v 0.57275486 0.926596463 -3.30837345 1 1 1
v 0.587850511 1.3605268 -3.50206041 1 1 1
v 0.662533104 0.939180136 -3.32037067 1 1 1
v 0.567698598 1.31697834 -3.53437829 1 1 1
v 0.648294091 0.914708376 -3.37252307 1 1 1
v 0.580458105 0.900802791 -3.37209558 1 1 1
v 0.554053366 0.520752072 -2.89472389 1 1 1
v 0.5333969 0.511552453 -2.90887475 1 1 1
v 0.572853208 0.50862664 -2.90752578 1 1 1
v 0.56715399 0.489905477 -2.92415833 1 1 1
v 0.534119964 0.483775616 -2.92741776 1 1 1
v 0.376731366 1.80796134 -3.66079617 1 1 1
v 0.448071599 1.84130347 -3.62292194 1 1 1
v 0.448574126 1.84182525 -3.62294984 1 1 1
v 0.453445882 1.84827495 -3.62465143 1 1 1
v 0.472907782 1.88009202 -3.63766766 1 1 1
v 0.375136197 1.80750895 -3.66194439 1 1 1
v 0.490992457 1.85903943 -3.63848925 1 1 1
v 0.577429235 1.79791808 -3.67194295 1 1 1
v 0.525241911 1.66530955 -3.70370936 1 1 1
v 0.522544384 1.65990067 -3.70941615 1 1 1
v 0.557009697 1.73945177 -3.66539574 1 1 1
v 0.549050689 1.71805036 -3.66717649 1 1 1
v 0.405216455 1.74823582 -3.80121326 1 1 1
v 0.499819815 1.6661483 -3.715482 1 1 1
v 0.429077357 1.71024203 -3.76092625 1 1 1
v 0.414069235 1.72015095 -3.77116585 1 1 1
v -2.06553316 5.36165237 -0.531866431 1 1 1
v -2.13925576 5.39085245 -0.72681123 1 1 1
v -2.00045657 5.3084507 -0.86185199 1 1 1
v -1.8409512 5.22832394 -0.750366926 1 1 1
v -1.88117063 5.26120424 -0.546424448 1 1 1
v -2.18369508 5.29187202 -0.719581723 1 1 1
v -2.1412909 5.22323227 -0.773321748 1 1 1
v -2.11341572 5.22402191 -0.795462132 1 1 1
v -2.03691459 5.25086927 -0.850691795 1 1 1
v -2.02421784 5.26384544 -0.857093811 1 1 1
v -2.16540408 5.27170706 -0.654794097 1 1 1
v -2.18183732 5.29055738 -0.713680089 1 1 1
v -2.06673932 5.3592248 -0.531889319 1 1 1
v -2.09614515 5.30729151 -0.54034245 1 1 1
v -2.10893679 5.30003214 -0.560731947 1 1 1
v -2.04198956 5.18484545 -0.540373683 1 1 1
v -2.07795763 5.27380466 -0.534721315 1 1 1
v -2.08585262 5.29556704 -0.533306837 1 1 1
v -1.97862566 5.09896517 -0.547459304 1 1 1
v -2.00205398 5.11642456 -0.545418978 1 1 1
v -2.00945091 5.13087273 -0.544412494 1 1 1
v -1.92153502 5.09930992 -0.739322364 1 1 1
v -1.96989679 5.05376577 -0.667654514 1 1 1
v -1.97292304 5.05708599 -0.650582254 1 1 1
v -2.01339698 5.22493601 -0.836881638 1 1 1
v -1.95123506 5.11379242 -0.762016952 1 1 1
v 2.20783257 5.01412773 2.88580751 1 1 1
v 2.17854905 5.03740311 3.02079535 1 1 1
v 2.20297861 4.91893864 3.09143782 1 1 1
v 2.24736047 4.82244825 3.00010967 1 1 1
v 2.25036049 4.88127851 2.87302279 1 1 1
v 2.37387991 5.03697443 3.07386541 1 1 1
v 2.38788676 4.99351978 3.1020081 1 1 1
v 2.3706727 4.97063541 3.1107192 1 1 1
v 2.34131026 5.0774641 3.04316878 1 1 1
v 2.36093092 5.0621171 3.05677199 1 1 1
v 2.26654291 5.02963781 2.8979826 1 1 1
v 2.29989243 4.89806366 2.88405371 1 1 1
v 2.30196452 4.90954733 2.8861444 1 1 1
v 2.30268264 4.96686459 2.89493012 1 1 1
v 2.30217195 4.97072649 2.89542603 1 1 1
v 2.25282526 4.824471 3.00094652 1 1 1
v 2.28299189 4.84053421 2.99474573 1 1 1
v 2.29296017 4.84427547 2.99615812 1 1 1
v 2.31510186 4.88694382 2.92337418 1 1 1
v 2.31706357 4.88943291 2.91977811 1 1 1
v 2.30377984 4.89752817 2.88900399 1 1 1
v 2.36435986 4.96178961 3.10395408 1 1 1
v 2.30364704 4.86110687 3.02523041 1 1 1
v 2.28853393 4.85505486 3.02227354 1 1 1
v -1.12792027 10.944025 0.776390493 1 1 1
v -1.0407958 10.9365005 0.775354862 1 1 1
v -1.00665653 11.0166788 0.782723129 1 1 1
v -1.06968236 11.0711632 0.788058639 1 1 1
v -1.14006841 10.9963179 0.781327188 1 1 1
v -1.04200351 10.9297934 0.875991881 1 1 1
v -1.03733349 10.9403763 0.887032688 1 1 1
v -1.03214121 10.9526901 0.885034621 1 1 1
v -1.00997925 11.0022802 0.926767409 1 1 1
v -1.12526906 10.9388475 0.860636771 1 1 1
v -1.09940052 10.9348469 0.890412986 1 1 1
v -1.07923341 10.9332714 0.887334466 1 1 1
v -1.14527929 11.0213137 0.841135383 1 1 1
v -1.14545214 11.0222645 0.845855415 1 1 1
v -1.14259267 11.0136013 0.926658273 1 1 1
v -1.14100897 11.0066109 0.922106504 1 1 1
v -1.10589468 11.0277414 0.982612073 1 1 1
v -1.1083461 11.0267906 0.978596509 1 1 1
v -1.14525187 11.0226994 0.84331578 1 1 1
v -1.12551117 11.0400486 0.800983727 1 1 1
v -1.11900437 11.0452728 0.791368484 1 1 1
v -1.07665038 11.0707712 0.792660832 1 1 1
v -1.07268 11.0730839 0.793365598 1 1 1
v -1.07261193 11.0466404 0.992167294 1 1 1
v -1.05221403 11.0327797 0.980377913 1 1 1
v -1.05722082 11.0364656 0.982223034 1 1 1
v -1.01558232 11.0060034 0.936570108 1 1 1
v -0.570014 7.62657166 -1.59038711 1 1 1
v -0.54356426 7.69550419 -1.40607309 1 1 1
v -0.514635146 7.84651899 -1.41542327 1 1 1
v -0.508763313 7.9276619 -1.5581634 1 1 1
v -0.509681702 7.94151688 -1.60988736 1 1 1
v -0.549073458 7.77861595 -1.71635151 1 1 1
v -0.658932626 7.81313562 -1.41133654 1 1 1
v -0.646885693 7.83096409 -1.41256678 1 1 1
v -0.54567343 7.84383488 -1.41481006 1 1 1
v -0.522782743 7.85178852 -1.41561544 1 1 1
v -0.724512458 7.73920107 -1.40600574 1 1 1
v -0.718683004 7.66654825 -1.57705581 1 1 1
v -0.720254779 7.66757631 -1.57542849 1 1 1
v -0.735805094 7.72494173 -1.44434202 1 1 1
v -0.737172723 7.73252392 -1.42797267 1 1 1
v -0.698425174 7.80870008 -1.69251406 1 1 1
v -0.703799367 7.77996922 -1.66826093 1 1 1
v -0.719721198 7.66952181 -1.57888865 1 1 1
v -0.568892539 7.93699169 -1.61158288 1 1 1
v -0.62431401 7.93166542 -1.61388862 1 1 1
v -0.664219439 7.88425636 -1.64425564 1 1 1
v -0.698188305 7.85335302 -1.66387701 1 1 1
v -0.538008928 7.94485569 -1.60707283 1 1 1
v -0.510857344 7.92723083 -1.55520964 1 1 1
v -1.25928211 8.28299713 -3.33862996 1 1 1
v -1.26493752 8.23916721 -3.32592463 1 1 1
v -1.27375567 8.15393066 -3.23006582 1 1 1
v -1.25507724 8.22784519 -3.16423225 1 1 1
v -1.24580383 8.34316158 -3.30182171 1 1 1
v -1.25447524 8.30335426 -3.32048845 1 1 1
v -1.33472908 8.26529503 -3.140589 1 1 1
v -1.34116662 8.27716351 -3.14847541 1 1 1
v -1.34186304 8.27848911 -3.14937377 1 1 1
v -1.3133055 8.48999023 -3.40707088 1 1 1
v -1.28205013 8.41783333 -3.35268021 1 1 1
v -1.39119053 8.36911583 -3.36128139 1 1 1
v -1.38230681 8.38550568 -3.37045598 1 1 1
v -1.36861992 8.42137909 -3.39995623 1 1 1
v -1.33425641 8.47432804 -3.4194622 1 1 1
v -1.31961691 8.49282074 -3.42170334 1 1 1
v -1.37885654 8.26039505 -3.18380594 1 1 1
v -1.38701046 8.26294518 -3.20083904 1 1 1
v -1.40759802 8.2718792 -3.24745655 1 1 1
v -1.39222729 8.22297001 -3.25013018 1 1 1
v -1.37489069 8.23160172 -3.30042171 1 1 1
v -1.39993417 8.233428 -3.23819447 1 1 1
v -1.34871697 8.18965244 -3.28561687 1 1 1
v -1.36109591 8.18301773 -3.2803452 1 1 1
v -1.36184478 8.15013504 -3.24294186 1 1 1
v -1.29760611 8.24151421 -3.33499837 1 1 1
v -1.31812859 8.23619461 -3.33292007 1 1 1
v -1.17487347 8.0019865 1.80513585 1 1 1
v -1.16055 7.98998308 1.82771909 1 1 1
v -1.03337002 8.03590775 1.70122135 1 1 1
v -1.10031366 8.06326008 1.64536119 1 1 1
v -1.14942288 8.04841614 1.68964398 1 1 1
v -1.17756402 8.04315948 1.70708203 1 1 1
v -1.18330729 8.01145267 1.78546011 1 1 1
v -1.05226266 8.17179585 1.83055484 1 1 1
v -1.03653657 8.20347309 1.79547751 1 1 1
v -1.0177393 8.20555019 1.78194773 1 1 1
v -0.98874867 8.16559315 1.79532945 1 1 1
v -1.05307388 8.14168358 1.85496199 1 1 1
v -1.09716558 8.07991028 1.84642196 1 1 1
v -2.77106786 8.49219036 3.41429543 1 1 1
v -2.77998829 8.49253845 3.39778686 1 1 1
v -2.77020025 8.50396156 3.4034071 1 1 1
v -2.77366614 8.50731182 3.38808942 1 1 1
v -2.76083803 8.5160923 3.39860463 1 1 1
v -2.75923228 8.50674725 3.41480088 1 1 1
v -1.15522313 8.08569622 1.59954286 1 1 1
v -1.18591118 8.24615288 1.6308099 1 1 1
v -1.62642312 8.05999279 2.09563375 1 1 1
v -1.42392159 7.88869238 2.05735517 1 1 1
v -1.08302438 8.29553127 1.75181282 1 1 1
v -1.38780856 7.99418783 2.11877012 1 1 1
v -1.30941033 7.90245819 2.14619517 1 1 1
v -1.0177393 8.20555019 1.78194773 1 1 1
v -1.03653657 8.20347309 1.79547751 1 1 1
v -1.05226266 8.17179585 1.83055484 1 1 1
v -1.05307388 8.14168358 1.85496199 1 1 1
v -1.34350538 7.83309269 2.11974454 1 1 1
v -1.57053494 7.57598639 2.41449952 1 1 1
v -1.48013961 7.55123806 2.44770908 1 1 1
v -1.60287714 7.67758179 2.43464112 1 1 1
v -1.53237653 7.71876955 2.48143864 1 1 1
v -1.45325327 7.64086723 2.49130392 1 1 1
v -1.93688214 7.74617004 2.8879509 1 1 1
v -1.8944788 7.74252844 2.93813229 1 1 1
v -1.92892432 7.81260729 2.8490088 1 1 1
v -1.87534678 7.83033562 2.89549756 1 1 1
v -1.85426891 7.79345369 2.946666 1 1 1
v -2.35142326 8.1210804 3.14097881 1 1 1
v -2.32728338 8.12170696 3.1822989 1 1 1
v -2.3334434 8.15876007 3.1178894 1 1 1
v -2.30002046 8.18241405 3.14255285 1 1 1
v -2.28983259 8.16027164 3.19305062 1 1 1
v -2.78197336 8.48389053 3.39299273 1 1 1
v -2.76926565 8.48283768 3.41990733 1 1 1
v -2.77245808 8.50668144 3.37797332 1 1 1
v -2.7527225 8.51774216 3.39425445 1 1 1
v -2.75017238 8.50561428 3.41898155 1 1 1
v -1.17756402 8.04315948 1.70708203 1 1 1
v -1.14942288 8.04841614 1.68964398 1 1 1
v -1.10031366 8.06326008 1.64536119 1 1 1
v -1.16055 7.98998308 1.82771909 1 1 1
v -1.17487347 8.0019865 1.80513585 1 1 1
v -1.18330729 8.01145267 1.78546011 1 1 1
v -1.09716558 8.07991028 1.84642196 1 1 1
v -0.469313949 10.0868187 3.50820112 1 1 1
v -0.475471616 10.0838966 3.51208234 1 1 1
v -0.475739658 10.087326 3.50631452 1 1 1
v -0.481820881 10.0847616 3.50755978 1 1 1
v -0.479587406 10.0882196 3.5008831 1 1 1
v -0.471857697 10.0894899 3.50127912 1 1 1
v -0.579630375 8.99636745 2.61312604 1 1 1
v -0.584512532 8.98114872 2.64206553 1 1 1
v -0.839463115 8.64795494 2.35322452 1 1 1
v -0.827049434 8.66560841 2.35763216 1 1 1
v -0.826575756 8.66956425 2.34762931 1 1 1
v -0.826897919 8.66966152 2.34579635 1 1 1
v -0.827260435 8.66919136 2.3455267 1 1 1
v -0.828432739 8.66737175 2.34558105 1 1 1
v -0.828478396 8.66721535 2.34584928 1 1 1
v -0.828744113 8.68048191 2.30348229 1 1 1
v -0.77801311 8.65968895 2.27815938 1 1 1
v -0.547561824 8.9928112 2.60568857 1 1 1
v -0.5239501 8.98591614 2.6381619 1 1 1
v -0.757378757 8.61431122 2.31225109 1 1 1
v -0.746556878 8.6275177 2.32322121 1 1 1
v -0.740600884 8.6460762 2.32715058 1 1 1
v -0.737086773 8.65791416 2.32930303 1 1 1
v -0.713405311 8.67234707 2.35600996 1 1 1
v -0.710647702 8.67248917 2.35940719 1 1 1
v -0.710123718 8.67197895 2.3601532 1 1 1
v -0.540906072 8.98346901 2.66426277 1 1 1
v -0.329441428 9.27471352 2.94850039 1 1 1
v -0.297209084 9.29540443 2.92254353 1 1 1
v -0.378050655 9.29680538 2.93764853 1 1 1
v -0.35770309 9.33102894 2.90126824 1 1 1
v -0.308653653 9.32927513 2.89330649 1 1 1
v -0.38823846 9.6130991 3.31914878 1 1 1
v -0.357247949 9.62750053 3.30780458 1 1 1
v -0.412255794 9.62091637 3.30286717 1 1 1
v -0.404466003 9.63836384 3.28156686 1 1 1
v -0.376720339 9.64255142 3.28275466 1 1 1
v -0.475318253 10.0800419 3.52146149 1 1 1
v -0.464606881 10.0840063 3.50832319 1 1 1
v -0.483361363 10.0800409 3.50630569 1 1 1
v -0.481862515 10.0865583 3.49602771 1 1 1
v -0.468441278 10.0892849 3.49644852 1 1 1
v -0.81928426 8.6292448 2.35570383 1 1 1
v -0.764485061 8.61295414 2.32093191 1 1 1
v -0.706020117 8.69705391 2.40683389 1 1 1
v -0.706125259 8.69727707 2.4074862 1 1 1
v -0.715660036 8.69626331 2.42087603 1 1 1
v -0.725720227 8.69209766 2.42832422 1 1 1
v -0.76068145 8.68870735 2.4094708 1 1 1
v -0.760800064 8.68871403 2.40941381 1 1 1
v -0.761068821 8.68867016 2.40926099 1 1 1
v -0.776069045 8.68587875 2.40058422 1 1 1
v -0.782820523 8.68426704 2.39653373 1 1 1
v -0.793562889 8.68109226 2.38983893 1 1 1
v -0.79811722 8.67958736 2.38693547 1 1 1
v -0.804994226 8.67543697 2.38178301 1 1 1
v -0.81254226 8.67088032 2.37612724 1 1 1
v -0.814453185 8.66660976 2.37342 1 1 1
v -0.825709045 8.66311646 2.36633706 1 1 1
v -0.738011837 8.68901539 2.42094612 1 1 1
v -0.74322474 8.68783665 2.41787004 1 1 1
v 2.5646565 7.18010712 -1.47287929 1 1 1
v 2.55905342 7.18998766 -1.47986686 1 1 1
v 2.56340098 7.18079853 -1.47099388 1 1 1
v 2.5574944 7.19570684 -1.48326254 1 1 1
v 2.67390728 7.24537849 -1.47346902 1 1 1
v 2.54566884 7.44276285 -1.61461461 1 1 1
v 2.53291631 7.43415737 -1.61403513 1 1 1
v 2.53085423 7.43106079 -1.61305892 1 1 1
v 2.51956081 7.40713787 -1.60410666 1 1 1
v 2.67393899 7.28935146 -1.41619098 1 1 1
v 2.67099643 7.29480457 -1.41840291 1 1 1
v 2.5612762 7.47570467 -1.53006721 1 1 1
v 2.55813837 7.47664976 -1.53875935 1 1 1
v 2.55803132 7.47624922 -1.53961861 1 1 1
v -3.5201776 5.76025105 -1.34760702 1 1 1
v -3.4733808 5.80190802 -1.2507056 1 1 1
v -3.88586283 5.71865559 -1.02104223 1 1 1
v -4.02228928 5.70508432 -1.01179802 1 1 1
v -3.97663832 5.70979357 -1.04385459 1 1 1
v -3.95173597 5.71101332 -1.0680604 1 1 1
v -3.93811727 5.7116065 -1.08166647 1 1 1
v -3.74519706 5.73163033 -1.21652842 1 1 1
v -3.73427033 5.73241091 -1.22592664 1 1 1
v -3.43688393 5.72363615 -1.19732189 1 1 1
v -3.50120449 5.70558643 -1.15786207 1 1 1
v -3.87047052 5.66634893 -0.986443341 1 1 1
v -3.93637085 5.67061424 -0.9655146 1 1 1
v -3.96770024 5.67306757 -0.955949485 1 1 1
v -3.4379189 5.68546915 -1.20692682 1 1 1
v -3.44722581 5.64296722 -1.2330538 1 1 1
v -3.72977686 5.65026188 -1.07099724 1 1 1
v -3.53525901 5.61944008 -1.2369014 1 1 1
v -3.49777794 5.61806393 -1.2428093 1 1 1
v -3.45945477 5.61974001 -1.26084888 1 1 1
v -3.5076201 5.64554787 -1.34682345 1 1 1
v -3.55472946 5.6421771 -1.31954765 1 1 1
v -3.56898546 5.63813877 -1.29954457 1 1 1
v -3.60272098 5.62960672 -1.25619781 1 1 1
v -3.73016143 5.72763968 -1.22790074 1 1 1
v -3.77923036 5.69343376 -1.19811773 1 1 1
v -4.08008051 5.69456196 -0.865715921 1 1 1
v -4.09073877 5.69021845 -0.868301094 1 1 1
v -4.09072065 5.68891668 -0.884383082 1 1 1
v -4.10356045 5.67970705 -0.936358511 1 1 1
v -4.08124256 5.68693018 -0.953953981 1 1 1
v -4.03679562 5.68498945 -0.899227679 1 1 1
v -4.05812263 5.68759823 -0.880303144 1 1 1
v 4.12301731 5.31509209 2.08751273 1 1 1
v 4.11306906 5.32713938 2.08379531 1 1 1
v 4.1154542 5.31602287 2.07607579 1 1 1
v 4.10494947 5.32297325 2.07057977 1 1 1
v 4.10987997 5.30835009 2.06612945 1 1 1
v 4.12104702 5.30347919 2.07659459 1 1 1
v 2.81072903 5.0393858 2.93643808 1 1 1
v 2.79760766 5.09430885 2.90491414 1 1 1
v 3.27413583 5.18735409 2.79720187 1 1 1
v 3.29928279 5.11699486 2.83642769 1 1 1
v 2.76425552 5.07303047 2.84284759 1 1 1
v 3.22713327 5.16213751 2.73101163 1 1 1
v 2.76573825 5.00603724 2.83748055 1 1 1
v 3.22345257 5.07745123 2.72933125 1 1 1
v 2.77535248 4.97560358 2.89368963 1 1 1
v 3.27211833 5.03251982 2.79989362 1 1 1
v 3.69836283 5.11790228 2.42924356 1 1 1
v 3.72040963 5.0708952 2.44374347 1 1 1
v 3.66444445 5.10290527 2.38356948 1 1 1
v 3.6700983 5.04042435 2.37315083 1 1 1
v 3.71125507 5.02015924 2.41792321 1 1 1
v 4.11015892 5.33547258 2.09078813 1 1 1
v 4.1317668 5.31455469 2.09886169 1 1 1
v 4.09661674 5.32408381 2.07089424 1 1 1
v 4.10416985 5.30206442 2.06109142 1 1 1
v 4.12536716 5.29228258 2.07746077 1 1 1
v 2.36093092 5.0621171 3.05677199 1 1 1
v 2.34131026 5.0774641 3.04316878 1 1 1
v 2.3706727 4.97063541 3.1107192 1 1 1
v 2.38788676 4.99351978 3.1020081 1 1 1
v 2.37387991 5.03697443 3.07386541 1 1 1
v 2.26654291 5.02963781 2.8979826 1 1 1
v 2.30217195 4.97072649 2.89542603 1 1 1
v 2.30268264 4.96686459 2.89493012 1 1 1
v 2.30196452 4.90954733 2.8861444 1 1 1
v 2.29989243 4.89806366 2.88405371 1 1 1
v 2.30377984 4.89752817 2.88900399 1 1 1
v 2.31706357 4.88943291 2.91977811 1 1 1
v 2.31510186 4.88694382 2.92337418 1 1 1
v 2.29296017 4.84427547 2.99615812 1 1 1
v 2.28299189 4.84053421 2.99474573 1 1 1
v 2.25282526 4.824471 3.00094652 1 1 1
v 2.28853393 4.85505486 3.02227354 1 1 1
v 2.30364704 4.86110687 3.02523041 1 1 1
v 2.36435986 4.96178961 3.10395408 1 1 1
v 3.55124474 2.12387323 4.33740377 1 1 1
v 3.54921532 2.12522173 4.32906151 1 1 1
v 3.54436755 2.1246717 4.33467865 1 1 1
v 3.54070973 2.1269455 4.32861185 1 1 1
v 3.53748202 2.12666202 4.33667564 1 1 1
v 3.543993 2.12476325 4.3421092 1 1 1
v 3.4224658 3.41699076 4.40629148 1 1 1
v 3.41460395 3.41830397 4.36988449 1 1 1
v 3.65253496 3.05813241 4.44713545 1 1 1
v 3.6575954 3.06474376 4.49999666 1 1 1
v 3.37329745 3.42678905 4.36282873 1 1 1
v 3.59524632 3.03055525 4.42954063 1 1 1
v 3.36115122 3.4263339 4.39810038 1 1 1
v 3.5864737 3.03187704 4.48904228 1 1 1
v 3.39243793 3.41241503 4.42450953 1 1 1
v 3.61893415 3.04932785 4.53008747 1 1 1
v 3.6604073 2.62639666 4.37085629 1 1 1
v 3.6657002 2.62118959 4.40067577 1 1 1
v 3.63074303 2.62848544 4.37247276 1 1 1
v 3.61634994 2.62521386 4.39816475 1 1 1
v 3.63969636 2.61773729 4.43081331 1 1 1
v 3.55271411 2.12858462 4.32604647 1 1 1
v 3.56099796 2.12107348 4.34120321 1 1 1
v 3.53767562 2.13038445 4.323277 1 1 1
v 3.52318811 2.12627864 4.34008837 1 1 1
v 3.54370213 2.12538362 4.35007572 1 1 1
v 3.22522688 3.77250075 4.33077574 1 1 1
v 3.22359848 3.76929307 4.32135773 1 1 1
v 3.2225523 3.76803899 4.3160367 1 1 1
v 3.2209549 3.76652741 4.3068223 1 1 1
v 3.2195549 3.76573586 4.2994194 1 1 1
v 3.21880269 3.76531053 4.2954421 1 1 1
v 3.21639705 3.7657733 4.28502178 1 1 1
v 3.2138176 3.76626921 4.27384996 1 1 1
v 3.21208167 3.76725936 4.26715899 1 1 1
v 3.21011829 3.77130318 4.26328373 1 1 1
v 3.19721627 3.76381326 4.26265192 1 1 1
v 3.19061065 3.76427293 4.26190472 1 1 1
v 3.18286371 3.76153851 4.26104784 1 1 1
v 3.12571955 3.8277297 4.25421286 1 1 1
v 3.12218785 3.83196378 4.2537899 1 1 1
v 3.11960149 3.77159953 4.29850769 1 1 1
v 3.11835217 3.77083182 4.30168247 1 1 1
v 3.09239626 3.83425474 4.31602097 1 1 1
v 3.12837934 3.80409002 4.25862694 1 1 1
v 3.1402576 3.74899077 4.33817053 1 1 1
v 3.14876008 3.74739861 4.34523249 1 1 1
v 3.16260457 3.75532174 4.35915375 1 1 1
v 3.16720033 3.75700784 4.36355782 1 1 1
v 3.2196207 3.76864624 4.33455944 1 1 1
v 3.22074533 3.7692008 4.3338418 1 1 1
v 3.16896939 3.75654697 4.3628788 1 1 1
v 3.1714952 3.75493884 4.36203957 1 1 1
v 3.18229342 3.75636554 4.35721159 1 1 1
v 3.19911766 3.76016784 4.34733105 1 1 1
v 3.20493484 3.76229858 4.34375954 1 1 1
v -0.131967708 4.76254702 -3.63796425 1 1 1
v -0.122169256 4.73894119 -3.6559267 1 1 1
v -0.106492877 4.75567007 -3.64219499 1 1 1
v -0.0913257971 4.73595715 -3.65196896 1 1 1
v -0.0820618346 4.75771904 -3.6315608 1 1 1
v -0.107179947 4.77415228 -3.62290549 1 1 1
v 0.104669273 3.41187382 -2.66016102 1 1 1
v 0.148284897 3.35341573 -2.74871278 1 1 1
v -0.087027058 3.79393697 -2.97873855 1 1 1
v -0.123243302 3.82089019 -2.85527134 1 1 1
v 0.22476688 3.44837189 -2.81832695 1 1 1
v 0.029390296 3.83627033 -3.00322294 1 1 1
v 0.25850594 3.51225972 -2.73297668 1 1 1
v 0.0784371346 3.89463091 -2.89640951 1 1 1
v 0.175332695 3.50798965 -2.65531325 1 1 1
v -0.0186471716 3.8821609 -2.80761075 1 1 1
v -0.248046458 4.31968594 -3.22477174 1 1 1
v -0.283891231 4.37327576 -3.15427828 1 1 1
v -0.155592293 4.32454491 -3.22937727 1 1 1
v -0.129291087 4.38121796 -3.1618855 1 1 1
v -0.207267538 4.42337418 -3.10202098 1 1 1
v -0.133247092 4.72590637 -3.6631639 1 1 1
v -0.146741331 4.76287937 -3.63159609 1 1 1
v -0.0776766613 4.7194953 -3.66178536 1 1 1
v -0.071565263 4.75433922 -3.62136626 1 1 1
v -0.108284727 4.78267479 -3.60808158 1 1 1
v 0.275588363 2.86290622 -2.40267301 1 1 1
v 0.35073036 2.75948071 -2.53762436 1 1 1
v 0.218302667 2.9652009 -2.38134646 1 1 1
v 0.293886453 2.87294197 -2.55699015 1 1 1
v 0.275276423 2.86646986 -2.41292071 1 1 1
v 0.348959148 3.00518656 -2.73214531 1 1 1
v 0.378263146 3.02478576 -2.74454689 1 1 1
v 0.462886244 3.09154272 -2.78839445 1 1 1
v 0.380280226 2.77030158 -2.54305696 1 1 1
v 0.36817956 2.79159141 -2.56117558 1 1 1
v 0.318034858 2.85787439 -2.61893988 1 1 1
v 0.324502528 2.90687513 -2.65700221 1 1 1
v 0.492726177 3.15026593 -2.69766521 1 1 1
v 0.555486917 3.19804692 -2.56185746 1 1 1
v 0.471711308 3.12883377 -2.7511518 1 1 1
v 0.485251993 3.21030283 -2.5197022 1 1 1
v 0.356802613 3.22566414 -2.42050433 1 1 1
v 0.349791139 3.22283125 -2.42577839 1 1 1
v 0.321397096 3.18834305 -2.42773318 1 1 1
v 0.231146112 3.08403468 -2.45335674 1 1 1
v 0.224802703 3.04445004 -2.43174553 1 1 1
v 0.616550386 2.85682082 -2.58649325 1 1 1
v 0.380280226 2.77030158 -2.54305696 1 1 1
v 0.275588363 2.86290622 -2.40267301 1 1 1
v 0.234607905 2.91931176 -2.32907414 1 1 1
v 0.428660512 3.11543369 -2.24905157 1 1 1
v 0.664714158 3.07681227 -2.40814543 1 1 1
v 0.275276423 2.86646986 -2.41292071 1 1 1
v 0.293886453 2.87294197 -2.55699015 1 1 1
v 0.218302667 2.9652009 -2.38134646 1 1 1
v 0.348959148 3.00518656 -2.73214531 1 1 1
v 0.324502528 2.90687513 -2.65700221 1 1 1
v 0.318034858 2.85787439 -2.61893988 1 1 1
v 0.36817956 2.79159141 -2.56117558 1 1 1
v 0.462886244 3.09154272 -2.78839445 1 1 1
v 0.378263146 3.02478576 -2.74454689 1 1 1
v 0.471711308 3.12883377 -2.7511518 1 1 1
v 0.555486917 3.19804692 -2.56185746 1 1 1
v 0.492726177 3.15026593 -2.69766521 1 1 1
v 0.356802613 3.22566414 -2.42050433 1 1 1
v 0.485251993 3.21030283 -2.5197022 1 1 1
v 0.231146112 3.08403468 -2.45335674 1 1 1
v 0.321397096 3.18834305 -2.42773318 1 1 1
v 0.349791139 3.22283125 -2.42577839 1 1 1
v 0.224802703 3.04445004 -2.43174553 1 1 1
vt 1 0 0
vt 1 0.117011517 0
vt 0.888851225 0.117011517 0
vt 0.888851225 0 0
vt 0.777752757 0.117011517 0
vt 0.777752757 0 0
vt 0.666630566 0.117011517 0
vt 0.666630566 0 0
vt 0.555557072 0.117011517 0
vt 0.555557072 0 0
vt 0.444443464 0.117011517 0
vt 0.444443464 0 0
vt 0.333369911 0.117011517 0
vt 0.333369911 0 0
vt 0.222247541 0.117011517 0
vt 0.222247541 0 0
vt 0.111148894 0.117011517 0
vt 0.111148894 0 0
vt 0 0.117011517 0
vt 0 0 0
vt 1 0.27015388 0
vt 0.888851225 0.27015388 0
vt 0.777752757 0.27015388 0
vt 0.666630566 0.27015388 0
vt 0.555557072 0.27015388 0
vt 0.444443464 0.27015388 0
vt 0.333369911 0.27015388 0
vt 0.222247541 0.27015388 0
vt 0.111148894 0.27015388 0
vt 0 0.27015388 0
vt 1 0.455346525 0
vt 0.888851225 0.455346525 0
vt 0.777752757 0.455346525 0
vt 0.666630566 0.455346525 0
vt 0.555557072 0.455346525 0
vt 0.444443464 0.455346525 0
vt 0.333369911 0.455346525 0
vt 0.222247541 0.455346525 0
vt 0.111148894 0.455346525 0
vt 0 0.455346525 0
vt 1 0.668547511 0
vt 0.888851225 0.668547511 0
vt 0.777752757 0.668547511 0
vt 0.666630566 0.668547511 0
vt 0.555557072 0.668547511 0
vt 0.444443464 0.668547511 0
vt 0.333369911 0.668547511 0
vt 0.222247541 0.668547511 0
vt 0.111148894 0.668547511 0
vt 0 0.668547511 0
vt 1 0.90454638 0
vt 0.888851225 0.90454638 0
vt 0.777752757 0.90454638 0
vt 0.666630566 0.90454638 0
vt 0.555557072 0.90454638 0
vt 0.444443464 0.90454638 0
vt 0.333369911 0.90454638 0
vt 0.222247541 0.90454638 0
vt 0.111148894 0.90454638 0
vt 0 0.90454638 0
vt 1 1.15872121 0
vt 0.888851225 1.15872121 0
vt 0.777752757 1.15872121 0
vt 0.666630566 1.15872121 0
vt 0.555557072 1.15872121 0
vt 0.444443464 1.15872121 0
vt 0.333369911 1.15872121 0
vt 0.222247541 1.15872121 0
vt 0.111148894 1.15872121 0
vt 0 1.15872121 0
vt 1 1.42932868 0
vt 0.888851225 1.42932868 0
vt 0.777752757 1.42932868 0
vt 0.666630566 1.42932868 0
vt 0.555557072 1.42932868 0
vt 0.444443464 1.42932868 0
vt 0.333369911 1.42932868 0
vt 0.222247541 1.42932868 0
vt 0.111148894 1.42932868 0
vt 0 1.42932868 0
vt 1 1.71198654 0
vt 0.888851225 1.71198654 0
vt 0.777752757 1.71198654 0
vt 0.666630566 1.71198654 0
vt 0.555557072 1.71198654 0
vt 0.444443464 1.71198654 0
vt 0.333369911 1.71198654 0
vt 0.222247541 1.71198654 0
vt 0.111148894 1.71198654 0
vt 0 1.71198654 0
vt 1 2.00924778 0
vt 0.888851225 2.00924778 0
vt 0.777752757 2.00924778 0
vt 0.666630566 2.00924778 0
vt 0.555557072 2.00924778 0
vt 0.444443464 2.00924778 0
vt 0.333369911 2.00924778 0
vt 0.222247541 2.00924778 0
vt 0.111148894 2.00924778 0
vt 0 2.00924778 0
vt 1 2.31985998 0
vt 0.888851225 2.31985998 0
vt 0.777752757 2.31985998 0
vt 0.666630566 2.31985998 0
vt 0.555557072 2.31985998 0
vt 0.444443464 2.31985998 0
vt 0.333369911 2.31985998 0
vt 0.222247541 2.31985998 0
vt 0.111148894 2.31985998 0
vt 0 2.31985998 0
vt 1 2.65041637 0
vt 0.888851225 2.65041637 0
vt 0.777752757 2.65041637 0
vt 0.666630566 2.65041637 0
vt 0.555557072 2.65041637 0
vt 0.444443464 2.65041637 0
vt 0.333369911 2.65041637 0
vt 0.222247541 2.65041637 0
vt 0.111148894 2.65041637 0
vt 0 2.65041637 0
vt 1 3 0
vt 0.888851225 3 0
vt 0.777752757 3 0
vt 0.666630566 3 0
vt 0.555557072 3 0
vt 0.444443464 3 0
vt 0.333369911 3 0
vt 0.222247541 3 0
vt 0.111148894 3 0
vt 0 3 0
vt 0.0600308366 0.222421512 0
vt 0.138104513 0.267624468 0
vt 0.0887957141 0.549078166 0
vt 0 0.564644635 0
vt 0.230927244 0.796832502 0
vt 0.172881097 0.865896165 0
vt 0.499373496 0.894573331 0
vt 0.499297589 0.984776974 0
vt 0.767902672 0.797379136 0
vt 0.825824499 0.866569221 0
vt 0.911053658 0.550166309 0
vt 0.999893188 0.565957665 0
vt 0.861685812 0.268890023 0
vt 0.939882994 0.223928586 0
vt 0.643295884 0.0847205445 0
vt 0.674294353 0 0
vt 0.357666761 0.0847665444 0
vt 0.32698226 0 0
vt 0.294238806 0.358037621 0
vt 0.266252697 0.517949998 0
vt 0.346983463 0.658709109 0
vt 0.499501735 0.714225411 0
vt 0.652056158 0.659014881 0
vt 0.733385205 0.518566668 0
vt 0.70533365 0.358771145 0
vt 0.581269026 0.254127145 0
vt 0.418996751 0.254171997 0
vt 0.499660045 0.476994395 0
vt 1 0.225974143 0
vt 1 0.479150176 0
vt 0.888851166 0.479150176 0
vt 0.888851166 0.225974143 0
vt 0.777752638 0.479150176 0
vt 0.777752638 0.225974143 0
vt 0.666630566 0.479150176 0
vt 0.666630566 0.225974143 0
vt 0.555557013 0.479150176 0
vt 0.555557013 0.225974143 0
vt 0.444443405 0.479150176 0
vt 0.444443405 0.225974143 0
vt 0.333369911 0.479150176 0
vt 0.333369911 0.225974143 0
vt 0.222247541 0.479150176 0
vt 0.222247541 0.225974143 0
vt 0.111148894 0.479150176 0
vt 0.111148894 0.225974143 0
vt 0 0.479150176 0
vt 0 0.225974143 0
vt 1 0.766417921 0
vt 0.888851166 0.766417921 0
vt 0.777752638 0.766417921 0
vt 0.666630566 0.766417921 0
vt 0.555557013 0.766417921 0
vt 0.444443405 0.766417921 0
vt 0.333369911 0.766417921 0
vt 0.222247541 0.766417921 0
vt 0.111148894 0.766417921 0
vt 0 0.766417921 0
vt 1 1.09206498 0
vt 0.888851166 1.09206498 0
vt 0.777752638 1.09206498 0
vt 0.666630566 1.09206498 0
vt 0.555557013 1.09206498 0
vt 0.444443405 1.09206498 0
vt 0.333369911 1.09206498 0
vt 0.222247541 1.09206498 0
vt 0.111148894 1.09206498 0
vt 0 1.09206498 0
vt 1 1.4688766 0
vt 0.888851166 1.4688766 0
vt 0.777752638 1.4688766 0
vt 0.666630566 1.4688766 0
vt 0.555557013 1.4688766 0
vt 0.444443405 1.4688766 0
vt 0.333369911 1.4688766 0
vt 0.222247541 1.4688766 0
vt 0.111148894 1.4688766 0
vt 0 1.4688766 0
vt 1 1.8953371 0
vt 0.888851166 1.8953371 0
vt 0.777752638 1.8953371 0
vt 0.666630566 1.8953371 0
vt 0.555557013 1.8953371 0
vt 0.444443405 1.8953371 0
vt 0.333369911 1.8953371 0
vt 0.222247541 1.8953371 0
vt 0.111148894 1.8953371 0
vt 0 1.8953371 0
vt 1 2.32731366 0
vt 0.888851166 2.32731366 0
vt 0.777752638 2.32731366 0
vt 0.666630566 2.32731366 0
vt 0.555557013 2.32731366 0
vt 0.444443405 2.32731366 0
vt 0.333369911 2.32731366 0
vt 0.222247541 2.32731366 0
vt 0.111148894 2.32731366 0
vt 0 2.32731366 0
vt 1 2.91667914 0
vt 0.888851166 2.91667914 0
vt 0.777752638 2.91667914 0
vt 0.666630566 2.91667914 0
vt 0.555557013 2.91667914 0
vt 0.444443405 2.91667914 0
vt 0.333369911 2.91667914 0
vt 0.222247541 2.91667914 0
vt 0.111148894 2.91667914 0
vt 0 2.91667914 0
vt 1 3.61284471 0
vt 0.888851166 3.61284471 0
vt 0.777752638 3.61284471 0
vt 0.666630566 3.61284471 0
vt 0.555557013 3.61284471 0
vt 0.444443405 3.61284471 0
vt 0.333369911 3.61284471 0
vt 0.222247541 3.61284471 0
vt 0.111148894 3.61284471 0
vt 0 3.61284471 0
vt 1 4.37112761 0
vt 0.888851166 4.37112761 0
vt 0.777752638 4.37112761 0
vt 0.666630566 4.37112761 0
vt 0.555557013 4.37112761 0
vt 0.444443405 4.37112761 0
vt 0.333369911 4.37112761 0
vt 0.222247541 4.37112761 0
vt 0.111148894 4.37112761 0
vt 0 4.37112761 0
vt 1 5.42735243 0
vt 0.888851166 5.42735243 0
vt 0.777752638 5.42735243 0
vt 0.666630566 5.42735243 0
vt 0.555557013 5.42735243 0
vt 0.444443405 5.42735243 0
vt 0.333369911 5.42735243 0
vt 0.222247541 5.42735243 0
vt 0.111148894 5.42735243 0
vt 0 5.42735243 0
vt 1 6.63719988 0
vt 0.888851166 6.63719988 0
vt 0.777752638 6.63719988 0
vt 0.666630566 6.63719988 0
vt 0.555557013 6.63719988 0
vt 0.444443405 6.63719988 0
vt 0.333369911 6.63719988 0
vt 0.222247541 6.63719988 0
vt 0.111148894 6.63719988 0
vt 0 6.63719988 0
vt 1 8 0
vt 0.888851166 8 0
vt 0.777752638 8 0
vt 0.666630566 8 0
vt 0.555557013 8 0
vt 0.444443405 8 0
vt 0.333369911 8 0
vt 0.222247541 8 0
vt 0.111148894 8 0
vt 0 8 0
vt 0.892558813 0.106031902 0
vt 0.918602467 0.144174263 0
vt 0.97575748 0.17423968 0
vt 1 0.19115968 0
vt 0.888851166 0.0987437814 0
vt 0.777752697 0.0552791059 0
vt 0.874157667 0.0952285305 0
vt 0.6977669 0.125092849 0
vt 0.704836488 0.118899725 0
vt 0.732321858 0.0925581455 0
vt 0.777752638 0.0552791096 0
vt 0.666630566 0.127749726 0
vt 0.584349811 0.142188028 0
vt 0.666630507 0.127749726 0
vt 0.555557013 0.130844429 0
vt 0.444443405 0.120587267 0
vt 0.548604965 0.129918456 0
vt 0.555557013 0.130844444 0
vt 0.360159218 0.121390559 0
vt 0.397022784 0.12860243 0
vt 0.424741328 0.123488277 0
vt 0.333369911 0.106704056 0
vt 0.222247541 0.155983448 0
vt 0.31509617 0.121775888 0
vt 0.111148909 0.208808243 0
vt 0.153813899 0.197538823 0
vt 0.16375038 0.195275396 0
vt 0.168768078 0.193694338 0
vt 0.222247541 0.155983433 0
vt 3.8780863e-09 0.19115968 0
vt 0.0345809609 0.213926017 0
vt 0.0481746905 0.214754045 0
vt 0.111148894 0.208808243 0
vt 1 0.306310743 0
vt 1 0.63493365 0
vt 0.888851166 0.63493365 0
vt 0.888851166 0.306310743 0
vt 0.777752638 0.63493365 0
vt 0.777752638 0.306310743 0
vt 0.666630566 0.63493365 0
vt 0.666630566 0.306310743 0
vt 0.555557013 0.63493365 0
vt 0.555557013 0.306310743 0
vt 0.444443405 0.63493365 0
vt 0.444443405 0.306310743 0
vt 0.333369911 0.63493365 0
vt 0.333369911 0.306310743 0
vt 0.222247541 0.63493365 0
vt 0.222247541 0.38660565 0
vt 0.24095872 0.34696582 0
vt 0.264501959 0.306310683 0
vt 1 1.03545642 0
vt 0.888851166 1.03545642 0
vt 0.777752638 1.03545642 0
vt 0.666630566 1.03545642 0
vt 0.555557013 1.03545642 0
vt 0.444443405 1.03545642 0
vt 0.333369911 1.03545642 0
vt 0.222247541 1.03545642 0
vt 0.111148894 1.03545642 0
vt 0.111148894 0.63493365 0
vt 0 1.03545642 0
vt 0 0.63493365 0
vt 1 1.43070221 0
vt 0.888851166 1.43070221 0
vt 0.777752638 1.43070221 0
vt 0.666630566 1.43070221 0
vt 0.555557013 1.43070221 0
vt 0.444443405 1.43070221 0
vt 0.333369911 1.43070221 0
vt 0.222247541 1.43070221 0
vt 0.111148894 1.43070221 0
vt 0 1.43070221 0
vt 1 1.92095792 0
vt 0.888851166 1.92095792 0
vt 0.777752638 1.92095792 0
vt 0.666630566 1.92095792 0
vt 0.555557013 1.92095792 0
vt 0.444443405 1.92095792 0
vt 0.333369911 1.92095792 0
vt 0.222247541 1.92095792 0
vt 0.111148894 1.92095792 0
vt 0 1.92095792 0
vt 1 2.53980327 0
vt 0.888851166 2.53980327 0
vt 0.777752638 2.53980327 0
vt 0.666630566 2.53980327 0
vt 0.555557013 2.53980327 0
vt 0.444443405 2.53980327 0
vt 0.333369911 2.53980327 0
vt 0.222247541 2.53980327 0
vt 0.111148894 2.53980327 0
vt 0 2.53980327 0
vt 1 3.2248466 0
vt 0.888851166 3.2248466 0
vt 0.777752638 3.2248466 0
vt 0.666630566 3.2248466 0
vt 0.555557013 3.2248466 0
vt 0.444443405 3.2248466 0
vt 0.333369911 3.2248466 0
vt 0.222247541 3.2248466 0
vt 0.111148894 3.2248466 0
vt 0 3.2248466 0
vt 1 3.78069282 0
vt 0.888851166 3.78069282 0
vt 0.777752638 3.78069282 0
vt 0.666630566 3.78069282 0
vt 0.555557013 3.78069282 0
vt 0.444443405 3.78069282 0
vt 0.333369911 3.78069282 0
vt 0.222247541 3.78069282 0
vt 0.111148894 3.78069282 0
vt 0 3.78069282 0
vt 1 4.56980276 0
vt 0.888851166 4.56980276 0
vt 0.777752638 4.56980276 0
vt 0.666630566 4.56980276 0
vt 0.555557013 4.56980276 0
vt 0.444443405 4.56980276 0
vt 0.333369911 4.56980276 0
vt 0.222247541 4.56980276 0
vt 0.111148894 4.56980276 0
vt 0 4.56980276 0
vt 1 5.59720659 0
vt 0.888851166 5.59720659 0
vt 0.777752638 5.59720659 0
vt 0.666630566 5.59720659 0
vt 0.555557013 5.59720659 0
vt 0.444443405 5.59720659 0
vt 0.333369911 5.59720659 0
vt 0.222247541 5.59720659 0
vt 0.111148894 5.59720659 0
vt 0 5.59720659 0
vt 1 6.76029205 0
vt 0.888851166 6.76029205 0
vt 0.777752638 6.76029205 0
vt 0.666630566 6.76029205 0
vt 0.555557013 6.76029205 0
vt 0.444443405 6.76029205 0
vt 0.333369911 6.76029205 0
vt 0.222247541 6.76029205 0
vt 0.111148894 6.76029205 0
vt 0 6.76029205 0
vt 0.919303 0.0927740633 0
vt 0.971950889 0.133458942 0
vt 1 0.15128845 0
vt 0.888851166 0.0792090297 0
vt 0.809878707 0.106136605 0
vt 0.888851106 0.0792090222 0
vt 0.777752638 0.107925594 0
vt 0.666630566 0.111604467 0
vt 0.680131078 0.117165864 0
vt 0.776285887 0.108717076 0
vt 0.56962496 0.0561003312 0
vt 0.644334197 0.113502011 0
vt 0.555557013 0.0408749953 0
vt 0.456734717 0.0334791988 0
vt 0.534329772 0.050486058 0
vt 0.555557072 0.0408749916 0
vt 0.444443464 0.0295201782 0
vt 0.333369851 0.217983454 0
vt 0.40285784 0.124713555 0
vt 0.444443464 0.0295201745 0
vt 0.329540551 0.225313485 0
vt 0.333369911 0.217983454 0
vt 0.264501959 0.306310713 0
vt 0.302653491 0.267320782 0
vt 0 0.306310743 0
vt -3.00217184e-09 0.151288435 0
vt 0.0193768609 0.185225338 0
vt 0.0742707253 0.268095851 0
vt 0.107062303 0.306310743 0
vt 0.111148879 0.312559932 0
vt 0.15036951 0.358464658 0
vt 0.195089996 0.418162048 0
vt 0.211054683 0.40424183 0
vt 0.222247526 0.38660568 0
vt 0.10706231 0.306310713 0
vt 1 0.321119994 0
vt 1 0.675839961 0
vt 0.888851166 0.675839961 0
vt 0.888851166 0.321119994 0
vt 0.777752638 0.675839961 0
vt 0.777752638 0.321119994 0
vt 0.666630566 0.675839961 0
vt 0.666630566 0.321119994 0
vt 0.555557013 0.675839961 0
vt 0.555557013 0.321119994 0
vt 0.444443405 0.675839961 0
vt 0.444443405 0.321119994 0
vt 0.333369911 0.675839961 0
vt 0.333369851 0.340365291 0
vt 0.347582012 0.321119994 0
vt 1 1.09049487 0
vt 0.888851166 1.09049487 0
vt 0.777752638 1.09049487 0
vt 0.666630566 1.09049487 0
vt 0.555557013 1.09049487 0
vt 0.444443405 1.09049487 0
vt 0.333369911 1.09049487 0
vt 0.222247541 1.09049487 0
vt 0.222247541 0.675839961 0
vt 0.111148894 1.09049487 0
vt 0.111148894 0.675839961 0
vt 0 1.09049487 0
vt 0 0.675839961 0
vt 1 1.5704639 0
vt 0.888851166 1.5704639 0
vt 0.777752638 1.5704639 0
vt 0.666630566 1.5704639 0
vt 0.555557013 1.5704639 0
vt 0.444443405 1.5704639 0
vt 0.333369911 1.5704639 0
vt 0.222247541 1.5704639 0
vt 0.111148894 1.5704639 0
vt 0 1.5704639 0
vt 1 2.13607597 0
vt 0.888851166 2.13607597 0
vt 0.777752638 2.13607597 0
vt 0.666630566 2.13607597 0
vt 0.555557013 2.13607597 0
vt 0.444443405 2.13607597 0
vt 0.333369911 2.13607597 0
vt 0.222247541 2.13607597 0
vt 0.111148894 2.13607597 0
vt 0 2.13607597 0
vt 1 2.80358386 0
vt 0.888851166 2.80358386 0
vt 0.777752638 2.80358386 0
vt 0.666630566 2.80358386 0
vt 0.555557013 2.80358386 0
vt 0.444443405 2.80358386 0
vt 0.333369911 2.80358386 0
vt 0.222247541 2.80358386 0
vt 0.111148894 2.80358386 0
vt 0 2.80358386 0
vt 1 3.53207541 0
vt 0.888851166 3.53207541 0
vt 0.777752638 3.53207541 0
vt 0.666630566 3.53207541 0
vt 0.555557013 3.53207541 0
vt 0.444443405 3.53207541 0
vt 0.333369911 3.53207541 0
vt 0.222247541 3.53207541 0
vt 0.111148894 3.53207541 0
vt 0 3.53207541 0
vt 1 4.34533644 0
vt 0.888851166 4.34533644 0
vt 0.777752638 4.34533644 0
vt 0.666630566 4.34533644 0
vt 0.555557013 4.34533644 0
vt 0.444443405 4.34533644 0
vt 0.333369911 4.34533644 0
vt 0.222247541 4.34533644 0
vt 0.111148894 4.34533644 0
vt 0 4.34533644 0
vt 1 5.46968317 0
vt 0.888851166 5.46968317 0
vt 0.777752638 5.46968317 0
vt 0.666630566 5.46968317 0
vt 0.555557013 5.46968317 0
vt 0.444443405 5.46968317 0
vt 0.333369911 5.46968317 0
vt 0.222247541 5.46968317 0
vt 0.111148894 5.46968317 0
vt 0 5.46968317 0
vt 1 6.80327988 0
vt 0.888851166 6.80327988 0
vt 0.777752638 6.80327988 0
vt 0.666630566 6.80327988 0
vt 0.555557013 6.80327988 0
vt 0.444443405 6.80327988 0
vt 0.333369911 6.80327988 0
vt 0.222247541 6.80327988 0
vt 0.111148894 6.80327988 0
vt 0 6.80327988 0
vt 0.888851106 0.0619046576 0
vt 0.892522573 0.0645210296 0
vt 0.915545523 0.0693348721 0
vt 0.944468141 0.125372171 0
vt 0.99999994 0.184490696 0
vt 0.777752578 0.0775519386 0
vt 0.780663729 0.0787116066 0
vt 0.885524929 0.0680301189 0
vt 0.888851106 0.0619046539 0
vt 0.666630566 0.0944169462 0
vt 0.758637547 0.0871730968 0
vt 0.777752638 0.0775519386 0
vt 0.555557013 0.0998538211 0
vt 0.632387996 0.110517137 0
vt 0.644328296 0.10916397 0
vt 0.666630566 0.0944169387 0
vt 0.448563159 0.185881793 0
vt 0.553101003 0.102753751 0
vt 0.444443405 0.183551803 0
vt 0.347582012 0.321120024 0
vt 0.352836043 0.315544963 0
vt 0.433393389 0.204285324 0
vt -4.90442496e-08 0.184490696 0
vt 0.0725864619 0.321120054 0
vt 0 0.321119994 0
vt 0.222247526 0.467770994 0
vt 0.233081654 0.465127796 0
vt 0.257709384 0.439058065 0
vt 0.319995016 0.356043756 0
vt 0.333369881 0.340365291 0
vt 0.115484744 0.403503776 0
vt 0.129333407 0.419344962 0
vt 0.222247541 0.467771024 0
vt 0.111148864 0.39678058 0
vt 0.0725864545 0.321120083 0
vt 0.0956605077 0.375695229 0
vt 0.111148834 0.39678061 0
vt 0.888851166 0.263779759 0
vt 0.888851166 0.557140648 0
vt 0.777752638 0.557140648 0
vt 0.777752638 0.263779759 0
vt 0.666630566 0.557140648 0
vt 0.666630566 0.263779759 0
vt 0.555557013 0.557140648 0
vt 0.555557013 0.263779759 0
vt 0.444443405 0.557140648 0
vt 0.444443405 0.263779759 0
vt 0.333369911 0.557140648 0
vt 0.333369911 0.263779759 0
vt 0.222247541 0.557140648 0
vt 0.222247541 0.263779759 0
vt 0.111148894 0.557140648 0
vt 0.111148894 0.263779759 0
vt 0 0.557140648 0
vt -4.46791155e-08 0.290039659 0
vt 0.0433006696 0.263779759 0
vt 1 0.557140648 0
vt 1 0.873849094 0
vt 0.888851166 0.873849094 0
vt 0.777752638 0.873849094 0
vt 0.666630566 0.873849094 0
vt 0.555557013 0.873849094 0
vt 0.444443405 0.873849094 0
vt 0.333369911 0.873849094 0
vt 0.222247541 0.873849094 0
vt 0.111148894 0.873849094 0
vt 0 0.873849094 0
vt 1 1.2134397 0
vt 0.888851166 1.2134397 0
vt 0.777752638 1.2134397 0
vt 0.666630566 1.2134397 0
vt 0.555557013 1.2134397 0
vt 0.444443405 1.2134397 0
vt 0.333369911 1.2134397 0
vt 0.222247541 1.2134397 0
vt 0.111148894 1.2134397 0
vt 0 1.2134397 0
vt 1 1.65827513 0
vt 0.888851166 1.65827513 0
vt 0.777752638 1.65827513 0
vt 0.666630566 1.65827513 0
vt 0.555557013 1.65827513 0
vt 0.444443405 1.65827513 0
vt 0.333369911 1.65827513 0
vt 0.222247541 1.65827513 0
vt 0.111148894 1.65827513 0
vt 0 1.65827513 0
vt 1 2.0821445 0
vt 0.888851166 2.0821445 0
vt 0.777752638 2.0821445 0
vt 0.666630566 2.0821445 0
vt 0.555557013 2.0821445 0
vt 0.444443405 2.0821445 0
vt 0.333369911 2.0821445 0
vt 0.222247541 2.0821445 0
vt 0.111148894 2.0821445 0
vt 0 2.0821445 0
vt 1 2.63920808 0
vt 0.888851166 2.63920808 0
vt 0.777752638 2.63920808 0
vt 0.666630566 2.63920808 0
vt 0.555557013 2.63920808 0
vt 0.444443405 2.63920808 0
vt 0.333369911 2.63920808 0
vt 0.222247541 2.63920808 0
vt 0.111148894 2.63920808 0
vt 0 2.63920808 0
vt 1 3.35005474 0
vt 0.888851166 3.35005474 0
vt 0.777752638 3.35005474 0
vt 0.666630566 3.35005474 0
vt 0.555557013 3.35005474 0
vt 0.444443405 3.35005474 0
vt 0.333369911 3.35005474 0
vt 0.222247541 3.35005474 0
vt 0.111148894 3.35005474 0
vt 0 3.35005474 0
vt 1 4.19567204 0
vt 0.888851166 4.19567204 0
vt 0.777752638 4.19567204 0
vt 0.666630566 4.19567204 0
vt 0.555557013 4.19567204 0
vt 0.444443405 4.19567204 0
vt 0.333369911 4.19567204 0
vt 0.222247541 4.19567204 0
vt 0.111148894 4.19567204 0
vt 0 4.19567204 0
vt 1 5.09553337 0
vt 0.888851166 5.09553337 0
vt 0.777752638 5.09553337 0
vt 0.666630566 5.09553337 0
vt 0.555557013 5.09553337 0
vt 0.444443405 5.09553337 0
vt 0.333369911 5.09553337 0
vt 0.222247541 5.09553337 0
vt 0.111148894 5.09553337 0
vt 0 5.09553337 0
vt 1 6.12925863 0
vt 0.888851166 6.12925863 0
vt 0.777752638 6.12925863 0
vt 0.666630566 6.12925863 0
vt 0.555557013 6.12925863 0
vt 0.444443405 6.12925863 0
vt 0.333369911 6.12925863 0
vt 0.222247541 6.12925863 0
vt 0.111148894 6.12925863 0
vt 0 6.12925863 0
vt 1 7.43736076 0
vt 0.888851166 7.43736076 0
vt 0.777752638 7.43736076 0
vt 0.666630566 7.43736076 0
vt 0.555557013 7.43736076 0
vt 0.444443405 7.43736076 0
vt 0.333369911 7.43736076 0
vt 0.222247541 7.43736076 0
vt 0.111148894 7.43736076 0
vt 0 7.43736076 0
vt 1 9 0
vt 0.888851166 9 0
vt 0.777752638 9 0
vt 0.666630566 9 0
vt 0.555557013 9 0
vt 0.444443405 9 0
vt 0.333369911 9 0
vt 0.222247541 9 0
vt 0.111148894 9 0
vt 0 9 0
vt 0.888851166 0.252374858 0
vt 0.906154215 0.263779759 0
vt 0.777752638 0.136129603 0
vt 0.838424087 0.213117629 0
vt 0.888851285 0.252374858 0
vt 0.666630626 0.0986011401 0
vt 0.734798729 0.108112328 0
vt 0.555557013 0.114180163 0
vt 0.574051738 0.115321226 0
vt 0.637721419 0.110902354 0
vt 0.666630566 0.0986011475 0
vt 0.447749197 0.118375786 0
vt 0.510907888 0.123899356 0
vt 0.444443405 0.116383225 0
vt 0.378921866 0.101885758 0
vt 0.333369911 0.0797151551 0
vt 0.222247571 0.0420474038 0
vt 0.326977283 0.0809844956 0
vt 0.139928266 0.158513576 0
vt 0.205489635 0.0612269565 0
vt 0.222247586 0.0420474038 0
vt 0.111148857 0.18869172 0
vt 0.0845173299 0.230538279 0
vt 0.111148871 0.18869172 0
vt 0.0433006734 0.26377973 0
vt 0.0495928787 0.26064235 0
vt 0.95491004 0.292653531 0
vt 1 0.290039659 0
vt 0.933828413 0.282493234 0
vt 0.777752638 0.299165159 0
vt 0.777752638 0.636719823 0
vt 0.666630566 0.636719823 0
vt 0.666630566 0.299165159 0
vt 0.555557013 0.636719823 0
vt 0.555557013 0.299165159 0
vt 0.444443405 0.636719823 0
vt 0.444443405 0.299165159 0
vt 0.333369911 0.636719823 0
vt 0.333369911 0.299165159 0
vt 0.222247541 0.636719823 0
vt 0.222247541 0.299165159 0
vt 0.111148894 0.636719823 0
vt 0.111148894 0.299165159 0
vt 0 0.636719823 0
vt 3.68620299e-08 0.307636827 0
vt 0.017191058 0.299165189 0
vt 1 0.636719823 0
vt 1 0.992165685 0
vt 0.888851166 0.992165685 0
vt 0.888851166 0.636719823 0
vt 0.777752638 0.992165685 0
vt 0.666630566 0.992165685 0
vt 0.555557013 0.992165685 0
vt 0.444443405 0.992165685 0
vt 0.333369911 0.992165685 0
vt 0.222247541 0.992165685 0
vt 0.111148894 0.992165685 0
vt 0 0.992165685 0
vt 1 1.49261665 0
vt 0.888851166 1.49261665 0
vt 0.777752638 1.49261665 0
vt 0.666630566 1.49261665 0
vt 0.555557013 1.49261665 0
vt 0.444443405 1.49261665 0
vt 0.333369911 1.49261665 0
vt 0.222247541 1.49261665 0
vt 0.111148894 1.49261665 0
vt 0 1.49261665 0
vt 1 2.09157443 0
vt 0.888851166 2.09157443 0
vt 0.777752638 2.09157443 0
vt 0.666630566 2.09157443 0
vt 0.555557013 2.09157443 0
vt 0.444443405 2.09157443 0
vt 0.333369911 2.09157443 0
vt 0.222247541 2.09157443 0
vt 0.111148894 2.09157443 0
vt 0 2.09157443 0
vt 1 2.74877 0
vt 0.888851166 2.74877 0
vt 0.777752638 2.74877 0
vt 0.666630566 2.74877 0
vt 0.555557013 2.74877 0
vt 0.444443405 2.74877 0
vt 0.333369911 2.74877 0
vt 0.222247541 2.74877 0
vt 0.111148894 2.74877 0
vt 0 2.74877 0
vt 1 3.42386556 0
vt 0.888851166 3.42386556 0
vt 0.777752638 3.42386556 0
vt 0.666630566 3.42386556 0
vt 0.555557013 3.42386556 0
vt 0.444443405 3.42386556 0
vt 0.333369911 3.42386556 0
vt 0.222247541 3.42386556 0
vt 0.111148894 3.42386556 0
vt 0 3.42386556 0
vt 1 4.02470446 0
vt 0.888851166 4.02470446 0
vt 0.777752638 4.02470446 0
vt 0.666630566 4.02470446 0
vt 0.555557013 4.02470446 0
vt 0.444443405 4.02470446 0
vt 0.333369911 4.02470446 0
vt 0.222247541 4.02470446 0
vt 0.111148894 4.02470446 0
vt 0 4.02470446 0
vt 1 5.13067007 0
vt 0.888851166 5.13067007 0
vt 0.777752638 5.13067007 0
vt 0.666630566 5.13067007 0
vt 0.555557013 5.13067007 0
vt 0.444443405 5.13067007 0
vt 0.333369911 5.13067007 0
vt 0.222247541 5.13067007 0
vt 0.111148894 5.13067007 0
vt 0 5.13067007 0
vt 1 6.42713022 0
vt 0.888851166 6.42713022 0
vt 0.777752638 6.42713022 0
vt 0.666630566 6.42713022 0
vt 0.555557013 6.42713022 0
vt 0.444443405 6.42713022 0
vt 0.333369911 6.42713022 0
vt 0.222247541 6.42713022 0
vt 0.111148894 6.42713022 0
vt 0 6.42713022 0
vt 0.795602679 0.227782398 0
vt 0.881440818 0.299165159 0
vt 0.777752757 0.181003645 0
vt 0.702770829 0.0752334818 0
vt 0.777752697 0.181003645 0
vt 0.666630626 0.0489211194 0
vt 0.589065671 0.0954288617 0
vt 0.666630626 0.0489211157 0
vt 0.555557013 0.0964083448 0
vt 0.472251058 0.11309091 0
vt 0.545473576 0.106157869 0
vt 0.444443405 0.106194191 0
vt 0.333369911 0.095586732 0
vt 0.337851822 0.0988357589 0
vt 0.418197304 0.112997159 0
vt 0.279258102 0.104571901 0
vt 0.222247496 0.0454301834 0
vt 0.116515107 0.184464723 0
vt 0.194899917 0.0765823498 0
vt 0.222247481 0.045430176 0
vt 0.111148849 0.188911736 0
vt 0.0207184814 0.297399253 0
vt 0.0369084887 0.28461194 0
vt 0.111148871 0.188911736 0
vt 0.0171910599 0.299165159 0
vt 0.907423317 0.316837221 0
vt 0.99999994 0.307636827 0
vt 0.888851225 0.305636913 0
vt 0.903894424 0.315640569 0
vt 0.881440699 0.299165189 0
vt 0.888851106 0.305636913 0
vt 1 0.295191348 0
vt 1 0.628387809 0
vt 0.888851166 0.628387809 0
vt 0.888851166 0.295191348 0
vt 0.777752638 0.628387809 0
vt 0.777752638 0.295191348 0
vt 0.666630566 0.628387809 0
vt 0.666630507 0.326532602 0
vt 0.6820665 0.306178778 0
vt 0.69379741 0.295191407 0
vt 0.444443405 0.295191348 0
vt 0.444443405 0.628387809 0
vt 0.333369911 0.628387809 0
vt 0.333369911 0.295191348 0
vt 0.222247541 0.628387809 0
vt 0.222247541 0.295191348 0
vt 0.111148894 0.628387809 0
vt 0.111148894 0.295191348 0
vt 0 0.628387809 0
vt 0 0.295191348 0
vt 1 0.998674452 0
vt 0.888851166 0.998674452 0
vt 0.777752638 0.998674452 0
vt 0.666630566 0.998674452 0
vt 0.555557013 0.998674452 0
vt 0.555557013 0.628387809 0
vt 0.444443405 0.998674452 0
vt 0.333369911 0.998674452 0
vt 0.222247541 0.998674452 0
vt 0.111148894 0.998674452 0
vt 0 0.998674452 0
vt 1 1.43983769 0
vt 0.888851166 1.43983769 0
vt 0.777752638 1.43983769 0
vt 0.666630566 1.43983769 0
vt 0.555557013 1.43983769 0
vt 0.444443405 1.43983769 0
vt 0.333369911 1.43983769 0
vt 0.222247541 1.43983769 0
vt 0.111148894 1.43983769 0
vt 0 1.43983769 0
vt 1 1.91341889 0
vt 0.888851166 1.91341889 0
vt 0.777752638 1.91341889 0
vt 0.666630566 1.91341889 0
vt 0.555557013 1.91341889 0
vt 0.444443405 1.91341889 0
vt 0.333369911 1.91341889 0
vt 0.222247541 1.91341889 0
vt 0.111148894 1.91341889 0
vt 0 1.91341889 0
vt 1 2.50407195 0
vt 0.888851166 2.50407195 0
vt 0.777752638 2.50407195 0
vt 0.666630566 2.50407195 0
vt 0.555557013 2.50407195 0
vt 0.444443405 2.50407195 0
vt 0.333369911 2.50407195 0
vt 0.222247541 2.50407195 0
vt 0.111148894 2.50407195 0
vt 0 2.50407195 0
vt 1 2.99616623 0
vt 0.888851166 2.99616623 0
vt 0.777752638 2.99616623 0
vt 0.666630566 2.99616623 0
vt 0.555557013 2.99616623 0
vt 0.444443405 2.99616623 0
vt 0.333369911 2.99616623 0
vt 0.222247541 2.99616623 0
vt 0.111148894 2.99616623 0
vt 0 2.99616623 0
vt 1 3.76445675 0
vt 0.888851166 3.76445675 0
vt 0.777752638 3.76445675 0
vt 0.666630566 3.76445675 0
vt 0.555557013 3.76445675 0
vt 0.444443405 3.76445675 0
vt 0.333369911 3.76445675 0
vt 0.222247541 3.76445675 0
vt 0.111148894 3.76445675 0
vt 0 3.76445675 0
vt 1 4.15711355 0
vt 0.888851166 4.15711355 0
vt 0.777752638 4.15711355 0
vt 0.666630566 4.15711355 0
vt 0.555557013 4.15711355 0
vt 0.444443405 4.15711355 0
vt 0.333369911 4.15711355 0
vt 0.222247541 4.15711355 0
vt 0.111148894 4.15711355 0
vt 0 4.15711355 0
vt 1 5 0
vt 0.888851166 5 0
vt 0.777752638 5 0
vt 0.666630566 5 0
vt 0.555557013 5 0
vt 0.444443405 5 0
vt 0.333369911 5 0
vt 0.222247541 5 0
vt 0.111148894 5 0
vt 0 5 0
vt 0.888851166 0.0226687659 0
vt 0.892799377 0.039030198 0
vt 0.9008255 0.0482754707 0
vt 1 0.0667801648 0
vt 0.777752697 0.109529838 0
vt 0.861676693 0.0546456315 0
vt 0.888851166 0.0226687677 0
vt 0.771773279 0.13470456 0
vt 0.69379735 0.295191407 0
vt 0.705741465 0.283074349 0
vt 0.725954056 0.24912113 0
vt 0.444443405 0.276169002 0
vt 0.45537284 0.295191288 0
vt 0.333369851 0.131149545 0
vt 0.252378017 0.082918033 0
vt 0.295205653 0.116694845 0
vt 0.222247526 0.0635497421 0
vt 0.129608288 0.0767847374 0
vt 0.151673794 0.0796532631 0
vt 0.222247511 0.0635497421 0
vt 0.111148924 0.0669333562 0
vt 0.0284248833 0.0795956999 0
vt 0.111148894 0.0669333562 0
vt 4.74205208e-09 0.0667801648 0
vt 0.00618223194 0.0748099908 0
vt 0.595373988 0.397412956 0
vt 0.666630566 0.326532602 0
vt 0.555557013 0.411825538 0
vt 0.556773305 0.411945134 0
vt 0.458169609 0.306260049 0
vt 0.461441398 0.310533583 0
vt 0.45537281 0.295191288 0
vt 0.455788344 0.296308994 0
vt 0.888851166 0.367911279 0
vt 0.888851166 0 0
vt 0.921172559 -1.26980851e-07 0
vt 0.910272598 0.0276177358 0
vt 0.91019696 0.032359641 0
vt 0.912111878 0.0508269891 0
vt 0.935145259 0.0408836864 0
vt 0.956047237 -5.73877905e-08 0
vt 1 0.367911279 0
vt 0.777752638 0.367911279 0
vt 0.777752638 4.08463573e-17 0
vt 0.804833412 3.59286716e-08 0
vt 0.793996871 0.02954497 0
vt 0.797762454 0.034085989 0
vt 0.801156461 0.0342015997 0
vt 0.827523768 0.0457068309 0
vt 0.830143154 0.0328277498 0
vt 0.826169491 1.17704104e-07 0
vt 0.888851166 4.08463573e-17 0
vt 0.777752638 0 0
vt 0.666630566 0.367911279 0
vt 0.555557013 0.367911279 0
vt 0.555556953 0.0164643023 0
vt 0.563929975 0.0135248899 0
vt 0.596804023 0.0180534665 0
vt 0.597506762 0.0179304015 0
vt 0.597762227 0.0178345367 0
vt 0.598880649 0.017357273 0
vt 0.599561691 0.0165673792 0
vt 0.616667747 9.60358619e-08 0
vt 1 0.781257749 0
vt 0.888851166 0.781257749 0
vt 0.777752638 0.781257749 0
vt 0.666630566 0.781257749 0
vt 0.555557013 0.781257749 0
vt 0.444443405 0.781257749 0
vt 0.444443405 0.367911279 0
vt 0.333369911 0.781257749 0
vt 0.333369911 0.367911279 0
vt 0.222247541 0.781257749 0
vt 0.222247541 0.367911279 0
vt 0.111148894 0.781257749 0
vt 0.111148894 0.367911279 0
vt 0 0.781257749 0
vt 0 0.367911279 0
vt 1 1.25633192 0
vt 0.888851166 1.25633192 0
vt 0.777752638 1.25633192 0
vt 0.666630566 1.25633192 0
vt 0.555557013 1.25633192 0
vt 0.444443405 1.25633192 0
vt 0.333369911 1.25633192 0
vt 0.222247541 1.25633192 0
vt 0.111148894 1.25633192 0
vt 0 1.25633192 0
vt 1 1.72262084 0
vt 0.888851166 1.72262084 0
vt 0.777752638 1.72262084 0
vt 0.666630566 1.72262084 0
vt 0.555557013 1.72262084 0
vt 0.444443405 1.72262084 0
vt 0.333369911 1.72262084 0
vt 0.222247541 1.72262084 0
vt 0.111148894 1.72262084 0
vt 0 1.72262084 0
vt 1 2.38983941 0
vt 0.888851166 2.38983941 0
vt 0.777752638 2.38983941 0
vt 0.666630566 2.38983941 0
vt 0.555557013 2.38983941 0
vt 0.444443405 2.38983941 0
vt 0.333369911 2.38983941 0
vt 0.222247541 2.38983941 0
vt 0.111148894 2.38983941 0
vt 0 2.38983941 0
vt 1 3.10548711 0
vt 0.888851166 3.10548711 0
vt 0.777752638 3.10548711 0
vt 0.666630566 3.10548711 0
vt 0.555557013 3.10548711 0
vt 0.444443405 3.10548711 0
vt 0.333369911 3.10548711 0
vt 0.222247541 3.10548711 0
vt 0.111148894 3.10548711 0
vt 0 3.10548711 0
vt 1 3.85713506 0
vt 0.888851166 3.85713506 0
vt 0.777752638 3.85713506 0
vt 0.666630566 3.85713506 0
vt 0.555557013 3.85713506 0
vt 0.444443405 3.85713506 0
vt 0.333369911 3.85713506 0
vt 0.222247541 3.85713506 0
vt 0.111148894 3.85713506 0
vt 0 3.85713506 0
vt 1 4.72925138 0
vt 0.888851166 4.72925138 0
vt 0.777752638 4.72925138 0
vt 0.666630566 4.72925138 0
vt 0.555557013 4.72925138 0
vt 0.444443405 4.72925138 0
vt 0.333369911 4.72925138 0
vt 0.222247541 4.72925138 0
vt 0.111148894 4.72925138 0
vt 0 4.72925138 0
vt 1 5.5836153 0
vt 0.888851166 5.5836153 0
vt 0.777752638 5.5836153 0
vt 0.666630566 5.5836153 0
vt 0.555557013 5.5836153 0
vt 0.444443405 5.5836153 0
vt 0.333369911 5.5836153 0
vt 0.222247541 5.5836153 0
vt 0.111148894 5.5836153 0
vt 0 5.5836153 0
vt 1 7.09009504 0
vt 0.888851166 7.09009504 0
vt 0.777752638 7.09009504 0
vt 0.666630566 7.09009504 0
vt 0.555557013 7.09009504 0
vt 0.444443405 7.09009504 0
vt 0.333369911 7.09009504 0
vt 0.222247541 7.09009504 0
vt 0.111148894 7.09009504 0
vt 0 7.09009504 0
vt 0.527224839 0.0407461375 0
vt 0.555557013 0.016464293 0
vt 0.444443464 0.0986205637 0
vt 0.449264944 0.105387993 0
vt 0.495264977 0.0683530271 0
vt 0.504405677 0.0615063868 0
vt 0.506272018 0.059833087 0
vt 0.51431632 0.0539344326 0
vt 0.382131934 0.0920471475 0
vt 0.413333893 0.116110548 0
vt 0.444443434 0.0986205712 0
vt 0.333369911 0.065813899 0
vt 0.367770702 0.0934422612 0
vt 0.222247541 0.0791733712 0
vt 0.278181195 0.100860216 0
vt 0.283201575 0.0991985425 0
vt 0.333369911 0.0658138916 0
vt 0.111148894 0.0624452904 0
vt 0.145202756 0.128857374 0
vt 0.145529106 0.129204109 0
vt 0.146211118 0.129451007 0
vt 0.147742584 0.129219115 0
vt 0.222247526 0.0791733712 0
vt 0.0514168032 0.0501882844 0
vt 0.111148901 0.0624452867 0
vt 0.0273979213 -4.86937495e-08 0
vt 0.0412996151 0.0385917202 0
vt 1 1.59035385 0
vt 1 4.12511349 0
vt 0.800000131 4.12511349 0
vt 0.800000131 1.59035385 0
vt 0.600000322 4.12511349 0
vt 0.600000322 1.59035385 0
vt 0.400000155 4.12511349 0
vt 0.400000155 1.59035385 0
vt 0.200000107 4.12511349 0
vt 0.200000107 1.59035385 0
vt 0 4.12511349 0
vt 0 1.59035385 0
vt 0.800000131 9 0
vt 0.600000322 9 0
vt 0.400000155 9 0
vt 0.200000107 9 0
vt 0.828062952 0.327711046 0
vt 0.858262002 0.318497777 0
vt 1.0000006 0.419173986 0
vt 0.800000787 0.298071921 0
vt 0.657210827 0.338445127 0
vt 0.703710854 0.330043972 0
vt 0.800000072 0.298071921 0
vt 0.600000322 0.249414399 0
vt 0.400001109 0.415252984 0
vt 0.417456418 0.40400666 0
vt 0.600000024 0.24941434 0
vt 0.288811505 0.566957593 0
vt 0.295349836 0.55571425 0
vt 0.400000691 0.415253103 0
vt 0.200000465 0.589566112 0
vt 0.124431863 0.565063059 0
vt 0.142161563 0.568317831 0
vt 0.199999407 0.589566112 0
vt 3.84334101e-07 0.419174075 0
vt 0.0163199585 0.446373045 0
vt 0.800000131 0.581305087 0
vt 0.800000191 0.19973217 0
vt 0.888162136 0.145487517 0
vt 0.90852803 0.136381119 0
vt 0.945171416 0.0322030559 0
vt 0.958411157 0.00966074876 0
vt 0.955168426 2.61276902e-08 0
vt 1 0.581305087 0
vt 1 1.43517578 0
vt 0.800000131 1.43517578 0
vt 0.600000322 1.43517578 0
vt 0.600000322 0.581305087 0
vt 0.400000155 1.43517578 0
vt 0.400000155 0.581305087 0
vt 0.200000107 1.43517578 0
vt 0.200000107 0.581305087 0
vt 0 1.43517578 0
vt 0 0.581305087 0
vt 1 2.58942533 0
vt 0.800000131 2.58942533 0
vt 0.600000322 2.58942533 0
vt 0.400000155 2.58942533 0
vt 0.200000107 2.58942533 0
vt 0 2.58942533 0
vt 0.800000131 5 0
vt 0.600000322 5 0
vt 0.400000155 5 0
vt 0.200000107 5 0
vt 0.60159266 0.167606205 0
vt 0.744324088 0.205553278 0
vt 0.768093944 0.209899306 0
vt 0.600000262 0.16562061 0
vt 0.438158661 0.167079672 0
vt 0.595593691 0.167226925 0
vt 0.600000083 0.16562061 0
vt 0.400000334 0.165551141 0
vt 0.199999973 0.0308305267 0
vt 0.213732347 0.0614995994 0
vt 0.227887854 0.118784241 0
vt 0.290095448 0.148881033 0
vt 0.33176437 0.176919416 0
vt 0.400000364 0.165551171 0
vt 0.143035203 0.00233712327 0
vt 0.200000167 0.030830523 0
vt 0.146054253 3.25170535e-09 0
vt 1 1.21507716 0
vt 0.800000131 1.21507716 0
vt 0.800000131 0 0
vt 0.600000322 1.21507716 0
vt 0.600000322 0 0
vt 0.400000155 1.21507716 0
vt 0.400000215 0.0261753835 0
vt 0.403722078 -1.65044952e-07 0
vt 1 3.02528429 0
vt 0.800000131 3.02528429 0
vt 0.600000322 3.02528429 0
vt 0.400000155 3.02528429 0
vt 0.200000107 3.02528429 0
vt 0.200000107 1.21507716 0
vt 0 3.02528429 0
vt 0 1.21507716 0
vt 1 5.99999952 0
vt 0.800000131 5.99999952 0
vt 0.600000322 5.99999952 0
vt 0.400000155 5.99999952 0
vt 0.200000107 5.99999952 0
vt 0 5.99999952 0
vt 0.199999765 0.532469869 0
vt 0.224190444 0.530552745 0
vt 0.229562968 0.526929379 0
vt 0.264953256 0.493551254 0
vt 0.396911621 0.0389931649 0
vt 0.400000453 0.0261754096 0
vt 0.04093346 0.475841701 0
vt 0.0506081171 0.489082307 0
vt 0.0520538241 0.489532679 0
vt 0.199999809 0.532469809 0
vt 0.0865194201 2.05041687e-07 0
vt 0.0838178247 0.0124296285 0
vt 1 0.495195866 0
vt 1 1.17066169 0
vt 0.800000131 1.17066169 0
vt 0.800000131 0.495195866 0
vt 0.600000322 1.17066169 0
vt 0.600000322 0.495195866 0
vt 0.400000155 1.17066169 0
vt 0.400000155 0.495195866 0
vt 0.200000107 1.17066169 0
vt 0.200000107 0.495195866 0
vt 0 1.17066169 0
vt 0 0.495195866 0
vt 1 2.07280898 0
vt 0.800000131 2.07280898 0
vt 0.600000322 2.07280898 0
vt 0.400000155 2.07280898 0
vt 0.200000107 2.07280898 0
vt 0 2.07280898 0
vt 1 4 0
vt 0.800000131 4 0
vt 0.600000322 4 0
vt 0.400000155 4 0
vt 0.200000107 4 0
vt 0 4 0
vt 0.914613068 0.157685667 0
vt 0.992350817 0.0789665654 0
vt 0.99999994 0.0577466078 0
vt 0.800000131 0.130490169 0
vt 0.883303225 0.175733253 0
vt 0.725067854 0.127621815 0
vt 0.79265976 0.128670081 0
vt 0.800000191 0.130490169 0
vt 0.600000203 0.00286311866 0
vt 0.608158171 0.0655202791 0
vt 0.628976703 0.0776671842 0
vt 0.440859675 0.165709347 0
vt 0.493952692 0.135712758 0
vt 0.567025602 0.0783070326 0
vt 0.586645842 0.0675962418 0
vt 0.600000203 0.00286306208 0
vt 0.400000066 0.178216934 0
vt 0.427720487 0.174331501 0
vt 0.265554249 0.21378468 0
vt 0.282343477 0.213138565 0
vt 0.400000095 0.178216934 0
vt 0.200000137 0.148817897 0
vt -8.5315115e-08 0.0577466041 0
vt 0.0312062968 0.0919336006 0
vt 0.15556553 0.164638847 0
vt 0.200000077 0.148817912 0
vt 0.800000131 0.87612325 0
vt 0.600000322 0.87612325 0
vt 0.400000155 0.87612325 0
vt 0.400000155 0 0
vt 0.200000107 0.87612325 0
vt 0.200000182 0.123480834 0
vt 0.222138911 0.106950156 0
vt 0.366564155 -2.29879745e-07 0
vt 0.400000155 9.72692204e-17 0
vt 1 0.87612325 0
vt 1 2.30627227 0
vt 0.800000131 2.30627227 0
vt 0.600000322 2.30627227 0
vt 0.400000155 2.30627227 0
vt 0.200000107 2.30627227 0
vt 0 2.30627227 0
vt 0 0.87612325 0
vt 0.895865321 4.36941434e-07 0
vt 0.903226376 0.103059173 0
vt 0.915778339 0.162734091 0
vt 1 0.241981626 0
vt -6.27869099e-08 0.241981611 0
vt 0.0470385328 0.225673944 0
vt 0.0735632181 0.225277171 0
vt 0.190792024 0.12955451 0
vt 0.200000256 0.123480842 0
vt 1 1.03995872 0
vt 1 2.36592698 0
vt 0.800000131 2.36592698 0
vt 0.800000131 1.03995872 0
vt 0.600000322 2.36592698 0
vt 0.600000322 1.03995872 0
vt 0.400000155 2.36592698 0
vt 0.400000155 1.03995872 0
vt 0.200000107 2.36592698 0
vt 0.200000107 1.03995872 0
vt 0 2.36592698 0
vt 0 1.03995872 0
vt 0.600000143 3.53781986 0
vt 0.573001564 3.59356666 0
vt 0.582735062 3.62251377 0
vt 0.600000739 3.67418337 0
vt 0.600000322 4.20912313 0
vt 0.400000155 4.20912313 0
vt 0.200000107 4.20912313 0
vt 0 4.20912313 0
vt 1 4.20912313 0
vt 0.800000131 8 0
vt 0.800000131 4.20912313 0
vt 0.600000322 8 0
vt 0.400000155 8 0
vt 0.200000107 8 0
vt 0.800000548 0.388241589 0
vt 0.885912418 0.361117035 0
vt 0.94274056 0.359783232 0
vt 0.999999642 0.271623671 0
vt 0.601870656 0.0288156886 0
vt 0.600000203 0.0320671685 0
vt 0.619045556 -5.49515242e-08 0
vt 0.60000056 0.765093625 0
vt 0.687580705 0.577828467 0
vt 0.800000429 0.388241589 0
vt 0.494497061 0.0557369217 0
vt 0.468056589 0.0856541544 0
vt 0.399999917 0.170592502 0
vt 0.600000679 0.0320671983 0
vt 0.400000483 0.495996267 0
vt 0.418844283 0.535606444 0
vt 0.442357898 0.636640847 0
vt 0.532828927 0.754620492 0
vt 0.576131105 0.790470123 0
vt 0.599999845 0.765093565 0
vt 0.345641136 0.100587741 0
vt 0.31096369 0.106574245 0
vt 0.250457257 0.201792717 0
vt 0.400000632 0.495996326 0
vt 0.200000107 0 0
vt 0.399999619 0.170592427 0
vt 0.158686101 0.124683671 0
vt 0.182668388 0.105025217 0
vt 0.176922813 -3.43874476e-08 0
vt 2.92796507e-08 0.271623611 0
vt 0.0663970187 0.283642203 0
vt 0.106689632 0.269444346 0
vt 0.842440248 3.48403049 0
vt 0.799999952 3.45793104 0
vt 0.799999833 3.84014583 0
vt 0.83785522 3.79028177 0
vt 0.857177496 3.74600363 0
vt 0.870219529 3.68238831 0
vt 0.891077518 3.62873602 0
vt 0.880340338 3.58914781 0
vt 0.869486988 3.54285598 0
vt 0.844708204 3.4881928 0
vt 0.65809381 3.49834108 0
vt 0.600000262 3.53781986 0
vt 0.800000191 3.4579308 0
vt 0.686268091 3.48315382 0
vt 0.633519232 3.75624752 0
vt 0.661296844 3.77114844 0
vt 0.799999952 3.84014583 0
vt 0.600000441 3.67418337 0
vt 0.800000131 0.616309643 0
vt 0.600000322 0.616309643 0
vt 0.400000155 0.616309643 0
vt 0.400000185 0.0387497991 0
vt 0.404308468 0.0396854356 0
vt 0.502538979 -8.81711344e-08 0
vt 0.600000322 6.84241156e-17 0
vt 1 0.616309643 0
vt 1 1.4998045 0
vt 0.800000131 1.4998045 0
vt 0.600000322 1.4998045 0
vt 0.400000155 1.4998045 0
vt 0.200000107 1.4998045 0
vt 0.200000107 0.616309643 0
vt 0 1.4998045 0
vt 0 0.616309643 0
vt 0.800000131 3 0
vt 0.600000322 3 0
vt 0.400000155 3 0
vt 0.200000107 3 0
vt 0.816974223 1.88517262e-07 0
vt 0.817852557 0.00765578775 0
vt 0.823239684 0.0746010393 0
vt 0.894208312 0.120441101 0
vt 0.933379173 0.147350013 0
vt 1.00000024 0.155711442 0
vt 0.800000131 6.84241156e-17 0
vt 0.22799027 0.0670538545 0
vt 0.362143278 0.0484962128 0
vt 0.400000215 0.0387497954 0
vt 0.200000077 0.0255644079 0
vt 0.146325171 0.0930922404 0
vt 0.200000048 0.0255644005 0
vt 4.93154566e-08 0.155711412 0
vt 0.0502432063 0.137773588 0
vt 0.200000107 1.18066084 0
vt 0.200000137 0.105679631 0
vt 0.218219146 0.148808971 0
vt 0.255147755 0.247085616 0
vt 0.345640659 0.151126027 0
vt 0.370131344 0.0820322931 0
vt 0.376565307 -1.38433592e-07 0
vt 0.400000155 1.18066084 0
vt 0.800000131 2.98726559 0
vt 0.80000025 1.59024417 0
vt 0.825527489 1.60968709 0
vt 0.848674119 1.57909274 0
vt 0.949864626 1.50968826 0
vt 0.929580808 1.42526317 0
vt 0.892385364 1.18066084 0
vt 1 1.18066084 0
vt 1 2.98726559 0
vt 0.600000322 1.18066084 0
vt 0.600000322 2.98726559 0
vt 0.400000155 2.98726559 0
vt 0.200000107 2.98726559 0
vt 0 2.98726559 0
vt 0 1.18066084 0
vt 1 6 0
vt 0.800000131 6 0
vt 0.600000322 6 0
vt 0.400000155 6 0
vt 0.200000107 6 0
vt 0 6 0
vt 0.993197203 0.504718482 0
vt 0.99999994 0.476399034 0
vt 0.905424714 1.07140088 0
vt 0.926875174 1.00335848 0
vt 0.939391971 0.965684354 0
vt 0.600000143 0.986504555 0
vt 0.630498409 1.12060738 0
vt 0.653162956 1.18066108 0
vt 0.455161482 4.76101434e-08 0
vt 0.514385343 0.650453627 0
vt 0.599999905 0.986504495 0
vt -1.08416252e-07 0.476399064 0
vt 0.00912096072 0.468530238 0
vt 0.05695666 0.584401786 0
vt 0.200000629 0.105679661 0
vt 0.75270921 1.54446483 0
vt 0.800000191 1.59024405 0
vt 0.653163016 1.18066096 0
vt 0.731612146 1.4561168 0
vt 0 1.03956616 0
vt -5.34068718e-08 0.0703484342 0
vt 0.142904833 0.0548746102 0
vt 0.164275095 0.0516423844 0
vt 0.194199026 1.08339847e-07 0
vt 0.200000107 1.03956616 0
vt 1 1.03956616 0
vt 1 2.4660356 0
vt 0.800000131 2.4660356 0
vt 0.800000131 1.03956616 0
vt 0.600000322 2.4660356 0
vt 0.600000322 1.03956616 0
vt 0.400000155 2.4660356 0
vt 0.400000155 1.03956616 0
vt 0.200000107 2.4660356 0
vt 0 2.4660356 0
vt 0.963409662 0.0962202325 0
vt 0.966335535 0.0957287699 0
vt 0.99999994 0.0703484342 0
vt 0.800000012 0.0210753363 0
vt 0.828076899 0.0765049607 0
vt 0.835544109 0.0868420005 0
vt 0.836356044 0.087572895 0
vt 0.761847198 0.0446059592 0
vt 0.800000191 0.0210753176 0
vt 0.600000262 0.062849991 0
vt 0.412139744 0.210959271 0
vt 0.510479391 0.183728978 0
vt 0.536713183 0.156102508 0
vt 0.600000441 0.0628499687 0
vt 0.400000006 0.21126084 0
vt 0.203124419 1.20353917e-07 0
vt 0.220607698 0.0703313723 0
vt 0.244057968 0.0923408195 0
vt 0.354164451 0.189346045 0
vt 0.400000095 0.211260825 0
vt 0.800000131 5.49777852e-17 0
vt 1 5.49777852e-17 0
vt 0.877936006 0.325981706 0
vt 0.832417846 0.313018531 0
vt 0.800000131 0.285543442 0
vt 0.99999994 0.293507218 0
vt 0.961071849 0.33241871 0
vt 0.800000131 1.11848146e-16 0
vt 0.799999952 0.285543501 0
vt 0.600000083 0.111609995 0
vt 0.600000322 1.11848146e-16 0
vt 0.599999964 0.111610033 0
vt 0.497636497 0.145230561 0
vt 0.492156476 0.143920705 0
vt 0.414642543 0.109499216 0
vt 0.399999857 0.0991218016 0
vt 0.200000107 1.11848146e-16 0
vt 0.400000155 1.11848146e-16 0
vt 0.399999857 0.0991216972 0
vt 0.391008586 0.104756013 0
vt 0.342699468 0.128359243 0
vt 0.336589843 0.124806613 0
vt 0.217144161 0.0861442834 0
vt 0.216965735 0.0672111809 0
vt 0.199999854 0.0103822798 0
vt 0.200000122 0.0103822751 0
vt 0.163850218 0.0861045197 0
vt 0.16132158 0.113538422 0
vt 0.012525212 0.277593315 0
vt -1.96675813e-07 0.293507218 0
vt 0.403400868 0.166010574 0
vt 0.476709425 -1.58035817e-07 0
vt 0.400000453 0.179390818 0
vt 0.200000241 0.0146139273 0
vt 0.210595354 0.0131753385 0
vt 0.323622733 0.0158344526 0
vt 0.340995431 0.0446256511 0
vt 0.398955703 0.171840787 0
vt 0.400000483 0.179390863 0
vt 0.190914258 4.16267625e-08 0
vt 0.199999586 0.0146139599 0
vt 0.962036252 0.246059448 0
vt 0.934795976 0.224506781 0
vt 0.872358978 0.135315701 0
vt 0.883190453 0.0914333537 0
vt 0.890124202 1.01616706e-07 0
vt 1 0.274470419 0
vt 0.236138523 0.0936875865 0
vt 0.200000003 0.129659697 0
vt 0.261501819 7.05002137e-08 0
vt 0.267453879 0.0322340839 0
vt 0.118054979 0.194521472 0
vt -1.51852788e-07 0.274470419 0
vt 0.200000018 0.129659697 0
vt 0.800000131 0.833784401 0
vt 0.600000322 0.833784401 0
vt 0.400000155 0.833784401 0
vt 0.200000107 0.833784401 0
vt 1 0.833784401 0
vt 1 1.7649864 0
vt 0.800000131 1.7649864 0
vt 0.600000322 1.7649864 0
vt 0.400000155 1.7649864 0
vt 0.200000107 1.7649864 0
vt 0 1.7649864 0
vt 0 0.833784401 0
vt 1 3.49510932 0
vt 0.800000131 3.49510932 0
vt 0.600000322 3.49510932 0
vt 0.400000155 3.49510932 0
vt 0.200000107 3.49510932 0
vt 0 3.49510932 0
vt 1 6.05130243 0
vt 0.800000131 6.05130243 0
vt 0.600000322 6.05130243 0
vt 0.400000155 6.05130243 0
vt 0.200000107 6.05130243 0
vt 0 6.05130243 0
vt 1 10 0
vt 0.800000131 10 0
vt 0.600000322 10 0
vt 0.400000155 10 0
vt 0.200000107 10 0
vt 0 10 0
vt 0.400000155 1.78198564 0
vt 0.5732252 0.0730289295 0
vt 0.53906256 0.0513435341 0
vt 0.538025141 0.0512764119 0
vt 0.533941031 0.0576201715 0
vt 0.53362447 0.0599190705 0
vt 0.538607657 0.0638364777 0
vt 0.600000322 1.78198564 0
vt 0.200000107 1.78198564 0
vt 0 1.78198564 0
vt 3.58322268e-07 0.312694162 0
vt 0.0032594353 0.311451256 0
vt 0.012395544 0.299440891 0
vt 0.053401608 0.170732126 0
vt 0.0320021175 0.132869646 0
vt -3.53888652e-08 0.0716101825 0
vt 1 1.78198564 0
vt 1 4.18570805 0
vt 0.800000131 4.18570805 0
vt 0.800000131 1.78198564 0
vt 0.600000322 4.18570805 0
vt 0.400000155 4.18570805 0
vt 0.200000107 4.18570805 0
vt 0 4.18570805 0
vt 1 7.89104557 0
vt 0.800000131 7.89104557 0
vt 0.600000322 7.89104557 0
vt 0.400000155 7.89104557 0
vt 0.200000107 7.89104557 0
vt 0 7.89104557 0
vt 1 15 0
vt 0.800000131 15 0
vt 0.600000322 15 0
vt 0.400000155 15 0
vt 0.200000107 15 0
vt 0 15 0
vt 0.897643209 0.471472174 0
vt 0.999999821 0.312694192 0
vt 0.799999952 0.46375525 0
vt 0.8415066 0.478263408 0
vt 0.895848155 0.473043025 0
vt 0.999999821 0.0716101974 0
vt 0.962576866 9.03424251e-08 0
vt 0.714809656 0.355043828 0
vt 0.761730194 0.402428389 0
vt 0.773329139 0.42040056 0
vt 0.800001264 0.46375519 0
vt 0.691500962 4.79510049e-07 0
vt 0.602902472 0.0870903209 0
vt 0.624267459 0.130549997 0
vt 0.620060623 0.149401411 0
vt 0.629671097 0.18545267 0
vt 0.638429701 0.218295231 0
vt 0.646879613 0.236165404 0
vt 0.667608976 0.277146071 0
vt 0.68145442 0.301704943 0
vt 0.713897586 0.353807181 0
vt 0.714491844 0.354721278 0
vt 0.800000131 1.18066084 0
vt 0.624025106 -1.62331837e-08 0
vt 0.600000501 0.155888647 0
vt 0.543124735 8.12133578e-08 0
vt 0.60000062 0.155888692 0
vt 1 1.00743854 0
vt 1 2.39842415 0
vt 0.800000131 2.39842415 0
vt 0.800000131 1.00743854 0
vt 0.600000322 2.39842415 0
vt 0.600000322 1.00743854 0
vt 0.400000155 2.39842415 0
vt 0.400000155 1.00743854 0
vt 0.200000107 2.39842415 0
vt 0.200000107 1.00743854 0
vt 0 2.39842415 0
vt 0 1.00743854 0
vt 1 4.37004757 0
vt 0.800000131 4.37004757 0
vt 0.600000322 4.37004757 0
vt 0.400000155 4.37004757 0
vt 0.200000107 4.37004757 0
vt 0 4.37004757 0
vt 1 1.56025147 0
vt 1 3.45998168 0
vt 0.800000131 3.45998168 0
vt 0.800000131 1.56025147 0
vt 0.600000322 3.45998168 0
vt 0.600000322 1.56025147 0
vt 0.400000155 3.45998168 0
vt 0.400000155 1.56025147 0
vt 0.200000107 3.45998168 0
vt 0.200000107 1.56025147 0
vt 0 3.45998168 0
vt 0 1.56025147 0
vt 1 5.9887538 0
vt 0.800000131 5.9887538 0
vt 0.600000322 5.9887538 0
vt 0.400000155 5.9887538 0
vt 0.200000107 5.9887538 0
vt 0 5.9887538 0
vt 1 12 0
vt 0.800000131 12 0
vt 0.600000322 12 0
vt 0.400000155 12 0
vt 0.200000107 12 0
vt 0 12 0
vt 0.799999833 0.299530655 0
vt 0.811168313 0.31358549 0
vt 0.830975592 0.318587184 0
vt 0.864148915 0.32321772 0
vt 0.89509058 0.327537179 0
vt 0.906953335 0.32725051 0
vt 0.92903322 0.326717257 0
vt 0.956562221 0.324361354 0
vt 0.972233236 0.325469851 0
vt 1.00000048 0.32505396 0
vt 0.755919099 0.300361961 0
vt 0.800000012 0.299530596 0
vt 0.600000262 0.0421416573 0
vt 0.606504917 0.0572532676 0
vt 0.713639855 0.295086741 0
vt 0.737685859 0.293592751 0
vt 0.461807609 0.218773097 0
vt 0.586875379 0.128392294 0
vt 0.599999726 0.0421416759 0
vt 0.399999797 0.0166015774 0
vt 0.451706946 0.220242053 0
vt 0.199999824 0.317555696 0
vt 0.219178319 0.318330437 0
vt 0.280001104 0.329164416 0
vt 0.310428143 0.316515356 0
vt 0.399999499 0.0166017693 0
vt 0.0217219759 0.332387865 0
vt 0.0751121268 0.339981288 0
vt 0.0959011465 0.341800451 0
vt 0.15381436 0.339748204 0
vt 0.188545063 0.32940048 0
vt 0.194938347 0.32131505 0
vt 0.200000018 0.317555726 0
vt 9.28654416e-08 0.325053811 0
vt 0.0175691396 0.331594199 0
vt 1 0.456114918 0
vt 1 1.19385052 0
vt 0.800000131 1.19385052 0
vt 0.800000131 0.456114918 0
vt 0.600000322 1.19385052 0
vt 0.600000322 0.456114918 0
vt 0.400000155 1.19385052 0
vt 0.400000155 0.456114918 0
vt 0.200000107 1.19385052 0
vt 0.200000107 0.456114918 0
vt 0 1.19385052 0
vt 0 0.456114918 0
vt 1 2.2572844 0
vt 0.800000131 2.2572844 0
vt 0.600000322 2.2572844 0
vt 0.400000155 2.2572844 0
vt 0.200000107 2.2572844 0
vt 0 2.2572844 0
vt 0.929418564 -1.55056057e-08 0
vt 0.925160527 0.0069760168 0
vt 0.844015062 0.0783932358 0
vt 1.00000012 0.0579656661 0
vt 0.703452706 0.211891308 0
vt 0.766592383 0.135953605 0
vt 0.793223679 0.0961664394 0
vt 0.776652277 0.0221228637 0
vt 0.777767181 7.29643048e-08 0
vt 0.600000262 0.250284255 0
vt 0.677881241 0.219519123 0
vt 0.485895962 0.244200796 0
vt 0.542159677 0.257389188 0
vt 0.600000262 0.250284284 0
vt 0.400000155 0.176291674 0
vt 0.312326908 0.193232208 0
vt 0.400000244 0.176291659 0
vt 0.200000107 0.182738751 0
vt 5.43975069e-08 0.0579656325 0
vt 0.02628267 0.125515163 0
vt 0.0417590849 0.156346962 0
vt 0.14438501 0.171654865 0
vt 0.191752821 0.185573742 0
vt 0.200000137 0.182738751 0
vn -0.70002228 0.672630131 0.23986955
vn -0.826983333 0.511673689 -0.232998952
vn -0.664496958 0.437327296 -0.605960965
vn -0.295114756 0.309210956 -0.904044151
vn 0.432921022 0.532447338 -0.727378428
vn 0.873937845 0.399273008 -0.277152956
vn 0.901271403 0.403675109 0.157341391
vn 0.567095816 0.394970477 0.722772956
vn -0.0835973024 0.570070624 0.817331553
vn -0.713354111 0.609902024 0.34517467
vn -0.890888572 0.433425725 -0.135865867
vn -0.756843269 0.359291703 -0.545983315
vn -0.392249614 0.257800579 -0.882994413
vn 0.36027807 0.469053358 -0.806342781
vn 0.853881061 0.346225739 -0.388606519
vn 0.937589765 0.343964845 0.0511232279
vn 0.655663013 0.347726703 0.670217872
vn 0.00215924392 0.512410522 0.858737886
vn -0.649128497 0.476097584 0.593264937
vn -0.948941886 0.283313453 0.138718531
vn -0.9188115 0.198167399 -0.341343373
vn -0.604100108 0.135364279 -0.785327613
vn 0.13394773 0.285352707 -0.949016273
vn 0.740900099 0.216061756 -0.63591212
vn 0.954338074 0.215752319 -0.20661512
vn 0.818770766 0.268387049 0.5075261
vn 0.210543364 0.411091447 0.886947215
vn -0.423183501 0.399835587 0.813048184
vn -0.868460476 0.226309925 0.44108963
vn -0.984909177 0.149674922 -0.0868982896
vn -0.758912504 0.109553456 -0.64191103
vn -0.107083283 0.189387828 -0.976045847
vn 0.548419237 0.143024966 -0.82388109
vn 0.887623429 0.148340121 -0.436027199
vn 0.915785968 0.243041202 0.319792241
vn 0.410618812 0.367660254 0.834396839
vn -0.0656528696 0.256310135 0.964362323
vn -0.667369068 0.148173377 0.729837775
vn -0.977998018 0.100111611 0.183023572
vn -0.881578505 0.0954555646 -0.462285101
vn -0.344218105 0.125589639 -0.930452168
vn 0.310866922 0.0986327007 -0.945321739
vn 0.776878536 0.106667675 -0.62054956
vn 0.971467435 0.194890574 0.135161713
vn 0.599338353 0.264262706 0.755618155
vn 0.27291432 0.124132194 0.95399636
vn -0.398762286 0.0784104988 0.913696051
vn -0.895750523 0.0305694137 0.443504632
vn -0.97290194 0.00633694883 -0.231131196
vn -0.590667903 0.0124637932 -0.806818485
vn 0.0569368862 0.0389664322 -0.997617066
vn 0.620308399 0.0690118596 -0.781316161
vn 0.985120952 0.14395155 -0.0938863829
vn 0.766350508 0.16260007 0.621504724
vn 0.517109752 0.0371076465 0.8551144
vn -0.148200154 0.0461186916 0.987881541
vn -0.746744096 0.0464994535 0.663484097
vn -0.998614669 0.0507649072 0.013850078
vn -0.783050358 0.0469799042 -0.620181441
vn -0.193866834 0.0449939258 -0.979995489
vn 0.428241998 0.0363823585 -0.902931452
vn 0.925409496 0.0630323291 -0.37368986
vn 0.914598107 0.0614620335 0.399665833
vn 0.708629191 -0.0351970717 0.704702675
vn 0.111381926 -0.0324518606 0.993247688
vn -0.549823463 -0.00230765319 0.835277796
vn -0.962850451 0.0520388857 0.264973521
vn -0.911974728 0.0840176195 -0.40155071
vn -0.44313103 0.0876960531 -0.892157137
vn 0.231249884 0.0669224933 -0.970589936
vn 0.796427071 0.0373585187 -0.603579581
vn 0.991142988 -0.00402661692 0.132738039
vn 0.850289941 0.020241823 0.525925219
vn 0.361408949 -0.00151154655 0.932406187
vn -0.330191106 -0.00655757776 0.943891346
vn -0.861241221 -0.000758789014 0.508195817
vn -0.988166749 0.00887334999 -0.153126165
vn -0.678173542 0.0229393654 -0.734543681
vn -0.00350589002 0.0532284118 -0.998576224
vn 0.600041449 0.0395134725 -0.798992455
vn 0.989744425 0.0327499025 -0.139044538
vn 0.947478831 0.0574032106 0.314624846
vn 0.576867878 0.0699491203 0.813837051
vn -0.100748643 0.075576447 0.992037237
vn -0.704585552 0.0533135161 0.707613468
vn -0.995352268 0.0191800594 0.0943724215
vn -0.839206994 -0.00226357533 -0.543807447
vn -0.275146067 -0.00688465359 -0.9613778
vn 0.329529703 -0.0340137184 -0.943532348
vn 0.908125043 0.00969409477 -0.41858691
vn 0.994555414 0.0686038584 0.0784423649
vn 0.777492523 0.0520739704 0.626732409
vn 0.160282269 0.0473506078 0.985934734
vn -0.488803327 0.0346545279 0.871705353
vn -0.932009399 0.016721569 0.362048239
vn -0.938597858 0.0174712203 -0.344570458
vn -0.520585656 0.0202527363 -0.853569269
vn 0.0653569102 0.00536676636 -0.997847497
vn 0.772673488 0.0496020839 -0.632862806
vn 0.97868216 0.066357471 -0.194364876
vn 0.925931394 0.0189695396 0.377215207
vn 0.420075506 0.0202379916 0.907263458
vn -0.267777592 0.0335549153 0.962896287
vn -0.779608309 0.0273421481 0.625670254
vn -0.992297471 0.0430136584 -0.116170079
vn -0.690253973 0.0562532693 -0.721377254
vn -0.163885668 0.0677473396 -0.98415029
vn 0.581697643 0.0905625895 -0.808347821
vn 0.92697978 0.0620029643 -0.369951636
vn 0.973981977 0.0531975031 0.220293209
vn 0.555446804 0.105587035 0.824821293
vn -0.144443929 0.129343808 0.981022954
vn -0.656248689 0.14977257 0.739530861
vn -0.982325852 0.185759664 0.023008015
vn -0.755107045 0.128123075 -0.642960131
vn -0.280861974 0.0811459795 -0.956311643
vn 0.440282404 0.0738452226 -0.894817472
vn 0.523734868 0.815353513 -0.246780217
vn 0.508831859 0.860416114 0.0278228093
vn 0.427885771 0.866957664 0.255535156
vn 0.036476247 0.887159169 0.460019648
vn -0.287352651 0.883537889 0.369850516
vn -0.271580905 0.961089134 0.0505116656
vn -0.430297375 0.863780081 -0.26216042
vn -0.196151987 0.824791133 -0.530324399
vn 0.299123704 0.774679542 -0.557132483
vn 0.260330617 0.963536382 -0.0618512332
vn 0.367643446 0.927524149 0.0673586205
vn 0.383950323 0.92227906 0.0445366092
vn 0.0372156464 0.998402297 0.0425200127
vn -0.211388603 0.972805262 0.0946827978
vn -0.0650398359 0.997784376 0.0140095083
vn -0.21455054 0.976619244 -0.0135275964
vn 0.00131522596 0.999494016 -0.0317782387
vn 0.237156615 0.954200447 -0.182368293
vn 0.0460070483 0.998884916 -0.0106003899
vn 0.524618626 0.211937025 -0.824535131
vn 0.576188684 0.117545046 -0.808820009
vn 0.647405386 0.233366653 -0.725538731
vn 0.657356083 0.0763324425 -0.749704301
vn 0.730055273 0.106940076 -0.674969018
vn 0.76009357 0.195335522 -0.61975956
vn 0.733640671 0.300207287 -0.609628499
vn 0.663086176 0.372364581 -0.649354637
vn 0.581213713 0.378063917 -0.720595896
vn 0.52639246 0.314921826 -0.789769173
vn -0.105022736 0.2758165 -0.95545572
vn -0.386876196 0.129167274 -0.9130404
vn -0.545945346 0.220458135 -0.808295608
vn -0.351940513 0.590328813 -0.726395011
vn -0.356417924 0.00303112669 -0.934321761
vn -0.423306733 -0.167633519 -0.890342772
vn 0.0476155803 -0.109400392 -0.992856562
vn -0.120912082 -0.399675637 -0.90864718
vn 0.315101802 -0.152020901 -0.936803281
vn 0.289863735 -0.452199429 -0.843501449
vn 0.675148606 -0.075945951 -0.733761847
vn 0.751273513 -0.249087214 -0.611182213
vn 0.822259784 0.065176934 -0.565367818
vn 0.906309128 0.047036428 -0.419989765
vn 0.771489501 0.208458364 -0.601123273
vn 0.841934025 0.351681918 -0.409227192
vn 0.445425928 0.338581711 -0.828829348
vn 0.502088249 0.676053226 -0.539314032
vn -0.750309229 0.25288111 -0.61080879
vn -0.423520416 0.723874569 -0.544643104
vn -0.684896648 -0.287159711 -0.669668496
vn -0.361014098 -0.631468534 -0.686233401
vn 0.237426803 -0.733587682 -0.636771262
vn 0.719731748 -0.415614069 -0.556103587
vn 0.883252859 0.0509366468 -0.466122299
vn 0.771298766 0.484555066 -0.412679672
vn 0.154340431 0.843780398 -0.514017224
vn -0.743784606 0.262872815 -0.614558697
vn -0.354480058 0.734131634 -0.579132795
vn -0.778506041 -0.331699729 -0.532826126
vn -0.465037793 -0.792678893 -0.394207984
vn 0.186916307 -0.961619377 -0.200873941
vn 0.806225717 -0.586738169 -0.0757525265
vn 0.991086364 0.0517044738 -0.122778498
vn 0.774259567 0.572369635 -0.270028234
vn 0.232766449 0.860420167 -0.453317583
vn -0.746685505 0.277871519 -0.6043576
vn -0.35514769 0.776665866 -0.520250261
vn -0.778735757 -0.366277039 -0.509324729
vn -0.420402735 -0.862058103 -0.283049881
vn 0.138225809 -0.99014461 -0.0225253608
vn 0.759272397 -0.620193601 0.19714278
vn 0.978575528 0.0803156048 0.189576477
vn 0.765602589 0.643313706 8.26111682e-06
vn 0.232292309 0.929819405 -0.285440236
vn -0.789016843 0.319176793 -0.524955928
vn -0.379265308 0.797721982 -0.468825608
vn -0.852112234 -0.347787857 -0.391085982
vn -0.464979291 -0.875697792 -0.130182475
vn 0.0750962943 -0.993226349 0.0886679515
vn 0.728546083 -0.640576124 0.242657691
vn 0.976727545 0.0125710852 0.214115068
vn 0.77863574 0.62726599 0.016240146
vn 0.207655787 0.940911055 -0.26751709
vn -0.802371442 0.577529848 -0.150530711
vn -0.39452517 0.794859767 -0.461029172
vn -0.942092359 -0.0391608402 0.333059311
vn -0.465253353 -0.693471968 0.550123453
vn 0.110631533 -0.895288289 0.431531608
vn 0.61992836 -0.77374953 0.130385548
vn 0.895000458 -0.371559709 -0.246814907
vn 0.743014514 0.246803984 -0.622107148
vn 0.116804473 0.749019206 -0.652170956
vn -0.881577015 0.456528664 0.120014451
vn -0.708357155 0.407749891 -0.576168537
vn -0.642142355 0.262361288 0.720291376
vn -0.199054301 -0.0264599565 0.979631126
vn 0.414487243 -0.356900722 0.837151229
vn 0.824907064 -0.543238938 0.156268582
vn 0.746561766 -0.454343647 -0.486021966
vn 0.472017139 -0.243809164 -0.847205281
vn -0.136704192 0.12333037 -0.982904673
vn -0.948299825 -0.317352504 -0.00384826306
vn -0.757947862 -0.270267457 -0.593692303
vn -0.656580091 -0.214358866 0.723154783
vn -0.0443475768 -0.0326588377 0.998482227
vn 0.54113549 0.131643593 0.830567598
vn 0.928987741 0.218103051 0.299019903
vn 0.883297741 0.186721519 -0.430023551
vn 0.462812841 0.0569590665 -0.884624183
vn -0.250713617 -0.146343648 -0.956935763
vn -0.645007014 -0.714709342 -0.270474851
vn -0.782815039 -0.347047985 -0.516486526
vn -0.172677606 -0.971073687 0.164919615
vn 0.488479733 -0.675914884 0.551839292
vn 0.796965241 0.0390015319 0.602764726
vn 0.764354348 0.525402546 0.373784095
vn 0.508503497 0.861024022 0.00786055345
vn -0.106971644 0.892476797 -0.438226253
vn -0.692357123 0.229192674 -0.684187412
vn -0.486586899 -0.691854417 -0.533451617
vn -0.863826513 -0.210784286 -0.457573682
vn 0.24634333 -0.906052589 -0.344069242
vn 0.730659008 -0.680701017 -0.0527596101
vn 0.949895084 -0.0930779129 0.29838872
vn 0.695749462 0.525837421 0.489313513
vn 0.141507402 0.887455106 0.438633263
vn -0.509286702 0.844094098 0.167726979
vn -0.895446301 0.402577609 -0.190019086
vn -0.422085285 -0.685637414 -0.593081295
vn -0.785106122 -0.145636916 -0.601995111
vn 0.193163633 -0.933558285 -0.301921725
vn 0.670668185 -0.733358264 0.111308739
vn 0.858554304 -0.172227487 0.48293075
vn 0.645472944 0.45328626 0.614732802
vn 0.126404896 0.885675609 0.446766645
vn -0.474147081 0.879712105 0.0359316766
vn -0.792987049 0.502061784 -0.345116764
vn -0.0554775186 -0.567227602 -0.8216905
vn -0.268532544 0.00982522499 -0.963220537
vn 0.356963903 -0.759715319 -0.543515801
vn 0.81721276 -0.57065171 -0.0807462782
vn 0.95658493 -0.0912811607 0.276790529
vn 0.868833899 0.405056983 0.284704566
vn 0.510092258 0.854700863 -0.0963974744
vn -0.0954634696 0.888782322 -0.448277682
vn -0.324627042 0.634211659 -0.701707244
vn 0.412159741 -0.141978785 -0.89998132
vn 0.344273359 0.163643405 -0.924498081
vn 0.606547952 -0.220437437 -0.763876259
vn 0.842767596 -0.113844834 -0.526100874
vn 0.940767586 0.108835444 -0.321109354
vn 0.87081939 0.341071159 -0.354039669
vn 0.66754055 0.487679452 -0.562635243
vn 0.397909343 0.573781908 -0.715850949
vn 0.281047553 0.477701306 -0.832354426
vn -0.715743184 0.0501066148 -0.696563661
vn -0.745881736 0.0516609699 -0.664071977
vn -0.212868705 0.0326604694 -0.976534724
vn -0.331020057 0.0253295545 -0.943283677
vn -0.54201299 0.0369392894 -0.839557827
vn -0.788015544 0.100720242 -0.607360542
vn -0.744576931 0.0585202686 -0.664966702
vn -0.329881281 0.129849762 -0.935049415
vn -0.220273301 0.135975495 -0.965914249
vn -0.551365912 0.122828484 -0.825171947
vn -0.372606695 0.128838539 -0.919002056
vn 0.196699634 0.123583622 -0.972643971
vn 0.345928699 0.11397621 -0.931312323
vn 0.705813289 0.111258134 -0.699606538
vn 0.372724444 0.110472858 -0.921342611
vn 0.836574316 0.122640334 -0.533950329
vn 0.906102598 0.141719937 -0.398614496
vn 0.731249273 0.107584551 -0.673572659
vn 0.76228863 0.102962904 -0.638994932
vn 0.828152657 0.111928143 -0.549213231
vn 0.881151557 0.132792637 -0.453803897
vn 0.425399601 0.0592974722 -0.903060853
vn 0.627021849 0.0705485716 -0.775800467
vn 0.611602902 0.0695248619 -0.788104117
vn 0.580603302 0.0674169958 -0.811390638
vn 0.0949505493 0.0436528809 -0.994524419
vn 0.0261240434 0.0398454554 -0.998864293
vn 0.293287247 0.700206161 0.650917709
vn 0.377146006 0.63439095 0.674765825
vn 0.249604598 0.595434189 0.763646424
vn 0.399498075 0.54681462 0.735795617
vn 0.350437403 0.478272349 0.8052634
vn 0.252772689 0.461162031 0.850550175
vn 0.152028054 0.50324142 0.850667775
vn 0.0954880789 0.584783077 0.805550039
vn 0.10966216 0.667907357 0.736120939
vn 0.187564939 0.713607132 0.674969912
vn 0.273672789 0.000725138176 -0.961822569
vn 0.374016136 -0.0636673421 -0.925234199
vn 0.609063029 -0.220932245 -0.761728942
vn 0.396228522 -0.0193569679 -0.917947888
vn 0.789115787 -0.124058165 -0.601586163
vn 0.777987659 -0.266950637 -0.568746448
vn 0.961108148 -0.107034951 -0.254587144
vn 0.896804094 -0.22965306 -0.378155768
vn 0.989310205 -0.0456626229 -0.138492927
vn 0.984483182 -0.0705149621 -0.160687521
vn 0.998099148 0.0605269261 0.0116041712
vn 0.977368474 0.210664809 -0.0192693546
vn 0.989315927 0.119066991 -0.0841253698
vn 0.901986659 0.387271702 -0.19089447
vn 0.786772966 0.391054332 -0.477561384
vn 0.999253213 0.0374421738 0.00954985712
vn 0.988304019 0.0298085492 -0.149554938
vn 0.956167519 0.0248861369 -0.291760892
vn 0.391119331 -0.155164659 -0.907165766
vn 0.0944765955 0.204762459 -0.974241436
vn 0.627814889 -0.335668266 -0.702264309
vn 0.817482173 -0.372929037 -0.438915491
vn 0.965639591 -0.258203298 -0.0295148212
vn 0.9141711 0.186163574 0.360047609
vn 0.614501417 0.732816279 0.292178363
vn 0.270936698 0.936098814 -0.224304125
vn 0.589792252 0.242780253 -0.770196617
vn -0.00239866273 0.665442705 -0.746444941
vn 0.415065616 0.00185633637 -0.909789622
vn 0.23878707 0.472166151 -0.848551691
vn 0.557638586 -0.441851616 -0.702713609
vn 0.62046653 -0.730583489 -0.285077274
vn 0.618325472 -0.747820675 0.241739392
vn 0.433168292 -0.280726463 0.856479943
vn 0.148094162 0.62969172 0.762598515
vn 0.0161371678 0.995877266 0.0892640427
vn 0.0810314491 0.850183547 -0.520213246
vn -0.0593772419 -0.0503343195 -0.996965766
vn -0.105665289 0.542819083 -0.833176017
vn 0.132320777 -0.714920461 -0.686571062
vn 0.351257443 -0.924918294 -0.145411
vn 0.486757278 -0.811210334 0.324044973
vn 0.563483536 -0.189528987 0.804092765
vn 0.443854928 0.494124591 0.74755168
vn 0.243189141 0.924056709 0.294920594
vn 0.0379000045 0.948350966 -0.314950764
vn -0.583161891 -0.106694944 -0.805318892
vn -0.495836854 0.481488913 -0.722713053
vn -0.299908936 -0.791505694 -0.532516003
vn 0.145635545 -0.987992525 -0.0515858196
vn 0.547421217 -0.759658098 0.351069152
vn 0.789375186 -0.107392289 0.60444504
vn 0.712763071 0.486283958 0.505466759
vn 0.39117527 0.904671013 0.168974295
vn -0.164888442 0.905439794 -0.391140103
vn -0.448405862 0.173571423 -0.876815259
vn -0.670883656 0.381600589 -0.63584286
vn 0.0920899659 -0.245693296 -0.964963257
vn 0.764166057 -0.547286153 -0.34136191
vn 0.865251958 -0.395808995 0.30769217
vn 0.715598404 -0.172873586 0.676781952
vn 0.414818078 0.0719668865 0.907053828
vn -0.20368287 0.510857165 0.835187554
vn -0.777916789 0.599048913 -0.189699471
vn -0.351264745 0.00277699134 -0.936272144
vn -0.873194277 -0.0261793192 -0.486668706
vn 0.427843839 0.0915442035 -0.899204731
vn 0.879458129 0.138864622 -0.455269158
vn 0.987666845 0.138648972 0.072736077
vn 0.705663025 0.103199884 0.70099175
vn 0.00101499178 0.0208064318 0.999782979
vn -0.632901549 -0.0520516261 0.772480607
vn -0.984620869 -0.0483263731 0.167887986
vn -0.451649219 -0.538269162 -0.71153307
vn -0.83311373 -0.190319717 -0.519326568
vn 0.228534445 -0.733425319 -0.640202522
vn 0.847135425 -0.497371256 -0.187038675
vn 0.965574265 -0.0285521578 0.258555681
vn 0.691615343 0.421816647 0.586292446
vn 0.146413624 0.71085912 0.687926173
vn -0.564812779 0.714343429 0.413158655
vn -0.954226971 0.273177385 -0.121758096
vn -0.415316224 -0.585759699 -0.695986986
vn -0.648022294 0.0165445711 -0.761441708
vn 0.0860939026 -0.962903619 -0.255742997
vn 0.493042171 -0.835100234 0.243960842
vn 0.700820208 -0.360708177 0.615419209
vn 0.594073057 0.35882929 0.719943523
vn 0.22368145 0.854903817 0.468087703
vn -0.264897823 0.963831663 -0.029286664
vn -0.60127604 0.610501528 -0.515514374
vn 0.405979514 -0.141623467 -0.902841866
vn -0.0929919332 0.459484875 -0.883304119
vn 0.675008655 -0.69574827 -0.245555818
vn 0.548091769 -0.76926136 0.32837829
vn 0.344149709 -0.617747664 0.707070589
vn -0.0390709117 -0.158538714 0.986579418
vn -0.518657982 0.580528975 0.627678275
vn -0.559228241 0.826694846 -0.0619632863
vn -0.424341917 0.743189156 -0.517304301
vn 0.868476152 0.487710953 -0.0888108984
vn 0.426594496 0.897690475 -0.11031305
vn 0.970505238 0.0997659117 0.219468281
vn 0.663738608 -0.334163189 0.669168234
vn 0.143742323 -0.484342963 0.862989008
vn -0.290606141 -0.257345974 0.921586275
vn -0.576000512 0.363877952 0.731994689
vn -0.55602479 0.805073977 0.206621155
vn -0.258795559 0.96473515 -0.0480726473
vn 0.617319047 0.634054303 0.465716988
vn 0.349067688 0.795492113 0.495322198
vn 0.648946702 0.452260792 0.611823797
vn 0.483674258 0.235364974 0.843008101
vn 0.216191873 0.119969867 0.968952179
vn 0.035662394 0.26495409 0.963601351
vn -0.0137201818 0.562000155 0.827023387
vn -0.0775006562 0.791426361 0.606331527
vn 0.0203780979 0.86950767 0.493499011
vn 0.0877584442 0.0525590181 -0.994754255
vn 0.128853858 0.0539333373 -0.99019593
vn 0.0375282392 0.0299949721 -0.998845279
vn 0.0696972981 0.0369762182 -0.996882677
vn 0.533728838 0.0446062908 -0.844478428
vn 0.651026249 0.0395845994 -0.758022428
vn 0.656840742 0.0392380171 -0.75300771
vn 0.964199424 0.0292859413 -0.263556212
vn 0.983742714 0.0264493804 -0.177624702
vn 0.899350286 0.0115927272 0.437075317
vn 0.843681991 0.00787466764 0.536785603
vn 0.996848047 0.0242516678 -0.0755371079
vn 0.603802562 0.00832910184 0.797090352
vn 0.553039789 0.00756763993 0.833120465
vn 0.828807831 0.0105844671 0.559433281
vn 0.782785356 0.0295175854 0.621591389
vn 0.910181224 0.0452911705 0.411726773
vn 0.921439052 0.0455716886 0.385840952
vn 0.975676894 0.0438873954 0.21477516
vn 0.544480383 -0.0158010796 -0.838624656
vn 0.406196117 -0.0144008873 -0.913672507
vn 0.14564009 0.0183587857 -0.989167333
vn 0.929186463 0.0206503961 -0.369034201
vn 0.892903447 0.015273178 -0.44998917
vn 0.744499803 -0.00743296463 -0.667581379
vn 0.557090282 -0.0161099732 -0.830295622
vn 0.364268482 0.177879691 -0.91414839
vn 0.313023567 0.0864231139 -0.945805073
vn 0.458354264 0.0507572293 -0.887319088
vn 0.327392906 -0.0219781082 -0.944632649
vn 0.400075614 -0.0967846662 -0.911357403
vn 0.497162014 -0.102628566 -0.861566722
vn 0.573423803 -0.0370669067 -0.818419874
vn 0.593076944 0.0692330897 -0.802163661
vn 0.54681468 0.16671741 -0.820487082
vn 0.456536502 0.20985955 -0.864600122
vn -0.792258322 0.0528227538 -0.607895195
vn -0.708151817 -0.0251787417 -0.70561111
vn -0.82482183 -0.173537016 -0.538102031
vn -0.92704165 0.0154129732 -0.374641359
vn -0.51710701 -0.0697897747 -0.853070736
vn -0.321284592 -0.231528267 -0.918243289
vn -0.0548127666 -0.0626377016 -0.996529996
vn -0.123795897 -0.177997038 -0.976212919
vn 0.0459592231 0.0142472778 -0.998841763
vn 0.148375839 0.0509902388 -0.987615705
vn 0.21120961 0.105725251 -0.971706092
vn 0.169153109 0.273071885 -0.947005272
vn 0.0445643291 0.333533257 -0.941684484
vn 0.508588016 0.0859067217 -0.856713712
vn 0.464325577 0.0885557532 -0.881226242
vn -0.878886282 -0.191102877 -0.437079698
vn -0.971777976 0.136027843 -0.192727581
vn -0.400346994 -0.378481954 -0.834550023
vn -0.0854338482 -0.354685605 -0.931074262
vn 0.319042027 -0.127770275 -0.939088285
vn 0.56411761 0.304750293 -0.767397285
vn 0.392825902 0.673137426 -0.626557052
vn -0.184217438 0.396659672 -0.899291337
vn -0.0720334798 0.902740479 -0.424111843
vn -0.870531976 0.261571705 -0.416838437
vn -0.825429201 0.55779767 -0.0867669135
vn -0.803051174 -0.124378636 -0.582785368
vn -0.873725057 0.334678501 -0.352979988
vn -0.446022213 -0.481331557 -0.754575431
vn 0.048223 -0.605564356 -0.794333875
vn 0.518559813 -0.482727975 -0.705740273
vn 0.890224457 0.0133737447 -0.455325752
vn 0.540122628 0.834197462 0.11127504
vn 0.0671407431 0.982012689 0.176474735
vn -0.4365336 0.895576656 0.0859122127
vn -0.938675106 -0.344458342 -0.0154070603
vn -0.851212502 0.479553789 0.213226497
vn -0.372959822 -0.881903887 -0.288351357
vn 0.196697697 -0.850875318 -0.487156183
vn 0.583053648 -0.528710842 -0.616857588
vn 0.812059462 0.26129958 -0.521806359
vn 0.51308763 0.810000598 -0.283971876
vn 0.00994542707 0.999022961 -0.0430597924
vn -0.505213082 0.850180626 0.148164332
vn -0.770393908 -0.445225686 0.456363052
vn -0.869549632 0.217108771 0.443561882
vn -0.26156646 -0.957506359 0.121509485
vn 0.214817867 -0.944228113 -0.249572918
vn 0.60009104 -0.532012403 -0.597372174
vn 0.656652451 0.164063588 -0.736132264
vn 0.408369988 0.682894468 -0.605713785
vn 0.00997026172 0.94290626 -0.332908958
vn -0.60305506 0.778083622 0.175813705
vn -0.940762937 -0.323890626 0.100299329
vn -0.924857497 0.219416305 0.31063661
vn -0.514904022 -0.823226929 -0.239105046
vn 0.0744778737 -0.874302745 -0.479632974
vn 0.630691767 -0.528153777 -0.568578303
vn 0.893631876 0.103903629 -0.436607599
vn 0.710999072 0.688596129 -0.14253296
vn 0.269107968 0.953931332 0.132649481
vn -0.519878805 0.776971102 0.35502395
vn -0.97509408 -0.21769242 -0.0424428023
vn -0.903652787 0.151799262 0.400460482
vn -0.643818915 -0.523896575 -0.557700396
vn -0.0712958053 -0.574519277 -0.815379918
vn 0.622089088 -0.336750656 -0.706826806
vn 0.954921007 0.0944809765 -0.281423777
vn 0.8411479 0.480817199 0.247558311
vn 0.385257334 0.664145768 0.640692711
vn -0.378186285 0.561522245 0.735980868
vn -0.991239727 -0.131472617 0.0126024624
vn -0.823819697 0.0580766164 0.56386894
vn -0.668393195 -0.28360334 -0.687618732
vn -0.0974373519 -0.258055985 -0.961203992
vn 0.556813359 -0.0951649919 -0.825168133
vn 0.957988918 0.125273347 -0.257999569
vn 0.876738489 0.296049297 0.379057437
vn 0.411799759 0.352835625 0.840195239
vn -0.272450298 0.261825204 0.925860882
vn -0.959294438 0.117013305 -0.257025301
vn -0.847572148 0.49984929 0.178247839
vn -0.732249558 -0.271100581 -0.624752045
vn -0.199093118 -0.631978035 -0.748976529
vn 0.525416493 -0.685194254 -0.504426718
vn 0.957757354 -0.284259409 0.0435590334
vn 0.884253085 0.175392851 0.432820737
vn 0.549898565 0.54000181 0.637188792
vn -0.114860162 0.768149674 0.629883468
vn -0.583951533 0.199636415 -0.786858201
vn -0.225935817 0.66405952 -0.712725699
vn -0.497806191 -0.295025885 -0.81556654
vn -0.0191313513 -0.798678458 -0.601453841
vn 0.45055598 -0.850220978 -0.272256285
vn 0.822116971 -0.549385786 -0.149328068
vn 0.966045916 0.151514843 -0.209281161
vn 0.652167916 0.736888707 -0.177966535
vn 0.310770094 0.895088553 -0.319747359
vn -0.0016602939 0.111264758 -0.993789375
vn 0.234631643 0.307488769 -0.922170699
vn 0.0545136072 -0.112227552 -0.992186069
vn 0.301615477 -0.352616668 -0.885827005
vn 0.555736423 -0.429819643 -0.711626351
vn 0.694591045 -0.254432887 -0.672909498
vn 0.6736359 0.072546795 -0.735494077
vn 0.598728418 0.388869733 -0.700217485
vn 0.471007079 0.473783791 -0.744097531
vn -0.966511786 0.0287279822 -0.255009085
vn -0.952839851 0.0224005766 -0.302645773
vn -0.972370505 0.0179892667 -0.232748821
vn -0.948087037 0.0166316722 -0.317576051
vn -0.945660889 0.016354667 -0.324742973
vn -0.933941722 0.0163077991 -0.357053041
vn -0.585906267 0.0158302449 -0.810224175
vn -0.575020373 0.0156363919 -0.817989647
vn -0.0486130081 0.00391961681 -0.998810053
vn -0.484546244 0.0160881113 -0.874617815
vn 0.509923697 0.0326219238 -0.859600842
vn 0.0365228616 0.00335781183 -0.999327183
vn 0.0849373564 0.00248616259 -0.99638319
vn 0.700443089 0.0669109002 -0.710564911
vn 0.718246818 0.0677145869 -0.69248569
vn 0.512270749 0.0334293954 -0.858173072
vn 0.687167823 0.0698179379 -0.723136067
vn 0.518573463 0.0850209594 -0.850795507
vn -0.798603952 0.0501934625 -0.599760354
vn 0.395737767 0.0896267518 -0.91397965
vn -0.0437855385 0.0777782053 -0.996008754
vn -0.199415445 0.071892567 -0.977274179
vn -0.249584764 0.0736845359 -0.965545475
vn -0.696713269 0.0629489347 -0.714582503
vn -0.713782966 0.061958909 -0.697620809
vn -0.647258878 0.0676466599 -0.759262621
vn -0.734001517 0.0561076812 -0.676826239
vn 0.465638846 -0.851440787 0.24130699
vn 0.545467198 -0.81983304 0.174182191
vn 0.432120234 -0.897099078 0.0921166539
vn 0.56938076 -0.819252789 0.0680467859
vn 0.526686728 -0.84961462 -0.0274974909
vn 0.437207758 -0.89683187 -0.0673953518
vn 0.342700601 -0.938854337 -0.0333006382
vn 0.287469983 -0.955983281 0.0587975942
vn 0.297427922 -0.940178394 0.166136384
vn 0.367585301 -0.898926616 0.238353133
vn 0.828926146 0.110884182 0.54825747
vn 0.956818759 0.074520871 0.280970782
vn 0.932377994 0.201538071 0.300089687
vn 0.83147949 0.397106647 0.388520569
vn 0.923302352 -0.0461721495 0.381288379
vn 0.901608527 -0.108024463 0.418847114
vn 0.676858962 -0.141307488 0.722422361
vn 0.710677445 -0.318998426 0.627038658
vn 0.459254891 -0.139527336 0.877278268
vn 0.428808868 -0.383509547 0.817950666
vn 0.188308895 -0.0735589117 0.979351223
vn 0.214223549 -0.298512727 0.930052996
vn -0.0968023315 0.0104183061 0.995249093
vn -0.331619412 -0.0995905101 0.938141942
vn -0.0791292563 0.062454313 0.994906068
vn -0.285591066 0.157677323 0.945291281
vn 0.0521163791 0.412840277 0.909311175
vn 0.247373506 -0.0165983941 0.968778074
vn 0.468103111 -0.0269022919 0.883264303
vn 0.532710314 0.75429976 0.38373366
vn 0.00403223978 0.773057342 0.634323359
vn 0.92430383 0.326876968 0.19701238
vn 0.970959067 -0.0819941908 0.224756718
vn 0.763150752 -0.485420376 0.426576912
vn 0.330287158 -0.668199062 0.666648626
vn -0.318279535 -0.463759392 0.82681638
vn -0.485751092 -0.13469474 0.863656819
vn -0.454104722 0.373778731 0.808750987
vn 0.489600241 0.860259831 0.142283469
vn -0.0474344604 0.864271939 0.500783443
vn 0.916252315 0.371591777 -0.149670571
vn 0.956039548 -0.241222367 -0.166733488
vn 0.714899123 -0.695886791 0.0682698563
vn 0.221381545 -0.853750288 0.471275598
vn -0.34648627 -0.498437285 0.794674516
vn -0.496529639 -0.0489904433 0.866636217
vn -0.390515327 0.482511342 0.784015596
vn 0.256117135 0.90438062 -0.341320455
vn -0.325075477 0.944588661 0.0455865599
vn 0.810603857 0.418528199 -0.409579813
vn 0.961146176 -0.224749923 -0.16026701
vn 0.752142906 -0.627125084 0.202472955
vn 0.2194269 -0.754720569 0.618262708
vn -0.307330132 -0.515900552 0.799621642
vn -0.631543994 -0.0847988278 0.770688891
vn -0.703991413 0.528394759 0.474547118
vn 0.121608891 0.852708757 -0.508034527
vn -0.328062415 0.935458064 -0.131504253
vn 0.63540864 0.347898483 -0.689363778
vn 0.85038507 -0.347484171 -0.395094782
vn 0.676879287 -0.730677247 0.0891350284
vn 0.23203443 -0.768568993 0.596206069
vn -0.199859813 -0.519123673 0.831003368
vn -0.566516399 -0.0232363828 0.82372272
vn -0.644310176 0.646777451 0.408097208
vn 0.232778564 0.860359371 -0.453426808
vn -0.105063371 0.994116664 0.0263374597
vn 0.597696722 0.207194075 -0.774486482
vn 0.620449066 -0.464584857 -0.631825805
vn 0.418254852 -0.883060455 -0.212760478
vn 0.0126077877 -0.918053448 0.39625591
vn -0.31505248 -0.545207024 0.776847064
vn -0.491980433 0.0180378556 0.870419383
vn -0.410341978 0.735541224 0.539072037
vn 0.354476601 0.836335123 -0.418198317
vn -0.19078055 0.971522093 -0.14052622
vn 0.799399197 0.280696034 -0.531197369
vn 0.865718901 -0.3245202 -0.381073982
vn 0.565428197 -0.824639857 -0.0161273815
vn -0.0437876135 -0.914455056 0.402311504
vn -0.554612875 -0.576904774 0.599654377
vn -0.795912623 -0.110030636 0.595328867
vn -0.700744331 0.644521475 0.305858344
vn 0.384223461 0.863383114 -0.327019751
vn -0.30284521 0.940016627 -0.157014608
vn 0.875195444 0.366707534 -0.315528929
vn 0.959299684 -0.229123682 -0.165064797
vn 0.602875471 -0.792232037 0.0943902209
vn -0.0066071786 -0.951574504 0.307347327
vn -0.634735346 -0.667955041 0.388519078
vn -0.938637078 -0.0914634466 0.332557946
vn -0.800825655 0.589596629 0.105138399
vn 0.580000758 0.794293761 0.180821791
vn -0.166637778 0.872096181 0.460087061
vn 0.930676579 0.336442798 -0.143691882
vn 0.925133884 -0.170320079 -0.339291036
vn 0.478603393 -0.764152706 -0.432445973
vn -0.197791874 -0.933572173 -0.298866659
vn -0.723451316 -0.687930763 -0.0580464527
vn -0.951975942 -0.0724419728 0.297479361
vn -0.651083648 0.565965831 0.505739808
vn 0.722746491 0.462522388 0.513527513
vn 0.156851292 0.349647671 0.923658013
vn 0.922844231 0.363541722 -0.127263859
vn 0.731650651 0.130769223 -0.669019222
vn 0.177537739 -0.241302058 -0.954072118
vn -0.466245681 -0.497371167 -0.731598914
vn -0.803935289 -0.531417906 -0.266989022
vn -0.83170414 -0.306863815 0.462712228
vn -0.353000075 0.0962318331 0.930661261
vn 0.752676427 0.354690969 0.554682314
vn 0.287306219 0.120076403 0.950282514
vn 0.894630492 0.427987605 -0.128308073
vn 0.587115824 0.274970084 -0.761371374
vn 0.0557989441 0.0048057721 -0.998430431
vn -0.541773975 -0.291953057 -0.788190663
vn -0.871122599 -0.456126124 -0.181919172
vn -0.763349056 -0.417612046 0.492847294
vn -0.297166377 -0.184815496 0.936768651
vn 0.833080351 -0.180652812 0.522821069
vn 0.3905949 -0.26774624 0.880765438
vn 0.982432246 -0.173049793 -0.06986247
vn 0.717503965 -0.308111072 -0.62470448
vn 0.248453677 -0.460054934 -0.852420211
vn -0.199977443 -0.716285646 -0.66853857
vn -0.563261807 -0.825205982 -0.0420846194
vn -0.543296933 -0.688530385 0.480369002
vn -0.157817975 -0.496571004 0.8535285
vn 0.635350287 -0.723213017 0.270726919
vn 0.468752146 -0.742498159 0.478505939
vn 0.700394988 -0.713182032 0.0286071654
vn 0.610125661 -0.764113963 -0.209467694
vn 0.40099898 -0.836854398 -0.372658759
vn 0.201135084 -0.944412291 -0.260058135
vn 0.0330107398 -0.998973429 0.0310235899
vn 0.00635411544 -0.95265615 0.30398345
vn 0.21764724 -0.845386744 0.487802178
vn 0.904928803 0.00563846249 0.425525606
vn 0.854997575 -0.00264845579 0.51862514
vn 0.99641645 0.0588783808 -0.0607243814
vn 0.962030232 0.0295986533 0.271333247
vn 0.993697524 0.0946247801 0.0600947514
vn 0.996342778 0.0674843341 -0.0524112917
vn 0.967160583 0.0999055356 0.233707473
vn 0.853718698 0.110052481 0.508972287
vn 0.814158499 0.113893241 0.569363058
vn 0.390673399 0.0843180418 0.916659474
vn 0.372187763 0.0846916288 0.924285352
vn 0.663833499 0.103629731 0.740665853
vn 0.0520560071 0.0715525374 0.996077538
vn -0.229047015 0.0594802387 0.97159642
vn -0.239488274 0.0581011809 0.969159245
vn -0.658525586 0.0480341688 0.751023769
vn -0.291606396 0.0219841469 0.956285655
vn -0.194229096 0.00975042302 0.980907738
vn -0.601879597 0.0487812348 0.797095478
vn 0.0193100572 -0.00457264809 0.999803066
vn 0.215342164 -0.0150554851 0.976422548
vn 0.682533503 -0.0243779179 0.73044765
vn 0.760195673 -0.015849771 0.649500906
vn 0.327885747 0.529869258 -0.782131374
vn 0.304717749 0.61912477 -0.723762214
vn 0.174722463 0.569900393 -0.802923203
vn 0.219424069 0.681729853 -0.697923601
vn 0.112113908 0.688796282 -0.716233253
vn 0.0332880802 0.636787236 -0.770320714
vn 0.0193698294 0.550040543 -0.834913313
vn 0.0770168379 0.469245166 -0.879702926
vn 0.179465085 0.432130933 -0.883773148
vn 0.27860865 0.455832481 -0.845336556
vn -0.971069932 0.0658467188 0.229537502
vn -0.963226616 0.00587190595 0.268626273
vn -0.954938233 -0.0824218616 0.285131097
vn -0.938394606 0.128754601 0.32068342
vn -0.992691994 -0.0830992311 -0.0875047371
vn -0.958371937 -0.285522372 -0.000659131736
vn -0.913710594 -0.100285381 -0.393796682
vn -0.882846534 -0.32753846 -0.336601317
vn -0.759032965 -0.0571016073 -0.648543298
vn -0.759483397 -0.211369872 -0.615229726
vn -0.508987665 0.054183878 -0.859066784
vn -0.412400693 0.0536696352 -0.909420311
vn -0.537806749 0.103970759 -0.83663255
vn -0.440666407 0.267446578 -0.856904566
vn -0.743804216 0.400359094 -0.53522706
vn -0.709582567 0.0264263302 -0.704126596
vn -0.757447898 0.022205729 -0.652517855
vn -0.930854023 0.324757934 0.167460784
vn -0.631467998 0.650366902 0.42222169
vn -0.337565124 0.736617625 -0.586041152
vn -0.744247735 0.266923428 0.612247705
vn -0.842649519 -0.0943112001 0.530138969
vn -0.875534475 -0.428032339 0.224115297
vn -0.803881168 -0.547180116 -0.233171642
vn -0.496272445 -0.37713936 -0.781971693
vn -0.279766738 0.000392049755 -0.960067868
vn -0.203609839 0.427292407 -0.880888283
vn -0.274219006 0.922109842 0.272978842
vn 0.126342833 0.909701049 -0.39557755
vn -0.694908917 0.429789215 0.576526463
vn -0.87752831 -0.0945363268 0.470113665
vn -0.871451974 -0.47631067 0.11704506
vn -0.63199228 -0.665550053 -0.397025168
vn -0.285188705 -0.497959524 -0.818964958
vn 0.0214786157 -0.141472787 -0.989709139
vn 0.206019238 0.409999907 -0.888513446
vn 0.134442836 0.853972316 0.502649486
vn 0.395661861 0.901179969 -0.17699267
vn -0.323967189 0.348677546 0.879470944
vn -0.671177685 -0.217944995 0.708534062
vn -0.771121025 -0.585663259 0.249741584
vn -0.643112421 -0.668372095 -0.373744756
vn -0.343479574 -0.478995293 -0.807827532
vn 0.00164262147 -0.0761447549 -0.997095466
vn 0.353411376 0.515075028 -0.78089571
vn -0.117976986 0.932193458 0.3421942
vn 0.197422013 0.963253498 -0.182118788
vn -0.545534313 0.377158046 0.748427808
vn -0.681184173 -0.254215062 0.686558604
vn -0.611463785 -0.72275883 0.322074085
vn -0.32434237 -0.919974506 -0.220111027
vn 0.0302253645 -0.704665124 -0.708895981
vn 0.337120473 -0.163922384 -0.927081108
vn 0.396852344 0.61723119 -0.679362893
vn -0.52917105 0.839515507 0.12325418
vn -0.278753132 0.882435203 -0.378952205
vn -0.631300807 0.470508963 0.616506815
vn -0.527757227 -0.0962714031 0.84392184
vn -0.176985294 -0.742264152 0.646312714
vn 0.23164694 -0.972627938 0.01828821
vn 0.424228042 -0.753996491 -0.501517534
vn 0.426654011 -0.381665319 -0.819937766
vn 0.128959745 0.451489329 -0.882908106
vn -0.323669851 0.945010722 0.0468259677
vn -0.48940593 0.702865779 -0.516199052
vn 0.0327833928 0.679507136 0.732936084
vn 0.298719019 0.0759305134 0.951315641
vn 0.386200458 -0.53466934 0.751650155
vn 0.304699153 -0.924823642 0.227726966
vn 0.0557308011 -0.902995408 -0.426020473
vn -0.238285616 -0.460398793 -0.855133355
vn -0.469438881 0.248310715 -0.847330511
vn 0.0257259477 0.999528289 -0.0167782307
vn -0.31328705 0.735980034 -0.600153923
vn 0.349950016 0.716707885 0.603212059
vn 0.454977036 0.179029629 0.872321129
vn 0.349839747 -0.518198311 0.780437589
vn 0.0792863891 -0.933674395 0.349236131
vn -0.245284319 -0.936805189 -0.249463007
vn -0.493329734 -0.410138786 -0.767080128
vn -0.478789181 0.284655929 -0.83050108
vn 0.498378605 0.823350251 0.27150169
vn 0.613491833 0.535185158 -0.580693245
vn 0.260876775 0.746374488 0.61226505
vn -0.0498540141 0.596422911 0.801120758
vn -0.549970031 -0.00232679164 0.835181117
vn -0.708236217 -0.695570946 0.120757528
vn -0.417684644 -0.797778368 -0.434844017
vn -0.133776367 -0.641598701 -0.755284667
vn 0.179323956 -0.292811364 -0.939204156
vn 0.779880643 0.622538984 0.0650497228
vn 0.91048497 0.161546692 -0.380683184
vn 0.368249595 0.915946603 0.15948084
vn -0.298683643 0.953767657 0.0333944187
vn -0.745887995 0.634786665 -0.201734766
vn -0.796459794 0.301228493 -0.524321675
vn -0.366057396 -0.0886553004 -0.926359653
vn 0.252241611 -0.442610472 -0.8605057
vn 0.602124929 -0.374324739 -0.705213785
vn 0.516992331 0.696003735 -0.49829489
vn 0.504787266 0.473930359 -0.721512079
vn 0.320487678 0.827801824 -0.460469007
vn -0.0284662601 0.847668886 -0.529761434
vn -0.295246392 0.712516129 -0.636514306
vn -0.268353492 0.542423785 -0.796092272
vn -0.00618492113 0.387426972 -0.92187959
vn 0.247354776 0.187116608 -0.950685501
vn 0.410911411 0.198030829 -0.889907658
vn -0.912219346 0.0217256434 0.409125865
vn -0.812667668 0.0187803805 0.58242476
vn -0.999899507 0.0124101192 -0.00684764516
vn -0.619303107 0.00469030906 0.785138011
vn -0.614086986 0.00833418965 0.789194405
vn -0.918484628 0.0422528572 0.393192798
vn -0.967087209 0.0491188541 0.249659091
vn -0.970363259 0.0662944615 -0.232379243
vn -0.92129463 0.0678607747 -0.38289845
vn -0.982266426 0.0519801378 0.180141002
vn -0.869712114 0.0704801828 -0.488501191
vn -0.566642761 0.078115575 -0.820252478
vn -0.540050507 0.077807568 -0.838028312
vn -0.402745843 0.080837667 -0.911735177
vn 0.0335915573 0.0732165053 -0.996750236
vn -0.267339975 0.0634726062 -0.961509466
vn -0.271246463 0.0623491704 -0.960488379
vn -0.0400681011 0.0797505826 -0.99600929
vn -0.699517906 0.0273536295 -0.714091361
vn -0.648782969 0.0321028978 -0.760296106
vn -0.986950457 0.011106953 -0.160640702
vn -0.990001023 0.0110731237 -0.140625015
vn -0.998982728 0.0111649204 -0.043690674
vn -0.455291539 0.87962985 0.137698829
vn -0.430141658 0.902132452 0.0336944498
vn -0.308353901 0.942376792 0.129783601
vn -0.345852166 0.937938511 -0.0256436486
vn -0.24218069 0.970139265 -0.0133608412
vn -0.167808577 0.98366189 0.0651895478
vn -0.157185167 0.97223711 0.173343137
vn -0.215322912 0.941228151 0.260241359
vn -0.315277994 0.905086935 0.28533724
vn -0.41014114 0.88063693 0.23719798
vn -0.641629517 -0.0791055784 0.762924612
vn -0.800527871 0.00236543547 0.599290788
vn -0.966922522 0.00272304914 0.255055577
vn -0.571653366 -0.206099883 0.79418844
vn -0.859092772 0.0684423968 0.50722307
vn -0.855690777 0.227454692 0.464820117
vn -0.569238782 0.314028174 0.759837866
vn -0.898674548 0.0201885477 0.438151211
vn -0.883894086 0.0205611996 0.467234969
vn -0.857389212 0.0222587697 0.514187038
vn 0.181404516 0.0974958315 0.978563786
vn 0.261519343 0.0471371897 0.964046597
vn 0.189770877 -0.0110012712 0.98176676
vn 0.141456679 0.212437704 0.966881692
vn 0.0541630872 -0.0152105521 0.998416185
vn -0.0299869217 -0.164514437 0.98591876
vn -0.430135965 -0.079364121 0.899268806
vn -0.314945668 -0.25638631 0.913824499
vn -0.899689674 0.011687004 0.4363738
vn -0.569824934 -0.364058107 0.736723304
vn -0.91384244 0.372579038 0.161483437
vn -0.696950078 0.678495109 0.23217468
vn -0.189417675 0.395365983 0.898780704
vn 0.131865829 0.853746116 0.503715098
vn 0.625708818 0.41499573 0.660505176
vn 0.593717575 -0.100909717 0.798321068
vn 0.330739886 -0.41828388 0.845960855
vn -0.163655102 -0.513210714 0.842515051
vn -0.921397507 -0.288040787 0.260881275
vn -0.632118762 -0.521768153 0.572873354
vn -0.950338662 0.295768917 -0.0968357846
vn -0.344185978 0.915542185 -0.208131284
vn 0.313874483 0.947859168 0.0551888086
vn 0.660699487 0.612135112 0.434473068
vn 0.654720247 0.137287945 0.743298948
vn 0.320784748 -0.314157218 0.893533647
vn -0.217092022 -0.561222434 0.798686683
vn -0.889007568 -0.444973767 -0.107999839
vn -0.806385398 -0.400206447 0.435404927
vn -0.621862173 -0.254476398 -0.740627646
vn -0.00288608437 0.203078821 -0.979158103
vn 0.519460082 0.592785299 -0.615440428
vn 0.68442589 0.689354777 0.237384066
vn 0.412385583 0.47346729 0.778310299
vn 0.00500645023 0.160702258 0.986990273
vn -0.495713681 -0.183001846 0.848986626
vn -0.987087667 0.12400905 -0.101388179
vn -0.86257118 0.0688836873 0.501224339
vn -0.490314752 0.214684293 -0.844690561
vn 0.182483763 0.16596064 -0.969100952
vn 0.68964386 0.0695485771 -0.720801294
vn 0.999563754 -0.0249057692 0.0158765148
vn 0.682984471 -0.0647095144 0.727560878
vn 0.0765204132 -0.0815708041 0.993725717
vn -0.513852239 -0.0117994305 0.857797503
vn -0.616696298 0.750570357 0.237339377
vn -0.796708345 0.344610572 0.496486902
vn -0.0349903814 0.97094512 -0.236730531
vn 0.530040205 0.65757966 -0.535393775
vn 0.851174533 0.0779563785 -0.519061446
vn 0.821432114 -0.5050565 -0.264891028
vn 0.405155122 -0.903828323 0.137635961
vn -0.15541248 -0.840510368 0.519027472
vn -0.720817864 -0.202485159 0.662888706
vn -0.88428396 0.46640569 -0.0225282144
vn -0.928379238 0.146835744 0.341396123
vn -0.0331841409 0.796789527 -0.603345037
vn 0.734498799 0.450647771 -0.50737381
vn 0.928233624 0.227106735 -0.294626683
vn 0.998320699 -0.00851646159 -0.0572990701
vn 0.670045495 -0.487182468 0.560082257
vn -0.475117236 -0.440252393 0.761867166
vn -0.82871896 -0.0917336494 0.552095771
vn -0.842420757 -0.0855756998 -0.531981349
vn -0.980364382 -0.117104724 0.158657536
vn -0.269461393 0.0354820304 -0.962357342
vn 0.434264511 0.189014301 -0.880731463
vn 0.87236917 0.339430988 -0.351793528
vn 0.875703633 0.400508732 0.269695967
vn 0.483764619 0.326947689 0.811835468
vn -0.147436172 0.16234535 0.975656986
vn -0.719862759 -0.00233130693 0.694112539
vn -0.772884309 0.512004018 -0.3748357
vn -0.947405875 0.227998838 0.224585205
vn -0.295601666 0.541493535 -0.787022471
vn 0.118782632 0.671420276 -0.73149544
vn 0.452713758 0.836549997 -0.308600545
vn 0.431012928 0.879356503 0.202385798
vn 0.149141535 0.763131738 0.628797889
vn -0.380265534 0.547430217 0.745465219
vn -0.810577989 0.250897437 0.52916348
vn -0.491417408 0.87018013 -0.035992492
vn -0.640131652 0.738043845 0.213360816
vn -0.32388854 0.896216214 -0.303138077
vn -0.140561625 0.94509387 -0.295025647
vn -0.0581224337 0.996647835 -0.0575734526
vn -0.142716095 0.980849862 0.132535204
vn -0.232517242 0.94662255 0.223251835
vn -0.371339947 0.88816148 0.27069515
vn -0.585133493 0.752276957 0.302817345
vn -0.769203544 0.041337017 0.637665451
vn -0.990699112 0.021631714 0.134340569
vn -0.997477353 0.0181520153 0.0686255395
vn -0.999860883 0.0164913274 -0.002494185
vn -0.989518821 0.0123803662 -0.143872023
vn -0.99984318 0.0166420601 0.00604899134
vn -0.998298466 0.0142990397 -0.0565290526
vn -0.95234853 0.0173824355 0.304515988
vn -0.916264892 0.0195129961 0.4000974
vn 0.204912022 0.0485501289 0.977575481
vn 0.290645659 0.0525503308 0.955386639
vn 0.597259581 0.0665609092 0.799281359
vn 0.44814375 0.0743601322 0.890863538
vn 0.379478842 0.0667486116 0.922789514
vn 0.518566072 0.070210807 0.852150023
vn -0.14336729 0.0608384125 0.987797797
vn -0.229946911 0.0564930886 0.971562147
vn -0.0308216177 0.0648796335 0.997416973
vn -0.647378445 0.0486883037 0.760611892
vn -0.737634659 0.0434322543 0.67380178
vn -0.585857987 0.0318541117 0.809787393
vn -0.412210912 0.0344874747 0.910435557
vn -0.406081945 0.0346022248 0.913181365
vn 0.166747168 0.0467325822 0.984891653
vn 0.200309604 0.04833645 0.978539526
vn 0.147548348 0.0463421568 0.987968564
vn 0.13191326 0.985509098 0.106633745
vn 0.230896756 0.971065462 0.0609798878
vn 0.239025593 0.945752084 0.220045075
vn 0.332132727 0.939040363 0.0888314843
vn 0.388540834 0.90435487 0.176573962
vn 0.373394579 0.883387804 0.283200532
vn 0.293945998 0.885817945 0.359057754
vn 0.187448278 0.910501122 0.368579656
vn 0.103536569 0.946030021 0.307095259
vn 0.0813780949 0.975628734 0.203779772
vn -0.0264603123 0.957321763 -0.287810504
vn -0.196365148 0.956455112 -0.215949789
vn -0.567893267 0.104696341 -0.816416502
vn -0.386221528 0.0911847204 -0.917887926
vn -0.365065604 0.0906953961 -0.926553547
vn -0.270041466 0.445283681 -0.853697836
vn -0.224043757 0.156491444 -0.961932778
vn -0.211116627 0.0824231729 -0.973979592
vn -0.218200386 0.0813357159 -0.97250855
vn -0.0501033813 0.0836160034 -0.995237648
vn 0.146570638 0.960573435 -0.236253127
vn 0.341869414 0.21942398 -0.913771451
vn 0.205880806 0.67032963 -0.712931454
vn 0.162020147 0.809751809 -0.563960671
vn 0.29620567 0.793558776 -0.531532288
vn 0.305067092 0.792357624 -0.52830255
vn 0.320647568 0.782878339 -0.533185363
vn 0.447024316 0.353189319 -0.821843386
vn 0.534629762 0.453853339 -0.71287322
vn 0.76111728 0.618240952 -0.196159214
vn 0.281017572 0.957190156 -0.0693978667
vn 0.275753736 0.949506879 0.149654552
vn 0.818569481 0.574160576 0.0168389883
vn 0.52390331 0.851392567 0.0256100073
vn 0.509283304 0.860257804 0.0242301039
vn 0.507918835 0.860946774 0.0280934218
vn 0.507929921 0.860920012 0.0287047625
vn 0.508123159 0.860752344 0.0302703548
vn 0.826098979 0.466462195 0.316185981
vn 0.82959497 0.408441216 0.380720377
vn -0.0397870392 0.794469953 -0.605998874
vn -0.445529222 0.781497955 -0.436766028
vn 0.338953704 0.809631228 -0.479173988
vn 0.555111825 0.815137088 -0.165536761
vn 0.545337856 0.798041403 0.256391704
vn 0.139689401 0.918398619 0.370176852
vn 0.246910945 0.771379471 0.58652252
vn -0.0317874104 0.904022813 0.426300704
vn -0.116020113 0.750807464 0.650251865
vn -0.457811773 0.83458662 0.306387931
vn -0.439300925 0.782502115 0.44125399
vn -0.506859779 0.861493289 0.0303735901
vn -0.750242233 0.660578728 0.02779085
vn -0.110940367 0.602842867 -0.790109396
vn -0.625636041 0.505322814 -0.594330311
vn 0.392160028 0.680322826 -0.619169831
vn 0.671362638 0.716129541 -0.190868139
vn 0.6612854 0.691031337 0.291851461
vn 0.327917814 0.591947973 0.736252308
vn -0.193492427 0.481644779 0.85473913
vn -0.65699029 0.43192327 0.617904425
vn -0.933554709 0.35842672 0.00242834887
vn -0.261718005 0.537954211 -0.801317096
vn -0.74386394 0.177389249 -0.644359767
vn 0.222790912 0.78553611 -0.577319026
vn 0.572256863 0.817117155 -0.0695822239
vn 0.642496765 0.678456604 0.356222749
vn 0.445373237 0.321530789 0.835619986
vn -0.0520730801 -0.117910489 0.991657913
vn -0.710438132 -0.365784764 0.601231337
vn -0.964365482 -0.213776052 -0.15588142
vn -0.342866778 0.433447838 -0.833405912
vn -0.67428565 -0.0498371311 -0.736786902
vn 0.132445455 0.820818543 -0.555621326
vn 0.490444422 0.871397793 -0.0114082983
vn 0.590262413 0.659324229 0.465705931
vn 0.420407504 0.157992795 0.893473983
vn 0.00341776502 -0.381765723 0.924252808
vn -0.478601277 -0.695793211 0.535548925
vn -0.799495518 -0.544107795 -0.254467189
vn -0.259714395 0.395806551 -0.880843639
vn -0.753030419 -0.0351422988 -0.657046676
vn 0.339247376 0.653250575 -0.676886201
vn 0.745289922 0.647238851 -0.160077691
vn 0.814685941 0.400164008 0.419708937
vn 0.476811558 -0.0120938132 0.878922343
vn -0.127580404 -0.382860571 0.914954066
vn -0.605347216 -0.527909815 0.595706165
vn -0.91503042 -0.392279148 -0.0940026715
vn -0.403592765 0.0100785894 -0.914883256
vn -0.801177382 0.171895742 -0.573207378
vn 0.413947284 -0.158337891 -0.896424413
vn 0.957728267 -0.18330279 -0.221713021
vn 0.939242601 -0.114438489 0.323615551
vn 0.637970984 0.0213828254 0.76976341
vn -0.0158310346 0.229659319 0.973142385
vn -0.713788748 0.298165083 0.63372165
vn -0.960627556 0.267811 -0.0739728808
vn -0.344198406 0.299932152 -0.889701128
vn -0.758256853 0.418646663 -0.4997814
vn 0.671906531 -0.0973786116 -0.734206319
vn 0.962638974 -0.263179481 -0.06373965
vn 0.894852996 -0.30992195 0.321226567
vn 0.629371345 -0.272643983 0.72770673
vn -0.169392318 0.0428283326 0.98461771
vn -0.858323038 0.380837917 0.343866467
vn -0.877441406 0.453571349 -0.156107754
vn -0.0415368006 0.768047571 -0.639044166
vn -0.648867011 0.557026386 -0.518356204
vn 0.684275866 0.603422821 -0.409447521
vn 0.972254634 0.22897239 -0.0478799008
vn 0.904208124 -0.21813719 0.367183715
vn 0.3537485 -0.623647869 0.697083473
vn -0.365532219 -0.658506811 0.657841206
vn -0.908276439 -0.308830529 0.282236993
vn -0.965023935 0.179781869 -0.190806717
vn -0.0534769408 0.477317363 -0.877102196
vn -0.636679947 0.40336886 -0.657215595
vn 0.688052833 0.299825519 -0.660823643
vn 0.982129395 0.053972695 -0.18030189
vn 0.891045392 -0.228591397 0.392153025
vn 0.321280003 -0.423176914 0.847171962
vn -0.399489075 -0.35327962 0.845932543
vn -0.86266917 -0.134675309 0.487508267
vn -0.971101522 0.183875546 -0.152156562
vn 0.0716836005 0.781377971 -0.619927406
vn -0.471204221 0.752583802 -0.459982663
vn 0.654998779 0.573726475 -0.491746277
vn 0.931966126 0.357997328 -0.0572458059
vn 0.875276208 0.153299674 0.458683729
vn 0.471433878 0.223958835 0.852990389
vn -0.236810014 0.387120932 0.891099632
vn -0.630223751 0.473804593 0.615083039
vn -0.727076054 0.684799075 0.049098596
vn 0.194139495 0.978973091 -0.0626234189
vn -0.0623245463 0.997064114 -0.0444857329
vn 0.416799247 0.90877831 -0.0200098157
vn 0.558059454 0.813841403 0.161962345
vn 0.593174934 0.698608518 0.400112063
vn 0.40395233 0.742383242 0.534499466
vn 0.0665664747 0.82576853 0.560067236
vn -0.172802329 0.875290573 0.45167008
vn -0.201209813 0.964125872 0.173135996
vn 0.544151127 0.782462656 0.302740335
vn 0.437851936 0.868698835 0.231620818
vn 0.425960988 0.871244371 0.2439069
vn 0.417688459 0.873198926 0.251117587
vn 0.379705071 0.879710972 0.286238581
vn 0.169495389 0.772050202 0.612543643
vn 0.153335318 0.648500085 0.745611072
vn -0.230697304 0.261511952 0.937224805
vn -0.309256315 0.140317202 0.940569818
vn -0.398800552 0.132113039 0.907471299
vn -0.00220939703 0.785976589 0.618252277
vn -0.854440153 0.157972202 0.494951248
vn -0.642637074 0.144984648 0.75232774
vn -0.661643147 0.145073086 0.735650778
vn -0.981990397 0.186046764 0.032886114
vn -0.98009479 0.197130576 0.0235282164
vn -0.981461406 0.190712929 0.0190311391
vn -0.982487798 0.185635448 0.0160357449
vn -0.952014387 0.156828851 -0.262818038
vn -0.793437719 0.129299656 -0.594758749
vn -0.748065293 0.119746782 -0.652731836
vn -0.656184137 0.109184757 -0.746659875
vn -0.152662635 0.0356147327 0.987636447
vn -0.252221137 -0.111607328 0.96121186
vn -0.35998854 -0.0362592377 0.932251811
vn -0.395430028 -0.062776275 0.916348279
vn -0.426706374 0.105982557 0.898158967
vn -0.27271989 0.197739646 0.941553414
vn 0.54694432 -0.468199641 0.694003642
vn -0.210735247 -0.767178714 0.605828047
vn 0.733616173 -0.398788869 0.550249815
vn 0.659451723 -0.278353095 0.698314309
vn -0.475918174 -0.681455493 0.555985689
vn 0.0639382526 -0.535359442 0.842200816
vn -0.576627195 -0.443134695 0.686391115
vn -0.310440838 -0.22883603 0.92263782
vn 0.315765917 -0.328485221 0.890162528
vn 0.371004462 0.126668572 0.919951499
vn 0.041943904 -0.320073128 0.946463883
vn 0.235759571 0.140593633 0.961587727
vn -0.553639054 -0.218601257 0.803552926
vn -0.560402632 0.403612852 0.723218799
vn -0.0775655285 0.519031763 0.851228356
vn 0.420700461 -0.557110071 0.715988457
vn 0.368328124 -0.55366987 0.746849418
vn 0.80267936 -0.347927749 0.484408826
vn 0.534937501 -0.518172622 0.667337358
vn -0.337603956 -0.516325772 0.787039578
vn -0.716779709 -0.325670838 0.61657548
vn -0.0933042169 -0.564278007 0.820295513
vn -0.889403582 -0.335692465 0.310276836
vn -0.896065235 -0.324032575 0.303430319
vn -0.37064141 -0.634018004 0.678709209
vn 0.109814271 -0.649563968 0.752334595
vn -0.4141891 -0.623177409 0.663398325
vn 0.351789951 -0.6075418 0.712135255
vn 0.753023922 -0.395630002 0.525767803
vn 0.296073973 -0.621323943 0.725463212
vn -0.235767275 -0.774051785 -0.587586403
vn -0.110612631 -0.919329941 -0.377620518
vn 0.0477731898 -0.774324477 -0.630982816
vn 0.207152143 -0.900960445 -0.381258845
vn 0.221044645 -0.760408819 -0.610669911
vn -0.0345243439 -0.703242719 -0.710111022
vn -0.974281371 0.221015468 -0.04390781
vn -0.837815106 0.545827091 -0.0117700975
vn 0.0545483679 0.990302384 0.12777257
vn 0.0944132879 0.987097323 0.129325509
vn 0.0563750975 0.989264727 0.134823114
vn -0.0400038064 0.990475953 0.131746039
vn -0.448463053 0.888577402 0.0964937955
vn -0.532358289 0.845409691 0.0433272757
vn -0.847056627 0.463073671 -0.260879368
vn -0.977386892 -0.126121059 0.169730023
vn -0.849999189 0.518000364 0.0957965702
vn -0.951688468 0.107079133 -0.287789881
vn -0.826269686 -0.431301922 -0.362294137
vn -0.850141704 0.359846294 -0.384408206
vn -0.779357731 0.48039493 -0.402271479
vn -0.769809842 0.600558698 -0.216152564
vn -0.599156439 0.706585169 -0.376495481
vn -0.583750963 -0.623719513 0.51981622
vn -0.977532148 -0.160705626 0.136398599
vn 0.13370046 -0.776040554 0.616348326
vn 0.995856345 -0.0381917916 -0.0825311169
vn -0.790677726 0.458682895 -0.405510634
vn -0.43165049 -0.887472987 0.161461055
vn -0.769841731 -0.538532615 -0.342529356
vn 0.352078199 -0.889455914 0.29139176
vn 0.734939098 -0.461398959 -0.496966451
vn -0.339465976 -0.244473159 -0.90829277
vn -0.880172729 -0.198377743 -0.431210428
vn -0.876091957 -0.207192972 -0.435354978
vn -0.884707272 0.353707731 -0.303618222
vn -0.895174742 0.306099266 -0.32398358
vn -0.982818842 0.0489294976 -0.177968785
vn -0.985160053 0.135402903 -0.105478324
vn -0.882016361 -0.200490981 -0.426439315
vn -0.897253811 0.441448361 -0.00767982472
vn -0.752895117 0.656829059 0.0415285267
vn -0.474816233 0.871837616 0.120202385
vn -0.246473625 0.964446604 0.0953603983
vn -0.103353545 0.991420209 0.0800249279
vn 0.0428397208 0.995655119 0.0826778486
vn 0.0512851663 0.995515823 0.0794865936
vn -0.836267054 0.297721565 -0.460455507
vn -0.912329316 0.222953528 -0.343434066
vn -0.855240166 0.148250848 -0.496574312
vn -0.942627609 0.00679680053 -0.333776981
vn -0.886469841 0.000758520095 -0.462785602
vn -0.841527224 0.169767693 -0.512845874
vn 0.109456092 0.536570609 0.836726606
vn -0.209289342 0.565380275 0.797836602
vn -0.603045046 0.566681266 0.561434686
vn -0.650234938 0.757935345 -0.0522366315
vn -0.777619541 0.373109221 0.506060719
vn -0.996088624 0.0728861541 0.0499495864
vn -0.941695154 0.0112999929 -0.336277574
vn -0.987116635 0.15230304 0.0490360595
vn -0.989898145 0.141524285 0.00850609876
vn -0.708057761 0.539102376 0.456095219
vn -0.26627177 0.950134277 -0.162309095
vn -0.965295613 -0.135434598 0.223297834
vn -0.775636137 -0.38307032 -0.501643002
vn -0.764693379 0.360942483 -0.533820808
vn -0.259417564 0.335780382 -0.905513227
vn -0.913542628 0.401911885 0.0625030994
vn -0.651027262 0.667971313 -0.360524476
vn -0.977366328 -0.206209332 0.0472512841
vn -0.810398221 -0.38111794 -0.44497636
vn -0.605310857 0.229204983 -0.762275457
vn 0.122080132 0.522973657 0.843560994
vn -0.989870667 0.141971007 -0.000604200643
vn -0.956486762 0.128627285 -0.261893094
vn -0.949240506 0.273293167 -0.155735031
vn -0.945880949 0.291887403 -0.141812935
vn -0.9229514 0.378065169 -0.0723012462
vn -0.512160957 0.731960773 0.449360102
vn 0.108233064 0.530787885 0.840565264
vn -0.567898631 0.716512203 0.405094326
vn -0.562647939 0.718323588 0.409192473
vn -0.313661158 -0.585224569 0.747749209
vn -0.293835342 -0.458396465 0.838769019
vn -0.146905035 -0.500701427 0.853063226
vn -0.0988681093 -0.451538682 0.886757076
vn 0.0524442866 -0.56609863 0.822667599
vn -0.0925342217 -0.674000382 0.73291254
vn -0.568343937 -0.561015666 -0.601869285
vn -0.789598942 -0.441770345 -0.425878584
vn -0.929436088 -0.101573616 -0.354727298
vn -0.642317235 -0.489657998 -0.589630187
vn -0.869391859 -0.484673113 0.0961755589
vn -0.967236578 -0.19428283 0.163424864
vn -0.549648941 -0.815465093 -0.181390986
vn -0.0791916251 -0.996819675 -0.00890405197
vn -0.42822364 -0.77791816 -0.459856302
vn -0.208689898 -0.888955474 -0.407684863
vn -0.963089883 0.172458053 0.206678197
vn -0.876964033 -0.479203582 -0.0360279381
vn -0.306442052 0.706248283 0.638205886
vn 0.642671764 -0.691392064 0.330075592
vn -0.278882533 -0.953926861 -0.110670842
vn -0.71615386 -0.148391739 0.681984901
vn -0.702535868 -0.621586144 0.346516937
vn 0.000919342972 0.00244464097 0.999996603
vn 0.543425202 -0.588250875 0.598873913
vn -0.073841624 -0.955886662 0.284302771
vn -0.5659554 -0.641029894 -0.51843524
vn -0.635636985 -0.666512132 -0.389521778
vn -0.795282543 -0.604696929 -0.0432130285
vn -0.25810951 -0.445575267 -0.857229292
vn -0.301084012 -0.493014991 -0.816262603
vn -0.84319824 -0.513271391 0.159903497
vn -0.864230216 -0.194348514 0.46404171
vn -0.848091602 -0.117382891 0.516683638
vn -0.787319005 0.137281477 0.60106796
vn -0.801579952 -0.597454965 -0.0227407329
vn -0.88287127 -0.440992475 0.161443561
vn -0.872365415 -0.471966445 0.12738277
vn -0.861479223 -0.503311276 0.0673158839
vn -0.85323745 -0.113581374 0.509004235
vn -0.870144069 -0.152292639 0.468674988
vn -0.905411601 -0.305167139 0.295132011
vn -0.651130438 -0.655855477 -0.381945938
vn -0.422326446 -0.5629884 -0.710411429
vn -0.691325545 -0.644991875 -0.325659782
vn -0.391159505 -0.561308026 -0.729333639
vn -0.297712028 -0.494077593 -0.816856623
vn 0.728371561 0.656329393 -0.196739972
vn 0.692619801 0.600819468 -0.399116486
vn 0.840455353 0.484433979 -0.242813826
vn 0.804699004 0.387920797 -0.449418634
vn 0.88845259 0.36803031 -0.274236441
vn 0.840963066 0.518776774 -0.153791457
vn -0.102226742 0.62126404 -0.776904523
vn 0.571820021 0.0650292784 -0.81779772
vn 0.67327714 0.486351639 -0.556919992
vn 0.195139587 0.915066361 -0.352950722
vn 0.636085272 0.753653228 -0.165536046
vn 0.844728351 0.526628435 0.095375374
vn 0.590847254 0.737951517 0.326078385
vn 0.640923738 0.75588423 -0.133625284
vn 0.651788414 0.745453238 0.139539286
vn 0.651636302 0.736194611 0.182722598
vn 0.210242063 0.97474283 0.0753304437
vn -0.0370882154 0.86935848 -0.492788196
vn -0.0670650601 0.978254795 0.196264699
vn 0.54185921 0.284391761 -0.790891767
vn 0.980209112 0.0954553261 0.173431069
vn 0.539163232 0.525493443 0.658148706
vn 0.306101322 0.769490361 -0.56052351
vn 0.413045794 0.910572648 -0.015828792
vn 0.607463002 0.170979738 -0.775728464
vn 0.979978502 -0.00687627355 -0.198984712
vn 0.808430314 0.545221031 0.221753389
vn -0.108185388 0.621348023 -0.776029944
vn 0.453121185 0.833147049 -0.317092031
vn 0.256715536 0.767490447 -0.587414384
vn 0.126812831 0.727857292 -0.673900664
vn 0.650297344 0.740896046 0.167888358
vn 0.591224074 0.80133456 -0.0911979452
vn 0.545129359 0.819369853 -0.177389175
vn -0.601457775 0.763641179 -0.234735131
vn -0.581883073 0.804093897 -0.121840812
vn -0.633550704 0.74956733 -0.191735029
vn -0.659005642 0.752024651 -0.013060105
vn -0.726918578 0.677450061 -0.112475693
vn -0.670623839 0.702513754 -0.238197505
vn 0.583909988 -0.112575233 -0.803974986
vn 0.600727737 -0.0889693275 -0.794487774
vn 0.62927264 -0.446194649 -0.636338174
vn 0.0763388649 -0.705286741 -0.70480001
vn 0.583496928 -0.137140512 -0.800452292
vn 0.60804081 -0.493923187 -0.621551633
vn 0.508943677 -0.123634391 -0.851874948
vn -0.295477897 -0.724041462 -0.623263061
vn 0.500804424 -0.146793768 -0.853021979
vn 0.0348044187 -0.738943577 -0.672867715
vn -0.768534899 0.529802501 -0.358696789
vn -0.425114781 0.873598754 -0.236860231
vn -0.624859989 -0.0262195449 -0.780296504
vn -0.575375915 -0.202192828 -0.792502761
vn -0.540510297 -0.292904615 -0.788704932
vn -0.396129221 -0.487935841 -0.777817607
vn -0.0125763575 0.571077585 -0.820799708
vn -0.00253764191 0.744056344 -0.668112159
vn -0.0840514526 0.816680491 -0.570936263
vn -0.365183681 0.918595552 -0.151073471
vn -0.306080699 0.883197427 -0.355354637
vn -0.598353148 0.778485239 0.189563021
vn -0.850844204 0.517615438 -0.090212822
vn -0.644214272 0.702666044 -0.302073658
vn 0.943781376 0.0792823583 -0.320922136
vn 0.457827866 -0.337297201 -0.822571754
vn 0.602968454 -0.248062029 -0.758217871
vn 0.783025682 -0.118231356 -0.61064893
vn -0.480733693 0.448916048 0.753239274
vn -0.447841853 0.472722232 0.758927703
vn -0.473566234 0.458214998 0.752179503
vn -0.484361827 0.446229875 0.752510786
vn 0.683224857 -0.107474588 -0.722255409
vn 0.855775893 -0.0183113962 -0.517022669
vn -0.887402773 0.129161075 0.442531258
vn -0.977913857 -0.0400304496 0.205139518
vn -0.986648858 -0.16114144 0.0236104839
vn -0.938999534 0.0493699349 0.34035638
vn 0.576834917 -0.155213788 -0.801978946
vn 0.405706376 -0.227189317 -0.885317683
vn -0.0896360055 -0.372774184 -0.923582554
vn -0.363157094 -0.412959307 -0.835213423
vn -0.486972451 -0.417333007 -0.767262101
vn -0.980390668 -0.195078492 -0.027904503
vn -0.844204426 -0.391764998 -0.365840107
vn -0.656664371 -0.45359832 -0.602528393
vn -0.944970846 -0.275331527 -0.176699355
vn -0.551668286 -0.495952457 -0.670591712
vn -0.0809412822 -0.477462292 -0.874916077
vn 0.136081651 -0.436358839 -0.889422774
vn -0.824672997 -0.406523198 -0.393259764
vn -0.653424203 -0.474294782 -0.589984119
vn -0.0232631732 -0.795598686 -0.605377257
vn -0.0360148624 -0.787851453 -0.61481142
vn -0.21145454 -0.652192891 -0.727963805
vn -0.182721198 -0.388484716 -0.903156996
vn -0.12050391 -0.175609827 -0.977056801
vn -0.208751708 -0.027687503 -0.977576733
vn -0.316455454 0.164872989 -0.93416959
vn -0.490731746 0.358666003 -0.794066191
vn -0.339617074 0.575508714 -0.743942142
vn 0.120204814 -0.837646604 -0.532821655
vn -0.139519125 -0.717785239 -0.682142794
vn -0.0424706303 -0.780833244 -0.623294175
vn -0.641504049 0.194390371 -0.742081404
vn -0.608383834 0.251136899 -0.752860844
vn 0.173214734 0.339569598 0.924494028
vn 0.214872435 0.0554174408 0.975068569
vn -0.0177383237 0.209651977 0.977615178
vn -0.00527299335 -0.11195115 0.99369967
vn -0.218973458 0.137893766 0.965937853
vn -0.0634474456 0.420540661 0.905052483
vn 0.571876705 -0.546593428 0.611712933
vn 0.488735229 -0.292122066 0.822072029
vn 0.232901484 0.366913319 0.900628448
vn 0.512205839 0.366220236 0.776870608
vn 0.0343796313 0.664950788 0.746095538
vn 0.434394747 -0.0310004875 0.900188982
vn 0.20632194 0.608793676 0.766029716
vn 0.202686787 0.625999451 0.753022432
vn 0.514272749 0.730876267 0.448713005
vn 0.654232562 0.209875688 0.726589322
vn 0.491179764 0.858173966 0.149264351
vn 0.189244375 -0.0345853046 0.981320798
vn -0.384529889 0.715191424 0.583641887
vn 0.151949897 0.960698962 0.232311457
vn -0.00435706507 0.999584913 -0.0284736101
vn 0.625513852 -0.115550853 0.771608949
vn 0.572621465 0.475405067 0.667903185
vn 0.256691605 -0.555062771 0.791211009
vn -0.463512093 -0.0426967666 0.885061324
vn 0.104631305 0.816166699 0.568264067
vn 0.571426332 -0.535546303 0.621821702
vn 0.301178515 0.776198745 0.553901613
vn 0.358425289 0.541222751 0.760663688
vn 0.447509229 0.288467646 0.846476197
vn 0.518396497 -0.222973973 0.82555908
vn 0.569515169 -0.504444361 0.648990273
vn 0.110046275 0.978357434 0.175232768
vn 0.102803119 0.994140089 -0.0334222987
vn 0.195590764 0.72579056 0.659524381
vn 0.13572146 0.97065419 0.198519856
vn 0.24533242 0.863025904 0.441586167
vn 0.051697541 -0.444657415 0.894207537
vn 0.152757823 -0.377473682 0.913333833
vn 0.16253075 -0.509284317 0.84511143
vn 0.316116214 -0.413179874 0.854021609
vn 0.274416566 -0.513352454 0.813120365
vn 0.131452784 -0.510016859 0.850060523
vn -0.0163191855 -0.966608763 0.255736381
vn 0.0573266409 -0.9547894 0.291703284
vn 0.319677681 -0.86472249 0.387377113
vn 0.302601129 -0.89649713 0.323613286
vn 0.264554441 -0.931049407 0.251312792
vn 0.196441159 -0.974440515 0.108980052
vn -0.0426812358 -0.926562369 -0.373711675
vn -0.0986771956 -0.839533269 -0.534272075
vn -0.128845379 -0.782679856 -0.608942628
vn 0.036804501 -0.0165905859 0.999184787
vn -0.211841822 0.0400826372 0.976481616
vn -0.0754503012 -0.972807825 0.218979925
vn -0.426068753 -0.624518037 -0.654555261
vn -0.317966342 -0.86600858 -0.385910094
vn -0.290854812 -0.909060001 -0.298351288
vn -0.173101246 -0.968483746 0.179095417
vn -0.134703249 -0.940247595 0.312713057
vn -0.0963856205 -0.913411558 0.395460665
vn 0.0802414492 -0.873845279 0.47953704
vn -0.367269874 -0.603722095 0.707553864
vn 0.277877837 -0.54545182 0.790737748
vn 0.0646559894 -0.11792469 0.990915358
vn 0.126176521 -0.0657615438 0.989825666
vn -0.110620923 -0.0349097997 0.993249416
vn 0.397876948 -0.439844638 0.8051278
vn 0.150704861 -0.766292751 0.624566555
vn 0.14511773 -0.427814454 0.892141044
vn -0.462647289 -0.049725987 -0.885146797
vn -0.473855466 -0.415414423 -0.776461184
vn -0.475442588 -0.444580168 -0.759146035
vn -0.47783488 -0.495624214 -0.72527957
vn -0.462302536 -0.0291036703 -0.886244476
vn -0.130170465 -0.991451085 0.00895521604
vn -0.0956364349 -0.994634211 0.0394511595
vn 0.036612384 -0.975815058 0.215509772
vn 0.36545077 -0.708982825 0.603149295
vn 0.162758499 -0.937604964 0.307256401
vn -0.397182375 -0.433698326 -0.808796644
vn -0.456030369 -0.0736645386 -0.88691026
vn -0.0922874957 -0.942495346 0.321224898
vn -0.096510984 -0.966005445 0.239831477
vn 0.0132229896 -0.671138048 0.741214454
vn 0.14089942 -0.608823001 0.780693173
vn 0.10809505 -0.728790641 0.67615068
vn 0.306760907 -0.658695042 0.687036157
vn 0.246491581 -0.746927798 0.617527962
vn 0.091682978 -0.74372685 0.662166595
vn -0.597014785 -0.626751721 0.500754952
vn -0.502580404 -0.845538437 0.18021588
vn -0.884509206 -0.353343219 -0.304617882
vn -0.8876459 -0.353448033 -0.295227319
vn -0.921206415 -0.38638401 -0.0456734262
vn -0.922565043 -0.384565085 0.0313602984
vn -0.784096837 -0.267747313 0.559913874
vn -0.0541950129 -0.459114224 0.886722684
vn 0.400939047 -0.249170437 0.881567955
vn -0.414134264 -0.681344151 0.60354203
vn 0.369624048 -0.573108315 0.731385708
vn 0.777861774 -0.386214823 0.495751053
vn -0.182834089 -0.970502317 0.157152772
vn 0.643067837 -0.763299644 0.0619464405
vn -0.374630094 -0.912056625 -0.166748598
vn 0.248921201 -0.294371814 0.922704399
vn -0.238193959 -0.511466026 0.825630784
vn 0.641531646 -0.473625153 0.603420675
vn 0.524847984 -0.778747976 0.343636453
vn -0.0219003335 -0.889276862 0.456844836
vn -0.642713666 -0.235632077 0.728969514
vn -0.0396529958 -0.0386780798 0.998464644
vn -0.0350947715 -0.0368618928 0.998703957
vn 0.0168765616 -0.0158633702 0.999731719
vn 0.11552754 0.00630905339 0.993284225
vn -0.653118432 -0.238737717 0.718637884
vn 0.285803229 0.0589102618 0.956475914
vn 0.540713787 0.0925226361 0.836103022
vn -0.381610364 -0.501995683 0.776127398
vn -0.439922333 -0.527245998 0.726966321
vn 0.229889676 -0.12856634 0.964687288
vn 0.106323414 -0.223232463 0.968949258
vn -0.883826792 -0.353858382 -0.30599761
vn -0.574219942 -0.531232834 0.622947216
vn -0.895598352 -0.441258132 0.0565231293
vn -0.910273731 -0.40962556 -0.0600731187
vn -0.783004642 0.148583442 0.604008794
vn -0.84465152 -0.446922123 0.294659764
vn -0.142747417 -0.312820911 -0.93902415
vn -0.0371612683 -0.182948887 -0.982419789
vn -0.801797986 0.211920604 0.558757246
vn -0.795282543 -0.604696929 -0.0432130285
vn -0.635636985 -0.666512132 -0.389521778
vn -0.5659554 -0.641029894 -0.51843524
vn -0.301084012 -0.493014991 -0.816262603
vn -0.25810951 -0.445575267 -0.857229292
vn -0.84319824 -0.513271391 0.159903497
vn -0.801579952 -0.597454965 -0.0227407329
vn -0.787319005 0.137281477 0.60106796
vn -0.848091602 -0.117382891 0.516683638
vn -0.864230216 -0.194348514 0.46404171
vn -0.905411601 -0.305167139 0.295132011
vn -0.870144069 -0.152292639 0.468674958
vn -0.85323745 -0.113581374 0.509004235
vn -0.861479163 -0.503311276 0.0673158839
vn -0.872365415 -0.471966445 0.12738277
vn -0.88287127 -0.440992475 0.161443561
vn -0.422326475 -0.5629884 -0.710411429
vn -0.651130438 -0.655855477 -0.381945938
vn -0.691325545 -0.644991875 -0.325659841
vn -0.297711998 -0.494077593 -0.816856623
vn -0.391159534 -0.561308026 -0.729333639
vn 0.196390465 0.91658026 -0.348297983
vn -0.402718306 0.915323794 -0.000475508277
vn -0.432652265 -0.731968284 0.526340544
vn 0.272990078 -0.937578261 0.215461046
vn 0.833762825 -0.411233753 -0.368410647
vn 0.905036747 0.0898283496 -0.415739536
vn 0.910828412 -0.288037479 -0.295679003
vn 0.848012984 -0.490580916 -0.200510144
vn 0.731454134 0.497237563 -0.466615051
vn 0.832021534 0.313391656 -0.45773989
vn 0.514332116 0.715993881 -0.472033203
vn 0.881135702 -0.163039565 -0.443867028
vn 0.881405354 -0.0786275268 -0.465770841
vn 0.811908185 0.26256144 -0.5214082
vn 0.803441167 0.284547657 -0.52298665
vn 0.308330834 -0.931667507 0.192166001
vn 0.521872222 -0.852270246 0.0358452499
vn 0.570210457 -0.821492076 -0.00328564807
vn 0.866068959 -0.351838022 -0.355154186
vn 0.871694863 -0.32027033 -0.370911121
vn 0.882698298 -0.168122873 -0.438837498
vn 0.829517245 -0.527248859 -0.184145927
vn 0.572557807 -0.819858372 0.00313195493
vn 0.498411 -0.864824235 0.0605439469
vn -0.986699581 0.146434635 0.0705746636
vn 0.971464097 -0.130495608 0.198061645
vn 0.876528263 0.357092083 -0.322774589
vn -0.0882142484 0.728183925 -0.679681122
vn -0.909496546 0.322071195 -0.262842417
vn 0.368328124 -0.55366987 0.746849418
vn 0.42070052 -0.557110071 0.715988457
vn 0.534937501 -0.518172622 0.667337358
vn 0.80267936 -0.347927749 0.484408826
vn -0.716779709 -0.325670838 0.61657548
vn -0.337603956 -0.516325712 0.787039578
vn -0.0933042169 -0.564278007 0.820295513
vn -0.958471894 0.215037256 -0.187324658
vn -0.964346647 0.199670807 -0.173687056
vn -0.896065235 -0.324032605 0.303430319
vn -0.889403582 -0.335692465 0.310276836
vn -0.37064141 -0.634017944 0.678709209
vn -0.414189041 -0.623177409 0.663398266
vn -0.958842635 0.213214323 -0.187511116
vn -0.747248113 0.482001692 -0.457487166
vn -0.666873455 0.537054181 -0.516577899
vn -0.16862458 0.72131604 -0.671765566
vn -0.117808707 0.728715003 -0.674607694
vn 0.109814271 -0.649564028 0.752334654
vn 0.351789951 -0.6075418 0.712135255
vn 0.296074003 -0.621323884 0.725463271
vn 0.753023922 -0.395630002 0.525767803
vn -0.152396768 -0.68527174 -0.712164164
vn 0.306647718 0.943129659 0.128349647
vn 0.0944132805 0.987097204 0.129325554
vn 0.0512851626 0.995515823 0.0794865936
vn 0.0144654587 0.997650385 0.066967316
vn -0.124099135 -0.819612563 -0.559316218
vn -0.532358289 0.845409691 0.0433272757
vn -0.448463053 0.888577402 0.0964938551
vn -0.0400038064 0.990475953 0.131746039
vn 0.0563751012 0.989264727 0.134823114
vn -0.847056508 0.463073611 -0.260879397
vn -0.876091957 -0.207192972 -0.435354978
vn -0.880172729 -0.198377743 -0.431210428
vn -0.895174861 0.306099266 -0.323983639
vn -0.884707153 0.353707641 -0.303618252
vn -0.985160053 0.135402918 -0.105478331
vn -0.982818842 0.0489294976 -0.17796886
vn -0.882016361 -0.200490981 -0.426439315
vn -0.246473625 0.964446604 0.0953603983
vn -0.474816233 0.871837616 0.120202385
vn -0.752895117 0.656829059 0.0415285267
vn -0.897253811 0.441448361 -0.00767982472
vn -0.103353545 0.991420209 0.0800249279
vn 0.0428397208 0.995655119 0.0826778486
vn 0.602968454 -0.248062029 -0.758217871
vn 0.457827866 -0.337297201 -0.822571754
vn 0.162146389 -0.49106741 -0.855897903
vn 0.50147748 0.613586068 0.609944582
vn 0.943781376 0.0792823583 -0.320922136
vn 0.783025682 -0.118231356 -0.61064893
vn -0.447841823 0.472722232 0.758927703
vn -0.480733693 0.448916078 0.753239334
vn -0.484361798 0.446229875 0.752510786
vn 0.683224857 -0.107474647 -0.722255528
vn 0.855775893 -0.0183113962 -0.517022729
vn -0.486972421 -0.417332977 -0.767262042
vn -0.363157094 -0.412959307 -0.835213542
vn -0.0896359906 -0.372774154 -0.923582554
vn 0.405706346 -0.227189347 -0.885317683
vn 0.576834917 -0.155213788 -0.801978886
vn -0.887402773 0.129161075 0.442531258
vn -0.938999534 0.0493698753 0.34035638
vn -0.986648858 -0.16114141 0.0236104839
vn -0.944970846 -0.275331527 -0.17669934
vn -0.656664371 -0.45359832 -0.602528393
vn -0.980390668 -0.195078492 -0.027904503
vn -0.551668286 -0.495952457 -0.670591712
vn -0.653424203 -0.474294782 -0.589984119
vn -0.824672997 -0.406523198 -0.393259764
vn 0.136081651 -0.436358839 -0.889422774
vn -0.0809412822 -0.477462292 -0.874916077
vn -0.852180898 0.140998498 0.503891885
vn -0.797579885 0.0904990211 0.596386075
vn -0.16555196 0.53030771 -0.831484437
vn -0.562742293 0.522635698 -0.640447557
vn -0.892047465 0.401206434 -0.208049908
vn -0.949579895 0.313337058 -0.010853081
vn -0.894783318 0.176361203 0.410194635
vn -0.852780461 0.424503446 0.304240316
vn -0.816764176 0.563889265 0.122168496
vn -0.756947637 0.653451264 0.00561907003
vn -0.728489041 0.682780862 -0.0558027662
vn -0.846318066 0.307174236 0.435189277
vn -0.839357018 0.203555167 0.504028857
vn -0.734122217 0.349546134 0.582135677
vn -0.89229393 0.34058845 0.2963292
vn -0.729241908 0.545712054 0.412800878
vn -0.77733463 0.618337452 0.115799554
vn -0.511737466 0.803054035 0.305334061
vn -0.501301765 0.618149936 0.605464399
vn -0.569314599 0.464735597 -0.678160429
vn -0.793490231 0.558139741 -0.242596999
vn -0.927488029 0.323779106 0.186904177
vn -0.763891637 -0.396813214 0.508929014
vn -0.802299678 0.582015753 0.132562533
vn -0.318503797 0.290982038 0.902155578
vn -0.157331005 0.00821070746 0.987511814
vn -0.756947637 0.653451264 0.00561907003
vn -0.816764176 0.563889265 0.122168496
vn -0.852780461 0.424503446 0.304240316
vn -0.846318066 0.307174236 0.435189277
vn -0.332214952 -0.406620115 0.851054192
vn -0.77028358 -0.612761736 0.176596209
vn -0.0499981381 -0.741684854 0.66888237
vn -0.922864258 0.355602294 0.147880495
vn -0.116421402 0.613363385 0.78117311
vn 0.244050354 0.0478279218 0.968582392
vn -0.803476989 -0.58110112 0.129407436
vn -0.196676016 -0.599583268 0.775769591
vn -0.770879507 0.442936927 -0.457768202
vn 0.177809328 0.950999916 0.252948672
vn 0.267035037 0.231470853 0.935474992
vn -0.797040403 -0.602628052 -0.039573323
vn -0.264674574 -0.561982691 0.783659935
vn -0.510588825 0.345971882 -0.787148416
vn 0.300546944 0.942315102 -0.14735572
vn 0.371725619 0.279750079 0.885189235
vn -0.986165464 -0.164576903 0.0198067203
vn -0.581468463 -0.187658712 0.791630507
vn -0.679497242 0.553257883 -0.481859952
vn -0.0164055601 0.99980104 0.0113523975
vn 0.0164430477 0.543519914 0.839235067
vn -0.949579895 0.313337058 -0.010853081
vn -0.892047465 0.401206315 -0.208049923
vn -0.562742293 0.522635698 -0.640447557
vn -0.797579885 0.0904990211 0.596386075
vn -0.852180898 0.140998498 0.503891945
vn -0.894783318 0.176361203 0.410194606
vn -0.839357018 0.203555167 0.504028916
vn 0.133112594 0.876448572 0.462729871
vn -0.137136757 0.816716909 0.560506046
vn -0.106239423 0.882253706 0.458630085
vn -0.425928622 0.779663622 0.459031045
vn -0.314854026 0.913805127 0.256567985
vn 0.047294654 0.959307849 0.27837339
vn 0.13463302 0.954834521 0.264886826
vn -0.0709991083 0.695469737 0.715039134
vn -0.868239701 0.439438969 -0.230332717
vn -0.859961271 0.457811415 -0.225555539
vn -0.75307703 0.562249124 -0.341688305
vn -0.757211626 0.527656317 -0.384979576
vn -0.761147261 0.51658988 -0.392160416
vn -0.77378279 0.509953976 -0.375775456
vn -0.776158333 0.508804619 -0.372419298
vn -0.691975057 0.537184715 -0.482289493
vn -0.296572089 0.510380805 -0.807190537
vn 0.48706618 0.873182952 -0.017832838
vn 0.604736388 0.736085534 0.304091901
vn -0.211793572 0.501265526 -0.838973463
vn -0.0558289923 0.567194879 -0.821689188
vn 0.0707604811 0.616579831 -0.784105957
vn 0.146106809 0.641053677 -0.753460705
vn 0.455539584 0.811043859 -0.367003679
vn 0.485379785 0.815461695 -0.315323114
vn 0.48712191 0.817831278 -0.306372494
vn 0.205954462 0.564939439 0.79901576
vn 0.203575119 0.190854847 0.960276842
vn 0.713687718 0.449352652 0.537337899
vn -0.421602637 0.527894616 0.737277806
vn -0.218525365 0.951702833 0.215658471
vn 0.480885416 0.873558342 -0.0751329884
vn 0.086687848 -0.0474320687 0.995105803
vn 0.772251606 0.376968414 0.511392415
vn -0.78463465 0.237661794 0.572595358
vn -0.469565839 0.860250711 -0.19868733
vn 0.473284245 0.867716253 -0.151889935
vn -0.129373357 0.460047185 0.878418565
vn 0.553358793 0.683721662 0.475729585
vn -0.779867709 0.432370305 0.452617168
vn -0.5534482 0.815805256 -0.167800382
vn 0.338281959 0.93284893 -0.123928219
vn -0.900510252 0.392345458 -0.187473312
vn -0.290271401 0.472038269 -0.832419515
vn 0.437219769 0.877543867 0.196864381
vn 0.435802013 0.876764476 0.203372955
vn 0.350310743 0.868208945 0.351419538
vn 0.192777976 0.884390891 0.42507574
vn -0.214755625 0.941708624 0.258969069
vn -0.214840725 0.941538274 0.259517521
vn -0.216570541 0.941398561 0.258584648
vn -0.3126463 0.927621067 0.204380617
vn -0.35549885 0.917394221 0.178908959
vn -0.422695756 0.895978868 0.136198953
vn -0.450819999 0.884838104 0.117570154
vn -0.516675949 0.849223912 0.108924292
vn -0.573882699 0.813851416 0.0911292657
vn -0.685765564 0.726216078 0.0483308546
vn -0.90868479 0.404611379 -0.102867618
vn -0.096894227 0.957397282 0.272033215
vn -0.205765411 0.958729625 0.196209654
vn -0.988109946 0.148177564 0.0410138182
vn -0.989898205 0.14152436 0.00850609969
vn -0.987116635 0.15230304 0.0490360744
vn -0.989870667 0.141970977 -0.000604200643
vn -0.113507152 0.532077551 0.839052796
vn -0.9229514 0.378065109 -0.0723012984
vn -0.945880949 0.291887373 -0.141812935
vn -0.949240506 0.273293197 -0.155735031
vn -0.956486762 0.128627315 -0.261893094
vn 0.122080117 0.522973597 0.843560934
vn 0.10823305 0.530787826 0.840565205
vn -0.512160957 0.731960773 0.449360132
vn -0.562647939 0.718323588 0.409192443
vn -0.567898631 0.716512203 0.405094355
vn -0.491318226 0.537101328 -0.68565917
vn -0.0869274661 0.848789513 0.521536112
vn -0.130972415 -0.986252189 -0.100761443
vn -0.426068753 -0.624518096 -0.654555261
vn -0.47783488 -0.495624185 -0.72527957
vn -0.475442648 -0.444580197 -0.759146094
vn -0.473855466 -0.415414393 -0.776461184
vn -0.462647289 -0.0497260503 -0.885146797
vn -0.462302536 -0.0291036703 -0.886244476
vn 0.32846567 0.00337381335 0.944509923
vn 0.37586084 -0.216094404 0.901128054
vn 0.0366123877 -0.975815117 0.215509802
vn -0.0956364423 -0.994634211 0.0394511558
vn -0.13017045 -0.991451144 0.00895521697
vn 0.377049297 -0.331675321 0.864768922
vn 0.36545074 -0.708982825 0.603149235
vn 0.162758484 -0.937604964 0.307256401
vn 0.196441159 -0.974440515 0.108980052
vn 0.264554441 -0.931049407 0.251312792
vn 0.302601129 -0.89649713 0.323613286
vn -0.105290674 -0.775782883 -0.622153342
vn -0.128845379 -0.782679856 -0.608942628
vn -0.0986771956 -0.839533269 -0.534272075
vn -0.0426812358 -0.926562369 -0.373711675
vn -0.456030369 -0.073664546 -0.88691026
vn -0.397182375 -0.433698326 -0.808796644
vn -0.0963856652 -0.913411617 0.395460695
vn -0.134703249 -0.940247595 0.312713057
vn -0.173101231 -0.968483746 0.179095462
vn -0.290854812 -0.909060001 -0.298351288
vn -0.317966312 -0.86600858 -0.385910064
vn -0.0965109915 -0.966005445 0.239831507
vn -0.0922874957 -0.942495346 0.321224898
vn 0.777154088 0.389972061 -0.493916243
vn 0.66474694 0.533397019 -0.523067117
vn 0.733002365 0.389008164 -0.558014512
vn 0.534906149 0.507639647 -0.675409138
vn 0.620419025 0.316589117 -0.717531502
vn 0.761949956 0.273970515 -0.586832404
vn 0.957312644 -0.288679928 -0.0147070829
vn 0.893644512 0.345016181 -0.286990315
vn 0.807810783 0.58383733 -0.0810916796
vn 0.934269667 -0.191851199 0.300554872
vn 0.671417415 0.426976383 -0.605714262
vn 0.484394312 0.474762797 -0.73482132
vn 0.776674867 -0.337842017 -0.531638026
vn 0.509230137 -0.52098453 -0.685025394
vn 0.83667165 -0.493324906 -0.237930983
vn 0.727754772 -0.682161391 -0.0709157065
vn 0.525275171 0.850830555 0.0131703792
vn 0.916681409 -0.131803274 0.377257198
vn 0.00599880097 0.661031723 -0.750334084
vn 0.100002766 -0.263963938 -0.959334433
vn 0.658408761 -0.749014795 -0.0739913285
vn 0.505364716 0.833119452 -0.224763259
vn 0.944622993 0.320963621 -0.0683361143
vn 0.0991639048 0.651635051 -0.752022862
vn 0.33668074 0.0310898982 -0.941105485
vn 0.852263093 -0.150522575 -0.500989556
vn 0.832021475 0.313391596 -0.45773989
vn 0.731454134 0.497237563 -0.466615111
vn 0.848012984 -0.490580916 -0.200510219
vn 0.910828412 -0.288037509 -0.295678973
vn 0.905036747 0.0898283347 -0.415739417
vn 0.514332116 0.715993881 -0.472033203
vn 0.803441107 0.284547627 -0.522986591
vn 0.811908185 0.26256144 -0.5214082
vn 0.881405294 -0.0786275119 -0.465770781
vn 0.881135702 -0.16303955 -0.443866968
vn 0.882698298 -0.168122873 -0.438837498
vn 0.871694863 -0.32027033 -0.370911121
vn 0.866068959 -0.351837993 -0.355154186
vn 0.570210457 -0.821492076 -0.00328564807
vn 0.521872222 -0.852270246 0.0358452797
vn 0.308330834 -0.931667507 0.192166001
vn 0.498411 -0.864824235 0.0605439469
vn 0.572557807 -0.819858372 0.00313195493
vn 0.829517245 -0.527248859 -0.184145987
vn -0.00339637091 -0.995595515 -0.0936913714
vn 0.0210987777 -0.960855126 -0.276247054
vn -0.0977211893 -0.992103279 -0.0786243677
vn -0.0743648335 -0.96310252 -0.258657068
vn -0.0992799774 -0.99122864 -0.0872305632
vn -0.0726406053 -0.997357428 -0.00122488255
vn 0.72410953 -0.635313213 0.268407553
vn 0.665656447 -0.742250562 -0.0772378966
vn 0.81736964 -0.514236391 -0.259745806
vn 0.844489276 -0.435575098 0.311628252
vn 0.284168392 -0.951717317 -0.116115168
vn 0.0530055985 -0.882581353 -0.467162192
vn 0.191730365 -0.954052389 0.230268285
vn -0.188965678 -0.913255751 0.360909909
vn 0.383067369 -0.783390045 0.489448041
vn 0.272311628 -0.644449949 0.714514256
vn 0.700969517 -0.448137552 -0.554810464
vn 0.83027339 -0.507084608 0.231325194
vn -0.283148438 -0.507567823 -0.813757777
vn -0.75610286 -0.624292552 0.196385667
vn 0.157463148 -0.614620924 0.772946537
vn 0.341363132 -0.746805489 -0.570747614
vn 0.46254611 -0.886369526 0.0200024564
vn -0.175465494 -0.725559831 -0.66541332
vn -0.480924159 -0.876370847 -0.02619371
vn -0.00784086343 -0.911040783 0.412241697
vn 0.577940047 -0.801178992 0.155233368
vn 0.563053906 -0.820430577 0.0993173122
vn 0.557262897 -0.827350438 0.0703518391
vn 0.548775792 -0.835726917 0.0201411042
vn 0.544155955 -0.838527441 -0.0276789274
vn 0.540885925 -0.839292347 -0.055052422
vn 0.531979263 -0.830558836 -0.164833516
vn 0.507856727 -0.809047043 -0.295845598
vn 0.494832397 -0.692008555 -0.525609195
vn 0.453768194 -0.527869999 -0.717946768
vn 0.336826324 -0.670171201 -0.661376357
vn 0.231321141 -0.593318105 -0.771015048
vn 0.106022224 -0.56234473 -0.820077896
vn -0.169203356 -0.634624362 -0.754070342
vn -0.185294777 -0.636790514 -0.748440802
vn -0.569107473 -0.81619972 -0.0996731147
vn -0.585213065 -0.809301019 -0.0505714044
vn -0.633224964 -0.746111214 0.205776766
vn -0.240035802 -0.681187928 -0.691639841
vn -0.561342895 -0.735523283 0.379341215
vn -0.237233311 -0.886003792 0.39839372
vn -0.0532749444 -0.83574456 0.546528041
vn 0.0199626666 -0.819474399 0.572768092
vn 0.54126966 -0.823270082 0.171036571
vn 0.547276676 -0.820098221 0.167114139
vn 0.0814009309 -0.845690131 0.52742964
vn 0.170318827 -0.87713021 0.449036926
vn 0.295784473 -0.881832004 0.367265344
vn 0.429813713 -0.870286644 0.240543887
vn 0.461702615 -0.85906285 0.221001193
vn -0.134535655 0.731803775 -0.668104291
vn -0.0687198639 0.623433411 -0.778850675
vn 0.0555690154 0.687518477 -0.724037528
vn 0.133071736 0.636071801 -0.760068774
vn 0.227533638 0.745092213 -0.626949668
vn 0.0533972755 0.823031962 -0.565479636
vn -0.667388082 0.608925998 -0.428721786
vn -0.605835557 0.437401533 -0.664562464
vn -0.585187852 0.276439697 -0.762322903
vn -0.828055143 0.526895761 -0.191586599
vn -0.230078727 0.660667598 -0.714550197
vn 0.0100705987 0.476514369 -0.879109085
vn -0.117097706 0.859971046 -0.496727139
vn 0.247676656 0.884192586 -0.396055102
vn -0.33938995 0.887786567 -0.310884804
vn -0.284505725 0.955128372 0.0823786184
vn -0.627596974 0.0196664967 -0.778289914
vn -0.871055603 0.472384006 -0.134593636
vn 0.304414928 0.092569083 -0.948030889
vn 0.638662696 0.747119486 -0.184180483
vn -0.18519634 0.939125001 0.289389938
vn -0.400775373 0.297987014 -0.866361797
vn -0.56740123 0.6941818 -0.442907929
vn 0.357058406 0.29841125 -0.88513279
vn 0.590685248 0.736682236 -0.329226881
vn -0.020736903 0.990291536 -0.13745138
vn -0.699153244 -0.51925236 -0.491489321
vn -0.555982351 -0.729148209 -0.399032086
vn -0.799235761 -0.186158121 -0.571460783
vn -0.778798997 -0.350423157 -0.520265043
vn -0.710145533 -0.499668628 -0.496008605
vn -0.74611944 0.274848163 -0.606435835
vn -0.693252683 0.382201403 -0.611001551
vn -0.45051986 0.695489764 -0.559755147
vn -0.540739119 -0.746024191 -0.388650417
vn -0.608980179 -0.668413579 -0.427043915
vn -0.778810203 -0.354234576 -0.517660677
vn -0.804814458 -0.155800015 -0.572712898
vn -0.229032934 0.83361721 -0.502619505
vn 0.141738951 0.907895267 -0.394507676
vn -0.355166882 0.771413088 -0.527994633
vn -0.0385540761 0.877580166 -0.47787714
vn -0.329922944 0.758912742 -0.561428905
vn -0.354846537 0.746064901 -0.563445747
vn -0.466275603 0.653099656 -0.59669739
vn -0.744657755 0.267262757 -0.611600757
vn -0.7805233 0.123372555 -0.612831533
vn 0.516888022 -0.85468924 0.0483037829
vn -0.540739119 -0.746024191 -0.388650417
vn -0.699153244 -0.51925236 -0.491489321
vn -0.752460122 -0.40409109 -0.520109713
vn -0.020007927 0.853099704 -0.521364152
vn 0.865679681 0.489155591 -0.106421337
vn -0.710145533 -0.499668628 -0.496008605
vn -0.778798997 -0.350423157 -0.520265043
vn -0.799235761 -0.186158121 -0.571460783
vn -0.74611944 0.274848193 -0.606435835
vn -0.804814458 -0.155800015 -0.572712898
vn -0.778810203 -0.354234576 -0.517660677
vn -0.608980179 -0.668413579 -0.427043915
vn -0.45051989 0.695489764 -0.559755147
vn -0.693252683 0.382201374 -0.611001551
vn -0.355166942 0.771413088 -0.527994633
vn 0.141738951 0.907895267 -0.394507676
vn -0.229032934 0.83361721 -0.502619505
vn -0.329922944 0.758912742 -0.561428785
vn -0.0385540761 0.877580166 -0.47787714
vn -0.744657755 0.267262757 -0.611600757
vn -0.466275603 0.653099656 -0.59669739
vn -0.354846537 0.746064901 -0.563445747
vn -0.7805233 0.123372555 -0.612831533
g level0 previous_level tree_trunk_generator1 trunk
usemtl /obj/geo1/tree_controller1/matnet1/labs_shader1
f 1/1/1 10/2/10 11/3/11 2/4/2
f 2/4/2 11/3/11 12/5/12 3/6/3
f 3/6/3 12/5/12 13/7/13 4/8/4
f 4/8/4 13/7/13 14/9/14 5/10/5
f 5/10/5 14/9/14 15/11/15 6/12/6
f 6/12/6 15/11/15 16/13/16 7/14/7
f 7/14/7 16/13/16 17/15/17 8/16/8
f 8/16/8 17/15/17 18/17/18 9/18/9
f 9/18/9 18/17/18 10/19/10 1/20/1
f 10/2/10 19/21/19 20/22/20 11/3/11
f 11/3/11 20/22/20 21/23/21 12/5/12
f 12/5/12 21/23/21 22/24/22 13/7/13
f 13/7/13 22/24/22 23/25/23 14/9/14
f 14/9/14 23/25/23 24/26/24 15/11/15
f 15/11/15 24/26/24 25/27/25 16/13/16
f 16/13/16 25/27/25 26/28/26 17/15/17
f 17/15/17 26/28/26 27/29/27 18/17/18
f 18/17/18 27/29/27 19/30/19 10/19/10
f 19/21/19 28/31/28 29/32/29 20/22/20
f 20/22/20 29/32/29 30/33/30 21/23/21
f 21/23/21 30/33/30 31/34/31 22/24/22
f 22/24/22 31/34/31 32/35/32 23/25/23
f 23/25/23 32/35/32 33/36/33 24/26/24
f 24/26/24 33/36/33 34/37/34 25/27/25
f 25/27/25 34/37/34 35/38/35 26/28/26
f 26/28/26 35/38/35 36/39/36 27/29/27
f 27/29/27 36/39/36 28/40/28 19/30/19
f 28/31/28 37/41/37 38/42/38 29/32/29
f 29/32/29 38/42/38 39/43/39 30/33/30
f 30/33/30 39/43/39 40/44/40 31/34/31
f 31/34/31 40/44/40 41/45/41 32/35/32
f 32/35/32 41/45/41 42/46/42 33/36/33
f 33/36/33 42/46/42 43/47/43 34/37/34
f 34/37/34 43/47/43 44/48/44 35/38/35
f 35/38/35 44/48/44 45/49/45 36/39/36
f 36/39/36 45/49/45 37/50/37 28/40/28
f 37/41/37 46/51/46 47/52/47 38/42/38
f 38/42/38 47/52/47 48/53/48 39/43/39
f 39/43/39 48/53/48 49/54/49 40/44/40
f 40/44/40 49/54/49 50/55/50 41/45/41
f 41/45/41 50/55/50 51/56/51 42/46/42
f 42/46/42 51/56/51 52/57/52 43/47/43
f 43/47/43 52/57/52 53/58/53 44/48/44
f 44/48/44 53/58/53 54/59/54 45/49/45
f 45/49/45 54/59/54 46/60/46 37/50/37
f 46/51/46 55/61/55 56/62/56 47/52/47
f 47/52/47 56/62/56 57/63/57 48/53/48
f 48/53/48 57/63/57 58/64/58 49/54/49
f 49/54/49 58/64/58 59/65/59 50/55/50
f 50/55/50 59/65/59 60/66/60 51/56/51
f 51/56/51 60/66/60 61/67/61 52/57/52
f 52/57/52 61/67/61 62/68/62 53/58/53
f 53/58/53 62/68/62 63/69/63 54/59/54
f 54/59/54 63/69/63 55/70/55 46/60/46
f 55/61/55 64/71/64 65/72/65 56/62/56
f 56/62/56 65/72/65 66/73/66 57/63/57
f 57/63/57 66/73/66 67/74/67 58/64/58
f 58/64/58 67/74/67 68/75/68 59/65/59
f 59/65/59 68/75/68 69/76/69 60/66/60
f 60/66/60 69/76/69 70/77/70 61/67/61
f 61/67/61 70/77/70 71/78/71 62/68/62
f 62/68/62 71/78/71 72/79/72 63/69/63
f 63/69/63 72/79/72 64/80/64 55/70/55
f 64/71/64 73/81/73 74/82/74 65/72/65
f 65/72/65 74/82/74 75/83/75 66/73/66
f 66/73/66 75/83/75 76/84/76 67/74/67
f 67/74/67 76/84/76 77/85/77 68/75/68
f 68/75/68 77/85/77 78/86/78 69/76/69
f 69/76/69 78/86/78 79/87/79 70/77/70
f 70/77/70 79/87/79 80/88/80 71/78/71
f 71/78/71 80/88/80 81/89/81 72/79/72
f 72/79/72 81/89/81 73/90/73 64/80/64
f 73/81/73 82/91/82 83/92/83 74/82/74
f 74/82/74 83/92/83 84/93/84 75/83/75
f 75/83/75 84/93/84 85/94/85 76/84/76
f 76/84/76 85/94/85 86/95/86 77/85/77
f 77/85/77 86/95/86 87/96/87 78/86/78
f 78/86/78 87/96/87 88/97/88 79/87/79
f 79/87/79 88/97/88 89/98/89 80/88/80
f 80/88/80 89/98/89 90/99/90 81/89/81
f 81/89/81 90/99/90 82/100/82 73/90/73
f 82/91/82 91/101/91 92/102/92 83/92/83
f 83/92/83 92/102/92 93/103/93 84/93/84
f 84/93/84 93/103/93 94/104/94 85/94/85
f 85/94/85 94/104/94 95/105/95 86/95/86
f 86/95/86 95/105/95 96/106/96 87/96/87
f 87/96/87 96/106/96 97/107/97 88/97/88
f 88/97/88 97/107/97 98/108/98 89/98/89
f 89/98/89 98/108/98 99/109/99 90/99/90
f 90/99/90 99/109/99 91/110/91 82/100/82
f 91/101/91 100/111/100 101/112/101 92/102/92
f 92/102/92 101/112/101 102/113/102 93/103/93
f 93/103/93 102/113/102 103/114/103 94/104/94
f 94/104/94 103/114/103 104/115/104 95/105/95
f 95/105/95 104/115/104 105/116/105 96/106/96
f 96/106/96 105/116/105 106/117/106 97/107/97
f 97/107/97 106/117/106 107/118/107 98/108/98
f 98/108/98 107/118/107 108/119/108 99/109/99
f 99/109/99 108/119/108 100/120/100 91/110/91
f 100/111/100 109/121/109 110/122/110 101/112/101
f 101/112/101 110/122/110 111/123/111 102/113/102
f 102/113/102 111/123/111 112/124/112 103/114/103
f 103/114/103 112/124/112 113/125/113 104/115/104
f 104/115/104 113/125/113 114/126/114 105/116/105
f 105/116/105 114/126/114 115/127/115 106/117/106
f 106/117/106 115/127/115 116/128/116 107/118/107
f 107/118/107 116/128/116 117/129/117 108/119/108
f 108/119/108 117/129/117 109/130/109 100/120/100
g level0 previous_level tree_trunk_generator1 trunk trunk_caps
usemtl /obj/geo1/tree_controller1/matnet1/labs_shader1
f 109/131/109 118/132/118 119/133/119 110/134/110
f 110/134/110 119/133/119 120/135/120 111/136/111
f 111/136/111 120/135/120 121/137/121 112/138/112
f 112/138/112 121/137/121 122/139/122 113/140/113
f 113/140/113 122/139/122 123/141/123 114/142/114
f 114/142/114 123/141/123 124/143/124 115/144/115
f 115/144/115 124/143/124 125/145/125 116/146/116
f 116/146/116 125/145/125 126/147/126 117/148/117
f 117/148/117 126/147/126 118/132/118 109/131/109
f 118/132/118 127/149/127 128/150/128 119/133/119
f 119/133/119 128/150/128 129/151/129 120/135/120
f 120/135/120 129/151/129 130/152/130 121/137/121
f 121/137/121 130/152/130 131/153/131 122/139/122
f 122/139/122 131/153/131 132/154/132 123/141/123
f 123/141/123 132/154/132 133/155/133 124/143/124
f 124/143/124 133/155/133 134/156/134 125/145/125
f 125/145/125 134/156/134 135/157/135 126/147/126
f 126/147/126 135/157/135 127/149/127 118/132/118
f 127/149/127 136/158/136 128/150/128
f 128/150/128 136/158/136 129/151/129
f 129/151/129 136/158/136 130/152/130
f 130/152/130 136/158/136 131/153/131
f 131/153/131 136/158/136 132/154/132
f 132/154/132 136/158/136 133/155/133
f 133/155/133 136/158/136 134/156/134
f 134/156/134 136/158/136 135/157/135
f 135/157/135 136/158/136 127/149/127
g all_branches branch_caps level1 manual_prune previous_level tree_branch_generator1
usemtl /obj/geo1/tree_controller1/matnet1/labs_shader1
f 137/20/137 139/20/139 138/20/138
f 138/20/138 139/20/139 140/20/140
f 140/20/140 139/20/139 141/20/141
f 141/20/141 139/20/139 142/20/142
f 142/20/142 139/20/139 143/20/143
f 143/20/143 139/20/139 144/20/144
f 144/20/144 139/20/139 145/20/145
f 145/20/145 139/20/139 146/20/146
f 146/20/146 139/20/139 137/20/137
f 256/20/256 265/20/265 264/20/264 255/20/255
f 255/20/255 264/20/264 266/20/266 257/20/257
f 257/20/257 266/20/266 267/20/267 258/20/258
f 258/20/258 267/20/267 268/20/268 259/20/259
f 259/20/259 268/20/268 269/20/269 260/20/260
f 260/20/260 269/20/269 270/20/270 261/20/261
f 261/20/261 270/20/270 271/20/271 262/20/262
f 262/20/262 271/20/271 272/20/272 263/20/263
f 263/20/263 272/20/272 265/20/265 256/20/256
f 265/20/265 137/20/137 138/20/138 264/20/264
f 264/20/264 138/20/138 140/20/140 266/20/266
f 266/20/266 140/20/140 141/20/141 267/20/267
f 267/20/267 141/20/141 142/20/142 268/20/268
f 268/20/268 142/20/142 143/20/143 269/20/269
f 269/20/269 143/20/143 144/20/144 270/20/270
f 270/20/270 144/20/144 145/20/145 271/20/271
f 271/20/271 145/20/145 146/20/146 272/20/272
f 272/20/272 146/20/146 137/20/137 265/20/265
f 300/20/300 302/20/302 301/20/301
f 301/20/301 302/20/302 303/20/303
f 303/20/303 302/20/302 304/20/304
f 304/20/304 302/20/302 305/20/305
f 305/20/305 302/20/302 306/20/306
f 306/20/306 302/20/302 307/20/307
f 307/20/307 302/20/302 308/20/308
f 308/20/308 302/20/302 309/20/309
f 309/20/309 302/20/302 300/20/300
f 411/20/411 420/20/420 419/20/419 410/20/410
f 410/20/410 419/20/419 421/20/421 412/20/412
f 412/20/412 421/20/421 422/20/422 413/20/413
f 413/20/413 422/20/422 423/20/423 414/20/414
f 414/20/414 423/20/423 424/20/424 415/20/415
f 415/20/415 424/20/424 425/20/425 416/20/416
f 416/20/416 425/20/425 426/20/426 417/20/417
f 417/20/417 426/20/426 427/20/427 418/20/418
f 418/20/418 427/20/427 420/20/420 411/20/411
f 420/20/420 300/20/300 301/20/301 419/20/419
f 419/20/419 301/20/301 303/20/303 421/20/421
f 421/20/421 303/20/303 304/20/304 422/20/422
f 422/20/422 304/20/304 305/20/305 423/20/423
f 423/20/423 305/20/305 306/20/306 424/20/424
f 424/20/424 306/20/306 307/20/307 425/20/425
f 425/20/425 307/20/307 308/20/308 426/20/426
f 426/20/426 308/20/308 309/20/309 427/20/427
f 427/20/427 309/20/309 300/20/300 420/20/420
f 454/20/454 456/20/456 455/20/455
f 455/20/455 456/20/456 457/20/457
f 457/20/457 456/20/456 458/20/458
f 458/20/458 456/20/456 459/20/459
f 459/20/459 456/20/456 460/20/460
f 460/20/460 456/20/456 461/20/461
f 461/20/461 456/20/456 462/20/462
f 462/20/462 456/20/456 463/20/463
f 463/20/463 456/20/456 454/20/454
f 554/20/554 563/20/563 562/20/562 553/20/553
f 553/20/553 562/20/562 564/20/564 555/20/555
f 555/20/555 564/20/564 565/20/565 556/20/556
f 556/20/556 565/20/565 566/20/566 557/20/557
f 557/20/557 566/20/566 567/20/567 558/20/558
f 558/20/558 567/20/567 568/20/568 559/20/559
f 559/20/559 568/20/568 569/20/569 560/20/560
f 560/20/560 569/20/569 570/20/570 561/20/561
f 561/20/561 570/20/570 563/20/563 554/20/554
f 563/20/563 454/20/454 455/20/455 562/20/562
f 562/20/562 455/20/455 457/20/457 564/20/564
f 564/20/564 457/20/457 458/20/458 565/20/565
f 565/20/565 458/20/458 459/20/459 566/20/566
f 566/20/566 459/20/459 460/20/460 567/20/567
f 567/20/567 460/20/460 461/20/461 568/20/568
f 568/20/568 461/20/461 462/20/462 569/20/569
f 569/20/569 462/20/462 463/20/463 570/20/570
f 570/20/570 463/20/463 454/20/454 563/20/563
f 598/20/598 600/20/600 599/20/599
f 599/20/599 600/20/600 601/20/601
f 601/20/601 600/20/600 602/20/602
f 602/20/602 600/20/600 603/20/603
f 603/20/603 600/20/600 604/20/604
f 604/20/604 600/20/600 605/20/605
f 605/20/605 600/20/600 606/20/606
f 606/20/606 600/20/600 607/20/607
f 607/20/607 600/20/600 598/20/598
f 718/20/718 727/20/727 726/20/726 717/20/717
f 717/20/717 726/20/726 728/20/728 719/20/719
f 719/20/719 728/20/728 729/20/729 720/20/720
f 720/20/720 729/20/729 730/20/730 721/20/721
f 721/20/721 730/20/730 731/20/731 722/20/722
f 722/20/722 731/20/731 732/20/732 723/20/723
f 723/20/723 732/20/732 733/20/733 724/20/724
f 724/20/724 733/20/733 734/20/734 725/20/725
f 725/20/725 734/20/734 727/20/727 718/20/718
f 727/20/727 598/20/598 599/20/599 726/20/726
f 726/20/726 599/20/599 601/20/601 728/20/728
f 728/20/728 601/20/601 602/20/602 729/20/729
f 729/20/729 602/20/602 603/20/603 730/20/730
f 730/20/730 603/20/603 604/20/604 731/20/731
f 731/20/731 604/20/604 605/20/605 732/20/732
f 732/20/732 605/20/605 606/20/606 733/20/733
f 733/20/733 606/20/606 607/20/607 734/20/734
f 734/20/734 607/20/607 598/20/598 727/20/727
f 758/20/758 760/20/760 759/20/759
f 759/20/759 760/20/760 761/20/761
f 761/20/761 760/20/760 762/20/762
f 762/20/762 760/20/760 763/20/763
f 763/20/763 760/20/760 764/20/764
f 764/20/764 760/20/760 765/20/765
f 765/20/765 760/20/760 766/20/766
f 766/20/766 760/20/760 767/20/767
f 767/20/767 760/20/760 758/20/758
f 859/20/859 868/20/868 867/20/867 858/20/858
f 858/20/858 867/20/867 869/20/869 860/20/860
f 860/20/860 869/20/869 870/20/870 861/20/861
f 861/20/861 870/20/870 871/20/871 862/20/862
f 862/20/862 871/20/871 872/20/872 863/20/863
f 863/20/863 872/20/872 873/20/873 864/20/864
f 864/20/864 873/20/873 874/20/874 865/20/865
f 865/20/865 874/20/874 875/20/875 866/20/866
f 866/20/866 875/20/875 868/20/868 859/20/859
f 868/20/868 758/20/758 759/20/759 867/20/867
f 867/20/867 759/20/759 761/20/761 869/20/869
f 869/20/869 761/20/761 762/20/762 870/20/870
f 870/20/870 762/20/762 763/20/763 871/20/871
f 871/20/871 763/20/763 764/20/764 872/20/872
f 872/20/872 764/20/764 765/20/765 873/20/873
f 873/20/873 765/20/765 766/20/766 874/20/874
f 874/20/874 766/20/766 767/20/767 875/20/875
f 875/20/875 767/20/767 758/20/758 868/20/868
f 899/20/899 901/20/901 900/20/900
f 900/20/900 901/20/901 902/20/902
f 902/20/902 901/20/901 903/20/903
f 903/20/903 901/20/901 904/20/904
f 904/20/904 901/20/901 905/20/905
f 905/20/905 901/20/901 906/20/906
f 906/20/906 901/20/901 907/20/907
f 907/20/907 901/20/901 908/20/908
f 908/20/908 901/20/901 899/20/899
f 992/20/992 1001/20/1001 1000/20/1000 991/20/991
f 991/20/991 1000/20/1000 1002/20/1002 993/20/993
f 993/20/993 1002/20/1002 1003/20/1003 994/20/994
f 994/20/994 1003/20/1003 1004/20/1004 995/20/995
f 995/20/995 1004/20/1004 1005/20/1005 996/20/996
f 996/20/996 1005/20/1005 1006/20/1006 997/20/997
f 997/20/997 1006/20/1006 1007/20/1007 998/20/998
f 998/20/998 1007/20/1007 1008/20/1008 999/20/999
f 999/20/999 1008/20/1008 1001/20/1001 992/20/992
f 1001/20/1001 899/20/899 900/20/900 1000/20/1000
f 1000/20/1000 900/20/900 902/20/902 1002/20/1002
f 1002/20/1002 902/20/902 903/20/903 1003/20/1003
f 1003/20/1003 903/20/903 904/20/904 1004/20/1004
f 1004/20/1004 904/20/904 905/20/905 1005/20/1005
f 1005/20/1005 905/20/905 906/20/906 1006/20/1006
f 1006/20/1006 906/20/906 907/20/907 1007/20/1007
f 1007/20/1007 907/20/907 908/20/908 1008/20/1008
f 1008/20/1008 908/20/908 899/20/899 1001/20/1001
f 1035/20/1035 1037/20/1037 1036/20/1036
f 1036/20/1036 1037/20/1037 1038/20/1038
f 1038/20/1038 1037/20/1037 1039/20/1039
f 1039/20/1039 1037/20/1037 1040/20/1040
f 1040/20/1040 1037/20/1037 1041/20/1041
f 1041/20/1041 1037/20/1037 1042/20/1042
f 1042/20/1042 1037/20/1037 1043/20/1043
f 1043/20/1043 1037/20/1037 1044/20/1044
f 1044/20/1044 1037/20/1037 1035/20/1035
f 1161/20/1161 1170/20/1170 1169/20/1169 1160/20/1160
f 1160/20/1160 1169/20/1169 1171/20/1171 1162/20/1162
f 1162/20/1162 1171/20/1171 1172/20/1172 1163/20/1163
f 1163/20/1163 1172/20/1172 1173/20/1173 1164/20/1164
f 1164/20/1164 1173/20/1173 1174/20/1174 1165/20/1165
f 1165/20/1165 1174/20/1174 1175/20/1175 1166/20/1166
f 1166/20/1166 1175/20/1175 1176/20/1176 1167/20/1167
f 1167/20/1167 1176/20/1176 1177/20/1177 1168/20/1168
f 1168/20/1168 1177/20/1177 1170/20/1170 1161/20/1161
f 1170/20/1170 1035/20/1035 1036/20/1036 1169/20/1169
f 1169/20/1169 1036/20/1036 1038/20/1038 1171/20/1171
f 1171/20/1171 1038/20/1038 1039/20/1039 1172/20/1172
f 1172/20/1172 1039/20/1039 1040/20/1040 1173/20/1173
f 1173/20/1173 1040/20/1040 1041/20/1041 1174/20/1174
f 1174/20/1174 1041/20/1041 1042/20/1042 1175/20/1175
f 1175/20/1175 1042/20/1042 1043/20/1043 1176/20/1176
f 1176/20/1176 1043/20/1043 1044/20/1044 1177/20/1177
f 1177/20/1177 1044/20/1044 1035/20/1035 1170/20/1170
g all_branches level1 manual_prune previous_level tree_branch_generator1
usemtl /obj/geo1/tree_controller1/matnet1/labs_shader1
f 147/159/147 150/160/150 149/161/149 148/162/148
f 148/162/148 149/161/149 152/163/152 151/164/151
f 151/164/151 152/163/152 154/165/154 153/166/153
f 153/166/153 154/165/154 156/167/156 155/168/155
f 155/168/155 156/167/156 158/169/158 157/170/157
f 157/170/157 158/169/158 160/171/160 159/172/159
f 159/172/159 160/171/160 162/173/162 161/174/161
f 161/174/161 162/173/162 164/175/164 163/176/163
f 163/176/163 164/175/164 150/177/150 147/178/147
f 150/160/150 166/179/166 165/180/165 149/161/149
f 149/161/149 165/180/165 167/181/167 152/163/152
f 152/163/152 167/181/167 168/182/168 154/165/154
f 154/165/154 168/182/168 169/183/169 156/167/156
f 156/167/156 169/183/169 170/184/170 158/169/158
f 158/169/158 170/184/170 171/185/171 160/171/160
f 160/171/160 171/185/171 172/186/172 162/173/162
f 162/173/162 172/186/172 173/187/173 164/175/164
f 164/175/164 173/187/173 166/188/166 150/177/150
f 166/179/166 175/189/175 174/190/174 165/180/165
f 165/180/165 174/190/174 176/191/176 167/181/167
f 167/181/167 176/191/176 177/192/177 168/182/168
f 168/182/168 177/192/177 178/193/178 169/183/169
f 169/183/169 178/193/178 179/194/179 170/184/170
f 170/184/170 179/194/179 180/195/180 171/185/171
f 171/185/171 180/195/180 181/196/181 172/186/172
f 172/186/172 181/196/181 182/197/182 173/187/173
f 173/187/173 182/197/182 175/198/175 166/188/166
f 175/189/175 184/199/184 183/200/183 174/190/174
f 174/190/174 183/200/183 185/201/185 176/191/176
f 176/191/176 185/201/185 186/202/186 177/192/177
f 177/192/177 186/202/186 187/203/187 178/193/178
f 178/193/178 187/203/187 188/204/188 179/194/179
f 179/194/179 188/204/188 189/205/189 180/195/180
f 180/195/180 189/205/189 190/206/190 181/196/181
f 181/196/181 190/206/190 191/207/191 182/197/182
f 182/197/182 191/207/191 184/208/184 175/198/175
f 184/199/184 193/209/193 192/210/192 183/200/183
f 183/200/183 192/210/192 194/211/194 185/201/185
f 185/201/185 194/211/194 195/212/195 186/202/186
f 186/202/186 195/212/195 196/213/196 187/203/187
f 187/203/187 196/213/196 197/214/197 188/204/188
f 188/204/188 197/214/197 198/215/198 189/205/189
f 189/205/189 198/215/198 199/216/199 190/206/190
f 190/206/190 199/216/199 200/217/200 191/207/191
f 191/207/191 200/217/200 193/218/193 184/208/184
f 193/209/193 202/219/202 201/220/201 192/210/192
f 192/210/192 201/220/201 203/221/203 194/211/194
f 194/211/194 203/221/203 204/222/204 195/212/195
f 195/212/195 204/222/204 205/223/205 196/213/196
f 196/213/196 205/223/205 206/224/206 197/214/197
f 197/214/197 206/224/206 207/225/207 198/215/198
f 198/215/198 207/225/207 208/226/208 199/216/199
f 199/216/199 208/226/208 209/227/209 200/217/200
f 200/217/200 209/227/209 202/228/202 193/218/193
f 202/219/202 211/229/211 210/230/210 201/220/201
f 201/220/201 210/230/210 212/231/212 203/221/203
f 203/221/203 212/231/212 213/232/213 204/222/204
f 204/222/204 213/232/213 214/233/214 205/223/205
f 205/223/205 214/233/214 215/234/215 206/224/206
f 206/224/206 215/234/215 216/235/216 207/225/207
f 207/225/207 216/235/216 217/236/217 208/226/208
f 208/226/208 217/236/217 218/237/218 209/227/209
f 209/227/209 218/237/218 211/238/211 202/228/202
f 211/229/211 220/239/220 219/240/219 210/230/210
f 210/230/210 219/240/219 221/241/221 212/231/212
f 212/231/212 221/241/221 222/242/222 213/232/213
f 213/232/213 222/242/222 223/243/223 214/233/214
f 214/233/214 223/243/223 224/244/224 215/234/215
f 215/234/215 224/244/224 225/245/225 216/235/216
f 216/235/216 225/245/225 226/246/226 217/236/217
f 217/236/217 226/246/226 227/247/227 218/237/218
f 218/237/218 227/247/227 220/248/220 211/238/211
f 220/239/220 229/249/229 228/250/228 219/240/219
f 219/240/219 228/250/228 230/251/230 221/241/221
f 221/241/221 230/251/230 231/252/231 222/242/222
f 222/242/222 231/252/231 232/253/232 223/243/223
f 223/243/223 232/253/232 233/254/233 224/244/224
f 224/244/224 233/254/233 234/255/234 225/245/225
f 225/245/225 234/255/234 235/256/235 226/246/226
f 226/246/226 235/256/235 236/257/236 227/247/227
f 227/247/227 236/257/236 229/258/229 220/248/220
f 229/249/229 238/259/238 237/260/237 228/250/228
f 228/250/228 237/260/237 239/261/239 230/251/230
f 230/251/230 239/261/239 240/262/240 231/252/231
f 231/252/231 240/262/240 241/263/241 232/253/232
f 232/253/232 241/263/241 242/264/242 233/254/233
f 233/254/233 242/264/242 243/265/243 234/255/234
f 234/255/234 243/265/243 244/266/244 235/256/235
f 235/256/235 244/266/244 245/267/245 236/257/236
f 236/257/236 245/267/245 238/268/238 229/258/229
f 238/259/238 247/269/247 246/270/246 237/260/237
f 237/260/237 246/270/246 248/271/248 239/261/239
f 239/261/239 248/271/248 249/272/249 240/262/240
f 240/262/240 249/272/249 250/273/250 241/263/241
f 241/263/241 250/273/250 251/274/251 242/264/242
f 242/264/242 251/274/251 252/275/252 243/265/243
f 243/265/243 252/275/252 253/276/253 244/266/244
f 244/266/244 253/276/253 254/277/254 245/267/245
f 245/267/245 254/277/254 247/278/247 238/268/238
f 247/269/247 256/279/256 255/280/255 246/270/246
f 246/270/246 255/280/255 257/281/257 248/271/248
f 248/271/248 257/281/257 258/282/258 249/272/249
f 249/272/249 258/282/258 259/283/259 250/273/250
f 250/273/250 259/283/259 260/284/260 251/274/251
f 251/274/251 260/284/260 261/285/261 252/275/252
f 252/275/252 261/285/261 262/286/262 253/276/253
f 253/276/253 262/286/262 263/287/263 254/277/254
f 254/277/254 263/287/263 256/288/256 247/278/247
f 273/289/273 277/290/277 276/291/276 275/292/275 147/159/147 148/162/148 274/293/274
f 278/294/278 279/295/279 274/293/274 148/162/148 151/164/151
f 280/296/280 283/297/283 282/298/282 278/299/278 151/164/151 153/166/153 281/300/281
f 284/301/284 281/302/281 153/166/153 155/168/155 285/303/285
f 286/304/286 287/305/287 285/306/285 155/168/155 157/170/157
f 288/307/288 291/308/291 290/309/290 286/304/286 157/170/157 159/172/159 289/310/289
f 292/311/292 293/312/293 289/310/289 159/172/159 161/174/161
f 294/313/294 297/314/297 296/315/296 295/316/295 292/317/292 161/174/161 163/176/163
f 147/178/147 275/318/275 299/319/299 298/320/298 294/321/294 163/176/163
f 310/322/310 313/323/313 312/324/312 311/325/311
f 311/325/311 312/324/312 315/326/315 314/327/314
f 314/327/314 315/326/315 317/328/317 316/329/316
f 316/329/316 317/328/317 319/330/319 318/331/318
f 318/331/318 319/330/319 321/332/321 320/333/320
f 320/333/320 321/332/321 323/334/323 322/335/322
f 324/336/324 327/337/327 326/338/326 325/339/325 322/335/322 323/334/323
f 313/323/313 329/340/329 328/341/328 312/324/312
f 312/324/312 328/341/328 330/342/330 315/326/315
f 315/326/315 330/342/330 331/343/331 317/328/317
f 317/328/317 331/343/331 332/344/332 319/330/319
f 319/330/319 332/344/332 333/345/333 321/332/321
f 321/332/321 333/345/333 334/346/334 323/334/323
f 323/334/323 334/346/334 335/347/335 324/336/324
f 324/336/324 335/347/335 337/348/337 336/349/336
f 336/349/336 337/348/337 329/350/329 313/351/313
f 329/340/329 339/352/339 338/353/338 328/341/328
f 328/341/328 338/353/338 340/354/340 330/342/330
f 330/342/330 340/354/340 341/355/341 331/343/331
f 331/343/331 341/355/341 342/356/342 332/344/332
f 332/344/332 342/356/342 343/357/343 333/345/333
f 333/345/333 343/357/343 344/358/344 334/346/334
f 334/346/334 344/358/344 345/359/345 335/347/335
f 335/347/335 345/359/345 346/360/346 337/348/337
f 337/348/337 346/360/346 339/361/339 329/350/329
f 339/352/339 348/362/348 347/363/347 338/353/338
f 338/353/338 347/363/347 349/364/349 340/354/340
f 340/354/340 349/364/349 350/365/350 341/355/341
f 341/355/341 350/365/350 351/366/351 342/356/342
f 342/356/342 351/366/351 352/367/352 343/357/343
f 343/357/343 352/367/352 353/368/353 344/358/344
f 344/358/344 353/368/353 354/369/354 345/359/345
f 345/359/345 354/369/354 355/370/355 346/360/346
f 346/360/346 355/370/355 348/371/348 339/361/339
f 348/362/348 357/372/357 356/373/356 347/363/347
f 347/363/347 356/373/356 358/374/358 349/364/349
f 349/364/349 358/374/358 359/375/359 350/365/350
f 350/365/350 359/375/359 360/376/360 351/366/351
f 351/366/351 360/376/360 361/377/361 352/367/352
f 352/367/352 361/377/361 362/378/362 353/368/353
f 353/368/353 362/378/362 363/379/363 354/369/354
f 354/369/354 363/379/363 364/380/364 355/370/355
f 355/370/355 364/380/364 357/381/357 348/371/348
f 357/372/357 366/382/366 365/383/365 356/373/356
f 356/373/356 365/383/365 367/384/367 358/374/358
f 358/374/358 367/384/367 368/385/368 359/375/359
f 359/375/359 368/385/368 369/386/369 360/376/360
f 360/376/360 369/386/369 370/387/370 361/377/361
f 361/377/361 370/387/370 371/388/371 362/378/362
f 362/378/362 371/388/371 372/389/372 363/379/363
f 363/379/363 372/389/372 373/390/373 364/380/364
f 364/380/364 373/390/373 366/391/366 357/381/357
f 366/382/366 375/392/375 374/393/374 365/383/365
f 365/383/365 374/393/374 376/394/376 367/384/367
f 367/384/367 376/394/376 377/395/377 368/385/368
f 368/385/368 377/395/377 378/396/378 369/386/369
f 369/386/369 378/396/378 379/397/379 370/387/370
f 370/387/370 379/397/379 380/398/380 371/388/371
f 371/388/371 380/398/380 381/399/381 372/389/372
f 372/389/372 381/399/381 382/400/382 373/390/373
f 373/390/373 382/400/382 375/401/375 366/391/366
f 375/392/375 384/402/384 383/403/383 374/393/374
f 374/393/374 383/403/383 385/404/385 376/394/376
f 376/394/376 385/404/385 386/405/386 377/395/377
f 377/395/377 386/405/386 387/406/387 378/396/378
f 378/396/378 387/406/387 388/407/388 379/397/379
f 379/397/379 388/407/388 389/408/389 380/398/380
f 380/398/380 389/408/389 390/409/390 381/399/381
f 381/399/381 390/409/390 391/410/391 382/400/382
f 382/400/382 391/410/391 384/411/384 375/401/375
f 384/402/384 393/412/393 392/413/392 383/403/383
f 383/403/383 392/413/392 394/414/394 385/404/385
f 385/404/385 394/414/394 395/415/395 386/405/386
f 386/405/386 395/415/395 396/416/396 387/406/387
f 387/406/387 396/416/396 397/417/397 388/407/388
f 388/407/388 397/417/397 398/418/398 389/408/389
f 389/408/389 398/418/398 399/419/399 390/409/390
f 390/409/390 399/419/399 400/420/400 391/410/391
f 391/410/391 400/420/400 393/421/393 384/411/384
f 393/412/393 402/422/402 401/423/401 392/413/392
f 392/413/392 401/423/401 403/424/403 394/414/394
f 394/414/394 403/424/403 404/425/404 395/415/395
f 395/415/395 404/425/404 405/426/405 396/416/396
f 396/416/396 405/426/405 406/427/406 397/417/397
f 397/417/397 406/427/406 407/428/407 398/418/398
f 398/418/398 407/428/407 408/429/408 399/419/399
f 399/419/399 408/429/408 409/430/409 400/420/400
f 400/420/400 409/430/409 402/431/402 393/421/393
f 402/422/402 411/279/411 410/280/410 401/423/401
f 401/423/401 410/280/410 412/281/412 403/424/403
f 403/424/403 412/281/412 413/282/413 404/425/404
f 404/425/404 413/282/413 414/283/414 405/426/405
f 405/426/405 414/283/414 415/284/415 406/427/406
f 406/427/406 415/284/415 416/285/416 407/428/407
f 407/428/407 416/285/416 417/286/417 408/429/408
f 408/429/408 417/286/417 418/287/418 409/430/409
f 409/430/409 418/287/418 411/288/411 402/431/402
f 428/432/428 431/433/431 430/434/430 310/322/310 311/325/311 429/435/429
f 432/436/432 429/437/429 311/325/311 314/327/314 433/438/433
f 316/329/316 436/439/436 435/440/435 434/441/434 433/438/433 314/327/314
f 437/442/437 439/443/439 436/439/436 316/329/316 318/331/318 438/444/438
f 440/445/440 442/446/442 438/447/438 318/331/318 320/333/320 441/448/441
f 322/335/322 444/449/444 443/450/443 441/451/441 320/333/320
f 445/452/445 444/453/444 322/335/322 325/454/325 446/455/446
f 310/456/310 430/457/430 449/458/449 448/459/448 447/460/447
f 336/349/336 453/461/453 452/462/452 451/463/451 450/464/450 327/465/327 324/336/324
f 447/466/447 453/461/453 336/349/336 313/351/313 310/456/310
f 464/467/464 467/468/467 466/469/466 465/470/465
f 465/470/465 466/469/466 469/471/469 468/472/468
f 468/472/468 469/471/469 471/473/471 470/474/470
f 470/474/470 471/473/471 473/475/473 472/476/472
f 472/476/472 473/475/473 475/477/475 474/478/474
f 476/479/476 478/480/478 477/481/477 474/478/474 475/477/475
f 467/468/467 480/482/480 479/483/479 466/469/466
f 466/469/466 479/483/479 481/484/481 469/471/469
f 469/471/469 481/484/481 482/485/482 471/473/471
f 471/473/471 482/485/482 483/486/483 473/475/473
f 473/475/473 483/486/483 484/487/484 475/477/475
f 475/477/475 484/487/484 485/488/485 476/479/476
f 476/479/476 485/488/485 487/489/487 486/490/486
f 486/490/486 487/489/487 489/491/489 488/492/488
f 488/492/488 489/491/489 480/493/480 467/494/467
f 480/482/480 491/495/491 490/496/490 479/483/479
f 479/483/479 490/496/490 492/497/492 481/484/481
f 481/484/481 492/497/492 493/498/493 482/485/482
f 482/485/482 493/498/493 494/499/494 483/486/483
f 483/486/483 494/499/494 495/500/495 484/487/484
f 484/487/484 495/500/495 496/501/496 485/488/485
f 485/488/485 496/501/496 497/502/497 487/489/487
f 487/489/487 497/502/497 498/503/498 489/491/489
f 489/491/489 498/503/498 491/504/491 480/493/480
f 491/495/491 500/505/500 499/506/499 490/496/490
f 490/496/490 499/506/499 501/507/501 492/497/492
f 492/497/492 501/507/501 502/508/502 493/498/493
f 493/498/493 502/508/502 503/509/503 494/499/494
f 494/499/494 503/509/503 504/510/504 495/500/495
f 495/500/495 504/510/504 505/511/505 496/501/496
f 496/501/496 505/511/505 506/512/506 497/502/497
f 497/502/497 506/512/506 507/513/507 498/503/498
f 498/503/498 507/513/507 500/514/500 491/504/491
f 500/505/500 509/515/509 508/516/508 499/506/499
f 499/506/499 508/516/508 510/517/510 501/507/501
f 501/507/501 510/517/510 511/518/511 502/508/502
f 502/508/502 511/518/511 512/519/512 503/509/503
f 503/509/503 512/519/512 513/520/513 504/510/504
f 504/510/504 513/520/513 514/521/514 505/511/505
f 505/511/505 514/521/514 515/522/515 506/512/506
f 506/512/506 515/522/515 516/523/516 507/513/507
f 507/513/507 516/523/516 509/524/509 500/514/500
f 509/515/509 518/525/518 517/526/517 508/516/508
f 508/516/508 517/526/517 519/527/519 510/517/510
f 510/517/510 519/527/519 520/528/520 511/518/511
f 511/518/511 520/528/520 521/529/521 512/519/512
f 512/519/512 521/529/521 522/530/522 513/520/513
f 513/520/513 522/530/522 523/531/523 514/521/514
f 514/521/514 523/531/523 524/532/524 515/522/515
f 515/522/515 524/532/524 525/533/525 516/523/516
f 516/523/516 525/533/525 518/534/518 509/524/509
f 518/525/518 527/535/527 526/536/526 517/526/517
f 517/526/517 526/536/526 528/537/528 519/527/519
f 519/527/519 528/537/528 529/538/529 520/528/520
f 520/528/520 529/538/529 530/539/530 521/529/521
f 521/529/521 530/539/530 531/540/531 522/530/522
f 522/530/522 531/540/531 532/541/532 523/531/523
f 523/531/523 532/541/532 533/542/533 524/532/524
f 524/532/524 533/542/533 534/543/534 525/533/525
f 525/533/525 534/543/534 527/544/527 518/534/518
f 527/535/527 536/545/536 535/546/535 526/536/526
f 526/536/526 535/546/535 537/547/537 528/537/528
f 528/537/528 537/547/537 538/548/538 529/538/529
f 529/538/529 538/548/538 539/549/539 530/539/530
f 530/539/530 539/549/539 540/550/540 531/540/531
f 531/540/531 540/550/540 541/551/541 532/541/532
f 532/541/532 541/551/541 542/552/542 533/542/533
f 533/542/533 542/552/542 543/553/543 534/543/534
f 534/543/534 543/553/543 536/554/536 527/544/527
f 536/545/536 545/555/545 544/556/544 535/546/535
f 535/546/535 544/556/544 546/557/546 537/547/537
f 537/547/537 546/557/546 547/558/547 538/548/538
f 538/548/538 547/558/547 548/559/548 539/549/539
f 539/549/539 548/559/548 549/560/549 540/550/540
f 540/550/540 549/560/549 550/561/550 541/551/541
f 541/551/541 550/561/550 551/562/551 542/552/542
f 542/552/542 551/562/551 552/563/552 543/553/543
f 543/553/543 552/563/552 545/564/545 536/554/536
f 545/555/545 554/279/554 553/280/553 544/556/544
f 544/556/544 553/280/553 555/281/555 546/557/546
f 546/557/546 555/281/555 556/282/556 547/558/547
f 547/558/547 556/282/556 557/283/557 548/559/548
f 548/559/548 557/283/557 558/284/558 549/560/549
f 549/560/549 558/284/558 559/285/559 550/561/550
f 550/561/550 559/285/559 560/286/560 551/562/551
f 551/562/551 560/286/560 561/287/561 552/563/552
f 552/563/552 561/287/561 554/288/554 545/564/545
f 465/470/465 575/565/575 574/566/574 573/567/573 572/568/572 571/569/571 464/467/464
f 468/472/468 578/570/578 577/571/577 576/572/576 575/573/575 465/470/465
f 579/574/579 580/575/580 578/576/578 468/472/468 470/474/470
f 581/577/581 583/578/583 582/579/582 579/580/579 470/474/470 472/476/472
f 584/581/584 586/582/586 581/577/581 472/476/472 474/478/474 585/583/585
f 474/478/474 477/584/477 588/585/588 587/586/587 585/583/585
f 571/587/571 589/588/589 464/589/464
f 486/490/486 593/590/593 592/591/592 591/592/591 590/593/590 478/594/478 476/479/476
f 594/595/594 596/596/596 593/597/593 486/490/486 488/492/488 595/598/595
f 467/494/467 464/589/464 589/599/589 597/600/597 595/601/595 488/492/488
f 608/602/608 611/603/611 610/604/610 609/605/609
f 609/605/609 610/604/610 613/606/613 612/607/612
f 612/607/612 613/606/613 615/608/615 614/609/614
f 614/609/614 615/608/615 617/610/617 616/611/616
f 616/611/616 617/610/617 619/612/619 618/613/618
f 618/613/618 619/612/619 621/614/621 620/615/620
f 620/615/620 621/614/621 623/616/623 622/617/622
f 624/618/624 626/619/626 625/620/625 622/617/622 623/616/623
f 624/621/624 628/622/628 627/623/627 611/603/611
f 611/603/611 627/623/627 629/624/629 610/604/610
f 610/604/610 629/624/629 630/625/630 613/606/613
f 613/606/613 630/625/630 631/626/631 615/608/615
f 615/608/615 631/626/631 632/627/632 617/610/617
f 617/610/617 632/627/632 633/628/633 619/612/619
f 619/612/619 633/628/633 634/629/634 621/614/621
f 621/614/621 634/629/634 635/630/635 623/616/623
f 623/616/623 635/630/635 628/631/628 624/618/624
f 628/622/628 637/632/637 636/633/636 627/623/627
f 627/623/627 636/633/636 638/634/638 629/624/629
f 629/624/629 638/634/638 639/635/639 630/625/630
f 630/625/630 639/635/639 640/636/640 631/626/631
f 631/626/631 640/636/640 641/637/641 632/627/632
f 632/627/632 641/637/641 642/638/642 633/628/633
f 633/628/633 642/638/642 643/639/643 634/629/634
f 634/629/634 643/639/643 644/640/644 635/630/635
f 635/630/635 644/640/644 637/641/637 628/631/628
f 637/632/637 646/642/646 645/643/645 636/633/636
f 636/633/636 645/643/645 647/644/647 638/634/638
f 638/634/638 647/644/647 648/645/648 639/635/639
f 639/635/639 648/645/648 649/646/649 640/636/640
f 640/636/640 649/646/649 650/647/650 641/637/641
f 641/637/641 650/647/650 651/648/651 642/638/642
f 642/638/642 651/648/651 652/649/652 643/639/643
f 643/639/643 652/649/652 653/650/653 644/640/644
f 644/640/644 653/650/653 646/651/646 637/641/637
f 646/642/646 655/652/655 654/653/654 645/643/645
f 645/643/645 654/653/654 656/654/656 647/644/647
f 647/644/647 656/654/656 657/655/657 648/645/648
f 648/645/648 657/655/657 658/656/658 649/646/649
f 649/646/649 658/656/658 659/657/659 650/647/650
f 650/647/650 659/657/659 660/658/660 651/648/651
f 651/648/651 660/658/660 661/659/661 652/649/652
f 652/649/652 661/659/661 662/660/662 653/650/653
f 653/650/653 662/660/662 655/661/655 646/651/646
f 655/652/655 664/662/664 663/663/663 654/653/654
f 654/653/654 663/663/663 665/664/665 656/654/656
f 656/654/656 665/664/665 666/665/666 657/655/657
f 657/655/657 666/665/666 667/666/667 658/656/658
f 658/656/658 667/666/667 668/667/668 659/657/659
f 659/657/659 668/667/668 669/668/669 660/658/660
f 660/658/660 669/668/669 670/669/670 661/659/661
f 661/659/661 670/669/670 671/670/671 662/660/662
f 662/660/662 671/670/671 664/671/664 655/661/655
f 664/662/664 673/672/673 672/673/672 663/663/663
f 663/663/663 672/673/672 674/674/674 665/664/665
f 665/664/665 674/674/674 675/675/675 666/665/666
f 666/665/666 675/675/675 676/676/676 667/666/667
f 667/666/667 676/676/676 677/677/677 668/667/668
f 668/667/668 677/677/677 678/678/678 669/668/669
f 669/668/669 678/678/678 679/679/679 670/669/670
f 670/669/670 679/679/679 680/680/680 671/670/671
f 671/670/671 680/680/680 673/681/673 664/671/664
f 673/672/673 682/682/682 681/683/681 672/673/672
f 672/673/672 681/683/681 683/684/683 674/674/674
f 674/674/674 683/684/683 684/685/684 675/675/675
f 675/675/675 684/685/684 685/686/685 676/676/676
f 676/676/676 685/686/685 686/687/686 677/677/677
f 677/677/677 686/687/686 687/688/687 678/678/678
f 678/678/678 687/688/687 688/689/688 679/679/679
f 679/679/679 688/689/688 689/690/689 680/680/680
f 680/680/680 689/690/689 682/691/682 673/681/673
f 682/682/682 691/692/691 690/693/690 681/683/681
f 681/683/681 690/693/690 692/694/692 683/684/683
f 683/684/683 692/694/692 693/695/693 684/685/684
f 684/685/684 693/695/693 694/696/694 685/686/685
f 685/686/685 694/696/694 695/697/695 686/687/686
f 686/687/686 695/697/695 696/698/696 687/688/687
f 687/688/687 696/698/696 697/699/697 688/689/688
f 688/689/688 697/699/697 698/700/698 689/690/689
f 689/690/689 698/700/698 691/701/691 682/691/682
f 691/692/691 700/702/700 699/703/699 690/693/690
f 690/693/690 699/703/699 701/704/701 692/694/692
f 692/694/692 701/704/701 702/705/702 693/695/693
f 693/695/693 702/705/702 703/706/703 694/696/694
f 694/696/694 703/706/703 704/707/704 695/697/695
f 695/697/695 704/707/704 705/708/705 696/698/696
f 696/698/696 705/708/705 706/709/706 697/699/697
f 697/699/697 706/709/706 707/710/707 698/700/698
f 698/700/698 707/710/707 700/711/700 691/701/691
f 700/702/700 709/712/709 708/713/708 699/703/699
f 699/703/699 708/713/708 710/714/710 701/704/701
f 701/704/701 710/714/710 711/715/711 702/705/702
f 702/705/702 711/715/711 712/716/712 703/706/703
f 703/706/703 712/716/712 713/717/713 704/707/704
f 704/707/704 713/717/713 714/718/714 705/708/705
f 705/708/705 714/718/714 715/719/715 706/709/706
f 706/709/706 715/719/715 716/720/716 707/710/707
f 707/710/707 716/720/716 709/721/709 700/711/700
f 709/712/709 718/722/718 717/723/717 708/713/708
f 708/713/708 717/723/717 719/724/719 710/714/710
f 710/714/710 719/724/719 720/725/720 711/715/711
f 711/715/711 720/725/720 721/726/721 712/716/712
f 712/716/712 721/726/721 722/727/722 713/717/713
f 713/717/713 722/727/722 723/728/723 714/718/714
f 714/718/714 723/728/723 724/729/724 715/719/715
f 715/719/715 724/729/724 725/730/725 716/720/716
f 716/720/716 725/730/725 718/731/718 709/721/709
f 735/732/735 736/733/736 608/602/608
f 737/734/737 738/735/738 735/736/735 608/602/608 609/605/609
f 739/737/739 740/738/740 737/734/737 609/605/609 612/607/612
f 614/609/614 743/739/743 742/740/742 741/741/741 739/742/739 612/607/612
f 744/743/744 746/744/746 743/739/743 614/609/614 616/611/616 745/745/745
f 747/746/747 745/745/745 616/611/616 618/613/618 748/747/748
f 620/615/620 750/748/750 749/749/749 748/747/748 618/613/618
f 751/750/751 753/751/753 750/752/750 620/615/620 622/617/622 752/753/752
f 754/754/754 752/755/752 622/617/622 625/756/625 755/757/755
f 756/758/756 626/759/626 624/621/624 611/603/611 608/602/608 736/733/736 757/760/757
f 768/761/768 771/762/771 770/763/770 769/764/769
f 769/764/769 770/763/770 773/765/773 772/766/772
f 772/766/772 773/765/773 775/767/775 774/768/774
f 774/768/774 775/767/775 777/769/777 776/770/776
f 776/770/776 777/769/777 779/771/779 778/772/778
f 778/772/778 779/771/779 781/773/781 780/774/780
f 782/775/782 784/776/784 783/777/783 780/774/780 781/773/781
f 782/778/782 787/779/787 786/780/786 785/781/785
f 785/781/785 786/780/786 788/782/788 771/762/771
f 771/762/771 788/782/788 789/783/789 770/763/770
f 770/763/770 789/783/789 790/784/790 773/765/773
f 773/765/773 790/784/790 791/785/791 775/767/775
f 775/767/775 791/785/791 792/786/792 777/769/777
f 777/769/777 792/786/792 793/787/793 779/771/779
f 779/771/779 793/787/793 794/788/794 781/773/781
f 781/773/781 794/788/794 787/789/787 782/775/782
f 787/779/787 796/790/796 795/791/795 786/780/786
f 786/780/786 795/791/795 797/792/797 788/782/788
f 788/782/788 797/792/797 798/793/798 789/783/789
f 789/783/789 798/793/798 799/794/799 790/784/790
f 790/784/790 799/794/799 800/795/800 791/785/791
f 791/785/791 800/795/800 801/796/801 792/786/792
f 792/786/792 801/796/801 802/797/802 793/787/793
f 793/787/793 802/797/802 803/798/803 794/788/794
f 794/788/794 803/798/803 796/799/796 787/789/787
f 796/790/796 805/800/805 804/801/804 795/791/795
f 795/791/795 804/801/804 806/802/806 797/792/797
f 797/792/797 806/802/806 807/803/807 798/793/798
f 798/793/798 807/803/807 808/804/808 799/794/799
f 799/794/799 808/804/808 809/805/809 800/795/800
f 800/795/800 809/805/809 810/806/810 801/796/801
f 801/796/801 810/806/810 811/807/811 802/797/802
f 802/797/802 811/807/811 812/808/812 803/798/803
f 803/798/803 812/808/812 805/809/805 796/799/796
f 805/800/805 814/810/814 813/811/813 804/801/804
f 804/801/804 813/811/813 815/812/815 806/802/806
f 806/802/806 815/812/815 816/813/816 807/803/807
f 807/803/807 816/813/816 817/814/817 808/804/808
f 808/804/808 817/814/817 818/815/818 809/805/809
f 809/805/809 818/815/818 819/816/819 810/806/810
f 810/806/810 819/816/819 820/817/820 811/807/811
f 811/807/811 820/817/820 821/818/821 812/808/812
f 812/808/812 821/818/821 814/819/814 805/809/805
f 814/810/814 823/820/823 822/821/822 813/811/813
f 813/811/813 822/821/822 824/822/824 815/812/815
f 815/812/815 824/822/824 825/823/825 816/813/816
f 816/813/816 825/823/825 826/824/826 817/814/817
f 817/814/817 826/824/826 827/825/827 818/815/818
f 818/815/818 827/825/827 828/826/828 819/816/819
f 819/816/819 828/826/828 829/827/829 820/817/820
f 820/817/820 829/827/829 830/828/830 821/818/821
f 821/818/821 830/828/830 823/829/823 814/819/814
f 823/820/823 832/830/832 831/831/831 822/821/822
f 822/821/822 831/831/831 833/832/833 824/822/824
f 824/822/824 833/832/833 834/833/834 825/823/825
f 825/823/825 834/833/834 835/834/835 826/824/826
f 826/824/826 835/834/835 836/835/836 827/825/827
f 827/825/827 836/835/836 837/836/837 828/826/828
f 828/826/828 837/836/837 838/837/838 829/827/829
f 829/827/829 838/837/838 839/838/839 830/828/830
f 830/828/830 839/838/839 832/839/832 823/829/823
f 832/830/832 841/840/841 840/841/840 831/831/831
f 831/831/831 840/841/840 842/842/842 833/832/833
f 833/832/833 842/842/842 843/843/843 834/833/834
f 834/833/834 843/843/843 844/844/844 835/834/835
f 835/834/835 844/844/844 845/845/845 836/835/836
f 836/835/836 845/845/845 846/846/846 837/836/837
f 837/836/837 846/846/846 847/847/847 838/837/838
f 838/837/838 847/847/847 848/848/848 839/838/839
f 839/838/839 848/848/848 841/849/841 832/839/832
f 841/840/841 850/850/850 849/851/849 840/841/840
f 840/841/840 849/851/849 851/852/851 842/842/842
f 842/842/842 851/852/851 852/853/852 843/843/843
f 843/843/843 852/853/852 853/854/853 844/844/844
f 844/844/844 853/854/853 854/855/854 845/845/845
f 845/845/845 854/855/854 855/856/855 846/846/846
f 846/846/846 855/856/855 856/857/856 847/847/847
f 847/847/847 856/857/856 857/858/857 848/848/848
f 848/848/848 857/858/857 850/859/850 841/849/841
f 850/850/850 859/279/859 858/280/858 849/851/849
f 849/851/849 858/280/858 860/281/860 851/852/851
f 851/852/851 860/281/860 861/282/861 852/853/852
f 852/853/852 861/282/861 862/283/862 853/854/853
f 853/854/853 862/283/862 863/284/863 854/855/854
f 854/855/854 863/284/863 864/285/864 855/856/855
f 855/856/855 864/285/864 865/286/865 856/857/856
f 856/857/856 865/286/865 866/287/866 857/858/857
f 857/858/857 866/287/866 859/288/859 850/859/850
f 876/860/876 878/861/878 768/761/768 877/862/877
f 879/863/879 877/864/877 768/761/768 769/764/769 880/865/880
f 881/866/881 880/867/880 769/764/769 772/766/772 882/868/882
f 883/869/883 885/870/885 882/868/882 772/766/772 774/768/774 884/871/884
f 776/770/776 888/872/888 887/873/887 886/874/886 884/871/884 774/768/774
f 889/875/889 888/872/888 776/770/776 778/772/778 890/876/890
f 891/877/891 893/878/893 890/879/890 778/772/778 780/774/780 892/880/892
f 894/881/894 895/882/895 892/883/892 780/774/780 783/884/783
f 896/885/896 784/886/784 782/778/782 785/781/785 898/887/898 897/888/897
f 771/762/771 768/761/768 878/889/878 898/890/898 785/781/785
f 909/891/909 912/892/912 911/893/911 910/894/910
f 910/894/910 911/893/911 914/895/914 913/896/913
f 915/897/915 918/898/918 917/899/917 916/900/916 913/896/913 914/895/914
f 919/901/919 922/902/922 921/903/921 920/904/920
f 920/904/920 921/903/921 924/905/924 923/906/923
f 923/906/923 924/905/924 926/907/926 925/908/925
f 925/908/925 926/907/926 912/909/912 909/910/909
f 912/892/912 928/911/928 927/912/927 911/893/911
f 911/893/911 927/912/927 929/913/929 914/895/914
f 914/895/914 929/913/929 930/914/930 915/897/915
f 915/897/915 930/914/930 932/915/932 931/916/931
f 931/916/931 932/915/932 933/917/933 922/902/922
f 922/902/922 933/917/933 934/918/934 921/903/921
f 921/903/921 934/918/934 935/919/935 924/905/924
f 924/905/924 935/919/935 936/920/936 926/907/926
f 926/907/926 936/920/936 928/921/928 912/909/912
f 928/911/928 938/922/938 937/923/937 927/912/927
f 927/912/927 937/923/937 939/924/939 929/913/929
f 929/913/929 939/924/939 940/925/940 930/914/930
f 930/914/930 940/925/940 941/926/941 932/915/932
f 932/915/932 941/926/941 942/927/942 933/917/933
f 933/917/933 942/927/942 943/928/943 934/918/934
f 934/918/934 943/928/943 944/929/944 935/919/935
f 935/919/935 944/929/944 945/930/945 936/920/936
f 936/920/936 945/930/945 938/931/938 928/921/928
f 938/922/938 947/932/947 946/933/946 937/923/937
f 937/923/937 946/933/946 948/934/948 939/924/939
f 939/924/939 948/934/948 949/935/949 940/925/940
f 940/925/940 949/935/949 950/936/950 941/926/941
f 941/926/941 950/936/950 951/937/951 942/927/942
f 942/927/942 951/937/951 952/938/952 943/928/943
f 943/928/943 952/938/952 953/939/953 944/929/944
f 944/929/944 953/939/953 954/940/954 945/930/945
f 945/930/945 954/940/954 947/941/947 938/931/938
f 947/932/947 956/942/956 955/943/955 946/933/946
f 946/933/946 955/943/955 957/944/957 948/934/948
f 948/934/948 957/944/957 958/945/958 949/935/949
f 949/935/949 958/945/958 959/946/959 950/936/950
f 950/936/950 959/946/959 960/947/960 951/937/951
f 951/937/951 960/947/960 961/948/961 952/938/952
f 952/938/952 961/948/961 962/949/962 953/939/953
f 953/939/953 962/949/962 963/950/963 954/940/954
f 954/940/954 963/950/963 956/951/956 947/941/947
f 956/942/956 965/952/965 964/953/964 955/943/955
f 955/943/955 964/953/964 966/954/966 957/944/957
f 957/944/957 966/954/966 967/955/967 958/945/958
f 958/945/958 967/955/967 968/956/968 959/946/959
f 959/946/959 968/956/968 969/957/969 960/947/960
f 960/947/960 969/957/969 970/958/970 961/948/961
f 961/948/961 970/958/970 971/959/971 962/949/962
f 962/949/962 971/959/971 972/960/972 963/950/963
f 963/950/963 972/960/972 965/961/965 956/951/956
f 965/952/965 974/962/974 973/963/973 964/953/964
f 964/953/964 973/963/973 975/964/975 966/954/966
f 966/954/966 975/964/975 976/965/976 967/955/967
f 967/955/967 976/965/976 977/966/977 968/956/968
f 968/956/968 977/966/977 978/967/978 969/957/969
f 969/957/969 978/967/978 979/968/979 970/958/970
f 970/958/970 979/968/979 980/969/980 971/959/971
f 971/959/971 980/969/980 981/970/981 972/960/972
f 972/960/972 981/970/981 974/971/974 965/961/965
f 974/962/974 983/972/983 982/973/982 973/963/973
f 973/963/973 982/973/982 984/974/984 975/964/975
f 975/964/975 984/974/984 985/975/985 976/965/976
f 976/965/976 985/975/985 986/976/986 977/966/977
f 977/966/977 986/976/986 987/977/987 978/967/978
f 978/967/978 987/977/987 988/978/988 979/968/979
f 979/968/979 988/978/988 989/979/989 980/969/980
f 980/969/980 989/979/989 990/980/990 981/970/981
f 981/970/981 990/980/990 983/981/983 974/971/974
f 983/972/983 992/982/992 991/983/991 982/973/982
f 982/973/982 991/983/991 993/984/993 984/974/984
f 984/974/984 993/984/993 994/985/994 985/975/985
f 985/975/985 994/985/994 995/986/995 986/976/986
f 986/976/986 995/986/995 996/987/996 987/977/987
f 987/977/987 996/987/996 997/988/997 988/978/988
f 988/978/988 997/988/997 998/989/998 989/979/989
f 989/979/989 998/989/998 999/990/999 990/980/990
f 990/980/990 999/990/999 992/991/992 983/981/983
f 910/894/910 1012/992/1012 1011/993/1011 1010/994/1010 1009/995/1009 909/891/909
f 1013/996/1013 1014/997/1014 1012/998/1012 910/894/910 913/896/913
f 1015/999/1015 1013/996/1013 913/896/913 916/1000/916 1017/1001/1017 1016/1002/1016
f 919/901/919 1019/1003/1019 1018/1004/1018
f 1020/1005/1020 1019/1003/1019 919/901/919 920/904/920
f 1021/1006/1021 1023/1007/1023 1020/1005/1020 920/904/920 923/906/923 1022/1008/1022
f 1024/1009/1024 1026/1010/1026 1022/1011/1022 923/906/923 925/908/925 1025/1012/1025
f 1027/1013/1027 1025/1014/1025 925/908/925 909/910/909 1009/1015/1009 1028/1016/1028
f 1029/1017/1029 918/1018/918 915/897/915 931/916/931 1031/1019/1031 1030/1020/1030
f 1032/1021/1032 1034/1022/1034 1031/1019/1031 931/916/931 922/902/922 919/901/919 1018/1023/1018 1033/1024/1033
f 1045/1025/1045 1054/1026/1054 1053/1027/1053 1052/1028/1052 1051/1029/1051 1050/1030/1050 1049/1031/1049 1048/1032/1048 1047/1/1047 1046/1033/1046
f 1055/1034/1055 1063/1035/1063 1062/1036/1062 1061/1037/1061 1060/1038/1060 1059/1039/1059 1058/1040/1058 1057/1041/1057 1056/1042/1056 1054/1043/1054 1045/1025/1045
f 1063/1044/1063 1055/1034/1055 1065/1045/1065 1064/8/1064
f 1066/1046/1066 1074/1047/1074 1073/1048/1073 1072/1049/1072 1071/1050/1071 1070/1051/1070 1069/1052/1069 1068/1053/1068 1067/1054/1067 1064/8/1064 1065/1045/1065
f 1046/1033/1046 1076/1055/1076 1075/1056/1075 1045/1025/1045
f 1045/1025/1045 1075/1056/1075 1077/1057/1077 1055/1034/1055
f 1055/1034/1055 1077/1057/1077 1078/1058/1078 1065/1045/1065
f 1065/1045/1065 1078/1058/1078 1079/1059/1079 1066/1046/1066
f 1066/1046/1066 1079/1059/1079 1081/1060/1081 1080/1061/1080
f 1080/1061/1080 1081/1060/1081 1083/1062/1083 1082/1063/1082
f 1082/1063/1082 1083/1062/1083 1085/1064/1085 1084/1065/1084
f 1084/1065/1084 1085/1064/1085 1087/1066/1087 1086/1067/1086
f 1086/1067/1086 1087/1066/1087 1076/1068/1076 1046/1069/1046
f 1076/1055/1076 1089/1070/1089 1088/1071/1088 1075/1056/1075
f 1075/1056/1075 1088/1071/1088 1090/1072/1090 1077/1057/1077
f 1077/1057/1077 1090/1072/1090 1091/1073/1091 1078/1058/1078
f 1078/1058/1078 1091/1073/1091 1092/1074/1092 1079/1059/1079
f 1079/1059/1079 1092/1074/1092 1093/1075/1093 1081/1060/1081
f 1081/1060/1081 1093/1075/1093 1094/1076/1094 1083/1062/1083
f 1083/1062/1083 1094/1076/1094 1095/1077/1095 1085/1064/1085
f 1085/1064/1085 1095/1077/1095 1096/1078/1096 1087/1066/1087
f 1087/1066/1087 1096/1078/1096 1089/1079/1089 1076/1068/1076
f 1089/1070/1089 1098/1080/1098 1097/1081/1097 1088/1071/1088
f 1088/1071/1088 1097/1081/1097 1099/1082/1099 1090/1072/1090
f 1090/1072/1090 1099/1082/1099 1100/1083/1100 1091/1073/1091
f 1091/1073/1091 1100/1083/1100 1101/1084/1101 1092/1074/1092
f 1092/1074/1092 1101/1084/1101 1102/1085/1102 1093/1075/1093
f 1093/1075/1093 1102/1085/1102 1103/1086/1103 1094/1076/1094
f 1094/1076/1094 1103/1086/1103 1104/1087/1104 1095/1077/1095
f 1095/1077/1095 1104/1087/1104 1105/1088/1105 1096/1078/1096
f 1096/1078/1096 1105/1088/1105 1098/1089/1098 1089/1079/1089
f 1098/1080/1098 1107/1090/1107 1106/1091/1106 1097/1081/1097
f 1097/1081/1097 1106/1091/1106 1108/1092/1108 1099/1082/1099
f 1099/1082/1099 1108/1092/1108 1109/1093/1109 1100/1083/1100
f 1100/1083/1100 1109/1093/1109 1110/1094/1110 1101/1084/1101
f 1101/1084/1101 1110/1094/1110 1111/1095/1111 1102/1085/1102
f 1102/1085/1102 1111/1095/1111 1112/1096/1112 1103/1086/1103
f 1103/1086/1103 1112/1096/1112 1113/1097/1113 1104/1087/1104
f 1104/1087/1104 1113/1097/1113 1114/1098/1114 1105/1088/1105
f 1105/1088/1105 1114/1098/1114 1107/1099/1107 1098/1089/1098
f 1107/1090/1107 1116/1100/1116 1115/1101/1115 1106/1091/1106
f 1106/1091/1106 1115/1101/1115 1117/1102/1117 1108/1092/1108
f 1108/1092/1108 1117/1102/1117 1118/1103/1118 1109/1093/1109
f 1109/1093/1109 1118/1103/1118 1119/1104/1119 1110/1094/1110
f 1110/1094/1110 1119/1104/1119 1120/1105/1120 1111/1095/1111
f 1111/1095/1111 1120/1105/1120 1121/1106/1121 1112/1096/1112
f 1112/1096/1112 1121/1106/1121 1122/1107/1122 1113/1097/1113
f 1113/1097/1113 1122/1107/1122 1123/1108/1123 1114/1098/1114
f 1114/1098/1114 1123/1108/1123 1116/1109/1116 1107/1099/1107
f 1116/1100/1116 1125/1110/1125 1124/1111/1124 1115/1101/1115
f 1115/1101/1115 1124/1111/1124 1126/1112/1126 1117/1102/1117
f 1117/1102/1117 1126/1112/1126 1127/1113/1127 1118/1103/1118
f 1118/1103/1118 1127/1113/1127 1128/1114/1128 1119/1104/1119
f 1119/1104/1119 1128/1114/1128 1129/1115/1129 1120/1105/1120
f 1120/1105/1120 1129/1115/1129 1130/1116/1130 1121/1106/1121
f 1121/1106/1121 1130/1116/1130 1131/1117/1131 1122/1107/1122
f 1122/1107/1122 1131/1117/1131 1132/1118/1132 1123/1108/1123
f 1123/1108/1123 1132/1118/1132 1125/1119/1125 1116/1109/1116
f 1125/1110/1125 1134/1120/1134 1133/1121/1133 1124/1111/1124
f 1124/1111/1124 1133/1121/1133 1135/1122/1135 1126/1112/1126
f 1126/1112/1126 1135/1122/1135 1136/1123/1136 1127/1113/1127
f 1127/1113/1127 1136/1123/1136 1137/1124/1137 1128/1114/1128
f 1128/1114/1128 1137/1124/1137 1138/1125/1138 1129/1115/1129
f 1129/1115/1129 1138/1125/1138 1139/1126/1139 1130/1116/1130
f 1130/1116/1130 1139/1126/1139 1140/1127/1140 1131/1117/1131
f 1131/1117/1131 1140/1127/1140 1141/1128/1141 1132/1118/1132
f 1132/1118/1132 1141/1128/1141 1134/1129/1134 1125/1119/1125
f 1134/1120/1134 1143/1130/1143 1142/1131/1142 1133/1121/1133
f 1133/1121/1133 1142/1131/1142 1144/1132/1144 1135/1122/1135
f 1135/1122/1135 1144/1132/1144 1145/1133/1145 1136/1123/1136
f 1136/1123/1136 1145/1133/1145 1146/1134/1146 1137/1124/1137
f 1137/1124/1137 1146/1134/1146 1147/1135/1147 1138/1125/1138
f 1138/1125/1138 1147/1135/1147 1148/1136/1148 1139/1126/1139
f 1139/1126/1139 1148/1136/1148 1149/1137/1149 1140/1127/1140
f 1140/1127/1140 1149/1137/1149 1150/1138/1150 1141/1128/1141
f 1141/1128/1141 1150/1138/1150 1143/1139/1143 1134/1129/1134
f 1143/1130/1143 1152/1140/1152 1151/1141/1151 1142/1131/1142
f 1142/1131/1142 1151/1141/1151 1153/1142/1153 1144/1132/1144
f 1144/1132/1144 1153/1142/1153 1154/1143/1154 1145/1133/1145
f 1145/1133/1145 1154/1143/1154 1155/1144/1155 1146/1134/1146
f 1146/1134/1146 1155/1144/1155 1156/1145/1156 1147/1135/1147
f 1147/1135/1147 1156/1145/1156 1157/1146/1157 1148/1136/1148
f 1148/1136/1148 1157/1146/1157 1158/1147/1158 1149/1137/1149
f 1149/1137/1149 1158/1147/1158 1159/1148/1159 1150/1138/1150
f 1150/1138/1150 1159/1148/1159 1152/1149/1152 1143/1139/1143
f 1152/1140/1152 1161/722/1161 1160/723/1160 1151/1141/1151
f 1151/1141/1151 1160/723/1160 1162/724/1162 1153/1142/1153
f 1153/1142/1153 1162/724/1162 1163/725/1163 1154/1143/1154
f 1154/1143/1154 1163/725/1163 1164/726/1164 1155/1144/1155
f 1155/1144/1155 1164/726/1164 1165/727/1165 1156/1145/1156
f 1156/1145/1156 1165/727/1165 1166/728/1166 1157/1146/1157
f 1157/1146/1157 1166/728/1166 1167/729/1167 1158/1147/1158
f 1158/1147/1158 1167/729/1167 1168/730/1168 1159/1148/1159
f 1159/1148/1159 1168/730/1168 1161/731/1161 1152/1149/1152
f 1178/1150/1178 1074/1151/1074 1066/1046/1066 1080/1061/1080 1184/1152/1184 1183/1153/1183 1182/1154/1182 1181/1155/1181 1180/1156/1180 1179/1157/1179
f 1185/1158/1185 1188/1159/1188 1184/1160/1184 1080/1061/1080 1082/1063/1082 1187/1161/1187 1186/1162/1186
f 1189/1163/1189 1191/1164/1191 1190/1165/1190 1187/1166/1187 1082/1063/1082 1084/1065/1084
f 1086/1067/1086 1196/1167/1196 1195/1168/1195 1194/1169/1194 1193/1170/1193 1192/1171/1192 1189/1172/1189 1084/1065/1084
f 1197/1173/1197 1196/1174/1196 1086/1067/1086 1046/1069/1046 1047/20/1047 1199/1175/1199 1198/1176/1198
g all_branches branch_caps level2 manual_prune tree_branch_generator2
usemtl /obj/geo1/tree_controller1/matnet1/labs_shader1
f 1200/20/1200 1202/20/1202 1201/20/1201
f 1201/20/1201 1202/20/1202 1203/20/1203
f 1203/20/1203 1202/20/1202 1204/20/1204
f 1204/20/1204 1202/20/1202 1205/20/1205
f 1205/20/1205 1202/20/1202 1200/20/1200
f 1217/20/1217 1200/20/1200 1201/20/1201 1216/20/1216
f 1216/20/1216 1201/20/1201 1203/20/1203 1218/20/1218
f 1218/20/1218 1203/20/1203 1204/20/1204 1219/20/1219
f 1219/20/1219 1204/20/1204 1205/20/1205 1220/20/1220
f 1220/20/1220 1205/20/1205 1200/20/1200 1217/20/1217
f 1236/20/1236 1238/20/1238 1237/20/1237
f 1237/20/1237 1238/20/1238 1239/20/1239
f 1239/20/1239 1238/20/1238 1240/20/1240
f 1240/20/1240 1238/20/1238 1241/20/1241
f 1241/20/1241 1238/20/1238 1236/20/1236
f 1265/20/1265 1236/20/1236 1237/20/1237 1264/20/1264
f 1264/20/1264 1237/20/1237 1239/20/1239 1266/20/1266
f 1266/20/1266 1239/20/1239 1240/20/1240 1267/20/1267
f 1267/20/1267 1240/20/1240 1241/20/1241 1268/20/1268
f 1268/20/1268 1241/20/1241 1236/20/1236 1265/20/1265
f 1283/20/1283 1285/20/1285 1284/20/1284
f 1284/20/1284 1285/20/1285 1286/20/1286
f 1286/20/1286 1285/20/1285 1287/20/1287
f 1287/20/1287 1285/20/1285 1288/20/1288
f 1288/20/1288 1285/20/1285 1283/20/1283
f 1305/20/1305 1283/20/1283 1284/20/1284 1304/20/1304
f 1304/20/1304 1284/20/1284 1286/20/1286 1306/20/1306
f 1306/20/1306 1286/20/1286 1287/20/1287 1307/20/1307
f 1307/20/1307 1287/20/1287 1288/20/1288 1308/20/1308
f 1308/20/1308 1288/20/1288 1283/20/1283 1305/20/1305
f 1319/20/1319 1321/20/1321 1320/20/1320
f 1320/20/1320 1321/20/1321 1322/20/1322
f 1322/20/1322 1321/20/1321 1323/20/1323
f 1323/20/1323 1321/20/1321 1324/20/1324
f 1324/20/1324 1321/20/1321 1319/20/1319
f 1341/20/1341 1319/20/1319 1320/20/1320 1340/20/1340
f 1340/20/1340 1320/20/1320 1322/20/1322 1342/20/1342
f 1342/20/1342 1322/20/1322 1323/20/1323 1343/20/1343
f 1343/20/1343 1323/20/1323 1324/20/1324 1344/20/1344
f 1344/20/1344 1324/20/1324 1319/20/1319 1341/20/1341
f 1366/20/1366 1368/20/1368 1367/20/1367
f 1367/20/1367 1368/20/1368 1369/20/1369
f 1369/20/1369 1368/20/1368 1370/20/1370
f 1370/20/1370 1368/20/1368 1371/20/1371
f 1371/20/1371 1368/20/1368 1366/20/1366
f 1389/20/1389 1366/20/1366 1367/20/1367 1388/20/1388
f 1388/20/1388 1367/20/1367 1369/20/1369 1390/20/1390
f 1390/20/1390 1369/20/1369 1370/20/1370 1391/20/1391
f 1391/20/1391 1370/20/1370 1371/20/1371 1392/20/1392
f 1392/20/1392 1371/20/1371 1366/20/1366 1389/20/1389
f 1400/20/1400 1402/20/1402 1401/20/1401
f 1401/20/1401 1402/20/1402 1403/20/1403
f 1403/20/1403 1402/20/1402 1404/20/1404
f 1404/20/1404 1402/20/1402 1405/20/1405
f 1405/20/1405 1402/20/1402 1400/20/1400
f 1426/20/1426 1400/20/1400 1401/20/1401 1425/20/1425
f 1425/20/1425 1401/20/1401 1403/20/1403 1427/20/1427
f 1427/20/1427 1403/20/1403 1404/20/1404 1428/20/1428
f 1428/20/1428 1404/20/1404 1405/20/1405 1429/20/1429
f 1429/20/1429 1405/20/1405 1400/20/1400 1426/20/1426
f 1472/20/1472 1474/20/1474 1473/20/1473
f 1473/20/1473 1474/20/1474 1475/20/1475
f 1475/20/1475 1474/20/1474 1476/20/1476
f 1476/20/1476 1474/20/1474 1477/20/1477
f 1477/20/1477 1474/20/1474 1472/20/1472
f 1494/20/1494 1472/20/1472 1473/20/1473 1493/20/1493
f 1493/20/1493 1473/20/1473 1475/20/1475 1495/20/1495
f 1495/20/1495 1475/20/1475 1476/20/1476 1496/20/1496
f 1496/20/1496 1476/20/1476 1477/20/1477 1497/20/1497
f 1497/20/1497 1477/20/1477 1472/20/1472 1494/20/1494
f 1509/20/1509 1511/20/1511 1510/20/1510
f 1510/20/1510 1511/20/1511 1512/20/1512
f 1512/20/1512 1511/20/1511 1513/20/1513
f 1513/20/1513 1511/20/1511 1514/20/1514
f 1514/20/1514 1511/20/1511 1509/20/1509
f 1538/20/1538 1509/20/1509 1510/20/1510 1537/20/1537
f 1537/20/1537 1510/20/1510 1512/20/1512 1539/20/1539
f 1539/20/1539 1512/20/1512 1513/20/1513 1540/20/1540
f 1540/20/1540 1513/20/1513 1514/20/1514 1541/20/1541
f 1541/20/1541 1514/20/1514 1509/20/1509 1538/20/1538
f 1556/20/1556 1558/20/1558 1557/20/1557
f 1557/20/1557 1558/20/1558 1559/20/1559
f 1559/20/1559 1558/20/1558 1560/20/1560
f 1560/20/1560 1558/20/1558 1561/20/1561
f 1561/20/1561 1558/20/1558 1556/20/1556
f 1578/20/1578 1556/20/1556 1557/20/1557 1577/20/1577
f 1577/20/1577 1557/20/1557 1559/20/1559 1579/20/1579
f 1579/20/1579 1559/20/1559 1560/20/1560 1580/20/1580
f 1580/20/1580 1560/20/1560 1561/20/1561 1581/20/1581
f 1581/20/1581 1561/20/1561 1556/20/1556 1578/20/1578
f 1739/20/1739 1741/20/1741 1740/20/1740
f 1740/20/1740 1741/20/1741 1742/20/1742
f 1742/20/1742 1741/20/1741 1743/20/1743
f 1743/20/1743 1741/20/1741 1744/20/1744
f 1744/20/1744 1741/20/1741 1739/20/1739
f 1773/20/1773 1739/20/1739 1740/20/1740 1772/20/1772
f 1772/20/1772 1740/20/1740 1742/20/1742 1774/20/1774
f 1774/20/1774 1742/20/1742 1743/20/1743 1775/20/1775
f 1775/20/1775 1743/20/1743 1744/20/1744 1776/20/1776
f 1776/20/1776 1744/20/1744 1739/20/1739 1773/20/1773
f 1784/20/1784 1786/20/1786 1785/20/1785
f 1785/20/1785 1786/20/1786 1787/20/1787
f 1787/20/1787 1786/20/1786 1788/20/1788
f 1788/20/1788 1786/20/1786 1789/20/1789
f 1789/20/1789 1786/20/1786 1784/20/1784
f 1822/20/1822 1784/20/1784 1785/20/1785 1821/20/1821
f 1821/20/1821 1785/20/1785 1787/20/1787 1823/20/1823
f 1823/20/1823 1787/20/1787 1788/20/1788 1824/20/1824
f 1824/20/1824 1788/20/1788 1789/20/1789 1825/20/1825
f 1825/20/1825 1789/20/1789 1784/20/1784 1822/20/1822
f 1892/20/1892 1894/20/1894 1893/20/1893
f 1893/20/1893 1894/20/1894 1895/20/1895
f 1895/20/1895 1894/20/1894 1896/20/1896
f 1896/20/1896 1894/20/1894 1897/20/1897
f 1897/20/1897 1894/20/1894 1892/20/1892
f 1914/20/1914 1892/20/1892 1893/20/1893 1913/20/1913
f 1913/20/1913 1893/20/1893 1895/20/1895 1915/20/1915
f 1915/20/1915 1895/20/1895 1896/20/1896 1916/20/1916
f 1916/20/1916 1896/20/1896 1897/20/1897 1917/20/1917
f 1917/20/1917 1897/20/1897 1892/20/1892 1914/20/1914
f 1937/20/1937 1939/20/1939 1938/20/1938
f 1938/20/1938 1939/20/1939 1940/20/1940
f 1940/20/1940 1939/20/1939 1941/20/1941
f 1941/20/1941 1939/20/1939 1942/20/1942
f 1942/20/1942 1939/20/1939 1937/20/1937
f 1959/20/1959 1937/20/1937 1938/20/1938 1958/20/1958
f 1958/20/1958 1938/20/1938 1940/20/1940 1960/20/1960
f 1960/20/1960 1940/20/1940 1941/20/1941 1961/20/1961
f 1961/20/1961 1941/20/1941 1942/20/1942 1962/20/1962
f 1962/20/1962 1942/20/1942 1937/20/1937 1959/20/1959
f 1993/20/1993 1995/20/1995 1994/20/1994
f 1994/20/1994 1995/20/1995 1996/20/1996
f 1996/20/1996 1995/20/1995 1997/20/1997
f 1997/20/1997 1995/20/1995 1998/20/1998
f 1998/20/1998 1995/20/1995 1993/20/1993
f 2015/20/2015 1993/20/1993 1994/20/1994 2014/20/2014
f 2014/20/2014 1994/20/1994 1996/20/1996 2016/20/2016
f 2016/20/2016 1996/20/1996 1997/20/1997 2017/20/2017
f 2017/20/2017 1997/20/1997 1998/20/1998 2018/20/2018
f 2018/20/2018 1998/20/1998 1993/20/1993 2015/20/2015
g all_branches level2 manual_prune tree_branch_generator2
usemtl /obj/geo1/tree_controller1/matnet1/labs_shader1
f 1206/1177/1206 1209/1178/1209 1208/1179/1208 1207/1180/1207
f 1207/1180/1207 1208/1179/1208 1211/1181/1211 1210/1182/1210
f 1210/1182/1210 1211/1181/1211 1213/1183/1213 1212/1184/1212
f 1212/1184/1212 1213/1183/1213 1215/1185/1215 1214/1186/1214
f 1214/1186/1214 1215/1185/1215 1209/1187/1209 1206/1188/1206
f 1209/1178/1209 1217/722/1217 1216/1189/1216 1208/1179/1208
f 1208/1179/1208 1216/1189/1216 1218/1190/1218 1211/1181/1211
f 1211/1181/1211 1218/1190/1218 1219/1191/1219 1213/1183/1213
f 1213/1183/1213 1219/1191/1219 1220/1192/1220 1215/1185/1215
f 1215/1185/1215 1220/1192/1220 1217/731/1217 1209/1187/1209
f 1221/1193/1221 1224/1194/1224 1223/1195/1223 1206/1177/1206 1207/1180/1207 1222/1196/1222
f 1225/1197/1225 1227/1198/1227 1222/1199/1222 1207/1180/1207 1210/1182/1210 1226/1200/1226
f 1212/1184/1212 1229/1201/1229 1228/1202/1228 1226/1203/1226 1210/1182/1210
f 1230/1204/1230 1232/1205/1232 1229/1206/1229 1212/1184/1212 1214/1186/1214 1231/1207/1231
f 1233/1208/1233 1235/1209/1235 1231/1210/1231 1214/1186/1214 1206/1188/1206 1223/1211/1223 1234/1212/1234
f 1242/1213/1242 1250/1214/1250 1249/1215/1249 1248/1216/1248 1247/1217/1247 1246/1218/1246 1245/1219/1245 1244/1/1244 1243/1220/1243
f 1243/1220/1243 1252/1221/1252 1251/1222/1251 1242/1213/1242
f 1242/1213/1242 1251/1222/1251 1254/1223/1254 1253/1224/1253
f 1253/1224/1253 1254/1223/1254 1256/1225/1256 1255/1226/1255
f 1255/1226/1255 1256/1225/1256 1258/1227/1258 1257/1228/1257
f 1257/1228/1257 1258/1227/1258 1252/1229/1252 1243/1230/1243
f 1252/1221/1252 1260/1231/1260 1259/1232/1259 1251/1222/1251
f 1251/1222/1251 1259/1232/1259 1261/1233/1261 1254/1223/1254
f 1254/1223/1254 1261/1233/1261 1262/1234/1262 1256/1225/1256
f 1256/1225/1256 1262/1234/1262 1263/1235/1263 1258/1227/1258
f 1258/1227/1258 1263/1235/1263 1260/1236/1260 1252/1229/1252
f 1260/1231/1260 1265/982/1265 1264/1237/1264 1259/1232/1259
f 1259/1232/1259 1264/1237/1264 1266/1238/1266 1261/1233/1261
f 1261/1233/1261 1266/1238/1266 1267/1239/1267 1262/1234/1262
f 1262/1234/1262 1267/1239/1267 1268/1240/1268 1263/1235/1263
f 1263/1235/1263 1268/1240/1268 1265/991/1265 1260/1236/1260
f 1269/1241/1269 1272/1242/1272 1271/1243/1271 1250/1214/1250 1242/1213/1242 1253/1224/1253 1270/1244/1270
f 1273/1245/1273 1275/1246/1275 1270/1247/1270 1253/1224/1253 1255/1226/1255 1274/1248/1274
f 1257/1228/1257 1280/1249/1280 1279/1250/1279 1278/1251/1278 1277/1252/1277 1276/1253/1276 1274/1254/1274 1255/1226/1255
f 1281/1255/1281 1280/1256/1280 1257/1228/1257 1243/1230/1243 1244/20/1244 1282/1257/1282
f 1289/1/1289 1292/1258/1292 1291/1259/1291 1290/1260/1290
f 1290/1260/1290 1291/1259/1291 1294/1261/1294 1293/1262/1293
f 1295/1263/1295 1297/1264/1297 1296/1265/1296 1293/1262/1293 1294/1261/1294
f 1292/1258/1292 1299/1266/1299 1298/1267/1298 1291/1259/1291
f 1291/1259/1291 1298/1267/1298 1300/1268/1300 1294/1261/1294
f 1294/1261/1294 1300/1268/1300 1301/1269/1301 1295/1263/1295
f 1295/1263/1295 1301/1269/1301 1303/1270/1303 1302/1271/1302
f 1302/1271/1302 1303/1270/1303 1299/1272/1299 1292/1273/1292
f 1299/1266/1299 1305/1274/1305 1304/1275/1304 1298/1267/1298
f 1298/1267/1298 1304/1275/1304 1306/1276/1306 1300/1268/1300
f 1300/1268/1300 1306/1276/1306 1307/1277/1307 1301/1269/1301
f 1301/1269/1301 1307/1277/1307 1308/1278/1308 1303/1270/1303
f 1303/1270/1303 1308/1278/1308 1305/1279/1305 1299/1272/1299
f 1302/1271/1302 1314/1280/1314 1313/1281/1313 1312/1282/1312 1311/1283/1311 1310/1284/1310 1297/1285/1297 1295/1263/1295
f 1315/1286/1315 1318/1287/1318 1317/1288/1317 1314/1289/1314 1302/1271/1302 1292/1273/1292 1289/20/1289 1309/1290/1309 1316/1291/1316
f 1325/1292/1325 1328/1293/1328 1327/1294/1327 1326/1295/1326
f 1326/1295/1326 1327/1294/1327 1330/1296/1330 1329/1297/1329
f 1329/1297/1329 1330/1296/1330 1332/1298/1332 1331/1299/1331
f 1331/1299/1331 1332/1298/1332 1334/1300/1334 1333/1301/1333
f 1333/1301/1333 1334/1300/1334 1328/1302/1328 1325/1303/1325
f 1328/1293/1328 1336/1304/1336 1335/1305/1335 1327/1294/1327
f 1327/1294/1327 1335/1305/1335 1337/1306/1337 1330/1296/1330
f 1330/1296/1330 1337/1306/1337 1338/1307/1338 1332/1298/1332
f 1332/1298/1332 1338/1307/1338 1339/1308/1339 1334/1300/1334
f 1334/1300/1334 1339/1308/1339 1336/1309/1336 1328/1302/1328
f 1336/1304/1336 1341/1310/1341 1340/1311/1340 1335/1305/1335
f 1335/1305/1335 1340/1311/1340 1342/1312/1342 1337/1306/1337
f 1337/1306/1337 1342/1312/1342 1343/1313/1343 1338/1307/1338
f 1338/1307/1338 1343/1313/1343 1344/1314/1344 1339/1308/1339
f 1339/1308/1339 1344/1314/1344 1341/1315/1341 1336/1309/1336
f 1345/1316/1345 1349/1317/1349 1348/1318/1348 1325/1292/1325 1326/1295/1326 1347/1319/1347 1346/1320/1346
f 1350/1321/1350 1354/1322/1354 1347/1323/1347 1326/1295/1326 1329/1297/1329 1353/1324/1353 1352/1325/1352 1351/1326/1351
f 1355/1327/1355 1360/1328/1360 1359/1329/1359 1358/1330/1358 1353/1331/1353 1329/1297/1329 1331/1299/1331 1357/1332/1357 1356/1333/1356
f 1361/1334/1361 1363/1335/1363 1357/1336/1357 1331/1299/1331 1333/1301/1333 1362/1337/1362
f 1325/1303/1325 1348/1338/1348 1365/1339/1365 1364/1340/1364 1362/1341/1362 1333/1301/1333
f 1372/1260/1372 1375/1342/1375 1374/1343/1374 1373/1262/1373
f 1373/1262/1373 1374/1343/1374 1377/1344/1377 1376/1345/1376
f 1378/1346/1378 1381/1347/1381 1380/1348/1380 1379/1349/1379 1376/1350/1376 1377/1344/1377
f 1382/1351/1382 1384/1352/1384 1383/1353/1383 1375/1342/1375
f 1375/1342/1375 1383/1353/1383 1385/1354/1385 1374/1343/1374
f 1374/1343/1374 1385/1354/1385 1386/1355/1386 1377/1344/1377
f 1377/1344/1377 1386/1355/1386 1387/1356/1387 1378/1346/1378
f 1378/1346/1378 1387/1356/1387 1384/1357/1384 1382/1358/1382
f 1384/1352/1384 1389/982/1389 1388/1237/1388 1383/1353/1383
f 1383/1353/1383 1388/1237/1388 1390/1238/1390 1385/1354/1385
f 1385/1354/1385 1390/1238/1390 1391/1239/1391 1386/1355/1386
f 1386/1355/1386 1391/1239/1391 1392/1240/1392 1387/1356/1387
f 1387/1356/1387 1392/1240/1392 1389/991/1389 1384/1357/1384
f 1393/1359/1393 1396/1360/1396 1395/1361/1395 1394/1362/1394 1382/1351/1382 1375/1342/1375 1372/1260/1372
f 1382/1358/1382 1394/1363/1394 1399/1364/1399 1398/1365/1398 1397/1366/1397 1381/1367/1381 1378/1346/1378
f 1406/1368/1406 1409/1369/1409 1408/1370/1408 1407/1371/1407
f 1407/1371/1407 1408/1370/1408 1411/1372/1411 1410/1373/1410
f 1410/1373/1410 1411/1372/1411 1413/1374/1413 1412/1375/1412
f 1412/1375/1412 1413/1374/1413 1415/1376/1415 1414/1377/1414
f 1414/1377/1414 1415/1376/1415 1409/1378/1409 1406/1379/1406
f 1411/1372/1411 1421/1380/1421 1420/1381/1420 1419/1382/1419 1418/1383/1418 1417/1384/1417 1416/1385/1416 1413/1374/1413
f 1413/1374/1413 1416/1385/1416 1422/1386/1422 1415/1376/1415
f 1415/1376/1415 1422/1386/1422 1423/1387/1423 1409/1378/1409
f 1423/1388/1423 1426/279/1426 1425/1389/1425 1424/1390/1424
f 1424/1390/1424 1425/1389/1425 1427/1391/1427 1417/1384/1417
f 1417/1384/1417 1427/1391/1427 1428/1392/1428 1416/1385/1416
f 1416/1385/1416 1428/1392/1428 1429/1393/1429 1422/1386/1422
f 1422/1386/1422 1429/1393/1429 1426/288/1426 1423/1387/1423
f 1430/1394/1430 1433/1395/1433 1432/1396/1432 1431/1397/1431 1406/1368/1406 1407/1371/1407
f 1434/1398/1434 1437/1399/1437 1436/1262/1436 1435/1400/1435
f 1438/1401/1438 1439/1402/1439 1430/1403/1430 1407/1371/1407 1410/1373/1410
f 1440/1404/1440 1443/1405/1443 1442/1406/1442 1441/1345/1441 1436/1262/1436 1437/1407/1437
f 1412/1375/1412 1448/1408/1448 1447/1409/1447 1446/1410/1446 1445/1411/1445 1444/1412/1444 1438/1413/1438 1410/1373/1410
f 1449/1414/1449 1452/1415/1452 1451/1416/1451 1448/1417/1448 1412/1375/1412 1414/1377/1414 1450/1418/1450 1441/1345/1441 1442/1419/1442
f 1453/1420/1453 1457/1421/1457 1456/1422/1456 1450/1418/1450 1414/1377/1414 1406/1379/1406 1431/1423/1431 1455/1424/1455 1454/1425/1454
f 1458/1426/1458 1467/1427/1467 1408/1370/1408 1409/1369/1409 1423/1388/1423 1424/1390/1424 1466/1428/1466 1465/1429/1465 1464/1430/1464 1463/1431/1463 1462/1432/1462 1461/1433/1461 1460/1434/1460 1459/1435/1459
f 1468/1436/1468 1421/1437/1421 1411/1372/1411 1408/1370/1408 1467/1438/1467 1469/1439/1469
f 1470/1440/1470 1471/1441/1471 1466/1442/1466 1424/1390/1424 1417/1384/1417 1418/1443/1418
f 1478/1260/1478 1481/1444/1481 1480/1445/1480 1479/1262/1479
f 1482/1446/1482 1485/1447/1485 1484/1448/1484 1483/1449/1483 1479/1450/1479 1480/1445/1480
f 1486/1451/1486 1488/1452/1488 1487/1453/1487 1481/1444/1481
f 1481/1444/1481 1487/1453/1487 1489/1454/1489 1480/1445/1480
f 1480/1445/1480 1489/1454/1489 1490/1455/1490 1482/1446/1482
f 1482/1446/1482 1490/1455/1490 1492/1456/1492 1491/1457/1491
f 1491/1457/1491 1492/1456/1492 1488/1458/1488 1486/1459/1486
f 1488/1452/1488 1494/121/1494 1493/1460/1493 1487/1453/1487
f 1487/1453/1487 1493/1460/1493 1495/1461/1495 1489/1454/1489
f 1489/1454/1489 1495/1461/1495 1496/1462/1496 1490/1455/1490
f 1490/1455/1490 1496/1462/1496 1497/1463/1497 1492/1456/1492
f 1492/1456/1492 1497/1463/1497 1494/130/1494 1488/1458/1488
f 1498/1464/1498 1503/1465/1503 1502/1466/1502 1501/1467/1501 1500/1468/1500 1499/1469/1499 1486/1451/1486 1481/1444/1481 1478/1470/1478
f 1504/1471/1504 1506/1472/1506 1485/1473/1485 1482/1446/1482 1491/1457/1491 1505/1474/1505
f 1507/1475/1507 1505/1476/1505 1491/1457/1491 1486/1459/1486 1499/1477/1499 1508/1478/1508
f 1515/1479/1515 1523/1480/1523 1522/1481/1522 1521/1482/1521 1520/1483/1520 1519/1484/1519 1518/1485/1518 1517/1345/1517 1516/1486/1516
f 1524/1487/1524 1532/1488/1532 1531/1489/1531 1530/1490/1530 1529/1491/1529 1528/1492/1528 1527/1493/1527 1526/1494/1526 1525/1495/1525
f 1533/1496/1533 1535/1497/1535 1534/1498/1534 1516/1486/1516
f 1516/1486/1516 1534/1498/1534 1536/1499/1536 1515/1479/1515
f 1515/1479/1515 1536/1499/1536 1525/1500/1525 1526/1501/1526
f 1525/1495/1525 1538/1502/1538 1537/1503/1537 1524/1487/1524
f 1524/1487/1524 1537/1503/1537 1539/1504/1539 1535/1497/1535
f 1535/1497/1535 1539/1504/1539 1540/1505/1540 1534/1498/1534
f 1534/1498/1534 1540/1505/1540 1541/1506/1541 1536/1499/1536
f 1536/1499/1536 1541/1506/1541 1538/1507/1538 1525/1500/1525
f 1542/1508/1542 1546/1509/1546 1526/1494/1526 1527/1493/1527 1545/1510/1545 1544/1511/1544 1543/1512/1543
f 1533/1496/1533 1549/1513/1549 1548/1514/1548 1547/1515/1547
f 1550/1516/1550 1551/1517/1551 1549/1518/1549 1533/1496/1533 1516/1486/1516 1517/1345/1517
f 1546/1519/1546 1553/1520/1553 1552/1521/1552 1523/1522/1523 1515/1479/1515 1526/1501/1526
f 1554/1523/1554 1532/1524/1532 1524/1487/1524 1535/1497/1535 1533/1496/1533 1547/1525/1547 1555/1526/1555
f 1562/1527/1562 1568/1528/1568 1567/1529/1567 1566/1530/1566 1565/1531/1565 1564/1418/1564 1563/1532/1563
f 1562/1533/1562 1571/1534/1571 1570/1535/1570 1569/1536/1569
f 1569/1536/1569 1570/1535/1570 1573/1537/1573 1572/1538/1572
f 1572/1538/1572 1573/1537/1573 1575/1539/1575 1574/1540/1574
f 1574/1540/1574 1575/1539/1575 1576/1541/1576 1563/1532/1563
f 1563/1532/1563 1576/1541/1576 1571/1542/1571 1562/1527/1562
f 1571/1534/1571 1578/1502/1578 1577/1503/1577 1570/1535/1570
f 1570/1535/1570 1577/1503/1577 1579/1504/1579 1573/1537/1573
f 1573/1537/1573 1579/1504/1579 1580/1505/1580 1575/1539/1575
f 1575/1539/1575 1580/1505/1580 1581/1506/1581 1576/1541/1576
f 1576/1541/1576 1581/1506/1581 1578/1507/1578 1571/1542/1571
f 1582/1543/1582 1587/1544/1587 1568/1545/1568 1562/1533/1562 1569/1536/1569 1586/1546/1586 1585/1547/1585 1584/1548/1584 1583/1549/1583
f 1588/1550/1588 1586/1551/1586 1569/1536/1569 1572/1538/1572 1589/1552/1589
f 1590/1553/1590 1593/1554/1593 1592/1555/1592 1589/1556/1589 1572/1538/1572 1574/1540/1574 1591/1557/1591
f 1594/1558/1594 1597/1559/1597 1596/1560/1596 1595/1561/1595 1591/1562/1591 1574/1540/1574 1563/1532/1563 1564/1418/1564
f 1603/1319/1603 1599/1563/1599 1600/1564/1600 1607/1318/1607 1606/1317/1606 1605/1316/1605 1604/1320/1604
f 1608/1321/1608 1612/1326/1612 1611/1325/1611 1610/1324/1610 1598/1262/1598 1599/1260/1599 1603/1323/1603 1609/1322/1609
f 1613/1328/1613 1618/1327/1618 1617/1333/1617 1616/1332/1616 1602/1345/1602 1598/1262/1598 1610/1331/1610 1615/1330/1615 1614/1329/1614
f 1616/1336/1616 1621/1335/1621 1620/1334/1620 1619/1337/1619 1601/1418/1601 1602/1345/1602
f 1600/20/1600 1601/1418/1601 1619/1341/1619 1623/1340/1623 1622/1339/1622 1607/1338/1607
f 1629/1565/1629 1633/1566/1633 1632/1567/1632 1625/1260/1625 1626/1/1626 1631/1568/1631 1630/1569/1630
f 1625/1570/1625 1632/1571/1632 1634/1572/1634 1624/1573/1624
f 1634/1574/1634 1638/1575/1638 1637/1576/1637 1636/1577/1636 1635/1578/1635 1628/1345/1628 1624/1262/1624
f 1627/1579/1627 1628/1580/1628 1635/1581/1635 1644/1582/1644 1643/1583/1643 1642/1584/1642 1641/1585/1641 1640/1586/1640 1639/1587/1639
f 1626/20/1626 1627/1418/1627 1639/1588/1639 1647/1589/1647 1646/1590/1646 1645/1591/1645 1631/1592/1631
f 1649/1260/1649 1650/1/1650 1656/1195/1656 1655/1194/1655 1654/1193/1654 1653/1196/1653
f 1657/1200/1657 1648/1262/1648 1649/1260/1649 1653/1199/1653 1659/1198/1659 1658/1197/1658
f 1660/1593/1660 1652/1594/1652 1648/1262/1648 1657/1203/1657 1663/1202/1663 1662/1201/1662 1661/1595/1661
f 1664/1204/1664 1671/1207/1671 1670/1596/1670 1669/1597/1669 1668/1598/1668 1667/1599/1667 1666/1600/1666 1661/1601/1661 1662/1206/1662 1665/1205/1665
f 1672/1208/1672 1674/1212/1674 1656/1211/1656 1650/20/1650 1651/1602/1651 1670/1603/1670 1671/1210/1671 1673/1209/1673
f 1681/1215/1681 1685/1214/1685 1676/1260/1676 1677/1219/1677 1684/1218/1684 1683/1217/1683 1682/1216/1682
f 1686/1244/1686 1675/1262/1675 1676/1260/1676 1685/1214/1685 1689/1243/1689 1688/1242/1688 1687/1241/1687
f 1680/1345/1680 1675/1262/1675 1686/1247/1686 1692/1246/1692 1691/1245/1691 1690/1248/1690
f 1693/1250/1693 1697/1249/1697 1679/1418/1679 1680/1345/1680 1690/1254/1690 1696/1253/1696 1695/1252/1695 1694/1251/1694
f 1678/1257/1678 1679/1418/1679 1697/1256/1697 1698/1255/1698
f 1699/1396/1699 1704/1395/1704 1703/1394/1703 1702/1260/1702 1701/1/1701 1700/1397/1700
f 1705/1400/1705 1702/1260/1702 1703/1403/1703 1709/1402/1709 1708/1401/1708 1707/1399/1707 1706/1398/1706
f 1710/1408/1710 1717/1406/1717 1716/1405/1716 1715/1404/1715 1707/1407/1707 1708/1413/1708 1714/1412/1714 1713/1411/1713 1712/1410/1712 1711/1409/1711
f 1718/1415/1718 1720/1414/1720 1717/1419/1717 1710/1417/1710 1719/1416/1719
f 1721/1420/1721 1725/1425/1725 1724/1424/1724 1700/1423/1700 1701/20/1701 1723/1422/1723 1722/1421/1722
f 1726/1604/1726 1732/1605/1732 1731/1606/1731 1730/1607/1730 1729/1608/1729 1728/1/1728 1727/1609/1727
f 1733/1610/1733 1737/1611/1737 1736/1418/1736 1735/1612/1735 1734/1613/1734
f 1738/1614/1738 1727/1615/1727 1728/20/1728 1736/1418/1736 1737/1616/1737
f 1745/1260/1745 1748/1617/1748 1747/1618/1747 1746/1262/1746
f 1746/1262/1746 1747/1618/1747 1750/1619/1750 1749/1345/1749
f 1751/1620/1751 1755/1611/1755 1754/1610/1754 1753/1613/1753 1752/1612/1752 1749/1345/1749 1750/1619/1750
f 1756/1621/1756 1758/1622/1758 1757/1623/1757 1748/1617/1748
f 1748/1617/1748 1757/1623/1757 1759/1624/1759 1747/1618/1747
f 1747/1618/1747 1759/1624/1759 1760/1625/1760 1750/1619/1750
f 1750/1619/1750 1760/1625/1760 1761/1626/1761 1751/1620/1751
f 1751/1620/1751 1761/1626/1761 1758/1627/1758 1756/1628/1756
f 1758/1622/1758 1763/1629/1763 1762/1630/1762 1757/1623/1757
f 1757/1623/1757 1762/1630/1762 1764/1631/1764 1759/1624/1759
f 1759/1624/1759 1764/1631/1764 1765/1632/1765 1760/1625/1760
f 1760/1625/1760 1765/1632/1765 1766/1633/1766 1761/1626/1761
f 1761/1626/1761 1766/1633/1766 1763/1634/1763 1758/1627/1758
f 1763/1629/1763 1768/1635/1768 1767/1636/1767 1762/1630/1762
f 1762/1630/1762 1767/1636/1767 1769/1637/1769 1764/1631/1764
f 1764/1631/1764 1769/1637/1769 1770/1638/1770 1765/1632/1765
f 1765/1632/1765 1770/1638/1770 1771/1639/1771 1766/1633/1766
f 1766/1633/1766 1771/1639/1771 1768/1640/1768 1763/1634/1763
f 1768/1635/1768 1773/1641/1773 1772/1642/1772 1767/1636/1767
f 1767/1636/1767 1772/1642/1772 1774/1643/1774 1769/1637/1769
f 1769/1637/1769 1774/1643/1774 1775/1644/1775 1770/1638/1770
f 1770/1638/1770 1775/1644/1775 1776/1645/1776 1771/1639/1771
f 1771/1639/1771 1776/1645/1776 1773/1646/1773 1768/1640/1768
f 1777/1606/1777 1782/1605/1782 1781/1604/1781 1780/1609/1780 1756/1621/1756 1748/1617/1748 1745/1260/1745 1779/1608/1779 1778/1607/1778
f 1783/1614/1783 1755/1616/1755 1751/1620/1751 1756/1628/1756 1780/1615/1780
f 1790/1647/1790 1799/1345/1799 1792/1262/1792 1793/1648/1793 1798/1649/1798 1797/1650/1797 1796/1651/1796 1795/1652/1795 1794/1653/1794 1793/1648/1793 1792/1262/1792 1791/1654/1791
f 1799/1345/1799 1790/1647/1790 1801/1655/1801 1800/1418/1800
f 1802/1656/1802 1809/1657/1809 1808/1658/1808 1807/1659/1807 1806/1660/1806 1805/1661/1805 1804/1662/1804 1803/20/1803 1800/1418/1800 1801/1655/1801
f 1802/1663/1802 1812/1664/1812 1811/1665/1811 1810/1666/1810
f 1810/1666/1810 1811/1665/1811 1813/1667/1813 1791/1654/1791
f 1791/1654/1791 1813/1667/1813 1814/1668/1814 1790/1647/1790
f 1790/1647/1790 1814/1668/1814 1815/1669/1815 1801/1655/1801
f 1801/1655/1801 1815/1669/1815 1812/1670/1812 1802/1656/1802
f 1812/1664/1812 1817/1671/1817 1816/1672/1816 1811/1665/1811
f 1811/1665/1811 1816/1672/1816 1818/1673/1818 1813/1667/1813
f 1813/1667/1813 1818/1673/1818 1819/1674/1819 1814/1668/1814
f 1814/1668/1814 1819/1674/1819 1820/1675/1820 1815/1669/1815
f 1815/1669/1815 1820/1675/1820 1817/1676/1817 1812/1670/1812
f 1817/1671/1817 1822/1677/1822 1821/1678/1821 1816/1672/1816
f 1816/1672/1816 1821/1678/1821 1823/1679/1823 1818/1673/1818
f 1818/1673/1818 1823/1679/1823 1824/1680/1824 1819/1674/1819
f 1819/1674/1819 1824/1680/1824 1825/1681/1825 1820/1675/1820
f 1820/1675/1820 1825/1681/1825 1822/1682/1822 1817/1676/1817
f 1828/1683/1828 1809/1684/1809 1802/1663/1802 1810/1666/1810 1831/1685/1831 1830/1686/1830 1829/1687/1829
f 1803/1/1803 1804/1688/1804 1827/1689/1827
f 1832/1690/1832 1844/1691/1844 1843/1692/1843 1831/1693/1831 1810/1666/1810 1791/1654/1791 1792/1262/1792 1826/1694/1826 1842/1695/1842 1841/1696/1841 1840/1697/1840 1839/1698/1839 1838/1699/1838 1837/1700/1837 1836/1701/1836 1835/1702/1835 1834/1703/1834 1833/1704/1833
f 1845/1345/1845 1847/1265/1847 1846/1264/1846
f 1848/1284/1848 1853/1283/1853 1852/1282/1852 1851/1281/1851 1850/1280/1850 1849/1418/1849 1845/1345/1845 1846/1285/1846
f 1849/1418/1849 1850/1289/1850 1858/1288/1858 1857/1287/1857 1856/1286/1856 1855/1291/1855 1854/1290/1854
f 1859/1/1859 1867/1509/1867 1866/1508/1866 1865/1512/1865 1864/1511/1864 1863/1510/1863 1862/1493/1862 1861/1705/1861 1860/1260/1860
f 1868/1706/1868 1860/1260/1860 1861/1705/1861 1872/1515/1872 1871/1514/1871 1870/1513/1870 1869/1707/1869
f 1873/1708/1873 1869/1709/1869 1870/1518/1870 1875/1517/1875 1874/1516/1874
f 1876/1483/1876 1882/1482/1882 1881/1481/1881 1880/1480/1880 1879/1418/1879 1878/1485/1878 1877/1484/1877
f 1859/20/1859 1879/1418/1879 1880/1522/1880 1884/1521/1884 1883/1520/1883 1867/1519/1867
f 1885/1488/1885 1861/1705/1861 1862/1493/1862 1889/1492/1889 1888/1491/1888 1887/1490/1887 1886/1489/1886
f 1890/1526/1890 1872/1525/1872 1861/1705/1861 1885/1524/1885 1891/1523/1891
f 1898/1710/1898 1901/1711/1901 1900/1712/1900 1899/1713/1899
f 1899/1713/1899 1900/1712/1900 1903/1714/1903 1902/1715/1902
f 1902/1715/1902 1903/1714/1903 1905/1716/1905 1904/1717/1904
f 1904/1717/1904 1905/1716/1905 1907/1718/1907 1906/1719/1906
f 1906/1719/1906 1907/1718/1907 1901/1720/1901 1898/1721/1898
f 1901/1711/1901 1909/1722/1909 1908/1723/1908 1900/1712/1900
f 1900/1712/1900 1908/1723/1908 1910/1724/1910 1903/1714/1903
f 1903/1714/1903 1910/1724/1910 1911/1725/1911 1905/1716/1905
f 1905/1716/1905 1911/1725/1911 1912/1726/1912 1907/1718/1907
f 1907/1718/1907 1912/1726/1912 1909/1727/1909 1901/1720/1901
f 1909/1722/1909 1914/279/1914 1913/1389/1913 1908/1723/1908
f 1908/1723/1908 1913/1389/1913 1915/1391/1915 1910/1724/1910
f 1910/1724/1910 1915/1391/1915 1916/1392/1916 1911/1725/1911
f 1911/1725/1911 1916/1392/1916 1917/1393/1917 1912/1726/1912
f 1912/1726/1912 1917/1393/1917 1914/288/1914 1909/1727/1909
f 1918/1566/1918 1922/1565/1922 1921/1569/1921 1920/1568/1920 1898/1710/1898 1899/1713/1899 1919/1567/1919
f 1902/1715/1902 1923/1572/1923 1919/1571/1919 1899/1713/1899
f 1904/1717/1904 1927/1578/1927 1926/1577/1926 1925/1576/1925 1924/1575/1924 1923/1574/1923 1902/1715/1902
f 1906/1719/1906 1933/1587/1933 1932/1586/1932 1931/1585/1931 1930/1584/1930 1929/1583/1929 1928/1582/1928 1927/1581/1927 1904/1717/1904
f 1934/1589/1934 1933/1588/1933 1906/1719/1906 1898/1721/1898 1920/1592/1920 1936/1591/1936 1935/1590/1935
f 1943/1728/1943 1946/1729/1946 1945/1730/1945 1944/1731/1944
f 1944/1731/1944 1945/1730/1945 1948/1732/1948 1947/1733/1947
f 1947/1733/1947 1948/1732/1948 1950/1734/1950 1949/1735/1949
f 1949/1735/1949 1950/1734/1950 1952/1736/1952 1951/1737/1951
f 1951/1737/1951 1952/1736/1952 1946/1738/1946 1943/1739/1943
f 1946/1729/1946 1954/1740/1954 1953/1741/1953 1945/1730/1945
f 1945/1730/1945 1953/1741/1953 1955/1742/1955 1948/1732/1948
f 1948/1732/1948 1955/1742/1955 1956/1743/1956 1950/1734/1950
f 1950/1734/1950 1956/1743/1956 1957/1744/1957 1952/1736/1952
f 1952/1736/1952 1957/1744/1957 1954/1745/1954 1946/1738/1946
f 1954/1740/1954 1959/1746/1959 1958/1747/1958 1953/1741/1953
f 1953/1741/1953 1958/1747/1958 1960/1748/1960 1955/1742/1955
f 1955/1742/1955 1960/1748/1960 1961/1749/1961 1956/1743/1956
f 1956/1743/1956 1961/1749/1961 1962/1750/1962 1957/1744/1957
f 1957/1744/1957 1962/1750/1962 1959/1751/1959 1954/1745/1954
f 1944/1731/1944 1972/1752/1972 1971/1753/1971 1970/1754/1970 1969/1755/1969 1968/1756/1968 1967/1757/1967 1966/1758/1966 1965/1759/1965 1964/1760/1964 1963/1761/1963 1943/1728/1943
f 1973/1762/1973 1972/1763/1972 1944/1731/1944 1947/1733/1947 1977/1764/1977 1976/1765/1976 1975/1766/1975 1974/1767/1974
f 1978/1768/1978 1981/1769/1981 1977/1770/1977 1947/1733/1947 1949/1735/1949 1980/1771/1980 1979/1772/1979
f 1951/1737/1951 1985/1773/1985 1984/1774/1984 1983/1775/1983 1982/1776/1982 1980/1777/1980 1949/1735/1949
f 1986/1778/1986 1992/1779/1992 1991/1780/1991 1990/1781/1990 1989/1782/1989 1988/1783/1988 1985/1784/1985 1951/1737/1951 1943/1739/1943 1963/1785/1963 1987/1786/1987
f 1999/1787/1999 2002/1788/2002 2001/1789/2001 2000/1790/2000
f 2000/1790/2000 2001/1789/2001 2004/1791/2004 2003/1792/2003
f 2003/1792/2003 2004/1791/2004 2006/1793/2006 2005/1794/2005
f 2005/1794/2005 2006/1793/2006 2008/1795/2008 2007/1796/2007
f 2007/1796/2007 2008/1795/2008 2002/1797/2002 1999/1798/1999
f 2002/1788/2002 2010/1799/2010 2009/1800/2009 2001/1789/2001
f 2001/1789/2001 2009/1800/2009 2011/1801/2011 2004/1791/2004
f 2004/1791/2004 2011/1801/2011 2012/1802/2012 2006/1793/2006
f 2006/1793/2006 2012/1802/2012 2013/1803/2013 2008/1795/2008
f 2008/1795/2008 2013/1803/2013 2010/1804/2010 2002/1797/2002
f 2010/1799/2010 2015/1310/2015 2014/1311/2014 2009/1800/2009
f 2009/1800/2009 2014/1311/2014 2016/1312/2016 2011/1801/2011
f 2011/1801/2011 2016/1312/2016 2017/1313/2017 2012/1802/2012
f 2012/1802/2012 2017/1313/2017 2018/1314/2018 2013/1803/2013
f 2013/1803/2013 2018/1314/2018 2015/1315/2015 2010/1804/2010
f 2019/1805/2019 2023/1806/2023 2022/1807/2022 2021/1808/2021 1999/1787/1999 2000/1790/2000 2020/1260/2020
f 2024/1809/2024 2030/1810/2030 2029/1811/2029 2028/1812/2028 2027/1813/2027 2020/1260/2020 2000/1790/2000 2003/1792/2003 2026/1814/2026 2025/1815/2025
f 2031/1816/2031 2033/1817/2033 2026/1818/2026 2003/1792/2003 2005/1794/2005 2032/1819/2032
f 2034/1820/2034 2032/1821/2032 2005/1794/2005 2007/1796/2007 2035/1822/2035
f 1999/1798/1999 2021/1823/2021 2039/1824/2039 2038/1825/2038 2037/1826/2037 2036/1827/2036 2035/1828/2035 2007/1796/2007
f 2043/1/2043 2048/1808/2048 2047/1807/2047 2046/1806/2046 2042/1805/2042
f 2049/1809/2049 2054/1815/2054 2053/1814/2053 2040/1262/2040 2041/1813/2041 2052/1812/2052 2051/1811/2051 2050/1810/2050
f 2055/1817/2055 2057/1816/2057 2056/1819/2056 2045/1345/2045 2040/1262/2040 2053/1818/2053
f 2058/1822/2058 2044/1418/2044 2045/1345/2045 2056/1821/2056 2059/1820/2059
f 2060/1825/2060 2063/1824/2063 2048/1823/2048 2043/20/2043 2044/1418/2044 2058/1828/2058 2062/1827/2062 2061/1826/2061
