# File exported by Houdini 20.5.410 (www.sidefx.com)
# 3354 points
# 9304 vertices
# 2081 primitives
# Bounds: [-2.60325718, -0.0406448543, -3.18144274] to [1.83728874, 7.35314465, 2.59986401]
g 
v 0.42905122 -0.0117325541 -0.295423359 1 1 1
v 0.50199604 -0.0406448543 0.0473579988 1 1 1
v 0.357504368 -0.0345825031 0.363857001 1 1 1
v 0.0413490161 -0.00602692086 0.515921593 1 1 1
v -0.305184245 0.0390139334 0.433860928 1 1 1
v -0.505935907 0.0630929768 0.134039879 1 1 1
v -0.455807 0.0546463393 -0.216857225 1 1 1
v -0.210488886 0.0438811183 -0.464295983 1 1 1
v 0.144384027 0.0320713148 -0.513867378 1 1 1
v 0.201848865 0.392624944 -0.101407394 1 1 1
v 0.243765131 0.384324402 0.0334274806 1 1 1
v 0.197145283 0.383014739 0.1791116 1 1 1
v 0.0492784344 0.370645285 0.216507643 1 1 1
v -0.0811290443 0.373120397 0.17260024 1 1 1
v -0.174779177 0.391931266 0.0672437176 1 1 1
v -0.163150936 0.405303776 -0.080512695 1 1 1
v -0.0627998859 0.421138853 -0.201445773 1 1 1
v 0.0919865146 0.406417519 -0.190850943 1 1 1
v 0.135518461 0.782609165 -0.0191012174 1 1 1
v 0.171228543 0.77767992 0.079740487 1 1 1
v 0.123439245 0.762030244 0.17507194 1 1 1
v 0.0261346623 0.753724396 0.22414121 1 1 1
v -0.07674665 0.749673545 0.188263863 1 1 1
v -0.137050122 0.758017838 0.100622542 1 1 1
v -0.122077376 0.769549847 -0.00283167791 1 1 1
v -0.071926564 0.816240966 -0.119673856 1 1 1
v 0.0530139282 0.784254909 -0.0752505288 1 1 1
v 0.113904402 0.799543202 -0.00267643132 1 1 1
v 0.13177821 0.784642279 0.0768018812 1 1 1
v 0.0981791019 0.777832389 0.151887521 1 1 1
v 0.0219665039 0.811983943 0.21574901 1 1 1
v -0.0582587458 0.770056486 0.16365096 1 1 1
v -0.115438752 0.792906404 0.0991347358 1 1 1
v -0.103248455 0.798686266 0.0108284056 1 1 1
v -0.0463724695 0.832051337 -0.0575584173 1 1 1
v 0.048814293 0.8350541 -0.0631131381 1 1 1
v 0.0715795904 0.832239091 0.0294428654 1 1 1
v 0.0809908062 0.799246192 0.0737077594 1 1 1
v 0.0613903999 0.804112494 0.11852207 1 1 1
v 0.0160207655 0.832893074 0.147789583 1 1 1
v -0.0276794024 0.788598418 0.122152217 1 1 1
v -0.0560200401 0.800421119 0.0846848935 1 1 1
v -0.0487835594 0.79387188 0.0364306755 1 1 1
v -0.0220272373 0.857034564 0.0033712266 1 1 1
v 0.0310510993 0.808233023 0.000886383641 1 1 1
v 0.0112315398 0.82332629 0.0699986368 1 1 1
v -0.914051771 1.3389622 1.28929579 1 1 1
v -0.91873163 1.34092057 1.28094876 1 1 1
v -0.905123591 1.34518504 1.27999771 1 1 1
v -0.916979969 1.34444833 1.27201605 1 1 1
v -0.909570634 1.34790421 1.26667547 1 1 1
v -0.899999917 1.34967196 1.26740766 1 1 1
v -0.892731607 1.34892201 1.27388489 1 1 1
v -0.891175628 1.34600616 1.2830683 1 1 1
v -0.896043301 1.34228802 1.29067385 1 1 1
v -0.90507865 1.33951175 1.29311574 1 1 1
v -0.442210436 0.307533652 0.533829749 1 1 1
v -0.477055579 0.347979069 0.462847084 1 1 1
v -0.755835176 0.384963661 0.772395968 1 1 1
v -0.704969287 0.3519108 0.830979824 1 1 1
v -0.454545856 0.42998302 0.397319108 1 1 1
v -0.739192724 0.455658764 0.731751919 1 1 1
v -0.435532063 0.502494097 0.41072014 1 1 1
v -0.702645481 0.523975134 0.709861219 1 1 1
v -0.384698182 0.545468271 0.452725023 1 1 1
v -0.633212149 0.564727426 0.729923129 1 1 1
v -0.319470495 0.535449982 0.499770045 1 1 1
v -0.567516148 0.557390869 0.781670332 1 1 1
v -0.292369813 0.473615617 0.544721067 1 1 1
v -0.557058096 0.494044006 0.831881285 1 1 1
v -0.292494178 0.397708356 0.554169953 1 1 1
v -0.577342808 0.42736569 0.86550796 1 1 1
v -0.359908283 0.327746183 0.562221289 1 1 1
v -0.632548392 0.363346666 0.874075949 1 1 1
v -0.876265466 0.825783312 1.11038232 1 1 1
v -0.844661832 0.812138021 1.15041339 1 1 1
v -0.868122578 0.853809476 1.0640049 1 1 1
v -0.824469447 0.875585496 1.04572845 1 1 1
v -0.779175639 0.885865808 1.05059099 1 1 1
v -0.743049085 0.880101681 1.07995951 1 1 1
v -0.735015273 0.85921675 1.12164891 1 1 1
v -0.742182553 0.83069247 1.17302549 1 1 1
v -0.798629403 0.812441945 1.17457819 1 1 1
v -0.940551519 1.32911968 1.28094471 1 1 1
v -0.925904393 1.32368577 1.3008492 1 1 1
v -0.939790368 1.34045887 1.25550056 1 1 1
v -0.914845169 1.34579062 1.24491584 1 1 1
v -0.890991509 1.35075355 1.24622667 1 1 1
v -0.872344136 1.34916472 1.26248419 1 1 1
v -0.875376165 1.33716512 1.28269494 1 1 1
v -0.882125914 1.33147919 1.30297923 1 1 1
v -0.904218793 1.32554889 1.31538677 1 1 1
v -0.92953974 1.33522642 1.28097165 1 1 1
v -0.920983553 1.33164942 1.29622769 1 1 1
v -0.926336288 1.34167576 1.26464641 1 1 1
v -0.912794173 1.34799206 1.25488365 1 1 1
v -0.895301878 1.35122347 1.25622261 1 1 1
v -0.882016718 1.34985268 1.26806164 1 1 1
v -0.879171908 1.34452295 1.28484607 1 1 1
v -0.888070464 1.33772743 1.29874694 1 1 1
v -0.904583216 1.33265126 1.30321157 1 1 1
v -0.255631089 0.269436121 0.147843733 1 1 1
v -0.226908654 0.202498764 0.279270828 1 1 1
v -0.238251612 0.220154792 0.245688364 1 1 1
v -0.169204339 0.398342341 -0.0035939198 1 1 1
v -0.166403219 0.413800418 -0.0160425343 1 1 1
v -0.21625343 0.350747377 0.075609304 1 1 1
v -0.162875012 0.45013237 0.00016898755 1 1 1
v -0.172687665 0.451768786 0.0146192443 1 1 1
v -0.200238839 0.510550022 0.0829753354 1 1 1
v -0.150578141 0.579201758 0.170486942 1 1 1
v -0.203163177 0.529261649 0.124269262 1 1 1
v -0.0641720146 0.572351515 0.185826838 1 1 1
v -0.0504462942 0.568266392 0.19271104 1 1 1
v -0.0402677432 0.569592357 0.201009169 1 1 1
v -0.0397584848 0.569608331 0.201018915 1 1 1
v -0.0332979634 0.565325379 0.219963923 1 1 1
v -0.101852499 0.57082665 0.186542258 1 1 1
v -0.0349769369 0.514659524 0.266951144 1 1 1
v -0.000456663722 0.467260242 0.293063223 1 1 1
v 0.0092211077 0.408057839 0.291935563 1 1 1
v 0.059644118 0.362106144 0.244229525 1 1 1
v -0.0451063588 0.261607319 0.273576349 1 1 1
v -0.0723802969 0.242396131 0.286809683 1 1 1
v 0.0682337955 0.348910987 0.223903701 1 1 1
v 0.0666821301 0.347764462 0.224827588 1 1 1
v 0.0486463085 0.340617418 0.240376577 1 1 1
v -0.188094333 0.213615969 0.297327667 1 1 1
v 0.545023859 3.70698953 -2.07538342 1 1 1
v 0.55185467 3.70887542 -2.06884861 1 1 1
v 0.539125144 3.70961189 -2.06281853 1 1 1
v 0.552795589 3.71066809 -2.05942941 1 1 1
v 0.547363937 3.71152639 -2.05151463 1 1 1
v 0.538134277 3.71105433 -2.04880118 1 1 1
v 0.529407144 3.70946884 -2.05256701 1 1 1
v 0.525276959 3.70751381 -2.06104612 1 1 1
v 0.527656972 3.70610094 -2.07027745 1 1 1
v 0.535461485 3.70589733 -2.07592273 1 1 1
v 0.198284805 0.820755005 -0.472578257 1 1 1
v 0.264654517 0.845796347 -0.413809061 1 1 1
v 0.378863603 1.217677 -0.763442636 1 1 1
v 0.298195153 1.18157673 -0.821231902 1 1 1
v 0.276713163 0.915710807 -0.354457557 1 1 1
v 0.382382125 1.29036677 -0.690692186 1 1 1
v 0.241568267 1.02478695 -0.346357316 1 1 1
v 0.336546361 1.35935116 -0.636280239 1 1 1
v 0.165398136 1.0889132 -0.357830673 1 1 1
v 0.243487433 1.39822984 -0.624490201 1 1 1
v 0.0810258761 1.06992078 -0.386673123 1 1 1
v 0.143254593 1.39193797 -0.659235537 1 1 1
v 0.0370833352 0.992743373 -0.428581536 1 1 1
v 0.109980628 1.32575178 -0.732435763 1 1 1
v 0.0462745875 0.902388632 -0.467906743 1 1 1
v 0.125235766 1.25551438 -0.796991348 1 1 1
v 0.109827295 0.838819265 -0.492599368 1 1 1
v 0.19424139 1.19165552 -0.840816915 1 1 1
v 0.468387455 1.61305845 -1.17317677 1 1 1
v 0.404712588 1.58281374 -1.2247107 1 1 1
v 0.49521935 1.66968679 -1.10435688 1 1 1
v 0.434875131 1.72472942 -1.0610863 1 1 1
v 0.356128067 1.75737929 -1.04863632 1 1 1
v 0.269998163 1.75347972 -1.07844603 1 1 1
v 0.232395768 1.70213425 -1.1450057 1 1 1
v 0.237543896 1.63724518 -1.21490967 1 1 1
v 0.319163382 1.59451222 -1.23683608 1 1 1
v 0.586407781 2.06139851 -1.52487218 1 1 1
v 0.507421494 2.05318165 -1.56461263 1 1 1
v 0.567692995 2.11113715 -1.45367086 1 1 1
v 0.531240046 2.15310669 -1.40335631 1 1 1
v 0.459150702 2.18388748 -1.38377261 1 1 1
v 0.387420744 2.175354 -1.42290723 1 1 1
v 0.361664116 2.13963819 -1.4862963 1 1 1
v 0.373832822 2.09717703 -1.54700947 1 1 1
v 0.425704509 2.04895425 -1.60348523 1 1 1
v 0.668297291 2.57961416 -1.78661931 1 1 1
v 0.621961832 2.56724238 -1.82588816 1 1 1
v 0.680098593 2.60572529 -1.72765696 1 1 1
v 0.635697424 2.62974286 -1.68726182 1 1 1
v 0.578048348 2.64365435 -1.67365575 1 1 1
v 0.521879315 2.63935304 -1.69877553 1 1 1
v 0.505477607 2.61678004 -1.7509644 1 1 1
v 0.513673425 2.59206486 -1.80263245 1 1 1
v 0.560231984 2.56975198 -1.83839691 1 1 1
v 0.658936203 3.13326883 -1.98827696 1 1 1
v 0.622889519 3.12504148 -2.01084709 1 1 1
v 0.66549933 3.1460917 -1.94394732 1 1 1
v 0.630157471 3.15153623 -1.91701746 1 1 1
v 0.592171967 3.15914655 -1.88775241 1 1 1
v 0.558405638 3.14767814 -1.92059863 1 1 1
v 0.534669399 3.13775134 -1.95376694 1 1 1
v 0.551451981 3.12763286 -1.99117172 1 1 1
v 0.583105803 3.12222505 -2.0154295 1 1 1
v 0.565998733 3.69826984 -2.07329464 1 1 1
v 0.557465434 3.69942641 -2.10101843 1 1 1
v 0.573975801 3.70588756 -2.0532186 1 1 1
v 0.560356498 3.70797873 -2.03347921 1 1 1
v 0.537911475 3.70385456 -2.03092527 1 1 1
v 0.518277109 3.70095754 -2.0384171 1 1 1
v 0.492809176 3.70248532 -2.05690432 1 1 1
v 0.513141036 3.69382524 -2.07888603 1 1 1
v 0.531965375 3.6928463 -2.09010363 1 1 1
v 0.562645733 3.7059989 -2.07344079 1 1 1
v 0.550149202 3.70255136 -2.08539176 1 1 1
v 0.564364195 3.70927858 -2.0562129 1 1 1
v 0.554430366 3.71084809 -2.04173636 1 1 1
v 0.537549019 3.70998526 -2.03677368 1 1 1
v 0.521586418 3.70708513 -2.04366183 1 1 1
v 0.514031768 3.70350909 -2.05916953 1 1 1
v 0.518386304 3.70092559 -2.0760541 1 1 1
v 0.532659352 3.70055127 -2.08638072 1 1 1
v 0.198444277 0.435438126 -0.0812660679 1 1 1
v 0.204756439 0.429042727 -0.0647580028 1 1 1
v 0.120462298 0.416827649 -0.162672833 1 1 1
v 0.193977728 0.438902646 -0.0916404799 1 1 1
v 0.217945054 0.500499785 0.0323198587 1 1 1
v 0.218247861 0.501893163 0.0330282375 1 1 1
v 0.206099778 0.641518891 -0.0198824052 1 1 1
v 0.194395021 0.721344829 -0.0415225551 1 1 1
v 0.187615365 0.735172629 -0.0368609726 1 1 1
v 0.212425739 0.54247272 0.02147514 1 1 1
v 0.204791829 0.555029511 0.0283229295 1 1 1
v 0.191299781 0.609623373 0.0232338402 1 1 1
v 0.13601087 0.781638682 -0.0314009339 1 1 1
v 0.129500121 0.782188475 -0.0292161964 1 1 1
v 0.0984682366 0.859820485 -0.0728871748 1 1 1
v 0.0955110937 0.862715602 -0.0738022551 1 1 1
v -0.000532001897 0.817528665 -0.100858249 1 1 1
v -0.0118105235 0.807039797 -0.0966026336 1 1 1
v -0.0216325261 0.806088686 -0.101044931 1 1 1
v -0.0696398392 0.717246473 -0.14016214 1 1 1
v -0.0867417678 0.676638067 -0.126318604 1 1 1
v -0.0889477208 0.672912419 -0.127310634 1 1 1
v -0.0228201803 0.803669214 -0.102213793 1 1 1
v -0.0891976058 0.58523941 -0.143798977 1 1 1
v -0.0904049203 0.575581372 -0.139837191 1 1 1
v -0.0870480016 0.522477925 -0.153454855 1 1 1
v -0.0424319692 0.484999269 -0.179252103 1 1 1
v 0.000508431578 0.440477729 -0.189095795 1 1 1
v -0.0651214793 0.521642804 -0.180645078 1 1 1
v 0.0951416343 0.433683217 -0.178402826 1 1 1
v 0.0888360143 0.436961472 -0.181505933 1 1 1
v 0.773323238 1.36703813 1.34974658 1 1 1
v 0.764515638 1.37056661 1.35050654 1 1 1
v 0.770673513 1.37564075 1.33909118 1 1 1
v 0.75842309 1.37610412 1.3457402 1 1 1
v 0.757916987 1.38107181 1.33763945 1 1 1
v 0.763205528 1.38314843 1.3300122 1 1 1
v 0.771832943 1.38135755 1.3264209 1 1 1
v 0.779751658 1.37653911 1.32855022 1 1 1
v 0.783274531 1.37094522 1.33539522 1 1 1
v 0.780721724 1.3672024 1.34376025 1 1 1
v 0.327288806 0.594250083 0.66415596 1 1 1
v 0.267760873 0.633371413 0.68848598 1 1 1
v 0.497550964 0.833352387 1.12709367 1 1 1
v 0.560688615 0.799945831 1.12174284 1 1 1
v 0.236982763 0.69782567 0.670759022 1 1 1
v 0.466637731 0.884259999 1.09391689 1 1 1
v 0.248509437 0.759011984 0.633682251 1 1 1
v 0.468445659 0.929308891 1.04755771 1 1 1
v 0.30427447 0.794601679 0.603994131 1 1 1
v 0.507822156 0.949569821 1.00230896 1 1 1
v 0.366696835 0.780495882 0.564899564 1 1 1
v 0.569039226 0.951916456 0.964663923 1 1 1
v 0.401037157 0.718285322 0.533239424 1 1 1
v 0.613667369 0.899216831 0.987000406 1 1 1
v 0.411358744 0.650956154 0.559582889 1 1 1
v 0.627434671 0.851041794 1.0262028 1 1 1
v 0.389749944 0.604004204 0.622418344 1 1 1
v 0.615190685 0.80969888 1.07705069 1 1 1
v 0.748461545 1.35972559 1.38647258 1 1 1
v 0.775005043 1.34916949 1.36269748 1 1 1
v 0.741146445 1.36937034 1.34914613 1 1 1
v 0.736662507 1.38406157 1.33259666 1 1 1
v 0.749735653 1.38948929 1.31350982 1 1 1
v 0.771707535 1.38596201 1.30378997 1 1 1
v 0.788285673 1.3711412 1.31149518 1 1 1
v 0.795062244 1.35837328 1.32696927 1 1 1
v 0.815876067 1.34590614 1.36259079 1 1 1
v 0.758570731 1.36451018 1.35890758 1 1 1
v 0.774692178 1.35805511 1.35751498 1 1 1
v 0.747422218 1.37464643 1.35018349 1 1 1
v 0.746494412 1.38373876 1.33535659 1 1 1
v 0.756174445 1.38753963 1.3213979 1 1 1
v 0.771965265 1.38426173 1.31482458 1 1 1
v 0.786458254 1.37544274 1.31872082 1 1 1
v 0.792905271 1.36520469 1.33125007 1 1 1
v 0.788234532 1.35835242 1.34655929 1 1 1
v 0.0909559131 0.339679122 0.223976508 1 1 1
v 0.0824311823 0.35724172 0.225054786 1 1 1
v -0.0156650562 0.614311934 0.212418184 1 1 1
v 0.0924891606 0.688335657 0.216020659 1 1 1
v 0.0940694734 0.689329147 0.215085864 1 1 1
v 0.0434586406 0.658477247 0.226073489 1 1 1
v 0.0568171851 0.6669873 0.215968519 1 1 1
v 0.0640947893 0.671436012 0.21414575 1 1 1
v 0.0810076445 0.666126609 0.212253094 1 1 1
v 0.129163101 0.669979632 0.182598412 1 1 1
v 0.146051601 0.668376029 0.183445767 1 1 1
v 0.192436591 0.65718025 0.157700762 1 1 1
v 0.200301707 0.625818014 0.132685512 1 1 1
v 0.192306444 0.601673484 0.0808370486 1 1 1
v 0.210295409 0.56582588 0.0547971539 1 1 1
v 0.204791829 0.555029511 0.0283229295 1 1 1
v 0.217945054 0.500499785 0.0323198587 1 1 1
v 0.22361055 0.49361977 0.0462957285 1 1 1
v 0.226282269 0.439203531 0.0540078469 1 1 1
v 0.227213398 0.430493444 0.0564708933 1 1 1
v 0.211102828 0.383406848 0.135495141 1 1 1
v 0.207758814 0.368264824 0.174524531 1 1 1
v 0.205415949 0.361476779 0.188640013 1 1 1
v 0.205161527 0.361111879 0.188883975 1 1 1
v 0.476829231 0.866835833 0.105923072 1 1 1
v 0.47973761 0.85975188 0.109309778 1 1 1
v 0.475624353 0.867196441 0.118128605 1 1 1
v 0.480383217 0.855973363 0.11674872 1 1 1
v 0.478447348 0.857291818 0.12478549 1 1 1
v 0.474849403 0.863064826 0.12965636 1 1 1
v 0.471265227 0.870606899 0.129079774 1 1 1
v 0.469376415 0.876379728 0.12332619 1 1 1
v 0.470059097 0.877698302 0.115087777 1 1 1
v 0.473004878 0.873919547 0.108226605 1 1 1
v 0.330880165 0.791803598 0.0381055102 1 1 1
v 0.339482069 0.755818307 0.0514513701 1 1 1
v 0.48137024 0.852573335 0.101572119 1 1 1
v 0.476008654 0.865636051 0.0953309089 1 1 1
v 0.339577913 0.737377286 0.0860102102 1 1 1
v 0.482560813 0.845609665 0.11528796 1 1 1
v 0.334453046 0.745768368 0.124099426 1 1 1
v 0.478991598 0.848039091 0.130106091 1 1 1
v 0.31894061 0.771838903 0.147595808 1 1 1
v 0.472358793 0.85868305 0.139085621 1 1 1
v 0.322898746 0.814528227 0.143752396 1 1 1
v 0.465750456 0.872588873 0.138022497 1 1 1
v 0.324580997 0.842026412 0.118604332 1 1 1
v 0.46226722 0.883232117 0.127415478 1 1 1
v 0.318691313 0.845520496 0.0823696256 1 1 1
v 0.463527054 0.885662198 0.112225763 1 1 1
v 0.313634634 0.824414849 0.047162272 1 1 1
v 0.468955904 0.87869674 0.0995748267 1 1 1
v 0.201815307 0.602312684 0.0532020628 1 1 1
v 0.191299781 0.609623373 0.0232338402 1 1 1
v 0.203502715 0.602661729 0.0591341406 1 1 1
v 0.192306444 0.601673484 0.0808370486 1 1 1
v 0.182322681 0.771658421 0.170786902 1 1 1
v 0.179822609 0.755992115 0.172380358 1 1 1
v 0.194466516 0.82482475 0.120879769 1 1 1
v 0.194069147 0.828802168 0.096043095 1 1 1
v 0.173022225 0.829978228 0.0514861196 1 1 1
v 0.148838192 0.807295203 0.00874113385 1 1 1
v 0.145346493 0.80536294 0.00621094555 1 1 1
v -1.64788437 2.47326326 -0.427203 1 1 1
v -1.64356863 2.47501636 -0.435385197 1 1 1
v -1.63514018 2.47802877 -0.424912423 1 1 1
v -1.63520086 2.47775674 -0.438704789 1 1 1
v -1.62666941 2.4802084 -0.435572714 1 1 1
v -1.62196755 2.48122549 -0.42748782 1 1 1
v -1.6232996 2.48032975 -0.418213636 1 1 1
v -1.63004041 2.47794151 -0.412101179 1 1 1
v -1.63903749 2.47517681 -0.411990196 1 1 1
v -1.6460706 2.47333384 -0.417964309 1 1 1
v -0.505016685 0.796507657 -0.0542093627 1 1 1
v -0.476229787 0.814145684 -0.12932165 1 1 1
v -0.824658036 1.09469461 -0.206412435 1 1 1
v -0.860096455 1.08498144 -0.124906421 1 1 1
v -0.435324162 0.88077569 -0.161656201 1 1 1
v -0.768592358 1.15648031 -0.228348956 1 1 1
v -0.407277048 0.967237353 -0.145155311 1 1 1
v -0.721157074 1.22272885 -0.221241102 1 1 1
v -0.386398345 1.03250325 -0.0808214992 1 1 1
v -0.738626838 1.27581477 -0.181859463 1 1 1
v -0.732631207 1.27831805 -0.11022485 1 1 1
v -0.260787487 0.990234196 0.0465167575 1 1 1
v -0.269904107 0.993345022 0.0591960289 1 1 1
v -0.448372126 0.999700665 0.0506596342 1 1 1
v -0.470977485 0.897833943 0.0625600144 1 1 1
v -0.822632313 1.18567348 -0.00973320473 1 1 1
v -0.795194745 1.25573647 -0.0696108192 1 1 1
v -0.511053026 0.835134685 0.0227712914 1 1 1
v -0.865054965 1.11693573 -0.0415348411 1 1 1
v -1.22388291 1.45285845 -0.354041308 1 1 1
v -1.25687015 1.44677758 -0.299966067 1 1 1
v -1.1734817 1.48111534 -0.396680832 1 1 1
v -1.13417602 1.53052151 -0.36241737 1 1 1
v -1.11432064 1.5697087 -0.31515047 1 1 1
v -1.12679946 1.58837593 -0.248625234 1 1 1
v -1.17714322 1.55925369 -0.209144935 1 1 1
v -1.23268223 1.51729727 -0.191954777 1 1 1
v -1.25617838 1.47275651 -0.242068246 1 1 1
v -1.52548838 1.9098779 -0.52597177 1 1 1
v -1.53726506 1.91162574 -0.465377212 1 1 1
v -1.46916699 1.93491089 -0.522898078 1 1 1
v -1.42913079 1.95584583 -0.50649488 1 1 1
v -1.41108108 1.96995091 -0.465064883 1 1 1
v -1.41831303 1.97321796 -0.419098318 1 1 1
v -1.45307171 1.96050584 -0.392681181 1 1 1
v -1.49421692 1.94195712 -0.389787704 1 1 1
v -1.55354905 1.91471469 -0.402082831 1 1 1
v -1.66491628 2.46852756 -0.461475879 1 1 1
v -1.66182697 2.45948553 -0.430556715 1 1 1
v -1.63255286 2.46855927 -0.454497695 1 1 1
v -1.6128304 2.47631645 -0.45074594 1 1 1
v -1.59894192 2.48127294 -0.432005435 1 1 1
v -1.593786 2.48745871 -0.401262313 1 1 1
v -1.61732888 2.47967696 -0.378432035 1 1 1
v -1.65107882 2.470438 -0.375682026 1 1 1
v -1.65864837 2.45981622 -0.408988625 1 1 1
v -1.649912 2.47034335 -0.444207221 1 1 1
v -1.65781367 2.46713543 -0.429220825 1 1 1
v -1.63458776 2.47536397 -0.450283855 1 1 1
v -1.61896288 2.47985291 -0.444549173 1 1 1
v -1.61035323 2.48171616 -0.429743052 1 1 1
v -1.61279261 2.48007584 -0.41275841 1 1 1
v -1.62513638 2.47570181 -0.401563972 1 1 1
v -1.64161396 2.47063899 -0.401362389 1 1 1
v -1.6544944 2.46726203 -0.412300855 1 1 1
v -0.154683918 0.480390489 -0.0644993111 1 1 1
v -0.145318031 0.485635459 -0.0881680772 1 1 1
v -0.139920399 0.484604925 -0.0950086936 1 1 1
v -0.162875012 0.45013237 0.00016898755 1 1 1
v -0.106421381 0.579466283 -0.120790176 1 1 1
v -0.0867417678 0.676638067 -0.126318604 1 1 1
v -0.0862286985 0.732941628 -0.116902508 1 1 1
v -0.101885468 0.834254563 -0.0633500144 1 1 1
v -0.109238781 0.851557612 -0.054798793 1 1 1
v -0.138902172 0.896726787 -0.0427880511 1 1 1
v -0.0883054733 0.742459118 -0.112642653 1 1 1
v -0.0888933614 0.800444663 -0.0801443309 1 1 1
v -0.0821923018 0.805034578 -0.0706233829 1 1 1
v -0.23046793 0.970716238 0.0105108554 1 1 1
v -0.251767129 0.866892099 0.136054635 1 1 1
v -0.275549322 0.978340387 0.0736346319 1 1 1
v -0.283297747 0.945459068 0.0982329026 1 1 1
v -0.200314924 0.728241086 0.163294047 1 1 1
v -0.0706571788 0.584097505 0.184081167 1 1 1
v -0.0641720146 0.572351515 0.185826838 1 1 1
v -1.67153168 4.27449989 0.871884704 1 1 1
v -1.6774435 4.27310419 0.865448594 1 1 1
v -1.66600251 4.27629757 0.860292137 1 1 1
v -1.67793632 4.27279711 0.856622756 1 1 1
v -1.67274094 4.27372932 0.849522233 1 1 1
v -1.66431749 4.27545929 0.847460747 1 1 1
v -1.65659165 4.27718019 0.851412416 1 1 1
v -1.65318823 4.27808523 0.859523356 1 1 1
v -1.65568221 4.27775431 0.868005812 1 1 1
v -1.66293097 4.27633715 0.872871935 1 1 1
v -0.279294312 1.11035192 0.311354995 1 1 1
v -0.363100201 1.15899849 0.26450178 1 1 1
v -0.572608352 1.55313468 0.384365588 1 1 1
v -0.507134199 1.56032419 0.454737008 1 1 1
v -0.40018329 1.24426675 0.19899258 1 1 1
v -0.58126235 1.58293498 0.298639327 1 1 1
v -0.373072982 1.28967476 0.134596422 1 1 1
v -0.5472368 1.62864435 0.232170373 1 1 1
v -0.314403981 1.31507194 0.096711956 1 1 1
v -0.51733166 1.71181452 0.281633526 1 1 1
v -0.169056311 1.23705554 0.302463323 1 1 1
v -0.206675336 1.15249276 0.325172096 1 1 1
v -0.421809494 1.60408652 0.460796684 1 1 1
v -0.410094529 1.67660117 0.450150818 1 1 1
v -0.838139594 2.04285336 0.617855549 1 1 1
v -0.774553716 2.0530262 0.672659516 1 1 1
v -0.857208133 2.06594682 0.536005795 1 1 1
v -0.814101338 2.11062455 0.477961451 1 1 1
v -0.746110797 2.14771152 0.470513731 1 1 1
v -0.46157515 1.75583041 0.327138126 1 1 1
v -0.681193948 2.16888857 0.500229597 1 1 1
v -0.418208748 1.72974575 0.387600124 1 1 1
v -0.648179054 2.1592958 0.565816641 1 1 1
v -0.631303668 2.13551712 0.649743199 1 1 1
v -0.698583364 2.08641624 0.685990334 1 1 1
v -1.07357574 2.57120943 0.781701922 1 1 1
v -1.00872922 2.59508085 0.819622695 1 1 1
v -1.05766439 2.59582353 0.708566308 1 1 1
v -1.02759266 2.6225462 0.661953926 1 1 1
v -0.97639209 2.65359092 0.644529223 1 1 1
v -0.922000229 2.67555714 0.671780109 1 1 1
v -0.899091423 2.67316008 0.731003463 1 1 1
v -0.906920314 2.65510631 0.790059447 1 1 1
v -0.940043032 2.62233019 0.860892475 1 1 1
v -1.34230411 3.10599589 0.846738398 1 1 1
v -1.30662751 3.12047124 0.880479991 1 1 1
v -1.35110319 3.10854626 0.793113053 1 1 1
v -1.32160687 3.12964654 0.752401173 1 1 1
v -1.27634859 3.15676737 0.733309686 1 1 1
v -1.22671521 3.18043518 0.756979883 1 1 1
v -1.20469773 3.18472433 0.81310612 1 1 1
v -1.2199502 3.16917682 0.867440224 1 1 1
v -1.26098442 3.14321828 0.89657855 1 1 1
v -1.59278941 3.65890503 0.898457527 1 1 1
v -1.5621314 3.66816711 0.922146082 1 1 1
v -1.59298658 3.66032195 0.857601225 1 1 1
v -1.57043314 3.6692307 0.826013148 1 1 1
v -1.53322852 3.68307185 0.806668401 1 1 1
v -1.50179255 3.69218755 0.835864425 1 1 1
v -1.48866737 3.69524741 0.870733261 1 1 1
v -1.48354685 3.69591618 0.917848468 1 1 1
v -1.52706993 3.67997742 0.927729309 1 1 1
v -1.70127642 4.26423407 0.876438379 1 1 1
v -1.67704999 4.26448631 0.887019515 1 1 1
v -1.6963017 4.26170301 0.850770772 1 1 1
v -1.68467212 4.26519728 0.829342663 1 1 1
v -1.6605711 4.26565552 0.833332658 1 1 1
v -1.64019418 4.27315092 0.837149501 1 1 1
v -1.63108242 4.27566147 0.85839808 1 1 1
v -1.64177847 4.27098846 0.877267659 1 1 1
v -1.65687025 4.27070236 0.892976701 1 1 1
v -1.68658364 4.26831627 0.869817793 1 1 1
v -1.67571747 4.27088356 0.881642997 1 1 1
v -1.68748713 4.26775408 0.853599072 1 1 1
v -1.67794025 4.2694664 0.840548933 1 1 1
v -1.66246152 4.27264595 0.836761415 1 1 1
v -1.64826369 4.27580881 0.844023883 1 1 1
v -1.64200819 4.27747107 0.85892874 1 1 1
v -1.64659297 4.27686405 0.874516666 1 1 1
v -1.65991199 4.27425766 0.883460522 1 1 1
v -0.0706571788 0.584097505 0.184081167 1 1 1
v -0.0571752749 0.572043121 0.188175991 1 1 1
v -0.167838961 1.08998811 -0.0230970811 1 1 1
v -0.194373354 1.15485168 -0.00966104399 1 1 1
v -0.19937256 1.16881049 -0.00628495775 1 1 1
v 0.0141649023 0.952600777 0.216396779 1 1 1
v -0.0736204386 1.16652763 0.218133688 1 1 1
v 0.00948615652 0.974974215 0.204329073 1 1 1
v 0.0158427842 0.825125396 0.238522142 1 1 1
v 0.054674428 0.695763946 0.216208428 1 1 1
v 0.0540193915 0.693277061 0.216798753 1 1 1
v 0.0432530269 0.667914331 0.221662045 1 1 1
v -0.241896108 1.25174749 0.0290822834 1 1 1
v -0.23548308 1.40956593 0.133103609 1 1 1
v -0.229566351 1.41287279 0.139089331 1 1 1
v -0.152986422 1.32725561 0.207295015 1 1 1
v -0.141483799 1.29389799 0.216356814 1 1 1
v -0.0773665905 1.17329478 0.218775541 1 1 1
v 0.150319323 1.40148556 0.260849088 1 1 1
v 0.141757518 1.40267897 0.260558426 1 1 1
v 0.146858528 1.40538776 0.249296978 1 1 1
v 0.135526568 1.40474701 0.25493443 1 1 1
v 0.134559825 1.40672672 0.246572524 1 1 1
v 0.139283031 1.40769303 0.239399597 1 1 1
v 0.147503927 1.40719175 0.236767456 1 1 1
v 0.155365616 1.40545833 0.239910945 1 1 1
v 0.159206778 1.40330327 0.247352526 1 1 1
v 0.157200068 1.40173757 0.255614102 1 1 1
v 0.117153309 1.04496241 0.232028171 1 1 1
v 0.0633736625 1.03327072 0.231348276 1 1 1
v 0.10935095 1.26334476 0.251088738 1 1 1
v 0.153644368 1.38914311 0.273584247 1 1 1
v 0.0831854343 1.23261619 0.229855895 1 1 1
v 0.0111475857 0.9996503 0.203753993 1 1 1
v 0.0122781806 1.00761867 0.20345524 1 1 1
v 0.144704312 1.04766595 0.105309293 1 1 1
v 0.171050772 1.08597445 0.162887722 1 1 1
v 0.186323583 1.39832914 0.243039012 1 1 1
v 0.154877976 1.27398026 0.186118871 1 1 1
v 0.159105986 1.06910026 0.20715946 1 1 1
v 0.168397248 1.38947237 0.261341512 1 1 1
v 0.137200251 1.39834917 0.269566476 1 1 1
v 0.15295592 1.3961556 0.270098835 1 1 1
v 0.125736758 1.402156 0.259216607 1 1 1
v 0.0853758231 1.2573452 0.205662906 1 1 1
v 0.12395636 1.40579879 0.243829131 1 1 1
v 0.10099794 1.2698772 0.180989057 1 1 1
v 0.13264811 1.40757728 0.230630964 1 1 1
v 0.126241654 1.24646103 0.16455628 1 1 1
v 0.147776008 1.40665495 0.225787386 1 1 1
v 0.162242308 1.40346479 0.231570855 1 1 1
v 0.169309601 1.39949965 0.245265618 1 1 1
v 0.165619239 1.3966167 0.26046741 1 1 1
v 0.0668027177 0.673134327 0.212623268 1 1 1
v 0.0511980578 0.751936555 0.217562526 1 1 1
v 0.147200868 0.850192666 0.0253644679 1 1 1
v 0.104050294 1.02341354 0.0634893849 1 1 1
v 0.015561888 1.02009535 0.202699468 1 1 1
v 0.0333635323 1.12108898 0.167977542 1 1 1
v 0.0597261116 1.16812503 0.123106033 1 1 1
v 0.0582500659 1.16764545 0.130277261 1 1 1
v 0.101314664 1.03533173 0.0653297305 1 1 1
v -0.108122922 4.44915771 -0.282184273 1 1 1
v -0.109396592 4.44852972 -0.290558159 1 1 1
v -0.097226426 4.44802141 -0.288091511 1 1 1
v -0.105049253 4.44727707 -0.297741115 1 1 1
v -0.097076878 4.44598246 -0.300361633 1 1 1
v -0.0892282203 4.44525146 -0.297216684 1 1 1
v -0.0851683542 4.44542599 -0.289761871 1 1 1
v -0.0868020207 4.44642591 -0.281494141 1 1 1
v -0.0933549553 4.44778204 -0.276266664 1 1 1
v -0.101770461 4.44885874 -0.276554257 1 1 1
v -0.139169812 1.25172043 -0.044807896 1 1 1
v -0.0700625554 1.26941526 -0.0645566285 1 1 1
v -0.141541034 1.71598303 -0.0750380307 1 1 1
v -0.190357924 1.74836063 -0.0416639 1 1 1
v 0.000992676243 1.29242921 -0.0375223681 1 1 1
v -0.062976256 1.72418988 -0.0436473526 1 1 1
v 0.0385412462 1.31629121 0.031001687 1 1 1
v 0.000424962491 1.73300564 0.0255918652 1 1 1
v 0.00554648414 1.38953781 0.110572755 1 1 1
v -0.0377788581 1.73149419 0.111624882 1 1 1
v -0.0368265249 1.34272063 0.169387177 1 1 1
v -0.0910478905 1.78795481 0.145500928 1 1 1
v -0.16716668 1.7929703 0.148708284 1 1 1
v -0.22683388 1.81064487 0.0964245349 1 1 1
v -0.236405239 1.76845109 0.0217408724 1 1 1
v -0.286533058 2.26305175 0.00312055484 1 1 1
v -0.268280506 2.27159214 0.0821453631 1 1 1
v -0.244315535 2.25728774 -0.0685505569 1 1 1
v -0.165718734 2.25818086 -0.0840158761 1 1 1
v -0.0974211544 2.26345038 -0.0557685643 1 1 1
v -0.0609399341 2.27124739 0.00749402959 1 1 1
v -0.0769191682 2.27780175 0.0782684982 1 1 1
v -0.122419514 2.28463387 0.152283385 1 1 1
v -0.209301144 2.27938414 0.136550829 1 1 1
v -0.303525835 2.80453682 -0.0835119411 1 1 1
v -0.268779725 2.81651568 -0.0129028577 1 1 1
v -0.240553841 2.79855585 -0.131643891 1 1 1
v -0.180862159 2.79817724 -0.15000914 1 1 1
v -0.124236479 2.80418062 -0.127862573 1 1 1
v -0.0883014277 2.81415153 -0.076846078 1 1 1
v -0.107161328 2.82254195 -0.0174604151 1 1 1
v -0.152276292 2.82723856 0.0236293823 1 1 1
v -0.227864772 2.83059621 0.0575255714 1 1 1
v -0.287561983 3.35351777 -0.162139639 1 1 1
v -0.272996485 3.3603878 -0.11661391 1 1 1
v -0.258146822 3.34679174 -0.200383097 1 1 1
v -0.213980511 3.34252477 -0.226517916 1 1 1
v -0.161840439 3.34482598 -0.209108442 1 1 1
v -0.137737989 3.35225511 -0.160537764 1 1 1
v -0.145479411 3.36103845 -0.107275158 1 1 1
v -0.19164741 3.36531377 -0.0816355571 1 1 1
v -0.244668603 3.3679378 -0.0719434917 1 1 1
v -0.223879471 3.89796877 -0.246630043 1 1 1
v -0.213458315 3.90109348 -0.211966798 1 1 1
v -0.203682601 3.89179826 -0.277354687 1 1 1
v -0.169177145 3.88692355 -0.285432428 1 1 1
v -0.132766455 3.88425136 -0.277769148 1 1 1
v -0.125546351 3.88762331 -0.241873816 1 1 1
v -0.126306906 3.89218974 -0.208721757 1 1 1
v -0.144277722 3.90130186 -0.161151007 1 1 1
v -0.187834531 3.90127158 -0.189186126 1 1 1
v -0.13606593 4.44766808 -0.295731455 1 1 1
v -0.123320557 4.44305038 -0.27376771 1 1 1
v -0.118738554 4.44078159 -0.313266575 1 1 1
v -0.0972644612 4.43849325 -0.323598057 1 1 1
v -0.0814050883 4.43337393 -0.30662623 1 1 1
v -0.0660071447 4.43580246 -0.292006224 1 1 1
v -0.0701353773 4.43852997 -0.270013601 1 1 1
v -0.0898796171 4.4391222 -0.261491805 1 1 1
v -0.109835304 4.44462729 -0.25741601 1 1 1
v -0.119918033 4.44689417 -0.292440146 1 1 1
v -0.117568254 4.44805288 -0.277014643 1 1 1
v -0.111907944 4.44458914 -0.305670053 1 1 1
v -0.0972218066 4.44220304 -0.310499042 1 1 1
v -0.0827644542 4.44085646 -0.30470559 1 1 1
v -0.0752856284 4.44117975 -0.290972024 1 1 1
v -0.0782942176 4.44301939 -0.275742054 1 1 1
v -0.0903666914 4.44551802 -0.266113669 1 1 1
v -0.105868429 4.44750023 -0.266640544 1 1 1
v -0.0560199544 0.826082408 -0.0810089782 1 1 1
v -0.0183334891 0.824591517 -0.0945683271 1 1 1
v 0.0104438066 0.820150018 -0.0875118822 1 1 1
v -0.0821923018 0.805034578 -0.0706233829 1 1 1
v -0.162875012 0.45013237 0.00016898755 1 1 1
v -0.155225158 0.525012136 0.0279519204 1 1 1
v -0.122425757 0.586351454 0.139340073 1 1 1
v -0.155240044 0.53193289 0.0412633494 1 1 1
v -0.158817589 0.54680717 0.0813648999 1 1 1
v -0.13665086 0.561732531 0.11060755 1 1 1
v -0.129828498 0.578261733 0.127398789 1 1 1
v -0.0788028538 0.572996378 0.180914551 1 1 1
v -0.0641720146 0.572351515 0.185826838 1 1 1
v -0.0935904309 0.577860117 0.159492642 1 1 1
v -0.126744181 0.576755762 0.116564557 1 1 1
v -0.114241779 0.588429868 0.130285591 1 1 1
v -0.112290315 0.587599337 0.132491633 1 1 1
v -0.0935904309 0.577860117 0.159492642 1 1 1
v -0.0176638849 0.570301712 0.201441884 1 1 1
v -0.0424524136 0.571394265 0.193119168 1 1 1
v -0.0424524136 0.571394265 0.193119168 1 1 1
v -0.0176638849 0.570301712 0.201441884 1 1 1
v -0.0170980748 0.570276737 0.201631844 1 1 1
v -0.0163544621 0.570242286 0.201888561 1 1 1
v 0.0408579148 0.510022998 0.219285011 1 1 1
v 0.0875145569 0.490669996 0.207377836 1 1 1
v 0.099632062 0.374857485 0.203773037 1 1 1
v 0.0966934934 0.369939834 0.206958309 1 1 1
v 0.181410655 0.649638355 0.019503748 1 1 1
v 0.179870769 0.655445516 0.0191477705 1 1 1
v 0.178934008 0.660017073 0.0183800254 1 1 1
v 0.180661827 0.66041404 0.0151115349 1 1 1
v 0.176028654 0.678615808 0.0136535196 1 1 1
v 0.17030248 0.691701472 0.0084985178 1 1 1
v 0.146877691 0.749513447 -0.0157314818 1 1 1
v 0.143905401 0.752840459 -0.015863819 1 1 1
v 0.13804923 0.7677297 -0.0222415272 1 1 1
v 0.135094151 0.771227241 -0.0235307496 1 1 1
v 0.179870769 0.655445516 0.0191477705 1 1 1
v 0.178674355 0.659957409 0.0188711938 1 1 1
v 0.178674355 0.659957409 0.0188711938 1 1 1
v 0.175025344 0.673718452 0.0180276465 1 1 1
v 0.175575823 0.67640543 0.0156277474 1 1 1
v 0.162895143 0.707567215 0.00406482397 1 1 1
v 0.217945054 0.500499785 0.0323198587 1 1 1
v 0.218134016 0.501295626 0.0335425511 1 1 1
v 0.204791829 0.555029511 0.0283229295 1 1 1
v 0.0953271091 0.79487884 -0.0248183254 1 1 1
v 0.0841042921 0.810943604 -0.0319519639 1 1 1
v 0.12363676 0.782683611 -0.0272486992 1 1 1
v 0.123468816 0.78284955 -0.0273017287 1 1 1
v 0.0501969121 0.818329811 -0.0671090558 1 1 1
v 0.129224718 0.77905786 -0.02670886 1 1 1
v 0.135094151 0.771227241 -0.0235307496 1 1 1
v 0.134307384 0.772143364 -0.0238793716 1 1 1
v 0.147074044 0.744784236 -0.0124129709 1 1 1
v 0.145769805 0.750526607 -0.0141587164 1 1 1
v -0.0901461393 0.668554425 -0.12356285 1 1 1
v -0.0607268997 0.529281974 0.192485794 1 1 1
v -0.0760255754 0.50697571 0.179364592 1 1 1
v -0.0669748336 0.536203086 0.185892403 1 1 1
v 0.0490248688 0.35860005 0.226082325 1 1 1
v -0.00761500932 0.371725112 0.197351962 1 1 1
v -0.0405065864 0.382142663 0.186646491 1 1 1
v 0.0647260249 0.350336194 0.223892465 1 1 1
v -0.0899304226 0.489684343 0.164934397 1 1 1
v -0.0798441321 0.483525544 0.177192807 1 1 1
v -0.0892592371 0.485582709 0.16352807 1 1 1
v -0.0400401726 0.569085658 0.200885639 1 1 1
v -0.084852688 0.49599877 0.170203984 1 1 1
v -0.0796492919 0.500266731 0.177889198 1 1 1
v -0.0760255754 0.50697571 0.179364592 1 1 1
v -0.0527381003 0.551642358 0.188904613 1 1 1
v -0.0468991213 0.562855124 0.191297129 1 1 1
v -0.0468991213 0.562855124 0.191297129 1 1 1
v -0.0424524136 0.571394265 0.193119168 1 1 1
v -0.0892592371 0.485582709 0.16352807 1 1 1
v -0.0958073139 0.487013429 0.154024422 1 1 1
v -0.0884303078 0.495074451 0.165730521 1 1 1
v -0.0272050686 0.600674152 0.199366748 1 1 1
v -0.0211373493 0.612231314 0.201945603 1 1 1
v 0.0322810411 0.651988626 0.222113937 1 1 1
v 0.0874819532 0.686103582 0.200996757 1 1 1
v 0.128026932 0.670109212 0.182631254 1 1 1
v 0.171467423 0.647862256 0.109902963 1 1 1
v 0.176544636 0.650118411 0.121476114 1 1 1
v 0.171554506 0.657181442 0.148462057 1 1 1
v 0.144390434 0.665185392 0.169521973 1 1 1
v 0.15738669 0.655468404 0.135109901 1 1 1
v 0.178446054 0.630423903 0.100634083 1 1 1
v 0.130461663 0.669570744 0.181483269 1 1 1
v 0.141912028 0.667038441 0.176084384 1 1 1
v 0.160214677 0.643030763 0.15344882 1 1 1
v 0.178446054 0.630423903 0.100634083 1 1 1
v 0.192306444 0.601673484 0.0808370486 1 1 1
v 0.130461663 0.669570744 0.181483269 1 1 1
v 0.128026932 0.670109212 0.182631254 1 1 1
v 0.193150342 0.532192528 -0.0276768245 1 1 1
v -0.0904049203 0.575581372 -0.139837191 1 1 1
v -0.0862672254 0.582307458 -0.143739611 1 1 1
v -0.0867417678 0.676638067 -0.126318604 1 1 1
v -0.0821923018 0.805034578 -0.0706233829 1 1 1
v -0.0794972926 0.806848943 -0.0663122386 1 1 1
v -0.0656184703 0.803636551 0.0801257789 1 1 1
v -0.0669622496 0.805641413 0.0701770335 1 1 1
v -0.0579816364 0.800498605 0.0280580129 1 1 1
v -0.0517000854 0.79412967 0.0350597054 1 1 1
v -0.0517146848 0.793829441 0.0391880497 1 1 1
v -0.0606649406 0.798997402 0.0806053504 1 1 1
v -0.0662690327 0.798559248 0.0836540237 1 1 1
v -0.063418895 0.822113514 -0.0365387462 1 1 1
v -0.120852031 0.878884673 -0.0412936695 1 1 1
v -0.0794972926 0.806848943 -0.0663122386 1 1 1
v -0.065418236 0.816327274 -0.0437903181 1 1 1
v -0.0635902658 0.821950912 -0.0368560031 1 1 1
v -0.175155044 0.906221688 0.0695210025 1 1 1
v -0.186729521 0.924468398 0.0252367947 1 1 1
v -0.0736917034 0.819919467 0.00811470579 1 1 1
v -0.0674566925 0.806858659 0.0362144075 1 1 1
v -0.0662690327 0.798559248 0.0836540237 1 1 1
v -0.0779812261 0.797643661 0.0900255665 1 1 1
v -0.106383756 0.789287925 0.109351493 1 1 1
v -0.109507918 0.786279559 0.112796694 1 1 1
v -0.109940425 0.75426662 0.140022099 1 1 1
v -0.103616722 0.739129007 0.14886108 1 1 1
v -0.13710542 0.785629869 0.130878031 1 1 1
v -0.24534899 0.967035353 0.0622171015 1 1 1
v -0.103616722 0.739129007 0.14886108 1 1 1
v -0.0957955644 0.720406771 0.159793168 1 1 1
v -0.078508161 0.598317266 0.18196784 1 1 1
v -0.0706571788 0.584097505 0.184081167 1 1 1
v -0.164708793 0.443690002 0.0152740153 1 1 1
v -0.079553172 0.50852555 0.178232744 1 1 1
v -0.0953699201 0.471138448 0.154270381 1 1 1
v -0.116192199 0.442832232 0.13163358 1 1 1
v -0.166573673 0.47154963 0.0745031163 1 1 1
v -0.165109515 0.461216301 0.0543863624 1 1 1
v -0.084852688 0.49599877 0.170203984 1 1 1
v -0.0892592371 0.485582709 0.16352807 1 1 1
v -0.0147482045 0.482834786 0.199130729 1 1 1
v -0.0527381003 0.551642358 0.188904613 1 1 1
v -0.0760255754 0.50697571 0.179364592 1 1 1
v -0.108898573 0.564254403 0.136857241 1 1 1
v -0.121306464 0.560128748 0.12305893 1 1 1
v -0.0468991213 0.562855124 0.191297129 1 1 1
v -0.031200286 0.549404323 0.19608736 1 1 1
v -0.0176638849 0.570301712 0.201441884 1 1 1
v -0.0785910934 0.591191292 0.181671426 1 1 1
v -0.0935904309 0.577860117 0.159492642 1 1 1
v -0.126744181 0.576755762 0.116564557 1 1 1
v -0.150231883 0.630114734 0.0889606699 1 1 1
v -0.144849718 0.606381595 0.0274477657 1 1 1
v -0.144582182 0.604343891 0.0196121074 1 1 1
v -0.132599995 0.676233768 -0.022732757 1 1 1
v -0.116422229 0.703096986 -0.0541477837 1 1 1
v -0.0969006121 0.791958869 -0.062037155 1 1 1
v -0.0966677293 0.793206573 -0.0620314777 1 1 1
v -0.0969006121 0.791958869 -0.062037155 1 1 1
v -0.0794972926 0.806848943 -0.0663122386 1 1 1
v -0.053553313 0.827462077 -0.0727803335 1 1 1
v -0.115333371 1.14394939 0.0662347525 1 1 1
v -0.0519626737 0.828592658 -0.0711467639 1 1 1
v -0.0356510133 0.832389534 -0.0581840798 1 1 1
v 0.0394348875 0.820891917 -0.0293198097 1 1 1
v 0.0429266021 0.822852612 -0.0244169608 1 1 1
v 0.0517390221 0.829535782 -0.0212010127 1 1 1
v 0.00540585117 1.02058041 0.121679209 1 1 1
v -0.0841335952 1.16457832 0.153335661 1 1 1
v 0.00453613559 0.957197487 0.037034642 1 1 1
v 0.00417718291 1.02081585 0.129067168 1 1 1
v 0.00207263231 1.02129519 0.141501635 1 1 1
v 0.00340720965 1.01299596 0.156766206 1 1 1
v 0.006433025 0.987095416 0.199494451 1 1 1
v 0.051575724 0.828296244 -0.0217653774 1 1 1
v 0.0521428697 0.82864213 -0.0214124806 1 1 1
v 0.0711317956 0.831973851 0.0291273501 1 1 1
v 0.0712614879 0.832192123 0.0296566393 1 1 1
v 0.0717137977 0.831768632 0.0300740972 1 1 1
v 0.0854227245 0.815920293 0.0563297532 1 1 1
v 0.105323642 0.810575724 0.073485747 1 1 1
v 0.100096852 0.802748144 0.117818438 1 1 1
v 0.102122687 0.779692233 0.139441162 1 1 1
v 0.100328401 0.778268039 0.147084385 1 1 1
v 0.0993960649 0.777829826 0.150685593 1 1 1
v 0.0989921242 0.777323782 0.152633727 1 1 1
v 0.0936669782 0.778543532 0.168636814 1 1 1
v 0.0360295288 0.907401443 0.199987099 1 1 1
v 0.0955480039 0.799377561 0.0399241522 1 1 1
v 0.114949256 0.790344834 0.0688430145 1 1 1
v 0.086761944 0.811317921 0.0362931006 1 1 1
v 0.102122687 0.779692233 0.139441162 1 1 1
v 0.114184327 0.789701402 0.0757300109 1 1 1
v 0.112069428 0.790094018 0.0884836465 1 1 1
v 0.0936669782 0.778543532 0.168636814 1 1 1
v 0.0906507298 0.77923435 0.17770122 1 1 1
v 0.0709486604 0.757549703 0.201542169 1 1 1
v 0.0694687366 0.788599193 0.196706936 1 1 1
v 0.0624400824 0.614151239 0.214299977 1 1 1
v 0.0324908346 0.648516119 0.222044736 1 1 1
v -0.0172954742 0.570870459 0.201587602 1 1 1
v 0.0417338759 0.719909072 0.220033705 1 1 1
v 0.0266416725 0.745332301 0.223973989 1 1 1
v -0.013717806 0.667725325 0.206790626 1 1 1
v -0.00311558996 0.752572715 0.213940904 1 1 1
v -0.00917802006 0.758739173 0.201704875 1 1 1
v 0.0864389613 0.638608038 0.206592843 1 1 1
v 0.128083199 0.66789794 0.1828399 1 1 1
v -0.00917802006 0.758739173 0.201704875 1 1 1
v -0.0113865612 0.760985613 0.197247311 1 1 1
v -0.0112816924 0.794607699 0.19415772 1 1 1
v -0.054111246 0.772571325 0.158022448 1 1 1
v -0.0580017045 0.773542881 0.154584274 1 1 1
v -0.0584734567 0.773687661 0.154165938 1 1 1
v -0.0654740557 0.79922545 0.0869839862 1 1 1
v -0.0662690327 0.798559248 0.0836540237 1 1 1
v -0.0143263061 0.965187073 0.124378011 1 1 1
v -0.0262206513 0.847135305 0.00855250563 1 1 1
v -0.0208221935 0.855813205 0.00578529341 1 1 1
v -0.0197169837 0.854910433 0.00326307281 1 1 1
v -0.0185437445 0.849162579 -0.00291028665 1 1 1
v -0.0579816364 0.800498605 0.0280580129 1 1 1
v 0.00882533658 0.81507045 -0.0158911981 1 1 1
v 0.0376058891 0.818130255 -0.0227300581 1 1 1
v -0.0703162774 0.795167685 0.0667011142 1 1 1
v -0.0688931197 0.793580592 0.0553481951 1 1 1
v -0.0617161095 0.795015037 0.0303514823 1 1 1
v 0.00831650011 1.00184011 0.190867454 1 1 1
v 0.0366196446 1.03124499 0.083803311 1 1 1
v 0.051575724 0.828296244 -0.0217653774 1 1 1
v 0.0591122955 0.833780706 -0.0212449431 1 1 1
v 0.070171982 0.82537657 -0.0286009032 1 1 1
v 0.078039147 0.978841662 0.0460053831 1 1 1
v 0.0997834876 0.807247102 -0.0157878194 1 1 1
v 0.0983351469 0.795634091 -0.0212331023 1 1 1
v 0.121566363 0.792203486 -0.0110208318 1 1 1
v 0.140315622 0.781947017 -0.00582317775 1 1 1
v 0.14335762 0.757281899 -0.0143316928 1 1 1
v 0.121566363 0.792203486 -0.0110208318 1 1 1
v 0.123668879 0.791893005 -0.0100965779 1 1 1
v 0.135088265 0.782842994 -0.00807063747 1 1 1
v 0.14335762 0.757281899 -0.0143316928 1 1 1
v 0.174105287 0.709870994 0.0214929227 1 1 1
v 0.182482883 0.660461783 0.0260660667 1 1 1
v 0.181118041 0.653318048 0.0212348476 1 1 1
v 0.190717578 0.628121316 0.0349250659 1 1 1
v 0.19121033 0.669321537 0.0669825524 1 1 1
v 0.178446054 0.630423903 0.100634083 1 1 1
v 0.144390434 0.665185392 0.169521973 1 1 1
v 0.14010112 0.676350534 0.175985143 1 1 1
v 0.130461663 0.669570744 0.181483269 1 1 1
v 0.167227775 0.677010715 -0.00200795941 1 1 1
v 0.17730996 0.659813523 0.0148627227 1 1 1
v 0.17730996 0.659813523 0.0148627227 1 1 1
v 0.179870769 0.655445516 0.0191477705 1 1 1
v 0.146324947 0.733222306 -0.0226313453 1 1 1
v 0.143905401 0.752840459 -0.015863819 1 1 1
v 0.167227775 0.677010715 -0.00200795941 1 1 1
v 0.171808705 0.610197306 0.118132681 1 1 1
v 0.167177469 0.604872167 0.135799989 1 1 1
v 0.128083199 0.66789794 0.1828399 1 1 1
v -0.135168239 0.682400107 0.0203760378 1 1 1
v -0.117613509 0.689252019 0.127242163 1 1 1
v -0.136258572 0.752569735 0.101641364 1 1 1
v -0.137248337 0.756094575 0.100447185 1 1 1
v -0.127673686 0.729451239 0.00460949494 1 1 1
v -0.124007791 0.752430677 -0.00648260443 1 1 1
v -0.0969006121 0.791958869 -0.062037155 1 1 1
v -0.00926849525 0.800199866 -0.0973954126 1 1 1
v 0.0201170035 0.703538835 -0.1062418 1 1 1
v -0.0118105235 0.807039797 -0.0966026336 1 1 1
v 0.024381265 0.694481671 -0.10644979 1 1 1
v 0.0595983081 0.720419645 -0.0947811007 1 1 1
v 0.10061194 0.679039598 -0.0821577013 1 1 1
v 0.125616074 0.687508464 -0.0725884289 1 1 1
v 0.127132609 0.778726161 -0.0345091373 1 1 1
v -0.0969006121 0.791958869 -0.062037155 1 1 1
v -0.0953483656 0.794222414 -0.0652183816 1 1 1
v -0.0952874124 0.794491708 -0.0652473718 1 1 1
v 0.121137284 0.658330858 -0.0758403018 1 1 1
v 0.124636248 0.652586102 -0.0748864859 1 1 1
v 0.13094762 0.653668225 -0.072529763 1 1 1
v 0.127189547 0.677521348 -0.0725711212 1 1 1
v 0.111614846 0.667938352 -0.078771174 1 1 1
v 0.134986579 0.659172952 -0.0636432916 1 1 1
v 0.134981811 0.654215634 -0.0654178709 1 1 1
v 0.135101616 0.779006839 -0.0207458418 1 1 1
v 0.135174036 0.782616019 -0.0193356201 1 1 1
v 0.13535735 0.782735407 -0.0189787876 1 1 1
v 0.135505438 0.782616258 -0.0187673364 1 1 1
v 0.135839254 0.782564878 -0.0182132907 1 1 1
v 0.14335762 0.757281899 -0.0143316928 1 1 1
v 0.111614846 0.667938352 -0.078771174 1 1 1
v 0.10061194 0.679039598 -0.0821577013 1 1 1
v 0.134986579 0.659172952 -0.0636432916 1 1 1
v 0.135094151 0.771227241 -0.0235307496 1 1 1
v 0.147074044 0.744784236 -0.0124129709 1 1 1
v 0.153507814 0.817298412 0.0244568996 1 1 1
v 0.181945279 0.660284877 0.0291573592 1 1 1
v 0.179732636 0.670739651 0.0294307787 1 1 1
v 0.15626587 0.779745281 0.0383254141 1 1 1
v 0.147742435 0.781824827 0.0779910386 1 1 1
v 0.143102691 0.777738631 0.107518882 1 1 1
v 0.140723392 0.772363007 0.126312703 1 1 1
v 0.134455904 0.802402139 0.126613989 1 1 1
v 0.13416481 0.81071794 0.118923597 1 1 1
v 0.145849451 0.824212968 0.0458953269 1 1 1
v 0.117234252 0.772258639 0.149980485 1 1 1
v 0.167227775 0.677010715 -0.00200795941 1 1 1
v 0.172492757 0.659305573 0.00071025017 1 1 1
v 0.117234252 0.772258639 0.149980485 1 1 1
v 0.106059596 0.772902548 0.15912044 1 1 1
v 0.0936669782 0.778543532 0.168636814 1 1 1
v 0.183513671 0.660800993 0.0201390572 1 1 1
v 0.0936669782 0.778543532 0.168636814 1 1 1
v 0.056347657 0.795530796 0.197294533 1 1 1
v 0.0161499958 0.809244096 0.204783216 1 1 1
v 0.00455564866 0.802884638 0.204442456 1 1 1
v -0.00510747405 0.759770453 0.201747939 1 1 1
v -0.00917802006 0.758739173 0.201704875 1 1 1
v 0.0404913537 0.803682804 0.200226322 1 1 1
v 0.0209232233 0.815652788 0.203824386 1 1 1
v -0.198124975 1.10605228 0.0421545692 1 1 1
v -0.169500947 1.09314156 0.123960242 1 1 1
v -0.039111305 0.751155376 0.20138827 1 1 1
v -0.0408098176 0.724937081 0.199726418 1 1 1
v -0.107290283 1.07131791 0.189704761 1 1 1
v -0.049770344 0.7507357 0.19767119 1 1 1
v -0.0703314841 0.756746292 0.179723367 1 1 1
v -0.0856499225 0.75962168 0.16775474 1 1 1
v -0.0997638777 0.75285846 0.154812053 1 1 1
v -0.103616722 0.739129007 0.14886108 1 1 1
v 0.158526078 0.647337794 -0.0476502441 1 1 1
v 0.171033129 0.616902709 -0.0330769755 1 1 1
v 0.099645339 0.672985971 -0.0851045698 1 1 1
v 0.111614846 0.667938352 -0.078771174 1 1 1
v 0.134986579 0.659172952 -0.0636432916 1 1 1
v 0.191299781 0.609623373 0.0232338402 1 1 1
v 0.184200227 0.614559114 0.00300083496 1 1 1
v 0.10061194 0.679039598 -0.0821577013 1 1 1
v 0.12199083 0.665706873 -0.072472766 1 1 1
v 0.168878555 0.601756513 0.132429674 1 1 1
v 0.175010487 0.60014689 0.114363641 1 1 1
v 0.144292012 0.654799938 0.176214829 1 1 1
v 0.12588644 0.656967163 0.185096666 1 1 1
v 0.128083199 0.66789794 0.1828399 1 1 1
v 0.128026932 0.670109212 0.182631254 1 1 1
v 0.107655264 0.7778126 0.14252843 1 1 1
v 0.103282094 0.778866649 0.140483618 1 1 1
v 0.102122687 0.779692233 0.139441162 1 1 1
v 0.086761944 0.811317921 0.0362931006 1 1 1
v 0.0873890221 0.811809301 0.0338671058 1 1 1
v 0.111404531 0.799520671 0.0031251451 1 1 1
v 0.114792176 0.798803091 0.00127119164 1 1 1
v 0.121159606 0.793858945 -0.00818974897 1 1 1
v 0.121566363 0.792203486 -0.0110208318 1 1 1
v 0.125737697 0.750430882 0.175062701 1 1 1
v 0.126026362 0.748726666 0.175213739 1 1 1
v 0.130747497 0.76442349 0.16049324 1 1 1
v 0.117234252 0.772258639 0.149980485 1 1 1
v 0.126428321 0.75264746 0.171553269 1 1 1
v 0.0772498921 0.797403455 0.117077284 1 1 1
v 0.0787716135 0.799304605 0.108219899 1 1 1
v 0.0742824525 0.800911725 0.0890457109 1 1 1
v 0.0716026127 0.802486897 0.0732085854 1 1 1
v 0.0792307332 0.805416465 0.0654294118 1 1 1
v 0.12363676 0.782683611 -0.0272486992 1 1 1
v 0.109425738 0.77291739 -0.0407081582 1 1 1
v 0.12386661 0.782841563 -0.0270310063 1 1 1
v 0.121566363 0.792203486 -0.0110208318 1 1 1
v 1.16328585 4.20274639 -0.245158911 1 1 1
v 1.15594077 4.20608234 -0.232695073 1 1 1
v 1.15089691 4.20544052 -0.244338572 1 1 1
v 1.1414603 4.20666885 -0.235920355 1 1 1
v 1.13985598 4.20369482 -0.250377536 1 1 1
v 1.15334475 4.20127058 -0.256087393 1 1 1
v 0.393395841 2.26457596 -0.0863744542 1 1 1
v 0.381495953 2.29371738 -0.0318413824 1 1 1
v 0.842369258 2.52635384 -0.10169258 1 1 1
v 0.877527833 2.49882698 -0.178753093 1 1 1
v 0.361810148 2.3501761 -0.0525693186 1 1 1
v 0.777714491 2.58676338 -0.119827785 1 1 1
v 0.346890807 2.34975672 -0.113353044 1 1 1
v 0.772736073 2.59685254 -0.207382396 1 1 1
v 0.358376175 2.29268932 -0.13420777 1 1 1
v 0.838942885 2.54013467 -0.260899663 1 1 1
v 1.09679937 3.04856133 -0.0535489693 1 1 1
v 1.12802029 3.04309702 -0.115404315 1 1 1
v 1.02377999 3.06826735 -0.0671224892 1 1 1
v 1.02467084 3.07113957 -0.141093686 1 1 1
v 1.08761084 3.056288 -0.170995012 1 1 1
v 1.11482513 3.63603449 -0.0877902508 1 1 1
v 1.13403785 3.63048339 -0.124177523 1 1 1
v 1.07589459 3.63721752 -0.0993981361 1 1 1
v 1.06694174 3.63323689 -0.14062795 1 1 1
v 1.10831571 3.62843347 -0.157947943 1 1 1
v 1.16210389 4.20887423 -0.219307438 1 1 1
v 1.16614914 4.19566536 -0.244020104 1 1 1
v 1.13295949 4.20711374 -0.22824277 1 1 1
v 1.13233113 4.19972372 -0.253744751 1 1 1
v 1.15427685 4.1950388 -0.261404335 1 1 1
v -0.0297232401 1.99744058 0.0167005081 1 1 1
v -0.0396734737 2.01545072 0.0529016368 1 1 1
v -0.0591134131 2.02927494 0.0934430212 1 1 1
v -0.071591273 2.03376436 0.113270976 1 1 1
v -0.043816518 1.97307062 -0.000695432129 1 1 1
v -0.0632304251 2.08673882 0.0899344012 1 1 1
v -0.0579070412 2.14388418 0.0653199404 1 1 1
v -0.0588607006 2.17046738 0.0547450669 1 1 1
v -0.0501024202 2.17618966 0.0106902467 1 1 1
v -0.0613068864 2.17266631 -0.0017217804 1 1 1
v -0.0910923555 2.16436839 -0.0535414517 1 1 1
v -0.105359033 2.15930867 -0.0592525154 1 1 1
v -0.145724818 2.01628971 -0.0762037709 1 1 1
v -0.106007636 2.15690398 -0.0595187321 1 1 1
v -0.0809464604 2.00552678 -0.0499710925 1 1 1
v -0.0620066263 1.98468077 -0.0192954969 1 1 1
v -0.117746592 2.01123953 -0.0646457523 1 1 1
v -0.928691387 4.78995752 0.830027521 1 1 1
v -0.935710549 4.79252672 0.819032073 1 1 1
v -0.924880803 4.79550552 0.820852935 1 1 1
v -0.927427232 4.79762554 0.809967816 1 1 1
v -0.915288687 4.79820728 0.815361142 1 1 1
v -0.916069984 4.793468 0.827758729 1 1 1
v -0.367095828 2.87625122 0.303853214 1 1 1
v -0.400386274 2.89186049 0.260947227 1 1 1
v -0.573936105 3.28829932 0.476944566 1 1 1
v -0.537406921 3.28465486 0.550716758 1 1 1
v -0.378384173 2.94198227 0.245457724 1 1 1
v -0.523488045 3.31474257 0.421151578 1 1 1
v -0.327738523 2.94990826 0.270556748 1 1 1
v -0.452416003 3.32920408 0.456154525 1 1 1
v -0.311124206 2.89737487 0.29779917 1 1 1
v -0.44550401 3.31314683 0.549635649 1 1 1
v -0.706481338 3.7982173 0.52595675 1 1 1
v -0.677380919 3.79859185 0.583259881 1 1 1
v -0.668507457 3.81931019 0.468128353 1 1 1
v -0.613547087 3.82927346 0.511571884 1 1 1
v -0.61797148 3.8188417 0.571423769 1 1 1
v -0.856628597 4.29615211 0.634278893 1 1 1
v -0.833971679 4.29177237 0.670525312 1 1 1
v -0.828855395 4.31179714 0.606481731 1 1 1
v -0.790330291 4.31756878 0.623233378 1 1 1
v -0.784389555 4.30504942 0.673272848 1 1 1
v -0.941312551 4.78756428 0.816779435 1 1 1
v -0.931014836 4.78383112 0.835907221 1 1 1
v -0.928308666 4.79582739 0.802289546 1 1 1
v -0.91036725 4.7947793 0.811416626 1 1 1
v -0.91032654 4.78900719 0.830497563 1 1 1
v -0.268454134 2.4611311 0.0490850396 1 1 1
v -0.280888855 2.46224284 0.0228846483 1 1 1
v -0.282129019 2.46090865 0.0175332688 1 1 1
v -0.219466001 2.43111539 0.105949685 1 1 1
v -0.226432294 2.4340899 0.093504861 1 1 1
v -0.268559545 2.57617784 0.0290180556 1 1 1
v -0.26192379 2.61141729 0.0291752256 1 1 1
v -0.281578302 2.47266817 0.0196440946 1 1 1
v -0.191869691 2.64422488 0.0898723602 1 1 1
v -0.169029772 2.63107252 0.0828154832 1 1 1
v -0.246829987 2.61829472 0.0422509499 1 1 1
v -0.221704885 2.64769006 0.0837481618 1 1 1
v -0.135656282 2.52519321 0.0952456594 1 1 1
v -0.104158424 2.45019317 0.0671509653 1 1 1
v -0.161557063 2.48727584 0.117112637 1 1 1
v -0.214869648 2.44473052 0.112845726 1 1 1
v -0.133557931 2.48705888 0.104287535 1 1 1
v -0.339387178 5.18619776 -1.27170455 1 1 1
v -0.328282744 5.18413734 -1.26857853 1 1 1
v -0.335878015 5.18603802 -1.26230979 1 1 1
v -0.327922463 5.18319654 -1.25690341 1 1 1
v -0.338804156 5.18467426 -1.25281358 1 1 1
v -0.345889777 5.18652964 -1.26196134 1 1 1
v -0.313542426 3.2019453 -0.5456236 1 1 1
v -0.266867638 3.21854019 -0.542395294 1 1 1
v -0.354914814 3.55422902 -0.961379111 1 1 1
v -0.423123777 3.53582215 -0.972186327 1 1 1
v -0.275122702 3.27447271 -0.534246624 1 1 1
v -0.352707446 3.59977794 -0.906062722 1 1 1
v -0.323642671 3.28719044 -0.524324536 1 1 1
v -0.419372559 3.6110301 -0.880961359 1 1 1
v -0.3464441 3.23815918 -0.526563466 1 1 1
v -0.466226578 3.57014775 -0.92296207 1 1 1
v -0.414254695 4.05421638 -1.24047017 1 1 1
v -0.464715064 4.04766989 -1.25543928 1 1 1
v -0.406554103 4.0728569 -1.18936694 1 1 1
v -0.46396932 4.08422804 -1.15476549 1 1 1
v -0.502115786 4.0628829 -1.21095252 1 1 1
v -0.396989197 4.61853647 -1.33007646 1 1 1
v -0.441714823 4.62245321 -1.34023416 1 1 1
v -0.402517945 4.62068605 -1.2875576 1 1 1
v -0.437302619 4.62488842 -1.27203822 1 1 1
v -0.460143805 4.62572241 -1.30363059 1 1 1
v -0.324694842 5.1795125 -1.27230024 1 1 1
v -0.343383282 5.18751478 -1.28280926 1 1 1
v -0.322054833 5.17907763 -1.25285053 1 1 1
v -0.342734873 5.18635511 -1.23778033 1 1 1
v -0.355020851 5.18592262 -1.2617352 1 1 1
v -0.183710665 2.84499645 -0.156589642 1 1 1
v -0.179214895 2.84551668 -0.155127093 1 1 1
v -0.127277121 2.84789705 -0.134432092 1 1 1
v -0.125237241 2.844805 -0.130284518 1 1 1
v -0.123890541 2.84351397 -0.1283319 1 1 1
v -0.217734084 2.81526017 -0.14134939 1 1 1
v -0.157273069 2.99238205 -0.16420421 1 1 1
v -0.125348672 2.84932876 -0.130554214 1 1 1
v -0.127960533 2.85772276 -0.135908648 1 1 1
v -0.194339201 3.01969171 -0.181143299 1 1 1
v -0.229424387 3.02638102 -0.171379045 1 1 1
v -0.247850999 3.02595139 -0.160155326 1 1 1
v -0.253631264 3.02509999 -0.155526683 1 1 1
v -0.173666775 3.00495887 -0.172364727 1 1 1
v -0.282364696 2.89335322 -0.113343649 1 1 1
v -0.242099762 2.84672999 -0.137684077 1 1 1
v -0.238414854 2.8423419 -0.139280632 1 1 1
v 0.808785796 5.81307936 0.320908964 1 1 1
v 0.800198376 5.81431866 0.325702429 1 1 1
v 0.801320672 5.81490707 0.317312211 1 1 1
v 0.792993665 5.8150692 0.318935901 1 1 1
v 0.79712826 5.81429386 0.309960335 1 1 1
v 0.806888342 5.81306458 0.311179698 1 1 1
v 0.120429128 3.74522233 -0.00269529596 1 1 1
v 0.0887485668 3.75927782 0.0208072923 1 1 1
v 0.363386095 4.19703722 0.14608416 1 1 1
v 0.407320142 4.18250275 0.109633684 1 1 1
v 0.0788460374 3.8129847 0.000877032056 1 1 1
v 0.317828745 4.23745251 0.110899583 1 1 1
v 0.105348408 3.82372308 -0.0343180522 1 1 1
v 0.357773632 4.23081684 0.0580155551 1 1 1
v 0.122066662 3.76737118 -0.0398341082 1 1 1
v 0.408378303 4.20128441 0.0541408174 1 1 1
v 0.613274395 4.68378019 0.303562582 1 1 1
v 0.655441046 4.67387199 0.284436554 1 1 1
v 0.586251676 4.69970083 0.274315983 1 1 1
v 0.599950016 4.70580339 0.22838378 1 1 1
v 0.660512567 4.68650246 0.223476112 1 1 1
v 0.723980188 5.24468231 0.361158639 1 1 1
v 0.755010366 5.24038935 0.345593423 1 1 1
v 0.697939277 5.24996233 0.33837533 1 1 1
v 0.714087188 5.24869347 0.307400405 1 1 1
v 0.74624753 5.24322081 0.312565625 1 1 1
v 0.79890424 5.81470251 0.336467057 1 1 1
v 0.812925637 5.80887461 0.323180526 1 1 1
v 0.789253891 5.810606 0.319672912 1 1 1
v 0.794065535 5.81101704 0.305320978 1 1 1
v 0.810515702 5.80929279 0.30690214 1 1 1
v -0.1400408 3.28460789 -0.0945274681 1 1 1
v -0.179699019 3.28855252 -0.0725596249 1 1 1
v -0.186333343 3.29268789 -0.0674275681 1 1 1
v -0.207666904 3.2818675 -0.0610366426 1 1 1
v -0.13641876 3.27173734 -0.10138797 1 1 1
v -0.201664045 3.36580944 -0.0798045546 1 1 1
v -0.196541443 3.43148541 -0.0938806161 1 1 1
v -0.140627176 3.49546385 -0.132949561 1 1 1
v -0.137292624 3.48372006 -0.1563306 1 1 1
v -0.191125408 3.43868947 -0.096359849 1 1 1
v -0.184015945 3.45166373 -0.094445847 1 1 1
v -0.145177156 3.4969275 -0.120826207 1 1 1
v -0.13675648 3.39861536 -0.164674982 1 1 1
v -0.136935472 3.38749576 -0.165891722 1 1 1
v -0.14270401 3.35072446 -0.170545176 1 1 1
v -0.145889089 3.29925489 -0.176463827 1 1 1
v -0.133735269 3.30868673 -0.153761521 1 1 1
v -0.136241958 3.27268553 -0.102359161 1 1 1
v -0.136578277 3.30517817 -0.157731131 1 1 1
v -1.23508012 6.33801699 -0.148555532 1 1 1
v -1.23064566 6.33880901 -0.154994637 1 1 1
v -1.22861087 6.33986282 -0.148668379 1 1 1
v -1.22322631 6.34000921 -0.152700916 1 1 1
v -1.22307551 6.33995962 -0.144844413 1 1 1
v -1.2304014 6.33872795 -0.142282277 1 1 1
v -0.256105393 3.63957119 -0.216113821 1 1 1
v -0.22278583 3.64981627 -0.265599847 1 1 1
v -0.447207779 4.20112562 -0.226375833 1 1 1
v -0.461597741 4.18686247 -0.201325282 1 1 1
v -0.433691442 4.25444317 -0.217837408 1 1 1
v -0.195022926 3.65929151 -0.256549269 1 1 1
v -0.200792909 3.69498539 -0.255209774 1 1 1
v -0.218538597 3.74313903 -0.256359458 1 1 1
v -0.220858842 3.78157282 -0.253761739 1 1 1
v -0.222513571 3.82874417 -0.250219405 1 1 1
v -0.670756221 4.71338129 -0.220740736 1 1 1
v -0.694375455 4.69775534 -0.187070966 1 1 1
v -0.634609759 4.73311329 -0.209628135 1 1 1
v -0.430434674 4.25478888 -0.185126215 1 1 1
v -0.620416701 4.73771095 -0.155768439 1 1 1
v -0.448702425 4.20899725 -0.175740466 1 1 1
v -0.669415772 4.70928574 -0.149142802 1 1 1
v -0.9724558 5.20760298 -0.192947835 1 1 1
v -1.00183201 5.19327927 -0.157187045 1 1 1
v -0.936712563 5.22324991 -0.177956492 1 1 1
v -0.935632408 5.22248125 -0.138351679 1 1 1
v -0.970110774 5.20645618 -0.124726847 1 1 1
v -1.14339817 5.76128054 -0.183088899 1 1 1
v -1.15581036 5.75796747 -0.153758407 1 1 1
v -1.11365497 5.76815653 -0.169624537 1 1 1
v -1.10325849 5.7705245 -0.132263124 1 1 1
v -1.14005363 5.76153612 -0.132441148 1 1 1
v -1.23323798 6.33769274 -0.162937284 1 1 1
v -1.2391721 6.33418941 -0.14850159 1 1 1
v -1.20912778 6.34856939 -0.164190963 1 1 1
v -1.22090554 6.33524847 -0.143929109 1 1 1
v -1.23435438 6.3399334 -0.130141184 1 1 1
v -0.229708135 3.8481369 -0.238896891 1 1 1
v -0.22875908 3.84456182 -0.233713359 1 1 1
v -0.221748859 3.82580161 -0.198689148 1 1 1
v -0.218928173 3.81800389 -0.191158533 1 1 1
v -0.233361632 3.68505144 -0.167367518 1 1 1
v -0.237231433 3.68519402 -0.173893139 1 1 1
v -0.244952545 3.66732597 -0.190848157 1 1 1
v -0.252932519 3.64958096 -0.208084062 1 1 1
v -0.251792192 3.64113116 -0.20999676 1 1 1
v -2.09486437 4.01493788 0.968265474 1 1 1
v -2.09038258 4.01461601 0.95300442 1 1 1
v -2.08204412 4.01415205 0.963754952 1 1 1
v -2.07476044 4.01164818 0.952530026 1 1 1
v -2.06958699 4.01013565 0.967497766 1 1 1
v -2.0820117 4.01216888 0.97722286 1 1 1
v -1.11931682 1.72442877 0.67563796 1 1 1
v -1.13667524 1.75733352 0.61655885 1 1 1
v -1.65069687 1.76986098 0.816209912 1 1 1
v -1.65101898 1.72885191 0.911766112 1 1 1
v -1.14398432 1.81622136 0.642460167 1 1 1
v -1.59597278 1.8578856 0.824257076 1 1 1
v -1.12187552 1.82152259 0.709125757 1 1 1
v -1.56663275 1.86831021 0.915999591 1 1 1
v -1.09105468 1.76868415 0.725152493 1 1 1
v -1.59615755 1.78846645 0.990805924 1 1 1
v -2.06967092 2.20778894 0.894911766 1 1 1
v -2.08864927 2.19117022 0.977154911 1 1 1
v -1.99044275 2.25737834 0.884558976 1 1 1
v -1.97612917 2.26044869 0.971402764 1 1 1
v -2.02739644 2.22615647 1.01876104 1 1 1
v -2.26631999 2.79657483 0.891940773 1 1 1
v -2.27368474 2.79579377 0.965628743 1 1 1
v -2.18970656 2.807302 0.898732722 1 1 1
v -2.17154932 2.81033778 0.963099599 1 1 1
v -2.22174954 2.80397034 1.01562297 1 1 1
v -2.22442174 3.41192794 0.907729089 1 1 1
v -2.24424291 3.41371155 0.95914948 1 1 1
v -2.17605925 3.40614033 0.910662293 1 1 1
v -2.15847993 3.40360689 0.954184234 1 1 1
v -2.19660544 3.40769196 0.987002015 1 1 1
v -2.09549332 4.01055622 0.947325468 1 1 1
v -2.10743761 4.01609993 0.972725213 1 1 1
v -2.07030463 4.00730371 0.9447878 1 1 1
v -2.05339527 4.00814342 0.972294688 1 1 1
v -2.0823307 4.00886869 0.987506449 1 1 1
v -0.638735175 1.71318722 0.342902303 1 1 1
v -0.632703006 1.71882343 0.331927299 1 1 1
v -0.598518848 1.64284551 0.449074209 1 1 1
v -0.629148304 1.65741122 0.434082925 1 1 1
v -0.636294603 1.66788912 0.418298841 1 1 1
v -0.651308596 1.70554304 0.35889259 1 1 1
v -0.65648973 1.753425 0.356576085 1 1 1
v -0.718653142 1.82342196 0.416821837 1 1 1
v -0.721413732 1.8281436 0.419898987 1 1 1
v -0.720132232 1.82521272 0.514087975 1 1 1
v -0.692972839 1.83123386 0.546317816 1 1 1
v -0.685830653 1.83287477 0.552890778 1 1 1
v -0.723891139 1.82572675 0.46497196 1 1 1
v -0.625581622 1.77855539 0.551260829 1 1 1
v -0.52997154 1.741745 0.525760233 1 1 1
v -0.52686888 1.74031913 0.525040269 1 1 1
v -0.582441509 1.69907272 0.516105592 1 1 1
v -0.589474082 1.68035662 0.495313883 1 1 1
v -0.528003037 1.73923969 0.524577916 1 1 1
v -1.01411629 4.73815393 -0.301736474 1 1 1
v -1.00315523 4.74156761 -0.293402374 1 1 1
v -1.01486802 4.74196005 -0.290232718 1 1 1
v -1.00812662 4.74375105 -0.280296147 1 1 1
v -1.02216017 4.74168682 -0.280530155 1 1 1
v -1.0258621 4.73822784 -0.293781102 1 1 1
v -0.818650007 2.64796042 0.287755728 1 1 1
v -0.770258784 2.66866732 0.322001398 1 1 1
v -0.796201944 3.1343174 0.0964640677 1 1 1
v -0.865790248 3.11304498 0.0429365784 1 1 1
v -0.796767116 2.71362352 0.36013937 1 1 1
v -0.830197096 3.15697193 0.174629301 1 1 1
v -0.860472143 2.723984 0.347987831 1 1 1
v -0.916780591 3.1509099 0.172215417 1 1 1
v -0.875946283 2.66655803 0.312620282 1 1 1
v -0.959802806 3.12118649 0.0846707225 1 1 1
v -0.835236847 3.6683836 -0.0437256731 1 1 1
v -0.890362918 3.6532979 -0.0868487805 1 1 1
v -0.856882989 3.68613744 0.0263280962 1 1 1
v -0.928156853 3.6779716 0.0142467096 1 1 1
v -0.943876266 3.66082764 -0.045510333 1 1 1
v -0.898946464 4.20264816 -0.181830853 1 1 1
v -0.935393929 4.1922698 -0.207089648 1 1 1
v -0.917120576 4.21049976 -0.141014948 1 1 1
v -0.962638855 4.20588779 -0.139338106 1 1 1
v -0.985798657 4.1918354 -0.187599391 1 1 1
v -0.995968878 4.73779345 -0.29442513 1 1 1
v -1.01324558 4.73310661 -0.309336692 1 1 1
v -1.003667 4.74142551 -0.273692727 1 1 1
v -1.02446437 4.73664713 -0.275435358 1 1 1
v -1.03152955 4.73251247 -0.29497996 1 1 1
v -0.693651497 2.19771862 0.513423324 1 1 1
v -0.669415891 2.17876792 0.543646514 1 1 1
v -0.762604654 2.14357114 0.473464787 1 1 1
v -0.752613664 2.16199708 0.475427747 1 1 1
v -0.75118351 2.16293478 0.47631833 1 1 1
v -0.695805013 2.19963098 0.510638535 1 1 1
v -0.72614038 2.30487108 0.59593904 1 1 1
v -0.852394581 2.36484432 0.546976268 1 1 1
v -0.752366543 2.33360052 0.575608015 1 1 1
v -0.76843673 2.3524518 0.562381387 1 1 1
v -0.817426443 2.36173034 0.552118659 1 1 1
v -0.846063673 2.36728692 0.546044648 1 1 1
v -0.864434361 2.23131609 0.521339774 1 1 1
v -0.864860117 2.17310143 0.530066848 1 1 1
v -0.861389577 2.26883388 0.526495934 1 1 1
v -0.846110642 2.18737817 0.505547881 1 1 1
v -0.835995317 2.18387389 0.500432432 1 1 1
v -0.98881346 6.23839808 0.653065026 1 1 1
v -0.997536957 6.23730421 0.65297699 1 1 1
v -0.9931584 6.23820734 0.646921217 1 1 1
v -1.00006461 6.23629522 0.644616663 1 1 1
v -0.992903292 6.23676586 0.639537692 1 1 1
v -0.985949695 6.23806477 0.644758761 1 1 1
v -1.33002436 3.99304533 0.874360621 1 1 1
v -1.37325168 4.07163906 0.873904765 1 1 1
v -1.30070102 4.53010464 0.876262188 1 1 1
v -1.24930763 4.50890064 0.874891102 1 1 1
v -1.38410294 4.07904339 0.837503433 1 1 1
v -1.3217814 4.53596354 0.815867066 1 1 1
v -1.34747529 4.02392435 0.816607118 1 1 1
v -1.26885438 4.51278496 0.786670208 1 1 1
v -1.31615984 3.99510956 0.840312302 1 1 1
v -1.22566068 4.4969821 0.825497985 1 1 1
v -1.03898716 5.07132578 0.846586585 1 1 1
v -0.9956218 5.05747557 0.845748365 1 1 1
v -1.0443821 5.06744671 0.803530097 1 1 1
v -1.01455975 5.05543327 0.782682478 1 1 1
v -0.986139059 5.04962158 0.8077721 1 1 1
v -0.942910075 5.6402216 0.72940731 1 1 1
v -0.903573573 5.63745546 0.717614412 1 1 1
v -0.945005476 5.634058 0.687619627 1 1 1
v -0.917360306 5.6310854 0.671195686 1 1 1
v -0.883068621 5.63276815 0.686684906 1 1 1
v -0.999457896 6.23338652 0.656512082 1 1 1
v -0.985254824 6.23630667 0.657883406 1 1 1
v -1.00430501 6.2322917 0.643313289 1 1 1
v -0.992283583 6.23204803 0.636845946 1 1 1
v -0.98118192 6.23494196 0.643693745 1 1 1
v -1.38137817 3.3965323 0.908334315 1 1 1
v -1.42473865 3.50978041 0.907641172 1 1 1
v -1.43517613 3.59925795 0.908598423 1 1 1
v -1.45760894 3.64836621 0.908105552 1 1 1
v -1.47817779 3.68436337 0.907492816 1 1 1
v -1.48785126 3.69364357 0.870378852 1 1 1
v -1.49390304 3.68464565 0.843634486 1 1 1
v -1.48781073 3.69370723 0.870559394 1 1 1
v -1.42078424 3.50875998 0.801942468 1 1 1
v -1.46575713 3.62514734 0.825530469 1 1 1
v -1.41124618 3.52373552 0.809898257 1 1 1
v -1.38686383 3.49517369 0.826524794 1 1 1
v -1.36147845 3.4664855 0.844783485 1 1 1
v -1.38089347 3.50773001 0.879289448 1 1 1
v -1.38894057 3.50686646 0.89975667 1 1 1
v -1.38194919 3.43861318 0.899241388 1 1 1
v -1.36158943 3.46678567 0.844944775 1 1 1
v -2.11051798 7.35314465 1.12178898 1 1 1
v -2.10816884 7.35270309 1.11703658 1 1 1
v -2.1060288 7.3528533 1.12105811 1 1 1
v -2.10300183 7.35172796 1.11784148 1 1 1
v -2.10215735 7.35156727 1.12309086 1 1 1
v -2.10680294 7.35244322 1.12553036 1 1 1
v -1.80374217 4.69062519 0.917052627 1 1 1
v -1.79591846 4.71129894 0.89983052 1 1 1
v -1.9191134 5.17110777 0.93127501 1 1 1
v -1.9439199 5.16054487 0.960478902 1 1 1
v -1.77497101 4.71621847 0.902310967 1 1 1
v -1.88674474 5.18086576 0.934586525 1 1 1
v -1.76990867 4.69573593 0.921606421 1 1 1
v -1.88658011 5.1775732 0.96714884 1 1 1
v -1.78242719 4.66626406 0.928948402 1 1 1
v -1.91117227 5.16857767 0.980615616 1 1 1
v -2.09013677 5.70173073 0.987533152 1 1 1
v -2.10064125 5.69568825 1.01535773 1 1 1
v -2.06132579 5.70792484 0.995579541 1 1 1
v -2.06008673 5.70501423 1.02177405 1 1 1
v -2.08134508 5.69800329 1.03597224 1 1 1
v -2.18475771 6.24677038 1.06869221 1 1 1
v -2.19228458 6.24385405 1.08879161 1 1 1
v -2.15376401 6.25102091 1.06432986 1 1 1
v -2.15878868 6.24728012 1.09510541 1 1 1
v -2.18023324 6.24279833 1.11507428 1 1 1
v -2.22152019 6.80220222 1.09868562 1 1 1
v -2.22010565 6.80125952 1.12252963 1 1 1
v -2.19838762 6.80037451 1.10905433 1 1 1
v -2.19104028 6.79926538 1.1306603 1 1 1
v -2.21291399 6.80036306 1.13831866 1 1 1
v -2.11045671 7.35069561 1.11340129 1 1 1
v -2.11249042 7.34926653 1.12198746 1 1 1
v -2.09500241 7.35219908 1.1099844 1 1 1
v -2.09625745 7.34977531 1.12617517 1 1 1
v -2.10795712 7.35214472 1.13256907 1 1 1
v -1.69270313 4.22439337 0.878952861 1 1 1
v -1.69452786 4.23532438 0.878655255 1 1 1
v -1.69919515 4.26425552 0.87734741 1 1 1
v -1.69866991 4.26495838 0.87526387 1 1 1
v -1.69505453 4.26582241 0.866133034 1 1 1
v -1.68834722 4.26716375 0.853323102 1 1 1
v -1.68584752 4.26724482 0.848683536 1 1 1
v -1.67090976 4.27410555 0.849074066 1 1 1
v -1.66468167 4.27564049 0.850233614 1 1 1
v -1.6568507 4.27715588 0.851656795 1 1 1
v -1.65645993 4.277215 0.851726472 1 1 1
v -1.65099454 4.277071 0.852619112 1 1 1
v -1.64731193 4.27697372 0.853220582 1 1 1
v -1.68393886 4.26839066 0.848748684 1 1 1
v -1.67302656 4.2734952 0.849029303 1 1 1
v -1.64697433 4.27088976 0.882676005 1 1 1
v -1.63565648 4.22288895 0.888017476 1 1 1
v -1.6487397 4.27784109 0.859286785 1 1 1
v -1.64970458 4.27763033 0.864037693 1 1 1
v -1.64983356 4.27718163 0.872195363 1 1 1
v -1.64945734 4.27677155 0.874228299 1 1 1
v -1.64909327 4.27637482 0.87619561 1 1 1
v -1.64770722 4.27205753 0.879292428 1 1 1
v -1.64488566 4.11011791 0.896518886 1 1 1
v -1.64575839 4.23385239 0.894571245 1 1 1
v -1.64741123 4.22765398 0.895509243 1 1 1
v -1.64457715 4.13793182 0.89583379 1 1 1
v -1.65071404 4.12782717 0.89506948 1 1 1
v -1.69157732 4.22268534 0.879624426 1 1 1
v -1.78528225 3.32256103 0.724713802 1 1 1
v -1.78905284 3.32117295 0.711325884 1 1 1
v -1.77796984 3.32332516 0.715278089 1 1 1
v -1.77742994 3.32096076 0.703564465 1 1 1
v -1.7664758 3.32221794 0.712155581 1 1 1
v -1.77132893 3.32320714 0.725226521 1 1 1
v -1.78317404 3.30573273 0.724625945 1 1 1
v -1.78596711 3.30238533 0.713981092 1 1 1
v -1.77656925 3.29843473 0.708076954 1 1 1
v -1.76762295 3.29291439 0.715611339 1 1 1
v -1.77156591 3.29966569 0.725681245 1 1 1
v -1.79507184 3.28420115 0.711895704 1 1 1
v -1.78988099 3.29831934 0.734127462 1 1 1
v -1.77525699 3.27747822 0.699151099 1 1 1
v -1.78848779 3.27482915 0.708167076 1 1 1
v -1.75588071 3.25133896 0.716531515 1 1 1
v -1.76129115 3.25302291 0.712552667 1 1 1
v -1.76413763 3.27680898 0.737260997 1 1 1
v -2.48699737 5.71239233 0.618807018 1 1 1
v -2.4790709 5.71296978 0.611744285 1 1 1
v -2.47813082 5.7128973 0.620796263 1 1 1
v -2.46988964 5.71205759 0.61702776 1 1 1
v -2.4721415 5.71091604 0.627355993 1 1 1
v -2.48271465 5.71112299 0.628455818 1 1 1
v -1.56194127 3.18747282 0.735543549 1 1 1
v -1.61019552 3.28510952 0.697387218 1 1 1
v -2.0212388 3.64840269 0.633954108 1 1 1
v -2.06359363 3.6516428 0.653454363 1 1 1
v -1.65178132 3.33692408 0.705121875 1 1 1
v -2.04024005 3.61207128 0.639495552 1 1 1
v -1.67293453 3.34553957 0.7448439 1 1 1
v -2.05078292 3.61416721 0.704248667 1 1 1
v -1.62457883 3.28620529 0.755595803 1 1 1
v -2.03384995 3.64948845 0.689063907 1 1 1
v -2.37092495 4.04478788 0.545479059 1 1 1
v -2.41079712 4.0338521 0.582632244 1 1 1
v -2.32774425 4.06395578 0.573433161 1 1 1
v -2.33444452 4.06783104 0.631267071 1 1 1
v -2.39644408 4.04594088 0.642956793 1 1 1
v -2.46307158 4.5960803 0.508276165 1 1 1
v -2.50115943 4.5928154 0.54453826 1 1 1
v -2.4264195 4.60124254 0.539730072 1 1 1
v -2.43150878 4.60225344 0.584840715 1 1 1
v -2.47777987 4.59685087 0.58644557 1 1 1
v -2.49925661 5.1560874 0.522135198 1 1 1
v -2.52189803 5.15392351 0.549480617 1 1 1
v -2.47300434 5.15501499 0.54513377 1 1 1
v -2.47825456 5.15317488 0.574871421 1 1 1
v -2.51302218 5.15213585 0.584552765 1 1 1
v -2.48018122 5.71394444 0.600911975 1 1 1
v -2.49575949 5.71129179 0.616772771 1 1 1
v -2.4589138 5.71262121 0.612224996 1 1 1
v -2.46850348 5.70665026 0.631089985 1 1 1
v -2.48523736 5.70649624 0.632037401 1 1 1
v -1.22925794 2.97036791 0.72399199 1 1 1
v -1.20581949 2.96764159 0.714929044 1 1 1
v -1.25169861 2.92555499 0.776638269 1 1 1
v -1.25495982 2.94055605 0.765411854 1 1 1
v -1.23753595 2.95961332 0.738438904 1 1 1
v -1.28375411 3.10497618 0.73876065 1 1 1
v -1.36687565 3.14886618 0.79547894 1 1 1
v -1.36924314 3.14992642 0.797949314 1 1 1
v -1.36459446 3.14486265 0.814409018 1 1 1
v -1.31897557 3.12510824 0.751591682 1 1 1
v -1.31950712 3.12539983 0.752052426 1 1 1
v -1.32404757 3.1279006 0.755769968 1 1 1
v -1.28218722 3.01391888 0.841851592 1 1 1
v -1.22958815 2.96232176 0.85293138 1 1 1
v -1.34638858 3.10717988 0.821845651 1 1 1
v -1.30552614 3.03280544 0.837837577 1 1 1
v -1.28008568 2.9821775 0.831680596 1 1 1
v -1.2663213 2.94439507 0.789627075 1 1 1
v -1.25233579 2.96819711 0.839425027 1 1 1
v -1.29848206 1.51811099 0.195997447 1 1 1
v -1.33479238 1.55052078 0.158757225 1 1 1
v -1.64134467 1.77875173 0.476492912 1 1 1
v -1.6085279 1.74567389 0.553858697 1 1 1
v -1.31085384 1.6022023 0.157715484 1 1 1
v -1.57701159 1.83251035 0.443617284 1 1 1
v -1.24821424 1.59690523 0.17905511 1 1 1
v -1.50957525 1.83282042 0.496545732 1 1 1
v -1.24908113 1.54935217 0.218280613 1 1 1
v -1.51519203 1.77697062 0.580399096 1 1 1
v -1.76203322 2.25836682 0.686890483 1 1 1
v -1.7424258 2.24461436 0.754007697 1 1 1
v -1.70597911 2.28019786 0.643584311 1 1 1
v -1.6546973 2.2764554 0.693069756 1 1 1
v -1.67636824 2.25754642 0.750105441 1 1 1
v -1.7636807 2.77190065 0.704637587 1 1 1
v -1.75631642 2.77075005 0.731060088 1 1 1
v -1.74130154 2.77428436 0.688704073 1 1 1
v -1.72028947 2.76756144 0.707443237 1 1 1
v -1.72927797 2.76816678 0.731467485 1 1 1
v -1.08848882 1.30301845 -0.195176944 1 1 1
v -1.00152683 1.22689736 -0.146906823 1 1 1
v -1.08339751 1.42887259 -0.150567695 1 1 1
v -1.09122348 1.3073312 -0.190709755 1 1 1
v -1.10572839 1.335886 -0.16493082 1 1 1
v -1.09946585 1.36898553 -0.158086836 1 1 1
v -1.10451269 1.41364145 -0.134997696 1 1 1
v -1.08384562 1.4283123 -0.150332421 1 1 1
v -0.933170557 1.40506077 -0.154852152 1 1 1
v -0.923346579 1.403247 -0.156321391 1 1 1
v -0.9986431 1.41740775 -0.14393495 1 1 1
v -0.933288276 1.36547315 -0.120059408 1 1 1
v -0.929767549 1.33619356 -0.107244283 1 1 1
v -0.93443644 1.30542159 -0.0823292583 1 1 1
v -0.924247503 1.39942133 -0.152866438 1 1 1
v -0.97119081 1.2840451 -0.0893449038 1 1 1
v -1.00919211 1.24806309 -0.115435585 1 1 1
v -1.00546372 1.23513603 -0.134144828 1 1 1
v -0.964013815 1.30001438 -0.0725615472 1 1 1
v -1.94645452 3.2970798 -1.52353489 1 1 1
v -1.93400323 3.29660153 -1.52319443 1 1 1
v -1.94044614 3.29733872 -1.51472306 1 1 1
v -1.93051422 3.29552484 -1.51127589 1 1 1
v -1.94080937 3.29533768 -1.50425017 1 1 1
v -1.95066106 3.2962985 -1.51182687 1 1 1
v -1.49558282 1.52087379 -0.768134952 1 1 1
v -1.46349716 1.54693961 -0.795713067 1 1 1
v -1.75115144 1.62639511 -1.24783111 1 1 1
v -1.81215417 1.59341228 -1.23797357 1 1 1
v -1.47493052 1.59123278 -0.787569463 1 1 1
v -1.74110138 1.68022621 -1.20151675 1 1 1
v -1.52276981 1.5923624 -0.766278028 1 1 1
v -1.79846215 1.68425751 -1.15753889 1 1 1
v -1.52680814 1.54985631 -0.741125107 1 1 1
v -1.84303498 1.6280551 -1.18202448 1 1 1
v -1.95026124 2.12206912 -1.49270213 1 1 1
v -2.00386739 2.11298847 -1.49360728 1 1 1
v -1.93852139 2.13979435 -1.44539034 1 1 1
v -1.97970271 2.14561296 -1.40863967 1 1 1
v -2.03266501 2.12623453 -1.44084704 1 1 1
v -1.9393729 2.70252395 -1.59143531 1 1 1
v -1.98614216 2.70384669 -1.59742606 1 1 1
v -1.93203211 2.70416832 -1.55130637 1 1 1
v -1.96281147 2.70634437 -1.52824795 1 1 1
v -1.99750209 2.70636892 -1.55152893 1 1 1
v -1.9266988 3.29663301 -1.53269756 1 1 1
v -1.95044744 3.29397535 -1.52947259 1 1 1
v -1.92245805 3.29244614 -1.50859225 1 1 1
v -1.94114649 3.29076004 -1.49836493 1 1 1
v -1.96053267 3.2948637 -1.50907373 1 1 1
v -1.17987168 1.3932873 -0.297727942 1 1 1
v -1.17628407 1.40472436 -0.324060649 1 1 1
v -1.17531419 1.40928519 -0.336081147 1 1 1
v -1.14023268 1.44428265 -0.378544927 1 1 1
v -1.13329566 1.44889474 -0.379973561 1 1 1
v -1.1323241 1.44925678 -0.379316926 1 1 1
v -1.17235351 1.54540336 -0.38677007 1 1 1
v -1.15249395 1.50749636 -0.378385454 1 1 1
v -1.28363311 1.54339719 -0.388101935 1 1 1
v -1.29087842 1.54410315 -0.378878564 1 1 1
v -1.20664966 1.54270685 -0.4109281 1 1 1
v -1.21346474 1.54247832 -0.413748115 1 1 1
v -1.27024829 1.54397953 -0.385959864 1 1 1
v -1.25648558 1.4612186 -0.267782182 1 1 1
v -1.24584532 1.45813429 -0.248063043 1 1 1
v -1.27761161 1.48253608 -0.317417175 1 1 1
v -1.2756778 1.47795749 -0.311061114 1 1 1
v -1.24247575 1.43465996 -0.290471882 1 1 1
v -1.24142039 1.43268979 -0.293149531 1 1 1
v -2.5714314 3.94830704 -0.369936317 1 1 1
v -2.56675363 3.94787216 -0.377857715 1 1 1
v -2.56361556 3.94899583 -0.37071231 1 1 1
v -2.55776548 3.9477644 -0.375852734 1 1 1
v -2.55688834 3.94813299 -0.366692215 1 1 1
v -2.56533432 3.94846797 -0.363035649 1 1 1
v -1.90612316 2.16439366 -0.414689809 1 1 1
v -1.9083699 2.18681765 -0.4470011 1 1 1
v -2.29642415 2.45047092 -0.430473775 1 1 1
v -2.31308365 2.43432903 -0.381109506 1 1 1
v -1.90291297 2.22418594 -0.437615246 1 1 1
v -2.24286032 2.48837185 -0.423563689 1 1 1
v -1.90676999 2.22473335 -0.398382723 1 1 1
v -2.24861455 2.47878051 -0.362736315 1 1 1
v -1.90370202 2.18678331 -0.3842372 1 1 1
v -2.28669238 2.44966602 -0.33605665 1 1 1
v -2.5031445 2.9225843 -0.392582476 1 1 1
v -2.52195191 2.91542578 -0.355097979 1 1 1
v -2.46516681 2.933599 -0.380040199 1 1 1
v -2.45776606 2.93446612 -0.339592069 1 1 1
v -2.49879837 2.92112994 -0.308767229 1 1 1
v -2.58651519 3.42882347 -0.375859022 1 1 1
v -2.60325718 3.42791677 -0.345974714 1 1 1
v -2.55407929 3.43129468 -0.36710909 1 1 1
v -2.55299354 3.43169618 -0.335989058 1 1 1
v -2.58048892 3.42983675 -0.322842777 1 1 1
v -2.57091498 3.94750857 -0.387424946 1 1 1
v -2.57984757 3.94720221 -0.36908555 1 1 1
v -2.5491364 3.94788361 -0.383482635 1 1 1
v -2.5525322 3.94476104 -0.363932729 1 1 1
v -2.56634164 3.94470835 -0.358728409 1 1 1
v -1.4993372 1.8496449 -0.44641152 1 1 1
v -1.52801931 1.90822077 -0.505225539 1 1 1
v -1.52963901 1.91049397 -0.504615307 1 1 1
v -1.55365133 1.99682164 -0.481513411 1 1 1
v -1.55737782 2.00008774 -0.459754795 1 1 1
v -1.57185102 2.00918341 -0.408942074 1 1 1
v -1.55747867 1.99981105 -0.464759439 1 1 1
v -1.51784968 1.93110609 -0.394685 1 1 1
v -1.51522243 1.90833998 -0.387819618 1 1 1
v -1.57057619 2.00038195 -0.406560451 1 1 1
v -1.56737006 1.98639774 -0.402990967 1 1 1
v -1.50152588 1.8523761 -0.444293886 1 1 1
v -1.55036938 1.91077638 -0.400000542 1 1 1
v -1.55067408 1.91044176 -0.400535792 1 1 1
v -1.50308049 1.85825229 -0.438219279 1 1 1
v -1.96726072 3.80121231 -0.457918823 1 1 1
v -1.97126889 3.79964781 -0.452323824 1 1 1
v -1.9730444 3.79946589 -0.458098829 1 1 1
v -1.97734773 3.79694605 -0.454682797 1 1 1
v -1.97709632 3.79684114 -0.461735934 1 1 1
v -1.97086227 3.79947758 -0.463735759 1 1 1
v -1.63691103 2.79178858 -0.444458604 1 1 1
v -1.65801477 2.8370657 -0.424497843 1 1 1
v -1.73924804 3.27963376 -0.414610088 1 1 1
v -1.72054482 3.28556561 -0.441450983 1 1 1
v -1.68231499 2.84797955 -0.434086323 1 1 1
v -1.76600742 3.27077293 -0.428596199 1 1 1
v -1.6766777 2.80456519 -0.458799124 1 1 1
v -1.76804495 3.27007937 -0.459327817 1 1 1
v -1.64716148 2.77138329 -0.468671054 1 1 1
v -1.73262775 3.28190589 -0.484702051 1 1 1
v -1.96902668 3.80166769 -0.442693114 1 1 1
v -1.96170127 3.80083752 -0.457714498 1 1 1
v -1.98193872 3.79353976 -0.45081991 1 1 1
v -1.97904372 3.79270196 -0.464289874 1 1 1
v -1.96805227 3.80000448 -0.471562088 1 1 1
v -1.56575179 2.40805244 -0.411052167 1 1 1
v -1.57358515 2.4288609 -0.404836416 1 1 1
v -1.52192318 2.27313995 -0.443214476 1 1 1
v -1.62855995 2.47951484 -0.424452126 1 1 1
v -1.57887709 2.44522953 -0.40646866 1 1 1
v -1.5955826 2.48530316 -0.411975235 1 1 1
v -1.60933721 2.48037457 -0.41756013 1 1 1
v -1.61196864 2.48062992 -0.418495804 1 1 1
v -1.61982834 2.48070145 -0.421304941 1 1 1
v -1.62270772 2.48072767 -0.422334075 1 1 1
v -1.62859094 2.47961807 -0.42619288 1 1 1
v -1.62867248 2.47969294 -0.433051974 1 1 1
v -1.62869859 2.47962523 -0.436317682 1 1 1
v -1.62865257 2.47899508 -0.439257175 1 1 1
v -1.62851489 2.47710872 -0.448054969 1 1 1
v -1.62796819 2.47236919 -0.451141477 1 1 1
v -1.62771094 2.47046375 -0.453576624 1 1 1
v -1.62364769 2.43947315 -0.458225816 1 1 1
v -1.61654317 2.38501763 -0.465185463 1 1 1
v -1.60918939 2.32881832 -0.473111272 1 1 1
v -1.60123491 2.30513668 -0.475404918 1 1 1
v -1.56295574 2.24124217 -0.483634055 1 1 1
v -1.54242957 2.20727348 -0.486724406 1 1 1
v -1.54263461 2.21177864 -0.486000419 1 1 1
v -1.54222548 2.27627373 -0.472173035 1 1 1
v -1.53472781 2.28258276 -0.460173607 1 1 1
v -1.52372861 2.27655649 -0.445241332 1 1 1
v 0.404105514 1.74166524 2.59493685 1 1 1
v 0.395714372 1.74602079 2.58522105 1 1 1
v 0.40726158 1.74528146 2.58437467 1 1 1
v 0.402947843 1.74769235 2.57387805 1 1 1
v 0.415809453 1.74436963 2.57658339 1 1 1
v 0.416524947 1.74064469 2.58959842 1 1 1
v 0.30671221 0.775820315 1.51692438 1 1 1
v 0.341737211 0.735825956 1.52327251 1 1 1
v 0.465014428 0.714913547 0.93860811 1 1 1
v 0.459225506 0.721600294 0.938880503 1 1 1
v 0.433789879 0.743811488 0.953729153 1 1 1
v 0.413746536 0.760419369 0.967133462 1 1 1
v 0.394647807 0.793442726 0.947158039 1 1 1
v 0.389126062 0.802256823 0.942779422 1 1 1
v 0.567201197 0.754505098 0.976004601 1 1 1
v 0.392055213 0.750385106 1.5393815 1 1 1
v 0.162778854 0.750611961 2.06846714 1 1 1
v 0.203167021 0.702185154 2.098176 1 1 1
v 0.333206683 0.814586699 1.53317833 1 1 1
v 0.208720937 0.799665809 2.04225588 1 1 1
v 0.379752219 0.795299292 1.56364763 1 1 1
v 0.2754457 0.786325812 2.05349135 1 1 1
v 0.279530317 0.715910137 2.09460115 1 1 1
v 0.26148054 1.18812871 2.43294382 1 1 1
v 0.284710199 1.16966355 2.4600296 1 1 1
v 0.281927139 1.20344901 2.39695811 1 1 1
v 0.335031867 1.19262445 2.39971828 1 1 1
v 0.329621166 1.1672157 2.44953203 1 1 1
v 0.386113524 1.74509728 2.58549595 1 1 1
v 0.401635379 1.73611188 2.59986401 1 1 1
v 0.398412377 1.75110137 2.56269479 1 1 1
v 0.421718478 1.74164009 2.57026625 1 1 1
v 0.420145035 1.73424935 2.5909698 1 1 1
v 0.40751949 0.83626771 0.984986782 1 1 1
v 0.437641382 0.887561619 1.00988531 1 1 1
v 0.447463334 0.868694186 1.05858648 1 1 1
v 0.45202896 0.8658306 1.06413543 1 1 1
v 0.496370703 0.835296035 1.12582695 1 1 1
v 0.498014659 0.834372699 1.12751639 1 1 1
v 0.49802509 0.83434701 1.12758374 1 1 1
v 0.518301189 0.829899788 1.12853968 1 1 1
v 0.540138125 0.77638942 1.06171334 1 1 1
v 0.566021025 0.764993727 0.978503466 1 1 1
v 0.519329906 0.821829021 1.12524796 1 1 1
v 0.53631413 0.778464556 1.07395601 1 1 1
v 0.315426052 2.47186136 0.64885062 1 1 1
v 0.320955127 2.47405219 0.658603966 1 1 1
v 0.311317384 2.47268343 0.657684982 1 1 1
v 0.313527554 2.47290397 0.667206943 1 1 1
v 0.303407997 2.47000384 0.66277051 1 1 1
v 0.304581344 2.46935916 0.6514256 1 1 1
v 0.528078258 1.45302999 0.850799203 1 1 1
v 0.546344817 1.48013699 0.882799625 1 1 1
v 0.488694698 1.9509753 0.705649734 1 1 1
v 0.465092927 1.93586206 0.657880366 1 1 1
v 0.515074909 1.49759293 0.909475327 1 1 1
v 0.453495592 1.95373881 0.751700819 1 1 1
v 0.478120059 1.46803641 0.898917913 1 1 1
v 0.405600816 1.93739426 0.724414349 1 1 1
v 0.483543277 1.45335877 0.856944382 1 1 1
v 0.405815363 1.92542195 0.666261494 1 1 1
v 0.328066379 2.47239852 0.659423232 1 1 1
v 0.318573028 2.46803641 0.644170165 1 1 1
v 0.31560874 2.46961522 0.672759831 1 1 1
v 0.299955875 2.46507215 0.665829241 1 1 1
v 0.303768218 2.46317029 0.649895132 1 1 1
v 0.617331922 0.942762434 1.00557268 1 1 1
v 0.653531253 1.01894999 1.06527436 1 1 1
v 0.584730983 1.08942854 1.10124552 1 1 1
v 0.582339108 1.08845937 1.10448277 1 1 1
v 0.630385578 1.06921792 1.06170928 1 1 1
v 0.626981616 1.07600915 1.06161928 1 1 1
v 0.590442955 1.08620131 1.09670067 1 1 1
v 0.517104805 1.01180887 1.09926867 1 1 1
v 0.508261204 0.983799756 1.10483754 1 1 1
v 0.523858845 1.01996291 1.09994936 1 1 1
v 0.509126604 0.995861471 1.08602047 1 1 1
v 0.520533919 0.972686112 1.0186615 1 1 1
v 0.5209077 0.971209645 1.01725888 1 1 1
v 0.522159338 0.966946661 1.0117991 1 1 1
v 0.508408368 0.997064292 1.09002674 1 1 1
v 0.585437655 0.987036288 0.992103517 1 1 1
v 0.586647034 0.985584676 0.992518127 1 1 1
v 1.43040264 2.74044585 1.48557472 1 1 1
v 1.4296639 2.73919821 1.49079633 1 1 1
v 1.42652237 2.74118519 1.48801458 1 1 1
v 1.42443252 2.73997188 1.491979 1 1 1
v 1.42193794 2.74169755 1.48748839 1 1 1
v 1.42562759 2.74199057 1.48353028 1 1 1
v 1.05465424 1.77707207 1.32268953 1 1 1
v 1.05720425 1.78319442 1.34171653 1 1 1
v 1.33156717 2.21924973 1.3609091 1 1 1
v 1.34005451 2.2210362 1.33614349 1 1 1
v 1.04350066 1.79483104 1.34972394 1 1 1
v 1.30571556 2.22495723 1.38080001 1 1 1
v 1.03610528 1.80172324 1.33148062 1 1 1
v 1.29489052 2.23479056 1.34823394 1 1 1
v 1.04231989 1.79083109 1.31522083 1 1 1
v 1.31385195 2.2329824 1.32240152 1 1 1
v 1.43102312 2.73526239 1.49176908 1 1 1
v 1.43382514 2.73816967 1.4827987 1 1 1
v 1.42229795 2.7369349 1.49467528 1 1 1
v 1.41935837 2.73852158 1.48636365 1 1 1
v 1.42449021 2.74024367 1.47963011 1 1 1
v 0.799095154 1.34162486 1.33354402 1 1 1
v 0.779038191 1.31322682 1.29767728 1 1 1
v 0.780988395 1.31577814 1.30171716 1 1 1
v 0.800634444 1.35503566 1.33650565 1 1 1
v 0.790742636 1.35836005 1.33936298 1 1 1
v 0.790242672 1.36129856 1.33997715 1 1 1
v 0.781470418 1.36707962 1.34299147 1 1 1
v 0.780896127 1.36745811 1.34318888 1 1 1
v 0.780037105 1.36777735 1.34344208 1 1 1
v 0.774977446 1.36944962 1.34489882 1 1 1
v 0.775273383 1.37392664 1.33774197 1 1 1
v 0.774386048 1.37600815 1.33478045 1 1 1
v 0.771775126 1.38107252 1.32705259 1 1 1
v 0.771587372 1.38140857 1.32652307 1 1 1
v 0.771472335 1.38149989 1.32630527 1 1 1
v 0.766592145 1.38537705 1.31706131 1 1 1
v 0.764753819 1.3859576 1.31439805 1 1 1
v 0.763709962 1.38644004 1.31274354 1 1 1
v 0.775680602 1.37143588 1.34141779 1 1 1
v 0.77019006 1.38620567 1.30446124 1 1 1
v 0.770556331 1.38405824 1.30247474 1 1 1
v 0.770727992 1.38386416 1.30215085 1 1 1
v 0.764668047 1.35154688 1.28431177 1 1 1
v 0.774161577 1.34413433 1.28915191 1 1 1
v 0.777106404 1.34092796 1.29072058 1 1 1
v 0.77889061 1.31743872 1.29666042 1 1 1
v 1.44235408 4.76409006 -0.80706799 1 1 1
v 1.43188441 4.76372337 -0.797977149 1 1 1
v 1.43122554 4.76765156 -0.80915904 1 1 1
v 1.42023158 4.76705408 -0.804723144 1 1 1
v 1.42349946 4.76947975 -0.81798327 1 1 1
v 1.43717182 4.76764727 -0.819432437 1 1 1
v 0.796528399 2.61118913 -1.31894457 1 1 1
v 0.754202127 2.61979318 -1.27636075 1 1 1
v 1.00808501 3.08519959 -1.11881363 1 1 1
v 1.06830168 3.07654381 -1.17917883 1 1 1
v 0.713197529 2.65562248 -1.29982185 1 1 1
v 0.941168666 3.12089348 -1.15888858 1 1 1
v 0.746449232 2.69483447 -1.3471092 1 1 1
v 0.959626734 3.13384867 -1.24078274 1 1 1
v 0.795968115 2.66255665 -1.3635174 1 1 1
v 1.04917443 3.10671282 -1.26939988 1 1 1
v 1.17726612 3.63471365 -0.995125532 1 1 1
v 1.22373629 3.6316607 -1.0444963 1 1 1
v 1.11321843 3.6616807 -1.02494252 1 1 1
v 1.13670075 3.67059302 -1.09545219 1 1 1
v 1.20418644 3.65235281 -1.10646498 1 1 1
v 1.34407651 4.19010353 -0.901398301 1 1 1
v 1.37234175 4.18961906 -0.929391384 1 1 1
v 1.312922 4.20179224 -0.922379076 1 1 1
v 1.31755424 4.20971918 -0.962622941 1 1 1
v 1.36085594 4.20076418 -0.967508495 1 1 1
v 1.43305206 4.76102543 -0.783610404 1 1 1
v 1.4443593 4.7570281 -0.807865381 1 1 1
v 1.40994585 4.76601982 -0.800708175 1 1 1
v 1.41786373 4.76808596 -0.824533045 1 1 1
v 1.43974829 4.76381159 -0.825773656 1 1 1
v 0.567641795 2.08586311 -1.45672119 1 1 1
v 0.564930439 2.09728122 -1.4458679 1 1 1
v 0.565817773 2.09971476 -1.44463253 1 1 1
v 0.529598832 2.13108063 -1.38973296 1 1 1
v 0.526485503 2.13197088 -1.38646901 1 1 1
v 0.498997778 2.12716174 -1.3678627 1 1 1
v 0.461529106 2.19308448 -1.38957131 1 1 1
v 0.460425258 2.19314194 -1.39017308 1 1 1
v 0.410969913 2.18696833 -1.41692889 1 1 1
v 0.467482716 2.1803298 -1.38603604 1 1 1
v 0.486511439 2.28968906 -1.45048058 1 1 1
v 0.51700449 2.32731056 -1.4843148 1 1 1
v 0.470817983 2.26860237 -1.44236207 1 1 1
v 0.564224422 2.30361366 -1.4930048 1 1 1
v 0.585515261 2.24705052 -1.51488912 1 1 1
v 0.591720283 2.23749018 -1.5186162 1 1 1
v 0.546269655 2.31061602 -1.49014652 1 1 1
v 0.586824775 2.19531751 -1.5003041 1 1 1
v 0.57049042 2.10370231 -1.46431386 1 1 1
v -0.237073973 5.22911549 -2.67543101 1 1 1
v -0.225381732 5.22871161 -2.67702103 1 1 1
v -0.23009564 5.23000193 -2.66817594 1 1 1
v -0.220256954 5.22854853 -2.66638589 1 1 1
v -0.228781849 5.22885084 -2.65822291 1 1 1
v -0.239175364 5.22920084 -2.66381335 1 1 1
v 0.268391877 2.83158541 -2.02198482 1 1 1
v 0.301185131 2.87018085 -2.05084705 1 1 1
v 0.0861777961 3.19830346 -2.32990646 1 1 1
v 0.0210506581 3.17023087 -2.31145883 1 1 1
v 0.301168233 2.92249227 -2.03242636 1 1 1
v 0.106093898 3.24157953 -2.27598858 1 1 1
v 0.279220134 2.90276527 -1.97927427 1 1 1
v 0.0568852946 3.24237037 -2.22444558 1 1 1
v 0.252097785 2.8533597 -1.97798538 1 1 1
v -0.00564896315 3.19593763 -2.24065256 1 1 1
v -0.139707983 3.64687681 -2.51837659 1 1 1
v -0.193616271 3.63492036 -2.50263286 1 1 1
v -0.112491325 3.67258477 -2.46763706 1 1 1
v -0.157719195 3.67615509 -2.41476965 1 1 1
v -0.211182237 3.64768291 -2.44850349 1 1 1
v -0.228889719 4.15837717 -2.63031816 1 1 1
v -0.272364825 4.15624666 -2.62257552 1 1 1
v -0.210394248 4.1672802 -2.59068847 1 1 1
v -0.241759062 4.17086315 -2.55814791 1 1 1
v -0.282275051 4.16350889 -2.57972383 1 1 1
v -0.234747216 4.68955326 -2.69336677 1 1 1
v -0.270357639 4.69036961 -2.69021797 1 1 1
v -0.216633916 4.69145584 -2.66177845 1 1 1
v -0.24457179 4.69340706 -2.6384089 1 1 1
v -0.276748002 4.6929059 -2.65396976 1 1 1
v -0.21994929 5.22803068 -2.68716955 1 1 1
v -0.241220847 5.22514629 -2.6796155 1 1 1
v -0.216640964 5.22309351 -2.66569209 1 1 1
v -0.228098229 5.22490788 -2.6521945 1 1 1
v -0.245279789 5.22584486 -2.66092491 1 1 1
v 0.525765777 2.48237038 -1.78451788 1 1 1
v 0.549002528 2.52834225 -1.81907058 1 1 1
v 0.499233812 2.43256998 -1.74764848 1 1 1
v 0.547546685 2.53759122 -1.81856668 1 1 1
v 0.537878156 2.58046484 -1.82122564 1 1 1
v 0.521392047 2.65100145 -1.82628858 1 1 1
v 0.518624544 2.6622541 -1.82734156 1 1 1
v 0.518173695 2.67544365 -1.82359564 1 1 1
v 0.508198738 2.64701676 -1.7651819 1 1 1
v 0.507104635 2.64581633 -1.76226759 1 1 1
v 0.510904372 2.62424874 -1.73369694 1 1 1
v 0.506729126 2.59283829 -1.68223953 1 1 1
v 0.477578729 2.51246333 -1.67343879 1 1 1
v 0.466428101 2.48315048 -1.67002976 1 1 1
v 0.473487437 2.47245884 -1.71900415 1 1 1
v 0.477999896 2.46581841 -1.7374227 1 1 1
v 0.465503663 2.48415518 -1.67739809 1 1 1
v -1.56800151 1.68708861 0.204329833 1 1 1
v -1.5531801 1.6893667 0.201154977 1 1 1
v -1.55859399 1.6896677 0.213098332 1 1 1
v -1.54555261 1.69011068 0.214429364 1 1 1
v -1.55565989 1.68829226 0.225808233 1 1 1
v -1.56953406 1.68642449 0.219566345 1 1 1
v -0.93138659 0.579850256 0.386353016 1 1 1
v -0.952420592 0.536699951 0.424198627 1 1 1
v -0.584356487 0.300109029 0.692759156 1 1 1
v -0.565350533 0.328891724 0.67508471 1 1 1
v -0.566633284 0.328547329 0.674537718 1 1 1
v -0.586939752 0.343265504 0.643921554 1 1 1
v -0.606226206 0.365115613 0.606274426 1 1 1
v -0.593365967 0.395756602 0.582160294 1 1 1
v -0.589985251 0.406250149 0.573166311 1 1 1
v -1.24461997 0.752778947 0.129964978 1 1 1
v -1.30766594 0.712167561 0.146220565 1 1 1
v -0.938520491 0.623672307 0.418082178 1 1 1
v -1.21847427 0.788110971 0.195659116 1 1 1
v -0.976561725 0.609449506 0.464744747 1 1 1
v -1.2658031 0.769646287 0.254682243 1 1 1
v -0.986273348 0.554673135 0.471461952 1 1 1
v -1.3335737 0.716195941 0.230332404 1 1 1
v -1.46742463 1.2021811 0.155819491 1 1 1
v -1.5209161 1.18562996 0.165989876 1 1 1
v -1.43429708 1.21141887 0.204681426 1 1 1
v -1.47687495 1.19697833 0.241277888 1 1 1
v -1.51996958 1.18423426 0.219266295 1 1 1
v -1.54941165 1.68585002 0.193811551 1 1 1
v -1.57232869 1.68159819 0.199614361 1 1 1
v -1.5381676 1.68615353 0.215000182 1 1 1
v -1.55353355 1.68334079 0.232210383 1 1 1
v -1.57236004 1.67937601 0.221584246 1 1 1
v -0.611920536 0.444178551 0.582219243 1 1 1
v -0.62393111 0.494154334 0.610701203 1 1 1
v -0.62765938 0.517278731 0.625571966 1 1 1
v -0.659043431 0.507456541 0.654933751 1 1 1
v -0.715650141 0.489806622 0.714752734 1 1 1
v -0.723467946 0.454240352 0.713276803 1 1 1
v -0.722677171 0.448874563 0.714810014 1 1 1
v -0.717464387 0.379873157 0.729790151 1 1 1
v -0.710167944 0.373688996 0.737658083 1 1 1
v -0.682537317 0.356347382 0.766572177 1 1 1
v -0.646295607 0.342001438 0.764626622 1 1 1
v -0.646327794 0.342282891 0.765645802 1 1 1
v -0.227973223 1.6207372 1.47388887 1 1 1
v -0.241240337 1.62152398 1.47491503 1 1 1
v -0.235152453 1.62355876 1.46548438 1 1 1
v -0.246212438 1.62341189 1.4626919 1 1 1
v -0.236018226 1.62379169 1.45411158 1 1 1
v -0.22474575 1.62213862 1.46103168 1 1 1
v -0.448477447 0.808785081 1.1718421 1 1 1
v -0.494300604 0.828792155 1.18420756 1 1 1
v -0.296018034 1.1339668 1.44768536 1 1 1
v -0.233963937 1.12104225 1.44464254 1 1 1
v -0.477839768 0.884743631 1.18062234 1 1 1
v -0.318285853 1.15630925 1.39393759 1 1 1
v -0.4455176 0.880362928 1.13935578 1 1 1
v -0.271105289 1.15824318 1.35427964 1 1 1
v -0.418127954 0.838858783 1.13910973 1 1 1
v -0.201524213 1.13652897 1.37664402 1 1 1
v -0.245072469 1.61703324 1.4801203 1 1 1
v -0.224170089 1.61559474 1.47818017 1 1 1
v -0.252044499 1.61926007 1.46078444 1 1 1
v -0.236837029 1.62407148 1.44300365 1 1 1
v -0.210756987 1.62327147 1.45557857 1 1 1
v -0.683622122 0.501453876 0.966487348 1 1 1
v -0.69094491 0.486902535 0.950153887 1 1 1
v -0.709937751 0.460906923 0.919656634 1 1 1
v -0.754867375 0.487673223 0.936680079 1 1 1
v -0.647517204 0.446447343 0.919408619 1 1 1
v -0.756504178 0.503589094 0.926349401 1 1 1
v -0.75076896 0.502801239 0.935709536 1 1 1
v -0.713146389 0.533876538 0.979077458 1 1 1
v -0.699414551 0.544157684 0.995061696 1 1 1
v -0.676640213 0.600160062 1.00419629 1 1 1
v -0.659168243 0.627574623 1.01815784 1 1 1
v -0.652801096 0.668152452 1.00831485 1 1 1
v -0.653255165 0.673510373 1.00498891 1 1 1
v -0.63894105 0.662069917 0.965211272 1 1 1
v -0.614997327 0.639606535 0.883411229 1 1 1
v -0.57710582 0.53050071 0.86882484 1 1 1
v -0.57699275 0.529758155 0.868597031 1 1 1
v -0.581035852 0.543246984 0.870924234 1 1 1
v -0.604511082 0.493840575 0.916191936 1 1 1
v -0.611398876 0.486629009 0.913073957 1 1 1
v -1.39613771 1.86073053 1.92987418 1 1 1
v -1.39765465 1.86191225 1.91873777 1 1 1
v -1.38914406 1.86077428 1.92319214 1 1 1
v -1.38773251 1.86007917 1.91364801 1 1 1
v -1.38008344 1.85776472 1.92163849 1 1 1
v -1.38527822 1.85816717 1.93166697 1 1 1
v -1.1098876 0.7540434 1.3537153 1 1 1
v -1.12739575 0.785211563 1.32626688 1 1 1
v -1.46051049 0.90190196 1.66400957 1 1 1
v -1.452492 0.864694595 1.71631432 1 1 1
v -1.1193161 0.820372105 1.34842825 1 1 1
v -1.40988576 0.93945384 1.65196455 1 1 1
v -1.08931386 0.811852694 1.38217521 1 1 1
v -1.36701596 0.928139687 1.69580197 1 1 1
v -1.07602704 0.770248532 1.38011193 1 1 1
v -1.38991642 0.880095422 1.74045146 1 1 1
v -1.53323758 1.36378276 1.8684175 1 1 1
v -1.52848303 1.35358584 1.9096787 1 1 1
v -1.494398 1.36639023 1.85320592 1 1 1
v -1.45746458 1.3593353 1.87979436 1 1 1
v -1.4825151 1.34889483 1.92540455 1 1 1
v -1.40542471 1.86176825 1.91473746 1 1 1
v -1.4009639 1.85747075 1.93354893 1 1 1
v -1.38575256 1.86047423 1.90211093 1 1 1
v -1.37319267 1.85364747 1.92027187 1 1 1
v -1.38424373 1.8529954 1.93556213 1 1 1
v -0.82219249 0.662032545 0.944725037 1 1 1
v -0.819868624 0.664528966 0.93891418 1 1 1
v -0.783635497 0.59601903 0.992168367 1 1 1
v -0.799713731 0.614011109 0.985518157 1 1 1
v -0.826995373 0.645436525 0.972106397 1 1 1
v -0.850668848 0.7449705 1.03330636 1 1 1
v -0.825403333 0.675439239 0.953063607 1 1 1
v -0.85390836 0.743947923 1.04763734 1 1 1
v -0.845942318 0.741897643 1.06092203 1 1 1
v -0.820785999 0.733477294 1.09581673 1 1 1
v -0.806219995 0.730802417 1.10033202 1 1 1
v -0.794896662 0.72865057 1.10435879 1 1 1
v -0.736634076 0.644802034 1.06240559 1 1 1
v -0.714990199 0.635002732 1.04410541 1 1 1
v -0.753354132 0.618948519 1.03145945 1 1 1
v -0.78059727 0.601072729 1.00391769 1 1 1
v -0.732436299 0.633450985 1.05481029 1 1 1
v -0.433184862 2.36293292 1.11268353 1 1 1
v -0.425434709 2.35982728 1.11670244 1 1 1
v -0.432069212 2.36198235 1.12047982 1 1 1
v -0.427197546 2.35853791 1.12570775 1 1 1
v -0.436037183 2.36084676 1.12725425 1 1 1
v -0.439737529 2.36356306 1.11920488 1 1 1
v -0.687858403 1.37977111 1.02953911 1 1 1
v -0.656034946 1.37205482 1.04495239 1 1 1
v -0.541727066 1.85809839 1.00078225 1 1 1
v -0.584552944 1.86926246 0.984433472 1 1 1
v -0.658178985 1.38254988 1.0805788 1 1 1
v -0.5455935 1.8555721 1.05507791 1 1 1
v -0.686442971 1.42084444 1.08183146 1 1 1
v -0.597188354 1.86754775 1.05650961 1 1 1
v -0.707086682 1.40942848 1.05181122 1 1 1
v -0.620477855 1.87613547 1.01408887 1 1 1
v -0.419136018 2.35695267 1.11282468 1 1 1
v -0.434707224 2.36074352 1.10725904 1 1 1
v -0.419939935 2.35529208 1.1333046 1 1 1
v -0.439948291 2.35854387 1.13300049 1 1 1
v -0.444669157 2.360955 1.11786211 1 1 1
v -0.739114165 0.868803382 1.06741941 1 1 1
v -0.736487627 0.868038654 1.06880939 1 1 1
v -0.736375451 0.867800355 1.06890941 1 1 1
v -0.803758919 0.868338466 1.03695917 1 1 1
v -0.778247237 0.881475687 1.04645765 1 1 1
v -0.777422905 0.882009625 1.04674041 1 1 1
v -0.739899695 0.871914387 1.09630263 1 1 1
v -0.742461026 0.884570599 1.13019192 1 1 1
v -0.742732763 0.883991897 1.13116157 1 1 1
v -0.744644523 0.881728053 1.14045322 1 1 1
v -0.749882638 0.906944811 1.13997459 1 1 1
v -0.750788152 0.912925601 1.13974619 1 1 1
v -0.781464994 1.01279187 1.13881564 1 1 1
v -0.783317804 1.02385187 1.13842642 1 1 1
v -0.804291427 1.01075912 1.10771191 1 1 1
v -0.808444977 1.00755668 1.1018014 1 1 1
v -0.8335675 0.960962653 1.08178556 1 1 1
v -0.783376217 1.02640259 1.13688898 1 1 1
v -0.812188327 0.878372967 1.0470469 1 1 1
v -0.6097368 1.59846377 0.487346947 1 1 1
v -0.609881699 1.60123158 0.475731939 1 1 1
v -0.603600919 1.60521591 0.482741266 1 1 1
v -0.600481093 1.60824621 0.473492533 1 1 1
v -0.594526231 1.60981357 0.483723581 1 1 1
v -0.600246549 1.60376775 0.492286086 1 1 1
v -0.343494773 1.30539799 0.379119217 1 1 1
v -0.26600039 1.30027413 0.367242932 1 1 1
v 0.128552288 1.00722516 0.242758274 1 1 1
v 0.11414139 0.990115762 0.228939295 1 1 1
v 0.113627799 0.990647793 0.229440629 1 1 1
v 0.113408096 0.990809202 0.229597449 1 1 1
v 0.109709211 0.98998934 0.229159251 1 1 1
v 0.0638262257 0.985740423 0.228876978 1 1 1
v 0.0613142848 0.985685945 0.229016557 1 1 1
v 0.0533603653 0.989420891 0.232859597 1 1 1
v 0.0262450371 0.972404242 0.220067188 1 1 1
v 0.02046475 0.96845901 0.21706365 1 1 1
v -0.0324079953 0.99467808 0.243820801 1 1 1
v -0.0716230124 1.01998734 0.268769264 1 1 1
v -0.0911087766 1.02484107 0.27444458 1 1 1
v -0.117147334 1.03669941 0.28670457 1 1 1
v -0.377513289 1.29284847 0.372072428 1 1 1
v -0.52732414 1.49435878 0.443436533 1 1 1
v -0.613317907 1.5917697 0.490456879 1 1 1
v -0.508583665 1.49158537 0.435484707 1 1 1
v -0.330265105 1.21285272 0.344020367 1 1 1
v -0.333023757 1.21646488 0.345167488 1 1 1
v -0.418486953 1.36626828 0.383434176 1 1 1
v -0.252239734 1.28663957 0.346236438 1 1 1
v -0.596819282 1.6018337 0.50085777 1 1 1
v -0.488042235 1.49746811 0.441575646 1 1 1
v 0.00986701809 0.980630875 0.204197243 1 1 1
v 0.00865166821 0.981600463 0.20369947 1 1 1
v 0.00599906454 0.983011663 0.204908311 1 1 1
v 0.00208450132 0.982039869 0.216635793 1 1 1
v -0.00579996174 0.983596623 0.225775093 1 1 1
v 0.0125956973 0.977069676 0.209821686 1 1 1
v -0.308969051 1.15878451 0.321713597 1 1 1
v -0.158900961 1.05813825 0.306244731 1 1 1
v -0.177765787 1.07103872 0.30810672 1 1 1
v -0.184787005 1.07582128 0.308840394 1 1 1
v -0.255507916 1.12415516 0.315880805 1 1 1
v -0.300462604 1.15215826 0.324676424 1 1 1
v -0.329599977 1.20970309 0.343012869 1 1 1
v 0.0473096967 1.11877799 0.216498405 1 1 1
v 0.0546864271 1.11933792 0.22426492 1 1 1
v 0.0588907115 1.11907423 0.226621509 1 1 1
v -0.313806921 1.22974193 0.349505574 1 1 1
v -0.256574601 1.22022414 0.34668982 1 1 1
v -0.237164378 1.21649313 0.344392955 1 1 1
v -0.186734229 1.19731784 0.313134611 1 1 1
v -0.149749681 1.18449271 0.295523435 1 1 1
v -0.144788176 1.18298936 0.294070989 1 1 1
v -0.130421042 1.17707348 0.284314752 1 1 1
v -0.0641752854 1.14351046 0.217946813 1 1 1
v -0.0633326843 1.14281523 0.216424823 1 1 1
v -0.00926220603 1.12384582 0.190183848 1 1 1
v -0.00617009122 1.12349164 0.19134827 1 1 1
v -0.00466735195 1.12325895 0.1916987 1 1 1
v -0.00108064897 1.12258565 0.192116961 1 1 1
v 0.0313617773 1.10973251 0.171881944 1 1 1
v 0.0468829982 1.11852837 0.215277478 1 1 1
v 0.116538174 1.04041982 0.231791109 1 1 1
v 0.116814651 1.04006565 0.231808379 1 1 1
v 0.116835415 1.04006493 0.231794849 1 1 1
v 0.117305808 1.04020095 0.23140052 1 1 1
v 0.131655917 1.03986847 0.221942484 1 1 1
v 0.0735154971 1.08402121 0.235702693 1 1 1
v 0.113131151 1.04408801 0.231977329 1 1 1
v -0.392733634 1.33438885 0.382743537 1 1 1
v 0.490474194 1.89474547 -0.319805264 1 1 1
v 0.492798746 1.8985579 -0.311593264 1 1 1
v 0.48608911 1.90003073 -0.3156977 1 1 1
v 0.485435128 1.90339172 -0.308465004 1 1 1
v 0.478559554 1.90256679 -0.314743638 1 1 1
v 0.481673926 1.89722311 -0.32175228 1 1 1
v 0.31231916 1.56284475 -0.0630937815 1 1 1
v 0.320356756 1.52829564 -0.0537860394 1 1 1
v 0.156640351 1.1330297 0.236142665 1 1 1
v 0.129386634 1.15748215 0.24539955 1 1 1
v 0.157612935 1.1565913 0.225318193 1 1 1
v 0.161663949 1.15730143 0.222076237 1 1 1
v 0.170079812 1.19702756 0.198912993 1 1 1
v 0.176676497 1.20103014 0.192411393 1 1 1
v 0.167721659 1.24159861 0.181480065 1 1 1
v 0.15468891 1.26220441 0.182078868 1 1 1
v 0.316025704 1.52187943 -0.0805957094 1 1 1
v 0.496441752 1.89542866 -0.307597339 1 1 1
v 0.492264539 1.8890661 -0.32101953 1 1 1
v 0.483939111 1.9024117 -0.302936345 1 1 1
v 0.290291756 1.55846775 -0.0777316093 1 1 1
v 0.469614327 1.90625846 -0.313934803 1 1 1
v 0.293916404 1.53485358 -0.0921060517 1 1 1
v 0.475377142 1.8954525 -0.333897382 1 1 1
v 0.174924046 1.16518927 0.18321453 1 1 1
v 0.170426235 1.15740621 0.186059952 1 1 1
v 0.161193624 1.14108431 0.219333559 1 1 1
v 0.157972589 1.13551581 0.220944002 1 1 1
v 0.152058721 1.12530208 0.223117933 1 1 1
v 0.157565162 1.13530242 0.144528806 1 1 1
v 0.136728838 1.25653911 0.172452927 1 1 1
v 0.127848685 1.25346947 0.167547747 1 1 1
v 0.127152815 1.25323915 0.167147085 1 1 1
v 0.122407012 1.25001812 0.167052507 1 1 1
v 0.0853171051 1.22991419 0.158208206 1 1 1
v 0.154344529 1.26211381 0.181881741 1 1 1
v 0.152176648 1.26194465 0.180027187 1 1 1
v 0.0905051529 1.20437384 0.142286494 1 1 1
v 0.0939710736 1.16361487 0.123800479 1 1 1
v 0.155596808 1.13944077 0.141355604 1 1 1
v 0.116198108 1.16139305 0.124576055 1 1 1
v 0.128801197 1.1577965 0.127313837 1 1 1
v 0.148961365 1.14236474 0.139123172 1 1 1
v -0.233910471 3.14158368 -1.02670288 1 1 1
v -0.234815359 3.14505005 -1.01154935 1 1 1
v -0.245155826 3.14295959 -1.01968884 1 1 1
v -0.249701992 3.14370322 -1.00718582 1 1 1
v -0.257997632 3.13940477 -1.01964247 1 1 1
v -0.248237923 3.1380949 -1.0317049 1 1 1
v -0.472065598 1.60215187 -0.469608545 1 1 1
v -0.44902724 1.6066525 -0.403672785 1 1 1
v -0.756522834 1.25058591 -0.0373351946 1 1 1
v -0.773995817 1.2429862 -0.0632682666 1 1 1
v -0.772844255 1.24380541 -0.0634496734 1 1 1
v -0.734704971 1.27756953 -0.10887862 1 1 1
v -0.73333329 1.27876174 -0.110381089 1 1 1
v -0.733267188 1.27881837 -0.110448159 1 1 1
v -0.74639833 1.28207242 -0.183196157 1 1 1
v -0.746694922 1.28212619 -0.184721902 1 1 1
v -0.760159314 1.27679741 -0.207838967 1 1 1
v -0.382595599 1.54993165 -0.474351346 1 1 1
v -0.384788513 1.58178163 -0.415001243 1 1 1
v -0.0965044647 1.96778202 -0.708807588 1 1 1
v -0.0926223025 1.93331182 -0.792171597 1 1 1
v -0.18273212 1.99209082 -0.692746162 1 1 1
v -0.231416166 1.97303545 -0.765273809 1 1 1
v -0.447659642 1.55212235 -0.501648605 1 1 1
v -0.179188043 1.93126631 -0.843910336 1 1 1
v -0.110547751 2.56211805 -0.847672641 1 1 1
v -0.11309725 2.54939389 -0.902807415 1 1 1
v -0.170285329 2.56196833 -0.828786492 1 1 1
v -0.207851872 2.54761267 -0.881323874 1 1 1
v -0.16474776 2.53953052 -0.932097971 1 1 1
v -0.226195142 3.14548898 -1.00462711 1 1 1
v -0.222083852 3.14130282 -1.03447258 1 1 1
v -0.251024872 3.13934946 -1.00035155 1 1 1
v -0.266239226 3.13440728 -1.01899076 1 1 1
v -0.250848681 3.13319921 -1.04214978 1 1 1
v -0.597725093 1.17848301 -0.141441315 1 1 1
v -0.601273298 1.19304049 -0.111221075 1 1 1
v -0.611026883 1.2027607 -0.0731733218 1 1 1
v -0.605312109 1.13251114 -0.188583896 1 1 1
v -0.604251623 1.15067458 -0.1669745 1 1 1
v -0.627993703 1.21387649 -0.0719133317 1 1 1
v -0.630690515 1.21141553 -0.0692195818 1 1 1
v -0.677608132 1.19296658 -0.0371968858 1 1 1
v -0.660418928 1.15789771 -0.023450071 1 1 1
v -0.749553084 1.14072955 -0.224538863 1 1 1
v -0.751816928 1.1368376 -0.222666889 1 1 1
v -0.756789446 1.12513959 -0.21872431 1 1 1
v -0.741889894 1.24102628 -0.226193249 1 1 1
v -0.740366936 1.23704457 -0.227807328 1 1 1
v -0.746301055 1.18761253 -0.225008756 1 1 1
v -0.744762123 1.12857687 -0.220277324 1 1 1
v -0.738344133 1.13145673 -0.222295761 1 1 1
v -0.649732351 1.13728058 -0.206351861 1 1 1
v -0.614555001 1.13595712 -0.195400327 1 1 1
v 1.49320042 5.44412565 -2.66212344 1 1 1
v 1.4935776 5.4446435 -2.65244675 1 1 1
v 1.48666596 5.44477606 -2.65704417 1 1 1
v 1.48450911 5.44406462 -2.64905882 1 1 1
v 1.47852731 5.44318771 -2.65664196 1 1 1
v 1.48389876 5.44322586 -2.66471624 1 1 1
v 0.925657511 3.33151197 -2.1034584 1 1 1
v 0.945771217 3.28834629 -2.1019516 1 1 1
v 0.659584939 2.83745146 -1.80342317 1 1 1
v 0.649204075 2.84619117 -1.80081594 1 1 1
v 0.633617997 2.93578744 -1.82336986 1 1 1
v 0.94134593 3.27512932 -2.14149213 1 1 1
v 1.25649643 3.70929289 -2.35943317 1 1 1
v 1.24855256 3.69116402 -2.41599751 1 1 1
v 1.20449305 3.74820161 -2.33350229 1 1 1
v 0.918748021 3.35371351 -2.15501022 1 1 1
v 1.17613864 3.73966193 -2.39300871 1 1 1
v 0.916321874 3.30390358 -2.16592312 1 1 1
v 1.19754326 3.7109921 -2.43619156 1 1 1
v 1.46025932 4.25708199 -2.50878549 1 1 1
v 1.45592225 4.24952793 -2.5504005 1 1 1
v 1.42120266 4.27039146 -2.49818182 1 1 1
v 1.38977802 4.27269077 -2.53050184 1 1 1
v 1.41594279 4.25733614 -2.56796813 1 1 1
v 1.55650616 4.84383106 -2.6133821 1 1 1
v 1.55573237 4.84083462 -2.64172864 1 1 1
v 1.52992904 4.84606981 -2.60439682 1 1 1
v 1.50736523 4.84497976 -2.62577629 1 1 1
v 1.52610838 4.84097767 -2.65479827 1 1 1
v 1.49865019 5.44203615 -2.64908814 1 1 1
v 1.49828637 5.44140625 -2.66582012 1 1 1
v 1.48389912 5.43963099 -2.64532685 1 1 1
v 1.4694587 5.44142151 -2.65619636 1 1 1
v 1.48011374 5.44249058 -2.67499709 1 1 1
v 0.654738128 2.81710362 -1.88209593 1 1 1
v 0.664009452 2.83321476 -1.87898827 1 1 1
v 0.667004764 2.84130216 -1.85929799 1 1 1
v 0.673316658 2.85674739 -1.82813263 1 1 1
v 0.659038007 2.8358984 -1.80751193 1 1 1
v 0.658760905 2.83550882 -1.80701566 1 1 1
v 0.666141808 3.01600909 -1.90781939 1 1 1
v 0.660498798 3.04084945 -1.954615 1 1 1
v 0.656874299 3.03977728 -1.9576503 1 1 1
v 0.647186339 2.96542621 -1.85244954 1 1 1
v 0.669284642 3.00598383 -1.88786697 1 1 1
v 0.651542485 3.02008128 -1.95580423 1 1 1
v 0.622542858 2.91660476 -1.94173217 1 1 1
v 0.607650161 2.87577915 -1.93099892 1 1 1
v 0.622470677 2.87319374 -1.92733765 1 1 1
v 0.640265524 2.84744692 -1.90627682 1 1 1
v -0.295957208 5.64888906 -1.79018486 1 1 1
v -0.293914229 5.64801931 -1.79723215 1 1 1
v -0.290047228 5.64933538 -1.79239988 1 1 1
v -0.28652975 5.6479702 -1.79747903 1 1 1
v -0.284008771 5.64880991 -1.79058433 1 1 1
v -0.289835274 5.64937782 -1.78607595 1 1 1
v 0.333527476 3.79189467 -1.95173764 1 1 1
v 0.330935985 3.72193861 -1.95388961 1 1 1
v 0.561165869 3.21754527 -2.02158499 1 1 1
v 0.566264212 3.21970487 -2.02169418 1 1 1
v 0.54602319 3.28509665 -2.01873326 1 1 1
v 0.539744556 3.3006556 -2.01797628 1 1 1
v 0.524329066 3.40484023 -2.01386309 1 1 1
v 0.511163771 3.4548645 -2.01168132 1 1 1
v 0.512702167 3.47520113 -2.01104164 1 1 1
v 0.324654371 3.71381736 -1.92614603 1 1 1
v 0.104396194 4.1644969 -1.91608977 1 1 1
v 0.0937130153 4.15099144 -1.877388 1 1 1
v 0.140128449 4.18519258 -1.91857064 1 1 1
v 0.350343227 3.78524709 -1.92344868 1 1 1
v 0.170934692 4.19398737 -1.87296677 1 1 1
v 0.342306018 3.73632908 -1.90693998 1 1 1
v 0.127930984 4.16445732 -1.84697592 1 1 1
v -0.151651204 4.6177001 -1.81149495 1 1 1
v -0.165858865 4.60446405 -1.76963401 1 1 1
v -0.115549661 4.63292885 -1.8086561 1 1 1
v -0.102319494 4.63297367 -1.77492738 1 1 1
v -0.127087563 4.61769724 -1.74838471 1 1 1
v -0.309453636 5.11717224 -1.75042641 1 1 1
v -0.312405348 5.11683464 -1.71942163 1 1 1
v -0.277628362 5.12210751 -1.74836957 1 1 1
v -0.255303651 5.12607527 -1.71729565 1 1 1
v -0.290547132 5.12036467 -1.70541513 1 1 1
v -0.298981428 5.64659739 -1.80358839 1 1 1
v -0.30018872 5.64609909 -1.78829682 1 1 1
v -0.27588442 5.65214443 -1.81385124 1 1 1
v -0.282567263 5.64400196 -1.7895726 1 1 1
v -0.289415538 5.65293646 -1.77391887 1 1 1
v 0.542988479 3.25271368 -2.01054931 1 1 1
v 0.547495723 3.24238539 -2.01125741 1 1 1
v 0.559636652 3.21662283 -2.01576114 1 1 1
v 0.531662345 3.24601102 -1.96636617 1 1 1
v 0.524797738 3.2709291 -1.97808921 1 1 1
v 0.529881358 3.26142573 -1.9815942 1 1 1
v 0.520918071 3.46474361 -1.9984957 1 1 1
v 0.537211955 3.43988967 -1.98282385 1 1 1
v 0.554604709 3.4187777 -1.9621501 1 1 1
v 0.566295385 3.28179502 -1.93118978 1 1 1
v 0.543789029 3.27130365 -1.95097113 1 1 1
v 0.549362242 3.27236557 -1.94715023 1 1 1
v -0.687498271 2.69388795 2.24282479 1 1 1
v -0.694299459 2.69414163 2.23967385 1 1 1
v -0.688730001 2.69523048 2.23666644 1 1 1
v -0.693395019 2.69488573 2.23226547 1 1 1
v -0.686034858 2.6950922 2.2308383 1 1 1
v -0.682390511 2.69447565 2.23736453 1 1 1
v -0.790607512 1.35695744 1.60191441 1 1 1
v -0.766438305 1.34345853 1.60440254 1 1 1
v -0.823742509 0.984204412 1.22317588 1 1 1
v -0.83024615 0.987807691 1.22221541 1 1 1
v -0.835777998 0.99296391 1.22411764 1 1 1
v -0.842884719 0.994810045 1.22034895 1 1 1
v -0.873242915 1.01162982 1.21586561 1 1 1
v -0.78354156 1.3872509 1.59805286 1 1 1
v -0.872278571 1.01607049 1.21287858 1 1 1
v -0.860191524 1.05972731 1.23565471 1 1 1
v -0.854039371 1.08170426 1.24847007 1 1 1
v -0.849085391 1.10061562 1.2526958 1 1 1
v -0.744235635 1.35721982 1.59069538 1 1 1
v -0.78303051 1.01384974 1.19635093 1 1 1
v -0.787193656 1.01081824 1.19909394 1 1 1
v -0.793387592 1.01392949 1.22057533 1 1 1
v -0.80036962 1.00839496 1.22414732 1 1 1
v -0.820228398 0.986763299 1.22086048 1 1 1
v -0.739207208 1.68549061 1.98933637 1 1 1
v -0.707167566 1.67545283 2.00182438 1 1 1
v -0.739333868 1.70710385 1.95541406 1 1 1
v -0.755139709 1.38432693 1.58218706 1 1 1
v -0.691038907 1.71519864 1.9379437 1 1 1
v -0.672334313 1.68724394 1.97984052 1 1 1
v -0.704365611 2.16752338 2.19551826 1 1 1
v -0.67896688 2.16320276 2.21004939 1 1 1
v -0.712489188 2.17750788 2.15917087 1 1 1
v -0.671674132 2.17651105 2.15850925 1 1 1
v -0.651945472 2.16837144 2.18816471 1 1 1
v -0.702891052 2.69391537 2.24445963 1 1 1
v -0.685987651 2.69219637 2.25037122 1 1 1
v -0.70138371 2.69654346 2.22497821 1 1 1
v -0.684093535 2.69250703 2.22644591 1 1 1
v -0.678744078 2.69088817 2.23745203 1 1 1
v -0.803739369 1.07983851 1.20635903 1 1 1
v -0.801742673 1.07763863 1.20205653 1 1 1
v -0.830916107 1.10168362 1.25098479 1 1 1
v -0.817131698 1.0988977 1.24262452 1 1 1
v -0.795127928 1.05219364 1.19574451 1 1 1
v -0.787837565 1.02288496 1.19163275 1 1 1
v -1.2166537 2.53088379 1.48700392 1 1 1
v -1.2113055 2.53060317 1.48489285 1 1 1
v -1.21271014 2.52911711 1.4893806 1 1 1
v -1.2080878 2.52758861 1.48859429 1 1 1
v -1.21144772 2.52600622 1.49299312 1 1 1
v -1.21674168 2.52804279 1.49201012 1 1 1
v -0.88010937 1.22744048 1.29727054 1 1 1
v -0.90877986 1.20334089 1.2827915 1 1 1
v -1.12806547 1.66378069 1.25999093 1 1 1
v -1.12396026 1.68516481 1.26442122 1 1 1
v -0.921490669 1.28367329 1.28605461 1 1 1
v -0.918089211 1.27447724 1.28637791 1 1 1
v -0.913774073 1.27318728 1.28814602 1 1 1
v -1.13217402 1.67194021 1.24008989 1 1 1
v -0.906184971 1.20163155 1.26513064 1 1 1
v -0.90661031 1.20219958 1.26512253 1 1 1
v -0.920702338 1.22210431 1.25392473 1 1 1
v -0.928238809 1.23271573 1.24827695 1 1 1
v -0.927348256 1.23269606 1.23649859 1 1 1
v -1.12313175 1.68924153 1.2331183 1 1 1
v -1.32616031 2.10543966 1.22329807 1 1 1
v -1.35015059 2.10204268 1.23075211 1 1 1
v -1.12149942 1.70164299 1.2470032 1 1 1
v -1.31134689 2.09915757 1.24339294 1 1 1
v -1.32478511 2.09156227 1.26463628 1 1 1
v -1.34734774 2.09467673 1.25266123 1 1 1
v -1.20818079 2.53508902 1.47722363 1 1 1
v -1.22016394 2.53019905 1.48407674 1 1 1
v -1.20735562 2.52381659 1.48646367 1 1 1
v -1.21094418 2.52167726 1.49486017 1 1 1
v -1.22086906 2.52559114 1.49358475 1 1 1
v -0.929050565 1.25344563 1.23096621 1 1 1
v -0.929085553 1.26776946 1.22689736 1 1 1
v -0.912693083 1.27794361 1.22208238 1 1 1
v -0.92755872 1.33300781 1.24708033 1 1 1
v -0.913156152 1.27247798 1.28820145 1 1 1
v -0.886701167 1.24042284 1.29202616 1 1 1
v -0.873215795 1.23086619 1.28814828 1 1 1
v -0.872984707 1.23079133 1.28800547 1 1 1
v -0.939550281 1.33882868 1.25485909 1 1 1
v -0.939571559 1.33868599 1.25500071 1 1 1
v -0.938565552 1.3135705 1.27567565 1 1 1
v -0.937245965 1.31129801 1.27644503 1 1 1
v -0.210560054 2.50562596 -0.0714298412 1 1 1
v -0.26685977 2.4260571 -0.0137475599 1 1 1
v -0.198326424 2.38648486 0.0672791973 1 1 1
v -0.0996705517 2.44159675 0.0596742891 1 1 1
v -0.107231326 2.51523018 -0.0260526724 1 1 1
v -0.226432294 2.4340899 0.093504861 1 1 1
v -0.219466001 2.43111539 0.105949685 1 1 1
v -0.282129019 2.46090865 0.0175332688 1 1 1
v -0.280888855 2.46224284 0.0228846483 1 1 1
v -0.268454134 2.4611311 0.0490850396 1 1 1
v -0.281578302 2.47266817 0.0196440946 1 1 1
v -0.26192379 2.61141729 0.0291752256 1 1 1
v -0.268559545 2.57617784 0.0290180556 1 1 1
v -0.246829987 2.61829472 0.0422509499 1 1 1
v -0.169029772 2.63107252 0.0828154832 1 1 1
v -0.191869691 2.64422488 0.0898723602 1 1 1
v -0.221704885 2.64769006 0.0837481618 1 1 1
v -0.104158424 2.45019317 0.0671509653 1 1 1
v -0.135656282 2.52519321 0.0952456594 1 1 1
v -0.161557063 2.48727584 0.117112637 1 1 1
v -0.133557931 2.48705888 0.104287535 1 1 1
v -0.214869648 2.44473052 0.112845726 1 1 1
v -0.274310291 3.28897381 -0.115681276 1 1 1
v -0.222419545 3.25381589 -0.0652411655 1 1 1
v -0.159737021 3.22761083 -0.108335823 1 1 1
v -0.172887757 3.24657345 -0.185410053 1 1 1
v -0.243697971 3.28449798 -0.189949825 1 1 1
v -0.179699019 3.28855252 -0.0725596249 1 1 1
v -0.1400408 3.28460789 -0.0945274681 1 1 1
v -0.13641876 3.27173734 -0.10138797 1 1 1
v -0.207666904 3.2818675 -0.0610366426 1 1 1
v -0.186333343 3.29268789 -0.0674275681 1 1 1
v -0.196541443 3.43148541 -0.0938806161 1 1 1
v -0.201664045 3.36580944 -0.0798045546 1 1 1
v -0.137292624 3.48372006 -0.1563306 1 1 1
v -0.140627176 3.49546385 -0.132949561 1 1 1
v -0.145177156 3.4969275 -0.120826207 1 1 1
v -0.184015945 3.45166373 -0.094445847 1 1 1
v -0.191125408 3.43868947 -0.096359849 1 1 1
v -0.145889089 3.29925489 -0.176463827 1 1 1
v -0.14270401 3.35072446 -0.170545176 1 1 1
v -0.136935472 3.38749576 -0.165891722 1 1 1
v -0.13675648 3.39861536 -0.164674982 1 1 1
v -0.136241958 3.27268553 -0.102359161 1 1 1
v -0.133735269 3.30868673 -0.153761521 1 1 1
v -0.136578277 3.30517817 -0.157731131 1 1 1
v -0.71001929 2.20116234 0.661472023 1 1 1
v -0.663976789 2.14761305 0.562111735 1 1 1
v -0.756225526 2.0974884 0.500163436 1 1 1
v -0.859281123 2.12005901 0.561237514 1 1 1
v -0.83072412 2.18413305 0.660931826 1 1 1
v -0.669415891 2.17876792 0.543646514 1 1 1
v -0.693651497 2.19771862 0.513423324 1 1 1
v -0.695805013 2.19963098 0.510638535 1 1 1
v -0.75118351 2.16293478 0.47631833 1 1 1
v -0.752613664 2.16199708 0.475427747 1 1 1
v -0.762604654 2.14357114 0.473464787 1 1 1
v -0.72614038 2.30487108 0.59593904 1 1 1
v -0.817426443 2.36173034 0.552118659 1 1 1
v -0.76843673 2.3524518 0.562381387 1 1 1
v -0.752366543 2.33360052 0.575608015 1 1 1
v -0.852394581 2.36484432 0.546976268 1 1 1
v -0.846063673 2.36728692 0.546044648 1 1 1
v -0.861389577 2.26883388 0.526495934 1 1 1
v -0.864860117 2.17310143 0.530066848 1 1 1
v -0.864434361 2.23131609 0.521339774 1 1 1
v -0.835995317 2.18387389 0.500432432 1 1 1
v -0.846110642 2.18737817 0.505547881 1 1 1
v -1.58948588 2.16042876 -0.41713959 1 1 1
v -1.54022872 2.16704035 -0.39938727 1 1 1
v -1.50813842 2.17029166 -0.441157669 1 1 1
v -1.53756273 2.16568971 -0.484725595 1 1 1
v -1.58783829 2.1595943 -0.469881594 1 1 1
v -1.56575179 2.40805244 -0.411052167 1 1 1
v -1.52192318 2.27313995 -0.443214476 1 1 1
v -1.57358515 2.4288609 -0.404836416 1 1 1
v -1.61196864 2.48062992 -0.418495804 1 1 1
v -1.60933721 2.48037457 -0.41756013 1 1 1
v -1.5955826 2.48530316 -0.411975235 1 1 1
v -1.57887709 2.44522953 -0.40646866 1 1 1
v -1.62855995 2.47951484 -0.424452126 1 1 1
v -1.62270772 2.48072767 -0.422334075 1 1 1
v -1.61982834 2.48070145 -0.421304941 1 1 1
v -1.62364769 2.43947315 -0.458225816 1 1 1
v -1.62771094 2.47046375 -0.453576624 1 1 1
v -1.62796819 2.47236919 -0.451141477 1 1 1
v -1.62851489 2.47710872 -0.448054969 1 1 1
v -1.62865257 2.47899508 -0.439257175 1 1 1
v -1.62869859 2.47962523 -0.436317682 1 1 1
v -1.62867248 2.47969294 -0.433051974 1 1 1
v -1.62859094 2.47961807 -0.42619288 1 1 1
v -1.60918939 2.32881832 -0.473111272 1 1 1
v -1.61654317 2.38501763 -0.465185463 1 1 1
v -1.60123491 2.30513668 -0.475404918 1 1 1
v -1.54242957 2.20727348 -0.486724406 1 1 1
v -1.56295574 2.24124217 -0.483634055 1 1 1
v -1.52372861 2.27655649 -0.445241332 1 1 1
v -1.53472781 2.28258276 -0.460173607 1 1 1
v -1.54222548 2.27627373 -0.472173035 1 1 1
v -1.54263461 2.21177864 -0.486000419 1 1 1
v -0.175491035 2.12359524 0.103583805 1 1 1
v -0.116284922 2.01368833 0.133202344 1 1 1
v -0.123485923 1.93606186 0.0312984362 1 1 1
v -0.186741829 1.99760294 -0.06071743 1 1 1
v -0.187576219 1.99955654 -0.0606977344 1 1 1
v -0.219283581 2.11389494 -0.0166256167 1 1 1
v -0.071591273 2.03376436 0.113270976 1 1 1
v -0.0591134131 2.02927494 0.0934430212 1 1 1
v -0.0396734737 2.01545072 0.0529016368 1 1 1
v -0.0297232401 1.99744058 0.0167005081 1 1 1
v -0.043816518 1.97307062 -0.000695432129 1 1 1
v -0.0632304251 2.08673882 0.0899344012 1 1 1
v -0.0588607006 2.17046738 0.0547450669 1 1 1
v -0.0579070412 2.14388418 0.0653199404 1 1 1
v -0.105359033 2.15930867 -0.0592525154 1 1 1
v -0.0910923555 2.16436839 -0.0535414517 1 1 1
v -0.0613068864 2.17266631 -0.0017217804 1 1 1
v -0.0501024202 2.17618966 0.0106902467 1 1 1
v -0.145724818 2.01628971 -0.0762037709 1 1 1
v -0.106007636 2.15690398 -0.0595187321 1 1 1
v -0.177820757 2.00777268 -0.0632138699 1 1 1
v -0.173275679 2.00411868 -0.0662901625 1 1 1
v -0.0620066263 1.98468077 -0.0192954969 1 1 1
v -0.0809464604 2.00552678 -0.0499710925 1 1 1
v -0.117746592 2.01123953 -0.0646457523 1 1 1
v -0.178178266 2.00037527 -0.0625993535 1 1 1
v -0.118910804 2.90960312 -0.0541691631 1 1 1
v -0.118827291 2.83221459 -0.114242569 1 1 1
v -0.20903185 2.793993 -0.114500843 1 1 1
v -0.264865011 2.84775925 -0.054586973 1 1 1
v -0.209167123 2.91921043 -0.017299898 1 1 1
v -0.125237241 2.844805 -0.130284518 1 1 1
v -0.127277121 2.84789705 -0.134432092 1 1 1
v -0.179214895 2.84551668 -0.155127093 1 1 1
v -0.183710665 2.84499645 -0.156589642 1 1 1
v -0.217734084 2.81526017 -0.14134939 1 1 1
v -0.123890541 2.84351397 -0.1283319 1 1 1
v -0.125348672 2.84932876 -0.130554214 1 1 1
v -0.157273069 2.99238205 -0.16420421 1 1 1
v -0.127960533 2.85772276 -0.135908648 1 1 1
v -0.253631264 3.02509999 -0.155526683 1 1 1
v -0.247850999 3.02595139 -0.160155326 1 1 1
v -0.229424387 3.02638102 -0.171379045 1 1 1
v -0.194339201 3.01969171 -0.181143299 1 1 1
v -0.173666775 3.00495887 -0.172364727 1 1 1
v -0.282364696 2.89335322 -0.113343649 1 1 1
v -0.238414854 2.8423419 -0.139280632 1 1 1
v -0.242099762 2.84672999 -0.137684077 1 1 1
v -0.168045253 3.66849875 -0.247754648 1 1 1
v -0.195022926 3.65929151 -0.256549269 1 1 1
v -0.251792192 3.64113116 -0.20999676 1 1 1
v -0.221957415 3.65192199 -0.167684466 1 1 1
v -0.167533204 3.66980028 -0.187239572 1 1 1
v -0.222513571 3.82874417 -0.250219405 1 1 1
v -0.220858842 3.78157282 -0.253761739 1 1 1
v -0.218538597 3.74313903 -0.256359458 1 1 1
v -0.200792909 3.69498539 -0.255209774 1 1 1
v -0.22875908 3.84456182 -0.233713359 1 1 1
v -0.229708135 3.8481369 -0.238896891 1 1 1
v -0.218928173 3.81800389 -0.191158533 1 1 1
v -0.221748859 3.82580161 -0.198689148 1 1 1
v -0.233361632 3.68505144 -0.167367518 1 1 1
v -0.252932519 3.64958096 -0.208084062 1 1 1
v -0.244952545 3.66732597 -0.190848157 1 1 1
v -0.237231433 3.68519402 -0.173893139 1 1 1
v -0.176716685 4.07008648 -0.236365944 1 1 1
v -0.139383048 4.0641098 -0.21966055 1 1 1
v -0.113118559 4.05463648 -0.250140548 1 1 1
v -0.13421987 4.05475855 -0.285683692 1 1 1
v -0.173525706 4.06430721 -0.277170539 1 1 1
v -0.104021385 4.22858715 -0.240866914 1 1 1
v -0.103990406 4.22725773 -0.241050348 1 1 1
v -0.0839939713 4.30373716 -0.254891723 1 1 1
v -0.099487558 4.14670467 -0.255107462 1 1 1
v -0.104127102 4.09522152 -0.255185902 1 1 1
v -0.093079865 4.44741488 -0.284719914 1 1 1
v -0.0890494287 4.44676971 -0.282916486 1 1 1
v -0.0867270902 4.44638014 -0.281873345 1 1 1
v -0.0864873603 4.44628239 -0.281753093 1 1 1
v -0.0779735819 4.44282341 -0.277365178 1 1 1
v -0.0773414299 4.44245958 -0.277003229 1 1 1
v -0.069643423 4.43820477 -0.272634417 1 1 1
v -0.0724128336 4.41588688 -0.268857032 1 1 1
v -0.0746371597 4.3947444 -0.265101463 1 1 1
v -0.103654698 4.23229837 -0.241536677 1 1 1
v -0.0996135846 4.40389252 -0.319029927 1 1 1
v -0.0928480029 4.43706751 -0.318871796 1 1 1
v -0.0925511122 4.43926144 -0.317456901 1 1 1
v -0.0928812623 4.44179869 -0.30875966 1 1 1
v -0.0927610248 4.4439044 -0.303086877 1 1 1
v -0.0926658139 4.44557142 -0.298594117 1 1 1
v -0.0927874148 4.44648409 -0.293155998 1 1 1
v -0.0929172635 4.44709396 -0.288688451 1 1 1
v -0.0930447727 4.4473815 -0.285445035 1 1 1
v -0.124304295 4.10033989 -0.291535854 1 1 1
v -0.125061885 4.16157579 -0.296084672 1 1 1
v -0.106937833 4.16039419 -0.292280823 1 1 1
v -0.0993071198 4.12920856 -0.263967425 1 1 1
v -0.0969098806 4.18049049 -0.285415918 1 1 1
v 0.324163109 6.80896473 -0.588149786 1 1 1
v 0.320348114 6.8094368 -0.583701432 1 1 1
v 0.31915924 6.80931425 -0.5885939 1 1 1
v 0.314920664 6.80892658 -0.585901976 1 1 1
v 0.315381616 6.80813932 -0.591709673 1 1 1
v 0.321093678 6.80816317 -0.593098044 1 1 1
v 0.030231053 4.64651966 -0.317778647 1 1 1
v 0.0263082497 4.69542551 -0.306997329 1 1 1
v 0.158419535 5.1467557 -0.34498933 1 1 1
v 0.177365243 5.13794184 -0.371213168 1 1 1
v 0.0206039101 4.75984001 -0.32435441 1 1 1
v 0.131018728 5.15360689 -0.361820936 1 1 1
v 0.0181686115 4.74291372 -0.343879491 1 1 1
v 0.130306318 5.15043211 -0.394415379 1 1 1
v 0.0213779025 4.6574893 -0.337718189 1 1 1
v 0.161416337 5.14018488 -0.397678763 1 1 1
v 0.317643583 5.68619442 -0.408514261 1 1 1
v 0.340682119 5.67923546 -0.432876945 1 1 1
v 0.284819692 5.69042635 -0.42019546 1 1 1
v 0.292266905 5.68508101 -0.452500165 1 1 1
v 0.322094381 5.67880487 -0.462082326 1 1 1
v 0.344310403 6.2460165 -0.494780868 1 1 1
v 0.354863137 6.24397516 -0.509123683 1 1 1
v 0.33039099 6.24481297 -0.504089355 1 1 1
v 0.327359915 6.24253654 -0.521437824 1 1 1
v 0.34572652 6.24220419 -0.52260381 1 1 1
v 0.322755903 6.81233025 -0.573753178 1 1 1
v 0.330528498 6.80806208 -0.587522149 1 1 1
v 0.309874713 6.8077383 -0.582578838 1 1 1
v 0.31322214 6.80451155 -0.593177438 1 1 1
v 0.322624624 6.80491352 -0.59611994 1 1 1
v -0.104127102 4.09522152 -0.255185902 1 1 1
v -0.099487558 4.14670467 -0.255107462 1 1 1
v -0.0839939713 4.30373716 -0.254891723 1 1 1
v -0.103990406 4.22725773 -0.241050348 1 1 1
v -0.104021385 4.22858715 -0.240866914 1 1 1
v -0.103654698 4.23229837 -0.241536677 1 1 1
v -0.0746371597 4.3947444 -0.265101463 1 1 1
v -0.0724128336 4.41588688 -0.268857032 1 1 1
v -0.069643423 4.43820477 -0.272634417 1 1 1
v -0.0773414299 4.44245958 -0.277003229 1 1 1
v -0.0779735819 4.44282341 -0.277365178 1 1 1
v -0.0864873603 4.44628239 -0.281753093 1 1 1
v -0.0867270902 4.44638014 -0.281873345 1 1 1
v -0.0890494287 4.44676971 -0.282916486 1 1 1
v -0.093079865 4.44741488 -0.284719914 1 1 1
v -0.0928480029 4.43706751 -0.318871796 1 1 1
v -0.0996135846 4.40389252 -0.319029927 1 1 1
v -0.0930447727 4.4473815 -0.285445035 1 1 1
v -0.0929172635 4.44709396 -0.288688451 1 1 1
v -0.0927874148 4.44648409 -0.293155998 1 1 1
v -0.0926658139 4.44557142 -0.298594117 1 1 1
v -0.0927610248 4.4439044 -0.303086877 1 1 1
v -0.0928812623 4.44179869 -0.30875966 1 1 1
v -0.0925511122 4.43926144 -0.317456901 1 1 1
v -0.125061885 4.16157579 -0.296084672 1 1 1
v -0.124304295 4.10033989 -0.291535854 1 1 1
v -0.106937833 4.16039419 -0.292280823 1 1 1
v -0.0969098806 4.18049049 -0.285415918 1 1 1
v -0.0993071198 4.12920856 -0.263967425 1 1 1
v 0.10946124 1.19227767 0.244901225 1 1 1
v 0.112017088 1.18872154 0.244575575 1 1 1
v 0.118219249 1.18251061 0.248402774 1 1 1
v 0.110687733 1.17425907 0.251750737 1 1 1
v 0.102536976 1.18157208 0.254519194 1 1 1
v 0.0890031084 1.17994833 0.242160216 1 1 1
v 0.0886886865 1.18002033 0.241697744 1 1 1
v 0.0929987058 1.18151677 0.244067863 1 1 1
v 0.108224355 1.16942286 0.243908584 1 1 1
v 0.0890668407 1.17971134 0.241917089 1 1 1
v 0.0890668407 1.17971134 0.241917089 1 1 1
v 0.0886886865 1.18002033 0.241697744 1 1 1
v 0.282988071 1.97411549 1.05825579 1 1 1
v 0.277071923 1.97764802 1.05437434 1 1 1
v 0.28364417 1.97807229 1.0527997 1 1 1
v 0.280044258 1.98085916 1.04778683 1 1 1
v 0.287797421 1.97931159 1.04759693 1 1 1
v 0.289616823 1.97514367 1.0540669 1 1 1
v 0.178482443 1.5955472 0.647207558 1 1 1
v 0.194525421 1.58019328 0.652243495 1 1 1
v 0.101938739 1.16688108 0.245878994 1 1 1
v 0.09473373 1.17388535 0.243392587 1 1 1
v 0.092136696 1.1772033 0.243697762 1 1 1
v 0.0870234445 1.18138087 0.24073182 1 1 1
v 0.0594664998 1.20817006 0.231222108 1 1 1
v 0.190764368 1.61666679 0.649055064 1 1 1
v 0.0833919346 1.24863887 0.208989069 1 1 1
v 0.0848894194 1.25185382 0.211035281 1 1 1
v 0.0869658217 1.25710666 0.22104232 1 1 1
v 0.0873400792 1.25957775 0.22679916 1 1 1
v 0.0877453163 1.26264524 0.238430768 1 1 1
v 0.0945780128 1.2794075 0.258320749 1 1 1
v 0.269173533 1.97715962 1.05630934 1 1 1
v 0.282338619 1.96956146 1.06885064 1 1 1
v 0.277599782 1.97924554 1.04353178 1 1 1
v 0.212397248 1.61246681 0.647159994 1 1 1
v 0.291413546 1.97930717 1.04210281 1 1 1
v 0.215341941 1.58878338 0.647036731 1 1 1
v 0.29772234 1.97182775 1.05613923 1 1 1
v 0.11055018 1.2735039 0.251683593 1 1 1
v 0.111491233 1.27372015 0.252508789 1 1 1
v 0.112976484 1.27364171 0.252930045 1 1 1
v 0.141162142 1.27141178 0.259369463 1 1 1
v 0.152069196 1.26511073 0.250445098 1 1 1
v 0.100018136 1.28396535 0.26965946 1 1 1
v 0.110516563 1.28191805 0.269334018 1 1 1
v 0.102432884 1.27173197 0.24476105 1 1 1
v 0.156722799 1.19064558 0.232604057 1 1 1
v 0.131952912 1.18455112 0.248881981 1 1 1
v 0.0888989344 1.26189101 0.223719552 1 1 1
v 0.0907915756 1.26662886 0.229707003 1 1 1
v 0.0914985761 1.26792789 0.232705027 1 1 1
v 0.0924286172 1.26944435 0.236233756 1 1 1
v 0.102432884 1.27173197 0.24476105 1 1 1
v -0.0691953748 1.60851467 0.155127659 1 1 1
v -0.0858923718 1.66519833 0.156013921 1 1 1
v 0.084113881 1.25882363 0.23045969 1 1 1
v -0.0640297383 1.5878607 0.153131738 1 1 1
v 0.0888989344 1.26189101 0.223719552 1 1 1
v 0.0907672867 1.27809095 0.210996479 1 1 1
v 0.0921164304 1.27876699 0.209223121 1 1 1
v 0.104662694 1.28933358 0.189852759 1 1 1
v -0.047958266 1.59606695 0.132698879 1 1 1
v -0.0535404719 1.66167569 0.129393816 1 1 1
v -0.0491442941 1.61511755 0.130348742 1 1 1
v 0.107557379 1.2984153 0.191277251 1 1 1
v 0.116746038 1.31592417 0.196070671 1 1 1
v 0.128207833 1.33744764 0.202039421 1 1 1
v 0.12567991 1.34204662 0.204626441 1 1 1
v 0.119765572 1.35152936 0.210425273 1 1 1
v 0.116353437 1.35579252 0.222024515 1 1 1
v 0.112373799 1.36123037 0.232370958 1 1 1
v 0.11295864 1.35908377 0.240059927 1 1 1
v 0.113302812 1.35796797 0.243577421 1 1 1
v -0.0783725902 1.70698476 0.146548495 1 1 1
v -0.0667475462 1.68772459 0.136714011 1 1 1
v -0.0773846358 1.67576015 0.151520029 1 1 1
v 0.11051257 1.3414973 0.24871181 1 1 1
v 0.116379678 1.32288814 0.254575193 1 1 1
v 0.119510554 1.31259525 0.257829547 1 1 1
v 0.124946922 1.30763912 0.25900954 1 1 1
v 0.140870541 1.29558277 0.261614144 1 1 1
v 0.119071171 1.17581367 0.245005131 1 1 1
v 0.128803089 1.15800571 0.24559775 1 1 1
v 0.0886886865 1.18002033 0.241697744 1 1 1
v 0.0882060155 1.17985272 0.241432324 1 1 1
v 0.119071171 1.17581367 0.245005131 1 1 1
v 0.112634249 1.17144763 0.24306789 1 1 1
v 0.111113496 1.17059112 0.243002892 1 1 1
v 0.102726698 1.27841115 0.271315187 1 1 1
v 0.0886679515 1.25988817 0.225292519 1 1 1
v -0.855900407 5.28188562 1.90952408 1 1 1
v -0.86549288 5.28161621 1.90169108 1 1 1
v -0.855252743 5.2815032 1.89894903 1 1 1
v -0.861074686 5.27959871 1.8902961 1 1 1
v -0.848751426 5.2786212 1.89108622 1 1 1
v -0.845553577 5.28003407 1.90296972 1 1 1
v -0.940373898 2.99818444 1.21106243 1 1 1
v -0.979099631 3.04482388 1.20745909 1 1 1
v -0.991438687 3.46579146 1.60946393 1 1 1
v -0.937702954 3.43589115 1.65178716 1 1 1
v -0.959154367 3.09123135 1.18651366 1 1 1
v -0.964840472 3.50417209 1.5540328 1 1 1
v -0.908436239 3.06259704 1.16474819 1 1 1
v -0.894844174 3.49868512 1.5607003 1 1 1
v -0.895185649 3.01824951 1.19211626 1 1 1
v -0.8713606 3.45863175 1.61817288 1 1 1
v -0.9850353 4.03139639 1.89354014 1 1 1
v -0.929407001 4.02062368 1.92179632 1 1 1
v -0.953428864 4.0492835 1.83727098 1 1 1
v -0.897170722 4.04500103 1.84654522 1 1 1
v -0.873987019 4.02727127 1.89951456 1 1 1
v -0.938081324 4.65451097 1.9957968 1 1 1
v -0.913694501 4.65286684 2.0329423 1 1 1
v -0.9303298 4.6549058 1.95769155 1 1 1
v -0.887895465 4.65244293 1.96071279 1 1 1
v -0.867184401 4.65075493 2.00601459 1 1 1
v -0.870723844 5.27742338 1.9036001 1 1 1
v -0.856585503 5.27745628 1.91472149 1 1 1
v -0.873293459 5.28477144 1.86957479 1 1 1
v -0.846707463 5.27255964 1.88879251 1 1 1
v -0.841740787 5.27484369 1.90536952 1 1 1
v -0.973424196 2.5371778 0.804410875 1 1 1
v -1.00463426 2.59670544 0.822083116 1 1 1
v -1.0247153 2.6232748 0.822888494 1 1 1
v -1.02543175 2.62408853 0.822796404 1 1 1
v -0.949507177 2.49377322 0.79288733 1 1 1
v -1.00543869 2.72846746 0.868163943 1 1 1
v -0.984241009 2.75333238 0.819814682 1 1 1
v -1.0253824 2.6244514 0.82302475 1 1 1
v -1.00849271 2.71534443 0.864549935 1 1 1
v -0.900824904 2.66916251 0.744079649 1 1 1
v -0.885072589 2.64444971 0.72177428 1 1 1
v -0.884560883 2.6422224 0.719662428 1 1 1
v -0.970323861 2.74251437 0.809134185 1 1 1
v -0.955577374 2.73501301 0.802087426 1 1 1
v -0.865427494 2.57688451 0.768935502 1 1 1
v -0.860571802 2.55358481 0.774481356 1 1 1
v -0.884436131 2.64314628 0.721355259 1 1 1
v -0.868215621 2.58093882 0.756515324 1 1 1
v -0.911852956 2.57788086 0.841613054 1 1 1
v -0.919066131 2.57577252 0.84569782 1 1 1
v -0.948105216 2.49565244 0.793501675 1 1 1
v -1.12547886 3.01109457 0.755655408 1 1 1
v -1.16389322 2.94162631 0.719004929 1 1 1
v -1.20058143 2.89429665 0.782712162 1 1 1
v -1.18484163 2.93451333 0.858736038 1 1 1
v -1.13842559 3.00669837 0.842014015 1 1 1
v -1.20581949 2.96764159 0.714929044 1 1 1
v -1.22925794 2.97036791 0.72399199 1 1 1
v -1.23753595 2.95961332 0.738438904 1 1 1
v -1.25495982 2.94055605 0.765411854 1 1 1
v -1.25169861 2.92555499 0.776638269 1 1 1
v -1.28375411 3.10497618 0.73876065 1 1 1
v -1.36459446 3.14486265 0.814409018 1 1 1
v -1.36924314 3.14992642 0.797949314 1 1 1
v -1.36687565 3.14886618 0.79547894 1 1 1
v -1.32404757 3.1279006 0.755769968 1 1 1
v -1.31950712 3.12539983 0.752052426 1 1 1
v -1.31897557 3.12510824 0.751591682 1 1 1
v -1.22958815 2.96232176 0.85293138 1 1 1
v -1.28218722 3.01391888 0.841851592 1 1 1
v -1.30552614 3.03280544 0.837837577 1 1 1
v -1.34638858 3.10717988 0.821845651 1 1 1
v -1.2663213 2.94439507 0.789627075 1 1 1
v -1.28008568 2.9821775 0.831680596 1 1 1
v -1.25233579 2.96819711 0.839425027 1 1 1
v -1.6145097 4.09850931 0.843706369 1 1 1
v -1.64923608 4.09187222 0.837402165 1 1 1
v -1.66537535 4.08626366 0.868990004 1 1 1
v -1.64062357 4.08943462 0.894816577 1 1 1
v -1.60918677 4.09700298 0.879190445 1 1 1
v -1.68584752 4.26724482 0.848683536 1 1 1
v -1.68834722 4.26716375 0.853323102 1 1 1
v -1.69505453 4.26582241 0.866133034 1 1 1
v -1.69866991 4.26495838 0.87526387 1 1 1
v -1.69919515 4.26425552 0.87734741 1 1 1
v -1.69452786 4.23532438 0.878655255 1 1 1
v -1.69270313 4.22439337 0.878952861 1 1 1
v -1.66468167 4.27564049 0.850233614 1 1 1
v -1.67090976 4.27410555 0.849074066 1 1 1
v -1.67302656 4.2734952 0.849029303 1 1 1
v -1.68393886 4.26839066 0.848748684 1 1 1
v -1.64731193 4.27697372 0.853220582 1 1 1
v -1.65099454 4.277071 0.852619112 1 1 1
v -1.65645993 4.277215 0.851726472 1 1 1
v -1.6568507 4.27715588 0.851656795 1 1 1
v -1.64945734 4.27677155 0.874228299 1 1 1
v -1.64983356 4.27718163 0.872195363 1 1 1
v -1.64970458 4.27763033 0.864037693 1 1 1
v -1.6487397 4.27784109 0.859286785 1 1 1
v -1.63565648 4.22288895 0.888017476 1 1 1
v -1.64697433 4.27088976 0.882676005 1 1 1
v -1.64770722 4.27205753 0.879292428 1 1 1
v -1.64909327 4.27637482 0.87619561 1 1 1
v -1.64741123 4.22765398 0.895509243 1 1 1
v -1.64575839 4.23385239 0.894571245 1 1 1
v -1.64488566 4.11011791 0.896518886 1 1 1
v -1.64457715 4.13793182 0.89583379 1 1 1
v -1.65071404 4.12782717 0.89506948 1 1 1
v -1.69157732 4.22268534 0.879624426 1 1 1
v -1.46276081 3.26640463 -0.955602765 1 1 1
v -1.46942556 3.26809621 -0.947101831 1 1 1
v -1.47207081 3.26545358 -0.955681205 1 1 1
v -1.47945487 3.26481676 -0.94996649 1 1 1
v -1.47898841 3.26109815 -0.96023798 1 1 1
v -1.46867096 3.26207948 -0.963721335 1 1 1
v -1.30210829 2.24113417 -0.578779936 1 1 1
v -1.32795632 2.27808642 -0.556915045 1 1 1
v -1.34238636 2.75253749 -0.716109037 1 1 1
v -1.30871034 2.74209881 -0.75879252 1 1 1
v -1.36722112 2.30158114 -0.580150187 1 1 1
v -1.40192056 2.73999786 -0.726718426 1 1 1
v -1.36338019 2.26903677 -0.612228274 1 1 1
v -1.38470566 2.72268963 -0.779178143 1 1 1
v -1.32602096 2.21791601 -0.606282771 1 1 1
v -1.34150517 2.72421718 -0.793166816 1 1 1
v -1.46672416 3.27025819 -0.93851006 1 1 1
v -1.45066154 3.26959562 -0.956207871 1 1 1
v -1.48213863 3.26078558 -0.945863307 1 1 1
v -1.48403168 3.25596046 -0.963172615 1 1 1
v -1.46503842 3.25862908 -0.972462595 1 1 1
v -1.25988388 1.76603055 -0.38868466 1 1 1
v -1.27850449 1.78764081 -0.371291876 1 1 1
v -1.30010939 1.81709266 -0.352621198 1 1 1
v -1.24574554 1.72643518 -0.393129349 1 1 1
v -1.34280562 1.87299204 -0.393279135 1 1 1
v -1.3756274 1.91920388 -0.424738944 1 1 1
v -1.37459636 1.87720728 -0.479856253 1 1 1
v -1.37500107 1.85532904 -0.483243465 1 1 1
v -1.37557316 1.83396053 -0.483302176 1 1 1
v -1.37484336 1.92107689 -0.446758687 1 1 1
v -1.37500811 1.91270554 -0.45169279 1 1 1
v -1.38581753 1.66166377 -0.380263448 1 1 1
v -1.38409269 1.64767981 -0.418885946 1 1 1
v -1.38248277 1.68287981 -0.431058198 1 1 1
v -1.38423014 1.66634738 -0.407122195 1 1 1
v -1.29709029 1.63727617 -0.440956026 1 1 1
v -1.30896199 1.6890403 -0.454512417 1 1 1
v -1.36633515 1.73281729 -0.45210728 1 1 1
v -1.35471463 1.65110636 -0.428622067 1 1 1
v -1.26789296 1.72334111 -0.427734494 1 1 1
v -1.25540316 1.72290063 -0.407355756 1 1 1
v -1.29175055 1.63987291 -0.433344066 1 1 1
v -1.29456985 1.66695237 -0.448368937 1 1 1
v -1.28659296 1.69115865 -0.445267797 1 1 1
v 1.74676132 2.42787099 1.59591031 1 1 1
v 1.73853946 2.42732549 1.60016716 1 1 1
v 1.73969817 2.42741251 1.59231257 1 1 1
v 1.73207736 2.42568445 1.59371972 1 1 1
v 1.73630559 2.42521596 1.58547831 1 1 1
v 1.74538088 2.42656732 1.58683205 1 1 1
v 0.656863987 0.984131813 1.19414175 1 1 1
v 0.632497787 1.03410542 1.24338472 1 1 1
v 1.10520434 1.19814515 1.45542669 1 1 1
v 1.1222378 1.17604005 1.43180108 1 1 1
v 1.11093175 1.22801948 1.442366 1 1 1
v 0.635575473 1.04803252 1.23789656 1 1 1
v 0.645097196 1.05158067 1.24074543 1 1 1
v 0.666838467 1.07197356 1.24108648 1 1 1
v 0.692454398 1.10021305 1.23937595 1 1 1
v 1.55515015 1.35441613 1.70415497 1 1 1
v 1.5938611 1.33111072 1.67628086 1 1 1
v 1.52013922 1.39196277 1.66704512 1 1 1
v 1.125929 1.22175717 1.40761614 1 1 1
v 1.55517113 1.37526095 1.62345934 1 1 1
v 1.13302135 1.19077313 1.40135467 1 1 1
v 1.59337676 1.34441829 1.62705147 1 1 1
v 1.80796945 1.86704147 1.69465578 1 1 1
v 1.83728874 1.86085284 1.67463422 1 1 1
v 1.78061032 1.86986518 1.66652858 1 1 1
v 1.7994616 1.86480296 1.63503289 1 1 1
v 1.8331331 1.85966218 1.642941 1 1 1
v 1.73678076 2.42863941 1.61079419 1 1 1
v 1.75220442 2.42586255 1.59881413 1 1 1
v 1.72493327 2.42302632 1.59519303 1 1 1
v 1.73448038 2.42099428 1.58139706 1 1 1
v 1.75193036 2.42573595 1.5805006 1 1 1
v 0.720057249 1.09427714 1.19154394 1 1 1
v 0.707488596 1.09332824 1.16983998 1 1 1
v 0.70459187 1.0929755 1.16328442 1 1 1
v 0.700901747 1.09902573 1.23024774 1 1 1
v 0.722872436 1.09741163 1.23026299 1 1 1
v 0.698507726 1.06614721 1.15372598 1 1 1
v 0.690541863 1.020877 1.13894975 1 1 1
v 0.686314702 0.999733746 1.17824769 1 1 1
v 0.670626104 0.996827245 1.17613411 1 1 1
v 0.664645791 0.993671596 1.17933702 1 1 1
v 0.691809535 1.02009618 1.14111888 1 1 1
v 0.395585358 2.68923283 2.14828038 1 1 1
v 0.395617753 2.69095683 2.14098668 1 1 1
v 0.400756776 2.68935513 2.14448166 1 1 1
v 0.402463406 2.68951702 2.13829684 1 1 1
v 0.406661928 2.68690324 2.14392805 1 1 1
v 0.402411103 2.68672752 2.15009832 1 1 1
v 0.479127049 1.47792339 1.57324481 1 1 1
v 0.509319246 1.47739887 1.58331633 1 1 1
v 0.725965202 1.15112853 1.30337155 1 1 1
v 0.684883773 1.14183486 1.27748966 1 1 1
v 0.678132296 1.1500634 1.28731966 1 1 1
v 0.667817056 1.15171444 1.28657293 1 1 1
v 0.47223556 1.50263095 1.55464458 1 1 1
v 0.264308929 1.80415452 1.82603633 1 1 1
v 0.267136455 1.77994931 1.86844528 1 1 1
v 0.496508539 1.52192616 1.55582786 1 1 1
v 0.314978272 1.82556522 1.81077707 1 1 1
v 0.521827817 1.50080025 1.56987572 1 1 1
v 0.333659679 1.80339384 1.85573685 1 1 1
v 0.310356915 1.77974379 1.88677287 1 1 1
v 0.241335943 2.24418855 2.02184629 1 1 1
v 0.244025469 2.23444748 2.05020523 1 1 1
v 0.272257954 2.24381137 2.0123148 1 1 1
v 0.287277222 2.23409748 2.03645062 1 1 1
v 0.269598752 2.22932696 2.056916 1 1 1
v 0.387878269 2.69519138 2.1357913 1 1 1
v 0.390857965 2.68721533 2.15086675 1 1 1
v 0.404106677 2.68904114 2.13144064 1 1 1
v 0.410095453 2.68282342 2.14298153 1 1 1
v 0.404733419 2.68368149 2.1576736 1 1 1
v 0.657282948 1.16844642 1.29221666 1 1 1
v 0.656941414 1.18408203 1.27238798 1 1 1
v 0.648997843 1.20651996 1.26346958 1 1 1
v 0.676992536 1.2587086 1.28801394 1 1 1
v 0.649032295 1.20658672 1.26350141 1 1 1
v 0.688075423 1.25259066 1.30076861 1 1 1
v 0.696915567 1.25158978 1.33318698 1 1 1
v 0.708757102 1.24136055 1.3304956 1 1 1
v 0.72575438 1.22295594 1.30732524 1 1 1
v 0.734516144 1.21249485 1.29032898 1 1 1
v 0.747823894 1.20048189 1.28462183 1 1 1
v 0.678303003 1.25831378 1.29071629 1 1 1
v 0.749100327 1.19692135 1.28282678 1 1 1
v 0.413883358 1.66895366 -1.07578158 1 1 1
v 0.445386171 1.54325867 -1.00781298 1 1 1
v 0.322471052 1.46430039 -0.999514699 1 1 1
v 0.215002239 1.54119658 -1.0623548 1 1 1
v 0.271498144 1.66767931 -1.10949039 1 1 1
v 0.418764472 1.48725128 -1.0705601 1 1 1
v 0.367806077 1.44379175 -1.08491206 1 1 1
v 0.340242624 1.43010676 -1.07327139 1 1 1
v 0.452914029 1.52612484 -1.04476821 1 1 1
v 0.444702804 1.5084554 -1.06477654 1 1 1
v 0.441765219 1.60574877 -1.20080566 1 1 1
v 0.442678303 1.60084701 -1.19398391 1 1 1
v 0.448899895 1.5636524 -1.13287795 1 1 1
v 0.452500284 1.54289293 -1.10046411 1 1 1
v 0.320095152 1.59848666 -1.24004269 1 1 1
v 0.320825487 1.59856176 -1.23973 1 1 1
v 0.406951755 1.59306824 -1.23212087 1 1 1
v 0.408690929 1.59329271 -1.23128295 1 1 1
v 0.304470807 1.60330784 -1.23361993 1 1 1
v 0.226673156 1.5211674 -1.10481012 1 1 1
v 0.303848952 1.60253024 -1.23272192 1 1 1
v 0.260284752 1.49158859 -1.10329425 1 1 1
v 0.327219069 1.43879294 -1.08336461 1 1 1
v 0.280801773 1.47080112 -1.11522472 1 1 1
v 0.843822658 3.34990048 -3.0758338 1 1 1
v 0.854337692 3.34757304 -3.06306338 1 1 1
v 0.840220273 3.34954977 -3.06200528 1 1 1
v 0.845257878 3.34586287 -3.04914594 1 1 1
v 0.829131186 3.34713292 -3.05331469 1 1 1
v 0.82824415 3.34962869 -3.06980872 1 1 1
v 0.475715518 1.29495871 -1.56843579 1 1 1
v 0.534810245 1.33900428 -1.56144881 1 1 1
v 0.689718246 1.140329 -2.02547741 1 1 1
v 0.610378027 1.07524335 -2.04525614 1 1 1
v 0.520893276 1.39460468 -1.60711408 1 1 1
v 0.657320678 1.23977649 -2.04007268 1 1 1
v 0.449676871 1.39388919 -1.62612915 1 1 1
v 0.555912435 1.24216366 -2.07001615 1 1 1
v 0.417431206 1.33548057 -1.59376693 1 1 1
v 0.517659366 1.13190722 -2.07569265 1 1 1
v 0.815283537 1.26752651 -2.55810976 1 1 1
v 0.763403654 1.2196871 -2.60340977 1 1 1
v 0.781920433 1.33865678 -2.52182412 1 1 1
v 0.702654183 1.33256435 -2.5474453 1 1 1
v 0.684869528 1.26163971 -2.59826207 1 1 1
v 0.900368094 1.70676911 -2.89879227 1 1 1
v 0.857964694 1.68516898 -2.94570208 1 1 1
v 0.862950027 1.73520958 -2.85210013 1 1 1
v 0.793433011 1.73582757 -2.86280417 1 1 1
v 0.788005769 1.69955778 -2.93090749 1 1 1
v 0.881693661 2.24141169 -3.08257127 1 1 1
v 0.845230997 2.23170781 -3.12085795 1 1 1
v 0.851078391 2.25116682 -3.03672338 1 1 1
v 0.79983598 2.24632239 -3.05233264 1 1 1
v 0.798305511 2.23483706 -3.10225844 1 1 1
v 0.853277504 2.79340959 -3.14689398 1 1 1
v 0.827392638 2.79411721 -3.18144274 1 1 1
v 0.831894279 2.79300427 -3.10873795 1 1 1
v 0.79034543 2.79337454 -3.12237477 1 1 1
v 0.786350608 2.79408884 -3.16533899 1 1 1
v 0.860612869 3.34165525 -3.06429791 1 1 1
v 0.845139802 3.34469247 -3.08251882 1 1 1
v 0.854519308 3.34798598 -3.02510786 1 1 1
v 0.824572086 3.34046531 -3.05077744 1 1 1
v 0.822886527 3.34434581 -3.07395458 1 1 1
v 0.444702804 1.5084554 -1.06477654 1 1 1
v 0.452914029 1.52612484 -1.04476821 1 1 1
v 0.340242624 1.43010676 -1.07327139 1 1 1
v 0.367806077 1.44379175 -1.08491206 1 1 1
v 0.418764472 1.48725128 -1.0705601 1 1 1
v 0.448899895 1.5636524 -1.13287795 1 1 1
v 0.442678303 1.60084701 -1.19398391 1 1 1
v 0.441765219 1.60574877 -1.20080566 1 1 1
v 0.452500284 1.54289293 -1.10046411 1 1 1
v 0.408690929 1.59329271 -1.23128295 1 1 1
v 0.406951755 1.59306824 -1.23212087 1 1 1
v 0.320825487 1.59856176 -1.23973 1 1 1
v 0.320095152 1.59848666 -1.24004269 1 1 1
v 0.304470807 1.60330784 -1.23361993 1 1 1
v 0.226673156 1.5211674 -1.10481012 1 1 1
v 0.303848952 1.60253024 -1.23272192 1 1 1
v 0.260284752 1.49158859 -1.10329425 1 1 1
v 0.280801773 1.47080112 -1.11522472 1 1 1
v 0.327219069 1.43879294 -1.08336461 1 1 1
v 0.623896182 2.51844883 -1.68925011 1 1 1
v 0.600539625 2.44849062 -1.75502586 1 1 1
v 0.511681557 2.41248822 -1.73106325 1 1 1
v 0.480120599 2.46019578 -1.65047753 1 1 1
v 0.549473107 2.52568316 -1.62463558 1 1 1
v 0.499233812 2.43256998 -1.74764848 1 1 1
v 0.549002528 2.52834225 -1.81907058 1 1 1
v 0.525765777 2.48237038 -1.78451788 1 1 1
v 0.547546685 2.53759122 -1.81856668 1 1 1
v 0.518173695 2.67544365 -1.82359564 1 1 1
v 0.518624544 2.6622541 -1.82734156 1 1 1
v 0.521392047 2.65100145 -1.82628858 1 1 1
v 0.537878156 2.58046484 -1.82122564 1 1 1
v 0.506729126 2.59283829 -1.68223953 1 1 1
v 0.510904372 2.62424874 -1.73369694 1 1 1
v 0.507104635 2.64581633 -1.76226759 1 1 1
v 0.508198738 2.64701676 -1.7651819 1 1 1
v 0.466428101 2.48315048 -1.67002976 1 1 1
v 0.477578729 2.51246333 -1.67343879 1 1 1
v 0.477999896 2.46581841 -1.7374227 1 1 1
v 0.473487437 2.47245884 -1.71900415 1 1 1
v 0.465503663 2.48415518 -1.67739809 1 1 1
v 0.60070771 2.88701987 -1.78863609 1 1 1
v 0.649204075 2.84619117 -1.80081594 1 1 1
v 0.658760905 2.83550882 -1.80701566 1 1 1
v 0.64408493 2.80090785 -1.87099934 1 1 1
v 0.575628042 2.82789111 -1.89797676 1 1 1
v 0.548819423 2.88111138 -1.84707344 1 1 1
v 0.659038007 2.8358984 -1.80751193 1 1 1
v 0.673316658 2.85674739 -1.82813263 1 1 1
v 0.667004764 2.84130216 -1.85929799 1 1 1
v 0.664009452 2.83321476 -1.87898827 1 1 1
v 0.654738128 2.81710362 -1.88209593 1 1 1
v 0.633617997 2.93578744 -1.82336986 1 1 1
v 0.666141808 3.01600909 -1.90781939 1 1 1
v 0.669284642 3.00598383 -1.88786697 1 1 1
v 0.647186339 2.96542621 -1.85244954 1 1 1
v 0.656874299 3.03977728 -1.9576503 1 1 1
v 0.660498798 3.04084945 -1.954615 1 1 1
v 0.607650161 2.87577915 -1.93099892 1 1 1
v 0.622542858 2.91660476 -1.94173217 1 1 1
v 0.651542485 3.02008128 -1.95580423 1 1 1
v 0.640265524 2.84744692 -1.90627682 1 1 1
v 0.622470677 2.87319374 -1.92733765 1 1 1
v 0.547495723 3.24238539 -2.01125741 1 1 1
v 0.542988479 3.25271368 -2.01054931 1 1 1
v 0.529881358 3.26142573 -1.9815942 1 1 1
v 0.524797738 3.2709291 -1.97808921 1 1 1
v 0.531662345 3.24601102 -1.96636617 1 1 1
v 0.547112525 3.20906711 -1.96806407 1 1 1
v 0.559636652 3.21662283 -2.01576114 1 1 1
v 0.524329066 3.40484023 -2.01386309 1 1 1
v 0.539744556 3.3006556 -2.01797628 1 1 1
v 0.54602319 3.28509665 -2.01873326 1 1 1
v 0.566264212 3.21970487 -2.02169418 1 1 1
v 0.61250788 3.2392931 -2.0226841 1 1 1
v 0.612558246 3.23971701 -2.02267146 1 1 1
v 0.512702167 3.47520113 -2.01104164 1 1 1
v 0.511163771 3.4548645 -2.01168132 1 1 1
v 0.554604709 3.4187777 -1.9621501 1 1 1
v 0.537211955 3.43988967 -1.98282385 1 1 1
v 0.520918071 3.46474361 -1.9984957 1 1 1
v 0.612756073 3.23939085 -2.02253056 1 1 1
v 0.63050133 3.24438977 -1.96984959 1 1 1
v 0.589964151 3.2256577 -1.93608975 1 1 1
v 0.566295385 3.28179502 -1.93118978 1 1 1
v 0.543789029 3.27130365 -1.95097113 1 1 1
v 0.549362242 3.27236557 -1.94715023 1 1 1
v 0.182277575 6.74674225 -2.52542353 1 1 1
v 0.18394205 6.74699211 -2.52063298 1 1 1
v 0.1798397 6.74621868 -2.52185798 1 1 1
v 0.180172175 6.74549055 -2.51758218 1 1 1
v 0.176177889 6.74431229 -2.52048635 1 1 1
v 0.177478984 6.74508619 -2.52533221 1 1 1
v 0.509422839 4.18241596 -2.19546938 1 1 1
v 0.491251022 4.16880941 -2.19055223 1 1 1
v 0.530012488 3.63436222 -2.07836437 1 1 1
v 0.531501651 3.63455915 -2.07840228 1 1 1
v 0.530675292 3.69291329 -2.08933496 1 1 1
v 0.53207022 3.69401002 -2.0895412 1 1 1
v 0.534134388 3.69400406 -2.08954167 1 1 1
v 0.552750468 3.70144033 -2.09094763 1 1 1
v 0.554432929 3.70153427 -2.09096646 1 1 1
v 0.513304651 4.19038153 -2.17633581 1 1 1
v 0.480231434 4.6795187 -2.28653789 1 1 1
v 0.478702903 4.66893864 -2.32402253 1 1 1
v 0.497656137 4.1931181 -2.16379261 1 1 1
v 0.45578602 4.68577623 -2.26543164 1 1 1
v 0.483571231 4.18620253 -2.17531729 1 1 1
v 0.433981121 4.6795702 -2.28762746 1 1 1
v 0.441997498 4.67225695 -2.3130579 1 1 1
v 0.510571659 5.19176912 -2.44100809 1 1 1
v 0.498011172 5.18508387 -2.46850848 1 1 1
v 0.483581752 5.19430161 -2.42626238 1 1 1
v 0.465580612 5.18975115 -2.44369054 1 1 1
v 0.469980389 5.18434381 -2.46808577 1 1 1
v 0.441711515 5.71352863 -2.52563405 1 1 1
v 0.439076364 5.71081018 -2.54968834 1 1 1
v 0.425593197 5.71275139 -2.51365328 1 1 1
v 0.40893662 5.70955276 -2.52493882 1 1 1
v 0.410324037 5.70712185 -2.55120468 1 1 1
v 0.393125534 6.24990988 -2.5435977 1 1 1
v 0.362561047 6.24267912 -2.56899285 1 1 1
v 0.354048789 6.24041891 -2.54227138 1 1 1
v 0.337673426 6.23662853 -2.55015707 1 1 1
v 0.347244501 6.23897409 -2.5646863 1 1 1
v 0.191657811 6.75008106 -2.51806951 1 1 1
v 0.188712776 6.75460243 -2.53745914 1 1 1
v 0.180129886 6.74615765 -2.50773335 1 1 1
v 0.170670673 6.74144506 -2.5184238 1 1 1
v 0.173667014 6.74352932 -2.53081083 1 1 1
v 0.560450852 3.70539331 -2.07553983 1 1 1
v 0.561312556 3.70635438 -2.07287335 1 1 1
v 0.561614871 3.70648766 -2.07197452 1 1 1
v 0.563288569 3.7072258 -2.0669961 1 1 1
v 0.564965367 3.70522952 -2.06249547 1 1 1
v 0.565908134 3.70647311 -2.05954409 1 1 1
v 0.564578593 3.70783472 -2.05845356 1 1 1
v 0.564154863 3.70887899 -2.0583117 1 1 1
v 0.562598407 3.70949078 -2.05670381 1 1 1
v 0.561203361 3.70969653 -2.05533934 1 1 1
v 0.550231993 3.71125102 -2.04754591 1 1 1
v 0.54692018 3.71094322 -2.04499221 1 1 1
v 0.537962794 3.71011066 -2.0380857 1 1 1
v 0.534018934 3.70976138 -2.0436213 1 1 1
v 0.526321113 3.70852828 -2.04905319 1 1 1
v 0.523184538 3.70727086 -2.05118966 1 1 1
v 0.515304029 3.70411134 -2.05655789 1 1 1
v 0.514459074 3.70325232 -2.05708075 1 1 1
v 0.511902094 3.70340633 -2.05894232 1 1 1
v 0.511396706 3.7033124 -2.05929756 1 1 1
v 0.537638307 3.71014833 -2.03860831 1 1 1
v 0.518268466 3.69559216 -2.08085489 1 1 1
v 0.519171953 3.69351172 -2.08247995 1 1 1
v 0.52965939 3.63452291 -2.07727861 1 1 1
v 0.514967203 3.7011342 -2.0734942 1 1 1
v 0.516559839 3.69845319 -2.0770402 1 1 1
v -0.557661772 0.51352644 0.687338233 1 1 1
v -0.519148886 0.398859531 0.632119954 1 1 1
v -0.565350533 0.328891724 0.67508471 1 1 1
v -0.646327794 0.342282891 0.765645802 1 1 1
v -0.663170099 0.353744745 0.78545469 1 1 1
v -0.646671891 0.485644072 0.782104433 1 1 1
v -0.589985251 0.406250149 0.573166311 1 1 1
v -0.593365967 0.395756602 0.582160294 1 1 1
v -0.606226206 0.365115613 0.606274426 1 1 1
v -0.586939752 0.343265504 0.643921554 1 1 1
v -0.566633284 0.328547329 0.674537718 1 1 1
v -0.62765938 0.517278731 0.625571966 1 1 1
v -0.62393111 0.494154334 0.610701203 1 1 1
v -0.611920536 0.444178551 0.582219243 1 1 1
v -0.715650141 0.489806622 0.714752734 1 1 1
v -0.659043431 0.507456541 0.654933751 1 1 1
v -0.710167944 0.373688996 0.737658083 1 1 1
v -0.717464387 0.379873157 0.729790151 1 1 1
v -0.722677171 0.448874563 0.714810014 1 1 1
v -0.723467946 0.454240352 0.713276803 1 1 1
v -0.682537317 0.356347382 0.766572177 1 1 1
v -0.646295607 0.342001438 0.764626622 1 1 1
v -0.856579483 1.23850703 1.26667154 1 1 1
v -0.870707631 1.22124696 1.23328125 1 1 1
v -0.902969241 1.1995132 1.24324393 1 1 1
v -0.906184971 1.20163155 1.26513064 1 1 1
v -0.872984707 1.23079133 1.28800547 1 1 1
v -0.912693083 1.27794361 1.22208238 1 1 1
v -0.929085553 1.26776946 1.22689736 1 1 1
v -0.929050565 1.25344563 1.23096621 1 1 1
v -0.927348256 1.23269606 1.23649859 1 1 1
v -0.92755872 1.33300781 1.24708033 1 1 1
v -0.873215795 1.23086619 1.28814828 1 1 1
v -0.886701167 1.24042284 1.29202616 1 1 1
v -0.913156152 1.27247798 1.28820145 1 1 1
v -0.913774073 1.27318728 1.28814602 1 1 1
v -0.921490669 1.28367329 1.28605461 1 1 1
v -0.937245965 1.31129801 1.27644503 1 1 1
v -0.938565552 1.3135705 1.27567565 1 1 1
v -0.939571559 1.33868599 1.25500071 1 1 1
v -0.939550281 1.33882868 1.25485909 1 1 1
v -0.918089211 1.27447724 1.28637791 1 1 1
v -0.90661031 1.20219958 1.26512253 1 1 1
v -0.928238809 1.23271573 1.24827695 1 1 1
v -0.920702338 1.22210431 1.25392473 1 1 1
vt 1 0 0
vt 1 0.321864575 0
vt 0.888851225 0.321864575 0
vt 0.888851225 0 0
vt 0.777752757 0.321864575 0
vt 0.777752757 0 0
vt 0.666630566 0.321864575 0
vt 0.666630566 0 0
vt 0.555557072 0.321864575 0
vt 0.555557072 0 0
vt 0.444443464 0.321864575 0
vt 0.444443464 0 0
vt 0.333369911 0.321864575 0
vt 0.333369911 0 0
vt 0.222247541 0.321864575 0
vt 0.222247541 0 0
vt 0.111148894 0.321864575 0
vt 0.111148894 0 0
vt 0 0.321864575 0
vt 0 0 0
vt 1 1 0
vt 0.888851225 1 0
vt 0.777752757 1 0
vt 0.666630566 1 0
vt 0.555557072 1 0
vt 0.444443464 1 0
vt 0.333369911 1 0
vt 0.222247541 1 0
vt 0.111148894 1 0
vt 0 1 0
vt 0.0600308329 0.222421497 0
vt 0.138105005 0.267624766 0
vt 0.0887958035 0.549078226 0
vt 0 0.564644575 0
vt 0.230927393 0.796832502 0
vt 0.172880992 0.865896285 0
vt 0.499373496 0.894573569 0
vt 0.499297559 0.984777153 0
vt 0.767902732 0.797379315 0
vt 0.825824678 0.866569519 0
vt 0.911053598 0.550166368 0
vt 0.999893188 0.565957785 0
vt 0.861685634 0.268890232 0
vt 0.939882934 0.22392866 0
vt 0.643295825 0.0847207308 0
vt 0.674294233 0 0
vt 0.35766685 0.0847669393 0
vt 0.326982141 0 0
vt 0.294239014 0.358037829 0
vt 0.266252667 0.517950118 0
vt 0.346983492 0.658709168 0
vt 0.499501735 0.714225709 0
vt 0.652056217 0.659015 0
vt 0.733385265 0.518566787 0
vt 0.70533365 0.358771354 0
vt 0.581268966 0.254127324 0
vt 0.418996841 0.254172325 0
vt 0.499660105 0.476994574 0
vt 1 0.509705365 0
vt 1 1.16560197 0
vt 0.888851166 1.16560197 0
vt 0.888851166 0.509705365 0
vt 0.777752638 1.16560197 0
vt 0.777752638 0.509705365 0
vt 0.666630566 1.16560197 0
vt 0.666630566 0.509705365 0
vt 0.555557013 1.16560197 0
vt 0.555557013 0.509705365 0
vt 0.444443405 1.16560197 0
vt 0.444443405 0.509705365 0
vt 0.333369911 1.16560197 0
vt 0.333369911 0.509705365 0
vt 0.222247541 1.16560197 0
vt 0.222247541 0.509705365 0
vt 0.111148894 1.16560197 0
vt 0.111148894 0.509705365 0
vt 0 1.16560197 0
vt 0 0.509705365 0
vt 1 2.1496675 0
vt 0.888851166 2.1496675 0
vt 0.777752638 2.1496675 0
vt 0.666630566 2.1496675 0
vt 0.555557013 2.1496675 0
vt 0.444443405 2.1496675 0
vt 0.333369911 2.1496675 0
vt 0.222247541 2.1496675 0
vt 0.111148894 2.1496675 0
vt 0 2.1496675 0
vt 1 4 0
vt 0.888851166 4 0
vt 0.777752638 4 0
vt 0.666630566 4 0
vt 0.555557013 4 0
vt 0.444443405 4 0
vt 0.333369911 4 0
vt 0.222247541 4 0
vt 0.111148894 4 0
vt 0 4 0
vt 0.888851166 0.287259459 0
vt 0.968399286 0.346743226 0
vt 1 0.362558305 0
vt 0.790816605 0.118074685 0
vt 0.822347164 0.210929304 0
vt 0.888851166 0.28725943 0
vt 0.777752638 0.105155639 0
vt 0.738387287 0.112601936 0
vt 0.666630566 0.187654987 0
vt 0.73364222 0.129305542 0
vt 0.555557013 0.213162854 0
vt 0.633366346 0.22064063 0
vt 0.485836148 0.166136354 0
vt 0.510201573 0.192228705 0
vt 0.444443405 0.171875104 0
vt 0.460388124 0.161457449 0
vt 0.46072942 0.161794931 0
vt 0.479780108 0.163229734 0
vt 0.333369911 0.21394226 0
vt 0.390744865 0.210066959 0
vt 0.272083938 0.208398581 0
vt 0.333369911 0.213942245 0
vt 0.222247541 0.150651455 0
vt 0.127646491 0.242983103 0
vt 0.199950919 0.154241383 0
vt 0.203829527 0.131690234 0
vt 0.204781786 0.130065456 0
vt 0.111148894 0.27119264 0
vt -5.14738074e-09 0.362558305 0
vt 0.0375707112 0.349693269 0
vt 1 0.583378136 0
vt 1 1.24767041 0
vt 0.888851166 1.24767041 0
vt 0.888851166 0.583378136 0
vt 0.777752638 1.24767041 0
vt 0.777752638 0.583378136 0
vt 0.666630566 1.24767041 0
vt 0.666630566 0.583378136 0
vt 0.555557013 1.24767041 0
vt 0.555557013 0.583378136 0
vt 0.444443405 1.24767041 0
vt 0.444443405 0.583378136 0
vt 0.333369911 1.24767041 0
vt 0.333369911 0.583378136 0
vt 0.222247541 1.24767041 0
vt 0.222247541 0.583378136 0
vt 0.111148894 1.24767041 0
vt 0.111148894 0.583378136 0
vt 0 1.24767041 0
vt 0 0.583378136 0
vt 1 2.007164 0
vt 0.888851166 2.007164 0
vt 0.777752638 2.007164 0
vt 0.666630566 2.007164 0
vt 0.555557013 2.007164 0
vt 0.444443405 2.007164 0
vt 0.333369911 2.007164 0
vt 0.222247541 2.007164 0
vt 0.111148894 2.007164 0
vt 0 2.007164 0
vt 1 2.89208794 0
vt 0.888851166 2.89208794 0
vt 0.777752638 2.89208794 0
vt 0.666630566 2.89208794 0
vt 0.555557013 2.89208794 0
vt 0.444443405 2.89208794 0
vt 0.333369911 2.89208794 0
vt 0.222247541 2.89208794 0
vt 0.111148894 2.89208794 0
vt 0 2.89208794 0
vt 1 3.98886919 0
vt 0.888851166 3.98886919 0
vt 0.777752638 3.98886919 0
vt 0.666630566 3.98886919 0
vt 0.555557013 3.98886919 0
vt 0.444443405 3.98886919 0
vt 0.333369911 3.98886919 0
vt 0.222247541 3.98886919 0
vt 0.111148894 3.98886919 0
vt 0 3.98886919 0
vt 1 5.49875641 0
vt 0.888851166 5.49875641 0
vt 0.777752638 5.49875641 0
vt 0.666630566 5.49875641 0
vt 0.555557013 5.49875641 0
vt 0.444443405 5.49875641 0
vt 0.333369911 5.49875641 0
vt 0.222247541 5.49875641 0
vt 0.111148894 5.49875641 0
vt 0 5.49875641 0
vt 1 8 0
vt 0.888851166 8 0
vt 0.777752638 8 0
vt 0.666630566 8 0
vt 0.555557013 8 0
vt 0.444443405 8 0
vt 0.333369911 8 0
vt 0.222247541 8 0
vt 0.111148894 8 0
vt 0 8 0
vt 0.900060177 0.08303985 0
vt 0.907602012 0.0917107388 0
vt 1 0.108679354 0
vt 0.888851166 0.0684261546 0
vt 0.779078662 0.0618652888 0
vt 0.777752697 0.0625224411 0
vt 0.719562173 0.200471342 0
vt 0.707948148 0.145777136 0
vt 0.742621124 0.103288397 0
vt 0.75696218 0.0994823426 0
vt 0.777752638 0.0625224411 0
vt 0.666630566 0.279496938 0
vt 0.680137157 0.27316308 0
vt 0.608111143 0.300115377 0
vt 0.555557013 0.381614953 0
vt 0.5587942 0.379346967 0
vt 0.602139294 0.298017353 0
vt 0.46323511 0.349235356 0
vt 0.555557013 0.381614983 0
vt 0.444443405 0.33709982 0
vt 0.45425272 0.336638987 0
vt 0.353119135 0.288398474 0
vt 0.441857785 0.335890651 0
vt 0.333369911 0.243069619 0
vt 0.336648583 0.245638907 0
vt 0.26636672 0.1880389 0
vt 0.333369881 0.243069619 0
vt 0.222247541 0.146727771 0
vt 0.263452411 0.177873954 0
vt 0.165203065 0.143291309 0
vt 0.197454333 0.168214977 0
vt 0.222247541 0.146727756 0
vt 0.111148879 0.122981198 0
vt 0.0262901857 0.127565742 0
vt 0.0326416083 0.131027296 0
vt 0.111148894 0.122981206 0
vt 8.99861186e-10 0.108679354 0
vt 1 0.586802304 0
vt 1 1.40278637 0
vt 0.888851166 1.40278637 0
vt 0.888851166 0.586802304 0
vt 0.777752638 1.40278637 0
vt 0.777752638 0.586802304 0
vt 0.666630566 1.40278637 0
vt 0.666630566 0.586802304 0
vt 0.555557013 1.40278637 0
vt 0.555557013 0.586802304 0
vt 0.444443405 1.40278637 0
vt 0.444443405 0.586802304 0
vt 0.333369911 1.40278637 0
vt 0.333369911 0.586802304 0
vt 0.222247541 1.40278637 0
vt 0.222247541 0.586802304 0
vt 0.111148894 1.40278637 0
vt 0.111148894 0.586802304 0
vt 0 1.40278637 0
vt 0 0.586802304 0
vt 1 3 0
vt 0.888851166 3 0
vt 0.777752638 3 0
vt 0.666630566 3 0
vt 0.555557013 3 0
vt 0.444443405 3 0
vt 0.333369911 3 0
vt 0.222247541 3 0
vt 0.111148894 3 0
vt 0 3 0
vt 0.959872246 0.164348438 0
vt 0.97764492 0.148150712 0
vt 1 0.154266536 0
vt 0.888851166 0.193262592 0
vt 0.830657661 0.207514882 0
vt 0.777752638 0.18150264 0
vt 0.666630626 0.166665196 0
vt 0.7065714 0.137977794 0
vt 0.714144588 0.155997112 0
vt 0.55747664 0.232162371 0
vt 0.580406725 0.215533227 0
vt 0.583660781 0.215405881 0
vt 0.591396689 0.213102251 0
vt 0.608603537 0.214716792 0
vt 0.666630566 0.166665196 0
vt 0.555557013 0.232196674 0
vt 0.508076489 0.213679239 0
vt 0.444443405 0.21500583 0
vt 0.493911147 0.220958948 0
vt 0.408349216 0.187048554 0
vt 0.333369941 0.0789782405 0
vt 0.347252011 0.0843995288 0
vt 0.3538149 0.111628398 0
vt 0.391752005 0.134220481 0
vt 0.291454405 0.0811102986 0
vt 0.333369911 0.0789782405 0
vt 0.222247541 0.0899853408 0
vt 0.23059997 0.0893007219 0
vt 0.281037509 0.0927249268 0
vt 0.290368736 0.0801137462 0
vt 0.111148909 0.174388379 0
vt 0.111614525 0.174357072 0
vt 0.122864284 0.164995193 0
vt 0.149997056 0.137197644 0
vt 0.222247556 0.0899853408 0
vt -4.69844741e-09 0.154266536 0
vt 0.111148894 0.174388379 0
vt 0.888851166 0.284279406 0
vt 0.99999994 0.331435084 0
vt 1 0.99999994 0
vt 0.888851166 0.99999994 0
vt 0.777752638 0.269629031 0
vt 0.811265111 0.248168871 0
vt 0.888851166 0.284279436 0
vt 0.777752638 0.99999994 0
vt 0.747476876 0.272013932 0
vt 0.777752638 0.269629061 0
vt 0.666630566 0.99999994 0
vt 0.666630566 0.307965457 0
vt 0.723529696 0.257240087 0
vt 0.597958386 0.325210035 0
vt 0.555557013 0.99999994 0
vt 0.555557013 0.259515584 0
vt 0.444443345 0.413091958 0
vt 0.45910579 0.395336807 0
vt 0.525813341 0.231917515 0
vt 0.555557013 0.259515554 0
vt 0.444443405 0.99999994 0
vt 0.333369911 0.471095413 0
vt 0.444443315 0.413091928 0
vt 0.333369911 0.99999994 0
vt 0.26472652 0.465982914 0
vt 0.222247541 0.99999994 0
vt 0.222247541 0.415956736 0
vt 0.151108995 0.334980071 0
vt 0.222247526 0.415956736 0
vt 0.111148894 0.99999994 0
vt 0.111148901 0.278244972 0
vt 0.11615251 0.267732173 0
vt 0.149643153 0.326341778 0
vt 0.0169347432 0.332721949 0
vt 0.111148946 0.278244972 0
vt 0 0.99999994 0
vt -1.91355838e-08 0.331435114 0
vt 1 0.518238187 0
vt 1 1.164487 0
vt 0.888851166 1.164487 0
vt 0.888851166 0.518238187 0
vt 0.777752638 1.164487 0
vt 0.777752638 0.518238187 0
vt 0.666630566 1.164487 0
vt 0.666630566 0.518238187 0
vt 0.555557013 1.164487 0
vt 0.555557013 0.518238187 0
vt 0.444443405 1.164487 0
vt 0.444443405 0.526616395 0
vt 0.458732784 0.518238246 0
vt 0.333369911 0.518238187 0
vt 0.333369911 1.164487 0
vt 0.222247541 1.164487 0
vt 0.222247541 0.518238187 0
vt 0.111148894 1.164487 0
vt 0.111148894 0.518238187 0
vt 0 1.164487 0
vt 0 0.518238187 0
vt 1 1.98046422 0
vt 0.888851166 1.98046422 0
vt 0.777752638 1.98046422 0
vt 0.666630566 1.98046422 0
vt 0.555557013 1.98046422 0
vt 0.444443405 1.98046422 0
vt 0.333369911 1.98046422 0
vt 0.222247541 1.98046422 0
vt 0.111148894 1.98046422 0
vt 0 1.98046422 0
vt 1 3.07749033 0
vt 0.888851166 3.07749033 0
vt 0.777752638 3.07749033 0
vt 0.666630566 3.07749033 0
vt 0.555557013 3.07749033 0
vt 0.444443405 3.07749033 0
vt 0.333369911 3.07749033 0
vt 0.222247541 3.07749033 0
vt 0.111148894 3.07749033 0
vt 0 3.07749033 0
vt 1 5 0
vt 0.888851166 5 0
vt 0.777752638 5 0
vt 0.666630566 5 0
vt 0.555557013 5 0
vt 0.444443405 5 0
vt 0.333369911 5 0
vt 0.222247541 5 0
vt 0.111148894 5 0
vt 0 5 0
vt 0.920175731 0.133038372 0
vt 0.984817743 0.11379455 0
vt 1 0.120101795 0
vt 0.888851225 0.127430037 0
vt 0.896039307 0.131493434 0
vt 0.777752638 0.162878573 0
vt 0.785759211 0.156901315 0
vt 0.888851166 0.127430037 0
vt 0.710425973 0.21778962 0
vt 0.666630626 0.255600572 0
vt 0.706380308 0.218738168 0
vt 0.584186614 0.322819859 0
vt 0.594975829 0.291126937 0
vt 0.606704116 0.293412626 0
vt 0.659640789 0.262309581 0
vt 0.666630566 0.255600572 0
vt 0.555557013 0.386950254 0
vt 0.573086977 0.33851397 0
vt 0.458732754 0.518238187 0
vt 0.496252388 0.489521861 0
vt 0.333369911 0.428359598 0
vt 0.38229996 0.501280308 0
vt 0.422503382 0.518238187 0
vt 0.222247556 0.137162864 0
vt 0.248345375 0.113324694 0
vt 0.251769811 0.125377804 0
vt 0.260448158 0.306310505 0
vt 0.111148871 0.18352133 0
vt 0.191588029 0.178220361 0
vt 0.222247571 0.137162864 0
vt 0.0697631985 0.175136462 0
vt 0.111148886 0.18352133 0
vt 3.1049785e-09 0.120101795 0
vt 0.444443434 0.526616454 0
vt 1 0.642946303 0
vt 1 1.38291752 0
vt 0.888851166 1.38291752 0
vt 0.888851166 0.642946303 0
vt 0.777752638 1.38291752 0
vt 0.777752638 0.642946303 0
vt 0.666630566 1.38291752 0
vt 0.666630566 0.642946303 0
vt 0.555557013 1.38291752 0
vt 0.555557013 0.642946303 0
vt 0.222247541 0.642946303 0
vt 0.222247541 1.38291752 0
vt 0.111148894 1.38291752 0
vt 0.111148894 0.642946303 0
vt 0 1.38291752 0
vt 0 0.642946303 0
vt 1 2.24528241 0
vt 0.888851166 2.24528241 0
vt 0.777752638 2.24528241 0
vt 0.666630566 2.24528241 0
vt 0.555557013 2.24528241 0
vt 0.444443405 2.24528241 0
vt 0.444443405 1.38291752 0
vt 0.333369911 2.24528241 0
vt 0.333369911 1.38291752 0
vt 0.222247541 2.24528241 0
vt 0.111148894 2.24528241 0
vt 0 2.24528241 0
vt 1 3.26443577 0
vt 0.888851166 3.26443577 0
vt 0.777752638 3.26443577 0
vt 0.666630566 3.26443577 0
vt 0.555557013 3.26443577 0
vt 0.444443405 3.26443577 0
vt 0.333369911 3.26443577 0
vt 0.222247541 3.26443577 0
vt 0.111148894 3.26443577 0
vt 0 3.26443577 0
vt 1 4.54656219 0
vt 0.888851166 4.54656219 0
vt 0.777752638 4.54656219 0
vt 0.666630566 4.54656219 0
vt 0.555557013 4.54656219 0
vt 0.444443405 4.54656219 0
vt 0.333369911 4.54656219 0
vt 0.222247541 4.54656219 0
vt 0.111148894 4.54656219 0
vt 0 4.54656219 0
vt 1 6.25035381 0
vt 0.888851166 6.25035381 0
vt 0.777752638 6.25035381 0
vt 0.666630566 6.25035381 0
vt 0.555557013 6.25035381 0
vt 0.444443405 6.25035381 0
vt 0.333369911 6.25035381 0
vt 0.222247541 6.25035381 0
vt 0.111148894 6.25035381 0
vt 0 6.25035381 0
vt 1 9 0
vt 0.888851166 9 0
vt 0.777752638 9 0
vt 0.666630566 9 0
vt 0.555557013 9 0
vt 0.444443405 9 0
vt 0.333369911 9 0
vt 0.222247541 9 0
vt 0.111148894 9 0
vt 0 9 0
vt 0.970262408 0.0792355984 0
vt 0.980540633 0.0626675561 0
vt 1 0.0559381768 0
vt 0.888851166 0.270027101 0
vt 0.777752638 0.498684734 0
vt 0.832022071 0.418370396 0
vt 0.888851166 0.270027131 0
vt 0.666630566 0.477336496 0
vt 0.702814639 0.517189622 0
vt 0.717264771 0.527556658 0
vt 0.738883853 0.519741476 0
vt 0.777752638 0.498684704 0
vt 0.555557013 0.551753819 0
vt 0.598011494 0.295319825 0
vt 0.607481956 0.352995455 0
vt 0.553668976 0.626949668 0
vt 0.555556953 0.551753819 0
vt 0.552474201 0.642946303 0
vt 0.222247541 0.402517527 0
vt 0.239139408 0.423332185 0
vt 0.269211948 0.642946243 0
vt 0.159254238 0.287013531 0
vt 0.222247526 0.402517527 0
vt 0.111148886 0.111442253 0
vt 0.129845649 0.111806028 0
vt 0.139148638 0.138595581 0
vt 0.141039982 0.140594065 0
vt 0.0408087783 0.0914055035 0
vt 0.111148894 0.111442253 0
vt 7.90950239e-09 0.0559381731 0
vt 0.000471605337 0.0557382964 0
vt 0.444443405 0.958067656 0
vt 0.452773571 0.955764413 0
vt 0.550341487 0.762443781 0
vt 0.333369911 0.852484643 0
vt 0.269211948 0.642946303 0
vt 0.270543516 0.652450204 0
vt 0.308380127 0.816283345 0
vt 1 0.624441087 0
vt 1 1.99999988 0
vt 0.888851166 1.99999988 0
vt 0.888851166 0.624441087 0
vt 0.777752638 1.99999988 0
vt 0.777752638 0.650368333 0
vt 0.780219734 0.624441028 0
vt 0.333369911 0.624441087 0
vt 0.333369911 1.99999988 0
vt 0.222247541 1.99999988 0
vt 0.222247541 0.624441087 0
vt 0.111148894 1.99999988 0
vt 0.111148894 0.624441087 0
vt 0 1.99999988 0
vt 0 0.624441087 0
vt 0.888851166 0.381316185 0
vt 0.952190042 0.196917325 0
vt 0.968623459 0.165955499 0
vt 1 0.194422752 0
vt 0.814583063 0.560128868 0
vt 0.780219674 0.624441087 0
vt 0.788838148 0.588431478 0
vt 0.336829662 0.366364092 0
vt 0.436307132 0.624441147 0
vt 0.333369911 0.297370464 0
vt 0.337202549 0.292715609 0
vt 0.271021336 0.350007027 0
vt 0.222247541 0.371537387 0
vt 0.116650328 0.313252747 0
vt 0.188178599 0.373413861 0
vt 0.111148901 0.291159481 0
vt 0.00187947613 0.195793018 0
vt 0.0501050763 0.162632063 0
vt 0.111148894 0.291159511 0
vt 9.92998017e-10 0.194422752 0
vt 0.769608021 0.692112863 0
vt 0.666630566 1.99999988 0
vt 0.666630566 0.997492909 0
vt 0.555557013 1.11355758 0
vt 0.565499842 1.11865628 0
vt 0.666630507 0.997492909 0
vt 0.555557013 1.99999988 0
vt 0.444443405 1.99999988 0
vt 0.444443375 0.662509203 0
vt 0.436307102 0.624441266 0
vt 0.444443345 0.662509203 0
vt 0.777752638 0.630489528 0
vt 0.777752638 1.3529712 0
vt 0.666630566 1.3529712 0
vt 0.666630566 0.630489528 0
vt 0.555557013 1.3529712 0
vt 0.555557013 0.630489528 0
vt 0.444443405 1.3529712 0
vt 0.444443405 0.630489528 0
vt 0.333369911 1.3529712 0
vt 0.333369911 0.630489528 0
vt 0.222247541 1.3529712 0
vt 0.222247541 0.630489528 0
vt 0.111148894 1.3529712 0
vt 0.111148894 0.797665477 0
vt 0.159960076 0.630489588 0
vt 1 1.3529712 0
vt 1 2.1880877 0
vt 0.888851166 2.1880877 0
vt 0.888851166 1.3529712 0
vt 0.777752638 2.1880877 0
vt 0.666630566 2.1880877 0
vt 0.555557013 2.1880877 0
vt 0.444443405 2.1880877 0
vt 0.333369911 2.1880877 0
vt 0.222247541 2.1880877 0
vt 0.111148894 2.1880877 0
vt 0 2.1880877 0
vt 0 1.3529712 0
vt 1 3.17440438 0
vt 0.888851166 3.17440438 0
vt 0.777752638 3.17440438 0
vt 0.666630566 3.17440438 0
vt 0.555557013 3.17440438 0
vt 0.444443405 3.17440438 0
vt 0.333369911 3.17440438 0
vt 0.222247541 3.17440438 0
vt 0.111148894 3.17440438 0
vt 0 3.17440438 0
vt 1 4.40905142 0
vt 0.888851166 4.40905142 0
vt 0.777752638 4.40905142 0
vt 0.666630566 4.40905142 0
vt 0.555557013 4.40905142 0
vt 0.444443405 4.40905142 0
vt 0.333369911 4.40905142 0
vt 0.222247541 4.40905142 0
vt 0.111148894 4.40905142 0
vt 0 4.40905142 0
vt 1 6.13664722 0
vt 0.888851166 6.13664722 0
vt 0.777752638 6.13664722 0
vt 0.666630566 6.13664722 0
vt 0.555557013 6.13664722 0
vt 0.444443405 6.13664722 0
vt 0.333369911 6.13664722 0
vt 0.222247541 6.13664722 0
vt 0.111148894 6.13664722 0
vt 0 6.13664722 0
vt 0.777752638 0.251268327 0
vt 0.787018895 0.27251482 0
vt 0.81536144 0.552988291 0
vt 0.832623065 0.630489469 0
vt 0.725286245 0.233235002 0
vt 0.759775162 0.214569837 0
vt 0.666630566 0.211601824 0
vt 0.680961668 0.202164665 0
vt 0.684597552 0.223428294 0
vt 0.555557013 0.240403041 0
vt 0.55829668 0.244266063 0
vt 0.666630566 0.211601809 0
vt 0.507772565 0.14705655 0
vt 0.444443405 0.222006097 0
vt 0.465971917 0.171076387 0
vt 0.333369911 0.600194514 0
vt 0.341180921 0.600284159 0
vt 0.403986454 0.441219628 0
vt 0.405740798 0.427153975 0
vt 0.444443405 0.222006112 0
vt 0.222247541 0.441809088 0
vt 0.277703434 0.551842511 0
vt 0.162368268 0.622217536 0
vt 0.208594263 0.392051876 0
vt 0.214471608 0.419552147 0
vt 0.2169379 0.428329229 0
vt 0.888851225 0.76365912 0
vt 1 0.963126779 0
vt 0.837251842 0.649515092 0
vt 0.888851166 0.76365906 0
vt 0.00809706841 0.96611923 0
vt 0.099730067 0.84229064 0
vt 2.97748959e-09 0.963126779 0
vt 0.666630507 0.115672708 0
vt 0.555557013 0.169668183 0
vt 0.569884598 0.167098463 0
vt 0.575166702 0.157169402 0
vt 0.625473082 0.157542035 0
vt 0.654907405 0.125673428 0
vt 0.666630566 0.115672708 0
vt 0.49849987 0.172214359 0
vt 0.521610141 0.165525943 0
vt 0.555557013 0.15702416 0
vt 0.552710414 0.157397568 0
vt 0.445581138 0.146815687 0
vt 0.467036784 0.157113478 0
vt 0.444443405 0.146277234 0
vt 0.445091397 0.146580637 0
vt 0.36558184 0.126963496 0
vt 0.333369911 0.0910293609 0
vt 0.226029575 0.0954466313 0
vt 0.222247541 0.10026475 0
vt 0.682534218 0.17691958 0
vt 0.666630566 0.201815069 0
vt 0.678380132 0.187826812 0
vt 0.676066637 0.185113281 0
vt 0.678698897 0.181301191 0
vt 0.609351218 0.287049413 0
vt 0.612715364 0.284093291 0
vt 0.621254325 0.269996971 0
vt 0.624757409 0.268034101 0
vt 0.658570528 0.213790551 0
vt 0.675719023 0.184705496 0
vt 0.666630566 0.198779076 0
vt 0.666630566 0.195088476 0
vt 0.625874579 0.262369782 0
vt 0.666630566 0.195088461 0
vt 0.777752697 0.0617108978 0
vt 0.777752638 0.0617108978 0
vt 0.568849981 0.298943073 0
vt 0.596577168 0.296258628 0
vt 0.596761346 0.296128005 0
vt 0.555557013 0.313732237 0
vt 0.516671181 0.336520016 0
vt 0.608461022 0.287830412 0
vt 0.333369911 0.237127036 0
vt 0.742928565 0.113913171 0
vt 0.721214831 0.118640862 0
vt 0.7617535 0.0917319059 0
vt 0.957878172 0.144694373 0
vt 0.974193811 0.14720659 0
vt 0.888851106 0.0826825872 0
vt 0.915948927 0.10201066 0
vt 0.777752638 0.0688666701 0
vt 0.781448066 0.0671171248 0
vt 0.786761463 0.0819212496 0
vt 0.888851166 0.0826825872 0
vt 0.707038403 0.137642384 0
vt 0.7111094 0.125352651 0
vt 0.769134998 0.0869043022 0
vt 0.771910071 0.0772165433 0
vt 0.703413606 0.130464047 0
vt 0.777752578 0.0568210445 0
vt 0.777752638 0.0568210445 0
vt 0.666630566 0.155025452 0
vt 0.677025318 0.14799054 0
vt 0.617477775 0.205335662 0
vt 0.555557013 0.216505706 0
vt 0.509063244 0.213272527 0
vt 0.444443405 0.162760124 0
vt 0.466003567 0.180642426 0
vt 0.490097046 0.207450196 0
vt 0.45887655 0.198433772 0
vt 0.444443405 0.175410241 0
vt 0.423101902 0.152201623 0
vt 0.444443434 0.175410241 0
vt 0.49469173 0.212562472 0
vt 0.506543219 0.213148013 0
vt 0.333369911 0.0268035159 0
vt 0.333369941 0.0268035159 0
vt 0.777752638 0.158858776 0
vt 0.590022087 0.290300071 0
vt 0.444443405 0.267895997 0
vt 0.444443405 0.261644632 0
vt 0.483608842 0.254692167 0
vt 0.48743403 0.255097866 0
vt 0.493356049 0.263681859 0
vt 0.453537941 0.270600259 0
vt 0.438747585 0.264929086 0
vt 0.444443405 0.261644661 0
vt 0.555557013 0.288048178 0
vt 0.555924237 0.288072228 0
vt 0.564143538 0.285980344 0
vt 0.555557013 0.363300025 0
vt 0.444443405 0.406131268 0
vt 0.51123035 0.288500726 0
vt 0.48543486 0.42903921 0
vt 0.359546095 0.301030248 0
vt 0.344639242 0.248050839 0
vt 0.353750914 0.262463987 0
vt 0.385887027 0.284342825 0
vt 0.391830951 0.284353018 0
vt 0.426843703 0.271793485 0
vt 0.444443405 0.518238187 0
vt 0.333369911 0.230224594 0
vt 0.255915463 0.139969379 0
vt 0.333369881 0.230224594 0
vt 1 0.109091133 0
vt 0.222247541 0.082538113 0
vt 0.242307782 0.0920740291 0
vt 0.111148909 0.0671459883 0
vt 0.149880454 0.0707373545 0
vt 0.166098222 0.075730972 0
vt 0.168813154 0.0788338557 0
vt 0.17779319 0.0793319717 0
vt 0.191858083 0.0836626664 0
vt 0.193404019 0.0801978856 0
vt 0.222247526 0.082538113 0
vt 2.2125406e-09 0.109091133 0
vt 0.0386719294 0.119075887 0
vt 0.058664158 0.125972345 0
vt 0.111148901 0.0671459883 0
vt 0.222247556 0.0214672927 0
vt 0.222247541 0.0214672927 0
vt 0.903584301 0.0937660486 0
vt 0.888851166 0.086466074 0
vt 0.888851166 0.0642729551 0
vt 0.907715917 0.0659918487 0
vt 0.936252773 0.077605918 0
vt 0.879000425 0.0809215829 0
vt 0.988374889 0.0500391573 0
vt 1 0.0553212725 0
vt -4.47314985e-09 0.0553212725 0
vt 1 0.0313592143 0
vt -5.70601566e-09 0.0313592143 0
vt 0.0209323987 0.0470668413 0
vt 0.964213908 0.0889856145 0
vt 0.777752638 0.09394712 0
vt 0.784983635 0.0977202281 0
vt 0.839999378 0.13619183 0
vt 0.709393203 0.14769654 0
vt 0.666630566 0.159845352 0
vt 0.610793114 0.232325301 0
vt 0.666630566 0.159845367 0
vt 0.610064149 0.233409226 0
vt 0.588356555 0.238268137 0
vt 0.555557013 0.245609745 0
vt 0.444443405 0.642946303 0
vt 0.444443405 0.215105817 0
vt 0.445176035 0.21388045 0
vt 0.460859418 0.210315689 0
vt 0.533327699 0.246120349 0
vt 0.553247511 0.246384233 0
vt 0.333369911 0.447890103 0
vt 0.412187874 0.368922532 0
vt 0.333369911 0.642946303 0
vt 0.246604562 0.435193092 0
vt 0.295842469 0.45048821 0
vt 0.313337922 0.454990506 0
vt 0.325896621 0.450501591 0
vt 0.444443405 0.214046985 0
vt 0.333369911 0.19599314 0
vt 0.374731243 0.196521252 0
vt 0.386811227 0.220945731 0
vt 0.387380928 0.22144872 0
vt 0.387911409 0.221182272 0
vt 0.22850585 0.346477985 0
vt 0.231069177 0.192008495 0
vt 0.246643633 0.185159609 0
vt 0.248684227 0.185055867 0
vt 0.252346486 0.184309512 0
vt 0.260228425 0.183276594 0
vt 0.286731154 0.201575428 0
vt 0.367678255 0.182260752 0
vt 0.333369911 0.171726555 0
vt 0.313297361 0.177681357 0
vt 0.326201558 0.173188806 0
vt 0.333369911 0.17172654 0
vt 0.222247541 0.195887759 0
vt 0.188029811 0.190245882 0
vt 0.202257156 0.218907312 0
vt 0.111148894 0.0579655282 0
vt 0.0215020999 0.047494337 0
vt 0.0983100384 0.106016114 0
vt 0.111148901 0.0579655282 0
vt 0.888851225 0.138296857 0
vt 0.914722443 0.264380544 0
vt 0.934656143 0.229952663 0
vt 0.888851166 0.138296843 0
vt 0.85245955 0.269996464 0
vt 0.873391986 0.265550137 0
vt 1 0.118657395 0
vt 0.0490405373 0.159541622 0
vt 5.05875475e-09 0.118657388 0
vt 0.777752638 0.603711724 0
vt 0.777752638 0.261900991 0
vt 0.778408289 0.261971742 0
vt 0.783728957 0.262871712 0
vt 0.829650104 0.319364309 0
vt 0.84483397 0.27161628 0
vt 0.685068011 0.270214796 0
vt 0.695869148 0.624441087 0
vt 0.666630566 0.624441087 0
vt 0.666630566 0.272126496 0
vt 0.676965117 0.27369988 0
vt 0.682041049 0.267670751 0
vt 0.5697788 0.313770324 0
vt 0.612574577 0.247582316 0
vt 0.666630626 0.272126496 0
vt 0.649328887 0.624441087 0
vt 0.639227033 0.620951533 0
vt 0.555557013 0.491323411 0
vt 0.555557013 0.313606083 0
vt 0.560271263 0.324221164 0
vt 0.562819719 0.326333255 0
vt 0.508035362 0.266943812 0
vt 0.555557013 0.313606113 0
vt 0.555557013 0.491323382 0
vt 0.464704454 0.295318216 0
vt 0.464681089 0.293242693 0
vt 0.477919221 0.274941057 0
vt 0.695869207 0.624441028 0
vt 0.666630566 0.637681186 0
vt 0.666630626 0.637681127 0
vt 0.649328887 0.624441028 0
vt 0.666630626 0.254719108 0
vt 0.617606521 0.239799902 0
vt 0.651669323 0.247492731 0
vt 0.666630566 0.254719108 0
vt 0.777752638 0.624441087 0
vt 0.555557013 0.624441087 0
vt 0.444443405 0.624441087 0
vt 0.444443405 0.290275991 0
vt 0.457539201 0.303116232 0
vt 0.388242781 0.276006669 0
vt 0.363304555 0.261014223 0
vt 0.389422178 0.256508231 0
vt 0.341941535 0.252484113 0
vt 0.347823083 0.251671761 0
vt 0.360940814 0.261422068 0
vt 0.337602466 0.213725731 0
vt 0.333369911 0.202630177 0
vt 0.336821139 0.206746534 0
vt 0.222247541 0.0566946194 0
vt 0.245446891 0.0851065218 0
vt 0.248416841 0.0870208591 0
vt 0.250762463 0.0930688977 0
vt 0.242563173 0.0976961926 0
vt 0.263869673 0.165001571 0
vt 0.271971464 0.132613018 0
vt 0.111148901 0.139498115 0
vt 0.136968449 0.119493954 0
vt 0.153388694 0.0834379345 0
vt 0.197381556 0.127527624 0
vt 0.070466131 0.153773859 0
vt 0.111148901 0.139498129 0
vt 0.0518414378 0.161876589 0
vt 0.0631929189 0.171340138 0
vt 0.259171069 0.114750206 0
vt 0.254514605 0.0909512863 0
vt 0.278522074 0.106425636 0
vt 0.333369911 0.175918862 0
vt 0.333369911 0.175918877 0
vt 0.130512655 0.0605114698 0
vt 0.111148886 0.0592102818 0
vt 0.111148894 0.0592102781 0
vt 0.888851166 0.0886640847 0
vt 0.97162509 0.173733309 0
vt 0.97290957 0.169615626 0
vt 1 0.095513761 0
vt 1 0.206924602 0
vt 0.935994983 0.348399401 0
vt 0.888851166 0.369867474 0
vt 0.888851166 0.369867444 0
vt 0.801653385 0.306069821 0
vt 0.781685829 0.202627972 0
vt 0.85037148 0.165227354 0
vt 0.865077078 0.140359193 0
vt 7.38359907e-09 0.095513761 0
vt 0.0321297646 0.148878127 0
vt 9.76752013e-09 0.206924602 0
vt 0.679544687 0.193878204 0
vt 0.666630566 0.078183569 0
vt 0.555557013 0.0394625627 0
vt 0.584408939 0.0347142816 0
vt 0.622194886 0.0896847621 0
vt 0.664086759 0.0670757368 0
vt 0.514017701 0.143467948 0
vt 0.777752578 0.204769686 0
vt 0.777626216 0.20506309 0
vt 0.777752638 0.204769686 0
vt 0.565498829 0.00720418571 0
vt 0.574271917 0.019967068 0
vt 0.555557013 0.0278161559 0
vt 0.555557013 0 0
vt 0.562657416 -3.49294682e-09 0
vt 0.545061648 0.0056629139 0
vt 0.547029614 4.06870582e-09 0
vt 0.555557013 6.99983991e-17 0
vt 0.555557013 0.0278161541 0
vt 0.497489184 0.142553225 0
vt 0.500577569 0.133666322 0
vt 0.489061773 0.116452962 0
vt 0.494564056 0.146503866 0
vt 0.49523145 0.146614313 0
vt 0.495489508 0.146773398 0
vt 0.49591431 0.146665424 0
vt 0.471592486 0.0210440513 0
vt 0.486341923 0.101598457 0
vt 0.459455013 0.0373513289 0
vt 0.444443375 0.0575201623 0
vt 0.444443405 0.183447257 0
vt 0.434902966 -1.42580179e-08 0
vt 0.438173234 -1.59726259e-08 0
vt 0.444443405 0.0575201623 0
vt 0.444443405 0.183447242 0
vt 0.419782341 0.192888916 0
vt 0.341589093 0.18196018 0
vt 0.333369911 0.172748506 0
vt 0.333369911 0.137593552 0
vt 0.353297472 0.142623082 0
vt 0.384560347 0.145425946 0
vt 0.427144349 0.140364677 0
vt 0.434724718 0.0122465435 0
vt 0.297791094 0.142041415 0
vt 0.333369881 0.137593567 0
vt 0.452826977 0.0215134826 0
vt 0.45047161 2.00473238e-08 0
vt 0.467739314 2.65622635e-08 0
vt 0.222247541 0.311340272 0
vt 0.267891198 0.154399768 0
vt 0.283048064 0.145292789 0
vt 0.444443405 6.99983991e-17 0
vt 0.444443405 0 0
vt 0.222247541 0.18182455 0
vt 0.186166018 0.204258099 0
vt 0.191852197 0.210643008 0
vt 0.208493769 0.193761349 0
vt 0.222247526 0.18182455 0
vt 0.150208592 0.153056428 0
vt 0.154572129 0.153385192 0
vt 0.173053578 0.199506298 0
vt 1 0.630489528 0
vt 0.888851166 0.630489528 0
vt 0.111148894 0.630489528 0
vt 0.111148894 0.121749163 0
vt 0.118120626 0.1506387 0
vt 0 0.630489528 0
vt 0.0409740135 0.163567543 0
vt 0.0616276786 0.168626428 0
vt 0.0812876299 0.162676051 0
vt 0.106139623 0.15223822 0
vt 0.111148894 0.121749155 0
vt 0.926888525 0.196612433 0
vt 0.954396427 0.160368025 0
vt 0.977503002 0.159854591 0
vt 0.978812635 0.122004107 0
vt 1 0.104788519 0
vt 0.888851166 0.196637303 0
vt 0.833891034 0.233679965 0
vt 0.111148901 0.258975714 0
vt 0.00124151877 0.168195233 0
vt 0.111148983 0.258975714 0
vt 1.45143781e-08 0.104788505 0
vt 0.00544667803 0.112730466 0
vt 0.969583035 0.140358075 0
vt 0.666630626 0.230012968 0
vt 0.686536193 0.234417588 0
vt 0.555557013 0.214043498 0
vt 0.569805026 0.242475286 0
vt 0.666630507 0.230012968 0
vt 0.52748245 0.228223369 0
vt 0.555557072 0.214043498 0
vt 0.525260091 0.229999006 0
vt 0.371370018 0.278535634 0
vt 0.382462323 0.293161869 0
vt 0.345300406 0.344194323 0
vt 0.333369911 0.34877193 0
vt 0.333369941 0.279664248 0
vt 0.366853476 0.269269168 0
vt 0.368414283 0.270944953 0
vt 0.222247541 0.360065281 0
vt 0.222247541 0.239818439 0
vt 0.224945635 0.238956377 0
vt 0.260187894 0.282723397 0
vt 0.166891754 0.356527328 0
vt 0.139660165 0.26751104 0
vt 0.142993018 0.2690382 0
vt 0.156095996 0.264693052 0
vt 0.159503341 0.259804368 0
vt 0.222247556 0.239818439 0
vt 0.444443464 0.294058859 0
vt 0.446247816 0.293128312 0
vt 0.39811042 0.313795269 0
vt 0.42600745 0.297649294 0
vt 0.333369911 0.233318657 0
vt 0.25734964 0.22860308 0
vt 0.267221779 0.214478061 0
vt 0.283363402 0.222549424 0
vt 0.302635849 0.234838724 0
vt 0.333369881 0.233318642 0
vt 0.111148909 0.220544919 0
vt 0.120658591 0.25826472 0
vt 0.111148983 0.220544919 0
vt 0.120812401 0.258874804 0
vt 1 1.04726088 0
vt 1 2.36889625 0
vt 0.800000131 2.36889625 0
vt 0.800000131 1.04726088 0
vt 0.600000322 2.36889625 0
vt 0.600000322 1.04726088 0
vt 0.400000155 2.36889625 0
vt 0.400000155 1.04726088 0
vt 0.200000107 2.36889625 0
vt 0.200000107 1.04726088 0
vt 0 2.36889625 0
vt 0 1.04726088 0
vt 1 4.14337635 0
vt 0.800000131 4.14337635 0
vt 0.600000322 4.14337635 0
vt 0.400000155 4.14337635 0
vt 0.200000107 4.14337635 0
vt 0 4.14337635 0
vt 1 6.70122051 0
vt 0.800000131 6.70122051 0
vt 0.600000322 6.70122051 0
vt 0.400000155 6.70122051 0
vt 0.200000107 6.70122051 0
vt 0 6.70122051 0
vt 1 11 0
vt 0.800000131 11 0
vt 0.600000322 11 0
vt 0.400000155 11 0
vt 0.200000107 11 0
vt 0 11 0
vt 0.948216796 0.200378925 0
vt 1 0.166608468 0
vt 0.800000131 0.0974519923 0
vt 0.827138603 0.126789868 0
vt 0.887780786 0.173938304 0
vt 0.722620666 0.162881523 0
vt 0.800000131 0.0974519849 0
vt 0.600000262 0.250087231 0
vt 0.6403386 0.226526529 0
vt 0.532681406 0.287222624 0
vt 0.600000322 0.250087231 0
vt 0.400000155 0.233511463 0
vt 0.416178167 0.255493104 0
vt 0.508369565 0.27516827 0
vt 0.200000003 0.0837854519 0
vt 0.395965457 0.23057346 0
vt 0.400000185 0.233511478 0
vt 0.108641163 0.161273137 0
vt 0.158492878 0.117496699 0
vt 0.200000033 0.0837854519 0
vt -2.01535535e-08 0.166608468 0
vt 0.0438463017 0.157752961 0
vt 1 1.00621068 0
vt 1 2.25818253 0
vt 0.800000131 2.25818253 0
vt 0.800000131 1.00621068 0
vt 0.600000322 2.25818253 0
vt 0.600000322 1.00621068 0
vt 0.400000155 2.25818253 0
vt 0.400000155 1.00621068 0
vt 0.200000107 2.25818253 0
vt 0.200000107 1.00621068 0
vt 0 2.25818253 0
vt 0 1.00621068 0
vt 1 3.87074947 0
vt 0.800000131 3.87074947 0
vt 0.600000322 3.87074947 0
vt 0.400000155 3.87074947 0
vt 0.200000107 3.87074947 0
vt 0 3.87074947 0
vt 1 6.11532927 0
vt 0.800000131 6.11532927 0
vt 0.600000322 6.11532927 0
vt 0.400000155 6.11532927 0
vt 0.200000107 6.11532927 0
vt 0 6.11532927 0
vt 1 10 0
vt 0.800000131 10 0
vt 0.600000322 10 0
vt 0.400000155 10 0
vt 0.200000107 10 0
vt 0 10 0
vt 0.853802741 0.122406311 0
vt 0.971681237 0.112452976 0
vt 1 0.115459733 0
vt 0.800000072 0.0933092162 0
vt 0.807128549 0.100657508 0
vt 0.650026023 0.259299666 0
vt 0.784695506 0.113576189 0
vt 0.800000131 0.0933092162 0
vt 0.600000381 0.303265333 0
vt 0.429180712 0.373422861 0
vt 0.480791867 0.390443683 0
vt 0.559552252 0.317207903 0
vt 0.600000381 0.303265363 0
vt 0.400000155 0.331744611 0
vt 0.249591351 0.174451426 0
vt 0.400000095 0.331744611 0
vt 0.200000122 0.0229520649 0
vt 0.135475755 0.164170131 0
vt 0.181301728 0.13212274 0
vt 0.200000137 0.0229520686 0
vt -1.23348904e-08 0.115459733 0
vt 0.0177064072 0.13805975 0
vt 1 1.24667275 0
vt 1 2.78918958 0
vt 0.800000131 2.78918958 0
vt 0.800000131 1.24667275 0
vt 0.600000322 2.78918958 0
vt 0.600000322 1.24667275 0
vt 0.400000155 2.78918958 0
vt 0.400000155 1.24667275 0
vt 0.200000107 2.78918958 0
vt 0.200000107 1.24667275 0
vt 0 2.78918958 0
vt 0 1.24667275 0
vt 1 4.7408185 0
vt 0.800000131 4.7408185 0
vt 0.600000322 4.7408185 0
vt 0.400000155 4.7408185 0
vt 0.200000107 4.7408185 0
vt 0 4.7408185 0
vt 1 7.39893246 0
vt 0.800000131 7.39893246 0
vt 0.600000322 7.39893246 0
vt 0.400000155 7.39893246 0
vt 0.200000107 7.39893246 0
vt 0 7.39893246 0
vt 1 12 0
vt 0.800000131 12 0
vt 0.600000322 12 0
vt 0.400000155 12 0
vt 0.200000107 12 0
vt 0 12 0
vt 0.910230279 0.123101518 0
vt 0.99999994 0.0766378269 0
vt 0.80000025 0.0410951898 0
vt 0.801431656 0.046785295 0
vt 0.802650928 0.0588782579 0
vt 0.901418567 0.11886888 0
vt 0.600000501 0.314691454 0
vt 0.78497529 0.0748700052 0
vt 0.792238474 0.0534156226 0
vt 0.80000037 0.041095186 0
vt 0.532265782 0.396577924 0
vt 0.570317745 0.352620602 0
vt 0.600000381 0.314691484 0
vt 0.400000155 0.393068969 0
vt 0.414237261 0.398767978 0
vt 0.457397878 0.408058852 0
vt 0.200000107 0.165607303 0
vt 0.400000036 0.393068969 0
vt 5.02394997e-08 0.0766378269 0
vt 0.0567457974 0.119256228 0
vt 0.0679145232 0.124249361 0
vt 0.200000122 0.165607303 0
vt 1 1.53848636 0
vt 1 3.45553946 0
vt 0.800000131 3.45553946 0
vt 0.800000131 1.53848636 0
vt 0.600000322 3.45553946 0
vt 0.600000322 1.53848636 0
vt 0.400000155 3.45553946 0
vt 0.400000155 1.53848636 0
vt 0.200000107 3.45553946 0
vt 0.200000107 1.53848636 0
vt 0 3.45553946 0
vt 0 1.53848636 0
vt 1 5.88537359 0
vt 0.800000131 5.88537359 0
vt 0.600000322 5.88537359 0
vt 0.400000155 5.88537359 0
vt 0.200000107 5.88537359 0
vt 0 5.88537359 0
vt 1 9.244977 0
vt 0.800000131 9.244977 0
vt 0.600000322 9.244977 0
vt 0.400000155 9.244977 0
vt 0.200000107 9.244977 0
vt 0 9.244977 0
vt 1 15 0
vt 0.800000131 15 0
vt 0.600000322 15 0
vt 0.400000155 15 0
vt 0.200000107 15 0
vt 0 15 0
vt 0.973113596 0.165033937 0
vt 1 0.136970177 0
vt 0.800000072 0.0865737125 0
vt 0.840916038 0.136513278 0
vt 0.863957167 0.133067906 0
vt 0.686433554 0.283006907 0
vt 0.800000072 0.0865737051 0
vt 0.600000262 0.438247234 0
vt 0.458218992 0.640035391 0
vt 0.490529776 0.642296135 0
vt 0.588871539 0.500434518 0
vt 0.589087129 0.460533798 0
vt 0.600000322 0.438247234 0
vt 0.400000155 0.608162642 0
vt 0.292610437 0.410829723 0
vt 0.400000215 0.608162582 0
vt 0.200000167 0.160938099 0
vt 0.251398563 0.288399756 0
vt 0.280377895 0.38394621 0
vt 0.145369545 0.208879605 0
vt 0.153906047 0.195476666 0
vt 0.200000122 0.160938099 0
vt 1.40922847e-08 0.136970177 0
vt 0.00279911887 0.139089644 0
vt 1 2.07464385 0
vt 0.800000131 2.07464385 0
vt 0.800000131 0 0
vt 0.600000322 2.07464385 0
vt 0.600000441 0.601088941 0
vt 0.647074819 0.440641373 0
vt 0.682247341 0.308798492 0
vt 0.677735984 0.126590937 0
vt 0.698565781 -1.65283272e-08 0
vt 1 4.6490016 0
vt 0.800000131 4.6490016 0
vt 0.600000322 4.6490016 0
vt 0.400000155 4.6490016 0
vt 0.400000155 2.07464385 0
vt 0.200000107 4.6490016 0
vt 0.200000107 2.07464385 0
vt 0 4.6490016 0
vt 0 2.07464385 0
vt 1 7.91525984 0
vt 0.800000131 7.91525984 0
vt 0.600000322 7.91525984 0
vt 0.400000155 7.91525984 0
vt 0.200000107 7.91525984 0
vt 0 7.91525984 0
vt 1 12.3474102 0
vt 0.800000131 12.3474102 0
vt 0.600000322 12.3474102 0
vt 0.400000155 12.3474102 0
vt 0.200000107 12.3474102 0
vt 0 12.3474102 0
vt 1 20 0
vt 0.800000131 20 0
vt 0.600000322 20 0
vt 0.400000155 20 0
vt 0.200000107 20 0
vt 0 20 0
vt 0.400000155 0.55970335 0
vt 0.424193352 0.589746654 0
vt 0.538487732 0.663233936 0
vt 0.557322502 0.675783157 0
vt 0.600000381 0.601088941 0
vt 0.200000167 0.126204208 0
vt 0.400000215 0.55970335 0
vt 0.177047938 0.131482691 0
vt 0.200000122 0.126204208 0
vt 0.025261784 -1.54991085e-07 0
vt 0.033774782 0.0300343335 0
vt 0.105983809 0.0803913921 0
vt 1 0.973690808 0
vt 1 2.16971755 0
vt 0.800000131 2.16971755 0
vt 0.800000131 0.973690808 0
vt 0.600000322 2.16971755 0
vt 0.600000322 0.973690808 0
vt 0.400000155 2.16971755 0
vt 0.400000155 0.973690808 0
vt 0.200000107 2.16971755 0
vt 0.200000107 0.973690808 0
vt 0 2.16971755 0
vt 0 0.973690808 0
vt 1 3.64820838 0
vt 0.800000131 3.64820838 0
vt 0.600000322 3.64820838 0
vt 0.400000155 3.64820838 0
vt 0.200000107 3.64820838 0
vt 0 3.64820838 0
vt 1 5.50987673 0
vt 0.800000131 5.50987673 0
vt 0.600000322 5.50987673 0
vt 0.400000155 5.50987673 0
vt 0.200000107 5.50987673 0
vt 0 5.50987673 0
vt 1 7.98237085 0
vt 0.800000131 7.98237085 0
vt 0.600000322 7.98237085 0
vt 0.400000155 7.98237085 0
vt 0.200000107 7.98237085 0
vt 0 7.98237085 0
vt 0.809960306 0.0933118388 0
vt 0.821078956 0.125656232 0
vt 0.917723358 0.165534809 0
vt 0.946231961 0.172024041 0
vt 1 0.141319245 0
vt 0.800000072 0.074490793 0
vt 0.736834407 0.119899318 0
vt 0.800000072 0.074490808 0
vt 0.600000381 0.238639027 0
vt 0.608105421 0.233799234 0
vt 0.47356686 0.310894787 0
vt 0.538067937 0.275530994 0
vt 0.600000322 0.238639027 0
vt 0.400000125 0.292817295 0
vt 0.413422883 0.29783535 0
vt 0.289962709 0.215453744 0
vt 0.400000215 0.292817324 0
vt 0.200000167 0.0775250494 0
vt 0.203157589 0.0817069262 0
vt 0.12761116 0.15434736 0
vt 0.19778049 0.0788285956 0
vt -1.6269869e-08 0.14131926 0
vt 0.0860116854 0.153355345 0
vt 1 0.994538009 0
vt 1 2.21680546 0
vt 0.800000131 2.21680546 0
vt 0.800000131 0.994538009 0
vt 0.600000322 2.21680546 0
vt 0.600000322 0.994538009 0
vt 0.400000155 2.21680546 0
vt 0.400000155 0.994538009 0
vt 0.200000107 2.21680546 0
vt 0.200000107 0.994538009 0
vt 0 2.21680546 0
vt 0 0.994538009 0
vt 1 3.8169682 0
vt 0.800000131 3.8169682 0
vt 0.600000322 3.8169682 0
vt 0.400000155 3.8169682 0
vt 0.200000107 3.8169682 0
vt 0 3.8169682 0
vt 1 6.08946514 0
vt 0.800000131 6.08946514 0
vt 0.600000322 6.08946514 0
vt 0.400000155 6.08946514 0
vt 0.200000107 6.08946514 0
vt 0 6.08946514 0
vt 0.841439962 0.127730563 0
vt 0.845043242 0.133675486 0
vt 0.967390239 0.120936178 0
vt 0.970546365 0.120626368 0
vt 1.00000012 0.0948659331 0
vt 0.800000012 0.0657850429 0
vt 0.600000262 0.225741446 0
vt 0.800000072 0.0657850429 0
vt 0.400000215 0.389592826 0
vt 0.410792828 0.392877579 0
vt 0.456367791 0.372532308 0
vt 0.534743488 0.338273317 0
vt 0.559312582 0.293865204 0
vt 0.600000381 0.225741446 0
vt 0.237107337 0.206149682 0
vt 0.276720166 0.257655501 0
vt 0.400000155 0.389592797 0
vt 0.200000018 0.110041156 0
vt 0.154990554 0.149039775 0
vt 0.200000048 0.110041149 0
vt 2.22044724e-17 0.994538009 0
vt 9.72093184e-10 0.0948659405 0
vt 0.135716885 0.146303445 0
vt 1 1.87172151 0
vt 1 4.21039438 0
vt 0.800000131 4.21039438 0
vt 0.800000131 1.87172151 0
vt 0.600000322 4.21039438 0
vt 0.600000322 1.87172151 0
vt 0.400000155 4.21039438 0
vt 0.400000155 1.87172151 0
vt 0.200000107 4.21039438 0
vt 0.200000107 1.87172151 0
vt 0 4.21039438 0
vt 0 1.87172151 0
vt 1 7.26646662 0
vt 0.800000131 7.26646662 0
vt 0.600000322 7.26646662 0
vt 0.400000155 7.26646662 0
vt 0.200000107 7.26646662 0
vt 0 7.26646662 0
vt 1 11.534812 0
vt 0.800000131 11.534812 0
vt 0.600000322 11.534812 0
vt 0.400000155 11.534812 0
vt 0.200000107 11.534812 0
vt 0 11.534812 0
vt 1 19 0
vt 0.800000131 19 0
vt 0.600000322 19 0
vt 0.400000155 19 0
vt 0.200000107 19 0
vt 0 19 0
vt 0.799999952 1.03884149 0
vt 0.849126697 0.923109591 0
vt 0.9000144 0.766933262 0
vt 0.905487299 0.491610736 0
vt 1.00000012 0.137128577 0
vt 0.678793669 1.06632197 0
vt 0.679325402 1.06651282 0
vt 0.800000012 1.03884149 0
vt 0.600000262 1.03936923 0
vt 0.400000036 0.490933657 0
vt 0.513091087 0.866123199 0
vt 0.600000381 1.03936911 0
vt 0.200000077 0.350481689 0
vt 0.284548521 0.44823131 0
vt 0.363065839 0.541504323 0
vt 0.400000095 0.490933686 0
vt 0.094161503 0.481323063 0
vt 0.199504167 0.351400644 0
vt 0.200000063 0.350481659 0
vt 1.05412653e-07 0.137128547 0
vt 0.0297698453 0.267728478 0
vt 0.0309118982 0.482332349 0
vt 1 3.44569206 0
vt 1 7.67388344 0
vt 0.800000131 7.67388344 0
vt 0.800000131 3.44569206 0
vt 0.600000322 7.67388344 0
vt 0.600000322 3.44569206 0
vt 0.400000155 7.67388344 0
vt 0.400000155 3.44569206 0
vt 0.200000107 7.67388344 0
vt 0.200000107 3.44569206 0
vt 0 7.67388344 0
vt 0 3.44569206 0
vt 1 12.9654722 0
vt 0.800000131 12.9654722 0
vt 0.600000322 12.9654722 0
vt 0.400000155 12.9654722 0
vt 0.200000107 12.9654722 0
vt 0 12.9654722 0
vt 1 19.8026409 0
vt 0.800000131 19.8026409 0
vt 0.600000322 19.8026409 0
vt 0.400000155 19.8026409 0
vt 0.200000107 19.8026409 0
vt 0 19.8026409 0
vt 1 29.4502716 0
vt 0.800000131 29.4502716 0
vt 0.600000322 29.4502716 0
vt 0.400000155 29.4502716 0
vt 0.200000107 29.4502716 0
vt 0 29.4502716 0
vt 1 45 0
vt 0.800000131 45 0
vt 0.600000322 45 0
vt 0.400000155 45 0
vt 0.200000107 45 0
vt 0 45 0
vt 0.799999774 1.10631466 0
vt 0.82907635 1.11094701 0
vt 0.909807324 1.11676705 0
vt 0.96350646 1.12085652 0
vt 0.975280881 1.11852205 0
vt 0.994008303 0.939338565 0
vt 0.999999642 0.871444285 0
vt 0.734228551 1.12484622 0
vt 0.743360043 1.12436211 0
vt 0.791387558 1.11029172 0
vt 0.799999833 1.10631466 0
vt 0.600000501 1.11493623 0
vt 0.620390534 1.11977136 0
vt 0.650651813 1.12694478 0
vt 0.65288651 1.12703872 0
vt 0.69800663 1.12692595 0
vt 0.448931515 1.09296048 0
vt 0.468405962 1.09939206 0
vt 0.487510145 1.12567961 0
vt 0.498721957 1.12764668 0
vt 0.510307848 1.12968004 0
vt 0.55182147 1.12808323 0
vt 0.573100746 1.12540483 0
vt 0.600000203 1.11493623 0
vt 0.400000155 0.792933226 0
vt 0.199999884 0.130630419 0
vt 0.236609295 0.297546357 0
vt 0.331494361 0.841531157 0
vt 0.349263787 0.876425624 0
vt 0.400000095 0.792933226 0
vt 0.180340052 0.244180724 0
vt 0.199999973 0.130630419 0
vt 1.77277144e-07 0.871444345 0
vt 0.0062094708 0.860047519 0
vt 0.800000191 9.76130962 0
vt 0.999999821 9.84251404 0
vt 1 10.000001 0
vt 0.800000131 10.000001 0
vt 0.600000381 9.71127796 0
vt 0.728507519 9.69221497 0
vt 0.800000548 9.76130962 0
vt 0.600000322 10.000001 0
vt 0.400000244 9.50973034 0
vt 0.43347609 9.5247612 0
vt 0.600000143 9.71127796 0
vt 0.400000155 10.000001 0
vt 0.200000152 9.68238831 0
vt 0.399999917 9.50973034 0
vt 0.200000107 10.000001 0
vt 0 10.000001 0
vt -1.9952725e-07 9.84251404 0
vt 0.199999571 9.68238735 0
vt 1 1.35821772 0
vt 1.00000012 1.66650343 0
vt 0.957384825 1.7506417 0
vt 0.999999881 1.76716959 0
vt 1 2.9976902 0
vt 0.800000131 2.9976902 0
vt 0.800000131 1.35821772 0
vt 0.600000322 2.9976902 0
vt 0.600000322 1.35821772 0
vt 0.400000155 2.9976902 0
vt 0.400000155 1.35821772 0
vt 0.200000107 2.9976902 0
vt 0.200000107 1.35821772 0
vt 0 2.9976902 0
vt 5.26889323e-08 1.76716959 0
vt 0.0140544455 1.79657459 0
vt 0.0768247321 1.79984808 0
vt 0.073838979 1.70349181 0
vt 0.00911374949 1.64974201 0
vt -5.87012323e-08 1.66650343 0
vt 0 1.35821772 0
vt 1 4.99145174 0
vt 0.800000131 4.99145174 0
vt 0.600000322 4.99145174 0
vt 0.400000155 4.99145174 0
vt 0.200000107 4.99145174 0
vt 0 4.99145174 0
vt 1 7.46298695 0
vt 0.800000131 7.46298695 0
vt 0.600000322 7.46298695 0
vt 0.400000155 7.46298695 0
vt 0.200000107 7.46298695 0
vt 0 7.46298695 0
vt 1 10.7052546 0
vt 0.800000131 10.7052546 0
vt 0.600000322 10.7052546 0
vt 0.400000155 10.7052546 0
vt 0.200000107 10.7052546 0
vt 0 10.7052546 0
vt 1 16 0
vt 0.800000131 16 0
vt 0.600000322 16 0
vt 0.400000155 16 0
vt 0.200000107 16 0
vt 0 16 0
vt 0.833717644 0.169921249 0
vt 0.879059553 0.169807732 0
vt 0.964283645 0.174948096 0
vt 1.00000024 0.145423368 0
vt 0.800000072 0.120382339 0
vt 0.600000381 0.45152998 0
vt 0.799999893 0.120382346 0
vt 0.442419827 0.663882792 0
vt 0.547054052 0.559043646 0
vt 0.557494521 0.547556937 0
vt 0.558780193 0.546221137 0
vt 0.600000262 0.45152998 0
vt 0.400000185 0.649447143 0
vt 0.436144233 0.669514656 0
vt 0.237430871 0.303955585 0
vt 0.24610576 0.376630813 0
vt 0.344391346 0.559465826 0
vt 0.399999976 0.649447143 0
vt 0.199999914 0.128271386 0
vt 0.15755263 0.261456847 0
vt 0.169546664 0.185196131 0
vt 0.199999958 0.128271386 0
vt -7.61181269e-08 0.145423383 0
vt 0.0397184193 0.195916206 0
vt 1 0.986932397 0
vt 1 2.19627142 0
vt 0.800000131 2.19627142 0
vt 0.800000131 0.986932397 0
vt 0.600000322 2.19627142 0
vt 0.600000322 0.986932397 0
vt 0.400000155 2.19627142 0
vt 0.400000155 0.986932397 0
vt 0.200000107 2.19627142 0
vt 0.200000107 0.986932397 0
vt 0 2.19627142 0
vt 0 0.986932397 0
vt 1 3.78133154 0
vt 0.800000131 3.78133154 0
vt 0.600000322 3.78133154 0
vt 0.400000155 3.78133154 0
vt 0.200000107 3.78133154 0
vt 0 3.78133154 0
vt 1 6.05719709 0
vt 0.800000131 6.05719709 0
vt 0.600000322 6.05719709 0
vt 0.400000155 6.05719709 0
vt 0.200000107 6.05719709 0
vt 0 6.05719709 0
vt 0.800000191 0.121923409 0
vt 1.00000012 0.0455452204 0
vt 0.600000381 0.250467956 0
vt 0.601154864 0.251026005 0
vt 0.637274146 0.289039701 0
vt 0.702421367 0.226765305 0
vt 0.757303357 0.206806913 0
vt 0.794786334 0.134222686 0
vt 0.800000191 0.121923402 0
vt 0.410643876 0.0522750095 0
vt 0.480332792 0.152355641 0
vt 0.600000262 0.250467956 0
vt 0.400000155 0.0375137888 0
vt 0.317197829 0.0764916912 0
vt 0.390789896 0.0398631357 0
vt 0.400000066 0.0375137739 0
vt 0.200000167 0.0969637409 0
vt 0.263623595 0.0742898434 0
vt 0.12824519 0.115863577 0
vt 0.162960634 0.13788864 0
vt 0.200000167 0.0969637483 0
vt 2.22044724e-17 0.986932397 0
vt -6.17297857e-08 0.0455452278 0
vt 0.0113210967 0.0708663985 0
vt 0.031196896 0.106122896 0
vt 1 1.26248956 0
vt 1 2.84524274 0
vt 0.800000131 2.84524274 0
vt 0.800000131 1.26248956 0
vt 0.600000322 2.84524274 0
vt 0.600000322 1.26248956 0
vt 0.400000155 2.84524274 0
vt 0.400000155 1.26248956 0
vt 0.200000107 2.84524274 0
vt 0.200000107 1.26248956 0
vt 0 2.84524274 0
vt 0 1.26248956 0
vt 1 4.96764946 0
vt 0.800000131 4.96764946 0
vt 0.600000322 4.96764946 0
vt 0.400000155 4.96764946 0
vt 0.200000107 4.96764946 0
vt 0 4.96764946 0
vt 1 7.97449827 0
vt 0.800000131 7.97449827 0
vt 0.600000322 7.97449827 0
vt 0.400000155 7.97449827 0
vt 0.200000107 7.97449827 0
vt 0 7.97449827 0
vt 1 13 0
vt 0.800000131 13 0
vt 0.600000322 13 0
vt 0.400000155 13 0
vt 0.200000107 13 0
vt 0 13 0
vt 0.800000131 0.158343703 0
vt 0.800936699 0.16071628 0
vt 0.815791607 0.167298689 0
vt 0.93796289 0.140915826 0
vt 0.95582211 0.121819787 0
vt 1 0.0801450759 0
vt 0.600000322 0.207889467 0
vt 0.678491175 0.175557137 0
vt 0.800000191 0.158343688 0
vt 0.42120108 0.348364592 0
vt 0.44011119 0.327880472 0
vt 0.560465634 0.308617413 0
vt 0.569087148 0.294920832 0
vt 0.400000155 0.340371966 0
vt 0.209829986 0.107962966 0
vt 0.251107901 0.203670472 0
vt 0.261360496 0.216282934 0
vt 0.400000244 0.340371966 0
vt 0.200000077 0.0612633601 0
vt -5.73066972e-09 0.0801450759 0
vt 0.128881678 0.136617392 0
vt 0.134595886 0.132894441 0
vt 0.200000063 0.0612633526 0
vt 1 1.54229832 0
vt 1 3.45108414 0
vt 0.800000131 3.45108414 0
vt 0.800000131 1.54229832 0
vt 0.600000322 3.45108414 0
vt 0.600000322 1.54229832 0
vt 0.400000155 3.45108414 0
vt 0.400000155 1.54229832 0
vt 0.200000107 3.45108414 0
vt 0.200000107 1.54229832 0
vt 0 3.45108414 0
vt 0 1.54229832 0
vt 1 5.98728752 0
vt 0.800000131 5.98728752 0
vt 0.600000322 5.98728752 0
vt 0.400000155 5.98728752 0
vt 0.200000107 5.98728752 0
vt 0 5.98728752 0
vt 1 9.66751575 0
vt 0.800000131 9.66751575 0
vt 0.600000322 9.66751575 0
vt 0.400000155 9.66751575 0
vt 0.200000107 9.66751575 0
vt 0 9.66751575 0
vt 0.80000025 0.237952039 0
vt 0.999999881 0.0945186168 0
vt 0.600000322 0.431199163 0
vt 0.795777917 0.245943844 0
vt 0.800000191 0.237952039 0
vt 0.535956085 0.450534135 0
vt 0.550403714 0.449454635 0
vt 0.600000322 0.431199193 0
vt 0.400000155 0.509931684 0
vt 0.256418467 0.257438809 0
vt 0.33983016 0.460352957 0
vt 0.376131445 0.491932809 0
vt 0.400000066 0.509931684 0
vt 0.200000063 0.222452879 0
vt 0.00679767504 0.104054838 0
vt 0.0271914769 0.116411179 0
vt 0.146522865 0.313565016 0
vt 0.148403391 0.313251317 0
vt 0.200000107 0.222452879 0
vt 2.22044724e-17 1.54229832 0
vt 7.44588604e-08 0.0945186093 0
vt 1 2.44637132 0
vt 1 5.96874428 0
vt 0.800000131 5.96874428 0
vt 0.800000131 2.44637132 0
vt 0.600000322 5.96874428 0
vt 0.600000322 2.44637132 0
vt 0.400000155 5.96874428 0
vt 0.400000155 2.44637132 0
vt 0.200000107 5.96874428 0
vt 0.200000107 2.44637132 0
vt 0 5.96874428 0
vt 0 2.44637132 0
vt 0.831886888 1.04959989 0
vt 0.999999821 0.447585791 0
vt 0.800000191 1.14267778 0
vt 0.600000262 1.39640379 0
vt 0.623971164 1.39824355 0
vt 0.635460496 1.39646661 0
vt 0.666822374 1.39161646 0
vt 0.677209139 1.38899636 0
vt 0.737438977 1.40011978 0
vt 0.786451817 1.21652186 0
vt 0.400000185 0.739504516 0
vt 0.434112191 0.984472096 0
vt 0.464435399 1.22188842 0
vt 0.484302223 1.35695422 0
vt 0.493895024 1.36520278 0
vt 0.506519973 1.3859359 0
vt 0.541453719 1.3941679 0
vt 0.553125679 1.39691782 0
vt 0.566035628 1.39720571 0
vt 0.593131363 1.39686 0
vt 0.600000322 1.39640379 0
vt 0.200000077 0.180468038 0
vt 0.264918357 0.336474121 0
vt 0.382323474 0.632162154 0
vt 0.400000215 0.739504516 0
vt 8.19746973e-08 0.447585791 0
vt 0.00897162408 0.463352591 0
vt 0.0768221542 0.49637261 0
vt 0.13236782 0.474478453 0
vt 0.196842238 0.199811324 0
vt 0.200000092 0.180468038 0
vt 0.800000131 1.10616708 0
vt 0.800000131 0.00120781688 0
vt 0.817326248 0.010540151 0
vt 0.880115867 0.0525379665 0
vt 0.925650716 0.0274667069 0
vt 0.984716535 -4.15583745e-09 0
vt 1 1.10616708 0
vt 0.200000107 0 0
vt 0.200000107 1.10616708 0
vt 0 1.10616708 0
vt 1 2.58316278 0
vt 0.800000131 2.58316278 0
vt 0.600000322 2.58316278 0
vt 0.600000322 1.10616708 0
vt 0.400000155 2.58316278 0
vt 0.400000155 1.10616708 0
vt 0.200000107 2.58316278 0
vt 0 2.58316278 0
vt 1 4.79997349 0
vt 0.800000131 4.79997349 0
vt 0.600000322 4.79997349 0
vt 0.400000155 4.79997349 0
vt 0.200000107 4.79997349 0
vt 0 4.79997349 0
vt 0.800000131 9 0
vt 0.600000322 9 0
vt 0.400000155 9 0
vt 0.200000107 9 0
vt 0.600000322 0.0585740209 0
vt 0.711363733 0.0526384711 0
vt 0.800000131 0.00120781409 0
vt 0.556915998 0.150897041 0
vt 0.600000381 0.0585740209 0
vt 0.400000185 0.262642056 0
vt 0.43543312 0.268377542 0
vt 0.435484648 0.2682482 0
vt 0.439159006 0.265524328 0
vt 0.546285152 0.160157338 0
vt 0.272733241 0.152170166 0
vt 0.281350195 0.174379513 0
vt 0.381207645 0.256603181 0
vt 0.400000095 0.262642056 0
vt 0.218734488 -3.20479394e-08 0
vt 1 1.38361204 0
vt 1 3.29442167 0
vt 0.800000131 3.29442167 0
vt 0.800000131 1.38361204 0
vt 0.600000322 3.29442167 0
vt 0.600000322 1.38361204 0
vt 0.400000155 3.29442167 0
vt 0.400000155 1.38361204 0
vt 0.200000107 3.29442167 0
vt 0.200000107 1.38361204 0
vt 0 3.29442167 0
vt 0 1.38361204 0
vt 1 6.99999952 0
vt 0.800000131 6.99999952 0
vt 0.600000322 6.99999952 0
vt 0.400000155 6.99999952 0
vt 0.200000107 6.99999952 0
vt 0 6.99999952 0
vt 0.800000072 0.221416384 0
vt 1.00000012 0.110874318 0
vt 0.607669473 0.368831813 0
vt 0.624094129 0.364311486 0
vt 0.73272413 0.365502775 0
vt 0.740852475 0.348786682 0
vt 0.800000191 0.221416384 0
vt 0.600000381 0.364040196 0
vt 0.426346242 0.207087114 0
vt 0.44370693 0.223795876 0
vt 0.400000155 0.138552442 0
vt 0.369738907 0.183757737 0
vt 0.37933898 0.183065027 0
vt 0.400000185 0.138552442 0
vt 0.200000048 0.184822813 0
vt 0.214166626 0.18977277 0
vt 0.218106002 0.191942021 0
vt -5.28395194e-09 0.110874318 0
vt 0.055439271 0.229518071 0
vt 0.0576789528 0.23355411 0
vt 1 3.5076952 0
vt 1 8.67834854 0
vt 0.800000131 8.67834854 0
vt 0.800000131 3.5076952 0
vt 0.600000322 8.67834854 0
vt 0.600000322 3.5076952 0
vt 0.400000155 8.67834854 0
vt 0.400000155 3.5076952 0
vt 0.200000107 8.67834854 0
vt 0.200000107 3.5076952 0
vt 0 8.67834854 0
vt 0 3.5076952 0
vt 0.799999833 0.306984454 0
vt 0.977156401 0.10901317 0
vt 0.999999821 0.0887659565 0
vt 0.764788568 0.384942651 0
vt 0.799999893 0.306984514 0
vt 0.600000322 0.357893169 0
vt 0.628572643 0.369278759 0
vt 0.633541882 0.371029109 0
vt 0.637417853 0.371345758 0
vt 0.696620047 0.376183897 0
vt 0.708743989 0.362968057 0
vt 0.562994003 0.382485241 0
vt 0.584295094 0.370786667 0
vt 0.600000143 0.357893139 0
vt 0.400000036 0.406646013 0
vt 0.410865605 0.407928139 0
vt 0.428400248 0.411626011 0
vt 0.488841355 0.408942163 0
vt 0.490265489 0.40887934 0
vt 0.493702114 0.407775998 0
vt 0.543819249 0.390339494 0
vt 0.200000256 0.233091354 0
vt 0.328574687 0.420081347 0
vt 0.330812335 0.420358062 0
vt 0.344772249 0.429655731 0
vt 0.399999917 0.406645983 0
vt 0.128416106 0.230319515 0
vt 0.199999854 0.233091339 0
vt 1.38006683e-07 0.088765949 0
vt 0.0150983715 0.110033222 0
vt 0.103763379 0.2249621 0
vt 1 1.0755074 0
vt 1 2.41881371 0
vt 0.800000131 2.41881371 0
vt 0.800000131 1.0755074 0
vt 0.600000322 2.41881371 0
vt 0.600000322 1.0755074 0
vt 0.400000155 2.41881371 0
vt 0.400000155 1.0755074 0
vt 0.200000107 2.41881371 0
vt 0.200000107 1.0755074 0
vt 0 2.41881371 0
vt 0 1.0755074 0
vt 1 4.17868567 0
vt 0.800000131 4.17868567 0
vt 0.600000322 4.17868567 0
vt 0.400000155 4.17868567 0
vt 0.200000107 4.17868567 0
vt 0 4.17868567 0
vt 1 6.68741083 0
vt 0.800000131 6.68741083 0
vt 0.600000322 6.68741083 0
vt 0.400000155 6.68741083 0
vt 0.200000107 6.68741083 0
vt 0 6.68741083 0
vt 0.800000072 0.117759705 0
vt 0.851930082 0.140694395 0
vt 0.85966903 0.140569523 0
vt 0.976886094 0.0992590189 0
vt 0.978158176 0.0941962302 0
vt 0.99999994 0.073946327 0
vt 0.671908319 0.171921253 0
vt 0.694002867 0.16014564 0
vt 0.800000191 0.117759705 0
vt 0.600000203 0.101496361 0
vt 0.670145154 0.17066811 0
vt 0.478929698 0.310224384 0
vt 0.505250037 0.267944694 0
vt 0.600000203 0.101496354 0
vt 0.400000066 0.377928346 0
vt 0.298940599 0.378609747 0
vt 0.331713915 0.37395528 0
vt 0.400000095 0.377928346 0
vt 0.200000018 0.291999757 0
vt 0.217581451 0.302465647 0
vt -2.65697473e-08 0.073946327 0
vt 0.0230545178 0.0990904868 0
vt 0.136369273 0.231318191 0
vt 0.200000077 0.291999727 0
vt 1 1.18378985 0
vt 1 2.63255191 0
vt 0.800000131 2.63255191 0
vt 0.800000131 1.18378985 0
vt 0.600000322 2.63255191 0
vt 0.600000322 1.18378985 0
vt 0.400000155 2.63255191 0
vt 0.400000155 1.18378985 0
vt 0.200000107 2.63255191 0
vt 0.200000107 1.18378985 0
vt 0 2.63255191 0
vt 0 1.18378985 0
vt 1 4.436975 0
vt 0.800000131 4.436975 0
vt 0.600000322 4.436975 0
vt 0.400000155 4.436975 0
vt 0.200000107 4.436975 0
vt 0 4.436975 0
vt 1 6.73771524 0
vt 0.800000131 6.73771524 0
vt 0.600000322 6.73771524 0
vt 0.400000155 6.73771524 0
vt 0.200000107 6.73771524 0
vt 0 6.73771524 0
vt 1 9.90834332 0
vt 0.800000131 9.90834332 0
vt 0.600000322 9.90834332 0
vt 0.400000155 9.90834332 0
vt 0.200000107 9.90834332 0
vt 0 9.90834332 0
vt 0.894398093 0.161039233 0
vt 0.99999994 0.0640003756 0
vt 0.800000072 0.252773762 0
vt 0.600000143 0.512910128 0
vt 0.62392956 0.497165352 0
vt 0.637581587 0.476003766 0
vt 0.725606084 0.34615007 0
vt 0.784532547 0.267769337 0
vt 0.80000025 0.252773762 0
vt 0.502992868 0.407135606 0
vt 0.600000203 0.512910068 0
vt 0.400000274 0.218626916 0
vt 0.469230711 0.329037428 0
vt 0.497670293 0.402601004 0
vt 0.252826035 0.112464704 0
vt 0.400000095 0.218626902 0
vt 0.200000152 0.073822245 0
vt 0.102658048 0.113083459 0
vt 0.188329443 0.0853777006 0
vt 0.200000048 0.0738222376 0
vt -6.87447388e-09 0.064000383 0
vt 0.0628155768 0.122209281 0
vt 0.800000131 0.87064451 0
vt 0.800000131 0.159393907 0
vt 0.820551395 0.15192382 0
vt 0.88115114 0.136403054 0
vt 0.918739319 0.0654290244 0
vt 0.94261241 0.0022217161 0
vt 0.94170624 4.75323496e-08 0
vt 1 0.87064451 0
vt 1 2.00851011 0
vt 0.800000131 2.00851011 0
vt 0.600000322 2.00851011 0
vt 0.600000322 0.87064451 0
vt 0.400000155 2.00851011 0
vt 0.400000155 0.87064451 0
vt 0.200000107 2.00851011 0
vt 0.200000107 0.87064451 0
vt 0 2.00851011 0
vt 0 0.87064451 0
vt 1 3.79827833 0
vt 0.800000131 3.79827833 0
vt 0.600000322 3.79827833 0
vt 0.400000155 3.79827833 0
vt 0.200000107 3.79827833 0
vt 0 3.79827833 0
vt 0.728339374 0.194987014 0
vt 0.600000322 0.172827899 0
vt 0.640717983 0.182981983 0
vt 0.526698291 0.177863777 0
vt 0.600000262 0.172827885 0
vt 0.400000155 0.178432003 0
vt 0.33777979 0.173783049 0
vt 0.200000122 0.0469652973 0
vt 0.220323533 0.118034758 0
vt 0.228083432 0.137280852 0
vt 0.329936594 0.170296431 0
vt 0.155979499 0.00105264119 0
vt 0.200000092 0.0469652936 0
vt 2.22044724e-17 0.87064451 0
vt 0.157260448 4.80183964e-08 0
vt 1 0.953034461 0
vt 1 2.29218388 0
vt 0.800000131 2.29218388 0
vt 0.800000131 0.953034461 0
vt 0.600000322 2.29218388 0
vt 0.600000322 0.953034461 0
vt 0.400000155 2.29218388 0
vt 0.400000155 0.953034461 0
vt 0.200000107 2.29218388 0
vt 0.200000107 0.953034461 0
vt 0 2.29218388 0
vt 0 0.953034461 0
vt 0.800000131 5 0
vt 0.600000322 5 0
vt 0.400000155 5 0
vt 0.200000107 5 0
vt 0.87135613 0.129783377 0
vt 1 0.051578328 0
vt 0.896833003 3.41501916e-09 0
vt 0.883223534 0.0861242786 0
vt 0.766468763 1.89627656e-08 0
vt 0.600000322 0.396612108 0
vt 0.61113447 0.396293551 0
vt 0.679902136 0.361666054 0
vt 0.705468059 0.295003295 0
vt 0.782110035 0.195465088 0
vt 0.778003395 0.150284201 0
vt 0.777098536 0.0185756087 0
vt 0.521470487 0.345689327 0
vt 0.600000381 0.396612108 0
vt 0.400000215 0.237204015 0
vt 0.2011026 0.143483654 0
vt 0.222538128 0.154375449 0
vt 0.400000155 0.237204015 0
vt 0.200000107 0.142584652 0
vt 3.046949e-08 0.0515783355 0
vt 0.07153368 0.119266465 0
vt 0.0790758431 0.13731876 0
vt 1 1.20044839 0
vt 1 2.74329519 0
vt 0.800000131 2.74329519 0
vt 0.800000131 1.20044839 0
vt 0.600000322 2.74329519 0
vt 0.600000322 1.20044839 0
vt 0.400000155 2.74329519 0
vt 0.400000155 1.20044839 0
vt 0.200000107 2.74329519 0
vt 0.200000107 1.20044839 0
vt 0 2.74329519 0
vt 0 1.20044839 0
vt 1 4.93034267 0
vt 0.800000131 4.93034267 0
vt 0.600000322 4.93034267 0
vt 0.400000155 4.93034267 0
vt 0.200000107 4.93034267 0
vt 0 4.93034267 0
vt 0.807545424 0.0391902551 0
vt 0.856884241 0.0906323045 0
vt 0.947500288 0.0654676408 0
vt 1 0.0475558229 0
vt 0.800000072 0.0260561574 0
vt 0.600000322 0.23964107 0
vt 0.772066176 0.0603608415 0
vt 0.800000131 0.0260561574 0
vt 0.400000185 0.26163891 0
vt 0.423224628 0.274661481 0
vt 0.45205003 0.292517602 0
vt 0.544632554 0.278335482 0
vt 0.580471814 0.269470751 0
vt 0.600000262 0.23964107 0
vt 0.200000137 0.018561041 0
vt 0.219261572 0.0846055821 0
vt 0.400000095 0.26163891 0
vt 0.115630113 0.0604741126 0
vt 0.189109415 0.0634022728 0
vt 0.200000212 0.0185610559 0
vt 2.22044724e-17 1.20044839 0
vt -6.47251426e-08 0.0475558266 0
vt 0.0247740466 0.0611999221 0
vt 1 1.71227598 0
vt 1 4.16505575 0
vt 0.800000131 4.16505575 0
vt 0.800000131 1.71227598 0
vt 0.600000322 4.16505575 0
vt 0.600000322 1.71227598 0
vt 0.400000155 4.16505575 0
vt 0.400000155 1.71227598 0
vt 0.200000107 4.16505575 0
vt 0.200000107 1.71227598 0
vt 0 4.16505575 0
vt 0 1.71227598 0
vt 0.808728337 0.137522712 0
vt 0.930262804 0.155988872 0
vt 0.932327271 0.153766513 0
vt 1 0.0960365832 0
vt 0.800000131 0.13601394 0
vt 0.80049026 0.136707217 0
vt 0.600000381 0.151726693 0
vt 0.624396503 0.163210139 0
vt 0.626837492 0.165542796 0
vt 0.722224176 0.138156697 0
vt 0.80000031 0.13601394 0
vt 0.400000185 0.572241545 0
vt 0.412283242 0.538592875 0
vt 0.560134947 0.246339589 0
vt 0.566521764 0.228063703 0
vt 0.600000322 0.151726693 0
vt 0.293953449 0.523969412 0
vt 0.395636648 0.580719948 0
vt 0.400000215 0.572241545 0
vt 0.200000048 0.352101475 0
vt 0.274944484 0.512482762 0
vt 0.040554028 0.11800503 0
vt 0.200000003 0.352101475 0
vt 1.37436189e-07 0.0960365832 0
vt 0 1.25435019 0
vt -2.566577e-08 0.561425388 0
vt 0.00228195777 0.486658752 0
vt 0.0126950881 0.437735349 0
vt 1.04458318e-08 0.312111288 0
vt -2.56942858e-08 0.156552777 0
vt 0.0147492122 0.151453093 0
vt 0.0807107165 0.124925241 0
vt 0.0811639428 0.101889655 0
vt 0.0839791298 0.0967718214 0
vt 0.142446414 0.00897721481 0
vt 0.148193344 0.00273395143 0
vt 0.148079768 0.00199588039 0
vt 0.147479206 6.15580964e-09 0
vt 0.200000107 1.39260846e-16 0
vt 0.200000107 1.25435019 0
vt 1 1.25435019 0
vt 0.800000131 4 0
vt 0.800000131 1.25435019 0
vt 0.600000322 4 0
vt 0.600000381 2.23171473 0
vt 0.663383484 1.28062022 0
vt 0.662882566 1.25435007 0
vt 0.400000155 1.25435019 0
vt 0.400000155 4 0
vt 0.200000107 4 0
vt 0.951198995 0.179249927 0
vt 0.965492725 0.176516593 0
vt 1 0.156552762 0
vt 1 0.312111288 0
vt 0.984016597 0.233393967 0
vt 0.966272354 0.209607542 0
vt 0.947963536 0.190003812 0
vt 0.948768318 0.182057574 0
vt 0.800000072 1.11235416 0
vt 0.815990627 1.09229004 0
vt 0.857471228 0.964639068 0
vt 0.957795084 0.759286761 0
vt 0.967634201 0.738896012 0
vt 0.994451523 0.684119761 0
vt 1 0.561425388 0
vt 0.671743751 1.24739099 0
vt 0.799999893 1.11235416 0
vt 0.662882566 1.25435019 0
vt 0.428602278 0.244332984 0
vt 0.431199014 0.243673548 0
vt 0.523807824 0.221058071 0
vt 0.51551187 0.323768348 0
vt 0.519426405 0.33153379 0
vt 0.521385312 0.334550411 0
vt 0.526222646 0.340158343 0
vt 0.529652715 0.500742018 0
vt 0.526772261 0.50486958 0
vt 0.461466044 0.748831749 0
vt 0.45634532 0.795391977 0
vt 0.458064616 0.808879793 0
vt 0.461604893 0.918186545 0
vt 0.456965029 1.07653368 0
vt 0.482471019 1.12305212 0
vt 0.568770528 1.25435019 0
vt 0.400000125 0.231119201 0
vt 0.407984644 0.237698629 0
vt 0.264180392 0.0418692976 0
vt 0.269256234 0.0522351749 0
vt 0.322065055 0.172052279 0
vt 0.400000334 0.231119245 0
vt 0.277580559 -3.70877942e-08 0
vt 0.264424741 0.0396931954 0
vt 0.263657898 0.0409557819 0
vt 0.26363942 0.0410132594 0
vt 0.537783742 2.01877809 0
vt 0.600000441 2.23171473 0
vt 0.568770468 1.25435042 0
vt 0.600000322 1.57893908 0
vt 0.600000322 0.384347379 0
vt 0.661661863 0.357464314 0
vt 0.743986964 0.25933215 0
vt 0.734611869 0.229406893 0
vt 0.775029302 0.0868057609 0
vt 0.76662761 0.0737007037 0
vt 0.69925344 -1.3073775e-08 0
vt 0.800000131 1.57893908 0
vt 1 1.57893908 0
vt 0.400000155 1.57893908 0
vt 0.200000107 1.57893908 0
vt 0 1.57893908 0
vt 0.856905818 0.191655248 0
vt 1 0.170004994 0
vt 0.842207491 2.40750566e-08 0
vt 0.828509808 0.0346860476 0
vt 0.82196492 0.0543573834 0
vt 0.864763021 0.163097009 0
vt 0.53062892 0.364230275 0
vt 0.587103486 0.384010255 0
vt 0.59842819 0.384025306 0
vt 0.400000155 0.25908643 0
vt 0.491794884 0.339545041 0
vt 0.501770139 0.35317421 0
vt 0.503893018 0.353928983 0
vt 0.200000018 0.183726877 0
vt 0.310196757 0.236052752 0
vt 0.400000334 0.25908643 0
vt 0.0105976891 0.182093337 0
vt 0.030784227 0.183442533 0
vt 0.101343632 0.21093969 0
vt 0.136927113 0.206508905 0
vt 0.200000018 0.183726862 0
vt 1.27073649e-08 0.170004979 0
vt 0.400000155 1.04848719 0
vt 0.400000155 0.194036171 0
vt 0.440255553 0.190353706 0
vt 0.442312717 0.189077929 0
vt 0.539375186 0.126487017 0
vt 0.539385438 0.126292825 0
vt 0.539725959 0.122134574 0
vt 0.553399742 0.00222187652 0
vt 0.552442133 -7.75628362e-09 0
vt 0.600000322 0 0
vt 0.600000322 1.04848719 0
vt 1 1.04848719 0
vt 1 2.39446592 0
vt 0.800000131 2.39446592 0
vt 0.800000131 1.04848719 0
vt 0.600000322 2.39446592 0
vt 0.400000155 2.39446592 0
vt 0.200000107 2.39446592 0
vt 0.200000107 1.04848719 0
vt 0 2.39446592 0
vt 0 1.04848719 0
vt 1 4.36175585 0
vt 0.800000131 4.36175585 0
vt 0.600000322 4.36175585 0
vt 0.400000155 4.36175585 0
vt 0.200000107 4.36175585 0
vt 0 4.36175585 0
vt 0.800000131 8 0
vt 0.600000322 8 0
vt 0.400000155 8 0
vt 0.200000107 8 0
vt 0.895548761 0.200055584 0
vt 0.951909184 0.19217822 0
vt 1 0.191697687 0
vt 0.800000072 0.142153651 0
vt 0.849056005 0.18043299 0
vt 0.798385024 -2.85622654e-08 0
vt 0.74185276 0.029231621 0
vt 0.766190946 0.129932821 0
vt 0.765995622 0.137935147 0
vt 0.211297974 0.0878586695 0
vt 0.266266316 0.135801613 0
vt 0.321381956 0.191239521 0
vt 0.328090847 0.191800773 0
vt 0.400000095 0.194036171 0
vt 0.200000092 0.0599067621 0
vt 0.208996207 0.0799883232 0
vt -3.52509808e-08 0.191697672 0
vt 0.0177154578 0.191933751 0
vt 0.0681575164 0.16760233 0
vt 0.182032689 0.0867166743 0
vt 0.18693532 0.0757134333 0
vt 0.600000322 1.73510146 0
vt 0.600000203 0.198064446 0
vt 0.764737189 1.54408099e-07 0
vt 0.800000131 1.73510146 0
vt 1 1.73510146 0
vt 1 3.89572716 0
vt 0.800000131 3.89572716 0
vt 0.600000322 3.89572716 0
vt 0.400000155 3.89572716 0
vt 0.400000155 1.73510146 0
vt 0.200000107 3.89572716 0
vt 0.200000107 1.73510146 0
vt 0 3.89572716 0
vt 0 1.73510146 0
vt 1 6.66907644 0
vt 0.800000131 6.66907644 0
vt 0.600000322 6.66907644 0
vt 0.400000155 6.66907644 0
vt 0.200000107 6.66907644 0
vt 0 6.66907644 0
vt 1 10.4805717 0
vt 0.800000131 10.4805717 0
vt 0.600000322 10.4805717 0
vt 0.400000155 10.4805717 0
vt 0.200000107 10.4805717 0
vt 0 10.4805717 0
vt 1 17 0
vt 0.800000131 17 0
vt 0.600000322 17 0
vt 0.400000155 17 0
vt 0.200000107 17 0
vt 0 17 0
vt 0.810632408 1.81514736e-07 0
vt 0.811113536 0.00192141207 0
vt 0.824106693 0.0953562632 0
vt 0.914230347 0.0994681567 0
vt 0.968662322 0.106944807 0
vt 0.99999994 0.0644722655 0
vt 0.506359398 0.530095756 0
vt 0.548249185 0.485121131 0
vt 0.571557045 0.319517195 0
vt 0.600000262 0.198064446 0
vt 0.400000215 0.638364494 0
vt 0.412093818 0.641240954 0
vt 0.200000197 0.190757826 0
vt 0.239768252 0.311229348 0
vt 0.371978462 0.586685956 0
vt 0.400000453 0.638364553 0
vt 2.77987393e-08 0.0644722655 0
vt 0.0798827782 0.14236033 0
vt 0.16045855 0.20157814 0
vt 0.200000122 0.190757826 0
vt 0.600000322 2.11663866 0
vt 0.600000262 1.01848137 0
vt 0.633431196 0.946411312 0
vt 0.659905076 0.742846727 0
vt 0.754531026 0.337502092 0
vt 0.755580783 0.270800948 0
vt 0.780215025 -3.52686946e-08 0
vt 0.800000131 2.34994098e-16 0
vt 0.800000131 2.11663866 0
vt 1 2.11663866 0
vt 1 4.70163965 0
vt 0.800000131 4.70163965 0
vt 0.600000322 4.70163965 0
vt 0.400000155 4.70163965 0
vt 0.400000155 2.11663866 0
vt 0.200000107 4.70163965 0
vt 0.200000107 2.11663866 0
vt 0 4.70163965 0
vt 0 2.11663866 0
vt 1 7.95311546 0
vt 0.800000131 7.95311546 0
vt 0.600000322 7.95311546 0
vt 0.400000155 7.95311546 0
vt 0.200000107 7.95311546 0
vt 0 7.95311546 0
vt 1 12.339016 0
vt 0.800000131 12.339016 0
vt 0.600000322 12.339016 0
vt 0.400000155 12.339016 0
vt 0.200000107 12.339016 0
vt 0 12.339016 0
vt 0.835545421 0.159469306 0
vt 0.941695273 0.216916159 0
vt 0.953241706 0.260366559 0
vt 0.999999881 0.161149547 0
vt 0.821762979 4.02084737e-07 0
vt 0.834509492 0.114369355 0
vt 0.400000006 0.758301556 0
vt 0.482124507 0.859056592 0
vt 0.547795057 0.971421599 0
vt 0.600000501 1.01848149 0
vt 0.200000063 0.245356396 0
vt 0.400000095 0.758301556 0
vt 0.0911999121 0.238476202 0
vt 0.115370773 0.234362289 0
vt 0.200000018 0.245356411 0
vt -1.74308809e-07 0.161149547 0
vt 0.800000131 2.07843304 0
vt 0.922658443 4.98889889e-08 0
vt 0.949041307 0.0133629385 0
vt 0.973722935 -6.73577532e-08 0
vt 1 2.07843304 0
vt 0.600000322 2.07843304 0
vt 0.600000322 0.327951431 0
vt 0.649281919 0.27047047 0
vt 0.691676974 0.176860303 0
vt 0.780939639 1.60870599e-07 0
vt 0.800000131 2.30752421e-16 0
vt 0 2.07843304 0
vt 0.0172632486 1.20005254e-07 0
vt 0.100579105 0.0683904365 0
vt 0.133983999 0.072686471 0
vt 0.179548517 -2.511714e-07 0
vt 0.200000107 2.07843304 0
vt 1 4.79368877 0
vt 0.800000131 4.79368877 0
vt 0.600000322 4.79368877 0
vt 0.400000155 4.79368877 0
vt 0.400000155 2.07843304 0
vt 0.200000107 4.79368877 0
vt 0 4.79368877 0
vt 1 8.73407269 0
vt 0.800000131 8.73407269 0
vt 0.600000322 8.73407269 0
vt 0.400000155 8.73407269 0
vt 0.200000107 8.73407269 0
vt 0 8.73407269 0
vt 0.409698188 0.158386767 0
vt 0.479597956 0.310773015 0
vt 0.532568216 0.335335076 0
vt 0.400000155 0.140710652 0
vt 0.327751517 0.0692220703 0
vt 0.400000066 0.140710637 0
vt 0.239500791 -8.23691764e-08 0
vt 0.400000155 0 0
vt 0.400000185 0.334025919 0
vt 0.385761976 0.352703214 0
vt 0.400000274 0.410590798 0
vt 0.400000155 2.92578244 0
vt 0.200000107 2.92578244 0
vt 0 2.92578244 0
vt 2.45564742e-08 0.235798374 0
vt 0.0584360883 0.227990985 0
vt 0.0757487416 0.1502316 0
vt 0.111218028 0.0039640516 0
vt 0.110685527 -8.50153583e-08 0
vt 1 2.92578244 0
vt 1 6.9625535 0
vt 0.800000131 6.9625535 0
vt 0.800000131 2.92578244 0
vt 0.600000322 6.9625535 0
vt 0.600000322 2.92578244 0
vt 0.400000155 6.9625535 0
vt 0.200000107 6.9625535 0
vt 0 6.9625535 0
vt 0.800000131 0.407760859 0
vt 0.898960471 0.411930591 0
vt 0.942686915 0.34308815 0
vt 0.999999881 0.235798389 0
vt 0.600000322 0.693918467 0
vt 0.799999952 0.407760888 0
vt 0.400000423 0.33402589 0
vt 0.400000155 3.24827103e-16 0
vt 0.460558325 -1.1435187e-07 0
vt 0.459447116 0.000995512935 0
vt 0.418702453 0.0872363746 0
vt 0.400606453 0.328602135 0
vt 0.542256117 0.755840659 0
vt 0.600000501 0.693918526 0
vt 0.400000036 0.410590768 0
vt 0.428879291 0.600628436 0
vt 0.431106269 0.616321445 0
vt 0.541458845 0.755120993 0
vt 0.400000155 1.11711827e-16 0
vt 0.600000322 1.11711827e-16 0
vt 0.200000107 1.104159e-16 0
vt 0.400000155 1.104159e-16 0
vt 0 1.104159e-16 0
vt 0.600000322 2.71601776e-16 0
vt 0.800000131 2.71601776e-16 0
vt 0.400000155 2.71601776e-16 0
vt 0.200000107 2.71601776e-16 0
vt 0.199999958 0.0280518271 0
vt 0.208703727 0.0216870289 0
vt 0.20269835 3.36886963e-08 0
vt 0.1987409 -1.33801015e-08 0
vt 0.196105465 0.0161543675 0
vt 0.199999988 0.0280518308 0
vt 0.200000107 1.38408479e-16 0
vt 0 1.38408479e-16 0
vt 1.00000012 0.225034773 0
vt 0.956446111 0.497524917 0
vt 0.827352643 1.3317585 0
vt 0.802238643 0.902424753 0
vt 0.799999952 0.909187257 0
vt 0.800000012 0.909187257 0
vt 0.797532678 0.929199398 0
vt 0.763730109 1.82027352 0
vt 0.750448108 1.93443847 0
vt 0.738839149 2.05544138 0
vt 0.689556718 2.06892347 0
vt 0.685492039 2.07010674 0
vt 0.635405421 2.08008432 0
vt 0.634053171 2.08040047 0
vt 0.621591628 2.08049536 0
vt 0.600000322 2.08049488 0
vt 0.400000185 1.86828721 0
vt 0.600000203 2.08049488 0
vt 0.596245527 2.08078408 0
vt 0.57935971 2.08132648 0
vt 0.555959821 2.08091259 0
vt 0.527364016 2.07948399 0
vt 0.503136992 2.07334518 0
vt 0.47254616 2.0655899 0
vt 0.428580403 2.05833173 0
vt 0.420461625 2.04755235 0
vt 0.200000346 0.251838177 0
vt 0.400000274 1.86828721 0
vt 0.268041044 0.572220325 0
vt 0.163104475 0.585757613 0
vt 0.110503331 0.697457731 0
vt 0.0256498195 0.413398325 0
vt 2.41925324e-08 0.225034773 0
vt 0.200000092 0.251838177 0
vt 1 3.03461766 0
vt 1 6.81775999 0
vt 0.800000131 6.81775999 0
vt 0.800000131 3.03461766 0
vt 0.600000322 6.81775999 0
vt 0.600000322 3.03461766 0
vt 0.400000155 6.81775999 0
vt 0.400000155 3.03461766 0
vt 0.200000107 6.81775999 0
vt 0.200000107 3.03461766 0
vt 0 6.81775999 0
vt 0 3.03461766 0
vt 1 11.7477722 0
vt 0.800000131 11.7477722 0
vt 0.600000322 11.7477722 0
vt 0.400000155 11.7477722 0
vt 0.200000107 11.7477722 0
vt 0 11.7477722 0
vt 1 18.8285561 0
vt 0.800000131 18.8285561 0
vt 0.600000322 18.8285561 0
vt 0.400000155 18.8285561 0
vt 0.200000107 18.8285561 0
vt 0 18.8285561 0
vt 1 31 0
vt 0.800000131 31 0
vt 0.600000322 31 0
vt 0.400000155 31 0
vt 0.200000107 31 0
vt 0 31 0
vt 0.600000381 0.0510300808 0
vt 0.630130708 -5.4982749e-08 0
vt 0.647388995 0.0273768138 0
vt 0.611359239 0.0472204946 0
vt 0.600000322 0.0510300808 0
vt 0.562436879 0.00559755415 0
vt 0.54947865 0.000563774316 0
vt 0.550918281 -6.06732726e-08 0
vt 0.938542306 0.00362025853 0
vt 0.937320232 0.0019007537 0
vt 0.939036131 0.00233231555 0
vt 0.800000131 2.4543221 0
vt 0.929764509 2.71822298e-08 0
vt 0.952964723 0.00583646307 0
vt 0.966072023 -5.92595661e-08 0
vt 1 2.4543221 0
vt 0.600000322 2.4543221 0
vt 0.600000262 0.246453136 0
vt 0.626649559 0.138180047 0
vt 0.619455695 0.0886299089 0
vt 0.606980741 0.0818998292 0
vt 0.621768773 0.0141855134 0
vt 0.629551351 -1.15686262e-07 0
vt 0.400000155 2.4543221 0
vt 0.200000107 2.4543221 0
vt 0 2.4543221 0
vt 0.538881302 0.218239635 0
vt 0.563629448 0.185251102 0
vt 0.544916213 0.29999733 0
vt 0.581784725 0.300089687 0
vt 0.600000322 0.246453136 0
vt 0.400000125 0.217216223 0
vt 0.439369768 0.25731799 0
vt 0.53120786 0.224289104 0
vt 0.536019802 0.222169057 0
vt 0.200000271 0.0171832312 0
vt 0.400000006 0.217216179 0
vt 0.104908161 0.0549627505 0
vt 0.200000152 0.0171832349 0
vt 0.0231417362 6.27004439e-08 0
vt 0.0283279661 0.0381465405 0
vt 0.0610493869 0.0199130755 0
vt 0.600000381 0.113863394 0
vt 0.59642458 0.144321978 0
vt 0.598565698 0.127841815 0
vt 0.600000262 0.113863394 0
vt 0.830136657 3.06115532 0
vt 0.800000191 2.90487075 0
vt 0.839020908 4.47968418e-08 0
vt 0.943860054 0.0573366024 0
vt 0.999999523 0.0503735319 0
vt 1 3.50793934 0
vt 0.800000012 2.90487075 0
vt 0.600000262 2.9422667 0
vt 0.600000322 0.205467537 0
vt 0.699659288 0.144451499 0
vt 0.709094048 0.141568765 0
vt 0.76467222 0.0155767705 0
vt 0.779840827 -9.38000753e-08 0
vt 0.400000125 3.39842296 0
vt 0.400000155 0.429710001 0
vt 0.490547091 0.333000928 0
vt 0.563684464 0.253753304 0
vt 0.600000679 0.205467597 0
vt 0.599999964 2.9422667 0
vt 0.496629059 3.06659079 0
vt 0.374294549 0.463712543 0
vt 0.400000215 0.429710001 0
vt 0.400000036 3.39842296 0
vt 0.268137008 3.59672928 0
vt 0.200000107 3.75042462 0
vt 0.200000077 0.549921691 0
vt 0.212887302 0.564574659 0
vt 0.241384551 0.59403491 0
vt 0.289032102 0.560514688 0
vt 0.340401381 0.539043009 0
vt 1.87446925e-09 3.50793934 0
vt -6.76238869e-08 0.0503735468 0
vt 0.03580698 3.75286731e-07 0
vt 0.175332069 2.2283615e-07 0
vt 0.137473732 0.14297168 0
vt 0.126092851 0.198029861 0
vt 0.133210957 0.285057962 0
vt 0.145301491 0.44309327 0
vt 0.200000346 0.549921632 0
vt 0.200000092 3.75042486 0
vt 0.0514800735 3.55800247 0
vt 0.697096229 -7.34491967e-10 0
vt 0.548027515 -1.47463686e-08 0
vt 0.0337786153 -4.43424177e-08 0
vt 0.0391334519 0.00239897659 0
vt 0.771543443 1.04173772e-07 0
vt 1 1.37642586 0
vt 1 3.11555362 0
vt 0.800000131 3.11555362 0
vt 0.800000131 1.37642586 0
vt 0.600000322 3.11555362 0
vt 0.600000322 1.37642586 0
vt 0.400000155 3.11555362 0
vt 0.400000155 1.37642586 0
vt 0.200000107 3.11555362 0
vt 0.200000107 1.37642586 0
vt 0 3.11555362 0
vt 0 1.37642586 0
vt 1 5.37727356 0
vt 0.800000131 5.37727356 0
vt 0.600000322 5.37727356 0
vt 0.400000155 5.37727356 0
vt 0.200000107 5.37727356 0
vt 0 5.37727356 0
vt 1 8.55405426 0
vt 0.800000131 8.55405426 0
vt 0.600000322 8.55405426 0
vt 0.400000155 8.55405426 0
vt 0.200000107 8.55405426 0
vt 0 8.55405426 0
vt 1 14 0
vt 0.800000131 14 0
vt 0.600000322 14 0
vt 0.400000155 14 0
vt 0.200000107 14 0
vt 0 14 0
vt 0.936721861 0.0875178427 0
vt 0.999999821 0.00247287611 0
vt 0.800000191 0.250671029 0
vt 0.801844954 0.249545217 0
vt 0.853931904 0.206989512 0
vt 0.707411468 0.483620733 0
vt 0.721337914 0.457492054 0
vt 0.799790502 0.251586497 0
vt 0.80000025 0.250671029 0
vt 0.600000262 0.450372517 0
vt 0.43134591 0.205609828 0
vt 0.536771595 0.395251393 0
vt 0.568767786 0.417453825 0
vt 0.400000125 0.126874521 0
vt 0.400991857 0.133540392 0
vt 0.239448249 0.098608911 0
vt 0.262697458 0.0862554833 0
vt 0.398768425 0.130867764 0
vt 0.400000125 0.126874506 0
vt 0.200000241 0.0704565719 0
vt 4.05138678e-08 0.00247287494 0
vt 0.00310812471 0.00637129927 0
vt 0.0662866533 0.211031884 0
vt 0.0824994147 0.208346203 0
vt 0.200000167 0.0704565793 0
vt 0.200000107 3.82548666e-16 0
vt 0.400000155 3.82548666e-16 0
vt 0 3.82548666e-16 0
vt 1 1.53296506 0
vt 1 3.70040131 0
vt 0.800000131 3.70040131 0
vt 0.800000131 1.53296506 0
vt 0.600000322 3.70040131 0
vt 0.600000322 1.53296506 0
vt 0.400000155 3.70040131 0
vt 0.400000155 1.53296506 0
vt 0.200000107 3.70040131 0
vt 0.200000107 1.53296506 0
vt 0 3.70040131 0
vt 0 1.53296506 0
vt 0.946144521 0.279055148 0
vt 0.99999994 0.183460325 0
vt 0.800000191 0.371928483 0
vt 0.878664672 0.316314548 0
vt 0.683527052 0.550212622 0
vt 0.600000143 0.693678916 0
vt 0.438529789 0.637437701 0
vt 0.526287794 0.701617539 0
vt 0.546566367 0.718400121 0
vt 0.600000262 0.693678916 0
vt 0.400000215 0.531032741 0
vt 0.41559568 0.585116148 0
vt 0.49099794 -2.38931719e-08 0
vt 0.438149273 0.0365035348 0
vt 0.400000095 0.10034509 0
vt 0.400000036 0.100345083 0
vt 0.332762152 0.0195220225 0
vt 0.362900466 0.245478779 0
vt 0.22943747 0.141627148 0
vt 0.400000274 0.531032741 0
vt 0.0892798379 0.205399632 0
vt 0.162145704 0.139410555 0
vt 0.192258731 0.0812143534 0
vt 0.178632215 4.11398338e-09 0
vt 2.25892816e-09 0.18346031 0
vt 0.0387455225 0.186781332 0
vt 1 1.7129873 0
vt 0.800000131 1.7129873 0
vt 0.600000322 1.7129873 0
vt 0.600000262 0.156241432 0
vt 0.685435534 0.0894853473 0
vt 0.747464597 0.0301046818 0
vt 0.758845747 -1.00660742e-07 0
vt 1 3.91925788 0
vt 0.800000131 3.91925788 0
vt 0.600000322 3.91925788 0
vt 0.400000155 3.91925788 0
vt 0.400000155 1.7129873 0
vt 0.200000107 3.91925788 0
vt 0.200000107 1.7129873 0
vt 0 3.91925788 0
vt 0 1.7129873 0
vt 1 7.14067459 0
vt 0.800000131 7.14067459 0
vt 0.600000322 7.14067459 0
vt 0.400000155 7.14067459 0
vt 0.200000107 7.14067459 0
vt 0 7.14067459 0
vt 0.448445499 0.164345071 0
vt 0.537881732 0.226566747 0
vt 0.565419018 0.166095361 0
vt 0.600000322 0.156241432 0
vt 0.400000304 0.082033895 0
vt 0.412105531 0.0992272943 0
vt 0.200000122 0.0122848907 0
vt 0.324965596 0.0512000434 0
vt 0.400000215 0.0820339173 0
vt 0.0854960904 0.0545119755 0
vt 0.195707515 0.0182817411 0
vt 0.200000063 0.0122848824 0
vt 0 1.90179795e-16 0
vt 0.0518509075 -3.90068777e-08 0
vt 0.0691441819 0.0111026121 0
vt 0 1.7881943 0
vt -6.67737794e-08 0.0746830702 0
vt 0.030358227 0.0530259423 0
vt 0.0265675951 1.47204887e-07 0
vt 0.200000107 1.7881943 0
vt 1 1.7881943 0
vt 1 3.98770928 0
vt 0.800000131 3.98770928 0
vt 0.800000131 1.7881943 0
vt 0.600000322 3.98770928 0
vt 0.600000322 1.7881943 0
vt 0.400000155 3.98770928 0
vt 0.400000155 1.7881943 0
vt 0.200000107 3.98770928 0
vt 0 3.98770928 0
vt 1 7.09096479 0
vt 0.800000131 7.09096479 0
vt 0.600000322 7.09096479 0
vt 0.400000155 7.09096479 0
vt 0.200000107 7.09096479 0
vt 0 7.09096479 0
vt 0.968099296 0.143899277 0
vt 0.999999821 0.0746830851 0
vt 0.799999952 0.170185462 0
vt 0.880572379 0.129625484 0
vt 0.600000381 0.285348117 0
vt 0.799738646 0.170366973 0
vt 0.799999952 0.170185477 0
vt 0.536949158 0.281621426 0
vt 0.589743078 0.288552046 0
vt 0.600000262 0.285348117 0
vt 0.400000006 0.0143348239 0
vt 0.425396264 0.0798190534 0
vt 0.410090327 0.160262585 0
vt 0.404108942 0.288681269 0
vt 0.432481408 0.340219975 0
vt 0.393884391 6.83217394e-09 0
vt 0.400000066 0.0143348118 0
vt 0.86500901 0.114107579 0
vt 0.820271432 0.100786977 0
vt 0.800000131 0.0644344166 0
vt 1.00000012 0.127561942 0
vt 0.953904867 0.145562425 0
vt 0.800000191 0.0644344166 0
vt 0.741928935 0.130997017 0
vt 0.695512652 0.160890818 0
vt 0.610434771 0.21872668 0
vt 0.600000381 0.22461161 0
vt 0.418393612 0.241444901 0
vt 0.400000095 0.224241719 0
vt 0.600000322 0.22461161 0
vt 0.538550973 0.262205452 0
vt 0.535958469 0.262929827 0
vt 0.419468522 0.241207287 0
vt 0.400000125 0.224241719 0
vt 0.39805308 0.223187581 0
vt 0.200000122 0.0744022056 0
vt 0.142226309 0.102199413 0
vt 0.113448247 0.13847135 0
vt 0.0252108369 0.131318331 0
vt -1.55650923e-08 0.127561957 0
vt 0.200000122 0.0744022131 0
vt 1 0.869178593 0
vt 1 1.93410277 0
vt 0.800000131 1.93410277 0
vt 0.800000131 0.869178593 0
vt 0.600000322 1.93410277 0
vt 0.600000322 0.869178593 0
vt 0.400000155 1.93410277 0
vt 0.400000155 0.869178593 0
vt 0.200000107 1.93410277 0
vt 0.200000107 0.869178593 0
vt 0 1.93410277 0
vt 0 0.869178593 0
vt 1 3.24582624 0
vt 0.800000131 3.24582624 0
vt 0.600000322 3.24582624 0
vt 0.400000155 3.24582624 0
vt 0.200000107 3.24582624 0
vt 0 3.24582624 0
vt 1 4.92558146 0
vt 0.800000131 4.92558146 0
vt 0.600000322 4.92558146 0
vt 0.400000155 4.92558146 0
vt 0.200000107 4.92558146 0
vt 0 4.92558146 0
vt 1 7.09255409 0
vt 0.800000131 7.09255409 0
vt 0.600000322 7.09255409 0
vt 0.400000155 7.09255409 0
vt 0.200000107 7.09255409 0
vt 0 7.09255409 0
vt 1 9.90874195 0
vt 0.800000131 9.90874195 0
vt 0.600000322 9.90874195 0
vt 0.400000155 9.90874195 0
vt 0.200000107 9.90874195 0
vt 0 9.90874195 0
vt 1 13.999999 0
vt 0.800000131 13.999999 0
vt 0.600000322 13.999999 0
vt 0.400000155 13.999999 0
vt 0.200000107 13.999999 0
vt 0 13.999999 0
vt 0 1.31427075e-16 0
vt 0.200000107 1.31427075e-16 0
vt 0.600000441 0.0014735579 0
vt 0.600757539 -3.26232367e-07 0
vt 0.599402964 2.48820811e-07 0
vt 0.600000083 0.0014735657 0
vt 0 3.48620224 0
vt 1.49224007e-07 0.420978606 0
vt 0.0100089144 0.421824664 0
vt 0.126073286 0.389072567 0
vt 0.138252005 0.390908509 0
vt 0.147397488 0.384902596 0
vt 0.19104664 1.87429478e-07 0
vt 0.200000107 3.48620224 0
vt 1 3.48620224 0
vt 1 7.71523285 0
vt 0.800000131 7.71523285 0
vt 0.800000131 3.48620224 0
vt 0.600000322 7.71523285 0
vt 0.600000322 3.48620224 0
vt 0.400000155 7.71523285 0
vt 0.400000155 3.48620224 0
vt 0.200000107 7.71523285 0
vt 0 7.71523285 0
vt 1 12.9354782 0
vt 0.800000131 12.9354782 0
vt 0.600000322 12.9354782 0
vt 0.400000155 12.9354782 0
vt 0.200000107 12.9354782 0
vt 0 12.9354782 0
vt 1 19.5588512 0
vt 0.800000131 19.5588512 0
vt 0.600000322 19.5588512 0
vt 0.400000155 19.5588512 0
vt 0.200000107 19.5588512 0
vt 0 19.5588512 0
vt 1 28.8903809 0
vt 0.800000131 28.8903809 0
vt 0.600000322 28.8903809 0
vt 0.400000155 28.8903809 0
vt 0.200000107 28.8903809 0
vt 0 28.8903809 0
vt 1 44 0
vt 0.800000131 44 0
vt 0.600000322 44 0
vt 0.400000155 44 0
vt 0.200000107 44 0
vt 0 44 0
vt 0.899742723 0.421123296 0
vt 0.999999821 0.420978606 0
vt 0.80000031 0.403656662 0
vt 0.819620907 0.400191337 0
vt 0.84500438 0.419835746 0
vt 0.876515985 0.422696978 0
vt 0.882205546 0.423213631 0
vt 0.60000062 0.422477126 0
vt 0.667470515 0.428380966 0
vt 0.692416728 0.430563807 0
vt 0.772450447 0.420727849 0
vt 0.78158778 0.420433521 0
vt 0.790890753 0.41806671 0
vt 0.792723238 0.41141811 0
vt 0.800000191 0.403656662 0
vt 0.568421185 0.430787116 0
vt 0.597399056 0.423670322 0
vt 0.600000143 0.422477126 0
vt 0.400000125 0.428723663 0
vt 0.403715789 0.42844674 0
vt 0.421930403 0.422990024 0
vt 0.428796947 0.427050471 0
vt 0.488317102 0.433652818 0
vt 0.512006402 0.436280102 0
vt 0.260732472 0.401208669 0
vt 0.287721902 0.416164458 0
vt 0.312836885 0.430206925 0
vt 0.399999946 0.428723663 0
vt 0.206870288 -4.45009903e-07 0
vt 0.248165026 0.389225364 0
vt 0.600000322 3.24827103e-16 0
vn 0.715854049 0.577728391 -0.392151505
vn 0.850344837 0.518859446 0.087741673
vn 0.608892977 0.538192749 0.582750261
vn 0.105084144 0.60586071 0.788600028
vn -0.353432268 0.688273311 0.633534193
vn -0.667738974 0.716309249 0.202548072
vn -0.667507827 0.674320221 -0.315793723
vn -0.308531016 0.654736817 -0.690020502
vn 0.273556083 0.633542299 -0.7237342
vn 0.749637365 0.492422998 -0.442225486
vn 0.899356604 0.43058154 0.0758765489
vn 0.645920873 0.422051251 0.636128187
vn 0.0827471167 0.451992065 0.888175726
vn -0.443307072 0.518922985 0.730888307
vn -0.790481508 0.5644539 0.237761959
vn -0.780577898 0.530284822 -0.330902159
vn -0.336128026 0.550241828 -0.764363766
vn 0.319432408 0.532148838 -0.784079432
vn 0.790063918 0.289378762 -0.540424883
vn 0.966730595 0.250842184 0.0501020402
vn 0.679896057 0.155564576 0.716617763
vn 0.0156568196 0.0424824283 0.998974502
vn -0.57556355 0.0263154581 0.817333579
vn -0.952430785 0.110122412 0.284163117
vn -0.934498727 0.182347029 -0.305714905
vn -0.377929509 0.308843017 -0.872803092
vn 0.404969305 0.300992668 -0.863367438
vn 0.429449648 0.896030605 -0.112704076
vn 0.367896706 0.915679395 0.161812454
vn 0.456011683 0.823423624 0.337678552
vn -0.0172345098 0.834154546 0.551261365
vn -0.472081691 0.740928829 0.47766459
vn -0.400106102 0.888353586 0.225261942
vn -0.561095476 0.826120019 0.051939033
vn -0.21038112 0.965011775 -0.156499088
vn 0.322690099 0.870372653 -0.371917456
vn 0.19853875 0.972128332 0.124695465
vn 0.386445761 0.891208053 0.237503365
vn 0.453162462 0.88643539 0.0942133218
vn -0.0915354118 0.991503119 0.0924268663
vn -0.437167108 0.87191844 0.220551878
vn -0.113523223 0.980376899 0.161163375
vn -0.400103718 0.890010297 0.218629256
vn -0.0860730633 0.963936925 0.251827449
vn 0.234137148 0.971521378 -0.0364153758
vn -0.0702072755 0.986606479 0.147236407
vn -0.345461816 0.794161379 0.499963731
vn -0.397524208 0.81899482 0.413789928
vn -0.250015855 0.881154656 0.401321143
vn -0.382624418 0.865884244 0.322246969
vn -0.306415439 0.913505793 0.267613053
vn -0.203616768 0.938887477 0.277543813
vn -0.12373817 0.929272711 0.348053426
vn -0.105641447 0.889513195 0.444529265
vn -0.156774506 0.839173973 0.520777106
vn -0.251121789 0.80182898 0.542225063
vn -0.485137284 0.437816083 0.756940424
vn -0.711152911 0.539234459 0.451096058
vn -0.867701352 0.282566786 0.408962548
vn -0.603073418 0.0427653231 0.796538472
vn -0.721839905 0.617834985 0.311812788
vn -0.786577463 0.601400912 0.140046179
vn -0.620956957 0.696817219 0.358968407
vn -0.553449035 0.825425744 0.111205086
vn -0.519847929 0.520013392 0.677749395
vn -0.243515179 0.94486475 0.218931809
vn -0.259610027 0.697274685 0.668139756
vn 0.0752868727 0.874624014 0.478920311
vn -0.184749007 0.615982711 0.765789151
vn 0.202138826 0.668940902 0.715302706
vn -0.185380638 0.532440543 0.825918257
vn 0.143229559 0.425868928 0.893376112
vn -0.273122013 0.457794756 0.846066415
vn -0.164389119 0.134896234 0.977127969
vn -0.899888456 0.154540628 0.407821089
vn -0.626098633 0.00339133758 0.779736519
vn -0.873305738 0.478309572 -0.0925040841
vn -0.799693286 0.504610121 -0.325360268
vn -0.179987028 0.923734069 -0.338112533
vn 0.61946249 0.69264245 0.369476348
vn 0.582100868 0.248817801 0.774111271
vn 0.376805127 0.28031832 0.882858813
vn -0.210146755 0.0211989749 0.97744
vn -0.802195072 0.304319322 0.513685286
vn -0.625105381 0.197281018 0.755197644
vn -0.795315981 0.602603436 0.0658904389
vn -0.496827275 0.819217145 -0.286436766
vn -0.0544341244 0.962457836 -0.265916824
vn 0.539357066 0.810072422 0.2299494
vn 0.646018803 0.465093136 0.605266929
vn 0.322990566 0.360000998 0.87525785
vn -0.286952496 0.246944055 0.925568402
vn -0.490237802 0.726543605 0.481457412
vn -0.444044769 0.673388422 0.591077209
vn -0.44207409 0.838624477 0.318244398
vn -0.346376151 0.92283839 0.168501973
vn -0.183366805 0.968492806 0.168518499
vn 0.0831653774 0.932432592 0.351643264
vn 0.244659156 0.792062461 0.559266388
vn 0.0524735227 0.74128294 0.669138312
vn -0.260301948 0.706343293 0.658272147
vn -0.669854403 0.633509755 0.387247235
vn -0.462308019 0.632331431 0.621633649
vn -0.516742229 0.638569474 0.570268869
vn -0.819639921 0.571723282 -0.0363726467
vn -0.827252626 0.553833783 -0.0944526345
vn -0.776786029 0.584734619 0.233856604
vn -0.853647947 0.51859355 -0.0484348126
vn -0.855200768 0.518056333 0.0157911144
vn -0.863618374 0.43252185 0.259013772
vn -0.732410789 0.311817348 0.605263948
vn -0.863507569 0.405597389 0.29974255
vn -0.466955692 0.269669086 0.842158556
vn -0.397379875 0.275795668 0.87522912
vn -0.340004623 0.273223668 0.899858654
vn -0.337683856 0.273164839 0.900749981
vn -0.277274281 0.276216835 0.920229912
vn -0.569385648 0.280801892 0.772625446
vn -0.200434044 0.33405894 0.92099452
vn -0.00694884686 0.365419567 0.930817008
vn 0.0309380349 0.422916293 0.905640483
vn 0.101095133 0.461549491 0.881335258
vn -0.159003511 0.554350734 0.816953659
vn -0.205962986 0.571669042 0.794212639
vn 0.161873996 0.466854781 0.869392574
vn 0.156216741 0.466895133 0.870405257
vn 0.0846336931 0.464839935 0.881340504
vn -0.402729779 0.603261292 0.688392699
vn -0.0297573321 0.946399748 -0.321623981
vn 0.0488329828 0.967772543 -0.247045934
vn -0.0983036757 0.979108989 -0.177994609
vn 0.0592232011 0.98848325 -0.139260724
vn -0.00283751893 0.998818874 -0.0485036746
vn -0.108598515 0.993930399 -0.0175715536
vn -0.208733082 0.976082325 -0.0607767366
vn -0.256179661 0.953648448 -0.157882065
vn -0.228611454 0.937140703 -0.263636172
vn -0.13934736 0.934200227 -0.32840836
vn 0.424334317 0.146062553 -0.893647671
vn 0.56225872 0.192064717 -0.80434835
vn 0.789878249 0.431083322 -0.436187536
vn 0.546196043 0.31842649 -0.774773777
vn 0.571777403 0.743784904 -0.346200287
vn 0.756138027 0.644851923 -0.111450456
vn 0.455296934 0.872650206 -0.176596582
vn 0.5440467 0.836094439 0.0704212487
vn 0.29138878 0.944945276 -0.148899421
vn 0.241749406 0.963918447 0.111437522
vn -0.541004121 0.449486315 -0.710828125
vn -0.680891693 0.595479906 -0.426368594
vn -0.560540855 0.317652851 -0.764781475
vn -0.73624146 0.312957436 -0.60000509
vn -0.511030436 0.21001412 -0.833511829
vn -0.646012127 0.0919599161 -0.757767498
vn 0.0417041294 0.165180638 -0.985381246
vn -0.404834509 -0.100334428 -0.908868611
vn 0.896417379 0.107421882 -0.429995954
vn 0.53967452 -0.0861723572 -0.837451875
vn 0.882555366 0.468557298 0.0393683128
vn 0.599645972 0.746972382 0.287153274
vn 0.183333099 0.919174612 0.348578513
vn -0.738878667 0.663947761 -0.115028813
vn -0.845583498 0.320824385 -0.426685154
vn -0.728151619 0.0186467115 -0.685162485
vn -0.353898436 -0.262360424 -0.897732139
vn 0.906044006 -0.0753617808 -0.416419238
vn 0.493900239 -0.237648815 -0.83641237
vn 0.933283985 0.301311821 0.195428148
vn 0.632408857 0.579637468 0.513886571
vn 0.0920906439 0.784089684 0.613777518
vn -0.784121215 0.599094033 0.16198796
vn -0.909510911 0.305556476 -0.281824768
vn -0.785743713 0.0366951078 -0.617462695
vn -0.300314635 -0.27796194 -0.912440777
vn 0.883721113 -0.0839981735 -0.460414261
vn 0.454794794 -0.218022749 -0.863497376
vn 0.941297174 0.224485755 0.252122521
vn 0.612436414 0.451040238 0.649218261
vn 0.0128527256 0.611897051 0.790832996
vn -0.692611158 0.551808834 0.464539349
vn -0.93848139 0.338018298 -0.0706844479
vn -0.814186394 -0.00493159285 -0.580582738
vn -0.198655531 -0.161698952 -0.966638207
vn 0.868799627 0.0328990743 -0.494069606
vn 0.409900516 -0.107352629 -0.905790865
vn 0.94240284 0.245774761 0.22687389
vn 0.594552517 0.361320317 0.718299985
vn -0.0467763655 0.40191561 0.914481103
vn -0.711771131 0.285336643 0.641844988
vn -0.992219627 0.114813782 0.0481472909
vn -0.769927382 -0.0624045804 -0.635072768
vn -0.271979958 -0.139912412 -0.952077448
vn 0.766124666 0.47291562 -0.435205668
vn 0.282511681 0.515948653 -0.808692813
vn 0.785456002 0.617902756 0.0354271159
vn 0.423102736 0.68094939 0.597739041
vn -0.139017418 0.588912308 0.796150982
vn -0.538702369 0.5634377 0.626368761
vn -0.734514773 0.677454412 -0.0392890163
vn -0.60422492 0.347879529 -0.716862619
vn -0.375343919 0.315866709 -0.871404052
vn 0.353359193 0.880604565 -0.315710336
vn 0.0525011793 0.90410161 -0.424080104
vn 0.329748005 0.934959829 -0.130829468
vn 0.108435184 0.978871405 0.173356667
vn -0.151792705 0.926918507 0.343192369
vn -0.290560514 0.933995605 0.207910344
vn -0.293689191 0.945266187 -0.142191738
vn -0.331829488 0.825203478 -0.457086772
vn -0.264877945 0.799725771 -0.538774848
vn 0.778386116 0.471613675 -0.414361775
vn 0.80993098 0.473012656 -0.346800894
vn 0.454063892 0.52974391 -0.716377914
vn 0.756514549 0.469619811 -0.455129683
vn 0.919712305 0.392561793 0.00494091818
vn 0.92019558 0.391383827 0.0076720193
vn 0.875445426 0.365571946 -0.316152513
vn 0.805721641 0.328552693 -0.492814153
vn 0.807593882 0.3206141 -0.494973511
vn 0.920515239 0.385423809 -0.0640311912
vn 0.925017774 0.376424074 -0.051449284
vn 0.925273716 0.359531999 -0.120852798
vn 0.768552125 0.294811577 -0.567814827
vn 0.756969631 0.295382291 -0.582877576
vn 0.345379621 0.880755246 -0.324011058
vn 0.340921581 0.878884017 -0.333669633
vn 0.0488133058 0.487206191 -0.871921659
vn -0.00867563672 0.424892068 -0.905202448
vn -0.0724220648 0.371547878 -0.925584674
vn -0.369957715 0.371840954 -0.851390421
vn -0.494504422 0.39379409 -0.774849355
vn -0.498225659 0.396319896 -0.771169066
vn -0.0759974793 0.33091265 -0.940596163
vn -0.486618221 0.456941247 -0.744585454
vn -0.507592499 0.462705702 -0.726810277
vn -0.478641421 0.498692989 -0.722639382
vn -0.246784687 0.524929404 -0.8145836
vn -0.0632085502 0.559006214 -0.826750755
vn -0.349146068 0.49219805 -0.797394514
vn 0.351219833 0.518235385 -0.779792786
vn 0.327162921 0.51474607 -0.792465031
vn 0.309902102 0.741996109 0.5944767
vn 0.22581327 0.769308329 0.597639501
vn 0.290214658 0.820328474 0.4927845
vn 0.168781325 0.817339838 0.550879776
vn 0.164045334 0.863868117 0.476257354
vn 0.214136049 0.88756758 0.407884419
vn 0.296578646 0.877340674 0.377245635
vn 0.373046964 0.837386727 0.399523944
vn 0.406939209 0.786195278 0.465077907
vn 0.381907344 0.748336971 0.542345524
vn 0.639812112 0.0448499769 0.76722151
vn 0.202985749 0.0764331743 0.976194084
vn -0.17713517 -0.141108602 0.974018216
vn 0.525492728 -0.235087872 0.81767416
vn -0.191964477 0.1150029 0.974640429
vn -0.391852081 0.119255029 0.912266433
vn -0.101699471 0.228265345 0.968272746
vn -0.31055066 0.444399416 0.840278149
vn 0.446328074 0.417034894 0.791753232
vn 0.276159763 0.800316691 0.532192588
vn 0.735782087 0.390402973 0.553362727
vn 0.771890759 0.601759017 0.205111578
vn 0.81618917 0.276421428 0.507371962
vn 0.948928297 0.210013494 0.235434368
vn 0.82433027 0.172512934 0.539183617
vn 0.941554904 0.00657006772 0.336795658
vn 0.767287314 0.0765084475 0.63672328
vn 0.810128152 -0.184351549 0.55651319
vn -0.0418151543 0.652209282 0.756884813
vn 0.24844934 0.490448296 0.835304379
vn -0.368973404 0.731822789 0.572969437
vn -0.371784925 0.839898884 0.395405918
vn -0.172897935 0.976761997 0.126658291
vn 0.23293297 0.972213447 -0.0233093128
vn 0.657156467 0.7534495 0.0214283112
vn 0.721684575 0.67071557 0.171207905
vn 0.749366879 0.281274647 0.599444807
vn 0.195963696 0.801710546 0.56467551
vn 0.276698768 0.753069043 0.596929371
vn -0.0150641436 0.833016098 0.553043723
vn -0.0324780904 0.878634214 0.476389468
vn 0.110352367 0.93636477 0.333231568
vn 0.297380507 0.918867648 0.259320468
vn 0.512578249 0.82215488 0.247638911
vn 0.509332478 0.789692163 0.342004061
vn 0.323073685 0.796176136 0.511592686
vn 0.24660033 0.473978937 0.845300198
vn 0.205963254 0.46773237 0.859538078
vn -0.214976504 0.211249486 0.953498125
vn 0.395721376 0.176829338 0.901185811
vn 0.406945914 0.177474469 0.896045685
vn 0.0870584175 0.157188758 0.983723819
vn 0.182839781 0.164720565 0.969245434
vn 0.229418248 0.167829946 0.958749413
vn 0.325564861 0.188034326 0.926634073
vn 0.619838536 0.217955351 0.753853917
vn 0.67641902 0.223699078 0.701723695
vn 0.796420515 0.271419346 0.540412605
vn 0.855161846 0.308194548 0.416790634
vn 0.923975587 0.333476156 0.18725048
vn 0.934811413 0.349278241 0.0642840564
vn 0.925017774 0.376424074 -0.051449284
vn 0.919712424 0.392561823 0.00494091492
vn 0.921551228 0.382080793 0.0689750612
vn 0.900818706 0.411958307 0.137171417
vn 0.89614135 0.417125463 0.151449561
vn 0.752250195 0.442519516 0.488155961
vn 0.673331082 0.432847589 0.599389732
vn 0.644290268 0.428226858 0.633649707
vn 0.643203139 0.428595275 0.634504378
vn 0.94560343 0.32461828 0.0213839151
vn 0.957853019 0.284508824 0.0396530107
vn 0.939389586 0.330750048 0.0902860835
vn 0.961183131 0.263944417 0.0803772137
vn 0.954141498 0.272088051 0.124828592
vn 0.939894259 0.305576593 0.15238674
vn 0.925009251 0.349081635 0.149999723
vn 0.916552484 0.381987274 0.11839477
vn 0.918601394 0.388498306 0.072391659
vn 0.930086672 0.365758389 0.0340502709
vn 0.95724076 0.258509815 -0.129856959
vn 0.984109581 0.161703244 -0.0733508021
vn 0.985178292 0.139594138 -0.0996849835
vn 0.944627404 0.280894369 -0.16963917
vn 0.992965102 0.111904554 0.0387009606
vn 0.996836066 0.0656621754 0.0447920412
vn 0.979486823 0.127203003 0.15628463
vn 0.975390077 0.0915974453 0.200559169
vn 0.949913979 0.204871342 0.235990062
vn 0.92817378 0.211900815 0.305927187
vn 0.917700291 0.321608007 0.233226448
vn 0.875156581 0.377573431 0.302554607
vn 0.896031916 0.421251118 0.140265062
vn 0.844408453 0.502510965 0.185626283
vn 0.899376869 0.437124342 0.00660673203
vn 0.851112247 0.524775863 0.0147669306
vn 0.925128758 0.36612761 -0.100435324
vn 0.892209411 0.433405995 -0.126970559
vn 0.940536261 0.338003278 0.0338444412
vn 0.925273716 0.359531969 -0.120852783
vn 0.94112277 0.332357794 0.0618572161
vn 0.923975587 0.333476156 0.187250465
vn 0.809138298 0.194263294 0.554578364
vn 0.773506522 0.195153102 0.602995098
vn 0.953749955 0.243596837 0.176129252
vn 0.966730595 0.250842184 0.0501020476
vn 0.955672979 0.271644533 -0.113571383
vn 0.827904999 0.437565178 -0.350870311
vn 0.805601478 0.475935072 -0.352834374
vn -0.456618965 0.888505518 -0.0453544147
vn -0.405443519 0.903574765 -0.13844876
vn -0.311404437 0.950189471 -0.0129328044
vn -0.309863418 0.934527695 -0.175050214
vn -0.214940444 0.965953708 -0.143993646
vn -0.161782026 0.985584319 -0.0494984575
vn -0.180189028 0.982223392 0.0526213609
vn -0.257168114 0.957723439 0.128958359
vn -0.361860275 0.923568785 0.126798108
vn -0.439507842 0.896115422 0.0617254935
vn -0.959164083 0.0158861913 -0.282403558
vn -0.901861906 0.0489810295 -0.429238796
vn -0.758044004 -0.158040047 -0.63276577
vn -0.945174456 -0.225430742 -0.236275762
vn -0.636561394 0.193087459 -0.746663749
vn -0.357000649 0.0988990068 -0.928853869
vn -0.483889461 0.31785205 -0.815365732
vn -0.100791171 0.340573013 -0.934799969
vn -0.643393517 0.369591117 -0.670408309
vn -0.180018544 0.551202774 -0.814720094
vn -0.283973813 0.942498744 0.176224425
vn -0.484747559 0.863522768 0.139097869
vn -0.459786087 0.872466266 0.165527716
vn -0.405377924 0.85973984 0.310670465
vn -0.906423092 0.100350216 0.4102768
vn -0.880086899 0.178946361 0.439801484
vn -0.684715211 0.681165278 0.259189069
vn -0.972932041 0.00873232633 0.230926603
vn -0.978081882 -0.114872903 0.173666283
vn -0.464548886 -0.248458534 -0.849978089
vn -0.859897375 -0.329999149 -0.389457554
vn -0.0700925365 0.0138537483 -0.997444332
vn 0.17280893 0.323712736 -0.930240333
vn 0.295413971 0.603627443 -0.740516305
vn 0.144418269 0.932284117 -0.331646681
vn -0.470112383 0.792770267 0.387955755
vn -0.82321918 0.263135493 0.503060579
vn -0.975289404 -0.173880234 0.136295125
vn -0.544686317 -0.162300721 -0.82278502
vn -0.883772135 -0.22690244 -0.409221411
vn 0.0112462966 0.0962584615 -0.995292842
vn 0.349876195 0.297288656 -0.888372779
vn 0.614147484 0.506459713 -0.605244935
vn 0.690093577 0.720534623 0.0678278059
vn 0.108977295 0.644037724 0.757191718
vn -0.579448998 0.245584041 0.777127683
vn -0.987724781 -0.131455928 0.0843751058
vn -0.568462372 0.595472217 -0.567682564
vn -0.943662465 0.288308054 -0.162417695
vn -0.031294141 0.51438874 -0.856985927
vn 0.185329691 0.596011519 -0.781295896
vn 0.386556 0.812275529 -0.43678692
vn 0.269224495 0.962875605 0.0197157897
vn -0.0726993456 0.89206624 0.446018428
vn -0.557056189 0.703965962 0.440590978
vn -0.929884136 0.362073362 0.064949818
vn -0.416070074 0.884562969 -0.210794181
vn -0.645017684 0.763712227 -0.0263782386
vn -0.214876056 0.866754889 -0.450071454
vn -0.094771415 0.906856894 -0.41064465
vn -0.0941401348 0.976390123 -0.194422036
vn -0.211833581 0.975944161 -0.0515711121
vn -0.296025962 0.955169499 -0.0044330596
vn -0.417585671 0.908579588 0.0102639375
vn -0.626934052 0.779025972 0.00850575231
vn -0.822146893 0.464114279 -0.32965523
vn -0.765806079 0.485711485 -0.421456277
vn -0.74315697 0.493741393 -0.451594055
vn -0.853647888 0.51859355 -0.0484348051
vn -0.604327679 0.453277797 -0.655230641
vn -0.494504422 0.39379409 -0.774849355
vn -0.49395293 0.354783297 -0.793813169
vn -0.562932789 0.638840914 -0.524393916
vn -0.499451458 0.782087445 -0.372676104
vn -0.379127413 0.923202276 -0.0629277974
vn -0.510434389 0.346517175 -0.787008703
vn -0.612329602 0.287709922 -0.736393571
vn -0.59014219 0.492050409 -0.64001441
vn -0.551454842 0.831781685 0.0635353178
vn -0.590462267 0.762836397 0.26350522
vn -0.429614484 0.881416917 0.196304575
vn -0.400106132 0.888353705 0.225261971
vn -0.923288286 0.140588686 0.357454419
vn -0.500463307 0.252852321 0.828010976
vn -0.466955692 0.269669086 0.842158556
vn -0.277795702 0.952394664 0.125594124
vn -0.351825595 0.934934556 0.0459995084
vn -0.209341258 0.977658391 -0.0189795736
vn -0.35766679 0.931647003 -0.0640961155
vn -0.293480605 0.943776608 -0.152166829
vn -0.188737288 0.965778112 -0.17790693
vn -0.0927827433 0.987371445 -0.128409669
vn -0.050316792 0.998351574 -0.0276087541
vn -0.0812291205 0.993660212 0.0777253658
vn -0.17117402 0.975448251 0.138565123
vn -0.466070652 0.777459562 0.422296941
vn -0.580434501 0.75756979 0.298636615
vn -0.795142651 0.478085876 0.373071045
vn -0.514316022 0.549107432 0.658756435
vn -0.598038256 0.787253559 0.150273025
vn -0.807261765 0.589544713 0.0276647452
vn -0.515372217 0.854562521 0.0641442761
vn -0.588937759 0.777445078 -0.220752269
vn -0.147110119 0.981992841 0.118527472
vn -0.343155891 0.9212569 -0.183111385
vn 0.0231331363 0.96120435 0.274865746
vn 0.0195046142 0.789035082 0.614038467
vn -0.193718702 0.702417672 0.684895933
vn 0.247544289 0.906068146 0.343165338
vn -0.882547677 0.168302551 0.439071655
vn -0.49764353 0.205327064 0.842728794
vn -0.937859893 0.321551383 -0.130474418
vn -0.63495636 0.619713306 -0.461287081
vn -0.231062472 0.834793746 -0.499729514
vn -0.175908402 0.984217882 -0.019267967
vn 0.113989912 0.955002844 -0.273817271
vn 0.203506798 0.976406038 0.0722229779
vn 0.319401205 0.945114732 0.0688555166
vn 0.515319228 0.687329352 0.511883378
vn -0.0273667872 0.459124625 0.887950182
vn -0.886232316 -0.0856216326 0.455259472
vn -0.488212347 0.035786286 0.8719908
vn -0.960364938 0.0724155083 -0.269174844
vn -0.678900719 0.302601695 -0.668973923
vn -0.193209827 0.602128744 -0.774668217
vn 0.343765378 0.808822215 -0.477107912
vn 0.582331955 0.812037766 0.0385237858
vn 0.536965907 0.677488089 0.502670407
vn 0.0607359633 0.296418458 0.953125
vn -0.858296216 -0.212903917 0.466904134
vn -0.456830174 -0.0741446912 0.886458635
vn -0.936913311 -0.171394855 -0.304659039
vn -0.658109188 0.0544606298 -0.750950277
vn -0.104624167 0.37332356 -0.921782672
vn 0.495181739 0.658401608 -0.566835344
vn 0.720113099 0.693841159 0.0046451157
vn 0.605073273 0.548776269 0.576828182
vn 0.0412824601 0.206993252 0.977470994
vn -0.864933252 -0.16464144 0.474113643
vn -0.41442433 -0.0182421226 0.909900844
vn -0.948347211 -0.144824192 -0.282246858
vn -0.623381019 -0.0174833834 -0.781722724
vn 0.0242285579 0.229678169 -0.972965002
vn 0.649992466 0.436288238 -0.622223854
vn 0.869273126 0.485374182 -0.0936803594
vn 0.676650643 0.391512364 0.623588026
vn 0.035576161 0.13660185 0.989986956
vn -0.747260749 0.562729299 0.353464484
vn -0.398514003 0.495706886 0.771661401
vn -0.830453813 0.495732635 -0.25415659
vn -0.510739446 0.521822393 -0.683261812
vn 0.0267419424 0.517487168 -0.855273008
vn 0.433218598 0.667339444 -0.605788469
vn 0.675658286 0.736579597 -0.0306003019
vn 0.546112657 0.658367217 0.517989933
vn 0.0114737237 0.556263149 0.830926955
vn -0.400040895 0.909876466 0.109964222
vn -0.320011169 0.886526763 0.334160358
vn -0.435553759 0.89457798 -0.100115821
vn -0.311703295 0.902698278 -0.296608955
vn -0.116816685 0.884540677 -0.451599061
vn 0.0178949609 0.950274885 -0.310897887
vn 0.148740545 0.988676548 0.0198730156
vn 0.160151333 0.951756597 0.261746079
vn -0.0884617716 0.92199862 0.37695235
vn -0.500463307 0.252852291 0.828010976
vn -0.4343189 0.270662606 0.859132648
vn -0.0860730708 0.963936925 0.251827478
vn -0.086073041 0.963936985 0.251827419
vn -0.0860730708 0.963936925 0.251827419
vn -0.0620286278 0.95352751 0.294852227
vn -0.0915353969 0.991503239 0.0924268737
vn -0.0807228163 0.98207891 0.170307979
vn -0.0172345117 0.834154665 0.551261425
vn 0.181567565 0.134599522 0.974123359
vn 0.175547719 0.136132121 0.975013435
vn 0.0967619121 0.148754358 0.984128654
vn -0.086073041 0.963936925 0.251827478
vn -0.086073041 0.963936925 0.251827449
vn -0.0860730708 0.963936925 0.251827449
vn -0.0915353969 0.991503239 0.0924268737
vn -0.0915354192 0.991503239 0.0924269035
vn -0.0915354267 0.991503239 0.0924269035
vn 0.0404865593 0.971949577 0.231678173
vn -0.0174192861 0.974084616 0.225511953
vn 0.0192326717 0.987685561 0.155265525
vn -0.0570034161 0.980666101 0.187202021
vn -0.0632802323 0.989006996 0.133644462
vn -0.0341450684 0.995396852 0.0895498767
vn 0.0180842821 0.997137606 0.0734134614
vn 0.0696038902 0.99316144 0.0937320441
vn 0.0989307016 0.984722316 0.143299192
vn 0.0852104053 0.976588905 0.197517857
vn -0.0171171278 0.909320712 0.415743768
vn -0.0992572755 0.926743031 0.362346947
vn -0.217160523 0.89898783 0.380345076
vn 0.00155445479 0.893061519 0.449931771
vn -0.297785044 0.928934634 0.220010355
vn -0.0879041553 0.988981724 0.119112752
vn -0.0901925638 0.990650117 0.102360688
vn 0.271047235 0.961663127 0.0416810475
vn 0.0695610493 0.995100737 0.0702553913
vn 0.239241213 0.970889866 0.0116811469
vn 0.0959655046 0.980641365 -0.170684025
vn 0.0533543341 0.977573574 0.203723729
vn 0.169436291 0.930704832 0.324160069
vn -0.180501193 0.890735924 0.417143673
vn 0.0358974896 0.91224283 0.408074141
vn -0.292928398 0.920848966 0.257352293
vn -0.300548494 0.951175809 0.0702508986
vn -0.308393955 0.949041426 0.0649128035
vn -0.209896758 0.974591136 -0.0782004073
vn -0.199353337 0.975113869 -0.0970119461
vn -0.0332969986 0.987543523 -0.153782979
vn -0.00666105561 0.984982729 -0.172524408
vn 0.134066314 0.977882624 -0.160535797
vn 0.149946794 0.98686862 0.0600508824
vn 0.136362106 0.948717713 0.285201848
vn 0.24863565 0.169162691 0.953710854
vn 0.181790203 0.0768648237 0.980328679
vn 0.498445362 0.865044832 -0.0570059344
vn 0.19853875 0.972128272 0.124695465
vn -0.0915354192 0.991503239 0.0924268439
vn -0.0915353969 0.991503239 0.0924268737
vn -0.0915354192 0.991503239 0.0924268439
vn -0.0915353969 0.991503239 0.0924268737
vn 0.19853878 0.972128391 0.124695495
vn -0.0158271454 0.999818802 -0.0105706463
vn -0.0328832604 0.992381394 -0.118734471
vn 0.126247391 0.988055646 -0.0883602574
vn 0.0239081755 0.976884604 -0.21242623
vn 0.12740311 0.960699618 -0.246626511
vn 0.229484871 0.951247394 -0.206070617
vn 0.282154679 0.953143418 -0.109116577
vn 0.260626435 0.965438545 -0.0015286894
vn 0.17541185 0.982276917 0.0660511553
vn 0.0660508424 0.995827317 0.0629711226
vn -0.160654962 0.978400409 0.130087063
vn -0.0947435573 0.994162917 0.051610183
vn -0.0938642323 0.950259507 -0.296978831
vn -0.359592885 0.925269365 -0.120704688
vn 0.0507052802 0.995915174 0.0747127756
vn 0.252173334 0.946457803 -0.20155926
vn 0.128813341 0.969342649 0.209241524
vn 0.424986869 0.893718243 0.143714279
vn 0.0797290057 0.939635217 0.332759529
vn 0.313772798 0.839407027 0.443782032
vn -0.0179502107 0.978231847 0.206737265
vn 0.0981053039 0.827787101 0.552398443
vn -0.170701042 0.83693856 0.519995213
vn -0.347555876 0.859696627 0.374335051
vn -0.424309522 0.89448595 0.140912578
vn -0.742984116 0.666410565 0.0622215308
vn -0.601121247 0.644353151 0.472717911
vn -0.553719699 0.682728291 -0.476735264
vn -0.0335801132 0.716043055 -0.697247982
vn 0.492827147 0.70940429 -0.503852069
vn 0.720331967 0.692219138 0.0442110114
vn 0.557170033 0.67754519 0.480098099
vn 0.223950163 0.657323778 0.719563663
vn -0.287137896 0.650693715 0.70295763
vn -0.907399952 0.416008532 -0.0596854016
vn -0.740957856 0.475373268 0.474343449
vn -0.585232317 0.37427929 -0.719317794
vn -0.0153596457 0.345735192 -0.938206434
vn 0.626885474 0.387623221 -0.675842404
vn 0.889513671 0.45504576 -0.0412161909
vn 0.699142516 0.503475726 0.507653296
vn 0.336205721 0.537582934 0.773285508
vn -0.316075623 0.513822138 0.797548175
vn -0.949744523 0.292591572 -0.111245506
vn -0.815439165 0.352982104 0.458762139
vn -0.629541576 0.174271449 -0.757170379
vn -0.0760472491 0.133736491 -0.988094747
vn 0.672864258 0.153570518 -0.723650336
vn 0.967668235 0.239128307 -0.0802235752
vn 0.806379139 0.320349216 0.497120857
vn 0.339968562 0.382407606 0.859177411
vn -0.399364948 0.414077878 0.81795305
vn -0.961989999 0.245773867 -0.119040377
vn -0.808293164 0.311953843 0.499346554
vn -0.620998383 0.134890765 -0.772117555
vn -0.0225021578 0.0417354517 -0.99887532
vn 0.709858 0.00892528147 -0.704288244
vn 0.99324739 0.0489382371 -0.105188988
vn 0.91058588 0.115274258 0.396919519
vn 0.295672327 0.257337809 0.919975638
vn -0.496243358 0.315327674 0.808894873
vn -0.614132464 0.782783926 -0.100452289
vn -0.592212558 0.678533733 0.434598982
vn -0.346348673 0.668188691 -0.658457637
vn 0.179206267 0.545600832 -0.818660438
vn 0.676596045 0.372795552 -0.635012746
vn 0.870814741 0.43464914 -0.229699582
vn 0.777506471 0.518830061 0.35538578
vn 0.309079111 0.569004893 0.762038946
vn -0.32390058 0.633724809 0.702482224
vn -0.109718844 0.989834428 -0.0904966518
vn -0.182021424 0.973814666 0.136210054
vn -0.0234011076 0.958931267 -0.28267169
vn 0.186505288 0.90971458 -0.370992035
vn 0.420835257 0.819935977 -0.38807568
vn 0.460800678 0.866261542 -0.19301185
vn 0.384222448 0.910017133 0.155698523
vn 0.246697262 0.901001275 0.356843203
vn -0.0177355167 0.952561677 0.303828478
vn -0.311504841 0.816553295 -0.486009657
vn -0.077751644 0.666538298 -0.74140501
vn 0.12970084 0.654219985 -0.745100021
vn -0.59014225 0.492050409 -0.64001441
vn -0.853647888 0.51859355 -0.0484348051
vn -0.900149882 0.434294492 0.0334418491
vn -0.759550273 0.307328343 0.573264956
vn -0.901845396 0.422347248 0.0910908803
vn -0.884720922 0.383393377 0.265100837
vn -0.828153551 0.357453793 0.431727231
vn -0.795602858 0.32732302 0.509780228
vn -0.531528711 0.266478747 0.804031253
vn -0.466955721 0.269669086 0.842158556
vn -0.635067582 0.288571388 0.716530323
vn -0.812304616 0.332879573 0.478907436
vn -0.767245114 0.305939049 0.563681066
vn -0.7573452 0.304891348 0.577468038
vn -0.635067582 0.288571328 0.716530323
vn -0.234719634 0.2689794 0.934107423
vn -0.362480402 0.271521449 0.89156276
vn -0.362480402 0.271521449 0.89156276
vn -0.234719619 0.2689794 0.934107423
vn -0.231745288 0.268862605 0.934883356
vn -0.227822736 0.268706352 0.935891986
vn 0.0596241504 0.309681624 0.948969007
vn 0.279714882 0.355298907 0.891920567
vn 0.287103593 0.462036282 0.839103103
vn 0.273923486 0.463659585 0.842606485
vn 0.921438754 0.345810592 -0.17710346
vn 0.9207232 0.343618572 -0.184919253
vn 0.919614196 0.342116952 -0.193043306
vn 0.916204453 0.343534768 -0.206284449
vn 0.912381709 0.336453199 -0.233150125
vn 0.901182592 0.332909912 -0.277562439
vn 0.821820259 0.308382332 -0.479073942
vn 0.817735016 0.30631429 -0.487320274
vn 0.789282203 0.297412395 -0.53719604
vn 0.780516446 0.297122568 -0.550011218
vn 0.9207232 0.343618572 -0.184919238
vn 0.920111418 0.341898441 -0.191050917
vn 0.920111418 0.341898441 -0.191050887
vn 0.917932153 0.336557984 -0.210069895
vn 0.914957404 0.336524278 -0.222720221
vn 0.887733459 0.32707718 -0.323959738
vn 0.919712305 0.392561793 0.00494091446
vn 0.920250356 0.391208142 0.00976852421
vn 0.925017774 0.376424074 -0.0514492914
vn 0.574128211 0.686715186 -0.445868999
vn 0.431771964 0.846412838 -0.31170252
vn 0.746196628 0.295801073 -0.596399367
vn 0.7456671 0.295773536 -0.597075105
vn 0.374233752 0.730666816 -0.571029961
vn 0.76105392 0.296085358 -0.577174604
vn 0.780516446 0.297122568 -0.550011218
vn 0.778121412 0.297041237 -0.553437889
vn 0.83195591 0.310732096 -0.459668428
vn 0.824653208 0.307709068 -0.474618137
vn -0.518214762 0.397752315 -0.757130444
vn -0.425848901 0.327174693 0.843569458
vn -0.491763473 0.355407953 0.794892371
vn -0.462775975 0.3178204 0.827543736
vn 0.0835054815 0.457153738 0.885458827
vn -0.152610779 0.500386417 0.852246165
vn -0.292662203 0.50448972 0.812304616
vn 0.148415506 0.465396196 0.872570515
vn -0.555200875 0.39577499 0.73151499
vn -0.496036202 0.385328561 0.778119564
vn -0.554882944 0.401618987 0.728565097
vn -0.339008927 0.273881614 0.900034308
vn -0.533656895 0.379753619 0.755643785
vn -0.503257811 0.363640368 0.783898711
vn -0.491763473 0.355407953 0.794892371
vn -0.406657994 0.298014492 0.863606691
vn -0.382064462 0.283039629 0.879724622
vn -0.382064462 0.283039629 0.879724622
vn -0.362480402 0.271521449 0.891562641
vn -0.554882884 0.401618987 0.728564978
vn -0.595138788 0.411813825 0.690086424
vn -0.553242803 0.387321025 0.737499058
vn -0.290023804 0.231542915 0.928587198
vn -0.258924335 0.215673223 0.941511095
vn 0.0340932384 0.154033959 0.987477124
vn 0.395966679 0.178420573 0.900764346
vn 0.615152895 0.217465281 0.75782305
vn 0.890156984 0.299680561 0.343237936
vn 0.8713305 0.29422456 0.392702401
vn 0.800287843 0.270117909 0.535327554
vn 0.70201391 0.233174935 0.672908485
vn 0.822273433 0.275741071 0.497828633
vn 0.903366387 0.31363523 0.292510271
vn 0.626516581 0.218780965 0.748072028
vn 0.676395118 0.224014163 0.701646149
vn 0.766512573 0.269110948 0.583127618
vn 0.903366387 0.31363523 0.292510271
vn 0.923975587 0.333476126 0.18725045
vn 0.626516581 0.218780965 0.748072028
vn 0.615152895 0.217465281 0.75782305
vn 0.859941721 0.417551845 -0.293514431
vn -0.507592499 0.462705731 -0.726810277
vn -0.482020199 0.458750129 -0.746461511
vn -0.494504482 0.39379409 -0.774849355
vn -0.59014231 0.492050409 -0.64001441
vn -0.571600378 0.577782273 -0.582615256
vn -0.200221524 0.963709891 0.176562771
vn -0.26163727 0.948224366 0.180045739
vn -0.410926729 0.892853081 0.184262365
vn -0.409324467 0.88789016 0.210010946
vn -0.387102872 0.898121834 0.208635092
vn -0.169762194 0.970331073 0.172157943
vn -0.184645176 0.967017114 0.175453931
vn -0.322161168 0.942078292 -0.0932773277
vn -0.37013337 0.919623137 -0.131508738
vn -0.571600437 0.577782333 -0.582615316
vn -0.387948602 0.898504734 -0.205389783
vn -0.322945058 0.941608727 -0.0952860862
vn -0.454350084 0.874224603 0.171164364
vn -0.532076299 0.842287481 0.086294502
vn -0.403135926 0.910922527 0.0877590328
vn -0.423281729 0.889969349 0.169667482
vn -0.184645206 0.967017114 0.175453931
vn -0.221906438 0.956982493 0.186928183
vn -0.414011747 0.870279372 0.266848683
vn -0.505570173 0.808042765 0.302432865
vn -0.828697741 0.076673843 0.554419696
vn -0.781237781 0.086246483 0.618246734
vn -0.849695563 0.35485974 0.389989853
vn -0.457293481 0.873280704 0.168117464
vn -0.781237841 0.0862464756 0.618246794
vn -0.717722595 0.0980604291 0.689389944
vn -0.540063798 0.231903672 0.809043825
vn -0.500463307 0.252852291 0.828010976
vn -0.850592256 0.525503814 0.0184025038
vn -0.50672859 0.352831185 0.786597967
vn -0.582369208 0.430949688 0.68929559
vn -0.655269563 0.490881056 0.574158311
vn -0.842711747 0.475235313 0.252959043
vn -0.850153565 0.496841341 0.174320385
vn -0.533656895 0.379753619 0.755643785
vn -0.554882944 0.401619017 0.728565097
vn -0.205708936 0.377168566 0.903010428
vn -0.406657994 0.298014492 0.863606691
vn -0.491763473 0.355407953 0.794892371
vn -0.722944617 0.331667185 0.606092274
vn -0.776934385 0.350053042 0.523293138
vn -0.382064462 0.2830396 0.879724622
vn -0.300547421 0.298910499 0.905717313
vn -0.234719619 0.268979371 0.934107423
vn -0.53773421 0.241656899 0.807740033
vn -0.635067582 0.288571328 0.716530323
vn -0.812304616 0.332879573 0.478907436
vn -0.920757532 0.276331902 0.275401741
vn -0.939778924 0.341376156 -0.016670078
vn -0.936644673 0.346029967 -0.0544054173
vn -0.907728136 0.275325775 -0.316583842
vn -0.810257435 0.308371782 -0.498387098
vn -0.713867962 0.269841462 -0.646202683
vn -0.712709904 0.269176334 -0.647756636
vn -0.713867962 0.269841462 -0.646202683
vn -0.571600378 0.577782273 -0.582615256
vn -0.286932439 0.880814016 -0.37661165
vn -0.086073041 0.963936925 0.251827478
vn -0.270515472 0.899552226 -0.342968106
vn -0.15295577 0.970969379 -0.183910429
vn 0.280536234 0.939196408 -0.198013991
vn 0.280311286 0.944088399 -0.173559234
vn 0.29048869 0.943355083 -0.160304785
vn -0.0905516669 0.99135226 0.0949802771
vn -0.0915353969 0.991503239 0.0924268886
vn -0.0860730633 0.963936925 0.251827478
vn -0.0915354267 0.991503239 0.0924268737
vn -0.0915353969 0.991503239 0.0924268737
vn -0.0915353969 0.991503239 0.0924268737
vn -0.0886072516 0.989522696 0.113989338
vn 0.291216224 0.942614377 -0.163312823
vn 0.291737467 0.942732573 -0.161693215
vn 0.198961645 0.972266257 0.122933671
vn 0.197159782 0.972390592 0.124838136
vn 0.20129554 0.971347094 0.126352638
vn 0.322150439 0.929526687 0.179441839
vn 0.372494608 0.906650186 0.198073715
vn 0.42760843 0.875363111 0.225589231
vn 0.444101244 0.842251539 0.305591911
vn 0.451012969 0.830499649 0.326890886
vn 0.46103704 0.818629801 0.342476398
vn 0.467903346 0.810040057 0.353414208
vn 0.476980299 0.711808264 0.515576184
vn -0.0626217127 0.95464766 0.291077882
vn 0.347260445 0.932944417 0.0949996784
vn 0.373724937 0.913262248 0.16211617
vn 0.307768404 0.945676923 0.104755282
vn 0.444101244 0.842251539 0.305591911
vn 0.374605507 0.907887936 0.188175648
vn 0.389726579 0.898976386 0.199886829
vn 0.476980299 0.711808264 0.515576184
vn 0.465264261 0.649795353 0.601078391
vn 0.345280886 0.101533912 0.932990909
vn 0.293577254 0.685809672 0.66594106
vn 0.196379527 0.221777737 0.955117643
vn 0.0347264707 0.157877699 0.986847878
vn -0.232866198 0.268156558 0.934807718
vn 0.106592454 0.0956755728 0.989688933
vn 0.0171605293 0.0515555441 0.998522699
vn -0.222181991 0.143544391 0.964380741
vn -0.158740908 0.0394536667 0.986531615
vn -0.233736336 0.226493299 0.945551693
vn 0.349920601 0.218168184 0.911020458
vn 0.613380075 0.219067395 0.758797884
vn -0.233736336 0.226493299 0.945551693
vn -0.259853303 0.303242236 0.916798949
vn -0.211488679 0.817748666 0.535312712
vn -0.469677955 0.762480438 0.445001423
vn -0.464496851 0.771556556 0.434675783
vn -0.463880986 0.772672951 0.433348656
vn -0.160138845 0.971912384 0.172458097
vn -0.184645236 0.967017114 0.175453946
vn -0.0891265571 0.991120458 0.0986747667
vn -0.136240229 0.959039927 0.248356685
vn -0.085515812 0.964955509 0.248088583
vn -0.0724161789 0.968015611 0.240211695
vn -0.0629611015 0.980736673 0.184909791
vn -0.410926729 0.892853081 0.18426238
vn 0.128320932 0.991062284 -0.0364586562
vn 0.270966858 0.948736787 -0.162712619
vn -0.295615435 0.938367665 0.179102659
vn -0.344285578 0.922084033 0.176715881
vn -0.440642089 0.879452705 0.179993197
vn -0.0915353969 0.991503239 0.0924268737
vn -0.0827422366 0.969771683 0.229557469
vn 0.291216224 0.942614377 -0.163312823
vn 0.304625779 0.938132584 -0.164652228
vn 0.343046933 0.914931417 -0.212648094
vn 0.198538721 0.972128272 0.124695405
vn 0.409051329 0.896519542 -0.170087382
vn 0.565568686 0.722200096 -0.39819476
vn 0.642394662 0.686607242 -0.340440512
vn 0.832468152 0.290722519 -0.47167486
vn 0.81995672 0.303947389 -0.48506397
vn 0.642394662 0.686607242 -0.340440452
vn 0.649681568 0.682150185 -0.335536599
vn 0.798962176 0.38970682 -0.458026379
vn 0.81995672 0.303947389 -0.48506397
vn 0.922460258 0.318887621 -0.217664316
vn 0.929437578 0.337246597 -0.149701983
vn 0.923463881 0.343271643 -0.171403095
vn 0.935859144 0.343934 -0.0766618103
vn 0.951740146 0.301485926 0.0574174859
vn 0.903366387 0.31363523 0.292510271
vn 0.70201391 0.23317498 0.672908485
vn 0.676888704 0.21730642 0.703277707
vn 0.626516581 0.21878095 0.748072028
vn 0.881892383 0.343274415 -0.323153913
vn 0.914489388 0.344125628 -0.212806791
vn 0.914489388 0.344125628 -0.212806791
vn 0.9207232 0.343618572 -0.184919238
vn 0.808040679 0.316717476 -0.496749759
vn 0.817735016 0.30631429 -0.487320244
vn 0.881892383 0.343274415 -0.323153913
vn 0.857068121 0.315485179 0.407312304
vn 0.808232486 0.306881785 0.502577305
vn 0.613380075 0.21906741 0.758797884
vn -0.959905803 0.258816093 -0.107680194
vn -0.844291627 0.17424278 0.506765366
vn -0.948396385 0.115775362 0.29519546
vn -0.952164292 0.112578355 0.284093708
vn -0.948624969 0.216534466 -0.230702415
vn -0.930298626 0.199349895 -0.307902873
vn -0.713867962 0.269841462 -0.646202683
vn 0.0159716681 0.331354827 -0.943371117
vn 0.16667673 0.383930266 -0.908194065
vn -0.00867563672 0.424892068 -0.905202508
vn 0.188410878 0.387286693 -0.902502298
vn 0.392368853 0.341657996 -0.85400039
vn 0.561913669 0.371088535 -0.739287734
vn 0.656137884 0.361879528 -0.662213266
vn 0.740424633 0.299751699 -0.601598024
vn -0.713867962 0.269841462 -0.646202683
vn -0.696087182 0.272963673 -0.664043307
vn -0.695675731 0.272860736 -0.664516568
vn 0.637100935 0.379386514 -0.670945823
vn 0.648806274 0.38159427 -0.658358812
vn 0.670618534 0.378934473 -0.637714148
vn 0.660573781 0.366975248 -0.654959083
vn 0.603248894 0.376085222 -0.703314066
vn 0.699132204 0.371632904 -0.610821724
vn 0.695443988 0.374939263 -0.613007545
vn 0.78597945 0.292014778 -0.54494381
vn 0.788870752 0.289579362 -0.542057753
vn 0.789366901 0.294644088 -0.53859514
vn 0.790557504 0.292347431 -0.538100183
vn 0.792998433 0.289524525 -0.536030829
vn 0.81995672 0.303947389 -0.48506397
vn 0.603248894 0.376085222 -0.703314066
vn 0.561913669 0.371088535 -0.739287734
vn 0.699132204 0.371632904 -0.610821724
vn 0.780516446 0.297122568 -0.550011218
vn 0.831955791 0.310732067 -0.459668428
vn 0.80808723 0.544512987 -0.224723771
vn 0.93227464 0.335464478 -0.13537927
vn 0.932604134 0.331073612 -0.143665701
vn 0.937280774 0.280320346 -0.207184181
vn 0.68050313 0.721114397 0.130036399
vn 0.795557201 0.534979105 0.284404576
vn 0.83383882 0.368612379 0.410898715
vn 0.653644741 0.673376322 0.345417023
vn 0.564922631 0.775161803 0.282819122
vn 0.536875427 0.84356159 0.0129824132
vn 0.647943676 0.565239847 0.510561347
vn 0.881892383 0.343274415 -0.323153913
vn 0.890946686 0.350588828 -0.288620085
vn 0.647943676 0.565239847 0.510561347
vn 0.566165626 0.66221571 0.490842879
vn 0.476980299 0.711808264 0.515576184
vn 0.923416078 0.340470821 -0.177150518
vn 0.476980299 0.711808324 0.515576184
vn 0.19885245 0.787976503 0.582709968
vn -0.0621610917 0.857243121 0.511145949
vn -0.118187912 0.829648793 0.545632184
vn -0.212486267 0.250356972 0.944548011
vn -0.233736336 0.226493299 0.945551693
vn 0.100317053 0.852977931 0.512215853
vn -0.0308134146 0.877179861 0.479172319
vn -0.086073041 0.963936925 0.251827449
vn -0.086073041 0.963936985 0.251827449
vn -0.376388669 0.0337636396 0.925846398
vn -0.383399606 0.0673914105 0.921120644
vn -0.0915354267 0.991503239 0.0924268439
vn -0.4370341 0.0317528956 0.898884296
vn -0.583380103 0.29650411 0.756143332
vn -0.662445605 0.253849626 0.704788029
vn -0.75928086 0.0615350604 0.647847176
vn -0.781237841 0.086246483 0.618246794
vn 0.780698359 0.36196661 -0.509401679
vn 0.830140591 0.378450811 -0.409440637
vn 0.55250603 0.375076652 -0.744348407
vn 0.603248894 0.376085252 -0.703314066
vn 0.699132204 0.371632934 -0.610821724
vn 0.925273597 0.359531999 -0.120852768
vn 0.900734663 0.36934194 -0.228612587
vn 0.561913669 0.371088535 -0.739287734
vn 0.646655679 0.374190658 -0.664693773
vn 0.817156076 0.311312824 0.485118747
vn 0.863035262 0.323366642 0.388077468
vn 0.675696135 0.232823372 0.699448287
vn 0.592319429 0.226171896 0.773307204
vn 0.613380075 0.219067395 0.758797884
vn 0.615152895 0.217465281 0.75782305
vn 0.503333628 0.782615364 0.366290033
vn 0.443980753 0.839993 0.31191805
vn 0.444101214 0.842251539 0.305591911
vn 0.307768404 0.945676923 0.104755282
vn 0.307453811 0.94684571 0.0946329981
vn 0.414493829 0.906157851 -0.0841006041
vn 0.427194953 0.898694992 -0.0992555395
vn 0.597753525 0.751832724 -0.27827698
vn 0.642394662 0.686607242 -0.340440482
vn 0.680247724 0.164097637 0.714377403
vn 0.679609239 0.165138423 0.714745045
vn 0.750255167 0.176363036 0.637191713
vn 0.647943676 0.565239847 0.510561347
vn 0.695987761 0.167399347 0.698268235
vn 0.441400081 0.879950881 0.175648868
vn 0.430566669 0.885231078 0.17600663
vn 0.410436809 0.89208895 0.188994244
vn 0.329348624 0.916173041 0.228377998
vn 0.352770537 0.91012603 0.217309803
vn 0.746196628 0.295801103 -0.596399426
vn 0.678980589 0.308074385 -0.666389883
vn 0.747218788 0.295584172 -0.595226109
vn 0.642394662 0.686607242 -0.340440482
vn 0.525370955 0.792195022 -0.310503393
vn 0.320698142 0.935114861 -0.150707573
vn 0.179969624 0.958572447 -0.220793083
vn 0.0525992848 0.981744528 -0.182786837
vn 0.00855221413 0.921852708 -0.387446076
vn 0.311997175 0.799004078 -0.514052868
vn 0.872271121 0.488079518 0.0303569958
vn 0.750967801 0.593489468 0.289512694
vn 0.789824247 0.304593205 0.532353759
vn 0.99796927 0.0601119623 -0.0210702643
vn 0.597418904 0.779539049 0.18817386
vn 0.364239633 0.824391723 0.433252573
vn 0.573858619 0.81195271 -0.106859751
vn 0.297773659 0.898910224 -0.321389854
vn 0.746151268 0.620716095 -0.240769193
vn 0.708456039 0.380213678 -0.594581842
vn 0.741937995 0.120331362 0.659581959
vn 0.997392952 0.0328488983 -0.0642497838
vn -0.165474817 0.583264351 0.795248926
vn -0.274655133 0.675317645 -0.684478343
vn 0.638415456 0.208252802 -0.740983307
vn 0.668820024 0.12924999 0.732102633
vn 0.994664013 -0.00236398168 -0.103140391
vn -0.536809325 0.272407085 0.798517466
vn -0.683540463 0.108845197 -0.721751392
vn 0.520163178 -0.0391100124 -0.853170931
vn 0.593693078 0.748295009 0.295944452
vn 0.911143243 0.308745593 -0.272936285
vn -0.367970049 0.907846928 0.201027349
vn -0.427591562 0.635072708 -0.643310308
vn 0.450456053 0.287319571 -0.845302761
vn 0.580160856 0.808764637 0.0965044424
vn 0.534789026 0.800949514 0.269221872
vn 0.451324701 0.759392619 0.468645692
vn 0.365100026 0.76466465 0.531027257
vn 0.523805797 0.851321161 -0.029659681
vn 0.476772517 0.741505682 0.472077578
vn 0.559005857 0.745912194 0.362115294
vn 0.592994452 0.7419976 0.312725276
vn 0.674965203 0.735205233 0.0624121837
vn 0.64413327 0.763084292 -0.0528649315
vn 0.455687016 0.764837742 -0.4553819
vn 0.359724671 0.786686003 -0.501720428
vn -0.00454820599 0.854215622 -0.519898951
vn 0.353509337 0.788755059 -0.502888143
vn 0.387797654 0.844726801 -0.368848979
vn 0.473979086 0.863591373 -0.171912163
vn 0.171971023 0.869427443 -0.463165164
vn -0.184908465 0.83188343 0.523238659
vn -0.381060421 0.889883876 0.250798374
vn -0.108451232 0.942975581 0.314698815
vn -0.139501527 0.99021405 -0.00392858358
vn 0.219749302 0.968399942 0.117948413
vn 0.174968734 0.874391317 0.452576667
vn -0.352192312 0.31297636 0.8820467
vn -0.562351048 0.418127567 0.713393748
vn -0.828194201 0.187781528 0.528045774
vn -0.426582783 0.0997264087 0.898933709
vn -0.439993471 0.669393241 0.598597109
vn -0.66713655 0.734981477 0.121371537
vn -0.118915282 0.685173213 0.718607545
vn 0.236867726 0.826202393 0.511159003
vn -0.0885773823 0.454576492 0.886292398
vn 0.138474107 0.347093493 0.927551091
vn -0.784416497 0.176067382 -0.59471941
vn 0.0816443339 0.186980665 0.978965044
vn -0.651845753 0.482323021 -0.585202277
vn 0.657259643 0.7462731 0.105291098
vn 0.305471271 0.292209536 0.906256497
vn -0.980732799 0.0588044412 -0.186293393
vn -0.197856277 -0.108944751 0.974158049
vn 0.0263754912 0.46032083 -0.887360692
vn 0.796336412 0.479347706 -0.368882298
vn 0.811789989 0.230069116 0.536716938
vn -0.82731986 0.559610307 0.0487656444
vn -0.308087409 0.361823767 0.879866838
vn -0.124465339 0.7968027 -0.591281474
vn 0.646987975 0.722245693 -0.244474247
vn 0.617110074 0.530991137 0.580709517
vn -0.653335154 0.588799238 0.475887269
vn -0.729181111 0.602602661 0.324291319
vn -0.741659582 0.603790641 0.292194933
vn -0.342600524 0.618980885 0.706744373
vn -0.406181335 0.621217549 0.670153201
vn -0.683347642 0.553192019 0.476460546
vn -0.656545281 0.551596284 0.514480174
vn -0.736172438 0.599205017 0.314648181
vn -0.0946358368 0.594528735 0.798485875
vn 0.0854500011 0.602586865 0.793465376
vn -0.567968726 0.565787315 0.597742617
vn -0.307446867 0.561016083 0.768594444
vn 0.274730682 0.606473744 0.746131778
vn 0.501008391 0.637704134 0.585084736
vn 0.0684498399 0.634080827 0.770231187
vn -0.296708047 0.611470163 0.733531535
vn 0.266760319 0.614801109 0.742198348
vn 0.175846189 0.972953498 -0.149798006
vn 0.392575115 0.906874299 -0.153178722
vn 0.17164658 0.984949708 -0.0202897955
vn 0.379467666 0.924946666 -0.0218629241
vn 0.17627649 0.984326422 0.00529089989
vn 0.067286104 0.996380806 -0.0519395769
vn -0.130050018 -0.0419998467 -0.990617514
vn 0.140207261 0.0585921071 -0.988387048
vn 0.36208418 -0.0948649347 -0.927305579
vn -0.17723392 -0.247830257 -0.952453852
vn 0.156291649 0.309037656 -0.938119769
vn 0.568971038 0.389668107 -0.72417593
vn -0.185010731 0.380046993 -0.906275511
vn -0.33603543 0.732249737 -0.592360139
vn -0.344188482 0.113128737 -0.932060242
vn -0.650606871 0.00658865646 -0.759386063
vn 0.555863321 -0.0219881963 -0.830982745
vn -0.446976513 -0.0688258559 -0.891894042
vn 0.91792661 0.356682211 -0.173748359
vn -0.627683282 0.624052405 0.465373188
vn -0.932813346 0.144561529 -0.330092669
vn 0.701396644 0.0872924477 -0.707405627
vn -0.231653959 0.163507327 -0.958958745
vn 0.958369851 0.160342112 0.236257717
vn -0.24088642 0.38752839 0.889828861
vn -0.911743999 0.311537355 -0.267707616
vn 0.708005428 0.530800343 -0.465810478
vn -0.0136000887 0.771643639 -0.635909617
vn 0.815744638 0.556245387 0.158592924
vn 0.0412596054 0.89375788 0.44664818
vn -0.497968793 0.859891295 -0.112311758
vn -0.0206208695 0.32816124 -0.944396615
vn 0.0311915316 0.337398827 -0.940844893
vn 0.631994724 0.369511276 -0.681207895
vn 0.65840888 0.381110549 -0.649039567
vn 0.672121525 0.386900485 -0.631316662
vn -0.378625512 0.373999149 -0.846621156
vn 0.426594794 0.315206528 -0.84773916
vn 0.661955893 0.380347162 -0.645871878
vn 0.633112729 0.365410149 -0.682380974
vn -0.040305011 0.261080712 -0.964475214
vn -0.415148497 0.292858779 -0.861327708
vn -0.606815398 0.292867392 -0.738920629
vn -0.6599437 0.309801251 -0.684468687
vn 0.218294948 0.298589021 -0.929081142
vn -0.860595226 0.403017014 -0.311372936
vn -0.590153158 0.357326359 -0.723904014
vn -0.558107972 0.361086726 -0.747082293
vn 0.457510501 0.886676967 0.0669945553
vn 0.154303551 0.974769056 0.161293969
vn 0.204044193 0.978861094 0.0140290037
vn -0.161060423 0.986856937 0.0131508829
vn 0.00344912033 0.968799651 -0.247821346
vn 0.399484336 0.898127198 -0.18379277
vn 0.90108037 0.0213134047 0.433127999
vn 0.226144835 0.196018487 0.954167366
vn 0.132057145 0.155428886 0.978980482
vn 0.903450429 -0.0478786454 0.42601046
vn 0.0606589168 0.387008309 0.920078874
vn -0.27041477 0.584021211 0.765372515
vn 0.256713837 0.495000094 0.830104113
vn 0.591467738 0.763715506 -0.258659363
vn 0.975323677 0.103179269 0.195186451
vn 0.97401607 0.176715344 -0.141648844
vn 0.27376464 0.149321556 0.950134695
vn 0.880729735 -0.0182431806 0.473267615
vn -0.468721032 0.706498325 0.530245781
vn 0.0511219166 0.777828872 -0.626393497
vn 0.903865337 0.220017537 -0.366905719
vn 0.105114311 0.159843788 0.981529832
vn 0.89615792 0.0322950967 0.442558408
vn -0.828184187 0.415986806 0.375587434
vn -0.281304508 0.400339216 -0.872121751
vn 0.839812338 0.119724996 -0.529510379
vn 0.0796100944 0.731400013 0.67728591
vn 0.840242267 0.483705729 0.244993344
vn -0.694391131 0.709854722 0.11801374
vn -0.271509409 0.6542992 -0.705815315
vn 0.712587178 0.490098447 -0.502019048
vn 0.79334271 0.347297013 0.499992102
vn 0.422191113 0.40484938 0.811080635
vn 0.340086073 0.404095203 0.849145651
vn 0.0638128296 0.445165724 0.893171489
vn 0.84068805 0.347595751 0.415235817
vn 0.209297463 0.405846179 0.889653504
vn 0.179457933 0.394506246 0.901199043
vn 0.837751746 0.270059973 0.474594086
vn 0.950150788 0.243206739 0.195099667
vn 0.243734688 0.382792741 0.891102135
vn 0.333312511 0.362780899 0.870225728
vn 0.742075443 0.302540541 0.598158181
vn 0.971893787 0.229637653 -0.0518557578
vn 0.97047013 0.226870403 -0.0819614083
vn 0.947154462 0.231324837 -0.222232476
vn 0.877510309 0.233784854 -0.418712527
vn 0.963286579 0.257129967 -0.0772209689
vn 0.845057249 0.346677184 0.407054156
vn 0.956024468 0.255832106 -0.14341259
vn -0.404046595 0.913710356 -0.0433564261
vn -0.360599101 0.931698263 -0.043665655
vn -0.212504819 0.977157593 -0.002164857
vn -0.168803856 0.980489492 0.100725502
vn 0.00333818421 0.979902804 0.199447587
vn -0.173913568 0.980223954 0.0944202244
vn -0.939705074 0.259874493 -0.22230494
vn -0.461092144 0.135882482 -0.876886606
vn -0.832492352 0.430853397 -0.348312855
vn -0.941379368 0.323566973 -0.0954428464
vn -0.632118046 0.700050533 -0.332198799
vn -0.163249522 0.0973882675 -0.981766343
vn -0.316444427 0.113389708 -0.941809773
vn -0.623443007 0.145659178 -0.768181145
vn -0.747448444 0.180931732 -0.639206171
vn -0.874581456 0.218125686 -0.433045417
vn -0.604870498 0.519543052 -0.603495419
vn -0.944137633 0.320232153 -0.0778167918
vn -0.105997339 0.863044739 -0.493880987
vn -0.651377022 0.756089091 0.0635408759
vn -0.0498120748 0.955795527 0.289781958
vn -0.875563085 0.456030339 0.159454539
vn -0.682639122 0.531081676 0.501952291
vn -0.51288265 0.335261315 -0.790285528
vn -0.995916128 0.0873566046 -0.0228022337
vn 0.252654016 0.748241782 -0.613433063
vn 0.323807091 0.811045527 0.487190008
vn -0.579861999 0.317609817 0.750256062
vn -0.5086025 0.192777053 -0.83914268
vn -0.998097956 0.0586056896 0.0191270337
vn 0.562097549 0.492672294 -0.664319515
vn 0.597728431 0.507229507 0.62083745
vn -0.518520534 0.191324979 0.833385348
vn -0.604473889 0.667681456 -0.434526056
vn -0.842171848 0.537746727 -0.0396895669
vn 0.253819853 0.956187367 -0.145880997
vn 0.397192955 0.758381486 0.516812623
vn -0.339643896 0.74629122 0.572443426
vn -0.960965216 0.250083894 -0.118338503
vn -0.96342659 0.264857888 -0.0407352448
vn -0.809452236 0.317731321 0.493795395
vn -0.758727551 0.326167405 0.563868284
vn -0.761130095 0.33940044 0.552709818
vn -0.811475515 0.328469336 0.483337671
vn -0.929993212 0.313110054 0.192547753
vn -0.956688523 0.26721254 -0.115518369
vn -0.948220611 0.263600141 -0.177180156
vn -0.012687278 0.997667193 0.0670759156
vn 0.00099338789 0.982095659 -0.188380465
vn 0.144407585 0.988027394 0.0542991497
vn 0.171372086 0.969914258 -0.172910467
vn 0.206694603 0.976225078 0.0652830303
vn 0.113780364 0.974786103 0.191953257
vn -0.884620249 -0.0592046455 0.462538302
vn -0.975544453 0.114642173 0.187537447
vn -0.980549693 -0.132918879 -0.14441219
vn -0.977654815 -0.0781935528 0.195132628
vn -0.885148644 0.389000624 0.255324304
vn -0.800427794 0.591516197 -0.0970772728
vn -0.755208671 0.394352287 0.523589432
vn -0.46647048 0.611956179 0.638682246
vn -0.736871302 0.135566577 0.662300766
vn -0.542445064 0.458948046 0.703647673
vn -0.885598123 -0.271207988 -0.377043962
vn -0.852718353 -0.346395373 0.391000688
vn -0.156476974 0.500788033 -0.851308584
vn 0.296901852 0.548150003 0.781908453
vn -0.374663979 -0.0518601276 0.925709188
vn -0.718837202 -0.100605346 -0.68786025
vn -0.913663924 -0.134652346 0.383519351
vn 0.298766285 0.0492088161 -0.953056753
vn 0.825720727 0.112028435 0.552842557
vn -0.21110484 -0.031082876 0.976969063
vn -0.699239969 0.0782119408 -0.710595846
vn -0.931076467 0.0853747204 0.354693741
vn 0.493445605 -0.0638907701 -0.867426872
vn 0.917653322 -0.131113574 0.375128627
vn -0.0993909389 -0.0202399101 0.994842589
vn -0.369868547 0.686815619 -0.625684857
vn -0.559729695 0.801327527 0.211132541
vn 0.358938277 0.63188529 -0.686938345
vn 0.680817485 0.70283258 0.206188887
vn 0.0447464474 0.675572276 0.735934615
vn -0.80292064 0.590944231 -0.0781231374
vn -0.768028498 0.628871918 -0.121047266
vn -0.732728958 0.458460122 0.502914131
vn -0.82121712 0.415903062 0.390675008
vn -0.839847863 0.445659369 0.309908509
vn -0.849626184 0.527234495 -0.0126142455
vn -0.797244728 0.592802107 -0.113958605
vn -0.884974182 0.462748259 -0.0518140793
vn -0.886859238 0.459336162 -0.0499086864
vn -0.855178297 0.310137957 0.415312439
vn -0.718283772 0.344535977 0.604452968
vn -0.679257751 0.350216269 0.644947588
vn -0.899570584 0.400584579 0.174082801
vn -0.516734123 0.404511511 0.754557073
vn -0.252861232 0.595308125 0.762672603
vn -0.244861603 0.600077391 0.761544406
vn -0.517658532 0.45942983 0.7217713
vn -0.597751498 0.463653803 0.654001713
vn -0.251469284 0.597591937 0.761345565
vn -0.182330772 0.881039023 -0.436492413
vn 0.0799805522 0.961677551 -0.262258321
vn -0.191001654 0.960061133 -0.204452619
vn -0.0456247628 0.996768713 0.0661095604
vn -0.406546533 0.909444153 0.0873567015
vn -0.476450592 0.845339179 -0.241653636
vn -0.156909749 0.498855472 -0.852362931
vn 0.443983287 0.754035652 -0.484054804
vn -0.419364333 0.829590499 -0.368664294
vn -0.732205153 0.0864417627 -0.675576389
vn 0.389306635 0.891590297 -0.231316149
vn -0.302332819 0.494963467 0.814620137
vn -0.364152908 0.758533597 -0.540388227
vn -0.0927265957 0.995573759 0.0153213609
vn -0.422379285 0.534628808 -0.731961668
vn -0.601698458 0.247803017 -0.759310544
vn 0.625615358 0.374778718 -0.684212089
vn -0.465999633 -0.0340639576 -0.884128928
vn -0.00710727414 0.412511587 0.910924673
vn -0.800833166 0.259090871 0.53994292
vn -0.967787623 0.0451603308 -0.247684658
vn 0.853230655 0.29409641 -0.430702657
vn -0.204869896 -0.0457133688 -0.977721155
vn 0.254870653 0.491746932 0.832601905
vn -0.741384208 0.255701333 0.620456517
vn -0.959302783 -0.00356629677 -0.282357186
vn 0.585014403 0.737217426 -0.338036329
vn -0.118321262 0.495395273 -0.860571802
vn 0.230177179 0.804432571 0.547637284
vn -0.618874907 0.582983017 0.526426435
vn -0.847457826 0.444802046 -0.289769232
vn 0.138497859 0.952814937 -0.270114571
vn 0.246876776 0.965868354 -0.0784233436
vn -0.324560046 0.801171482 -0.502777398
vn -0.230408266 0.829718113 -0.508409262
vn -0.222104698 0.834592819 -0.504107535
vn 0.128354833 0.949262559 -0.287098408
vn 0.348679721 0.936401486 -0.0396818034
vn -0.264193654 0.72971189 -0.630652249
vn 0.262098551 0.936870933 -0.231467247
vn 0.199921548 0.91432339 -0.352199167
vn -0.0614530556 0.837574482 -0.542855859
vn -0.218175977 0.745921016 -0.62928617
vn -0.653952777 0.552243948 -0.517080724
vn -0.802351594 0.470628411 -0.367070705
vn -0.563266098 0.610032022 -0.557307959
vn -0.647583067 0.577552617 -0.497060418
vn -0.606786847 0.614255607 -0.504479706
vn 0.130812079 0.976822495 0.169428229
vn -0.247794017 0.947591424 0.201664224
vn -0.040746171 0.99601227 -0.0793686807
vn -0.354837567 0.911324441 -0.208753303
vn -0.00521332072 0.876898944 -0.48064661
vn 0.281601012 0.934334874 -0.218447402
vn 0.848901451 0.508696437 0.143507272
vn 0.656388879 0.729361296 0.192835808
vn 0.239684314 0.814124346 0.528916657
vn 0.776866674 0.458066314 0.432034194
vn 0.579381347 0.789954543 -0.200721294
vn 0.0157672837 0.945506811 -0.325220376
vn 0.757392764 0.56447196 -0.328219086
vn 0.577038288 0.544675887 -0.608567953
vn 0.879724503 0.458383799 -0.126368821
vn 0.92646873 0.349877685 -0.138713092
vn -0.105594233 0.710448742 0.695781946
vn 0.751205802 0.310086757 0.582697272
vn -0.449777514 0.756143928 -0.47533834
vn 0.405304044 0.309165597 -0.860316992
vn 0.973608255 0.125563502 -0.190580562
vn -0.371260524 0.431084305 0.822393954
vn 0.699555337 0.310760528 0.643467307
vn -0.791980803 0.282152832 -0.541438997
vn 0.201051921 0.130017459 -0.970913768
vn 0.954352319 0.167923138 -0.247009382
vn -0.443039119 0.637112677 0.63071686
vn 0.4947218 0.656499684 0.569437027
vn -0.764500022 0.479196668 -0.431173086
vn 0.0830907002 0.418903708 -0.904220939
vn 0.73914063 0.593804538 -0.31791085
vn 0.104383551 0.211755529 0.971732378
vn 0.291128218 0.288246483 0.912227094
vn 0.665114105 0.421383321 0.61648953
vn 0.711868584 0.429768175 0.555466056
vn 0.746530712 0.43338418 0.504846752
vn 0.868525505 0.486234397 -0.096122697
vn 0.727682054 0.467772782 -0.501664698
vn 0.868921638 0.486058205 -0.0933947712
vn 0.414379269 0.466938257 -0.781190455
vn 0.632466853 0.467421532 -0.617659092
vn 0.60414964 0.513750911 -0.609149694
vn 0.738989234 0.575183988 -0.350796908
vn 0.809793651 0.584430397 -0.0517235547
vn 0.771046877 0.532084763 0.349817842
vn 0.653373837 0.449615657 0.6090554
vn 0.383594602 0.351588637 0.853955865
vn 0.81010735 0.58413285 -0.0501492396
vn -0.315917939 0.948529184 0.0220934805
vn -0.144082099 0.980189979 -0.135897413
vn 0.168042302 0.985752463 0.00732989516
vn 0.139748514 0.989352465 -0.0406447351
vn 0.216340765 0.972765744 0.0832074881
vn -0.0103757204 0.989781201 0.142216325
vn -0.526250362 0.836960256 0.150193557
vn -0.385665923 0.91353029 -0.129321411
vn -0.464102268 0.756796598 -0.460291266
vn -0.789818108 0.58487469 0.184685871
vn -0.0701361969 0.995822191 -0.0584730245
vn 0.20910874 0.932961643 -0.293011993
vn -0.0429606847 0.96099627 0.273204237
vn 0.278730869 0.870131433 0.406423897
vn -0.298309863 0.872640967 0.386664033
vn -0.245343909 0.68426764 0.686719894
vn -0.543388367 0.515895903 -0.662254035
vn -0.934274793 0.313285172 0.170244515
vn 0.458521873 0.751824737 -0.473832339
vn 0.574718654 0.659165025 0.484974205
vn -0.219696537 0.40650484 0.886841178
vn -0.62332952 0.321276754 -0.712910652
vn -0.971233547 0.186219171 0.148417711
vn 0.62758863 0.477254033 -0.615110636
vn 0.773609221 0.38438639 0.503761768
vn -0.281326771 0.199421763 0.938661814
vn -0.633218467 0.24593392 -0.733860314
vn -0.955416322 0.230728492 0.184239045
vn 0.704414725 0.168382138 -0.689526916
vn 0.854586065 0.126700014 0.50361681
vn -0.342552662 0.181985691 0.921704292
vn -0.554601848 0.70544672 -0.441318125
vn -0.826743245 0.550836325 0.114345953
vn 0.462248772 0.767164946 -0.44472912
vn 0.605650425 0.710206449 0.358879566
vn -0.317930788 0.7503829 0.579521954
vn -0.751437664 0.525148332 0.399450392
vn -0.744151652 0.53601253 0.398658931
vn -0.725931108 0.563673258 0.394076943
vn -0.701202869 0.638463736 0.31729874
vn -0.681845605 0.723420203 0.108396918
vn -0.481317282 0.868716002 -0.116902336
vn -0.468567073 0.859250665 -0.205264077
vn -0.270989507 0.949538887 -0.157925457
vn -0.193613783 0.970470548 -0.143877611
vn -0.0960238352 0.987443149 -0.125440806
vn -0.0911591649 0.988018632 -0.124535121
vn -0.0105552077 0.991575778 -0.129097104
vn 0.0506672673 0.99207145 -0.115009308
vn -0.392002195 0.903311431 -0.174249381
vn -0.294656754 0.942079842 -0.160196409
vn 0.37931633 0.652944148 0.655578434
vn 0.347617686 0.62340039 0.700381219
vn 0.0290340949 0.999540091 -0.00876000058
vn 0.0319533162 0.997575045 0.0618297085
vn 0.0749028325 0.977278352 0.198284045
vn 0.0958398134 0.965348065 0.242730215
vn 0.114144124 0.951698482 0.285028487
vn 0.307489932 0.798255265 0.517917395
vn -0.376730144 0.383432418 0.843240142
vn 0.0903485045 0.562116683 0.822108269
vn 0.0133208809 0.5293051 0.848326981
vn -0.280020177 0.428919524 0.858846068
vn -0.412626624 0.387759417 0.824246228
vn -0.742092252 0.52386266 0.418170989
vn -0.979915023 -0.0294675063 -0.197226122
vn -0.950918794 -0.0404596254 -0.306783974
vn -0.950709164 0.0327301249 -0.308351755
vn -0.911476254 -0.045023039 -0.408881247
vn -0.926656127 -0.036384739 -0.37414515
vn -0.974631727 -0.0249832012 -0.222416222
vn -0.96933347 -0.11920213 -0.214903653
vn -0.94256115 -0.131085113 -0.307237595
vn -0.913173676 -0.149389252 -0.379205108
vn -0.924318254 -0.159030199 -0.346908033
vn -0.958414316 -0.143043116 -0.246942505
vn -0.943270266 -0.157012969 -0.292554647
vn -0.94351691 -0.156435922 -0.292067647
vn -0.942980707 -0.157688096 -0.293124259
vn -0.943052828 -0.157520115 -0.292982548
vn -0.942419827 -0.15899016 -0.294222474
vn -0.942481756 -0.158846796 -0.294101536
vn -0.942961991 -0.157731608 -0.293160975
vn -0.212714106 0.958545446 0.18958734
vn -0.0458203666 0.9984712 0.0309153851
vn -0.0328018628 0.989557326 0.140358239
vn 0.0853058249 0.988472998 0.125076115
vn 0.0594601408 0.914536059 0.400110126
vn -0.155339494 0.890726805 0.427171439
vn -0.933693528 -0.211463854 -0.288962811
vn -0.883327186 -0.146582007 -0.44524923
vn -0.708706081 0.0194603149 -0.705235481
vn -0.924586296 -0.277993143 -0.260499686
vn -0.944756866 0.014696274 -0.327442408
vn -0.871600032 0.403146386 -0.278902471
vn -0.958484828 0.0246971771 -0.284071952
vn -0.870883465 0.39800635 -0.288362473
vn -0.960247695 -0.224642023 -0.16571185
vn -0.966326535 -0.255448639 0.0309670623
vn -0.47026822 0.222987354 -0.853887737
vn -0.962392092 -0.0371020138 -0.269118905
vn 0.142675206 0.825345099 -0.546304941
vn -0.173792854 0.801290751 0.572476387
vn -0.891087472 0.150636509 0.428102612
vn -0.370847613 0.178253517 -0.911426127
vn -0.968143821 0.0976914316 -0.230551571
vn 0.647546649 0.433864176 -0.626454592
vn 0.397227645 0.487279028 0.777669191
vn -0.765615284 0.195368573 0.612914681
vn -0.177924961 0.181657732 -0.967131376
vn -0.972942114 0.120630339 -0.197058052
vn 0.823134065 0.197687641 -0.532325089
vn 0.576782823 0.145777687 0.803785145
vn -0.65764153 0.0875187218 0.74822998
vn -0.139511436 0.876995087 -0.459800273
vn -0.74181205 0.662813962 0.101943202
vn 0.579074085 0.813982129 -0.0458951034
vn 0.348478943 0.516994894 0.781843007
vn -0.402855277 0.477827281 0.780633569
vn -0.669615626 0.13339214 -0.730630875
vn -0.510041058 0.260739177 -0.819678664
vn -0.985225976 -0.11118149 -0.130262643
vn -0.951035142 -0.0921355039 -0.295030624
vn -0.796392679 0.057827238 -0.60200882
vn -0.47523725 0.20451197 -0.855759561
vn -0.930519223 -0.159172475 -0.329845518
vn -0.937814474 -0.169410184 -0.302992225
vn -0.978845417 -0.195806593 -0.0593413785
vn -0.658495784 0.0566987917 -0.750445604
vn -0.661927938 0.0545126647 -0.747582555
vn -0.689817727 0.0362255573 -0.723076224
vn -0.789702356 -0.161160454 0.59194392
vn -0.586076915 -0.0777925774 0.806512296
vn -0.970553398 -0.210030958 0.117954142
vn -0.862992346 -0.195682064 0.465781838
vn -0.866083741 -0.183714226 0.464917302
vn -0.990481913 -0.137572348 0.0043938132
vn -0.753111839 -0.135610178 0.643764138
vn -0.837928832 0.192658007 0.510644794
vn -0.856634498 0.234325036 0.459640384
vn -0.821315467 0.228493974 0.52271539
vn -0.968047023 0.240441516 -0.0712245107
vn -0.835768878 0.304756165 0.456742764
vn -0.908072352 0.361584276 -0.211332351
vn -0.804398477 0.3091712 0.507302999
vn -0.900785506 0.406517029 -0.152739361
vn -0.804184318 0.235061944 0.545924485
vn -0.943414629 0.327144146 -0.0542728491
vn -0.918159783 -0.0715655014 0.389693618
vn -0.867107093 -0.0863361433 0.490582675
vn -0.928964078 -0.0401968993 0.367980957
vn -0.87605238 -0.037104927 0.480786234
vn -0.83361268 -0.0664831251 0.548333704
vn -0.945109248 -0.124949142 -0.301921129
vn -0.961286426 -0.129062846 -0.243456766
vn -0.925983846 -0.121165819 -0.35759306
vn -0.935747564 -0.121492073 -0.331083477
vn -0.957468152 -0.127255172 -0.258961171
vn -0.964002967 -0.234907418 -0.124566399
vn -0.97789818 -0.201780692 -0.0547699668
vn -0.759231865 0.468669564 0.451570272
vn -0.970811486 -0.224108979 -0.0854425877
vn -0.976928651 -0.151270106 0.150757357
vn -0.955083668 0.00634105038 0.296268433
vn -0.842291415 0.237185866 0.484033018
vn -0.761985719 0.463032305 0.452745736
vn -0.339379996 0.932953954 0.120075367
vn -0.298628569 0.950071573 0.090470925
vn -0.575811923 0.747633457 0.330884904
vn -0.612456739 0.727851629 0.30842945
vn -0.708451152 0.608457863 0.357597589
vn -0.816287279 0.393433869 0.422947764
vn -0.335357189 0.934772432 0.117200941
vn -0.917717516 0.109037213 0.381975651
vn -0.97760874 -0.136696175 0.15998514
vn -0.98376447 -0.176398724 0.0330306515
vn -0.861874878 0.208311349 0.462361306
vn -0.161985651 0.975177765 -0.150960267
vn 0.0167646445 0.994831324 -0.100148596
vn -0.0286249295 0.999516845 0.0121101923
vn 0.114432491 0.984651208 0.131784454
vn -0.0258616451 0.966090202 0.25690648
vn -0.200130269 0.977820754 0.0617606379
vn -0.483750612 -0.423970014 -0.76565975
vn -0.278921932 -0.276237816 -0.919725657
vn -0.0171926245 -0.253552079 -0.967168927
vn -0.483701169 -0.495567828 -0.721419275
vn -0.368878245 0.0361248851 -0.92877543
vn 0.0350508019 0.348477364 -0.936661601
vn -0.663484335 0.0462740473 -0.746757805
vn -0.833997726 0.418720692 -0.359333575
vn -0.709300578 -0.257729411 -0.65610081
vn -0.892811418 -0.251940161 -0.373381853
vn 0.213741347 -0.0572139397 -0.975213408
vn -0.555478036 -0.170288846 -0.813907683
vn 0.81306994 0.477506757 -0.33302325
vn -0.478152424 0.600316584 0.641085088
vn -0.991236269 0.0417797565 -0.125320151
vn 0.43149218 0.160137847 -0.887789667
vn -0.580005348 0.160468459 -0.798651218
vn 0.940499723 0.275175422 0.199345842
vn -0.192859605 0.32744664 0.924977779
vn -0.966962814 0.237132236 0.0935473591
vn 0.292594105 0.792725086 -0.534766853
vn -0.451844752 0.69619149 -0.557811558
vn 0.597822428 0.732800484 0.324979514
vn -0.0695199668 0.65279454 0.754338264
vn -0.694600165 0.69894594 0.170309171
vn -0.752151966 -0.29338485 -0.590078652
vn -0.587032497 -0.258840472 -0.767068803
vn -0.504079878 -0.239274085 -0.829850256
vn -0.145486444 -0.00783237349 -0.989329278
vn -0.0989864916 0.0223893505 -0.994836926
vn -0.0959934518 0.0267344285 -0.995022893
vn 0.0910235941 0.208541542 -0.973768532
vn 0.0608272254 0.182975382 -0.981233954
vn -0.480982423 -0.231658682 -0.845570862
vn -0.5678882 -0.252628416 -0.783378541
vn -0.037112385 0.0513191186 -0.997992456
vn -0.0591400787 0.0250163823 -0.997936249
vn -0.418277085 -0.193643332 -0.887438238
vn -0.962096572 -0.253233343 -0.101208717
vn -0.97754544 -0.207495928 0.036748752
vn -0.843870103 -0.320214182 -0.430518448
vn -0.86181128 -0.32320115 -0.390925139
vn -0.875950754 -0.320912153 -0.360174507
vn -0.863891602 -0.326181829 -0.38379243
vn -0.188448071 0.981912017 -0.0183328204
vn -0.0976893604 0.980688632 -0.169430271
vn -0.0396904312 0.992109418 -0.118926264
vn 0.0504570119 0.991566777 -0.119370736
vn 0.129317164 0.985874236 0.106438026
vn -0.0658414364 0.976290286 0.206208751
vn -0.993839562 -0.0765397549 0.0801538974
vn -0.982507885 0.0698267892 -0.172634318
vn -0.541646779 0.266268462 -0.797320545
vn -0.984483182 -0.0820828751 -0.155097753
vn -0.898611903 0.424961865 -0.109105974
vn -0.0908872858 0.687356055 -0.720611632
vn -0.872356713 0.421102971 0.248326927
vn -0.525015831 0.801398516 0.286563605
vn -0.939001203 0.0905869082 0.331769079
vn -0.86323303 0.12181177 0.48988837
vn -0.513579488 0.204872906 -0.833224595
vn -0.967860281 0.0811417922 -0.238038763
vn 0.275360584 0.521360695 -0.807687759
vn 0.582758129 0.805135667 0.110224582
vn -0.645160854 0.354374737 0.676894248
vn -0.467099577 0.147156075 -0.87187326
vn -0.988446236 0.129924521 -0.0780619606
vn 0.550327718 0.267568082 -0.790915132
vn 0.837704897 0.390762419 0.381517112
vn -0.425278008 0.263936758 0.865722835
vn -0.334739268 0.715046227 -0.613725185
vn -0.705679715 0.705086648 0.0697773397
vn 0.451051116 0.777611554 -0.438033313
vn 0.565607846 0.695726216 0.442778379
vn -0.198243484 0.654997349 0.729162574
vn -0.870060742 -0.23915045 -0.431046754
vn -0.678241849 -0.190230936 -0.709788799
vn -0.687347591 -0.191520199 -0.700623393
vn -0.815521777 -0.115037456 -0.567177832
vn -0.914093316 -0.147033989 -0.377907872
vn -0.997692645 -0.0559996367 0.0383831002
vn -0.896190584 -0.139821261 -0.421061158
vn -0.824030995 0.105941288 0.556551397
vn -0.897264719 0.0436039455 0.439334512
vn -0.996560991 -0.0601291284 0.0570154078
vn -0.994259715 -0.067515187 0.0830009356
vn -0.881297052 -0.240197971 -0.40696463
vn -0.987387836 -0.128303424 0.0927550197
vn -0.987626553 -0.131869286 0.0848783702
vn -0.906813145 -0.230425313 -0.352979124
vn -0.144999072 0.878296316 -0.455599248
vn -0.260977477 0.873692274 -0.410551608
vn -0.301942885 0.852403402 -0.426894724
vn -0.429757208 0.784313917 -0.447392881
vn -0.4279854 0.725736618 -0.538641572
vn -0.253810138 0.80663687 -0.533776581
vn 0.464609265 0.885277033 0.0205602255
vn 0.325673401 0.91068846 0.254132301
vn 0.332565397 0.791522086 0.512730837
vn 0.611054301 0.788670838 0.067904301
vn -0.367746055 0.924330413 0.101863265
vn -0.28446278 0.865844011 0.41157639
vn -0.412641883 0.871009588 -0.266587585
vn -0.646699429 0.661769509 -0.37926358
vn -0.0892658755 0.89850843 -0.429783881
vn -0.00590122072 0.799388289 -0.600785792
vn -0.0928042904 0.971008539 -0.220294803
vn 0.324199617 0.787004709 -0.524898291
vn -0.742729247 0.496600568 -0.449155986
vn -0.550302744 0.321020007 -0.770787299
vn -0.0634199232 0.587548614 -0.806699753
vn 0.366347343 0.927035749 -0.0799644589
vn 0.327493787 0.944850206 0.00242947019
vn 0.492532164 0.72114861 -0.487192631
vn -0.238094822 0.971165717 -0.0121659422
vn 0.322572768 0.945988536 -0.032442499
vn 0.319106549 0.936806679 -0.143402323
vn -0.102453262 0.988754272 -0.108942203
vn -0.172740057 0.979856431 -0.100210674
vn -0.171191901 0.985018551 -0.020777192
vn -0.172240287 0.985028207 0.00726003526
vn -0.237757966 0.97082293 -0.0312103648
vn -0.238326564 0.964556336 -0.113276087
vn -0.237753928 0.959432721 -0.151531532
vn -0.225503653 0.947765112 -0.225586638
vn -0.168547794 0.884190619 -0.435658783
vn -0.0463658236 0.688829005 -0.723439515
vn 0.0220091417 0.537387848 -0.843047917
vn -0.0291236769 0.494097859 -0.868918359
vn -0.170529619 0.484306484 -0.858118236
vn -0.304570735 0.443584472 -0.842893541
vn -0.283487022 0.417411894 -0.863366842
vn -0.0135005442 0.344628453 -0.938642144
vn 0.0717401057 0.358658284 -0.93070823
vn 0.0811886787 0.36685577 -0.926728308
vn 0.252418488 0.488641262 -0.835173368
vn 0.366870999 0.60627526 -0.705574811
vn 0.487958729 0.704686582 -0.515085697
vn 0.109425835 0.78669101 0.607571602
vn -0.0092196269 0.895974517 0.44400984
vn 0.147996202 0.916476548 0.371709466
vn 0.118633032 0.9479568 0.295472652
vn 0.331149995 0.889782846 0.314048111
vn 0.357580751 0.773639858 0.523084521
vn -0.439570308 -0.109254137 0.891538799
vn -0.237455502 -0.369401008 0.898419678
vn 0.57454586 -0.123131648 0.809157372
vn 0.516696572 -0.11797221 0.848001838
vn 0.215349942 -0.0910706371 0.972281039
vn -0.0393904783 -0.0631912276 0.997223794
vn -0.212662876 0.0489902049 0.975896776
vn -0.257457197 0.0779939145 0.963136911
vn 0.805812597 -0.125938892 0.578623831
vn 0.0603234433 -0.220951423 0.973417342
vn -0.706386864 0.0939688608 0.701560795
vn -0.302354753 -0.404662669 0.863035202
vn -0.246064782 0.232765123 0.940889239
vn -0.36634165 0.728695631 0.578616083
vn 0.0545774996 0.15675129 0.986129045
vn 0.44123134 0.546163201 0.712053835
vn 0.364407003 -0.207712933 0.907779098
vn -0.747443676 0.441269755 0.49659735
vn -0.250441223 0.0630831271 0.966074407
vn -0.392704785 0.892383993 -0.222337261
vn 0.754397631 0.65417248 -0.054245837
vn 0.573264003 0.0664821491 0.816669285
vn -0.467843115 0.719711304 0.512970209
vn -0.0652293488 0.407856196 0.910713136
vn -0.126431614 0.989485323 -0.0702406913
vn 0.667854786 0.740951598 0.0704332441
vn 0.580826402 0.367703497 0.726247072
vn -0.341832757 0.118658908 0.932239473
vn -0.320744723 0.302046299 0.897714317
vn -0.375794291 0.119100124 0.919017911
vn -0.359963536 0.0993632898 0.927660048
vn -0.185734913 -0.131452337 0.973767281
vn -0.177233383 -0.139469504 0.974236429
vn -0.176995605 -0.139701083 0.974246502
vn 0.0247496553 -0.168902412 0.985321999
vn 0.580289602 -0.198018804 0.789969921
vn 0.805284917 -0.12875779 0.578737974
vn 0.069500722 -0.184881926 0.980300188
vn 0.539808869 -0.206764027 0.815999389
vn 0.00448893011 0.999913216 -0.0123823928
vn 0.144331798 0.954295158 0.261704266
vn -0.0846237168 0.969280839 0.23094058
vn -0.0267296974 0.885807812 0.46328184
vn -0.318940133 0.869179428 0.37789458
vn -0.348039597 0.936583996 0.0409739017
vn 0.649468958 0.747145295 -0.141293362
vn 0.639970064 0.764020085 0.0819241107
vn 0.562302291 0.791106105 0.240764022
vn 0.42421931 0.856994212 -0.292572856
vn 0.0374054275 0.887615919 0.459063053
vn 0.097766161 0.721333683 0.685652614
vn -0.195963219 0.88556838 0.421149582
vn -0.423567891 0.696555257 0.57913816
vn 0.0764835477 0.993267775 0.0870024785
vn -0.520132542 0.853980839 -0.0133766625
vn 0.526225388 0.763629436 0.374108016
vn 0.345578045 0.907431245 -0.239048809
vn 0.114983842 0.633072615 0.765504897
vn -0.476461083 0.551756918 0.684506595
vn -0.634238422 0.772794127 -0.0230414104
vn 0.915812254 0.335687816 0.220457688
vn 0.900579631 0.391440779 0.189025119
vn 0.139541626 0.895866215 0.42184338
vn 0.101015076 0.885238051 0.454036951
vn 0.688635945 0.708602488 0.153827965
vn 0.650490463 0.745112956 0.147203431
vn 0.21113342 0.89425534 0.394626588
vn -0.33056891 0.530446291 0.78060925
vn -0.356713921 0.419098973 0.83493185
vn -0.292688012 0.575792968 0.763410807
vn -0.298089594 0.540639639 0.786671102
vn 0.255098671 0.817714691 0.51601094
vn 0.265726149 0.816131949 0.513145447
vn 0.304141283 0.809778452 0.501753867
vn -0.327187657 0.51515758 0.792187452
vn 0.741635859 0.643317103 0.190051377
vn 0.749179721 0.634089708 0.191468194
vn 0.389075071 0.919824481 0.0504334718
vn 0.388969928 0.863128304 0.32204318
vn 0.21189703 0.964484751 0.157698303
vn 0.0817757323 0.924508989 0.37228477
vn -0.108831018 0.988787591 0.102248639
vn 0.11239887 0.989995897 -0.0852911919
vn 0.705017388 0.700788856 0.108837433
vn 0.656331003 0.657366633 0.370268285
vn 0.762251854 0.435220987 0.479118764
vn 0.685574591 0.67625314 -0.269572139
vn 0.402664065 0.790452957 0.461568713
vn 0.0256978534 0.844491005 0.53495276
vn 0.00587804755 0.999329567 -0.0361360051
vn -0.290050626 0.954597175 -0.0679321438
vn 0.165798098 0.950585485 -0.262484848
vn 0.0739541948 0.863758266 -0.498449832
vn 0.635329187 0.631545424 0.444417983
vn 0.643733263 0.752014399 -0.141710088
vn -0.0643043369 0.785843134 0.615073621
vn -0.433246255 0.900715947 -0.031756226
vn 0.02123373 0.901687562 -0.431866467
vn 0.769781828 0.533455729 0.350515246
vn 0.753790796 0.632803977 0.177083567
vn 0.755309105 0.627553821 0.188903227
vn 0.754349351 0.586077213 0.295754164
vn 0.455421448 0.776533544 0.435415655
vn 0.406329036 0.799634635 0.442132324
vn 0.382297903 0.755562901 0.531952143
vn 0.383715302 0.751114845 0.537204862
vn 0.375851333 0.753626108 0.5392434
vn 0.328383803 0.767171025 0.551010668
vn 0.333425671 0.809328973 0.483543009
vn 0.324711651 0.82889384 0.455518782
vn 0.296378165 0.87484324 0.383157074
vn 0.294264048 0.877726972 0.378158718
vn 0.293188006 0.879027367 0.375967473
vn 0.234817162 0.929080546 0.285780221
vn 0.178834409 0.960136652 0.214839324
vn 0.141247794 0.975387335 0.169318318
vn 0.336581439 0.786032856 0.518522084
vn 0.206148997 0.978433967 -0.0130305709
vn 0.230549291 0.972846806 -0.0203993749
vn 0.235809863 0.971544862 -0.0222310219
vn 0.423332661 0.905948639 0.00682489015
vn 0.623409867 0.781382442 0.0283150859
vn 0.684636414 0.728015423 0.0355867259
vn 0.745163143 0.648126245 0.157048866
vn 0.59970808 0.787901461 0.139862493
vn 0.352652907 0.897861302 0.263592601
vn 0.238798395 0.955018103 0.175828859
vn 0.110300213 0.979893208 0.166262507
vn 0.136894345 0.989650965 -0.0430226102
vn 0.460702598 0.881923258 -0.0998224244
vn 0.75651437 0.307647139 0.577095568
vn 0.548881531 0.357599199 0.755547464
vn 0.424224943 0.131494135 0.89595902
vn 0.838241637 0.0660496876 0.541283906
vn 0.159617186 0.626430035 0.762959838
vn -0.0409534015 0.509037316 0.859769702
vn 0.512373269 0.698854148 0.499075621
vn 0.182753384 0.951188147 0.248681322
vn 0.7828601 0.48617056 0.388288885
vn 0.918556988 0.394074947 0.0309531707
vn 0.042255912 0.0502007194 0.997844815
vn 0.892651975 0.0122393947 0.450580299
vn -0.636339247 0.353724539 0.685530126
vn -0.342544824 0.887726367 -0.307579011
vn 0.8411448 0.382723987 -0.382096618
vn 0.226137623 0.0284871589 0.973678708
vn 0.942344964 0.0112347202 0.334454298
vn -0.713260412 0.371909052 0.594090223
vn -0.528612673 0.643451273 -0.553659737
vn 0.717220545 0.329968631 -0.613771439
vn 0.48054871 0.564964116 0.670737326
vn 0.954316676 0.284617007 0.0909547433
vn -0.422183186 0.854899943 0.301508874
vn -0.170707494 0.841137707 -0.513172567
vn 0.678998232 0.50345546 -0.534316421
vn 0.968780637 0.238918513 0.066196464
vn 0.938630104 0.297469199 0.174600825
vn 0.932617068 0.305850774 0.191522405
vn 0.653371274 0.576983094 0.490098506
vn 0.631986558 0.589006364 0.503651202
vn 0.472873569 0.6890257 0.549212337
vn 0.0905655697 0.781160474 0.617726743
vn 0.0777546912 0.784252226 0.615550578
vn -0.591921031 0.732332468 0.336628556
vn 0.157328799 0.774181485 0.613099217
vn 0.0743003711 0.748941481 0.658457458
vn 0.234855875 0.704929292 0.669266343
vn -0.0493934005 0.779275775 0.62473166
vn 0.628499806 0.541095138 0.558752239
vn 0.88730973 0.352760166 0.297055185
vn 0.920444965 0.307981044 0.240683749
vn 0.500087619 0.613445342 0.611225843
vn 0.935254514 0.288422823 0.205210716
vn 0.961341798 0.253479183 0.107565574
vn -0.240916267 0.958305418 -0.153655946
vn 0.100269318 0.985707819 -0.13537398
vn -0.00438701548 0.999985397 -0.00314448657
vn 0.331192046 0.934213936 0.132499292
vn 0.079565458 0.942839682 0.323608935
vn -0.277169794 0.953297615 0.120002195
vn -0.76406759 -0.193481475 -0.615439415
vn -0.601393223 -0.107611731 -0.791672766
vn -0.255980372 -0.0852176473 -0.96291846
vn -0.692192197 -0.280885875 -0.664810598
vn -0.653394759 0.143331543 -0.743324518
vn -0.0818842873 0.559737265 -0.824614644
vn -0.907360852 0.180798918 -0.379483849
vn -0.668737829 0.541220367 0.509774804
vn -0.908962846 -0.0722819641 -0.410562754
vn -0.967651427 0.065914385 0.243527859
vn -0.037753351 0.323178113 -0.945584774
vn -0.848836601 0.0349490717 -0.527498841
vn 0.505473018 0.862095475 0.0358918868
vn -0.293913245 0.64373672 0.706553638
vn -0.938688457 0.222856387 0.263057172
vn 0.212147906 0.130766332 -0.968448937
vn -0.788641989 0.049380105 -0.612866461
vn 0.887008548 0.439384192 0.141976774
vn -0.116302483 0.423292577 0.898497045
vn -0.9307127 0.199882016 0.306302249
vn 0.354480743 0.0786859468 -0.931746662
vn -0.749479651 0.0954313204 -0.655113041
vn 0.964491904 0.16018495 0.209990337
vn 0.00805617869 0.209564149 0.977761686
vn -0.911260784 0.166228339 0.376791388
vn 0.339807153 0.711122751 -0.615496099
vn -0.629068434 0.605821252 -0.487086743
vn 0.80522275 0.53179884 0.26230973
vn 0.121256202 0.536683142 0.835025907
vn -0.740924895 0.585258663 0.329397351
vn -0.383176684 -0.14433828 -0.912327766
vn -0.214664251 -0.169740468 -0.961825013
vn -0.547275782 -0.103367627 -0.830544591
vn -0.269987226 -0.157281354 -0.949931383
vn -0.532245755 -0.0930882022 -0.841456532
vn -0.779164672 -0.0227772612 -0.626405358
vn -0.808765292 -0.0124694314 -0.587999403
vn -0.850382805 0.0334656797 -0.525099158
vn -0.945644855 0.313330412 -0.0870616809
vn -0.943136513 0.326151997 -0.0641744211
vn -0.897003293 0.427768499 0.111352287
vn -0.763085008 0.536104321 0.360961795
vn -0.909195542 0.415380955 0.0286744293
vn -0.929407954 0.35964033 -0.082823284
vn -0.880462885 0.113236479 -0.460394084
vn -0.807230115 0.00568964332 -0.590209424
vn -0.934798479 0.330540359 -0.129979968
vn -0.558785379 0.829108298 -0.0183945484
vn -0.206219956 0.973973036 -0.0940738693
vn -0.299897134 0.941333473 0.154767573
vn -0.00911708269 0.975474775 0.219922483
vn -0.252915114 0.839607775 0.480720907
vn -0.58636719 0.738553047 0.332735181
vn -0.620753407 0.780703485 -0.0718835294
vn -0.918167412 0.390738577 0.0655137673
vn -0.559594512 0.233959094 0.795057952
vn -0.548082232 0.257467479 0.795811832
vn -0.552935362 0.256289691 0.792829216
vn -0.682555556 0.342342407 0.645693064
vn -0.79282558 0.425209641 0.436605483
vn -0.783396244 0.506794155 0.359791577
vn -0.778063595 0.533367395 0.331867963
vn -0.79737103 -0.097589314 -0.595546544
vn -0.890156329 -0.413207024 -0.192046255
vn -0.372932583 0.922555447 0.0990588441
vn -0.716866434 0.625513732 0.30795306
vn -0.509383619 0.822043955 0.254503459
vn -0.749319434 0.141964048 0.646812737
vn -0.800657928 0.542580545 0.254073232
vn -0.905700862 -0.248977467 0.343097955
vn -0.367607892 0.0759913549 -0.926871002
vn -0.914132535 -0.172572657 -0.366851926
vn 0.630953729 0.556659341 0.540395916
vn -0.431004167 -0.0201999992 0.902123749
vn -0.907654464 -0.188756004 0.374879211
vn -0.0645977184 0.800202966 -0.596240282
vn -0.883204281 0.412142426 -0.223805472
vn 0.473327726 0.791811168 0.385999799
vn -0.206263632 0.425617784 0.881081641
vn -0.817864656 0.260813504 0.512907088
vn -0.760832548 0.611320794 0.217763051
vn -0.648209512 0.735007286 0.198969215
vn -0.579357088 0.794326365 0.182732329
vn -0.612027407 0.773881137 0.162881568
vn -0.67781347 0.723447502 0.131120652
vn -0.783696055 0.602843344 0.149667829
vn -0.79374212 0.583644807 0.171266541
vn -0.850820601 0.319647193 0.41704905
vn -0.826388657 0.292696148 0.481051594
vn -0.699389935 0.181869715 0.691214204
vn -0.585514307 0.132972613 0.799682021
vn -0.582963645 0.132719338 0.801585257
vn 0.305208981 0.893532932 0.329311907
vn 0.132178277 0.927046239 0.350875944
vn 0.241987839 0.955763221 0.167208403
vn 0.0449847803 0.985596538 0.163021088
vn 0.180123031 0.979389787 0.0913863704
vn 0.298787683 0.936188936 0.185138211
vn 0.548680663 0.132597625 0.825449884
vn 0.166732088 0.214086071 0.96247983
vn -0.0217175987 0.161822438 0.986580968
vn 0.448387325 0.012263706 0.893755257
vn 0.354839653 0.463388771 0.812009633
vn -0.258902222 0.559289038 0.787505686
vn 0.574904561 0.537132025 0.617230833
vn 0.574887633 0.789748073 0.214014187
vn 0.715025067 0.292332768 0.635043859
vn 0.865991235 0.222067118 0.448046088
vn 0.0162430368 0.764714301 0.644164801
vn 0.493415952 0.662501514 0.563589036
vn -0.245266348 0.962755561 0.11378134
vn 0.157016158 0.956163526 -0.247178629
vn 0.577380359 0.810661852 0.0972591937
vn -0.178746611 0.100092053 0.978790641
vn -0.264198542 0.0914331302 0.960124552
vn -0.445188969 0.0661179796 0.892992198
vn -0.610356748 0.0305819586 0.791536152
vn -0.100243568 0.180079564 0.978530884
vn -0.659588218 0.061219357 0.749129832
vn -0.610781372 0.0298639368 0.791235864
vn -0.30732581 0.0756479353 0.948592722
vn -0.183142737 0.0892818123 0.979023755
vn 0.0919873863 0.266305208 0.959489405
vn 0.261667699 0.357019544 0.896697819
vn 0.353849739 0.414425999 0.838475704
vn 0.368675202 0.423354 0.82755661
vn 0.393139333 0.496032417 0.77420491
vn 0.272386014 0.786098719 0.554846585
vn 0.243472025 0.614178419 0.750670552
vn 0.242648497 0.613715827 0.751315236
vn 0.258264273 0.624249935 0.737300217
vn 0.182682976 0.403994501 0.89633441
vn 0.141721845 0.375110537 0.916082501
vn -0.131251261 0.868713617 0.477608353
vn -0.13838993 0.959226191 0.246441334
vn 0.057529211 0.966891348 0.248619214
vn 0.0689086244 0.981497586 0.178644612
vn 0.271145552 0.900985003 0.33868283
vn 0.163395271 0.814144194 0.557199359
vn -0.656699419 -0.226308867 0.719395638
vn -0.898333788 0.0533855967 0.436057836
vn -0.96171248 0.0899564624 0.258876324
vn -0.703136444 -0.281326175 0.653035045
vn -0.69021064 0.304580748 0.656383932
vn -0.666570365 0.698303521 0.260875851
vn -0.441914558 0.23067984 0.866890132
vn 0.00164359109 0.502956152 0.864310443
vn -0.433020681 -0.0974670276 0.896098912
vn -0.18959026 -0.117714725 0.974781454
vn -0.971553564 0.233506277 0.0394778848
vn -0.71690619 0.0241952352 0.696749628
vn -0.433779776 0.610840917 -0.662350714
vn 0.79648459 0.270179391 0.540939391
vn -0.0297012068 -0.0320727453 0.99904412
vn -0.654842734 0.74769479 0.110151745
vn -0.508342326 0.482619882 0.713208437
vn 0.0215739328 0.938745081 -0.343936235
vn 0.720646381 0.568167388 0.397309244
vn 0.170708328 0.358804405 0.917669892
vn -0.897556961 0.383511126 0.217510417
vn -0.891583443 0.416903347 0.176834837
vn -0.659960926 0.0479109101 0.749770582
vn -0.758034885 0.107973017 0.643214464
vn -0.888593853 0.207355499 0.409151047
vn -0.911380768 0.253181845 0.324474931
vn -0.898493886 0.390002847 0.201510385
vn -0.895092964 0.178542942 0.408571929
vn -0.844855607 0.138024285 0.516883254
vn -0.622267425 0.0101227416 0.782739222
vn -0.522685766 0.0190120284 0.852313459
vn -0.436465144 0.0261830017 0.899340153
vn -0.193406418 0.0637524128 0.979045272
vn -0.0666679069 0.147546381 0.986805677
vn -0.393462867 0.0488269888 0.918042958
vn -0.615719438 0.021454785 0.787673414
vn -0.192255884 0.0666342154 0.979079962
vn 0.317865491 0.940597475 0.119322143
vn 0.451583296 0.8661533 0.21412836
vn 0.374978334 0.873586714 0.310221791
vn 0.402737856 0.844962478 0.351910144
vn 0.0746413097 0.817505538 0.571063459
vn -0.0249053277 0.903437912 0.427994728
vn 0.162642583 0.930228949 -0.328970343
vn 0.725216329 0.678538263 0.116820477
vn 0.608244538 0.50918597 0.608907402
vn -0.25384298 0.916314721 0.30972749
vn 0.642549634 0.664939046 0.380770296
vn 0.269683152 0.263273537 0.926260233
vn 0.405380756 0.79581219 0.449832767
vn -0.237092108 0.348154724 0.906959593
vn -0.10963501 0.98445195 -0.137238726
vn -0.560157239 0.552239656 0.617458642
vn 0.711538196 0.701488018 0.0403460786
vn 0.289806366 0.934280515 -0.20768325
vn 0.561917007 0.61813885 0.549685061
vn -0.186610669 0.533594191 0.824896216
vn -0.434098691 0.777943134 0.454271764
vn 0.574145317 0.742947161 0.344073653
vn 0.602833331 0.703778803 0.375882179
vn 0.603039384 0.702286601 0.378334492
vn -0.612627327 0.714291871 -0.338341504
vn -0.195119441 0.922406435 -0.333308607
vn -0.18108806 0.925718009 -0.332044154
vn 0.632735908 0.542596519 0.552480042
vn 0.586662292 0.260810971 0.766684353
vn 0.582693636 0.26144734 0.76948905
vn 0.548728228 0.267604083 0.792013466
vn 0.582641602 0.272915691 0.765536308
vn 0.591630101 0.274209023 0.758144557
vn 0.614257574 0.676076174 0.406950355
vn 0.603418767 0.714167237 0.354754657
vn -0.0265553184 0.972921133 -0.229606494
vn -0.147441611 0.935905457 -0.319909304
vn -0.678346455 0.653764069 -0.335318804
vn 0.597024679 0.73239392 0.327354133
vn -0.669804335 0.65558362 -0.348672271
vn -0.73889935 0.500541329 0.451094419
vn -0.812360346 0.4971084 0.304883361
vn -0.660909414 0.587417662 0.46705395
vn -0.701578856 0.642335415 0.308532476
vn -0.527542949 0.699589968 0.481946349
vn -0.569180787 0.60174489 0.560300052
vn -0.33923924 0.668412507 0.661922514
vn 0.0243249498 0.765771508 0.642652631
vn 0.0473466702 0.8787359 0.474954337
vn 0.0538419411 0.851687253 0.521277249
vn 0.0500166528 0.851558626 0.52186805
vn 0.0486183465 0.851448715 0.522179425
vn 0.0373983569 0.852187276 0.521898627
vn -0.0504585728 0.880699992 0.470979244
vn -0.0570849963 0.887420237 0.457412839
vn -0.0823273361 0.911108255 0.403861254
vn -0.0766388848 0.9550699 0.286300302
vn -0.0752948225 0.962268889 0.261475295
vn -0.0183190331 0.916046143 0.400654376
vn 0.0315771177 0.845489264 0.533057928
vn 0.0498804115 0.789954901 0.611132801
vn 0.0428201929 0.755932152 0.653248012
vn -0.551751971 0.635448396 0.540162086
vn -0.765082955 0.459421575 0.45119831
vn -0.716161549 0.344863802 0.606779695
vn -0.654521286 0.638835967 0.404339463
vn -0.477862477 0.733973742 0.482628316
vn -0.48226878 0.730915725 0.482886076
vn -0.534295738 0.654702485 0.534689367
vn 0.0312289558 0.877224684 0.479063094
vn -0.469552904 0.572418571 0.672203183
vn -0.410786539 0.750068665 0.518315911
vn -0.0823888183 0.983897746 0.158610225
vn -0.0816860422 0.983401 0.162018165
vn -0.081186749 0.982598186 0.16706121
vn -0.066451326 0.968576431 0.239674449
vn -0.0527686514 0.954721451 0.292784095
vn -0.0800549313 0.977780402 0.193743542
vn -0.484891921 0.757478058 0.43715781
vn 0.033851333 0.698141873 0.71515882
vn -0.0178115312 0.72950238 0.683746278
vn -0.0402885079 0.740287483 0.671082139
vn -0.316677451 0.805825353 0.500360847
vn -0.47275722 0.75978601 0.446347177
vn -0.481315255 0.734044492 0.479076713
vn -0.194233224 0.96753329 0.161717653
vn -0.178564966 0.958921731 0.220417365
vn -0.164696068 0.954020977 0.250438005
vn -0.369971544 0.758463025 0.536521077
vn -0.103161231 0.785935521 0.60964185
vn -0.010751606 0.779513538 0.626293063
vn 0.0218249392 0.896604836 0.442293435
vn 0.0295589808 0.934216022 0.355481058
vn 0.0252416022 0.941435218 0.336247683
vn 0.00517871277 0.960201681 0.279259503
vn -0.088485986 0.990494847 0.105310343
vn -0.0902275965 0.990673542 0.102102496
vn -0.069458276 0.988930464 0.13111873
vn -0.0691600516 0.989042997 0.130425334
vn -0.0688962266 0.989115298 0.130016163
vn -0.0682974085 0.989289641 0.129001662
vn -0.0915354043 0.991503239 0.0924268961
vn -0.191906199 0.968658328 0.157711998
vn -0.012874552 0.905435801 0.424288094
vn -0.0115223415 0.905058265 0.42513147
vn -0.0114224479 0.9050861 0.425075024
vn -0.00915456656 0.905889213 0.423415691
vn 0.0298342202 0.92958051 0.367409855
vn -0.125426486 0.921809733 0.366790175
vn -0.0232683271 0.910935819 0.411891341
vn -0.496997088 0.673117757 0.547636986
vn 0.551544845 0.820400119 -0.150803998
vn 0.553520977 0.831703186 -0.0434080735
vn 0.449081242 0.882493436 -0.13975428
vn 0.451793939 0.892095625 0.00691175088
vn 0.418492019 0.905125558 -0.0749134421
vn 0.470569313 0.869952559 -0.147468582
vn 0.254483759 0.919244349 0.300379485
vn 0.420351595 0.868591845 0.262397885
vn 0.0497062169 0.954000771 0.295654804
vn -0.01004453 0.904981196 0.425332904
vn 0.0739779249 0.962095797 0.262486219
vn 0.0855706781 0.967587352 0.237597167
vn 0.12397939 0.987606406 0.0962432101
vn 0.132569626 0.989968419 0.048866462
vn 0.167750061 0.984801233 -0.0450174436
vn 0.108027391 0.981763184 -0.15643312
vn 0.430708349 0.898803473 0.081502609
vn 0.663468182 0.732643962 0.151798949
vn 0.708085179 0.694841325 -0.125741512
vn 0.426625401 0.871473372 0.241919398
vn 0.0991396606 0.979045331 0.177880988
vn 0.274306923 0.959997118 0.0562250167
vn 0.184267953 0.982873023 0.00245181588
vn 0.221327528 0.954179943 -0.201382279
vn 0.112944059 0.992045939 0.0555735081
vn 0.105816647 0.991033554 0.0815797225
vn 0.0796462893 0.969594598 0.231393442
vn 0.0700833648 0.966211736 0.248038843
vn 0.0541492663 0.959626496 0.276016057
vn 0.192335621 0.98132658 -0.0022664424
vn 0.0140693365 0.986969709 -0.160289824
vn -0.0287140552 0.987498939 -0.154988438
vn -0.0321706608 0.987456501 -0.154579282
vn -0.0602674522 0.987937689 -0.142642602
vn -0.162927479 0.986558497 -0.0125315581
vn 0.105344959 0.981503904 -0.159851611
vn 0.0979892835 0.982567191 -0.157986432
vn -0.0961945802 0.995346785 -0.00561117055
vn -0.0141911507 0.999702334 0.0198438726
vn 0.197746888 0.980054677 -0.019722471
vn 0.0610883459 0.997237682 -0.0422526598
vn 0.115055948 0.992326736 -0.0452750362
vn 0.199643731 0.978710592 -0.0476239994
vn -0.0794285759 0.878111839 -0.47181657
vn -0.0780706629 0.955094278 -0.285831749
vn -0.152132779 0.893285096 -0.422962517
vn -0.282843798 0.941779375 -0.181799591
vn -0.372576952 0.84674859 -0.379741073
vn -0.218785137 0.822025478 -0.525744498
vn -0.305301934 0.583682179 -0.7524001
vn -0.312551141 0.944749117 0.0987971574
vn -0.661906183 0.70109278 0.265234143
vn -0.6701442 0.695114732 0.260234594
vn -0.669514537 0.696275771 0.258747697
vn -0.298386604 0.937384546 0.179654479
vn -0.284050047 0.94258225 0.175653994
vn -0.28338322 0.942817748 0.175467342
vn -0.174587697 0.568167567 -0.804179609
vn -0.170228153 0.553693354 -0.815135658
vn -0.120993167 0.475409836 -0.871404707
vn -0.114527158 0.984010279 -0.136408567
vn -0.0903716981 0.985370219 0.144493818
vn -0.209908545 0.924771667 0.317389131
vn -0.178253189 0.569336116 -0.802547395
vn -0.670732677 0.695478559 0.257734835
vn -0.853201687 0.487142622 -0.186383933
vn -0.136413425 0.183708712 -0.973469377
vn -0.693906605 0.309224188 -0.650287747
vn 0.816544175 0.576927662 -0.020249458
vn 0.589488387 0.211458087 -0.77960819
vn -0.509922087 0.743107557 0.433325052
vn -0.832521975 0.234528378 -0.501900136
vn -0.144941524 0.0865512192 -0.9856475
vn 0.364266992 0.93110466 -0.0188073181
vn 0.336455256 0.618086338 -0.710469723
vn -0.48857522 0.823126137 0.289409131
vn -0.786335289 0.482417881 -0.385940135
vn -0.26277858 0.427364558 -0.865047336
vn -0.377757549 0.494761378 -0.782630444
vn -0.361134112 0.785826445 -0.502054811
vn -0.35203591 0.930136859 0.104479574
vn -0.257767081 0.352708638 -0.899529159
vn -0.309251785 0.416172862 -0.855080962
vn -0.324753225 0.929589033 0.174354509
vn -0.333719641 0.925223708 0.180533648
vn -0.600237787 0.758546591 0.253617346
vn -0.58422482 0.761348903 0.281121045
vn -0.374185324 0.104619108 -0.921433866
vn -0.399930239 0.0916741267 -0.911949396
vn -0.468900323 0.0565856658 -0.881436646
vn -0.0917092115 0.353220642 -0.931034088
vn -0.088212885 0.340356618 -0.936149418
vn -0.240343481 0.215830818 -0.94638896
vn -0.4177984 0.0887385309 -0.904195845
vn -0.384285212 0.107984856 -0.916877389
vn -0.267606348 0.286050409 -0.920088053
vn -0.235201702 0.339055389 -0.910890639
vn 0.172496364 0.97282362 -0.154463723
vn 0.184164882 0.97588253 0.117202923
vn -0.0370971225 0.996186614 -0.0789693594
vn -0.0706662461 0.964276671 0.255297244
vn -0.165749148 0.985715806 0.0298606735
vn -0.0240214113 0.985212982 -0.169642061
vn 0.891452014 0.361823201 -0.272758573
vn 0.956846595 0.0636158735 -0.283544391
vn 0.848309577 0.315096468 0.425540864
vn 0.777233422 0.353796005 0.520323634
vn 0.617283583 0.395877331 0.679884017
vn 0.855928898 -0.0604245104 -0.513551056
vn 0.863189816 0.325736731 -0.385744631
vn 0.545917273 0.0391034484 -0.836926103
vn 0.155005887 0.97104305 -0.1817929
vn 0.692979515 0.385962635 -0.608943582
vn -0.304628462 0.652679324 -0.693693876
vn 0.705451846 0.0709238574 -0.705200255
vn -0.0074479864 0.245461479 -0.969377756
vn 0.972160518 0.233318016 0.0216011424
vn 0.657066107 0.0173405912 -0.753633499
vn -0.0486471951 0.840520144 0.539591849
vn -0.681476712 0.562955141 -0.467622638
vn -0.082630679 0.166025475 -0.982653379
vn 0.928974509 0.224592313 0.294218868
vn 0.735161781 0.0788597688 -0.67328918
vn -0.148867458 0.413169622 0.898403764
vn -0.943915248 0.277418584 -0.179061517
vn -0.148838907 0.0888830796 -0.984858751
vn 0.609488726 0.687085211 0.39552176
vn 0.609821677 0.689054787 -0.391562283
vn -0.107970446 0.650263071 0.75199753
vn -0.626625419 0.764385939 0.151837736
vn -0.109462887 0.706127286 -0.699572861
vn 0.802481353 -0.0680547878 -0.592783511
vn 0.878525674 -0.0305105578 -0.476719677
vn 0.972412586 0.0753136873 -0.220774993
vn 0.941938818 0.234407097 0.240425885
vn 0.86232084 0.30570823 0.403664678
vn 0.860065281 0.307278991 0.407268226
vn 0.982950449 0.182651967 0.0211336762
vn 0.872202158 0.0134000769 -0.488962114
vn 0.840372026 -0.00119333982 -0.542008638
vn 0.781948328 0.341749847 0.521309793
vn 0.942215264 0.240279749 0.233443797
vn 0.783814311 -0.0282118917 -0.620354116
vn 0.427480191 -0.148987636 -0.891663313
vn 0.241363168 -0.162840843 -0.956674695
vn 0.431028098 -0.157634079 -0.888462901
vn 0.644522011 -0.113036469 -0.756183863
vn -0.181459203 0.966172755 -0.183256447
vn -0.13566649 0.971443236 -0.19466047
vn 0.021790266 0.979193449 -0.201755971
vn 0.108320467 0.986866713 -0.119836681
vn 0.308450967 0.94777149 -0.0811613649
vn 0.10258086 0.985568047 -0.134658188
vn -0.606889129 0.743716419 -0.280306131
vn -0.807615876 0.545024574 -0.225177392
vn -0.493167371 -0.0392575264 -0.869048238
vn -0.43694523 -0.0455531664 -0.898333848
vn -0.677126765 0.0425674766 -0.734634161
vn -0.735260248 0.0643725097 -0.674721062
vn -0.898612142 0.32015723 -0.299992561
vn -0.891463935 0.453090489 -0.000999746844
vn -0.868243277 0.486410886 0.0977659598
vn -0.870170772 0.491115212 0.0401074216
vn -0.805345058 0.383944452 -0.45167014
vn -0.968592346 0.219161332 0.11746189
vn -0.363268584 0.751497388 -0.550715566
vn -0.523131192 0.850731552 0.0508874357
vn -0.0800006315 0.98613745 0.145371199
vn -0.724773407 0.644658148 0.243144661
vn -0.616971016 0.49324584 0.613233387
vn -0.755677342 0.248513594 -0.605964303
vn -0.974598408 0.025294384 0.222526789
vn -0.0467979126 0.671161234 -0.739832759
vn 0.435915679 0.865475118 0.246840835
vn -0.384283334 0.292834431 0.875542283
vn -0.490274042 0.101448111 -0.865644038
vn -0.989785552 0.0990026891 0.102581963
vn 0.448710829 0.225065812 -0.864872217
vn 0.94076705 0.338603884 0.0174569283
vn 0.0645639971 0.29455471 0.953451157
vn -0.517011285 0.696381509 -0.497747004
vn -0.68939203 0.724154711 -0.0183986854
vn 0.433156729 0.758178532 -0.48738122
vn 0.766552508 0.636615872 0.0843638927
vn 0.114014938 0.90445137 0.411057413
vn -0.746442854 0.0287388507 -0.664828539
vn -0.704814315 0.0131799765 -0.709269345
vn -0.55399704 -0.031711366 -0.831914544
vn -0.948764801 0.263528973 0.174349859
vn -0.966069937 0.256697625 0.0285504982
vn -0.971041799 0.219228208 -0.0949570611
vn -0.799248874 0.48658669 0.352752745
vn -0.628849328 0.438124567 0.642335892
vn -0.302941889 0.490056813 0.817355871
vn -0.337666869 0.432609677 0.835960627
vn -0.75304997 0.345957607 0.55966872
vn -0.679172933 0.351322889 0.644435048
vn 0.125274017 0.901869655 0.413445771
vn -0.0146121848 0.933076024 0.359382361
vn 0.00572041422 0.9534688 0.301437438
vn 0.0222978126 0.971119463 0.237549588
vn 0.223308161 0.964094937 0.14371632
vn 0.319166809 0.901221991 0.293140709
vn -0.455252945 0.143625557 0.878701687
vn -0.222419053 0.029649226 0.974500179
vn -0.121111341 0.143578872 0.982200086
vn -0.185613856 0.119969204 0.975271702
vn -0.238795564 0.101311184 0.965770543
vn -0.316289723 0.0980443358 0.943582594
vn -0.579768121 0.0852248073 0.810311973
vn -0.477713734 0.387768716 0.788305163
vn -0.584940016 0.085891895 0.806515753
vn -0.378197134 0.122665487 0.917562068
vn -0.252332568 0.14071171 0.957355022
vn -0.128183365 0.193341002 0.972722054
vn 0.26651898 0.232577831 0.935347676
vn 0.49949792 0.321048975 0.804629982
vn 0.475306422 0.319205999 0.819872797
vn 0.357500553 0.309808582 0.881028891
vn 0.252760082 0.279331893 0.926329315
vn -0.0643172711 0.165913463 0.984040618
vn -0.584587812 0.0432835817 0.810175061
vn -0.145360693 -0.126429349 0.981267512
vn -0.730952024 0.458188027 0.505739927
vn 0.147681668 0.553601325 0.819582701
vn 0.0446379595 0.85228616 0.521167874
vn 0.378826529 0.080353722 0.921972692
vn -0.649471939 0.0380161926 0.759434581
vn -0.0452297181 -0.042411197 0.998075902
vn -0.934836268 0.35204944 0.0462855175
vn 0.519771814 0.759922028 -0.390327811
vn 0.697620153 0.111298837 0.707770228
vn -0.372697681 0.639948905 0.671983421
vn 0.215417311 0.539436162 0.814004958
vn -0.280258626 0.959912419 0.00480673602
vn 0.587773085 0.775913179 -0.22908847
vn 0.744098663 0.544398129 0.387230903
vn 0.557470977 0.348689169 0.753420234
vn 0.578776538 0.349303305 0.736888647
vn 0.152689964 0.277509004 0.948511779
vn 0.348387182 0.323368132 0.879806399
vn 0.565211892 0.338238627 0.752416134
vn 0.535158515 0.325735062 0.779424191
vn -0.0122827943 0.741637707 0.670688152
vn 0.252513975 0.712061822 0.655137122
vn 0.184843481 0.692323804 0.697510302
vn 0.454059184 0.53294903 0.713999689
vn 0.280839354 0.487528265 0.826707661
vn 0.00589818787 0.615374386 0.788212955
vn -0.273731649 0.205351427 0.939628541
vn -0.560174942 0.165122256 0.811750412
vn -0.874343574 0.4466663 0.189769477
vn -0.70654732 0.63463676 0.31309253
vn -0.654156089 0.197664633 0.730074286
vn -0.626241922 0.178927213 0.758818865
vn -0.576182723 0.187837496 0.795443654
vn -0.890155494 0.449983537 -0.0716794655
vn -0.623921335 0.1521786 0.766527176
vn -0.627515614 0.151760593 0.763670743
vn -0.766732872 0.236529157 0.596803665
vn -0.823664844 0.276558489 0.495067179
vn -0.850611389 0.391574293 0.350898653
vn -0.728308201 0.658573031 -0.189337268
vn -0.943559349 0.255313605 -0.210975528
vn -0.997086704 0.0137509126 0.0750271752
vn -0.608081698 0.790125608 0.0770597532
vn -0.445313126 0.143309578 0.883831739
vn -0.543693125 -0.110867456 0.831929207
vn -0.861955225 -0.0999937803 0.497025609
vn 0.396680176 0.804404497 0.442242384
vn -0.377118766 0.715776026 0.587746739
vn 0.692988455 0.213682503 0.688554168
vn 0.283259094 0.0948436782 0.954342246
vn -0.300078779 0.345385641 0.889191449
vn -0.840382695 0.513079703 0.174660206
vn -0.809365809 0.585775554 0.0423571393
vn -0.663155556 0.728860617 -0.170255005
vn -0.694598317 0.713870347 -0.0890064538
vn -0.569870949 0.188665494 0.799782813
vn -0.275346696 0.2103609 0.938047171
vn -0.057314273 0.268111974 0.961681306
vn -0.0527305827 0.269233972 0.961630225
vn -0.795639277 0.602233946 0.0653650463
vn -0.796467721 0.60079819 0.0684153065
vn -0.805734158 0.299886197 0.510745466
vn -0.796364546 0.292822868 0.529205322
vn -0.404087156 0.581205606 -0.706338286
vn -0.783314764 0.609407544 0.122638561
vn -0.441714525 0.632413387 0.636350155
vn 0.539173305 0.637127757 0.550781727
vn 0.782901704 0.609884262 -0.12290702
vn -0.406181395 0.621217489 0.67015332
vn -0.342600524 0.618980885 0.706744373
vn -0.741659641 0.603790581 0.292194963
vn -0.729181111 0.602602661 0.324291319
vn -0.653335094 0.588799298 0.475887209
vn -0.736172438 0.599205017 0.314648181
vn -0.656545281 0.551596284 0.514480174
vn -0.683347642 0.553192019 0.476460665
vn -0.567968726 0.565787315 0.597742617
vn 0.0854499415 0.602586865 0.793465376
vn -0.0946358368 0.594528735 0.798485875
vn -0.307446808 0.561016083 0.768594444
vn 0.501008391 0.637704134 0.585084736
vn 0.274730682 0.606473744 0.746131778
vn 0.068449825 0.634080827 0.770231187
vn 0.266760349 0.614801109 0.742198467
vn -0.296708077 0.611470163 0.733531535
vn -0.866447151 0.366360754 0.339189112
vn -0.0928034633 0.456827819 0.884701014
vn 0.869460821 0.356946528 0.341506988
vn 0.51763165 0.203216508 -0.831119955
vn -0.53088218 0.195549771 -0.824575245
vn 0.422191113 0.40484938 0.811080635
vn 0.79334271 0.347297013 0.499992102
vn 0.84068805 0.347595721 0.415235817
vn 0.0638128296 0.445165724 0.893171489
vn 0.340086073 0.404095203 0.849145651
vn 0.179457933 0.394506246 0.901199043
vn 0.209297463 0.405846179 0.889653504
vn 0.950150788 0.243206739 0.195099667
vn 0.837751746 0.270059973 0.474594057
vn 0.742075443 0.302540541 0.59815824
vn 0.333312511 0.362780899 0.870225728
vn 0.243734688 0.382792741 0.891102135
vn 0.877510309 0.233784869 -0.418712527
vn 0.947154403 0.231324837 -0.222232476
vn 0.97047013 0.226870403 -0.0819614083
vn 0.971893728 0.229637653 -0.0518557578
vn 0.845057249 0.346677125 0.407054156
vn 0.963286579 0.257129908 -0.0772209689
vn 0.956024468 0.255832106 -0.14341259
vn 0.400470644 0.652828932 0.642991304
vn 0.29622823 0.954700112 0.0282214358
vn -0.391240716 0.782132208 -0.484974235
vn -0.952734351 0.289408386 -0.0924122185
vn -0.644738793 0.156007335 0.748313725
vn 0.246876776 0.965868354 -0.0784233436
vn 0.138497889 0.952814937 -0.270114571
vn 0.128354833 0.949262559 -0.287098408
vn -0.222104698 0.834592819 -0.504107535
vn -0.230408207 0.829718113 -0.508409262
vn -0.324560046 0.801171482 -0.502777398
vn 0.348679721 0.936401486 -0.0396818034
vn -0.0614530556 0.837574482 -0.542855859
vn 0.199921548 0.91432339 -0.352199048
vn 0.262098551 0.936870933 -0.231467247
vn -0.264193654 0.72971189 -0.630652308
vn -0.218175977 0.745921016 -0.62928617
vn -0.563266098 0.610032022 -0.557307959
vn -0.802351594 0.470628381 -0.367070705
vn -0.653952777 0.552243948 -0.517080724
vn -0.606786847 0.614255667 -0.504479706
vn -0.647583067 0.577552676 -0.497060418
vn -0.996993423 0.0677583963 -0.0375893153
vn -0.285851628 0.655708253 0.698810101
vn 0.555471539 0.722232044 -0.412107021
vn 0.0293177832 0.30431065 -0.952121496
vn -0.843089938 0.088620238 -0.530420363
vn 0.366347373 0.927035749 -0.0799644589
vn 0.492532194 0.72114861 -0.487192601
vn 0.327493787 0.944850206 0.00242947019
vn -0.172740072 0.979856491 -0.100210629
vn -0.102453262 0.988754272 -0.108942136
vn 0.319106519 0.936806679 -0.143402383
vn 0.322572798 0.945988536 -0.032442499
vn -0.238094822 0.971165717 -0.0121659422
vn -0.172240317 0.985028267 0.00726003572
vn -0.171191931 0.985018611 -0.0207771938
vn -0.0291236769 0.494097829 -0.868918359
vn 0.0220090821 0.537387848 -0.843047917
vn -0.0463658236 0.688829005 -0.723439515
vn -0.168547794 0.884190679 -0.435658783
vn -0.225503609 0.947765172 -0.225586668
vn -0.237753958 0.959432781 -0.151531547
vn -0.238326505 0.964556396 -0.113276079
vn -0.237757906 0.970822871 -0.0312103648
vn -0.304570735 0.443584442 -0.842893541
vn -0.170529619 0.484306514 -0.858118236
vn -0.283487022 0.417411894 -0.863366842
vn 0.0717401057 0.358658284 -0.93070823
vn -0.0135005284 0.344628453 -0.938642144
vn 0.487958729 0.704686582 -0.515085697
vn 0.366870999 0.60627526 -0.705574811
vn 0.252418488 0.488641262 -0.835173368
vn 0.0811886787 0.36685577 -0.926728308
vn -0.163947046 0.728656828 0.664966702
vn 0.100543112 0.764798939 0.636375368
vn 0.449137986 0.880117059 -0.153847486
vn -0.296512663 0.862269104 -0.410575628
vn -0.300921857 0.861078799 -0.409865052
vn -0.585748613 0.785459816 -0.199878499
vn 0.365100026 0.76466465 0.531027257
vn 0.451324701 0.759392619 0.468645692
vn 0.534789026 0.800949514 0.269221872
vn 0.580160856 0.808764637 0.0965044126
vn 0.523805857 0.851321161 -0.0296596829
vn 0.476772517 0.741505682 0.472077578
vn 0.592994452 0.7419976 0.312725276
vn 0.559005857 0.745912194 0.362115294
vn 0.359724671 0.786686003 -0.501720428
vn 0.455687046 0.764837742 -0.4553819
vn 0.64413327 0.763084352 -0.0528649315
vn 0.674965143 0.735205233 0.0624121837
vn -0.0045482018 0.854215622 -0.519898951
vn 0.353509337 0.788755119 -0.502888083
vn -0.237526417 0.860750079 -0.450211704
vn -0.204758719 0.862217605 -0.463308364
vn 0.473979086 0.863591373 -0.171912163
vn 0.387797654 0.844726801 -0.368848979
vn 0.171971023 0.869427443 -0.463165164
vn -0.242700353 0.863856375 -0.44141677
vn 0.812406898 0.47480914 0.338454336
vn 0.747893333 0.419466674 -0.514493227
vn -0.358150542 0.385057718 -0.850563884
vn -0.844768107 0.461618692 0.27069357
vn -0.007791196 0.533750176 0.845606327
vn 0.658408999 0.38111046 -0.649039626
vn 0.631994724 0.369511276 -0.681207895
vn 0.0311915316 0.337398827 -0.940844893
vn -0.0206208695 0.328161299 -0.944396615
vn -0.378625512 0.373999149 -0.846621156
vn 0.672121525 0.386900455 -0.631316662
vn 0.661955893 0.380347162 -0.645871878
vn 0.426594794 0.315206528 -0.84773916
vn 0.633112729 0.365410149 -0.682380974
vn -0.6599437 0.309801251 -0.684468746
vn -0.606815398 0.292867362 -0.738920689
vn -0.415148497 0.292858809 -0.861327708
vn -0.0403050072 0.261080682 -0.964475214
vn 0.218294948 0.298589021 -0.929081142
vn -0.860595226 0.403016984 -0.311372936
vn -0.558107972 0.361086786 -0.747082293
vn -0.590153158 0.357326418 -0.723904014
vn 0.357090056 0.0796206817 -0.930670381
vn -0.163249522 0.0973882675 -0.981766343
vn -0.948220611 0.263600141 -0.177180156
vn -0.728741884 0.348059624 0.589737058
vn 0.956990838 0.17828159 0.228875741
vn -0.874581516 0.218125686 -0.433045417
vn -0.747448444 0.180931732 -0.639206171
vn -0.623443007 0.145659178 -0.768181145
vn -0.316444427 0.113389723 -0.941809893
vn -0.96342665 0.264857918 -0.0407352485
vn -0.960965216 0.250083923 -0.11833851
vn -0.758727551 0.326167405 0.563868284
vn -0.809452236 0.317731291 0.493795365
vn -0.761130095 0.33940044 0.552709818
vn -0.956688523 0.26721254 -0.115518369
vn -0.929993212 0.313110054 0.192547753
vn -0.811475515 0.328469336 0.483337671
vn -0.736283898 0.438076675 0.515727401
vn -0.0860081464 0.421216697 0.902872682
vn 0.981260478 0.192274094 -0.0125917764
vn 0.42123884 0.172661021 -0.890362799
vn -0.655674398 0.354983985 -0.666391373
vn 0.687375426 0.428554595 0.586392283
vn 0.694414794 0.426092416 0.579856217
vn 0.824425757 0.426552653 0.371988058
vn 0.960679412 0.274617732 0.0409904644
vn 0.974508226 0.218695402 -0.0500603318
vn 0.180256605 0.982624531 -0.0442333445
vn 0.232168779 0.972463787 -0.0202935003
vn 0.261683613 0.965132058 -0.0064648944
vn 0.265374929 0.964141071 -0.00285243359
vn 0.394823134 0.91098237 0.119272083
vn 0.431088746 0.892305791 0.133988023
vn 0.803879917 0.518639565 0.291187197
vn 0.799478173 0.504098356 0.326679438
vn 0.793521821 0.489789963 0.361149371
vn 0.688534737 0.430662632 0.583480537
vn 0.2375433 0.50761807 -0.828188956
vn 0.328135014 0.513789475 -0.79268384
vn 0.309483945 0.626417816 -0.715416193
vn 0.258582711 0.888685763 -0.378645808
vn 0.22087805 0.928579748 -0.298249066
vn 0.185051873 0.956819773 -0.224169001
vn 0.184133485 0.970732987 -0.15418303
vn 0.182508171 0.978500009 -0.0960646346
vn 0.180719763 0.982067764 -0.053697329
vn 0.495779306 0.201500505 -0.844748735
vn 0.340911657 0.279394776 -0.897617757
vn 0.705433667 0.195314631 -0.681333542
vn 0.96075654 0.223926008 -0.16371952
vn 0.830429435 0.238434359 -0.503523588
vn 0.127258837 0.965824366 -0.225806519
vn -0.0181069598 0.994217575 -0.105847448
vn -0.0203003753 0.99101007 -0.132238537
vn -0.222446397 0.962660015 -0.154283777
vn -0.245067447 0.891418934 -0.381201059
vn 0.0294038523 0.902000189 -0.430733174
vn 0.672179401 0.726310253 -0.143695101
vn 0.424466223 0.897141874 0.122331157
vn 0.346030831 0.792299151 0.502518296
vn 0.800551951 0.598536491 -0.0295083392
vn 0.0485134274 0.998334348 0.03122315
vn -0.273106188 0.940826058 0.200647131
vn 0.0882224664 0.948183537 -0.305229187
vn -0.20834823 0.843062937 -0.495818466
vn 0.537756443 0.738949478 -0.405920744
vn 0.452311754 0.633338749 -0.627930164
vn 0.33564508 0.589289308 0.734901786
vn 0.925725698 0.378140807 0.00644749915
vn -0.574366927 0.734745979 0.360903054
vn -0.481203884 0.593020141 -0.645577192
vn 0.451458365 0.377765536 -0.808380246
vn 0.286808074 0.439527303 0.851209044
vn 0.953676105 0.299739063 -0.0256610736
vn -0.787191033 0.425879508 0.446045786
vn -0.661178589 0.273332059 -0.698664725
vn 0.433765233 0.205628067 -0.877248466
vn 0.0737717226 0.940880299 0.330608577
vn 0.625307739 0.73836118 -0.252612501
vn -0.687543452 0.7210899 0.0855174959
vn -0.563485622 0.518739581 -0.642956495
vn 0.220313311 0.516695619 -0.827337742
vn 0.974508226 0.218695402 -0.0500603393
vn 0.960679412 0.274617732 0.0409904644
vn 0.824425757 0.426552653 0.371988058
vn 0.694414794 0.426092416 0.579856217
vn 0.687375426 0.428554624 0.586392283
vn 0.688534737 0.430662632 0.583480537
vn 0.793521821 0.489789963 0.361149371
vn 0.799478173 0.504098356 0.326679438
vn 0.803879917 0.518639565 0.291187197
vn 0.431088716 0.892305791 0.133988023
vn 0.394823104 0.91098237 0.119272083
vn 0.265374899 0.964141071 -0.00285243359
vn 0.261683583 0.965132058 -0.0064648944
vn 0.232168794 0.972463727 -0.0202935599
vn 0.180256605 0.982624531 -0.0442333147
vn 0.328135014 0.513789475 -0.79268384
vn 0.2375433 0.50761807 -0.828188956
vn 0.180719763 0.982067764 -0.0536973327
vn 0.182508171 0.978500009 -0.0960646346
vn 0.184133485 0.970732987 -0.15418303
vn 0.185051873 0.956819773 -0.224169001
vn 0.22087805 0.928579748 -0.298249066
vn 0.258582711 0.888685763 -0.378645808
vn 0.309483856 0.626417875 -0.715416253
vn 0.340911657 0.279394776 -0.897617757
vn 0.495779306 0.201500475 -0.844748735
vn 0.705433667 0.195314661 -0.681333542
vn 0.830429435 0.238434389 -0.503523588
vn 0.96075654 0.223926008 -0.16371952
vn -0.0988907814 0.911021471 0.400325298
vn -0.0844642818 0.910674512 0.404397935
vn -0.0543954857 0.908808529 0.41365245
vn -0.0759400725 0.911095977 0.405138582
vn -0.116549902 0.9121297 0.392982781
vn -0.178280398 0.917263567 0.356151134
vn -0.178796768 0.918112934 0.353695303
vn -0.175528944 0.910424829 0.374588013
vn -0.0845313743 0.912030578 0.401316285
vn -0.178201273 0.91735512 0.355954766
vn -0.178201273 0.917355061 0.355954766
vn -0.178796738 0.918112874 0.353695244
vn -0.0345644727 0.954420686 0.296456397
vn -0.0987719968 0.963464379 0.248958692
vn -0.0225175191 0.95545584 0.294273764
vn -0.0950977206 0.982376158 0.160914645
vn -0.00605863426 0.982340693 0.187002808
vn 0.0124562271 0.961876094 0.273201883
vn -0.163852856 0.885522008 0.434744745
vn -0.0272042602 0.779327691 0.626025677
vn -0.107207678 0.913188159 0.393184513
vn -0.152132168 0.912384093 0.380014598
vn -0.173321366 0.910980761 0.37426427
vn -0.181403086 0.921377242 0.343739301
vn -0.272375971 0.939927876 0.205783427
vn -0.0500938296 0.962834358 0.265406489
vn -0.295666844 0.950692773 0.0936185718
vn -0.300530672 0.948116601 0.103712566
vn -0.300105244 0.941974163 0.150405169
vn -0.299231738 0.937105119 0.17970635
vn -0.296961129 0.927609503 0.226616025
vn -0.247691125 0.913979352 0.321389019
vn -0.316994637 0.928946555 0.191239908
vn -0.1163323 0.884162307 0.452464134
vn -0.206046999 0.978510916 -0.00782216061
vn 0.154157683 0.95200783 0.26441732
vn 0.0216910541 0.999748826 0.00565153547
vn 0.231575444 0.855620027 0.462911725
vn 0.15346925 0.955655932 0.251334399
vn -0.218179569 0.90048188 0.376204669
vn -0.214364156 0.898441792 0.383210689
vn -0.199653998 0.900287688 0.386807829
vn -0.00483334903 0.898803473 0.438325226
vn 0.0571791045 0.92914778 0.365260005
vn -0.211763725 0.897921443 0.385866791
vn -0.198453844 0.899736822 0.38870281
vn -0.252331853 0.915629566 0.312971562
vn 0.0773376003 0.954443753 0.28819415
vn -0.00954660214 0.902920485 0.429701626
vn -0.299889207 0.940350115 0.160648718
vn -0.298778415 0.935052931 0.190807834
vn -0.29795146 0.931714594 0.207684875
vn -0.296767473 0.927295208 0.22815074
vn -0.252331853 0.915629566 0.312971532
vn 0.052320715 0.905529797 0.421044201
vn 0.0519782417 0.885335445 0.462038308
vn -0.298424512 0.933380663 0.199357063
vn 0.0573485121 0.91238153 0.405303597
vn -0.299889177 0.940350175 0.160648689
vn -0.30164662 0.950882971 0.0695053712
vn -0.294535756 0.953905404 0.0575619303
vn -0.214946538 0.974058628 -0.070765391
vn 0.129593745 0.902428389 0.41088745
vn 0.166714445 0.878323555 0.448055893
vn 0.143819064 0.895200491 0.421819925
vn -0.207719609 0.97473681 -0.0821022242
vn -0.168979257 0.980444014 -0.100874044
vn -0.108273394 0.985809565 -0.128282174
vn -0.136595652 0.983704925 -0.116903394
vn -0.203656271 0.974955916 -0.0893601254
vn -0.255964369 0.966622174 -0.0111262584
vn -0.306041628 0.949691713 0.0665161312
vn -0.302611023 0.942837358 0.139586285
vn -0.300397784 0.937857449 0.173736677
vn 0.0925474018 0.865077734 0.493026733
vn 0.134450823 0.871437728 0.471719354
vn 0.0698929206 0.878677666 0.472271711
vn -0.294716179 0.923899293 0.24403359
vn -0.23200205 0.908719599 0.346992433
vn -0.203852266 0.896264732 0.393895715
vn -0.141000077 0.902342975 0.407303333
vn -0.0177616216 0.899316072 0.436938375
vn -0.0487908423 0.908633471 0.414734572
vn -0.0119245881 0.904320657 0.426687211
vn -0.178796738 0.918112874 0.353695244
vn -0.179157212 0.918946028 0.351341635
vn -0.0487908646 0.908633411 0.414734513
vn -0.0696385056 0.910865307 0.406786025
vn -0.0747021884 0.911308229 0.404891223
vn -0.212976903 0.898165643 0.384628743
vn -0.299521059 0.938521206 0.171654478
vn 0.0580804273 0.926512659 0.37175402
vn -0.129667461 0.970935345 0.201173335
vn 0.0839170143 0.995624542 -0.0411064066
vn 0.0980692282 0.994547784 -0.0354568474
vn 0.404925674 0.90297097 -0.143800467
vn 0.461787432 0.87773025 0.127835363
vn 0.0217492729 0.0470660627 0.998654962
vn -0.214777648 0.184711441 0.959037125
vn -0.115912378 0.470291495 0.87486577
vn 0.419999093 0.0558413342 0.905804873
vn -0.110917956 0.452901453 0.884634137
vn 0.292852193 0.953628123 0.0695052519
vn 0.251623541 0.421936303 0.871008217
vn 0.800579906 0.59357214 0.0821212605
vn 0.28472501 0.160119742 0.945141912
vn 0.835967422 0.217707902 0.503747642
vn -0.621164203 0.293589026 0.726608872
vn 0.237187997 -0.00642301608 0.971442521
vn -0.0878739059 0.815426707 -0.572151601
vn 0.851835608 0.441202104 -0.282341719
vn 0.876065135 0.111105375 0.469217837
vn -0.833045244 0.244376138 0.496302396
vn -0.108084738 0.15887779 0.981364012
vn -0.655666232 0.349673957 -0.669200897
vn 0.780480921 0.237298578 -0.578393519
vn 0.828957379 0.144796312 0.540244102
vn -0.609900355 0.637772202 0.470391512
vn -0.0505987778 0.540955544 0.839527667
vn -0.165502504 0.926319838 -0.338438302
vn 0.784639239 0.459223926 -0.416478842
vn 0.822985947 0.422674745 0.379526198
vn -0.436795503 0.0864542723 0.895396709
vn -0.460361153 0.0518742464 0.886214852
vn -0.486692369 0.0298971627 0.873061657
vn -0.488502085 0.0292613674 0.872072041
vn -0.410687059 0.116946459 0.904245317
vn 0.0568136871 0.278399706 0.958783448
vn 0.448441833 0.587844551 0.673304319
vn -0.486628503 0.0296513382 0.873105705
vn -0.0114548197 0.251653016 0.967749774
vn 0.584275126 0.798631966 0.144255266
vn 0.56896019 0.821376383 0.0403122567
vn 0.564363778 0.825028539 0.0286631975
vn 0.505034685 0.628975093 0.591041744
vn 0.548514962 0.658636868 0.515100837
vn 0.533729196 0.678997874 0.504078567
vn 0.478494227 0.650914311 0.589367449
vn 0.568347991 0.821796179 0.040393237
vn 0.546860576 0.724423528 0.419706911
vn 0.102634184 0.356455624 0.928657949
vn 0.053163439 0.311028808 0.948912442
vn -0.398411334 0.123515151 0.90885216
vn 0.56826055 0.755423129 -0.326214254
vn -0.336087167 0.383467883 -0.860231221
vn -0.994056106 -0.106699996 -0.0216229241
vn -0.374322772 0.0225600302 0.927024007
vn 0.531384766 0.56054759 0.63515085
vn -0.510041058 0.260739177 -0.819678664
vn -0.669615626 0.133392081 -0.730630875
vn -0.796392679 0.057827238 -0.60200882
vn -0.951035142 -0.0921354741 -0.295030624
vn -0.985225976 -0.11118149 -0.130262643
vn -0.47523725 0.20451197 -0.855759561
vn -0.978845477 -0.195806593 -0.0593413785
vn -0.937814474 -0.169410154 -0.302992165
vn -0.930519283 -0.159172505 -0.329845577
vn -0.689817667 0.0362255573 -0.723076224
vn -0.661927998 0.0545126647 -0.747582555
vn -0.658495784 0.0566987991 -0.750445664
vn -0.586076915 -0.0777925774 0.806512296
vn -0.789702296 -0.161160424 0.59194386
vn -0.862992346 -0.195682064 0.465781838
vn -0.970553398 -0.210030928 0.117954142
vn -0.990481913 -0.137572348 0.0043938132
vn -0.866083741 -0.183714256 0.464917302
vn -0.753111839 -0.135610178 0.643764138
vn 0.345902026 0.568218708 -0.746645331
vn -0.654311836 0.376746029 -0.655696929
vn -0.923710048 0.37110579 0.0950799808
vn -0.383884877 0.364556462 0.848369539
vn 0.413434565 0.566078663 0.71318078
vn -0.468567073 0.859250665 -0.205264077
vn -0.481317222 0.868716061 -0.116902322
vn -0.681845486 0.723420203 0.108396903
vn -0.701202869 0.638463795 0.31729874
vn -0.725931108 0.563673258 0.394076943
vn -0.744151533 0.53601253 0.398658872
vn -0.751437664 0.525148332 0.399450392
vn -0.193613783 0.970470428 -0.143877596
vn -0.270989507 0.949538887 -0.157925457
vn -0.294656754 0.942079842 -0.160196409
vn -0.392002225 0.903311431 -0.174249381
vn 0.0506672673 0.99207145 -0.115009308
vn -0.0105552077 0.991575778 -0.129097104
vn -0.0911591649 0.988018632 -0.124535121
vn -0.0960238352 0.987443149 -0.125440806
vn 0.0958398134 0.965348065 0.24273023
vn 0.0749028325 0.977278352 0.198284045
vn 0.0319533162 0.997575045 0.0618297011
vn 0.0290340949 0.999540091 -0.00876000058
vn 0.347617686 0.62340039 0.700381219
vn 0.37931639 0.652944148 0.655578434
vn 0.307489932 0.798255265 0.517917395
vn 0.114144124 0.951698482 0.285028517
vn 0.0133208809 0.5293051 0.848326981
vn 0.0903485045 0.562116683 0.822108269
vn -0.376730144 0.383432418 0.843240142
vn -0.280020177 0.428919524 0.858846068
vn -0.412626624 0.387759477 0.824246228
vn -0.742092252 0.52386266 0.418170989
vn -0.0276670605 0.849982381 -0.526084185
vn -0.106911756 0.898679733 -0.425376058
vn -0.0693581998 0.84879458 -0.52415359
vn -0.26194194 0.862746179 -0.432499051
vn -0.21921885 0.790392041 -0.572034597
vn -0.0719754845 0.798078954 -0.598238885
vn 0.665971637 0.5325014 -0.5224213
vn 0.595120132 0.748568118 -0.29236573
vn 0.42734912 0.898335814 -0.101811416
vn 0.624069691 0.499822974 -0.600594699
vn 0.0612606369 0.609597087 -0.790340722
vn -0.436281949 0.745159388 -0.504376471
vn 0.0663035363 0.351899892 -0.933686435
vn -0.237409979 0.307718843 -0.921382427
vn 0.312880605 0.275214195 -0.9090451
vn 0.248603761 0.270823807 -0.929973543
vn 0.0474423245 0.988614917 -0.142792419
vn 0.326250613 0.772437632 -0.544885933
vn -0.518097401 0.791150153 -0.325048417
vn -0.397408456 0.490417153 -0.775601506
vn 0.0648119897 0.52515012 -0.848538041
vn 0.459237605 0.565174222 -0.685331166
vn 0.495871753 0.730715573 -0.469218612
vn 0.505124688 0.853472412 -0.128194854
vn 0.375166267 0.488682032 -0.787680209
vn 0.598142207 0.758341789 -0.259120762
vn 0.640015543 0.66656667 -0.382189721
vn 0.317949057 0.302946985 -0.898404956
vn 0.223408014 0.242542341 -0.944066703
vn 0.138602629 0.184722781 -0.972967982
vn 0.579255998 0.521955788 -0.62611872
vn 0.539400637 0.491350085 -0.68382889
vn -0.857916355 -0.280893683 -0.430207312
vn -0.654581606 -0.244590953 -0.715330839
vn -0.590214968 -0.224637106 -0.775360823
vn -0.732858121 -0.258150458 -0.629505455
vn -0.172048882 -0.0295594782 -0.98464489
vn -0.0328785479 0.051696986 -0.9981215
vn -0.260459185 -0.0621665493 -0.963481307
vn -0.500207841 -0.21146363 -0.839687586
vn 0.254148692 0.313047469 -0.915100813
vn 0.323073506 0.412515044 -0.851736426
vn -0.148679018 -0.016680656 -0.988744795
vn -0.0368425883 0.0476773717 -0.998183072
vn 0.0644810572 0.142963544 -0.987625241
vn 0.243788227 0.964079857 0.10543938
vn 0.0836553201 0.987983346 0.129964173
vn 0.056300506 0.998050511 0.0269347057
vn -0.106443822 0.994255483 -0.0112151606
vn -0.0570483096 0.982883275 -0.175173938
vn 0.175461724 0.981423497 -0.0775953159
vn 0.636603415 -0.00761936419 0.771153748
vn 0.216220215 0.138449073 0.966478527
vn 0.589763641 0.198856756 0.782709956
vn 0.775104403 0.00217745546 0.631829381
vn 0.586788416 0.489608854 0.644951642
vn 0.213984564 0.152901709 0.964796245
vn 0.288936585 0.143941745 0.946465254
vn 0.421354353 0.134853721 0.89681375
vn 0.58367455 0.133098111 0.801004887
vn 0.402376533 0.134398594 0.905555129
vn 0.791614056 -0.18034184 0.583801389
vn 0.211409077 0.71074152 0.670934141
vn 0.778880119 0.481246144 0.402178854
vn 0.727244496 0.684790432 -0.0466630496
vn 0.90692848 0.161650658 0.389037013
vn 0.998323441 0.0274794884 0.0509426221
vn 0.292239696 0.191453487 0.936985314
vn 0.858414531 0.0600109324 0.509434223
vn -0.585291684 0.479574233 0.653790653
vn 0.237045601 0.388999283 -0.890218556
vn 0.971273899 0.050315775 -0.232584089
vn 0.144323021 0.76689297 0.625336766
vn 0.687384784 0.644020796 0.335766882
vn -0.607573211 0.78077203 0.145773813
vn -0.189265162 0.713841558 -0.674247086
vn 0.635179877 0.704051137 -0.31758225
vn 0.879208505 0.25170204 0.404522508
vn 0.896337867 0.346883476 0.276134551
vn 0.895237505 0.361905545 0.259950459
vn 0.678776085 0.104535609 0.726866782
vn 0.799953699 0.0673783869 0.596266866
vn 0.907540679 0.308276117 0.285194099
vn 0.910910487 0.200708523 0.360497177
vn 0.809452176 -0.0198422782 0.586850464
vn 0.750769675 -0.0166332684 0.660354555
vn 0.715882003 -0.014264917 0.698075593
vn 0.907766223 0.189879328 0.374040306
vn 0.0985269397 0.885298133 0.454466373
vn 0.157884955 0.927249849 0.339529186
vn 0.226926997 0.911806405 0.342217952
vn 0.338888139 0.908503711 0.244490981
vn 0.428831071 0.845831454 0.317290127
vn 0.263887703 0.852423847 0.451372176
vn -0.237910852 0.467440724 0.851409137
vn 0.051172629 0.460501105 0.886182964
vn 0.47165516 0.243775666 0.847416639
vn 0.287659526 0.267780602 0.919535458
vn 0.174181908 0.314946502 0.932989478
vn 0.0693972036 0.341740578 0.93722856
vn -0.287904233 0.719998002 0.631438017
vn -0.625328481 0.70611614 0.332211167
vn -0.482530951 0.227617308 0.845786095
vn 0.017690029 0.831372976 0.555433095
vn 0.179330647 0.965570271 0.188453048
vn 0.186589405 0.662703276 0.725264549
vn 0.484630257 0.576267779 0.658064604
vn 0.141007975 0.23769778 0.961049676
vn -0.758568943 0.651089072 0.0256169084
vn -0.561059237 0.253178835 0.788107216
vn 0.404991835 0.819021523 -0.406430006
vn 0.819998622 0.295860797 0.489968061
vn 0.182255372 0.10146255 0.97800225
vn -0.244290084 0.953306317 0.177564889
vn -0.283576012 0.656748772 0.698760033
vn 0.50537771 0.847830832 -0.160549775
vn 0.796274722 0.515260398 0.316943705
vn 0.299644738 0.513570249 0.804026484
vn -0.0993210003 0.397248775 0.912320614
vn -0.257464081 0.485273391 0.83559674
vn -0.399111569 0.557584107 0.727880418
vn -0.390714616 0.631923199 0.669339359
vn -0.39912498 0.557671547 0.727806091
vn -0.290293187 0.591317654 0.752378404
vn -0.0739336163 0.519584417 0.851214409
vn 0.0712163448 0.468952507 0.88034755
vn 0.330249935 0.342526466 0.879551411
vn 0.538685977 0.269404054 0.798272491
vn 0.693510115 0.201073468 0.691818833
vn -0.391560078 0.619014621 0.680809498
vn 0.713586569 0.18922846 0.674527109
vn 0.719116688 0.668528318 0.189581245
vn 0.888550043 0.434211463 -0.148119286
vn 0.254276663 -0.00835308712 -0.967095435
vn -0.751820087 0.132503763 -0.645917356
vn -0.834312141 0.390261948 -0.38938266
vn 0.794393599 0.152737692 -0.587886095
vn 0.552524149 0.0550698414 -0.831675649
vn 0.349003911 0.00222980301 -0.93711859
vn 0.899454713 0.299060553 -0.318659633
vn 0.878210783 0.19526948 -0.43659538
vn 0.770432711 0.0201850329 -0.637201786
vn 0.78425169 0.0304963253 -0.619692862
vn 0.858931184 0.12276908 -0.497156709
vn 0.885045171 0.166275516 -0.434796005
vn -0.35343498 -0.262500614 -0.8978737
vn -0.346564084 -0.261887789 -0.900726378
vn 0.538820684 -0.0894985348 -0.837652862
vn 0.548801482 -0.0854778588 -0.831571102
vn -0.430862337 -0.215296119 -0.876358986
vn -0.638417602 -0.0233374331 -0.769336343
vn -0.432927608 -0.213987812 -0.875661433
vn -0.490413517 -0.134535119 -0.861042917
vn 0.186981723 -0.0547947548 -0.980834007
vn -0.370684296 -0.213263139 -0.903942406
vn 0.143611863 0.949909568 -0.277574122
vn 0.310079187 0.94918263 -0.0538818836
vn 0.0470037796 0.990666211 0.127950341
vn 0.0464239009 0.987097085 0.153245345
vn -0.289280832 0.938963771 0.18618153
vn -0.307243139 0.945779264 -0.105372362
vn 0.537738979 -0.364342153 -0.760323286
vn 0.722032428 -0.154798031 -0.674319446
vn 0.86675483 -0.228138775 -0.443495899
vn 0.440669894 -0.67197001 -0.595202744
vn 0.626841187 0.0923610404 -0.773653448
vn 0.732706904 0.351357311 -0.582828104
vn 0.372722656 0.0966222957 -0.92289871
vn -0.555782318 0.25092873 -0.792553306
vn 0.288702875 -0.19644919 -0.93704772
vn -0.657566726 -0.320873499 -0.681649685
vn 0.773074925 -0.395331025 -0.496052951
vn 0.0170159396 -0.676496089 -0.736249566
vn 0.480765998 0.872038901 -0.0917178988
vn -0.811577022 0.471306592 -0.345272005
vn -0.683324456 -0.285766274 -0.671866953
vn 0.925897539 -0.151219934 -0.346188247
vn 0.151093692 -0.406940341 -0.900871992
vn 0.448606908 0.521876991 0.725531816
vn -0.911823034 0.339641631 0.230699763
vn -0.714878738 -0.200562865 -0.669867814
vn 0.977550507 -0.0103532309 -0.210446998
vn 0.287560493 -0.194208756 -0.937865555
vn 0.498141199 0.223642766 0.837758422
vn -0.875187397 0.124890022 0.467386037
vn -0.767041922 -0.130733818 -0.628136337
vn 0.980749309 0.00931665953 -0.195048735
vn 0.270091176 0.0212426148 -0.96260047
vn 0.419189125 0.00455632526 0.907887459
vn -0.843033493 0.00669808034 0.537819386
vn -0.797498941 0.0218805373 -0.602923512
vn 0.813579559 0.526321769 -0.247131214
vn 0.253625154 0.526824951 -0.811251998
vn 0.218682811 0.781348944 0.584526837
vn -0.780832648 0.495616257 0.380348325
vn -0.732011378 0.512145042 -0.449295729
vn 0.878210783 0.19526948 -0.436595351
vn 0.899454713 0.299060553 -0.318659633
vn 0.349003971 0.00222980324 -0.937118649
vn 0.552524149 0.0550698414 -0.831675708
vn 0.794393599 0.152737692 -0.587886155
vn 0.858931243 0.122769095 -0.497156739
vn 0.78425169 0.0304963253 -0.619692802
vn 0.770432711 0.0201850329 -0.637201786
vn 0.885045171 0.166275516 -0.434795976
vn 0.548801482 -0.0854778588 -0.831571102
vn 0.538820684 -0.0894985348 -0.837652862
vn -0.346564084 -0.261887729 -0.900726378
vn -0.35343498 -0.262500674 -0.8978737
vn -0.430862337 -0.215296119 -0.876358986
vn -0.638417602 -0.0233374331 -0.769336224
vn -0.432927608 -0.213987812 -0.875661433
vn -0.490413517 -0.134535179 -0.861042917
vn -0.370684355 -0.213263109 -0.903942525
vn 0.186981723 -0.0547947548 -0.980834007
vn 0.892505765 0.299385518 0.337345004
vn 0.539342701 -0.206827968 -0.816291511
vn -0.483470052 -0.127536848 -0.866020262
vn -0.910566032 0.413355947 0.00251000607
vn -0.0861230865 0.673388541 0.734255195
vn -0.547275782 -0.103367627 -0.830544591
vn -0.21466428 -0.169740468 -0.961825013
vn -0.383176684 -0.14433828 -0.912327766
vn -0.269987166 -0.157281369 -0.949931383
vn -0.850382864 0.0334656797 -0.525099158
vn -0.808765233 -0.0124694314 -0.587999403
vn -0.779164732 -0.0227772612 -0.626405358
vn -0.532245755 -0.0930881947 -0.841456473
vn -0.763085008 0.536104321 0.360961795
vn -0.897003293 0.427768499 0.111352287
vn -0.943136513 0.326151997 -0.0641744509
vn -0.945644855 0.313330412 -0.0870616511
vn -0.929407954 0.35964033 -0.082823284
vn -0.909195542 0.415380955 0.0286744293
vn -0.807230115 0.00568964332 -0.590209424
vn -0.880462885 0.113236479 -0.460394084
vn -0.934798479 0.330540359 -0.129979968
vn 0.226750866 0.500634432 0.835433602
vn 0.777233422 0.353796005 0.520323634
vn 0.860065281 0.307278961 0.407268226
vn 0.764162481 -0.0867859423 -0.639158785
vn -0.35657239 -0.132934809 -0.924761891
vn -0.929854691 0.310403228 0.197534934
vn 0.86232084 0.305708259 0.403664678
vn 0.941938818 0.234407067 0.240425885
vn 0.972412586 0.0753136575 -0.220775008
vn 0.878525674 -0.0305105578 -0.476719737
vn 0.802481353 -0.0680547878 -0.592783511
vn 0.617283583 0.395877331 0.679884017
vn 0.982950449 0.182651967 0.0211336762
vn 0.942215264 0.240279779 0.233443826
vn 0.781948388 0.341749817 0.521309733
vn 0.840372086 -0.00119333982 -0.542008638
vn 0.872202098 0.0134000778 -0.488962203
vn 0.241363212 -0.162840843 -0.956674695
vn 0.427480191 -0.148987636 -0.891663313
vn 0.783814311 -0.028211901 -0.620354116
vn 0.644522011 -0.113036469 -0.756183863
vn 0.431028128 -0.157634079 -0.888462901
vn -0.704814315 0.0131799765 -0.709269345
vn -0.746442854 0.0287388507 -0.664828539
vn -0.971041799 0.219228238 -0.0949570611
vn -0.966069937 0.256697655 0.0285504982
vn -0.948764801 0.263528973 0.174349859
vn -0.946097612 0.237868637 0.219813064
vn -0.55399704 -0.031711366 -0.831914544
vn -0.898612142 0.32015723 -0.299992561
vn -0.735260248 0.0643725097 -0.674721062
vn -0.677126765 0.0425674766 -0.734634161
vn -0.43694523 -0.0455531664 -0.898333848
vn 0.487813234 0.0342782289 -0.872274816
vn 0.489559472 0.0350964256 -0.871263266
vn -0.868243277 0.486410886 0.0977659598
vn -0.891463995 0.453090549 -0.000999746961
vn -0.302941889 0.490056813 0.817355871
vn -0.628849387 0.438124567 0.642335892
vn -0.799248934 0.48658669 0.352752715
vn 0.492041558 0.0352093391 -0.869859397
vn 0.880968094 0.352712095 0.315419585
vn 0.217871085 0.444983333 0.868632317
vn -0.337666869 0.432609677 0.835960627
vn -0.75304997 0.345957637 0.55966872
vn -0.679172933 0.351322919 0.644435048
vn -0.360510647 0.928571165 0.0882473141
vn -0.314158082 0.945757449 0.0827496573
vn -0.313984275 0.948029578 0.0515142269
vn -0.338732928 0.938832462 0.0620778911
vn -0.406170785 0.91270417 0.0446810052
vn -0.409197003 0.911560595 0.0401888117
vn 0.129789874 0.84807831 -0.513729215
vn -0.278981656 0.833696663 -0.476570159
vn -0.463576645 0.287650853 -0.838065445
vn -0.449622989 0.285569191 -0.846338868
vn -0.391997367 0.318848133 -0.862944961
vn -0.367160738 0.398169875 -0.840627074
vn -0.323905557 0.439530432 -0.837793589
vn 0.140038252 0.798945546 -0.584871948
vn 0.196565017 0.76750952 -0.610156715
vn 0.16804418 0.98121047 -0.0948000401
vn 0.492222428 0.867545664 0.0712846667
vn 0.313323081 0.618517935 -0.72059983
vn -0.0999755859 0.990399659 0.0954639986
vn -0.110110573 0.900316775 0.421076387
vn -0.358038515 0.928115308 -0.102032088
vn -0.6306566 0.776039124 0.00595661206
vn -0.490016878 0.640470803 -0.591338038
vn 0.78042239 0.606668413 0.151308775
vn 0.455969751 0.376694113 -0.806345463
vn -0.0422731973 0.727071404 0.685259104
vn -0.822357178 0.56256175 0.0851635709
vn -0.556199849 0.355025083 -0.751397908
vn 0.851852953 0.455754757 0.258135796
vn 0.452273965 0.275196552 -0.84836024
vn -0.144174159 0.409770966 0.900722742
vn -0.915951014 0.257812232 0.307516962
vn -0.601157606 0.169168264 -0.781019568
vn 0.865717649 0.385305852 0.319487721
vn 0.323567659 0.256342918 -0.91081953
vn -0.177680105 0.139175192 0.97419709
vn -0.955101728 -0.0302343369 0.294731438
vn -0.632069945 0.0410493612 -0.773823261
vn 0.0373041034 0.972522497 0.229800597
vn -0.217617437 0.872718096 -0.437042028
vn -0.393502653 0.686089575 0.611912489
vn -0.808707237 0.573397756 0.131177664
vn -0.713976443 0.578985691 -0.393716961
vn 0.302780211 0.891390324 -0.337264448
vn 0.317546338 0.896487534 -0.308989286
vn 0.322164088 0.898009241 -0.299649388
vn 0.346057057 0.904940188 -0.247644395
vn 0.507464647 0.83674705 -0.205752403
vn 0.498786211 0.852756917 -0.154976875
vn 0.391078085 0.907988012 -0.15038529
vn 0.333297133 0.930215418 -0.15366286
vn 0.289886653 0.947806597 -0.132771567
vn 0.261048704 0.959687054 -0.104184322
vn 0.0426447764 0.998213112 0.041857332
vn -0.00310468208 0.994305909 0.106517866
vn -0.143072158 0.941320777 0.305688679
vn -0.172054082 0.971767604 0.161446929
vn -0.243377775 0.968854964 0.0456854366
vn -0.265201062 0.96396482 0.0209778771
vn -0.295714408 0.951579928 -0.0839558467
vn -0.314122647 0.945086598 -0.0902121067
vn -0.342226118 0.930079341 -0.13354373
vn -0.358258605 0.923097491 -0.139791384
vn -0.146502361 0.945519745 0.290739328
vn -0.514134943 0.480912536 -0.710203111
vn -0.535420716 0.340500802 -0.772906125
vn -0.474040687 0.289243966 -0.831638932
vn -0.42272678 0.780556798 -0.460470498
vn -0.445782483 0.688498139 -0.572056293
vn -0.194410264 0.88719666 0.418433726
vn -0.631378174 0.364334732 0.684559584
vn -0.548082173 0.257467449 0.795811892
vn -0.582963645 0.132719338 0.801585257
vn -0.578977764 0.107336551 0.808247149
vn -0.389480054 0.904663026 0.172887728
vn -0.778063595 0.533367395 0.331867903
vn -0.783396244 0.506794095 0.359791577
vn -0.79282558 0.425209582 0.436605603
vn -0.682555616 0.342342407 0.645693064
vn -0.552935362 0.25628975 0.792829216
vn -0.579357088 0.794326365 0.182732329
vn -0.648209512 0.735007286 0.198969215
vn -0.760832548 0.611320794 0.217763111
vn -0.67781347 0.723447502 0.131120682
vn -0.612027407 0.773881137 0.162881568
vn -0.826388657 0.292696148 0.481051594
vn -0.850820601 0.319647193 0.41704905
vn -0.79374212 0.583644807 0.1712666
vn -0.783696055 0.602843344 0.149667829
vn -0.699389935 0.181869715 0.691214204
vn -0.585514307 0.132972613 0.799682021
vn 0.460104734 0.383603752 0.800719559
vn 0.629136205 0.574152529 0.523962319
vn -0.73462683 0.206928059 0.646145523
vn -0.623921335 0.1521786 0.766527176
vn -0.0527305827 0.269233972 0.961630225
vn -0.663155556 0.728860617 -0.170255005
vn -0.809365809 0.585775554 0.0423571393
vn -0.840382695 0.513079703 0.174660206
vn -0.850611389 0.391574293 0.350898653
vn -0.694598317 0.713870406 -0.0890064612
vn -0.057314273 0.268111974 0.961681306
vn -0.275346637 0.2103609 0.938047171
vn -0.569871008 0.188665494 0.799782813
vn -0.576182723 0.187837496 0.795443654
vn -0.654156089 0.197664633 0.730074286
vn -0.796364546 0.292822897 0.529205382
vn -0.805734098 0.299886197 0.510745466
vn -0.796467781 0.60079819 0.0684153065
vn -0.795639217 0.602233946 0.0653650463
vn -0.626241922 0.178927228 0.758818865
vn -0.627515614 0.151760593 0.763670743
vn -0.823664844 0.276558489 0.495067179
vn -0.766732872 0.236529157 0.596803725
g level0 previous_level tree_trunk_generator1 trunk
usemtl /obj/geo1/tree_controller1/matnet1/labs_shader1
f 1/1/1 10/2/10 11/3/11 2/4/2
f 2/4/2 11/3/11 12/5/12 3/6/3
f 3/6/3 12/5/12 13/7/13 4/8/4
f 4/8/4 13/7/13 14/9/14 5/10/5
f 5/10/5 14/9/14 15/11/15 6/12/6
f 6/12/6 15/11/15 16/13/16 7/14/7
f 7/14/7 16/13/16 17/15/17 8/16/8
f 8/16/8 17/15/17 18/17/18 9/18/9
f 9/18/9 18/17/18 10/19/10 1/20/1
f 10/2/10 19/21/19 20/22/20 11/3/11
f 11/3/11 20/22/20 21/23/21 12/5/12
f 12/5/12 21/23/21 22/24/22 13/7/13
f 13/7/13 22/24/22 23/25/23 14/9/14
f 14/9/14 23/25/23 24/26/24 15/11/15
f 15/11/15 24/26/24 25/27/25 16/13/16
f 16/13/16 25/27/25 26/28/26 17/15/17
f 17/15/17 26/28/26 27/29/27 18/17/18
f 18/17/18 27/29/27 19/30/19 10/19/10
g level0 previous_level tree_trunk_generator1 trunk trunk_caps
usemtl /obj/geo1/tree_controller1/matnet1/labs_shader1
f 19/31/19 28/32/28 29/33/29 20/34/20
f 20/34/20 29/33/29 30/35/30 21/36/21
f 21/36/21 30/35/30 31/37/31 22/38/22
f 22/38/22 31/37/31 32/39/32 23/40/23
f 23/40/23 32/39/32 33/41/33 24/42/24
f 24/42/24 33/41/33 34/43/34 25/44/25
f 25/44/25 34/43/34 35/45/35 26/46/26
f 26/46/26 35/45/35 36/47/36 27/48/27
f 27/48/27 36/47/36 28/32/28 19/31/19
f 28/32/28 37/49/37 38/50/38 29/33/29
f 29/33/29 38/50/38 39/51/39 30/35/30
f 30/35/30 39/51/39 40/52/40 31/37/31
f 31/37/31 40/52/40 41/53/41 32/39/32
f 32/39/32 41/53/41 42/54/42 33/41/33
f 33/41/33 42/54/42 43/55/43 34/43/34
f 34/43/34 43/55/43 44/56/44 35/45/35
f 35/45/35 44/56/44 45/57/45 36/47/36
f 36/47/36 45/57/45 37/49/37 28/32/28
f 37/49/37 46/58/46 38/50/38
f 38/50/38 46/58/46 39/51/39
f 39/51/39 46/58/46 40/52/40
f 40/52/40 46/58/46 41/53/41
f 41/53/41 46/58/46 42/54/42
f 42/54/42 46/58/46 43/55/43
f 43/55/43 46/58/46 44/56/44
f 44/56/44 46/58/46 45/57/45
f 45/57/45 46/58/46 37/49/37
g all_branches branch_caps level1 manual_prune previous_level tree_branch_generator1
usemtl /obj/geo1/tree_controller1/matnet1/labs_shader1
f 47/20/47 49/20/49 48/20/48
f 48/20/48 49/20/49 50/20/50
f 50/20/50 49/20/49 51/20/51
f 51/20/51 49/20/49 52/20/52
f 52/20/52 49/20/49 53/20/53
f 53/20/53 49/20/49 54/20/54
f 54/20/54 49/20/49 55/20/55
f 55/20/55 49/20/49 56/20/56
f 56/20/56 49/20/49 47/20/47
f 85/20/85 94/20/94 93/20/93 84/20/84
f 84/20/84 93/20/93 95/20/95 86/20/86
f 86/20/86 95/20/95 96/20/96 87/20/87
f 87/20/87 96/20/96 97/20/97 88/20/88
f 88/20/88 97/20/97 98/20/98 89/20/89
f 89/20/89 98/20/98 99/20/99 90/20/90
f 90/20/90 99/20/99 100/20/100 91/20/91
f 91/20/91 100/20/100 101/20/101 92/20/92
f 92/20/92 101/20/101 94/20/94 85/20/85
f 94/20/94 47/20/47 48/20/48 93/20/93
f 93/20/93 48/20/48 50/20/50 95/20/95
f 95/20/95 50/20/50 51/20/51 96/20/96
f 96/20/96 51/20/51 52/20/52 97/20/97
f 97/20/97 52/20/52 53/20/53 98/20/98
f 98/20/98 53/20/53 54/20/54 99/20/99
f 99/20/99 54/20/54 55/20/55 100/20/100
f 100/20/100 55/20/55 56/20/56 101/20/101
f 101/20/101 56/20/56 47/20/47 94/20/94
f 129/20/129 131/20/131 130/20/130
f 130/20/130 131/20/131 132/20/132
f 132/20/132 131/20/131 133/20/133
f 133/20/133 131/20/131 134/20/134
f 134/20/134 131/20/131 135/20/135
f 135/20/135 131/20/131 136/20/136
f 136/20/136 131/20/131 137/20/137
f 137/20/137 131/20/131 138/20/138
f 138/20/138 131/20/131 129/20/129
f 194/20/194 203/20/203 202/20/202 193/20/193
f 193/20/193 202/20/202 204/20/204 195/20/195
f 195/20/195 204/20/204 205/20/205 196/20/196
f 196/20/196 205/20/205 206/20/206 197/20/197
f 197/20/197 206/20/206 207/20/207 198/20/198
f 198/20/198 207/20/207 208/20/208 199/20/199
f 199/20/199 208/20/208 209/20/209 200/20/200
f 200/20/200 209/20/209 210/20/210 201/20/201
f 201/20/201 210/20/210 203/20/203 194/20/194
f 203/20/203 129/20/129 130/20/130 202/20/202
f 202/20/202 130/20/130 132/20/132 204/20/204
f 204/20/204 132/20/132 133/20/133 205/20/205
f 205/20/205 133/20/133 134/20/134 206/20/206
f 206/20/206 134/20/134 135/20/135 207/20/207
f 207/20/207 135/20/135 136/20/136 208/20/208
f 208/20/208 136/20/136 137/20/137 209/20/209
f 209/20/209 137/20/137 138/20/138 210/20/210
f 210/20/210 138/20/138 129/20/129 203/20/203
f 242/20/242 244/20/244 243/20/243
f 243/20/243 244/20/244 245/20/245
f 245/20/245 244/20/244 246/20/246
f 246/20/246 244/20/244 247/20/247
f 247/20/247 244/20/244 248/20/248
f 248/20/248 244/20/244 249/20/249
f 249/20/249 244/20/244 250/20/250
f 250/20/250 244/20/244 251/20/251
f 251/20/251 244/20/244 242/20/242
f 271/20/271 280/20/280 279/20/279 270/20/270
f 270/20/270 279/20/279 281/20/281 272/20/272
f 272/20/272 281/20/281 282/20/282 273/20/273
f 273/20/273 282/20/282 283/20/283 274/20/274
f 274/20/274 283/20/283 284/20/284 275/20/275
f 275/20/275 284/20/284 285/20/285 276/20/276
f 276/20/276 285/20/285 286/20/286 277/20/277
f 277/20/277 286/20/286 287/20/287 278/20/278
f 278/20/278 287/20/287 280/20/280 271/20/271
f 280/20/280 242/20/242 243/20/243 279/20/279
f 279/20/279 243/20/243 245/20/245 281/20/281
f 281/20/281 245/20/245 246/20/246 282/20/282
f 282/20/282 246/20/246 247/20/247 283/20/283
f 283/20/283 247/20/247 248/20/248 284/20/284
f 284/20/284 248/20/248 249/20/249 285/20/285
f 285/20/285 249/20/249 250/20/250 286/20/286
f 286/20/286 250/20/250 251/20/251 287/20/287
f 287/20/287 251/20/251 242/20/242 280/20/280
f 312/20/312 314/20/314 313/20/313
f 313/20/313 314/20/314 315/20/315
f 315/20/315 314/20/314 316/20/316
f 316/20/316 314/20/314 317/20/317
f 317/20/317 314/20/314 318/20/318
f 318/20/318 314/20/314 319/20/319
f 319/20/319 314/20/314 320/20/320
f 320/20/320 314/20/314 321/20/321
f 321/20/321 314/20/314 312/20/312
f 322/20/322 325/20/325 324/20/324 323/20/323
f 323/20/323 324/20/324 327/20/327 326/20/326
f 326/20/326 327/20/327 329/20/329 328/20/328
f 328/20/328 329/20/329 331/20/331 330/20/330
f 330/20/330 331/20/331 333/20/333 332/20/332
f 332/20/332 333/20/333 335/20/335 334/20/334
f 334/20/334 335/20/335 337/20/337 336/20/336
f 336/20/336 337/20/337 339/20/339 338/20/338
f 338/20/338 339/20/339 325/20/325 322/20/322
f 325/20/325 312/20/312 313/20/313 324/20/324
f 324/20/324 313/20/313 315/20/315 327/20/327
f 327/20/327 315/20/315 316/20/316 329/20/329
f 329/20/329 316/20/316 317/20/317 331/20/331
f 331/20/331 317/20/317 318/20/318 333/20/333
f 333/20/333 318/20/318 319/20/319 335/20/335
f 335/20/335 319/20/319 320/20/320 337/20/337
f 337/20/337 320/20/320 321/20/321 339/20/339
f 339/20/339 321/20/321 312/20/312 325/20/325
f 351/20/351 353/20/353 352/20/352
f 352/20/352 353/20/353 354/20/354
f 354/20/354 353/20/353 355/20/355
f 355/20/355 353/20/353 356/20/356
f 356/20/356 353/20/353 357/20/357
f 357/20/357 353/20/353 358/20/358
f 358/20/358 353/20/353 359/20/359
f 359/20/359 353/20/353 360/20/360
f 360/20/360 353/20/353 351/20/351
f 399/20/399 408/20/408 407/20/407 398/20/398
f 398/20/398 407/20/407 409/20/409 400/20/400
f 400/20/400 409/20/409 410/20/410 401/20/401
f 401/20/401 410/20/410 411/20/411 402/20/402
f 402/20/402 411/20/411 412/20/412 403/20/403
f 403/20/403 412/20/412 413/20/413 404/20/404
f 404/20/404 413/20/413 414/20/414 405/20/405
f 405/20/405 414/20/414 415/20/415 406/20/406
f 406/20/406 415/20/415 408/20/408 399/20/399
f 408/20/408 351/20/351 352/20/352 407/20/407
f 407/20/407 352/20/352 354/20/354 409/20/409
f 409/20/409 354/20/354 355/20/355 410/20/410
f 410/20/410 355/20/355 356/20/356 411/20/411
f 411/20/411 356/20/356 357/20/357 412/20/412
f 412/20/412 357/20/357 358/20/358 413/20/413
f 413/20/413 358/20/358 359/20/359 414/20/414
f 414/20/414 359/20/359 360/20/360 415/20/415
f 415/20/415 360/20/360 351/20/351 408/20/408
f 436/20/436 438/20/438 437/20/437
f 437/20/437 438/20/438 439/20/439
f 439/20/439 438/20/438 440/20/440
f 440/20/440 438/20/438 441/20/441
f 441/20/441 438/20/438 442/20/442
f 442/20/442 438/20/438 443/20/443
f 443/20/443 438/20/438 444/20/444
f 444/20/444 438/20/438 445/20/445
f 445/20/445 438/20/438 436/20/436
f 499/20/499 508/20/508 507/20/507 498/20/498
f 498/20/498 507/20/507 509/20/509 500/20/500
f 500/20/500 509/20/509 510/20/510 501/20/501
f 501/20/501 510/20/510 511/20/511 502/20/502
f 502/20/502 511/20/511 512/20/512 503/20/503
f 503/20/503 512/20/512 513/20/513 504/20/504
f 504/20/504 513/20/513 514/20/514 505/20/505
f 505/20/505 514/20/514 515/20/515 506/20/506
f 506/20/506 515/20/515 508/20/508 499/20/499
f 508/20/508 436/20/436 437/20/437 507/20/507
f 507/20/507 437/20/437 439/20/439 509/20/509
f 509/20/509 439/20/439 440/20/440 510/20/510
f 510/20/510 440/20/440 441/20/441 511/20/511
f 511/20/511 441/20/441 442/20/442 512/20/512
f 512/20/512 442/20/442 443/20/443 513/20/513
f 513/20/513 443/20/443 444/20/444 514/20/514
f 514/20/514 444/20/444 445/20/445 515/20/515
f 515/20/515 445/20/445 436/20/436 508/20/508
f 534/20/534 536/20/536 535/20/535
f 535/20/535 536/20/536 537/20/537
f 537/20/537 536/20/536 538/20/538
f 538/20/538 536/20/536 539/20/539
f 539/20/539 536/20/536 540/20/540
f 540/20/540 536/20/536 541/20/541
f 541/20/541 536/20/536 542/20/542
f 542/20/542 536/20/536 543/20/543
f 543/20/543 536/20/536 534/20/534
f 547/20/547 558/20/558 557/20/557 546/20/546
f 546/20/546 557/20/557 559/20/559 548/20/548
f 548/20/548 559/20/559 561/20/561 560/20/560
f 560/20/560 561/20/561 563/20/563 562/20/562
f 562/20/562 563/20/563 565/20/565 564/20/564
f 564/20/564 565/20/565 566/20/566 554/20/554
f 554/20/554 566/20/566 567/20/567 553/20/553
f 553/20/553 567/20/567 568/20/568 556/20/556
f 556/20/556 568/20/568 558/20/558 547/20/547
f 558/20/558 534/20/534 535/20/535 557/20/557
f 557/20/557 535/20/535 537/20/537 559/20/559
f 559/20/559 537/20/537 538/20/538 561/20/561
f 561/20/561 538/20/538 539/20/539 563/20/563
f 563/20/563 539/20/539 540/20/540 565/20/565
f 565/20/565 540/20/540 541/20/541 566/20/566
f 566/20/566 541/20/541 542/20/542 567/20/567
f 567/20/567 542/20/542 543/20/543 568/20/568
f 568/20/568 543/20/543 534/20/534 558/20/558
f 578/20/578 580/20/580 579/20/579
f 579/20/579 580/20/580 581/20/581
f 581/20/581 580/20/580 582/20/582
f 582/20/582 580/20/580 583/20/583
f 583/20/583 580/20/580 584/20/584
f 584/20/584 580/20/580 585/20/585
f 585/20/585 580/20/580 586/20/586
f 586/20/586 580/20/580 587/20/587
f 587/20/587 580/20/580 578/20/578
f 640/20/640 649/20/649 648/20/648 639/20/639
f 639/20/639 648/20/648 650/20/650 641/20/641
f 641/20/641 650/20/650 651/20/651 642/20/642
f 642/20/642 651/20/651 652/20/652 643/20/643
f 643/20/643 652/20/652 653/20/653 644/20/644
f 644/20/644 653/20/653 654/20/654 645/20/645
f 645/20/645 654/20/654 655/20/655 646/20/646
f 646/20/646 655/20/655 656/20/656 647/20/647
f 647/20/647 656/20/656 649/20/649 640/20/640
f 649/20/649 578/20/578 579/20/579 648/20/648
f 648/20/648 579/20/579 581/20/581 650/20/650
f 650/20/650 581/20/581 582/20/582 651/20/651
f 651/20/651 582/20/582 583/20/583 652/20/652
f 652/20/652 583/20/583 584/20/584 653/20/653
f 653/20/653 584/20/584 585/20/585 654/20/654
f 654/20/654 585/20/585 586/20/586 655/20/655
f 655/20/655 586/20/586 587/20/587 656/20/656
f 656/20/656 587/20/587 578/20/578 649/20/649
g all_branches level1 manual_prune previous_level tree_branch_generator1
usemtl /obj/geo1/tree_controller1/matnet1/labs_shader1
f 57/59/57 60/60/60 59/61/59 58/62/58
f 58/62/58 59/61/59 62/63/62 61/64/61
f 61/64/61 62/63/62 64/65/64 63/66/63
f 63/66/63 64/65/64 66/67/66 65/68/65
f 65/68/65 66/67/66 68/69/68 67/70/67
f 67/70/67 68/69/68 70/71/70 69/72/69
f 69/72/69 70/71/70 72/73/72 71/74/71
f 71/74/71 72/73/72 74/75/74 73/76/73
f 73/76/73 74/75/74 60/77/60 57/78/57
f 60/60/60 76/79/76 75/80/75 59/61/59
f 59/61/59 75/80/75 77/81/77 62/63/62
f 62/63/62 77/81/77 78/82/78 64/65/64
f 64/65/64 78/82/78 79/83/79 66/67/66
f 66/67/66 79/83/79 80/84/80 68/69/68
f 68/69/68 80/84/80 81/85/81 70/71/70
f 70/71/70 81/85/81 82/86/82 72/73/72
f 72/73/72 82/86/82 83/87/83 74/75/74
f 74/75/74 83/87/83 76/88/76 60/77/60
f 76/79/76 85/89/85 84/90/84 75/80/75
f 75/80/75 84/90/84 86/91/86 77/81/77
f 77/81/77 86/91/86 87/92/87 78/82/78
f 78/82/78 87/92/87 88/93/88 79/83/79
f 79/83/79 88/93/88 89/94/89 80/84/80
f 80/84/80 89/94/89 90/95/90 81/85/81
f 81/85/81 90/95/90 91/96/91 82/86/82
f 82/86/82 91/96/91 92/97/92 83/87/83
f 83/87/83 92/97/92 85/98/85 76/88/76
f 102/99/102 104/100/104 103/101/103 57/59/57 58/62/58
f 105/102/105 107/103/107 102/104/102 58/62/58 61/64/61 106/105/106
f 108/106/108 106/105/106 61/64/61 63/66/63 110/107/110 109/108/109
f 111/109/111 112/110/112 110/107/110 63/66/63 65/68/65
f 113/111/113 118/112/118 111/109/111 65/68/65 67/70/67 117/113/117 116/114/116 115/115/115 114/116/114
f 69/72/69 120/117/120 119/118/119 117/113/117 67/70/67
f 121/119/121 120/120/120 69/72/69 71/74/71 122/121/122
f 123/122/123 127/123/127 126/124/126 125/125/125 122/121/122 71/74/71 73/76/73 124/126/124
f 103/127/103 128/128/128 124/126/124 73/76/73 57/78/57
f 139/129/139 142/130/142 141/131/141 140/132/140
f 140/132/140 141/131/141 144/133/144 143/134/143
f 143/134/143 144/133/144 146/135/146 145/136/145
f 145/136/145 146/135/146 148/137/148 147/138/147
f 147/138/147 148/137/148 150/139/150 149/140/149
f 149/140/149 150/139/150 152/141/152 151/142/151
f 151/142/151 152/141/152 154/143/154 153/144/153
f 153/144/153 154/143/154 156/145/156 155/146/155
f 155/146/155 156/145/156 142/147/142 139/148/139
f 142/130/142 158/149/158 157/150/157 141/131/141
f 141/131/141 157/150/157 159/151/159 144/133/144
f 144/133/144 159/151/159 160/152/160 146/135/146
f 146/135/146 160/152/160 161/153/161 148/137/148
f 148/137/148 161/153/161 162/154/162 150/139/150
f 150/139/150 162/154/162 163/155/163 152/141/152
f 152/141/152 163/155/163 164/156/164 154/143/154
f 154/143/154 164/156/164 165/157/165 156/145/156
f 156/145/156 165/157/165 158/158/158 142/147/142
f 158/149/158 167/159/167 166/160/166 157/150/157
f 157/150/157 166/160/166 168/161/168 159/151/159
f 159/151/159 168/161/168 169/162/169 160/152/160
f 160/152/160 169/162/169 170/163/170 161/153/161
f 161/153/161 170/163/170 171/164/171 162/154/162
f 162/154/162 171/164/171 172/165/172 163/155/163
f 163/155/163 172/165/172 173/166/173 164/156/164
f 164/156/164 173/166/173 174/167/174 165/157/165
f 165/157/165 174/167/174 167/168/167 158/158/158
f 167/159/167 176/169/176 175/170/175 166/160/166
f 166/160/166 175/170/175 177/171/177 168/161/168
f 168/161/168 177/171/177 178/172/178 169/162/169
f 169/162/169 178/172/178 179/173/179 170/163/170
f 170/163/170 179/173/179 180/174/180 171/164/171
f 171/164/171 180/174/180 181/175/181 172/165/172
f 172/165/172 181/175/181 182/176/182 173/166/173
f 173/166/173 182/176/182 183/177/183 174/167/174
f 174/167/174 183/177/183 176/178/176 167/168/167
f 176/169/176 185/179/185 184/180/184 175/170/175
f 175/170/175 184/180/184 186/181/186 177/171/177
f 177/171/177 186/181/186 187/182/187 178/172/178
f 178/172/178 187/182/187 188/183/188 179/173/179
f 179/173/179 188/183/188 189/184/189 180/174/180
f 180/174/180 189/184/189 190/185/190 181/175/181
f 181/175/181 190/185/190 191/186/191 182/176/182
f 182/176/182 191/186/191 192/187/192 183/177/183
f 183/177/183 192/187/192 185/188/185 176/178/176
f 185/179/185 194/189/194 193/190/193 184/180/184
f 184/180/184 193/190/193 195/191/195 186/181/186
f 186/181/186 195/191/195 196/192/196 187/182/187
f 187/182/187 196/192/196 197/193/197 188/183/188
f 188/183/188 197/193/197 198/194/198 189/184/189
f 189/184/189 198/194/198 199/195/199 190/185/190
f 190/185/190 199/195/199 200/196/200 191/186/191
f 191/186/191 200/196/200 201/197/201 192/187/192
f 192/187/192 201/197/201 194/198/194 185/188/185
f 211/199/211 214/200/214 213/201/213 139/129/139 140/132/140 212/202/212
f 215/203/215 212/202/212 140/132/140 143/134/143 216/204/216
f 217/205/217 222/206/222 221/207/221 220/208/220 216/209/216 143/134/143 145/136/145 219/210/219 218/211/218
f 223/212/223 219/210/219 145/136/145 147/138/147 226/213/226 225/214/225 224/215/224
f 227/216/227 226/217/226 147/138/147 149/140/149 229/218/229 228/219/228
f 230/220/230 233/221/233 229/218/229 149/140/149 151/142/151 232/222/232 231/223/231
f 234/224/234 232/225/232 151/142/151 153/144/153 236/226/236 235/227/235
f 237/228/237 239/229/239 236/230/236 153/144/153 155/146/155 238/231/238
f 240/232/240 241/233/241 238/234/238 155/146/155 139/148/139 213/235/213
f 252/236/252 255/237/255 254/238/254 253/239/253
f 253/239/253 254/238/254 257/240/257 256/241/256
f 256/241/256 257/240/257 259/242/259 258/243/258
f 258/243/258 259/242/259 261/244/261 260/245/260
f 260/245/260 261/244/261 263/246/263 262/247/262
f 262/247/262 263/246/263 265/248/265 264/249/264
f 264/249/264 265/248/265 267/250/267 266/251/266
f 266/251/266 267/250/267 269/252/269 268/253/268
f 268/253/268 269/252/269 255/254/255 252/255/252
f 255/237/255 271/256/271 270/257/270 254/238/254
f 254/238/254 270/257/270 272/258/272 257/240/257
f 257/240/257 272/258/272 273/259/273 259/242/259
f 259/242/259 273/259/273 274/260/274 261/244/261
f 261/244/261 274/260/274 275/261/275 263/246/263
f 263/246/263 275/261/275 276/262/276 265/248/265
f 265/248/265 276/262/276 277/263/277 267/250/267
f 267/250/267 277/263/277 278/264/278 269/252/269
f 269/252/269 278/264/278 271/265/271 255/254/255
f 122/266/122 289/267/289 288/268/288 252/236/252 253/239/253 121/269/121
f 120/270/120 121/269/121 253/239/253 256/241/256 119/271/119
f 258/243/258 290/272/290 116/273/116 117/274/117 119/271/119 256/241/256
f 291/275/291 296/276/296 295/277/295 294/278/294 293/279/293 290/280/290 258/243/258 260/245/260 292/281/292
f 297/282/297 292/281/292 260/245/260 262/247/262 299/283/299 298/284/298
f 300/285/300 299/283/299 262/247/262 264/249/264 220/286/220 303/287/303 302/288/302 301/289/301
f 216/290/216 220/291/220 264/249/264 266/251/266 307/292/307 306/293/306 305/294/305 304/295/304
f 268/253/268 311/296/311 310/297/310 309/298/309 308/299/308 307/300/307 266/251/266
f 252/255/252 288/301/288 311/302/311 268/253/268
f 217/303/217 218/304/218 322/305/322 323/306/323
f 340/307/340 341/308/341 217/309/217 323/306/323 326/310/326
f 342/311/342 340/312/340 326/310/326 328/313/328 300/314/300 343/315/343
f 299/316/299 300/314/300 328/313/328 330/317/330 298/318/298
f 344/319/344 345/320/345 297/321/297 298/322/298 330/317/330 332/323/332
f 346/324/346 344/325/344 332/323/332 334/326/334
f 347/327/347 346/324/346 334/326/334 336/328/336 348/329/348
f 349/330/349 348/331/348 336/328/336 338/332/338 223/333/223 224/334/224 350/335/350
f 219/336/219 223/337/223 338/332/338 322/338/322 218/339/218
f 361/340/361 364/341/364 363/342/363 362/343/362
f 362/343/362 363/342/363 366/344/366 365/345/365
f 365/345/365 366/344/366 368/346/368 367/347/367
f 367/347/367 368/346/368 370/348/370 369/349/369
f 371/350/371 373/351/373 372/352/372 369/349/369 370/348/370
f 374/353/374 377/354/377 376/355/376 375/356/375
f 375/356/375 376/355/376 379/357/379 378/358/378
f 378/358/378 379/357/379 364/359/364 361/360/361
f 364/341/364 381/361/381 380/362/380 363/342/363
f 363/342/363 380/362/380 382/363/382 366/344/366
f 366/344/366 382/363/382 383/364/383 368/346/368
f 368/346/368 383/364/383 384/365/384 370/348/370
f 370/348/370 384/365/384 385/366/385 371/350/371
f 371/350/371 385/366/385 386/367/386 377/354/377
f 377/354/377 386/367/386 387/368/387 376/355/376
f 376/355/376 387/368/387 388/369/388 379/357/379
f 379/357/379 388/369/388 381/370/381 364/359/364
f 381/361/381 390/371/390 389/372/389 380/362/380
f 380/362/380 389/372/389 391/373/391 382/363/382
f 382/363/382 391/373/391 392/374/392 383/364/383
f 383/364/383 392/374/392 393/375/393 384/365/384
f 384/365/384 393/375/393 394/376/394 385/366/385
f 385/366/385 394/376/394 395/377/395 386/367/386
f 386/367/386 395/377/395 396/378/396 387/368/387
f 387/368/387 396/378/396 397/379/397 388/369/388
f 388/369/388 397/379/397 390/380/390 381/370/381
f 390/371/390 399/381/399 398/382/398 389/372/389
f 389/372/389 398/382/398 400/383/400 391/373/391
f 391/373/391 400/383/400 401/384/401 392/374/392
f 392/374/392 401/384/401 402/385/402 393/375/393
f 393/375/393 402/385/402 403/386/403 394/376/394
f 394/376/394 403/386/403 404/387/404 395/377/395
f 395/377/395 404/387/404 405/388/405 396/378/396
f 396/378/396 405/388/405 406/389/406 397/379/397
f 397/379/397 406/389/406 399/390/399 390/380/390
f 416/391/416 419/392/419 109/393/109 361/340/361 362/343/362 418/394/418 417/395/417
f 365/345/365 234/396/234 420/397/420 418/398/418 362/343/362
f 232/399/232 234/396/234 365/345/365 367/347/367 422/400/422 421/401/421
f 423/402/423 428/403/428 427/404/427 426/405/426 422/406/422 367/347/367 369/349/369 425/407/425 424/408/424
f 369/349/369 372/409/372 429/410/429 425/407/425
f 430/411/430 432/412/432 431/413/431 374/353/374
f 118/414/118 435/415/435 434/416/434 433/417/433 430/411/430 374/353/374 375/356/375
f 112/418/112 111/419/111 118/420/118 375/356/375 378/358/378
f 110/421/110 112/422/112 378/358/378 361/360/361 109/423/109
f 374/353/374 431/413/431 373/424/373 371/350/371 377/354/377
f 446/425/446 449/426/449 448/427/448 447/428/447
f 447/428/447 448/427/448 451/429/451 450/430/450
f 450/430/450 451/429/451 453/431/453 452/432/452
f 452/432/452 453/431/453 455/433/455 454/434/454
f 456/435/456 459/436/459 458/437/458 457/438/457
f 457/438/457 458/437/458 449/439/449 446/440/446
f 449/426/449 461/441/461 460/442/460 448/427/448
f 448/427/448 460/442/460 462/443/462 451/429/451
f 451/429/451 462/443/462 463/444/463 453/431/453
f 453/431/453 463/444/463 464/445/464 455/433/455
f 455/433/455 464/445/464 466/446/466 465/447/465
f 465/447/465 466/446/466 468/448/468 467/449/467
f 467/449/467 468/448/468 469/450/469 459/436/459
f 459/436/459 469/450/469 470/451/470 458/437/458
f 458/437/458 470/451/470 461/452/461 449/439/449
f 461/441/461 472/453/472 471/454/471 460/442/460
f 460/442/460 471/454/471 473/455/473 462/443/462
f 462/443/462 473/455/473 474/456/474 463/444/463
f 463/444/463 474/456/474 475/457/475 464/445/464
f 464/445/464 475/457/475 476/458/476 466/446/466
f 466/446/466 476/458/476 477/459/477 468/448/468
f 468/448/468 477/459/477 478/460/478 469/450/469
f 469/450/469 478/460/478 479/461/479 470/451/470
f 470/451/470 479/461/479 472/462/472 461/452/461
f 472/453/472 481/463/481 480/464/480 471/454/471
f 471/454/471 480/464/480 482/465/482 473/455/473
f 473/455/473 482/465/482 483/466/483 474/456/474
f 474/456/474 483/466/483 484/467/484 475/457/475
f 475/457/475 484/467/484 485/468/485 476/458/476
f 476/458/476 485/468/485 486/469/486 477/459/477
f 477/459/477 486/469/486 487/470/487 478/460/478
f 478/460/478 487/470/487 488/471/488 479/461/479
f 479/461/479 488/471/488 481/472/481 472/462/472
f 481/463/481 490/473/490 489/474/489 480/464/480
f 480/464/480 489/474/489 491/475/491 482/465/482
f 482/465/482 491/475/491 492/476/492 483/466/483
f 483/466/483 492/476/492 493/477/493 484/467/484
f 484/467/484 493/477/493 494/478/494 485/468/485
f 485/468/485 494/478/494 495/479/495 486/469/486
f 486/469/486 495/479/495 496/480/496 487/470/487
f 487/470/487 496/480/496 497/481/497 488/471/488
f 488/471/488 497/481/497 490/482/490 481/472/481
f 490/473/490 499/483/499 498/484/498 489/474/489
f 489/474/489 498/484/498 500/485/500 491/475/491
f 491/475/491 500/485/500 501/486/501 492/476/492
f 492/476/492 501/486/501 502/487/502 493/477/493
f 493/477/493 502/487/502 503/488/503 494/478/494
f 494/478/494 503/488/503 504/489/504 495/479/495
f 495/479/495 504/489/504 505/490/505 496/480/496
f 496/480/496 505/490/505 506/491/506 497/481/497
f 497/481/497 506/491/506 499/492/499 490/482/490
f 516/493/516 517/494/517 115/495/115 446/425/446 447/428/447 433/496/433
f 432/497/432 430/498/430 433/499/433 447/428/447 450/430/450
f 429/500/429 372/501/372 373/502/373 431/503/431 432/504/432 450/430/450 452/432/452
f 518/505/518 424/506/424 425/507/425 429/500/429 452/432/452 454/434/454
f 519/508/519 518/509/518 454/434/454 520/510/520
f 521/511/521 523/512/523 522/513/522 456/435/456
f 524/514/524 521/515/521 456/435/456 457/438/457 293/516/293 527/517/527 526/518/526 525/519/525
f 290/520/290 293/521/293 457/438/457 446/440/446 115/522/115 116/523/116
f 465/447/465 530/524/530 529/525/529 528/526/528 520/510/520 454/434/454 455/433/455
f 531/527/531 530/524/530 465/447/465 467/449/467
f 459/436/459 456/435/456 522/528/522 533/529/533 532/530/532 531/527/531 467/449/467
f 544/531/544 547/532/547 546/533/546 545/534/545
f 548/535/548 550/536/550 549/537/549 545/534/545 546/533/546
f 551/538/551 554/539/554 553/540/553 552/541/552
f 552/541/552 553/540/553 556/542/556 555/543/555
f 555/543/555 556/542/556 547/544/547 544/545/544
f 545/534/545 524/546/524 570/547/570 569/548/569 291/549/291 544/531/544
f 521/550/521 524/546/524 545/534/545 549/551/549 523/552/523
f 571/553/571 572/554/572 551/538/551 349/555/349 350/556/350
f 348/557/348 349/555/349 551/538/551 552/541/552 347/558/347
f 344/559/344 346/560/346 347/558/347 552/541/552 555/543/555 345/561/345
f 292/562/292 297/563/297 345/564/345 555/543/555 544/545/544 291/565/291
f 573/566/573 550/536/550 548/535/548 560/567/560 574/568/574
f 575/569/575 576/570/576 574/571/574 560/567/560 562/572/562
f 564/573/564 577/574/577 575/569/575 562/572/562
f 572/575/572 577/576/577 564/573/564 554/539/554 551/538/551
f 588/577/588 591/578/591 590/579/590 589/580/589
f 589/580/589 590/579/590 593/581/593 592/582/592
f 592/582/592 593/581/593 595/583/595 594/584/594
f 594/584/594 595/583/595 597/585/597 596/586/596
f 596/586/596 597/585/597 599/587/599 598/588/598
f 600/589/600 532/590/532 533/591/533 598/588/598 599/587/599
f 601/592/601 604/593/604 603/594/603 602/595/602
f 602/595/602 603/594/603 605/596/605 591/578/591
f 591/578/591 605/596/605 606/597/606 590/579/590
f 590/579/590 606/597/606 607/598/607 593/581/593
f 593/581/593 607/598/607 608/599/608 595/583/595
f 595/583/595 608/599/608 609/600/609 597/585/597
f 597/585/597 609/600/609 610/601/610 599/587/599
f 599/587/599 610/601/610 611/602/611 600/589/600
f 600/589/600 611/602/611 604/603/604 601/604/601
f 604/593/604 613/605/613 612/606/612 603/594/603
f 603/594/603 612/606/612 614/607/614 605/596/605
f 605/596/605 614/607/614 615/608/615 606/597/606
f 606/597/606 615/608/615 616/609/616 607/598/607
f 607/598/607 616/609/616 617/610/617 608/599/608
f 608/599/608 617/610/617 618/611/618 609/600/609
f 609/600/609 618/611/618 619/612/619 610/601/610
f 610/601/610 619/612/619 620/613/620 611/602/611
f 611/602/611 620/613/620 613/614/613 604/603/604
f 613/605/613 622/615/622 621/616/621 612/606/612
f 612/606/612 621/616/621 623/617/623 614/607/614
f 614/607/614 623/617/623 624/618/624 615/608/615
f 615/608/615 624/618/624 625/619/625 616/609/616
f 616/609/616 625/619/625 626/620/626 617/610/617
f 617/610/617 626/620/626 627/621/627 618/611/618
f 618/611/618 627/621/627 628/622/628 619/612/619
f 619/612/619 628/622/628 629/623/629 620/613/620
f 620/613/620 629/623/629 622/624/622 613/614/613
f 622/615/622 631/625/631 630/626/630 621/616/621
f 621/616/621 630/626/630 632/627/632 623/617/623
f 623/617/623 632/627/632 633/628/633 624/618/624
f 624/618/624 633/628/633 634/629/634 625/619/625
f 625/619/625 634/629/634 635/630/635 626/620/626
f 626/620/626 635/630/635 636/631/636 627/621/627
f 627/621/627 636/631/636 637/632/637 628/622/628
f 628/622/628 637/632/637 638/633/638 629/623/629
f 629/623/629 638/633/638 631/634/631 622/624/622
f 631/625/631 640/483/640 639/484/639 630/626/630
f 630/626/630 639/484/639 641/485/641 632/627/632
f 632/627/632 641/485/641 642/486/642 633/628/633
f 633/628/633 642/486/642 643/487/643 634/629/634
f 634/629/634 643/487/643 644/488/644 635/630/635
f 635/630/635 644/488/644 645/489/645 636/631/636
f 636/631/636 645/489/645 646/490/646 637/632/637
f 637/632/637 646/490/646 647/491/647 638/633/638
f 638/633/638 647/491/647 640/492/640 631/634/631
f 588/577/588 423/635/423 424/636/424 518/637/518 519/638/519
f 657/639/657 660/640/660 423/635/423 588/577/588 589/580/589 227/641/227 659/642/659 658/643/658
f 592/582/592 225/644/225 226/645/226 227/646/227 589/580/589
f 224/647/224 225/644/225 592/582/592 594/584/594 571/648/571 350/649/350
f 576/650/576 575/651/575 577/652/577 572/653/572 571/654/571 594/584/594 596/586/596
f 573/655/573 574/656/574 576/650/576 596/586/596 598/588/598
f 522/657/522 523/658/523 549/659/549 550/660/550 573/655/573 598/588/598 533/591/533
f 528/661/528 529/662/529 601/592/601 602/595/602
f 588/577/588 519/638/519 520/663/520 528/664/528 602/595/602 591/578/591
f 530/665/530 531/666/531 532/590/532 600/589/600 601/604/601 529/667/529
f 109/108/109 110/107/110 662/668/662 661/106/661
f 663/669/663 667/670/667 666/671/666 665/672/665 664/673/664 662/674/662 110/107/110 112/110/112 111/109/111
f 668/675/668 670/676/670 663/669/663 111/109/111 118/112/118 669/111/669
f 663/669/663 672/677/672 671/671/671 667/670/667
f 672/677/672 663/669/663 674/676/674 673/678/673
f 675/679/675 676/680/676 116/114/116
f 116/114/116 677/680/677 517/116/517 115/115/115
f 117/113/117 680/681/680 679/682/679 678/679/678 116/114/116
f 681/683/681 680/681/680 117/113/117 119/118/119 120/117/120 682/684/682
f 683/685/683 682/684/682 120/120/120 121/119/121 122/121/122 684/686/684
f 122/121/122 289/125/289 684/686/684
f 685/687/685 341/206/341 217/205/217 218/211/218 219/210/219 689/688/689 688/689/688 687/690/687 686/691/686
f 219/210/219 223/212/223 224/215/224 694/692/694 693/693/693 692/694/692 691/695/691 690/696/690 689/688/689
f 687/690/687 696/697/696 695/691/695
f 697/697/697 687/690/687 699/698/699 698/699/698
f 699/698/699 690/696/690 700/700/700 698/701/698
f 699/698/699 687/690/687 688/689/688 689/688/689
f 690/696/690 699/698/699 689/688/689
f 216/204/216 702/702/702 701/203/701
f 703/207/703 702/703/702 216/209/216 220/208/220
f 704/704/704 707/705/707 706/706/706 224/215/224 225/214/225 226/213/226 705/707/705
f 227/216/227 659/219/659 708/708/708 705/707/705 226/217/226
f 709/706/709 711/709/711 710/692/710 224/215/224
f 691/695/691 713/694/713 712/700/712 690/696/690
f 232/222/232 714/710/714 421/223/421
f 234/224/234 420/227/420 714/710/714 232/225/232
f 715/711/715 717/712/717 716/713/716
f 718/714/718 721/715/721 125/267/125 122/266/122 121/269/121 720/716/720 719/717/719
f 722/718/722 724/719/724 723/720/723 720/721/720 121/269/121 120/270/120 119/271/119
f 725/722/725 730/723/730 729/712/729 715/711/715 728/713/728 727/724/727 726/725/726 722/718/722 119/271/119 117/274/117 116/273/116
f 116/273/116 732/726/732 731/723/731 725/722/725
f 722/718/722 734/727/734 733/719/733
f 735/725/735 734/728/734 722/718/722
f 677/726/677 116/273/116 290/272/290 737/729/737 736/730/736
f 293/279/293 527/278/527 738/731/738 737/729/737 290/280/290
f 291/275/291 292/281/292 739/732/739 569/276/569
f 292/281/292 297/282/297 740/733/740 739/732/739
f 741/734/741 745/735/745 744/736/744 743/737/743 742/738/742
f 746/739/746 741/734/741 742/740/742
f 298/284/298 299/283/299 742/738/742 743/737/743 749/736/749 748/741/748 747/742/747 297/282/297
f 300/285/300 751/289/751 750/739/750 742/740/742 299/283/299
f 752/742/752 753/733/753 297/282/297
f 220/286/220 754/743/754 703/287/703
f 220/291/220 216/290/216 701/295/701 754/744/754
f 234/396/234 756/745/756 755/397/755
f 232/399/232 757/401/757 756/745/756 234/396/234
f 423/402/423 424/408/424 759/746/759 758/403/758
f 760/747/760 765/748/765 764/749/764 763/750/763 762/751/762 761/752/761
f 766/753/766 765/754/765 760/747/760
f 767/755/767 771/756/771 770/757/770 769/746/769 424/408/424 768/758/768
f 772/759/772 760/747/760 761/752/761 775/751/775 774/760/774 767/755/767 768/758/768 773/761/773
f 772/759/772 782/762/782 781/763/781 780/764/780 779/765/779 778/766/778 777/767/777 776/753/776 760/747/760
f 424/408/424 425/407/425 768/758/768
f 783/768/783 772/759/772 773/761/773 768/758/768 425/407/425 429/410/429 372/409/372
f 782/762/782 772/759/772 783/768/783 431/413/431 432/412/432 430/411/430 785/769/785 784/763/784
f 430/411/430 433/417/433 787/416/787 786/770/786 785/771/785
f 372/352/372 373/351/373 783/768/783
f 373/424/373 431/413/431 783/768/783
f 109/393/109 661/392/661 788/772/788
f 715/773/715 717/774/717 669/415/669 118/414/118
f 111/419/111 112/418/112 791/775/791 790/776/790 733/777/733 722/778/722 735/779/735 789/780/789 716/781/716 715/782/715 118/420/118
f 109/423/109 788/783/788 793/784/793 792/785/792 791/786/791 112/422/112 110/421/110
f 722/778/722 795/777/795 794/779/794
f 796/787/796 797/774/797 715/773/715
f 798/781/798 796/788/796 715/782/715
f 663/789/663 667/790/667 800/791/800 799/792/799 670/793/670
f 666/794/666 800/791/800 667/790/667
f 730/795/730 725/796/725 115/495/115 114/494/114
f 725/797/725 116/523/116 115/522/115
f 801/795/801 802/798/802 725/796/725
f 802/799/802 803/800/803 116/523/116 725/797/725
f 434/493/434 433/496/433 667/790/667 663/789/663 805/793/805 804/801/804
f 430/498/430 432/497/432 809/802/809 808/803/808 807/804/807 806/794/806 667/790/667 433/499/433
f 810/805/810 809/802/809 432/504/432 431/503/431 373/502/373 372/501/372 429/500/429 811/806/811
f 812/807/812 811/808/811 429/500/429 425/507/425 424/506/424
f 813/809/813 814/807/814 424/506/424 769/810/769
f 424/506/424 518/505/518 816/811/816 815/810/815
f 817/812/817 822/813/822 821/814/821 820/815/820 819/816/819 818/817/818 816/811/816 518/509/518 519/508/519 520/510/520
f 823/818/823 825/819/825 822/813/822 817/812/817 824/820/824
f 522/513/522 523/512/523 829/821/829 828/822/828 827/823/827 826/824/826 823/818/823 824/820/824
f 817/812/817 520/510/520 528/526/528 529/525/529 530/524/530
f 817/812/817 530/524/530 531/527/531 824/820/824
f 532/530/532 533/529/533 522/528/522 824/820/824 531/527/531
f 822/813/822 831/825/831 830/814/830
f 823/818/823 836/826/836 835/827/835 834/828/834 833/829/833 832/830/832 831/825/831 822/813/822 825/819/825
f 829/821/829 523/512/523 843/831/843 842/832/842 841/833/841 840/834/840 839/835/839 838/836/838 837/837/837 836/826/836 823/818/823 826/824/826 827/823/827 828/822/828
f 844/838/844 846/827/846 836/826/836 845/839/845
f 847/836/847 849/840/849 848/841/848 845/842/845 836/826/836 837/837/837
f 843/831/843 523/512/523 521/511/521 851/843/851 850/832/850
f 852/844/852 853/845/853 851/843/851 521/515/521 524/514/524 570/519/570
f 854/846/854 294/517/294 293/516/293
f 293/521/293 290/520/290 116/523/116 678/800/678 856/847/856 855/848/855 854/849/854
f 525/547/525 524/546/524 859/850/859 858/851/858 857/852/857
f 859/853/859 524/546/524 521/550/521 523/552/523 861/854/861 860/855/860
f 291/549/291 296/548/296 862/856/862
f 863/857/863 297/563/297 292/562/292 291/565/291 862/858/862
f 523/552/523 829/859/829 869/860/869 868/861/868 867/862/867 866/863/866 865/864/865 864/854/864
f 870/865/870 869/860/869 829/859/829 828/866/828 872/867/872 761/868/761 760/869/760 871/870/871
f 873/871/873 877/872/877 761/873/761 872/867/872 826/874/826 823/875/823 825/876/825 876/877/876 875/878/875 874/879/874
f 878/880/878 876/881/876 825/882/825 822/883/822 821/884/821 879/885/879
f 828/886/828 827/887/827 872/867/872
f 872/867/872 827/888/827 826/889/826
f 880/890/880 776/870/776 760/869/760 761/868/761
f 761/873/761 775/872/775 882/891/882 881/892/881 880/893/880
f 829/859/829 523/552/523 549/551/549 883/894/883
f 828/866/828 829/859/829 883/894/883
f 825/876/825 823/875/823 826/874/826 884/895/884
f 822/883/822 825/882/825 884/895/884 888/896/888 887/897/887 886/898/886 885/884/885
f 889/899/889 887/897/887 888/896/888 572/554/572 571/553/571 350/556/350 891/900/891 890/901/890
f 549/537/549 550/536/550 883/894/883
f 550/536/550 573/566/573 574/568/574 827/887/827 828/886/828 883/894/883
f 884/895/884 826/889/826 827/888/827 574/571/574 576/570/576 575/569/575
f 884/895/884 575/569/575 577/574/577 888/896/888
f 888/896/888 577/576/577 572/575/572
f 892/902/892 896/903/896 895/904/895 894/900/894 350/556/350 893/905/893
f 349/555/349 691/906/691 713/907/713 897/905/897 350/556/350
f 349/555/349 348/557/348 347/558/347 901/908/901 900/909/900 695/910/695 687/911/687 899/912/899 898/913/898 690/914/690 691/906/691
f 346/560/346 344/559/344 345/561/345 743/915/743 742/916/742 903/917/903 902/918/902 901/908/901 347/558/347
f 904/919/904 743/920/743 345/564/345 297/563/297 906/921/906 905/922/905
f 898/913/898 899/912/899 687/911/687 699/923/699 690/914/690
f 699/923/699 687/911/687 908/924/908 907/925/907 690/914/690
f 687/911/687 910/910/910 909/924/909
f 911/926/911 912/907/912 691/906/691
f 691/906/691 690/914/690 913/925/913 911/927/911
f 914/928/914 750/917/750 742/916/742 743/915/743 915/929/915
f 743/920/743 749/919/749 915/930/915
f 916/857/916 747/921/747 297/563/297
f 917/931/917 920/932/920 919/933/919 918/934/918 782/935/782 772/936/772 773/937/773
f 773/938/773 768/939/768 424/636/424 923/940/923 922/941/922 921/942/921 917/931/917
f 918/943/918 784/944/784 782/945/782
f 924/946/924 926/642/926 227/641/227 925/947/925
f 227/646/227 226/645/226 225/644/225 930/948/930 929/949/929 928/950/928 927/951/927 925/947/925
f 931/952/931 930/948/930 225/644/225 224/647/224
f 423/635/423 933/953/933 932/940/932 424/636/424
f 758/640/758 934/954/934 933/955/933 423/635/423
f 935/956/935 939/957/939 938/958/938 937/959/937 936/960/936
f 940/961/940 941/962/941 937/963/937 938/964/938
f 942/965/942 710/966/710 224/647/224 350/649/350 947/967/947 946/968/946 945/969/945 944/970/944 943/971/943
f 948/957/948 949/949/949 930/948/930 938/958/938
f 931/952/931 224/647/224 951/966/951 950/961/950 938/964/938 930/948/930
f 907/972/907 952/973/952 690/974/690
f 898/975/898 690/974/690 700/973/700 893/967/893 350/649/350 953/976/953
f 954/977/954 899/978/899 898/979/898 953/980/953 962/981/962 961/982/961 960/983/960 959/984/959 958/985/958 957/986/957 956/987/956 955/988/955
f 963/989/963 959/990/959 960/983/960
f 689/991/689 688/992/688 965/993/965 964/972/964 690/974/690
f 350/649/350 571/648/571 953/976/953
f 961/982/961 962/981/962 953/980/953 571/654/571 572/653/572 577/652/577 575/651/575 576/650/576 960/983/960
f 843/994/843 968/995/968 967/996/967 966/989/966 960/983/960 576/650/576 574/656/574 573/655/573
f 843/994/843 573/655/573 550/660/550 549/659/549 523/658/523
f 969/997/969 688/992/688 689/991/689 690/974/690 898/975/898
f 969/998/969 898/979/898 899/978/899
f 843/994/843 971/999/971 970/995/970
f 972/1000/972 977/1001/977 976/1002/976 971/1003/971 843/994/843 523/658/523 975/1004/975 974/1005/974 973/1006/973
f 773/937/773 772/936/772 782/935/782 979/1007/979 978/1008/978
f 768/939/768 773/938/773 978/1008/978 519/638/519 518/637/518 424/636/424
f 861/1004/861 523/658/523 522/657/522 533/591/533 982/1009/982 981/1010/981 980/1011/980
f 979/1012/979 782/945/782 987/944/987 986/1013/986 985/1014/985 984/1015/984 983/1016/983 981/1017/981 982/1009/982
f 979/1007/979 529/662/529 528/661/528 978/1008/978
f 528/664/528 520/663/520 519/638/519 978/1008/978
f 533/591/533 532/590/532 982/1009/982
f 531/666/531 530/665/530 529/667/529 979/1012/979 982/1009/982 532/590/532
f 988/1018/988 992/1019/992 938/1020/938 991/1021/991 990/1022/990 218/304/218 217/303/217 989/1023/989
f 993/308/993 994/1024/994 989/1023/989 217/309/217
f 931/1025/931 224/334/224 223/333/223
f 930/1026/930 931/1027/931 223/337/223 219/336/219 218/339/218 990/1028/990 995/1029/995
f 950/1019/950 996/1030/996 948/1021/948 938/1020/938
f 997/1031/997 998/1032/998 301/315/301 300/314/300
f 299/316/299 298/318/298 1000/1033/1000 999/1034/999 997/1035/997 300/314/300
f 297/321/297 863/1036/863 1000/1037/1000 298/322/298
f 1001/1036/1001 297/321/297 1002/1038/1002
f 1003/1039/1003 966/1040/966 960/1041/960 961/1042/961 837/1043/837 1005/1044/1005 1004/1045/1004
f 961/1042/961 962/1046/962 1007/1047/1007 1006/1048/1006 836/1049/836 837/1043/837
f 962/1046/962 953/1050/953 350/335/350 1011/1051/1011 1010/1052/1010 1009/1053/1009 1008/1054/1008 1007/1055/1007
f 1012/1056/1012 1013/1057/1013 740/1038/740 297/321/297 345/320/345 344/319/344
f 1014/1058/1014 1016/1059/1016 1012/1056/1012 344/325/344 346/324/346 961/1042/961 960/1041/960 1015/1040/1015
f 347/327/347 348/329/348 962/1046/962 961/1042/961 346/324/346
f 349/330/349 350/335/350 953/1050/953 962/1046/962 348/331/348
f 1017/1060/1017 838/1044/838 837/1043/837
f 837/1043/837 836/1049/836 835/1048/835 1021/1061/1021 1020/1062/1020 1019/1063/1019 1018/1064/1018 1017/1065/1017
f 931/1025/931 1023/1066/1023 1022/1067/1022 224/334/224
f 931/1027/931 930/1026/930 949/1029/949 1023/1068/1023
f 1024/1069/1024 1025/1051/1025 350/335/350 224/334/224 709/1067/709
g all_branches branch_caps level2 manual_prune tree_branch_generator2
usemtl /obj/geo1/tree_controller1/matnet1/labs_shader1
f 1026/20/1026 1028/20/1028 1027/20/1027
f 1027/20/1027 1028/20/1028 1029/20/1029
f 1029/20/1029 1028/20/1028 1030/20/1030
f 1030/20/1030 1028/20/1028 1031/20/1031
f 1031/20/1031 1028/20/1028 1026/20/1026
f 1053/20/1053 1026/20/1026 1027/20/1027 1052/20/1052
f 1052/20/1052 1027/20/1027 1029/20/1029 1054/20/1054
f 1054/20/1054 1029/20/1029 1030/20/1030 1055/20/1055
f 1055/20/1055 1030/20/1030 1031/20/1031 1056/20/1056
f 1056/20/1056 1031/20/1031 1026/20/1026 1053/20/1053
f 1074/20/1074 1076/20/1076 1075/20/1075
f 1075/20/1075 1076/20/1076 1077/20/1077
f 1077/20/1077 1076/20/1076 1078/20/1078
f 1078/20/1078 1076/20/1076 1079/20/1079
f 1079/20/1079 1076/20/1076 1074/20/1074
f 1101/20/1101 1074/20/1074 1075/20/1075 1100/20/1100
f 1100/20/1100 1075/20/1075 1077/20/1077 1102/20/1102
f 1102/20/1102 1077/20/1077 1078/20/1078 1103/20/1103
f 1103/20/1103 1078/20/1078 1079/20/1079 1104/20/1104
f 1104/20/1104 1079/20/1079 1074/20/1074 1101/20/1101
f 1122/20/1122 1124/20/1124 1123/20/1123
f 1123/20/1123 1124/20/1124 1125/20/1125
f 1125/20/1125 1124/20/1124 1126/20/1126
f 1126/20/1126 1124/20/1124 1127/20/1127
f 1127/20/1127 1124/20/1124 1122/20/1122
f 1149/20/1149 1122/20/1122 1123/20/1123 1148/20/1148
f 1148/20/1148 1123/20/1123 1125/20/1125 1150/20/1150
f 1150/20/1150 1125/20/1125 1126/20/1126 1151/20/1151
f 1151/20/1151 1126/20/1126 1127/20/1127 1152/20/1152
f 1152/20/1152 1127/20/1127 1122/20/1122 1149/20/1149
f 1170/20/1170 1172/20/1172 1171/20/1171
f 1171/20/1171 1172/20/1172 1173/20/1173
f 1173/20/1173 1172/20/1172 1174/20/1174
f 1174/20/1174 1172/20/1172 1175/20/1175
f 1175/20/1175 1172/20/1172 1170/20/1170
f 1197/20/1197 1170/20/1170 1171/20/1171 1196/20/1196
f 1196/20/1196 1171/20/1171 1173/20/1173 1198/20/1198
f 1198/20/1198 1173/20/1173 1174/20/1174 1199/20/1199
f 1199/20/1199 1174/20/1174 1175/20/1175 1200/20/1200
f 1200/20/1200 1175/20/1175 1170/20/1170 1197/20/1197
f 1220/20/1220 1222/20/1222 1221/20/1221
f 1221/20/1221 1222/20/1222 1223/20/1223
f 1223/20/1223 1222/20/1222 1224/20/1224
f 1224/20/1224 1222/20/1222 1225/20/1225
f 1225/20/1225 1222/20/1222 1220/20/1220
f 1254/20/1254 1220/20/1220 1221/20/1221 1253/20/1253
f 1253/20/1253 1221/20/1221 1223/20/1223 1255/20/1255
f 1255/20/1255 1223/20/1223 1224/20/1224 1256/20/1256
f 1256/20/1256 1224/20/1224 1225/20/1225 1257/20/1257
f 1257/20/1257 1225/20/1225 1220/20/1220 1254/20/1254
f 1267/20/1267 1269/20/1269 1268/20/1268
f 1268/20/1268 1269/20/1269 1270/20/1270
f 1270/20/1270 1269/20/1269 1271/20/1271
f 1271/20/1271 1269/20/1269 1272/20/1272
f 1272/20/1272 1269/20/1269 1267/20/1267
f 1299/20/1299 1267/20/1267 1268/20/1268 1298/20/1298
f 1298/20/1298 1268/20/1268 1270/20/1270 1300/20/1300
f 1300/20/1300 1270/20/1270 1271/20/1271 1301/20/1301
f 1301/20/1301 1271/20/1271 1272/20/1272 1302/20/1302
f 1302/20/1302 1272/20/1272 1267/20/1267 1299/20/1299
f 1322/20/1322 1324/20/1324 1323/20/1323
f 1323/20/1323 1324/20/1324 1325/20/1325
f 1325/20/1325 1324/20/1324 1326/20/1326
f 1326/20/1326 1324/20/1324 1327/20/1327
f 1327/20/1327 1324/20/1324 1322/20/1322
f 1349/20/1349 1322/20/1322 1323/20/1323 1348/20/1348
f 1348/20/1348 1323/20/1323 1325/20/1325 1350/20/1350
f 1350/20/1350 1325/20/1325 1326/20/1326 1351/20/1351
f 1351/20/1351 1326/20/1326 1327/20/1327 1352/20/1352
f 1352/20/1352 1327/20/1327 1322/20/1322 1349/20/1349
f 1370/20/1370 1372/20/1372 1371/20/1371
f 1371/20/1371 1372/20/1372 1373/20/1373
f 1373/20/1373 1372/20/1372 1374/20/1374
f 1374/20/1374 1372/20/1372 1375/20/1375
f 1375/20/1375 1372/20/1372 1370/20/1370
f 1397/20/1397 1370/20/1370 1371/20/1371 1396/20/1396
f 1396/20/1396 1371/20/1371 1373/20/1373 1398/20/1398
f 1398/20/1398 1373/20/1373 1374/20/1374 1399/20/1399
f 1399/20/1399 1374/20/1374 1375/20/1375 1400/20/1400
f 1400/20/1400 1375/20/1375 1370/20/1370 1397/20/1397
f 1418/20/1418 1420/20/1420 1419/20/1419
f 1419/20/1419 1420/20/1420 1421/20/1421
f 1421/20/1421 1420/20/1420 1422/20/1422
f 1422/20/1422 1420/20/1420 1423/20/1423
f 1423/20/1423 1420/20/1420 1418/20/1418
f 1450/20/1450 1418/20/1418 1419/20/1419 1449/20/1449
f 1449/20/1449 1419/20/1419 1421/20/1421 1451/20/1451
f 1451/20/1451 1421/20/1421 1422/20/1422 1452/20/1452
f 1452/20/1452 1422/20/1422 1423/20/1423 1453/20/1453
f 1453/20/1453 1423/20/1423 1418/20/1418 1450/20/1450
f 1483/20/1483 1485/20/1485 1484/20/1484
f 1484/20/1484 1485/20/1485 1486/20/1486
f 1486/20/1486 1485/20/1485 1487/20/1487
f 1487/20/1487 1485/20/1485 1488/20/1488
f 1488/20/1488 1485/20/1485 1483/20/1483
f 1489/20/1489 1483/20/1483 1484/20/1484 1490/20/1490
f 1490/20/1490 1484/20/1484 1486/20/1486 1491/20/1491
f 1491/20/1491 1486/20/1486 1487/20/1487 1492/20/1492
f 1492/20/1492 1487/20/1487 1488/20/1488 1493/20/1493
f 1493/20/1493 1488/20/1488 1483/20/1483 1489/20/1489
f 1501/20/1501 1503/20/1503 1502/20/1502
f 1502/20/1502 1503/20/1503 1504/20/1504
f 1504/20/1504 1503/20/1503 1505/20/1505
f 1505/20/1505 1503/20/1503 1506/20/1506
f 1506/20/1506 1503/20/1503 1501/20/1501
f 1533/20/1533 1501/20/1501 1502/20/1502 1532/20/1532
f 1532/20/1532 1502/20/1502 1504/20/1504 1534/20/1534
f 1534/20/1534 1504/20/1504 1505/20/1505 1535/20/1535
f 1535/20/1535 1505/20/1505 1506/20/1506 1536/20/1536
f 1536/20/1536 1506/20/1506 1501/20/1501 1533/20/1533
f 1595/20/1595 1597/20/1597 1596/20/1596
f 1596/20/1596 1597/20/1597 1598/20/1598
f 1598/20/1598 1597/20/1597 1599/20/1599
f 1599/20/1599 1597/20/1597 1600/20/1600
f 1600/20/1600 1597/20/1597 1595/20/1595
f 1622/20/1622 1595/20/1595 1596/20/1596 1621/20/1621
f 1621/20/1621 1596/20/1596 1598/20/1598 1623/20/1623
f 1623/20/1623 1598/20/1598 1599/20/1599 1624/20/1624
f 1624/20/1624 1599/20/1599 1600/20/1600 1625/20/1625
f 1625/20/1625 1600/20/1600 1595/20/1595 1622/20/1622
f 1645/20/1645 1647/20/1647 1646/20/1646
f 1646/20/1646 1647/20/1647 1648/20/1648
f 1648/20/1648 1647/20/1647 1649/20/1649
f 1649/20/1649 1647/20/1647 1650/20/1650
f 1650/20/1650 1647/20/1647 1645/20/1645
f 1672/20/1672 1645/20/1645 1646/20/1646 1671/20/1671
f 1671/20/1671 1646/20/1646 1648/20/1648 1673/20/1673
f 1673/20/1673 1648/20/1648 1649/20/1649 1674/20/1674
f 1674/20/1674 1649/20/1649 1650/20/1650 1675/20/1675
f 1675/20/1675 1650/20/1650 1645/20/1645 1672/20/1672
f 1691/20/1691 1693/20/1693 1692/20/1692
f 1692/20/1692 1693/20/1693 1694/20/1694
f 1694/20/1694 1693/20/1693 1695/20/1695
f 1695/20/1695 1693/20/1693 1696/20/1696
f 1696/20/1696 1693/20/1693 1691/20/1691
f 1708/20/1708 1691/20/1691 1692/20/1692 1707/20/1707
f 1707/20/1707 1692/20/1692 1694/20/1694 1709/20/1709
f 1709/20/1709 1694/20/1694 1695/20/1695 1710/20/1710
f 1710/20/1710 1695/20/1695 1696/20/1696 1711/20/1711
f 1711/20/1711 1696/20/1696 1691/20/1691 1708/20/1708
f 1739/20/1739 1741/20/1741 1740/20/1740
f 1740/20/1740 1741/20/1741 1742/20/1742
f 1742/20/1742 1741/20/1741 1743/20/1743
f 1743/20/1743 1741/20/1741 1744/20/1744
f 1744/20/1744 1741/20/1741 1739/20/1739
f 1768/20/1768 1739/20/1739 1740/20/1740 1767/20/1767
f 1767/20/1767 1740/20/1740 1742/20/1742 1769/20/1769
f 1769/20/1769 1742/20/1742 1743/20/1743 1770/20/1770
f 1770/20/1770 1743/20/1743 1744/20/1744 1771/20/1771
f 1771/20/1771 1744/20/1744 1739/20/1739 1768/20/1768
f 1784/20/1784 1786/20/1786 1785/20/1785
f 1785/20/1785 1786/20/1786 1787/20/1787
f 1787/20/1787 1786/20/1786 1788/20/1788
f 1788/20/1788 1786/20/1786 1789/20/1789
f 1789/20/1789 1786/20/1786 1784/20/1784
f 1801/20/1801 1784/20/1784 1785/20/1785 1800/20/1800
f 1800/20/1800 1785/20/1785 1787/20/1787 1802/20/1802
f 1802/20/1802 1787/20/1787 1788/20/1788 1803/20/1803
f 1803/20/1803 1788/20/1788 1789/20/1789 1804/20/1804
f 1804/20/1804 1789/20/1789 1784/20/1784 1801/20/1801
f 1822/20/1822 1824/20/1824 1823/20/1823
f 1823/20/1823 1824/20/1824 1825/20/1825
f 1825/20/1825 1824/20/1824 1826/20/1826
f 1826/20/1826 1824/20/1824 1827/20/1827
f 1827/20/1827 1824/20/1824 1822/20/1822
f 1839/20/1839 1822/20/1822 1823/20/1823 1838/20/1838
f 1838/20/1838 1823/20/1823 1825/20/1825 1840/20/1840
f 1840/20/1840 1825/20/1825 1826/20/1826 1841/20/1841
f 1841/20/1841 1826/20/1826 1827/20/1827 1842/20/1842
f 1842/20/1842 1827/20/1827 1822/20/1822 1839/20/1839
f 1869/20/1869 1871/20/1871 1870/20/1870
f 1870/20/1870 1871/20/1871 1872/20/1872
f 1872/20/1872 1871/20/1871 1873/20/1873
f 1873/20/1873 1871/20/1871 1874/20/1874
f 1874/20/1874 1871/20/1871 1869/20/1869
f 1896/20/1896 1869/20/1869 1870/20/1870 1895/20/1895
f 1895/20/1895 1870/20/1870 1872/20/1872 1897/20/1897
f 1897/20/1897 1872/20/1872 1873/20/1873 1898/20/1898
f 1898/20/1898 1873/20/1873 1874/20/1874 1899/20/1899
f 1899/20/1899 1874/20/1874 1869/20/1869 1896/20/1896
f 1919/20/1919 1921/20/1921 1920/20/1920
f 1920/20/1920 1921/20/1921 1922/20/1922
f 1922/20/1922 1921/20/1921 1923/20/1923
f 1923/20/1923 1921/20/1921 1924/20/1924
f 1924/20/1924 1921/20/1921 1919/20/1919
f 1951/20/1951 1919/20/1919 1920/20/1920 1950/20/1950
f 1950/20/1950 1920/20/1920 1922/20/1922 1952/20/1952
f 1952/20/1952 1922/20/1922 1923/20/1923 1953/20/1953
f 1953/20/1953 1923/20/1923 1924/20/1924 1954/20/1954
f 1954/20/1954 1924/20/1924 1919/20/1919 1951/20/1951
f 1972/20/1972 1974/20/1974 1973/20/1973
f 1973/20/1973 1974/20/1974 1975/20/1975
f 1975/20/1975 1974/20/1974 1976/20/1976
f 1976/20/1976 1974/20/1974 1977/20/1977
f 1977/20/1977 1974/20/1974 1972/20/1972
f 2001/20/2001 1972/20/1972 1973/20/1973 2000/20/2000
f 2000/20/2000 1973/20/1973 1975/20/1975 2002/20/2002
f 2002/20/2002 1975/20/1975 1976/20/1976 2003/20/2003
f 2003/20/2003 1976/20/1976 1977/20/1977 2004/20/2004
f 2004/20/2004 1977/20/1977 1972/20/1972 2001/20/2001
f 2017/20/2017 2019/20/2019 2018/20/2018
f 2018/20/2018 2019/20/2019 2020/20/2020
f 2020/20/2020 2019/20/2019 2021/20/2021
f 2021/20/2021 2019/20/2019 2022/20/2022
f 2022/20/2022 2019/20/2019 2017/20/2017
f 2034/20/2034 2017/20/2017 2018/20/2018 2033/20/2033
f 2033/20/2033 2018/20/2018 2020/20/2020 2035/20/2035
f 2035/20/2035 2020/20/2020 2021/20/2021 2036/20/2036
f 2036/20/2036 2021/20/2021 2022/20/2022 2037/20/2037
f 2037/20/2037 2022/20/2022 2017/20/2017 2034/20/2034
f 2058/20/2058 2060/20/2060 2059/20/2059
f 2059/20/2059 2060/20/2060 2061/20/2061
f 2061/20/2061 2060/20/2060 2062/20/2062
f 2062/20/2062 2060/20/2060 2063/20/2063
f 2063/20/2063 2060/20/2060 2058/20/2058
f 2080/20/2080 2058/20/2058 2059/20/2059 2079/20/2079
f 2079/20/2079 2059/20/2059 2061/20/2061 2081/20/2081
f 2081/20/2081 2061/20/2061 2062/20/2062 2082/20/2082
f 2082/20/2082 2062/20/2062 2063/20/2063 2083/20/2083
f 2083/20/2083 2063/20/2063 2058/20/2058 2080/20/2080
f 2101/20/2101 2103/20/2103 2102/20/2102
f 2102/20/2102 2103/20/2103 2104/20/2104
f 2104/20/2104 2103/20/2103 2105/20/2105
f 2105/20/2105 2103/20/2103 2106/20/2106
f 2106/20/2106 2103/20/2103 2101/20/2101
f 2118/20/2118 2101/20/2101 2102/20/2102 2117/20/2117
f 2117/20/2117 2102/20/2102 2104/20/2104 2119/20/2119
f 2119/20/2119 2104/20/2104 2105/20/2105 2120/20/2120
f 2120/20/2120 2105/20/2105 2106/20/2106 2121/20/2121
f 2121/20/2121 2106/20/2106 2101/20/2101 2118/20/2118
f 2141/20/2141 2143/20/2143 2142/20/2142
f 2142/20/2142 2143/20/2143 2144/20/2144
f 2144/20/2144 2143/20/2143 2145/20/2145
f 2145/20/2145 2143/20/2143 2146/20/2146
f 2146/20/2146 2143/20/2143 2141/20/2141
f 2165/20/2165 2141/20/2141 2142/20/2142 2164/20/2164
f 2164/20/2164 2142/20/2142 2144/20/2144 2166/20/2166
f 2166/20/2166 2144/20/2144 2145/20/2145 2172/20/2172
f 2172/20/2172 2145/20/2145 2146/20/2146 2171/20/2171
f 2171/20/2171 2146/20/2146 2141/20/2141 2165/20/2165
f 2212/20/2212 2214/20/2214 2213/20/2213
f 2213/20/2213 2214/20/2214 2215/20/2215
f 2215/20/2215 2214/20/2214 2216/20/2216
f 2216/20/2216 2214/20/2214 2217/20/2217
f 2217/20/2217 2214/20/2214 2212/20/2212
f 2230/20/2230 2212/20/2212 2213/20/2213 2229/20/2229
f 2229/20/2229 2213/20/2213 2215/20/2215 2231/20/2231
f 2231/20/2231 2215/20/2215 2216/20/2216 2233/20/2233
f 2233/20/2233 2216/20/2216 2217/20/2217 2235/20/2235
f 2235/20/2235 2217/20/2217 2212/20/2212 2230/20/2230
f 2255/20/2255 2257/20/2257 2256/20/2256
f 2256/20/2256 2257/20/2257 2258/20/2258
f 2258/20/2258 2257/20/2257 2259/20/2259
f 2259/20/2259 2257/20/2257 2260/20/2260
f 2260/20/2260 2257/20/2257 2255/20/2255
f 2286/20/2286 2255/20/2255 2256/20/2256 2285/20/2285
f 2285/20/2285 2256/20/2256 2258/20/2258 2287/20/2287
f 2287/20/2287 2258/20/2258 2259/20/2259 2288/20/2288
f 2288/20/2288 2259/20/2259 2260/20/2260 2289/20/2289
f 2289/20/2289 2260/20/2260 2255/20/2255 2286/20/2286
f 2309/20/2309 2311/20/2311 2310/20/2310
f 2310/20/2310 2311/20/2311 2312/20/2312
f 2312/20/2312 2311/20/2311 2313/20/2313
f 2313/20/2313 2311/20/2311 2314/20/2314
f 2314/20/2314 2311/20/2311 2309/20/2309
f 2339/20/2339 2309/20/2309 2310/20/2310 2338/20/2338
f 2338/20/2338 2310/20/2310 2312/20/2312 2340/20/2340
f 2340/20/2340 2312/20/2312 2313/20/2313 2341/20/2341
f 2341/20/2341 2313/20/2313 2314/20/2314 2342/20/2342
f 2342/20/2342 2314/20/2314 2309/20/2309 2339/20/2339
f 2359/20/2359 2361/20/2361 2360/20/2360
f 2360/20/2360 2361/20/2361 2362/20/2362
f 2362/20/2362 2361/20/2361 2363/20/2363
f 2363/20/2363 2361/20/2361 2364/20/2364
f 2364/20/2364 2361/20/2361 2359/20/2359
f 2393/20/2393 2359/20/2359 2360/20/2360 2392/20/2392
f 2392/20/2392 2360/20/2360 2362/20/2362 2394/20/2394
f 2394/20/2394 2362/20/2362 2363/20/2363 2395/20/2395
f 2395/20/2395 2363/20/2363 2364/20/2364 2396/20/2396
f 2396/20/2396 2364/20/2364 2359/20/2359 2393/20/2393
f 2409/20/2409 2411/20/2411 2410/20/2410
f 2410/20/2410 2411/20/2411 2412/20/2412
f 2412/20/2412 2411/20/2411 2413/20/2413
f 2413/20/2413 2411/20/2411 2414/20/2414
f 2414/20/2414 2411/20/2411 2409/20/2409
f 2445/20/2445 2409/20/2409 2410/20/2410 2444/20/2444
f 2444/20/2444 2410/20/2410 2412/20/2412 2446/20/2446
f 2446/20/2446 2412/20/2412 2413/20/2413 2447/20/2447
f 2447/20/2447 2413/20/2413 2414/20/2414 2448/20/2448
f 2448/20/2448 2414/20/2414 2409/20/2409 2445/20/2445
f 2455/20/2455 2457/20/2457 2456/20/2456
f 2456/20/2456 2457/20/2457 2458/20/2458
f 2458/20/2458 2457/20/2457 2459/20/2459
f 2459/20/2459 2457/20/2457 2460/20/2460
f 2460/20/2460 2457/20/2457 2455/20/2455
f 2482/20/2482 2455/20/2455 2456/20/2456 2481/20/2481
f 2481/20/2481 2456/20/2456 2458/20/2458 2483/20/2483
f 2483/20/2483 2458/20/2458 2459/20/2459 2484/20/2484
f 2484/20/2484 2459/20/2459 2460/20/2460 2485/20/2485
f 2485/20/2485 2460/20/2460 2455/20/2455 2482/20/2482
f 2697/20/2697 2699/20/2699 2698/20/2698
f 2698/20/2698 2699/20/2699 2700/20/2700
f 2700/20/2700 2699/20/2699 2701/20/2701
f 2701/20/2701 2699/20/2699 2702/20/2702
f 2702/20/2702 2699/20/2699 2697/20/2697
f 2724/20/2724 2697/20/2697 2698/20/2698 2723/20/2723
f 2723/20/2723 2698/20/2698 2700/20/2700 2725/20/2725
f 2725/20/2725 2700/20/2700 2701/20/2701 2726/20/2726
f 2726/20/2726 2701/20/2701 2702/20/2702 2727/20/2727
f 2727/20/2727 2702/20/2702 2697/20/2697 2724/20/2724
f 2769/20/2769 2771/20/2771 2770/20/2770
f 2770/20/2770 2771/20/2771 2772/20/2772
f 2772/20/2772 2771/20/2771 2773/20/2773
f 2773/20/2773 2771/20/2771 2774/20/2774
f 2774/20/2774 2771/20/2771 2769/20/2769
f 2790/20/2790 2769/20/2769 2770/20/2770 2789/20/2789
f 2789/20/2789 2770/20/2770 2772/20/2772 2791/20/2791
f 2791/20/2791 2772/20/2772 2773/20/2773 2793/20/2793
f 2793/20/2793 2773/20/2773 2774/20/2774 2795/20/2795
f 2795/20/2795 2774/20/2774 2769/20/2769 2790/20/2790
f 2848/20/2848 2850/20/2850 2849/20/2849
f 2849/20/2849 2850/20/2850 2851/20/2851
f 2851/20/2851 2850/20/2850 2852/20/2852
f 2852/20/2852 2850/20/2850 2853/20/2853
f 2853/20/2853 2850/20/2850 2848/20/2848
f 2875/20/2875 2848/20/2848 2849/20/2849 2874/20/2874
f 2874/20/2874 2849/20/2849 2851/20/2851 2876/20/2876
f 2876/20/2876 2851/20/2851 2852/20/2852 2877/20/2877
f 2877/20/2877 2852/20/2852 2853/20/2853 2878/20/2878
f 2878/20/2878 2853/20/2853 2848/20/2848 2875/20/2875
f 2958/20/2958 2960/20/2960 2959/20/2959
f 2959/20/2959 2960/20/2960 2961/20/2961
f 2961/20/2961 2960/20/2960 2962/20/2962
f 2962/20/2962 2960/20/2960 2963/20/2963
f 2963/20/2963 2960/20/2960 2958/20/2958
f 2975/20/2975 2958/20/2958 2959/20/2959 2974/20/2974
f 2974/20/2974 2959/20/2959 2961/20/2961 2976/20/2976
f 2976/20/2976 2961/20/2961 2962/20/2962 2977/20/2977
f 2977/20/2977 2962/20/2962 2963/20/2963 2978/20/2978
f 2978/20/2978 2963/20/2963 2958/20/2958 2975/20/2975
f 3003/20/3003 3005/20/3005 3004/20/3004
f 3004/20/3004 3005/20/3005 3006/20/3006
f 3006/20/3006 3005/20/3005 3007/20/3007
f 3007/20/3007 3005/20/3005 3008/20/3008
f 3008/20/3008 3005/20/3005 3003/20/3003
f 3031/20/3031 3003/20/3003 3004/20/3004 3030/20/3030
f 3030/20/3030 3004/20/3004 3006/20/3006 3032/20/3032
f 3032/20/3032 3006/20/3006 3007/20/3007 3033/20/3033
f 3033/20/3033 3007/20/3007 3008/20/3008 3034/20/3034
f 3034/20/3034 3008/20/3008 3003/20/3003 3031/20/3031
f 3046/20/3046 3048/20/3048 3047/20/3047
f 3047/20/3047 3048/20/3048 3049/20/3049
f 3049/20/3049 3048/20/3048 3050/20/3050
f 3050/20/3050 3048/20/3048 3051/20/3051
f 3051/20/3051 3048/20/3048 3046/20/3046
f 3072/20/3072 3046/20/3046 3047/20/3047 3071/20/3071
f 3071/20/3071 3047/20/3047 3049/20/3049 3073/20/3073
f 3073/20/3073 3049/20/3049 3050/20/3050 3074/20/3074
f 3074/20/3074 3050/20/3050 3051/20/3051 3075/20/3075
f 3075/20/3075 3051/20/3051 3046/20/3046 3072/20/3072
f 3113/20/3113 3115/20/3115 3114/20/3114
f 3114/20/3114 3115/20/3115 3116/20/3116
f 3116/20/3116 3115/20/3115 3117/20/3117
f 3117/20/3117 3115/20/3115 3118/20/3118
f 3118/20/3118 3115/20/3115 3113/20/3113
f 3150/20/3150 3113/20/3113 3114/20/3114 3149/20/3149
f 3149/20/3149 3114/20/3114 3116/20/3116 3151/20/3151
f 3151/20/3151 3116/20/3116 3117/20/3117 3152/20/3152
f 3152/20/3152 3117/20/3117 3118/20/3118 3153/20/3153
f 3153/20/3153 3118/20/3118 3113/20/3113 3150/20/3150
f 3241/20/3241 3243/20/3243 3242/20/3242
f 3242/20/3242 3243/20/3243 3244/20/3244
f 3244/20/3244 3243/20/3243 3245/20/3245
f 3245/20/3245 3243/20/3243 3246/20/3246
f 3246/20/3246 3243/20/3243 3241/20/3241
f 3280/20/3280 3241/20/3241 3242/20/3242 3279/20/3279
f 3279/20/3279 3242/20/3242 3244/20/3244 3281/20/3281
f 3281/20/3281 3244/20/3244 3245/20/3245 3282/20/3282
f 3282/20/3282 3245/20/3245 3246/20/3246 3283/20/3283
f 3283/20/3283 3246/20/3246 3241/20/3241 3280/20/3280
g all_branches level2 manual_prune tree_branch_generator2
usemtl /obj/geo1/tree_controller1/matnet1/labs_shader1
f 1032/1070/1032 1035/1071/1035 1034/1072/1034 1033/1073/1033
f 1033/1073/1033 1034/1072/1034 1037/1074/1037 1036/1075/1036
f 1036/1075/1036 1037/1074/1037 1039/1076/1039 1038/1077/1038
f 1038/1077/1038 1039/1076/1039 1041/1078/1041 1040/1079/1040
f 1040/1079/1040 1041/1078/1041 1035/1080/1035 1032/1081/1032
f 1035/1071/1035 1043/1082/1043 1042/1083/1042 1034/1072/1034
f 1034/1072/1034 1042/1083/1042 1044/1084/1044 1037/1074/1037
f 1037/1074/1037 1044/1084/1044 1045/1085/1045 1039/1076/1039
f 1039/1076/1039 1045/1085/1045 1046/1086/1046 1041/1078/1041
f 1041/1078/1041 1046/1086/1046 1043/1087/1043 1035/1080/1035
f 1043/1082/1043 1048/1088/1048 1047/1089/1047 1042/1083/1042
f 1042/1083/1042 1047/1089/1047 1049/1090/1049 1044/1084/1044
f 1044/1084/1044 1049/1090/1049 1050/1091/1050 1045/1085/1045
f 1045/1085/1045 1050/1091/1050 1051/1092/1051 1046/1086/1046
f 1046/1086/1046 1051/1092/1051 1048/1093/1048 1043/1087/1043
f 1048/1088/1048 1053/1094/1053 1052/1095/1052 1047/1089/1047
f 1047/1089/1047 1052/1095/1052 1054/1096/1054 1049/1090/1049
f 1049/1090/1049 1054/1096/1054 1055/1097/1055 1050/1091/1050
f 1050/1091/1050 1055/1097/1055 1056/1098/1056 1051/1092/1051
f 1051/1092/1051 1056/1098/1056 1053/1099/1053 1048/1093/1048
f 1057/1100/1057 1061/1101/1061 1032/1070/1032 1033/1073/1033 1060/1102/1060 1059/1103/1059 1058/1104/1058
f 1062/1105/1062 1060/1106/1060 1033/1073/1033 1036/1075/1036 1064/1107/1064 1063/1108/1063
f 1065/1109/1065 1064/1110/1064 1036/1075/1036 1038/1077/1038 1068/1111/1068 1067/1112/1067 1066/1113/1066
f 1069/1114/1069 1070/1115/1070 1068/1116/1068 1038/1077/1038 1040/1079/1040
f 1071/1117/1071 1073/1118/1073 1069/1119/1069 1040/1079/1040 1032/1081/1032 1061/1120/1061 1072/1121/1072
f 1080/1122/1080 1083/1123/1083 1082/1124/1082 1081/1125/1081
f 1081/1125/1081 1082/1124/1082 1085/1126/1085 1084/1127/1084
f 1084/1127/1084 1085/1126/1085 1087/1128/1087 1086/1129/1086
f 1086/1129/1086 1087/1128/1087 1089/1130/1089 1088/1131/1088
f 1088/1131/1088 1089/1130/1089 1083/1132/1083 1080/1133/1080
f 1083/1123/1083 1091/1134/1091 1090/1135/1090 1082/1124/1082
f 1082/1124/1082 1090/1135/1090 1092/1136/1092 1085/1126/1085
f 1085/1126/1085 1092/1136/1092 1093/1137/1093 1087/1128/1087
f 1087/1128/1087 1093/1137/1093 1094/1138/1094 1089/1130/1089
f 1089/1130/1089 1094/1138/1094 1091/1139/1091 1083/1132/1083
f 1091/1134/1091 1096/1140/1096 1095/1141/1095 1090/1135/1090
f 1090/1135/1090 1095/1141/1095 1097/1142/1097 1092/1136/1092
f 1092/1136/1092 1097/1142/1097 1098/1143/1098 1093/1137/1093
f 1093/1137/1093 1098/1143/1098 1099/1144/1099 1094/1138/1094
f 1094/1138/1094 1099/1144/1099 1096/1145/1096 1091/1139/1091
f 1096/1140/1096 1101/1146/1101 1100/1147/1100 1095/1141/1095
f 1095/1141/1095 1100/1147/1100 1102/1148/1102 1097/1142/1097
f 1097/1142/1097 1102/1148/1102 1103/1149/1103 1098/1143/1098
f 1098/1143/1098 1103/1149/1103 1104/1150/1104 1099/1144/1099
f 1099/1144/1099 1104/1150/1104 1101/1151/1101 1096/1145/1096
f 1105/1152/1105 1109/1153/1109 1108/1154/1108 1080/1122/1080 1081/1125/1081 1107/1155/1107 1106/1156/1106
f 1110/1157/1110 1112/1158/1112 1107/1159/1107 1081/1125/1081 1084/1127/1084 1111/1160/1111
f 1113/1161/1113 1116/1162/1116 1115/1163/1115 1111/1164/1111 1084/1127/1084 1086/1129/1086 1114/1165/1114
f 1117/1166/1117 1114/1167/1114 1086/1129/1086 1088/1131/1088 1118/1168/1118
f 1119/1169/1119 1121/1170/1121 1118/1171/1118 1088/1131/1088 1080/1133/1080 1108/1172/1108 1120/1173/1120
f 1128/1174/1128 1131/1175/1131 1130/1176/1130 1129/1177/1129
f 1129/1177/1129 1130/1176/1130 1133/1178/1133 1132/1179/1132
f 1132/1179/1132 1133/1178/1133 1135/1180/1135 1134/1181/1134
f 1134/1181/1134 1135/1180/1135 1137/1182/1137 1136/1183/1136
f 1136/1183/1136 1137/1182/1137 1131/1184/1131 1128/1185/1128
f 1131/1175/1131 1139/1186/1139 1138/1187/1138 1130/1176/1130
f 1130/1176/1130 1138/1187/1138 1140/1188/1140 1133/1178/1133
f 1133/1178/1133 1140/1188/1140 1141/1189/1141 1135/1180/1135
f 1135/1180/1135 1141/1189/1141 1142/1190/1142 1137/1182/1137
f 1137/1182/1137 1142/1190/1142 1139/1191/1139 1131/1184/1131
f 1139/1186/1139 1144/1192/1144 1143/1193/1143 1138/1187/1138
f 1138/1187/1138 1143/1193/1143 1145/1194/1145 1140/1188/1140
f 1140/1188/1140 1145/1194/1145 1146/1195/1146 1141/1189/1141
f 1141/1189/1141 1146/1195/1146 1147/1196/1147 1142/1190/1142
f 1142/1190/1142 1147/1196/1147 1144/1197/1144 1139/1191/1139
f 1144/1192/1144 1149/1198/1149 1148/1199/1148 1143/1193/1143
f 1143/1193/1143 1148/1199/1148 1150/1200/1150 1145/1194/1145
f 1145/1194/1145 1150/1200/1150 1151/1201/1151 1146/1195/1146
f 1146/1195/1146 1151/1201/1151 1152/1202/1152 1147/1196/1147
f 1147/1196/1147 1152/1202/1152 1149/1203/1149 1144/1197/1144
f 1153/1204/1153 1158/1205/1158 1128/1174/1128 1129/1177/1129 1157/1206/1157 1156/1207/1156 1155/1208/1155 1154/1209/1154
f 1159/1210/1159 1161/1211/1161 1160/1212/1160 1157/1213/1157 1129/1177/1129 1132/1179/1132
f 1162/1214/1162 1166/1215/1166 1159/1216/1159 1132/1179/1132 1134/1181/1134 1165/1217/1165 1164/1218/1164 1163/1219/1163
f 1167/1220/1167 1165/1221/1165 1134/1181/1134 1136/1183/1136
f 1128/1185/1128 1158/1222/1158 1169/1223/1169 1168/1224/1168 1167/1225/1167 1136/1183/1136
f 1176/1226/1176 1179/1227/1179 1178/1228/1178 1177/1229/1177
f 1177/1229/1177 1178/1228/1178 1181/1230/1181 1180/1231/1180
f 1180/1231/1180 1181/1230/1181 1183/1232/1183 1182/1233/1182
f 1182/1233/1182 1183/1232/1183 1185/1234/1185 1184/1235/1184
f 1184/1235/1184 1185/1234/1185 1179/1236/1179 1176/1237/1176
f 1179/1227/1179 1187/1238/1187 1186/1239/1186 1178/1228/1178
f 1178/1228/1178 1186/1239/1186 1188/1240/1188 1181/1230/1181
f 1181/1230/1181 1188/1240/1188 1189/1241/1189 1183/1232/1183
f 1183/1232/1183 1189/1241/1189 1190/1242/1190 1185/1234/1185
f 1185/1234/1185 1190/1242/1190 1187/1243/1187 1179/1236/1179
f 1187/1238/1187 1192/1244/1192 1191/1245/1191 1186/1239/1186
f 1186/1239/1186 1191/1245/1191 1193/1246/1193 1188/1240/1188
f 1188/1240/1188 1193/1246/1193 1194/1247/1194 1189/1241/1189
f 1189/1241/1189 1194/1247/1194 1195/1248/1195 1190/1242/1190
f 1190/1242/1190 1195/1248/1195 1192/1249/1192 1187/1243/1187
f 1192/1244/1192 1197/1250/1197 1196/1251/1196 1191/1245/1191
f 1191/1245/1191 1196/1251/1196 1198/1252/1198 1193/1246/1193
f 1193/1246/1193 1198/1252/1198 1199/1253/1199 1194/1247/1194
f 1194/1247/1194 1199/1253/1199 1200/1254/1200 1195/1248/1195
f 1195/1248/1195 1200/1254/1200 1197/1255/1197 1192/1249/1192
f 1201/1256/1201 1205/1257/1205 1176/1226/1176 1177/1229/1177 1204/1258/1204 1203/1259/1203 1202/1260/1202
f 1206/1261/1206 1204/1262/1204 1177/1229/1177 1180/1231/1180 1207/1263/1207
f 1208/1264/1208 1212/1265/1212 1211/1266/1211 1210/1267/1210 1207/1268/1207 1180/1231/1180 1182/1233/1182 1209/1269/1209
f 1213/1270/1213 1209/1271/1209 1182/1233/1182 1184/1235/1184 1216/1272/1216 1215/1273/1215 1214/1274/1214
f 1217/1275/1217 1219/1276/1219 1216/1277/1216 1184/1235/1184 1176/1237/1176 1205/1278/1205 1218/1279/1218
f 1226/1/1226 1229/1280/1229 1228/1281/1228 1227/1282/1227
f 1230/1283/1230 1235/1284/1235 1234/1285/1234 1233/1286/1233 1232/1287/1232 1231/1288/1231 1227/1282/1227 1228/1281/1228
f 1229/1280/1229 1237/1289/1237 1236/1290/1236 1228/1281/1228
f 1228/1281/1228 1236/1290/1236 1238/1291/1238 1230/1283/1230
f 1230/1283/1230 1238/1291/1238 1240/1292/1240 1239/1293/1239
f 1239/1293/1239 1240/1292/1240 1242/1294/1242 1241/1295/1241
f 1241/1295/1241 1242/1294/1242 1237/1296/1237 1229/1297/1229
f 1237/1289/1237 1244/1298/1244 1243/1299/1243 1236/1290/1236
f 1236/1290/1236 1243/1299/1243 1245/1300/1245 1238/1291/1238
f 1238/1291/1238 1245/1300/1245 1246/1301/1246 1240/1292/1240
f 1240/1292/1240 1246/1301/1246 1247/1302/1247 1242/1294/1242
f 1242/1294/1242 1247/1302/1247 1244/1303/1244 1237/1296/1237
f 1244/1298/1244 1249/1304/1249 1248/1305/1248 1243/1299/1243
f 1243/1299/1243 1248/1305/1248 1250/1306/1250 1245/1300/1245
f 1245/1300/1245 1250/1306/1250 1251/1307/1251 1246/1301/1246
f 1246/1301/1246 1251/1307/1251 1252/1308/1252 1247/1302/1247
f 1247/1302/1247 1252/1308/1252 1249/1309/1249 1244/1303/1244
f 1249/1304/1249 1254/1310/1254 1253/1311/1253 1248/1305/1248
f 1248/1305/1248 1253/1311/1253 1255/1312/1255 1250/1306/1250
f 1250/1306/1250 1255/1312/1255 1256/1313/1256 1251/1307/1251
f 1251/1307/1251 1256/1313/1256 1257/1314/1257 1252/1308/1252
f 1252/1308/1252 1257/1314/1257 1254/1315/1254 1249/1309/1249
f 1239/1293/1239 1261/1316/1261 1260/1317/1260 1259/1318/1259 1258/1319/1258 1235/1320/1235 1230/1283/1230
f 1262/1321/1262 1261/1322/1261 1239/1293/1239 1241/1295/1241
f 1263/1323/1263 1262/1324/1262 1241/1295/1241 1229/1297/1229 1226/20/1226 1266/1325/1266 1265/1326/1265 1264/1327/1264
f 1273/1328/1273 1276/1329/1276 1275/1330/1275 1274/1331/1274
f 1274/1331/1274 1275/1330/1275 1278/1332/1278 1277/1333/1277
f 1277/1333/1277 1278/1332/1278 1280/1334/1280 1279/1335/1279
f 1279/1335/1279 1280/1334/1280 1282/1336/1282 1281/1337/1281
f 1281/1337/1281 1282/1336/1282 1276/1338/1276 1273/1339/1273
f 1276/1329/1276 1284/1340/1284 1283/1341/1283 1275/1330/1275
f 1275/1330/1275 1283/1341/1283 1285/1342/1285 1278/1332/1278
f 1278/1332/1278 1285/1342/1285 1286/1343/1286 1280/1334/1280
f 1280/1334/1280 1286/1343/1286 1287/1344/1287 1282/1336/1282
f 1282/1336/1282 1287/1344/1287 1284/1345/1284 1276/1338/1276
f 1284/1340/1284 1289/1346/1289 1288/1347/1288 1283/1341/1283
f 1283/1341/1283 1288/1347/1288 1290/1348/1290 1285/1342/1285
f 1285/1342/1285 1290/1348/1290 1291/1349/1291 1286/1343/1286
f 1286/1343/1286 1291/1349/1291 1292/1350/1292 1287/1344/1287
f 1287/1344/1287 1292/1350/1292 1289/1351/1289 1284/1345/1284
f 1289/1346/1289 1294/1352/1294 1293/1353/1293 1288/1347/1288
f 1288/1347/1288 1293/1353/1293 1295/1354/1295 1290/1348/1290
f 1290/1348/1290 1295/1354/1295 1296/1355/1296 1291/1349/1291
f 1291/1349/1291 1296/1355/1296 1297/1356/1297 1292/1350/1292
f 1292/1350/1292 1297/1356/1297 1294/1357/1294 1289/1351/1289
f 1294/1352/1294 1299/1198/1299 1298/1199/1298 1293/1353/1293
f 1293/1353/1293 1298/1199/1298 1300/1200/1300 1295/1354/1295
f 1295/1354/1295 1300/1200/1300 1301/1201/1301 1296/1355/1296
f 1296/1355/1296 1301/1201/1301 1302/1202/1302 1297/1356/1297
f 1297/1356/1297 1302/1202/1302 1299/1203/1299 1294/1357/1294
f 1303/1358/1303 1308/1359/1308 1307/1360/1307 1306/1361/1306 1305/1362/1305 1273/1328/1273 1274/1331/1274 1304/1363/1304
f 1309/1364/1309 1304/1365/1304 1274/1331/1274 1277/1333/1277 1311/1366/1311 1310/1367/1310
f 1312/1368/1312 1315/1369/1315 1311/1370/1311 1277/1333/1277 1279/1335/1279 1314/1371/1314 1313/1372/1313
f 1316/1373/1316 1314/1374/1314 1279/1335/1279 1281/1337/1281 1318/1375/1318 1317/1376/1317
f 1319/1377/1319 1321/1378/1321 1318/1375/1318 1281/1337/1281 1273/1339/1273 1305/1379/1305 1320/1380/1320
f 1328/1381/1328 1331/1382/1331 1330/1383/1330 1329/1384/1329
f 1329/1384/1329 1330/1383/1330 1333/1385/1333 1332/1386/1332
f 1332/1386/1332 1333/1385/1333 1335/1387/1335 1334/1388/1334
f 1334/1388/1334 1335/1387/1335 1337/1389/1337 1336/1390/1336
f 1336/1390/1336 1337/1389/1337 1331/1391/1331 1328/1392/1328
f 1331/1382/1331 1339/1393/1339 1338/1394/1338 1330/1383/1330
f 1330/1383/1330 1338/1394/1338 1340/1395/1340 1333/1385/1333
f 1333/1385/1333 1340/1395/1340 1341/1396/1341 1335/1387/1335
f 1335/1387/1335 1341/1396/1341 1342/1397/1342 1337/1389/1337
f 1337/1389/1337 1342/1397/1342 1339/1398/1339 1331/1391/1331
f 1339/1393/1339 1344/1399/1344 1343/1400/1343 1338/1394/1338
f 1338/1394/1338 1343/1400/1343 1345/1401/1345 1340/1395/1340
f 1340/1395/1340 1345/1401/1345 1346/1402/1346 1341/1396/1341
f 1341/1396/1341 1346/1402/1346 1347/1403/1347 1342/1397/1342
f 1342/1397/1342 1347/1403/1347 1344/1404/1344 1339/1398/1339
f 1344/1399/1344 1349/1146/1349 1348/1147/1348 1343/1400/1343
f 1343/1400/1343 1348/1147/1348 1350/1148/1350 1345/1401/1345
f 1345/1401/1345 1350/1148/1350 1351/1149/1351 1346/1402/1346
f 1346/1402/1346 1351/1149/1351 1352/1150/1352 1347/1403/1347
f 1347/1403/1347 1352/1150/1352 1349/1151/1349 1344/1404/1344
f 1353/1405/1353 1358/1406/1358 1357/1407/1357 1356/1408/1356 1355/1409/1355 1328/1381/1328 1329/1384/1329 1354/1410/1354
f 1359/1411/1359 1354/1412/1354 1329/1384/1329 1332/1386/1332
f 1360/1413/1360 1364/1414/1364 1363/1415/1363 1362/1416/1362 1361/1417/1361 1359/1418/1359 1332/1386/1332 1334/1388/1334
f 1365/1419/1365 1367/1420/1367 1360/1421/1360 1334/1388/1334 1336/1390/1336 1366/1422/1366
f 1368/1423/1368 1366/1424/1366 1336/1390/1336 1328/1425/1328 1355/1426/1355 1369/1427/1369
f 1376/1428/1376 1379/1429/1379 1378/1430/1378 1377/1431/1377
f 1377/1431/1377 1378/1430/1378 1381/1432/1381 1380/1433/1380
f 1380/1433/1380 1381/1432/1381 1383/1434/1383 1382/1435/1382
f 1382/1435/1382 1383/1434/1383 1385/1436/1385 1384/1437/1384
f 1384/1437/1384 1385/1436/1385 1379/1438/1379 1376/1439/1376
f 1379/1429/1379 1387/1440/1387 1386/1441/1386 1378/1430/1378
f 1378/1430/1378 1386/1441/1386 1388/1442/1388 1381/1432/1381
f 1381/1432/1381 1388/1442/1388 1389/1443/1389 1383/1434/1383
f 1383/1434/1383 1389/1443/1389 1390/1444/1390 1385/1436/1385
f 1385/1436/1385 1390/1444/1390 1387/1445/1387 1379/1438/1379
f 1387/1440/1387 1392/1446/1392 1391/1447/1391 1386/1441/1386
f 1386/1441/1386 1391/1447/1391 1393/1448/1393 1388/1442/1388
f 1388/1442/1388 1393/1448/1393 1394/1449/1394 1389/1443/1389
f 1389/1443/1389 1394/1449/1394 1395/1450/1395 1390/1444/1390
f 1390/1444/1390 1395/1450/1395 1392/1451/1392 1387/1445/1387
f 1392/1446/1392 1397/1452/1397 1396/1453/1396 1391/1447/1391
f 1391/1447/1391 1396/1453/1396 1398/1454/1398 1393/1448/1393
f 1393/1448/1393 1398/1454/1398 1399/1455/1399 1394/1449/1394
f 1394/1449/1394 1399/1455/1399 1400/1456/1400 1395/1450/1395
f 1395/1450/1395 1400/1456/1400 1397/1457/1397 1392/1451/1392
f 1377/1431/1377 1405/1458/1405 1404/1459/1404 1403/1460/1403 1402/1461/1402 1401/1462/1401 1376/1428/1376
f 1406/1463/1406 1408/1464/1408 1405/1465/1405 1377/1431/1377 1380/1433/1380 1407/1466/1407
f 1409/1467/1409 1410/1468/1410 1407/1469/1407 1380/1433/1380 1382/1435/1382
f 1384/1437/1384 1413/1470/1413 1412/1471/1412 1411/1472/1411 1409/1473/1409 1382/1435/1382
f 1414/1474/1414 1417/1475/1417 1413/1476/1413 1384/1437/1384 1376/1439/1376 1401/1477/1401 1416/1478/1416 1415/1479/1415
f 1424/1480/1424 1427/1481/1427 1426/1482/1426 1425/1483/1425
f 1425/1483/1425 1426/1482/1426 1429/1484/1429 1428/1485/1428
f 1428/1485/1428 1429/1484/1429 1431/1486/1431 1430/1487/1430
f 1430/1487/1430 1431/1486/1431 1433/1488/1433 1432/1489/1432
f 1432/1489/1432 1433/1488/1433 1427/1490/1427 1424/1491/1424
f 1427/1481/1427 1435/1492/1435 1434/1493/1434 1426/1482/1426
f 1426/1482/1426 1434/1493/1434 1436/1494/1436 1429/1484/1429
f 1429/1484/1429 1436/1494/1436 1437/1495/1437 1431/1486/1431
f 1431/1486/1431 1437/1495/1437 1438/1496/1438 1433/1488/1433
f 1433/1488/1433 1438/1496/1438 1435/1497/1435 1427/1490/1427
f 1435/1492/1435 1440/1498/1440 1439/1499/1439 1434/1493/1434
f 1434/1493/1434 1439/1499/1439 1441/1500/1441 1436/1494/1436
f 1436/1494/1436 1441/1500/1441 1442/1501/1442 1437/1495/1437
f 1437/1495/1437 1442/1501/1442 1443/1502/1443 1438/1496/1438
f 1438/1496/1438 1443/1502/1443 1440/1503/1440 1435/1497/1435
f 1440/1498/1440 1445/1504/1445 1444/1505/1444 1439/1499/1439
f 1439/1499/1439 1444/1505/1444 1446/1506/1446 1441/1500/1441
f 1441/1500/1441 1446/1506/1446 1447/1507/1447 1442/1501/1442
f 1442/1501/1442 1447/1507/1447 1448/1508/1448 1443/1502/1443
f 1443/1502/1443 1448/1508/1448 1445/1509/1445 1440/1503/1440
f 1445/1504/1445 1450/1510/1450 1449/1511/1449 1444/1505/1444
f 1444/1505/1444 1449/1511/1449 1451/1512/1451 1446/1506/1446
f 1446/1506/1446 1451/1512/1451 1452/1513/1452 1447/1507/1447
f 1447/1507/1447 1452/1513/1452 1453/1514/1453 1448/1508/1448
f 1448/1508/1448 1453/1514/1453 1450/1515/1450 1445/1509/1445
f 1425/1483/1425 1460/1516/1460 1459/1517/1459 1458/1518/1458 1457/1519/1457 1456/1520/1456 1455/1521/1455 1454/1522/1454 1424/1480/1424
f 1461/1523/1461 1468/1524/1468 1467/1525/1467 1460/1526/1460 1425/1483/1425 1428/1485/1428 1466/1527/1466 1465/1528/1465 1464/1529/1464 1463/1530/1463 1462/1531/1462
f 1469/1532/1469 1476/1533/1476 1475/1534/1475 1474/1535/1474 1473/1536/1473 1472/1537/1472 1471/1538/1471 1466/1539/1466 1428/1485/1428 1430/1487/1430 1470/1540/1470
f 1477/1541/1477 1480/1542/1480 1479/1543/1479 1478/1544/1478 1470/1545/1470 1430/1487/1430 1432/1489/1432
f 1481/1546/1481 1477/1547/1477 1432/1489/1432 1424/1491/1424 1454/1548/1454 1482/1549/1482
f 1494/1550/1494 1495/1551/1495 1489/1552/1489 1490/1553/1490
f 1496/1554/1496 1497/1555/1497 1494/1556/1494 1490/1553/1490 1491/1557/1491
f 1498/1558/1498 1499/1559/1499 1496/1560/1496 1491/1557/1491 1492/1561/1492
f 1500/1562/1500 1498/1563/1498 1492/1561/1492 1493/1564/1493
f 1489/1565/1489 1495/1566/1495 1500/1567/1500 1493/1564/1493
f 1507/1568/1507 1499/1569/1499 1496/1570/1496 1497/1571/1497 1510/1572/1510 1509/1573/1509 1508/1574/1508
f 1508/1574/1508 1509/1573/1509 1512/1575/1512 1511/1576/1511
f 1511/1576/1511 1512/1575/1512 1514/1577/1514 1513/1578/1513
f 1513/1578/1513 1514/1577/1514 1516/1579/1516 1515/1580/1515
f 1510/1581/1510 1497/1582/1497 1494/1583/1494 1495/1584/1495 1500/1585/1500 1498/1586/1498 1499/1587/1499 1507/1588/1507 1515/1580/1515 1516/1579/1516
f 1510/1572/1510 1518/1589/1518 1517/1590/1517 1509/1573/1509
f 1509/1573/1509 1517/1590/1517 1519/1591/1519 1512/1575/1512
f 1512/1575/1512 1519/1591/1519 1520/1592/1520 1514/1577/1514
f 1514/1577/1514 1520/1592/1520 1521/1593/1521 1516/1579/1516
f 1516/1579/1516 1521/1593/1521 1518/1594/1518 1510/1581/1510
f 1518/1589/1518 1523/1595/1523 1522/1596/1522 1517/1590/1517
f 1517/1590/1517 1522/1596/1522 1524/1597/1524 1519/1591/1519
f 1519/1591/1519 1524/1597/1524 1525/1598/1525 1520/1592/1520
f 1520/1592/1520 1525/1598/1525 1526/1599/1526 1521/1593/1521
f 1521/1593/1521 1526/1599/1526 1523/1600/1523 1518/1594/1518
f 1523/1595/1523 1528/1601/1528 1527/1602/1527 1522/1596/1522
f 1522/1596/1522 1527/1602/1527 1529/1603/1529 1524/1597/1524
f 1524/1597/1524 1529/1603/1529 1530/1604/1530 1525/1598/1525
f 1525/1598/1525 1530/1604/1530 1531/1605/1531 1526/1599/1526
f 1526/1599/1526 1531/1605/1531 1528/1606/1528 1523/1600/1523
f 1528/1601/1528 1533/1607/1533 1532/1608/1532 1527/1602/1527
f 1527/1602/1527 1532/1608/1532 1534/1609/1534 1529/1603/1529
f 1529/1603/1529 1534/1609/1534 1535/1610/1535 1530/1604/1530
f 1530/1604/1530 1535/1610/1535 1536/1611/1536 1531/1605/1531
f 1531/1605/1531 1536/1611/1536 1533/1612/1533 1528/1606/1528
f 1537/1613/1537 1541/1614/1541 1540/1615/1540 1539/1616/1539 1507/1568/1507 1508/1574/1508 1538/1617/1538
f 1542/1618/1542 1538/1619/1538 1508/1574/1508 1511/1576/1511
f 1543/1620/1543 1548/1621/1548 1547/1622/1547 1546/1623/1546 1542/1624/1542 1511/1576/1511 1513/1578/1513 1545/1625/1545 1544/1626/1544
f 1549/1627/1549 1552/1628/1552 1551/1629/1551 1545/1630/1545 1513/1578/1513 1515/1580/1515 1550/1631/1550
f 1553/1632/1553 1555/1633/1555 1550/1634/1550 1515/1580/1515 1507/1588/1507 1539/1635/1539 1554/1636/1554
f 1497/1571/1497 1496/1570/1496 1499/1569/1499
f 1495/1584/1495 1494/1583/1494 1497/1582/1497 1499/1587/1499 1498/1586/1498 1500/1585/1500
f 1556/1637/1556 1559/1638/1559 1558/1639/1558 1557/1640/1557
f 1557/1640/1557 1558/1639/1558 1561/1641/1561 1560/1642/1560
f 1560/1642/1560 1561/1641/1561 1563/1643/1563 1562/1644/1562
f 1562/1644/1562 1563/1643/1563 1565/1645/1565 1564/1646/1564
f 1564/1646/1564 1565/1645/1565 1559/1647/1559 1556/1648/1556
f 1559/1638/1559 1567/1649/1567 1566/1650/1566 1558/1639/1558
f 1558/1639/1558 1566/1650/1566 1568/1651/1568 1561/1641/1561
f 1561/1641/1561 1568/1651/1568 1569/1652/1569 1563/1643/1563
f 1563/1643/1563 1569/1652/1569 1570/1653/1570 1565/1645/1565
f 1565/1645/1565 1570/1653/1570 1567/1654/1567 1559/1647/1559
f 1567/1649/1567 1572/1655/1572 1571/1656/1571 1566/1650/1566
f 1566/1650/1566 1571/1656/1571 1573/1657/1573 1568/1651/1568
f 1568/1651/1568 1573/1657/1573 1574/1658/1574 1569/1652/1569
f 1569/1652/1569 1574/1658/1574 1575/1659/1575 1570/1653/1570
f 1570/1653/1570 1575/1659/1575 1572/1660/1572 1567/1654/1567
f 1576/1661/1576 1577/1662/1577 1556/1637/1556 1557/1640/1557
f 1578/1663/1578 1583/1664/1583 1582/1665/1582 1581/1666/1581 1580/1667/1580 1579/1668/1579 1576/1669/1576 1557/1640/1557 1560/1642/1560
f 1584/1670/1584 1586/1671/1586 1578/1672/1578 1560/1642/1560 1562/1644/1562 1585/1673/1585
f 1587/1674/1587 1590/1675/1590 1585/1676/1585 1562/1644/1562 1564/1646/1564 1589/1677/1589 1588/1678/1588
f 1591/1679/1591 1594/1680/1594 1589/1681/1589 1564/1646/1564 1556/1682/1556 1577/1683/1577 1593/1684/1593 1592/1685/1592
f 1572/1655/1572 1495/1551/1495 1494/1550/1494 1571/1656/1571
f 1571/1656/1571 1494/1556/1494 1497/1555/1497 1496/1554/1496 1573/1657/1573
f 1498/1558/1498 1574/1658/1574 1573/1657/1573 1496/1560/1496 1499/1559/1499
f 1500/1562/1500 1575/1659/1575 1574/1658/1574 1498/1563/1498
f 1572/1660/1572 1575/1659/1575 1500/1567/1500 1495/1566/1495
f 1601/1686/1601 1604/1687/1604 1603/1688/1603 1602/1689/1602
f 1602/1689/1602 1603/1688/1603 1606/1690/1606 1605/1691/1605
f 1605/1691/1605 1606/1690/1606 1608/1692/1608 1607/1693/1607
f 1607/1693/1607 1608/1692/1608 1610/1694/1610 1609/1695/1609
f 1609/1695/1609 1610/1694/1610 1604/1696/1604 1601/1697/1601
f 1604/1687/1604 1612/1698/1612 1611/1699/1611 1603/1688/1603
f 1603/1688/1603 1611/1699/1611 1613/1700/1613 1606/1690/1606
f 1606/1690/1606 1613/1700/1613 1614/1701/1614 1608/1692/1608
f 1608/1692/1608 1614/1701/1614 1615/1702/1615 1610/1694/1610
f 1610/1694/1610 1615/1702/1615 1612/1703/1612 1604/1696/1604
f 1612/1698/1612 1617/1704/1617 1616/1705/1616 1611/1699/1611
f 1611/1699/1611 1616/1705/1616 1618/1706/1618 1613/1700/1613
f 1613/1700/1613 1618/1706/1618 1619/1707/1619 1614/1701/1614
f 1614/1701/1614 1619/1707/1619 1620/1708/1620 1615/1702/1615
f 1615/1702/1615 1620/1708/1620 1617/1709/1617 1612/1703/1612
f 1617/1704/1617 1622/1710/1622 1621/1711/1621 1616/1705/1616
f 1616/1705/1616 1621/1711/1621 1623/1712/1623 1618/1706/1618
f 1618/1706/1618 1623/1712/1623 1624/1713/1624 1619/1707/1619
f 1619/1707/1619 1624/1713/1624 1625/1714/1625 1620/1708/1620
f 1620/1708/1620 1625/1714/1625 1622/1715/1622 1617/1709/1617
f 1602/1689/1602 1631/1716/1631 1630/1717/1630 1629/1718/1629 1628/1719/1628 1627/1720/1627 1626/1721/1626 1601/1686/1601
f 1632/1722/1632 1633/1723/1633 1631/1724/1631 1602/1689/1602 1605/1691/1605
f 1634/1725/1634 1638/1726/1638 1637/1727/1637 1636/1728/1636 1632/1722/1632 1605/1691/1605 1607/1693/1607 1635/1729/1635
f 1639/1730/1639 1642/1731/1642 1641/1732/1641 1635/1733/1635 1607/1693/1607 1609/1695/1609 1640/1734/1640
f 1601/1697/1601 1626/1735/1626 1644/1736/1644 1643/1737/1643 1640/1738/1640 1609/1695/1609
f 1651/1739/1651 1654/1740/1654 1653/1741/1653 1652/1742/1652
f 1652/1742/1652 1653/1741/1653 1656/1743/1656 1655/1744/1655
f 1655/1744/1655 1656/1743/1656 1658/1745/1658 1657/1746/1657
f 1657/1746/1657 1658/1745/1658 1660/1747/1660 1659/1748/1659
f 1659/1748/1659 1660/1747/1660 1654/1749/1654 1651/1750/1651
f 1654/1740/1654 1662/1751/1662 1661/1752/1661 1653/1741/1653
f 1653/1741/1653 1661/1752/1661 1663/1753/1663 1656/1743/1656
f 1656/1743/1656 1663/1753/1663 1664/1754/1664 1658/1745/1658
f 1658/1745/1658 1664/1754/1664 1665/1755/1665 1660/1747/1660
f 1660/1747/1660 1665/1755/1665 1662/1756/1662 1654/1749/1654
f 1662/1751/1662 1667/1757/1667 1666/1758/1666 1661/1752/1661
f 1661/1752/1661 1666/1758/1666 1668/1759/1668 1663/1753/1663
f 1663/1753/1663 1668/1759/1668 1669/1760/1669 1664/1754/1664
f 1664/1754/1664 1669/1760/1669 1670/1761/1670 1665/1755/1665
f 1665/1755/1665 1670/1761/1670 1667/1762/1667 1662/1756/1662
f 1667/1757/1667 1672/1607/1672 1671/1608/1671 1666/1758/1666
f 1666/1758/1666 1671/1608/1671 1673/1609/1673 1668/1759/1668
f 1668/1759/1668 1673/1609/1673 1674/1610/1674 1669/1760/1669
f 1669/1760/1669 1674/1610/1674 1675/1611/1675 1670/1761/1670
f 1670/1761/1670 1675/1611/1675 1672/1612/1672 1667/1762/1667
f 1652/1742/1652 1677/1763/1677 1676/1764/1676 1651/1739/1651
f 1655/1744/1655 1679/1765/1679 1678/1766/1678 1677/1767/1677 1652/1742/1652
f 1680/1768/1680 1682/1769/1682 1679/1770/1679 1655/1744/1655 1657/1746/1657 1681/1771/1681
f 1683/1772/1683 1686/1773/1686 1685/1774/1685 1681/1775/1681 1657/1746/1657 1659/1748/1659 1684/1776/1684
f 1687/1777/1687 1690/1778/1690 1689/1779/1689 1688/1780/1688 1684/1781/1684 1659/1748/1659 1651/1782/1651 1676/1783/1676
f 1697/1784/1697 1700/1785/1700 1699/1786/1699 1698/1787/1698
f 1698/1787/1698 1699/1786/1699 1702/1788/1702 1701/1789/1701
f 1701/1789/1701 1702/1788/1702 1704/1790/1704 1703/1791/1703
f 1703/1791/1703 1704/1790/1704 1706/1792/1706 1705/1793/1705
f 1705/1793/1705 1706/1792/1706 1700/1794/1700 1697/1795/1697
f 1700/1785/1700 1708/1710/1708 1707/1711/1707 1699/1786/1699
f 1699/1786/1699 1707/1711/1707 1709/1712/1709 1702/1788/1702
f 1702/1788/1702 1709/1712/1709 1710/1713/1710 1704/1790/1704
f 1704/1790/1704 1710/1713/1710 1711/1714/1711 1706/1792/1706
f 1706/1792/1706 1711/1714/1711 1708/1715/1708 1700/1794/1700
f 1712/1796/1712 1714/1797/1714 1697/1784/1697 1698/1787/1698 1713/1798/1713
f 1715/1799/1715 1721/1800/1721 1720/1801/1720 1719/1802/1719 1718/1803/1718 1717/1804/1717 1716/1805/1716 1713/1798/1713 1698/1787/1698 1701/1789/1701
f 1703/1791/1703 1731/1806/1731 1730/1807/1730 1729/1808/1729 1728/1809/1728 1727/1810/1727 1726/1811/1726 1725/1812/1725 1724/1813/1724 1723/1814/1723 1722/1815/1722 1715/1816/1715 1701/1789/1701
f 1705/1793/1705 1734/1817/1734 1733/1818/1733 1732/1819/1732 1731/1820/1731 1703/1791/1703
f 1697/1795/1697 1714/1821/1714 1738/1822/1738 1737/1823/1737 1736/1824/1736 1735/1825/1735 1734/1826/1734 1705/1793/1705
f 1745/1827/1745 1752/1828/1752 1751/1829/1751 1750/1830/1750 1749/1831/1749 1748/1832/1748 1747/1/1747 1746/1833/1746
f 1753/1834/1753 1754/1835/1754 1746/1836/1746 1747/20/1747
f 1746/1833/1746 1756/1837/1756 1755/1838/1755 1745/1827/1745
f 1745/1827/1745 1755/1838/1755 1758/1839/1758 1757/1840/1757
f 1757/1840/1757 1758/1839/1758 1760/1841/1760 1759/1842/1759
f 1759/1842/1759 1760/1841/1760 1761/1843/1761 1754/1835/1754
f 1754/1835/1754 1761/1843/1761 1756/1844/1756 1746/1836/1746
f 1756/1837/1756 1763/1845/1763 1762/1846/1762 1755/1838/1755
f 1755/1838/1755 1762/1846/1762 1764/1847/1764 1758/1839/1758
f 1758/1839/1758 1764/1847/1764 1765/1848/1765 1760/1841/1760
f 1760/1841/1760 1765/1848/1765 1766/1849/1766 1761/1843/1761
f 1761/1843/1761 1766/1849/1766 1763/1850/1763 1756/1844/1756
f 1763/1845/1763 1768/483/1768 1767/1851/1767 1762/1846/1762
f 1762/1846/1762 1767/1851/1767 1769/1852/1769 1764/1847/1764
f 1764/1847/1764 1769/1852/1769 1770/1853/1770 1765/1848/1765
f 1765/1848/1765 1770/1853/1770 1771/1854/1771 1766/1849/1766
f 1766/1849/1766 1771/1854/1771 1768/492/1768 1763/1850/1763
f 1757/1840/1757 1773/1855/1773 1772/1856/1772 1752/1857/1752 1745/1827/1745
f 1774/1858/1774 1773/1859/1773 1757/1840/1757 1759/1842/1759 1779/1860/1779 1778/1861/1778 1777/1862/1777 1776/1863/1776 1775/1864/1775
f 1780/1865/1780 1783/1866/1783 1782/1867/1782 1779/1868/1779 1759/1842/1759 1754/1835/1754 1753/1834/1753 1781/1869/1781
f 1790/1870/1790 1793/1871/1793 1792/1872/1792 1791/1873/1791
f 1791/1873/1791 1792/1872/1792 1795/1874/1795 1794/1875/1794
f 1794/1875/1794 1795/1874/1795 1797/1876/1797 1796/1877/1796
f 1796/1877/1796 1797/1876/1797 1799/1878/1799 1798/1879/1798
f 1798/1879/1798 1799/1878/1799 1793/1880/1793 1790/1881/1790
f 1793/1871/1793 1801/1882/1801 1800/1883/1800 1792/1872/1792
f 1792/1872/1792 1800/1883/1800 1802/1884/1802 1795/1874/1795
f 1795/1874/1795 1802/1884/1802 1803/1885/1803 1797/1876/1797
f 1797/1876/1797 1803/1885/1803 1804/1886/1804 1799/1878/1799
f 1799/1878/1799 1804/1886/1804 1801/1887/1801 1793/1880/1793
f 1791/1873/1791 1806/1888/1806 1805/1889/1805 1790/1870/1790
f 1807/1890/1807 1811/1891/1811 1810/1892/1810 1809/1893/1809 1806/1894/1806 1791/1873/1791 1794/1875/1794 1808/1895/1808
f 1812/1896/1812 1814/1897/1814 1808/1895/1808 1794/1875/1794 1796/1877/1796 1813/1898/1813
f 1815/1899/1815 1819/1900/1819 1813/1901/1813 1796/1877/1796 1798/1879/1798 1818/1902/1818 1817/1903/1817 1816/1904/1816
f 1790/1881/1790 1805/1905/1805 1821/1906/1821 1820/1907/1820 1818/1902/1818 1798/1879/1798
f 1828/1908/1828 1831/1909/1831 1830/1910/1830 1829/1911/1829
f 1829/1911/1829 1830/1910/1830 1833/1912/1833 1832/1913/1832
f 1832/1913/1832 1833/1912/1833 1835/1914/1835 1834/1915/1834
f 1834/1915/1834 1835/1914/1835 1837/1916/1837 1836/1917/1836
f 1836/1917/1836 1837/1916/1837 1831/1918/1831 1828/1919/1828
f 1831/1909/1831 1839/1452/1839 1838/1453/1838 1830/1910/1830
f 1830/1910/1830 1838/1453/1838 1840/1454/1840 1833/1912/1833
f 1833/1912/1833 1840/1454/1840 1841/1455/1841 1835/1914/1835
f 1835/1914/1835 1841/1455/1841 1842/1456/1842 1837/1916/1837
f 1837/1916/1837 1842/1456/1842 1839/1457/1839 1831/1918/1831
f 1843/1920/1843 1845/1921/1845 1844/1922/1844 1828/1908/1828 1829/1911/1829
f 1846/1923/1846 1843/1924/1843 1829/1911/1829 1832/1913/1832 1852/1925/1852 1851/1926/1851 1850/1927/1850 1849/1928/1849 1848/1929/1848 1847/1930/1847
f 1853/1931/1853 1861/1932/1861 1852/1933/1852 1832/1913/1832 1834/1915/1834 1860/1934/1860 1859/1935/1859 1858/1936/1858 1857/1937/1857 1856/1938/1856 1855/1939/1855 1854/1940/1854
f 1836/1917/1836 1865/1941/1865 1864/1942/1864 1863/1943/1863 1862/1944/1862 1860/1945/1860 1834/1915/1834
f 1866/1946/1866 1865/1947/1865 1836/1917/1836 1828/1919/1828 1844/1948/1844 1868/1949/1868 1867/1950/1867
f 1875/1951/1875 1878/1952/1878 1877/1953/1877 1876/1954/1876
f 1876/1954/1876 1877/1953/1877 1880/1955/1880 1879/1956/1879
f 1879/1956/1879 1880/1955/1880 1882/1957/1882 1881/1958/1881
f 1881/1958/1881 1882/1957/1882 1884/1959/1884 1883/1960/1883
f 1883/1960/1883 1884/1959/1884 1878/1961/1878 1875/1962/1875
f 1878/1952/1878 1886/1963/1886 1885/1964/1885 1877/1953/1877
f 1877/1953/1877 1885/1964/1885 1887/1965/1887 1880/1955/1880
f 1880/1955/1880 1887/1965/1887 1888/1966/1888 1882/1957/1882
f 1882/1957/1882 1888/1966/1888 1889/1967/1889 1884/1959/1884
f 1884/1959/1884 1889/1967/1889 1886/1968/1886 1878/1961/1878
f 1886/1963/1886 1891/1969/1891 1890/1970/1890 1885/1964/1885
f 1885/1964/1885 1890/1970/1890 1892/1971/1892 1887/1965/1887
f 1887/1965/1887 1892/1971/1892 1893/1972/1893 1888/1966/1888
f 1888/1966/1888 1893/1972/1893 1894/1973/1894 1889/1967/1889
f 1889/1967/1889 1894/1973/1894 1891/1974/1891 1886/1968/1886
f 1891/1969/1891 1896/1094/1896 1895/1095/1895 1890/1970/1890
f 1890/1970/1890 1895/1095/1895 1897/1096/1897 1892/1971/1892
f 1892/1971/1892 1897/1096/1897 1898/1097/1898 1893/1972/1893
f 1893/1972/1893 1898/1097/1898 1899/1098/1899 1894/1973/1894
f 1894/1973/1894 1899/1098/1899 1896/1099/1896 1891/1974/1891
f 1876/1954/1876 1905/1975/1905 1904/1976/1904 1903/1977/1903 1902/1978/1902 1901/1979/1901 1900/1980/1900 1875/1951/1875
f 1906/1981/1906 1909/1982/1909 1905/1983/1905 1876/1954/1876 1879/1956/1879 1908/1984/1908 1907/1985/1907
f 1910/1986/1910 1912/1987/1912 1908/1988/1908 1879/1956/1879 1881/1958/1881 1911/1989/1911
f 1913/1990/1913 1916/1991/1916 1911/1992/1911 1881/1958/1881 1883/1960/1883 1915/1993/1915 1914/1994/1914
f 1875/1962/1875 1900/1995/1900 1918/1996/1918 1917/1997/1917 1915/1998/1915 1883/1960/1883
f 1925/1999/1925 1928/2000/1928 1927/2001/1927 1926/2002/1926
f 1926/2002/1926 1927/2001/1927 1930/2003/1930 1929/2004/1929
f 1929/2004/1929 1930/2003/1930 1932/2005/1932 1931/2006/1931
f 1931/2006/1931 1932/2005/1932 1934/2007/1934 1933/2008/1933
f 1933/2008/1933 1934/2007/1934 1928/2009/1928 1925/2010/1925
f 1928/2000/1928 1936/2011/1936 1935/2012/1935 1927/2001/1927
f 1927/2001/1927 1935/2012/1935 1937/2013/1937 1930/2003/1930
f 1930/2003/1930 1937/2013/1937 1938/2014/1938 1932/2005/1932
f 1932/2005/1932 1938/2014/1938 1939/2015/1939 1934/2007/1934
f 1934/2007/1934 1939/2015/1939 1936/2016/1936 1928/2009/1928
f 1936/2011/1936 1941/2017/1941 1940/2018/1940 1935/2012/1935
f 1935/2012/1935 1940/2018/1940 1942/2019/1942 1937/2013/1937
f 1937/2013/1937 1942/2019/1942 1943/2020/1943 1938/2014/1938
f 1938/2014/1938 1943/2020/1943 1944/2021/1944 1939/2015/1939
f 1939/2015/1939 1944/2021/1944 1941/2022/1941 1936/2016/1936
f 1941/2017/1941 1946/2023/1946 1945/2024/1945 1940/2018/1940
f 1940/2018/1940 1945/2024/1945 1947/2025/1947 1942/2019/1942
f 1942/2019/1942 1947/2025/1947 1948/2026/1948 1943/2020/1943
f 1943/2020/1943 1948/2026/1948 1949/2027/1949 1944/2021/1944
f 1944/2021/1944 1949/2027/1949 1946/2028/1946 1941/2022/1941
f 1946/2023/1946 1951/1250/1951 1950/1251/1950 1945/2024/1945
f 1945/2024/1945 1950/1251/1950 1952/1252/1952 1947/2025/1947
f 1947/2025/1947 1952/1252/1952 1953/1253/1953 1948/2026/1948
f 1948/2026/1948 1953/1253/1953 1954/1254/1954 1949/2027/1949
f 1949/2027/1949 1954/1254/1954 1951/1255/1951 1946/2028/1946
f 1955/2029/1955 1957/2030/1957 1925/1999/1925 1926/2002/1926 1956/2031/1956
f 1929/2004/1929 1962/2032/1962 1961/2033/1961 1960/2034/1960 1959/2035/1959 1958/2036/1958 1956/2037/1956 1926/2002/1926
f 1963/2038/1963 1962/2039/1962 1929/2004/1929 1931/2006/1931 1966/2040/1966 1965/2041/1965 1964/2042/1964
f 1967/2043/1967 1966/2044/1966 1931/2006/1931 1933/2008/1933 1968/2045/1968
f 1969/2046/1969 1971/2047/1971 1968/2048/1968 1933/2008/1933 1925/2010/1925 1957/2049/1957 1970/2050/1970
f 1978/2051/1978 1986/2052/1986 1985/2053/1985 1984/2054/1984 1983/2055/1983 1982/2056/1982 1981/2057/1981 1980/1/1980 1979/2058/1979
f 1979/2058/1979 1988/2059/1988 1987/2060/1987 1978/2051/1978
f 1978/2051/1978 1987/2060/1987 1990/2061/1990 1989/2062/1989
f 1989/2062/1989 1990/2061/1990 1992/2063/1992 1991/2064/1991
f 1991/2064/1991 1992/2063/1992 1994/2065/1994 1993/2066/1993
f 1993/2066/1993 1994/2065/1994 1988/2067/1988 1979/2068/1979
f 1988/2059/1988 1996/2069/1996 1995/2070/1995 1987/2060/1987
f 1987/2060/1987 1995/2070/1995 1997/2071/1997 1990/2061/1990
f 1990/2061/1990 1997/2071/1997 1998/2072/1998 1992/2063/1992
f 1992/2063/1992 1998/2072/1998 1999/2073/1999 1994/2065/1994
f 1994/2065/1994 1999/2073/1999 1996/2074/1996 1988/2067/1988
f 1996/2069/1996 2001/1882/2001 2000/1883/2000 1995/2070/1995
f 1995/2070/1995 2000/1883/2000 2002/1884/2002 1997/2071/1997
f 1997/2071/1997 2002/1884/2002 2003/1885/2003 1998/2072/1998
f 1998/2072/1998 2003/1885/2003 2004/1886/2004 1999/2073/1999
f 1999/2073/1999 2004/1886/2004 2001/1887/2001 1996/2074/1996
f 2005/2075/2005 1986/2052/1986 1978/2051/1978 1989/2062/1989 2007/2076/2007 2006/2077/2006
f 2008/2078/2008 2007/2079/2007 1989/2062/1989 1991/2064/1991 2009/2080/2009
f 2010/2081/2010 2009/2080/2009 1991/2064/1991 1993/2066/1993 2014/2082/2014 2013/2083/2013 2012/2084/2012 2011/2085/2011
f 2015/2086/2015 2014/2087/2014 1993/2066/1993 1979/2088/1979 1980/20/1980 2016/2089/2016
f 2023/2090/2023 2026/2091/2026 2025/2092/2025 2024/2093/2024
f 2024/2093/2024 2025/2092/2025 2028/2094/2028 2027/2095/2027
f 2027/2095/2027 2028/2094/2028 2030/2096/2030 2029/2097/2029
f 2029/2097/2029 2030/2096/2030 2032/2098/2032 2031/2099/2031
f 2031/2099/2031 2032/2098/2032 2026/2100/2026 2023/2101/2023
f 2026/2091/2026 2034/381/2034 2033/2102/2033 2025/2092/2025
f 2025/2092/2025 2033/2102/2033 2035/2103/2035 2028/2094/2028
f 2028/2094/2028 2035/2103/2035 2036/2104/2036 2030/2096/2030
f 2030/2096/2030 2036/2104/2036 2037/2105/2037 2032/2098/2032
f 2032/2098/2032 2037/2105/2037 2034/390/2034 2026/2100/2026
f 2038/2106/2038 2042/2107/2042 2023/2090/2023 2024/2093/2024 2041/1282/2041 2040/2108/2040 2039/2109/2039
f 2043/2110/2043 2041/1282/2041 2024/2093/2024 2027/2095/2027 2050/2111/2050 2049/2112/2049 2048/2113/2048 2047/2114/2047 2046/2115/2046 2045/2116/2045 2044/2117/2044
f 2051/2118/2051 2050/2119/2050 2027/2095/2027 2029/2097/2029 2052/2120/2052
f 2053/2121/2053 2055/2122/2055 2052/2123/2052 2029/2097/2029 2031/2099/2031 2054/2124/2054
f 2023/2101/2023 2042/2125/2042 2057/2126/2057 2056/2127/2056 2054/2124/2054 2031/2099/2031
f 2064/2128/2064 2067/2129/2067 2066/2130/2066 2065/2131/2065
f 2065/2131/2065 2066/2130/2066 2069/2132/2069 2068/2133/2068
f 2068/2133/2068 2069/2132/2069 2071/2134/2071 2070/2135/2070
f 2070/2135/2070 2071/2134/2071 2073/2136/2073 2072/2137/2072
f 2072/2137/2072 2073/2136/2073 2067/2138/2067 2064/2139/2064
f 2067/2129/2067 2075/2140/2075 2074/2141/2074 2066/2130/2066
f 2066/2130/2066 2074/2141/2074 2076/2142/2076 2069/2132/2069
f 2069/2132/2069 2076/2142/2076 2077/2143/2077 2071/2134/2071
f 2071/2134/2071 2077/2143/2077 2078/2144/2078 2073/2136/2073
f 2073/2136/2073 2078/2144/2078 2075/2145/2075 2067/2138/2067
f 2075/2140/2075 2080/483/2080 2079/1851/2079 2074/2141/2074
f 2074/2141/2074 2079/1851/2079 2081/1852/2081 2076/2142/2076
f 2076/2142/2076 2081/1852/2081 2082/1853/2082 2077/2143/2077
f 2077/2143/2077 2082/1853/2082 2083/1854/2083 2078/2144/2078
f 2078/2144/2078 2083/1854/2083 2080/492/2080 2075/2145/2075
f 2084/2146/2084 2088/2147/2088 2087/2148/2087 2086/2149/2086 2064/2128/2064 2065/2131/2065 2085/2150/2085
f 2089/2151/2089 2090/2152/2090 2085/2153/2085 2065/2131/2065 2068/2133/2068
f 2070/2135/2070 2095/2154/2095 2094/2155/2094 2093/2156/2093 2092/2157/2092 2091/2158/2091 2089/2159/2089 2068/2133/2068
f 2072/2137/2072 2097/2160/2097 2096/2161/2096 2095/2162/2095 2070/2135/2070
f 2098/2163/2098 2100/2164/2100 2097/2165/2097 2072/2137/2072 2064/2166/2064 2086/2167/2086 2099/2168/2099
f 2107/2169/2107 2110/2170/2110 2109/2171/2109 2108/2172/2108
f 2108/2172/2108 2109/2171/2109 2112/2173/2112 2111/2174/2111
f 2111/2174/2111 2112/2173/2112 2114/2175/2114 2113/2176/2113
f 2113/2176/2113 2114/2175/2114 2116/2177/2116 2115/2178/2115
f 2115/2178/2115 2116/2177/2116 2110/2179/2110 2107/2180/2107
f 2110/2170/2110 2118/483/2118 2117/1851/2117 2109/2171/2109
f 2109/2171/2109 2117/1851/2117 2119/1852/2119 2112/2173/2112
f 2112/2173/2112 2119/1852/2119 2120/1853/2120 2114/2175/2114
f 2114/2175/2114 2120/1853/2120 2121/1854/2121 2116/2177/2116
f 2116/2177/2116 2121/1854/2121 2118/492/2118 2110/2179/2110
f 2122/2181/2122 2127/2182/2127 2126/2183/2126 2125/2184/2125 2107/2169/2107 2108/2172/2108 2124/2185/2124 2123/2186/2123
f 2111/2174/2111 2131/2187/2131 2130/2188/2130 2129/2189/2129 2128/2190/2128 2124/2191/2124 2108/2172/2108
f 2113/2176/2113 2135/2192/2135 2134/2193/2134 2133/2194/2133 2132/2195/2132 2131/2196/2131 2111/2174/2111
f 2136/2197/2136 2139/2198/2139 2135/2199/2135 2113/2176/2113 2115/2178/2115 2138/2200/2138 2137/2201/2137
f 2140/2202/2140 2138/2203/2138 2115/2178/2115 2107/2180/2107 2125/2204/2125
f 2147/2205/2147 2162/2206/2162 2161/2207/2161 2160/2208/2160 2159/2209/2159 2158/2210/2158 2157/2211/2157 2156/2212/2156 2155/2213/2155 2154/2214/2154 2153/2215/2153 2152/2216/2152 2151/2217/2151 2150/2218/2150 2149/2219/2149 2148/2220/2148
f 2147/2221/2147 2165/89/2165 2164/2222/2164 2163/2223/2163
f 2166/2224/2166 2169/2225/2169 2168/2226/2168 2167/2227/2167 2163/2223/2163 2164/2222/2164
f 2170/2228/2170 2172/2229/2172 2171/2230/2171 2148/2220/2148
f 2148/2220/2148 2171/2230/2171 2165/98/2165 2147/2205/2147
f 2173/2231/2173 2178/2232/2178 2158/2233/2158 2159/2234/2159 2177/2235/2177 2176/2236/2176 2175/2237/2175 2174/2238/2174
f 2179/2239/2179 2184/2240/2184 2183/2241/2183 2182/2242/2182 2181/2243/2181 2180/2244/2180 2162/2245/2162 2147/2221/2147 2163/2223/2163
f 2185/2246/2185 2179/2247/2179 2163/2223/2163 2167/2248/2167
f 2186/2249/2186 2203/2250/2203 2202/2251/2202 2201/2252/2201 2200/2253/2200 2199/2254/2199 2198/2255/2198 2197/2256/2197 2196/2257/2196 2195/2258/2195 2194/2259/2194 2193/2260/2193 2192/2261/2192 2191/2262/2191 2190/2263/2190 2189/2264/2189 2170/2228/2170 2188/2265/2188 2187/2266/2187
f 2204/2267/2204 2210/2268/2210 2209/2269/2209 2188/2270/2188 2170/2228/2170 2148/2220/2148 2149/1834/2149 2208/2271/2208 2207/2272/2207 2206/2273/2206 2205/2274/2205
f 2211/2275/2211 2169/2276/2169 2166/2224/2166 2172/2229/2172 2170/2228/2170 2189/2277/2189
f 2218/2278/2218 2227/2279/2227 2226/2280/2226 2225/2281/2225 2224/2282/2224 2223/2283/2223 2222/2284/2222 2221/2285/2221 2220/1282/2220 2219/2286/2219
f 2228/2287/2228 2230/381/2230 2229/2102/2229 2219/2286/2219
f 2219/2286/2219 2229/2102/2229 2231/2103/2231 2218/2278/2218
f 2218/2278/2218 2231/2103/2231 2233/2104/2233 2232/2288/2232
f 2232/2288/2232 2233/2104/2233 2235/2105/2235 2234/2289/2234
f 2234/2289/2234 2235/2105/2235 2230/390/2230 2228/2290/2228
f 2236/2291/2236 2241/2292/2241 2228/2287/2228 2219/2286/2219 2220/1282/2220 2240/2293/2240 2239/2294/2239 2238/2295/2238 2237/2296/2237
f 2242/2297/2242 2248/2298/2248 2247/2299/2247 2227/2279/2227 2218/2278/2218 2232/2288/2232 2246/2300/2246 2245/2301/2245 2244/2302/2244 2243/2303/2243
f 2234/2289/2234 2250/2304/2250 2249/2305/2249 2246/2306/2246 2232/2288/2232
f 2251/2307/2251 2254/2308/2254 2253/2309/2253 2252/2310/2252 2250/2311/2250 2234/2289/2234 2228/2290/2228 2241/2312/2241
f 2261/2313/2261 2271/2314/2271 2270/2315/2270 2269/2316/2269 2268/2317/2268 2267/2318/2267 2266/2319/2266 2265/2320/2265 2264/2321/2264 2263/2322/2263 2262/2323/2262
f 2272/2324/2272 2275/2325/2275 2274/2326/2274 2273/2327/2273
f 2273/2327/2273 2274/2326/2274 2276/2328/2276 2262/2323/2262
f 2262/2323/2262 2276/2328/2276 2277/2329/2277 2261/2313/2261
f 2261/2313/2261 2277/2329/2277 2279/2330/2279 2278/2331/2278
f 2278/2331/2278 2279/2330/2279 2275/2332/2275 2272/2333/2272
f 2275/2325/2275 2281/2334/2281 2280/2335/2280 2274/2326/2274
f 2274/2326/2274 2280/2335/2280 2282/2336/2282 2276/2328/2276
f 2276/2328/2276 2282/2336/2282 2283/2337/2283 2277/2329/2277
f 2277/2329/2277 2283/2337/2283 2284/2338/2284 2279/2330/2279
f 2279/2330/2279 2284/2338/2284 2281/2339/2281 2275/2332/2275
f 2281/2334/2281 2286/189/2286 2285/2340/2285 2280/2335/2280
f 2280/2335/2280 2285/2340/2285 2287/2341/2287 2282/2336/2282
f 2282/2336/2282 2287/2341/2287 2288/2342/2288 2283/2337/2283
f 2283/2337/2283 2288/2342/2288 2289/2343/2289 2284/2338/2284
f 2284/2338/2284 2289/2343/2289 2286/198/2286 2281/2339/2281
f 2290/2344/2290 2294/2345/2294 2293/2346/2293 2272/2324/2272 2273/2327/2273 2292/2347/2292 2291/2348/2291
f 2263/2322/2263 2298/2349/2298 2297/2350/2297 2296/2351/2296 2295/2352/2295 2292/2347/2292 2273/2327/2273 2262/2323/2262
f 2299/2353/2299 2304/2354/2304 2303/2355/2303 2302/2356/2302 2271/2357/2271 2261/2313/2261 2278/2331/2278 2301/2358/2301 2300/2359/2300
f 2293/2360/2293 2308/2361/2308 2307/2362/2307 2306/2363/2306 2305/2364/2305 2301/2358/2301 2278/2331/2278 2272/2333/2272
f 2315/2365/2315 2319/2366/2319 2318/2367/2318 2317/1282/2317 2316/2368/2316
f 2320/2369/2320 2322/2370/2322 2321/2371/2321 2316/2368/2316
f 2316/2368/2316 2321/2371/2321 2323/2372/2323 2315/2365/2315
f 2315/2365/2315 2323/2372/2323 2325/2373/2325 2324/2374/2324
f 2324/2374/2324 2325/2373/2325 2327/2375/2327 2326/2376/2326
f 2326/2376/2326 2327/2375/2327 2322/2377/2322 2320/2378/2320
f 2322/2370/2322 2329/2379/2329 2328/2380/2328 2321/2371/2321
f 2321/2371/2321 2328/2380/2328 2330/2381/2330 2323/2372/2323
f 2323/2372/2323 2330/2381/2330 2331/2382/2331 2325/2373/2325
f 2325/2373/2325 2331/2382/2331 2332/2383/2332 2327/2375/2327
f 2327/2375/2327 2332/2383/2332 2329/2384/2329 2322/2377/2322
f 2329/2379/2329 2334/2385/2334 2333/2386/2333 2328/2380/2328
f 2328/2380/2328 2333/2386/2333 2335/2387/2335 2330/2381/2330
f 2330/2381/2330 2335/2387/2335 2336/2388/2336 2331/2382/2331
f 2331/2382/2331 2336/2388/2336 2337/2389/2337 2332/2383/2332
f 2332/2383/2332 2337/2389/2337 2334/2390/2334 2329/2384/2329
f 2334/2385/2334 2339/2391/2339 2338/2392/2338 2333/2386/2333
f 2333/2386/2333 2338/2392/2338 2340/2393/2340 2335/2387/2335
f 2335/2387/2335 2340/2393/2340 2341/2394/2341 2336/2388/2336
f 2336/2388/2336 2341/2394/2341 2342/2395/2342 2337/2389/2337
f 2337/2389/2337 2342/2395/2342 2339/2396/2339 2334/2390/2334
f 2316/2368/2316 2317/1282/2317 2348/2397/2348 2347/2398/2347 2346/2399/2346 2345/2400/2345 2344/2401/2344 2343/2402/2343 2320/2369/2320
f 2349/2403/2349 2353/2404/2353 2352/2405/2352 2319/2406/2319 2315/2365/2315 2324/2374/2324 2351/2407/2351 2350/2408/2350
f 2326/2376/2326 2356/2409/2356 2355/2410/2355 2354/2411/2354 2351/2412/2351 2324/2374/2324
f 2320/2378/2320 2343/2413/2343 2358/2414/2358 2357/2415/2357 2356/2416/2356 2326/2376/2326
f 2365/2417/2365 2373/2418/2373 2372/2419/2372 2371/2420/2371 2370/2421/2370 2369/2422/2369 2368/2423/2368 2367/2424/2367 2366/2425/2366
f 2374/2426/2374 2376/2427/2376 2375/2428/2375 2366/2425/2366
f 2366/2425/2366 2375/2428/2375 2377/2429/2377 2365/2417/2365
f 2365/2417/2365 2377/2429/2377 2379/2430/2379 2378/2431/2378
f 2378/2431/2378 2379/2430/2379 2381/2432/2381 2380/2433/2380
f 2380/2433/2380 2381/2432/2381 2376/2434/2376 2374/2435/2374
f 2376/2427/2376 2383/2436/2383 2382/2437/2382 2375/2428/2375
f 2375/2428/2375 2382/2437/2382 2384/2438/2384 2377/2429/2377
f 2377/2429/2377 2384/2438/2384 2385/2439/2385 2379/2430/2379
f 2379/2430/2379 2385/2439/2385 2386/2440/2386 2381/2432/2381
f 2381/2432/2381 2386/2440/2386 2383/2441/2383 2376/2434/2376
f 2383/2436/2383 2388/2442/2388 2387/2443/2387 2382/2437/2382
f 2382/2437/2382 2387/2443/2387 2389/2444/2389 2384/2438/2384
f 2384/2438/2384 2389/2444/2389 2390/2445/2390 2385/2439/2385
f 2385/2439/2385 2390/2445/2390 2391/2446/2391 2386/2440/2386
f 2386/2440/2386 2391/2446/2391 2388/2447/2388 2383/2441/2383
f 2388/2442/2388 2393/1310/2393 2392/1311/2392 2387/2443/2387
f 2387/2443/2387 2392/1311/2392 2394/1312/2394 2389/2444/2389
f 2389/2444/2389 2394/1312/2394 2395/1313/2395 2390/2445/2390
f 2390/2445/2390 2395/1313/2395 2396/1314/2396 2391/2446/2391
f 2391/2446/2391 2396/1314/2396 2393/1315/2393 2388/2447/2388
f 2397/2448/2397 2402/2449/2402 2401/2450/2401 2400/2451/2400 2374/2426/2374 2366/2425/2366 2367/1282/2367 2399/2452/2399 2398/2453/2398
f 2378/2431/2378 2405/2454/2405 2404/2455/2404 2403/2456/2403 2373/2457/2373 2365/2417/2365
f 2406/2458/2406 2405/2459/2405 2378/2431/2378 2380/2433/2380
f 2407/2460/2407 2408/2461/2408 2406/2462/2406 2380/2433/2380 2374/2435/2374 2400/2463/2400
f 2415/2464/2415 2421/1282/2421 2420/2465/2420 2419/2466/2419 2418/2467/2418 2417/1/2417 2416/2468/2416
f 2422/2469/2422 2426/2470/2426 2425/2471/2425 2424/2472/2424 2423/2473/2423 2421/2474/2421 2415/2464/2415
f 2416/2475/2416 2417/20/2417 2432/2476/2432 2431/2477/2431 2430/2478/2430 2429/2479/2429 2428/1834/2428 2427/2480/2427
f 2416/2468/2416 2434/2481/2434 2433/2482/2433 2415/2464/2415
f 2415/2464/2415 2433/2482/2433 2435/2483/2435 2422/2469/2422
f 2422/2469/2422 2435/2483/2435 2437/2484/2437 2436/2485/2436
f 2436/2485/2436 2437/2484/2437 2438/2486/2438 2427/2480/2427
f 2427/2480/2427 2438/2486/2438 2434/2487/2434 2416/2475/2416
f 2434/2481/2434 2440/2488/2440 2439/2489/2439 2433/2482/2433
f 2433/2482/2433 2439/2489/2439 2441/2490/2441 2435/2483/2435
f 2435/2483/2435 2441/2490/2441 2442/2491/2442 2437/2484/2437
f 2437/2484/2437 2442/2491/2442 2443/2492/2443 2438/2486/2438
f 2438/2486/2438 2443/2492/2443 2440/2493/2440 2434/2487/2434
f 2440/2488/2440 2445/1607/2445 2444/1608/2444 2439/2489/2439
f 2439/2489/2439 2444/1608/2444 2446/1609/2446 2441/2490/2441
f 2441/2490/2441 2446/1609/2446 2447/1610/2447 2442/2491/2442
f 2442/2491/2442 2447/1610/2447 2448/1611/2448 2443/2492/2443
f 2443/2492/2443 2448/1611/2448 2445/1612/2445 2440/2493/2440
f 2449/2494/2449 2452/2495/2452 2451/2496/2451 2426/2470/2426 2422/2469/2422 2436/2485/2436 2450/2497/2450
f 2453/2498/2453 2450/2499/2450 2436/2485/2436 2427/2480/2427 2428/1834/2428 2454/2500/2454
f 2461/2501/2461 2467/2502/2467 2466/2503/2466 2465/2504/2465 2464/2505/2464 2463/2506/2463 2462/1834/2462
f 2468/2507/2468 2473/2508/2473 2472/2509/2472 2471/2510/2471 2470/2511/2470 2469/2512/2469 2462/1834/2462 2463/2506/2463
f 2468/2513/2468 2476/2514/2476 2475/2515/2475 2474/2516/2474
f 2474/2516/2474 2475/2515/2475 2478/2517/2478 2477/2518/2477
f 2477/2518/2477 2478/2517/2478 2479/2519/2479 2464/2505/2464
f 2464/2505/2464 2479/2519/2479 2480/2520/2480 2463/2506/2463
f 2463/2506/2463 2480/2520/2480 2476/2521/2476 2468/2507/2468
f 2476/2514/2476 2482/1250/2482 2481/1251/2481 2475/2515/2475
f 2475/2515/2475 2481/1251/2481 2483/1252/2483 2478/2517/2478
f 2478/2517/2478 2483/1252/2483 2484/1253/2484 2479/2519/2479
f 2479/2519/2479 2484/1253/2484 2485/1254/2485 2480/2520/2480
f 2480/2520/2480 2485/1254/2485 2482/1255/2482 2476/2521/2476
f 2474/2516/2474 2488/2522/2488 2487/2523/2487 2486/2524/2486 2473/2525/2473 2468/2513/2468
f 2489/2526/2489 2488/2527/2488 2474/2516/2474 2477/2518/2477
f 2467/2528/2467 2461/2529/2461 2493/2530/2493 2492/2531/2492 2491/2532/2491 2490/2533/2490
f 2494/2534/2494 2489/2535/2489 2477/2518/2477 2464/2505/2464 2465/2536/2465 2497/2537/2497 2496/2538/2496 2495/2539/2495
f 2503/1153/2503 2507/1152/2507 2506/1156/2506 2505/1155/2505 2499/1282/2499 2500/1/2500 2504/1154/2504
f 2508/1158/2508 2510/1157/2510 2509/1160/2509 2498/2322/2498 2499/1282/2499 2505/1159/2505
f 2511/1163/2511 2514/1162/2514 2513/1161/2513 2512/1165/2512 2502/2540/2502 2498/2541/2498 2509/1164/2509
f 2502/2501/2502 2512/1167/2512 2516/1166/2516 2515/1168/2515 2501/1834/2501
f 2517/1169/2517 2519/1173/2519 2504/1172/2504 2500/20/2500 2501/1834/2501 2515/1171/2515 2518/1170/2518
f 2525/1260/2525 2529/1259/2529 2528/1258/2528 2521/1282/2521 2522/1/2522 2527/1257/2527 2526/1256/2526
f 2530/1263/2530 2520/2322/2520 2521/1282/2521 2528/1262/2528 2531/1261/2531
f 2524/2501/2524 2520/2322/2520 2530/1268/2530 2536/1267/2536 2535/1266/2535 2534/1265/2534 2533/1264/2533 2532/1269/2532
f 2524/2501/2524 2532/1271/2532 2540/1270/2540 2539/1274/2539 2538/1273/2538 2537/1272/2537 2523/1834/2523
f 2527/1278/2527 2522/20/2522 2523/1834/2523 2537/1277/2537 2543/1276/2543 2542/1275/2542 2541/1279/2541
f 2545/1282/2545 2546/1/2546 2554/1409/2554 2553/1408/2553 2552/1407/2552 2551/1406/2551 2550/1405/2550 2549/1410/2549
f 2555/1411/2555 2544/2322/2544 2545/1282/2545 2549/1412/2549
f 2556/1415/2556 2560/1414/2560 2559/1413/2559 2548/2501/2548 2544/2322/2544 2555/1418/2555 2558/1417/2558 2557/1416/2557
f 2561/1420/2561 2563/1419/2563 2562/1422/2562 2547/2542/2547 2548/2543/2548 2559/1421/2559
f 2547/2542/2547 2562/1424/2562 2565/1423/2565 2564/1427/2564 2554/1426/2554 2546/2544/2546
f 2571/1796/2571 2573/1798/2573 2567/1282/2567 2568/1/2568 2572/1797/2572
f 2574/1802/2574 2580/1801/2580 2579/1800/2579 2578/1799/2578 2566/2545/2566 2567/2546/2567 2573/1798/2573 2577/1805/2577 2576/1804/2576 2575/1803/2575
f 2581/1808/2581 2590/1807/2590 2589/1806/2589 2570/2547/2570 2566/2545/2566 2578/1816/2578 2588/1815/2588 2587/1814/2587 2586/1813/2586 2585/1812/2585 2584/1811/2584 2583/1810/2583 2582/1809/2582
f 2591/1819/2591 2593/1818/2593 2592/1817/2592 2569/2548/2569 2570/2547/2570 2589/1820/2589
f 2568/20/2568 2569/1834/2569 2592/1826/2592 2597/1825/2597 2596/1824/2596 2595/1823/2595 2594/1822/2594 2572/1821/2572
f 2600/1/2600 2608/1101/2608 2607/1100/2607 2606/1104/2606 2605/1103/2605 2604/1102/2604 2599/1282/2599
f 2609/1105/2609 2611/1108/2611 2610/1107/2610 2598/2322/2598 2599/1282/2599 2604/1106/2604
f 2610/1110/2610 2615/1109/2615 2614/1113/2614 2613/1112/2613 2612/1111/2612 2603/2501/2603 2598/2322/2598
f 2616/1114/2616 2619/2549/2619 2618/2550/2618 2602/2551/2602 2603/2501/2603 2612/1116/2612 2617/1115/2617
f 2600/20/2600 2601/2552/2601 2623/2553/2623 2619/2554/2619 2616/1119/2616 2622/1118/2622 2621/1117/2621 2620/1121/2620 2608/1120/2608
f 2629/1207/2629 2634/1206/2634 2625/1282/2625 2626/1/2626 2633/1205/2633 2632/1204/2632 2631/1209/2631 2630/1208/2630
f 2635/1212/2635 2637/1211/2637 2636/1210/2636 2624/2322/2624 2625/1282/2625 2634/1213/2634
f 2624/2322/2624 2636/1216/2636 2642/1215/2642 2641/1214/2641 2640/1219/2640 2639/1218/2639 2638/1217/2638 2628/2501/2628
f 2638/1221/2638 2643/1220/2643 2627/1834/2627 2628/2501/2628
f 2627/2555/2627 2643/1225/2643 2645/1224/2645 2644/1223/2644 2633/1222/2633 2626/2556/2626
f 2651/1284/2651 2646/2322/2646 2647/1288/2647 2654/1287/2654 2653/1286/2653 2652/1285/2652
f 2655/1318/2655 2658/1317/2658 2657/1316/2657 2650/2501/2650 2646/2322/2646 2651/1320/2651 2656/1319/2656
f 2650/2501/2650 2657/1322/2657 2659/1321/2659 2649/1834/2649
f 2648/1325/2648 2649/1834/2649 2659/1324/2659 2662/1323/2662 2661/1327/2661 2660/1326/2660
f 2665/1/2665 2672/2557/2672 2671/2558/2671 2670/2559/2670 2669/2560/2669 2668/2561/2668 2664/1282/2664
f 2663/2322/2663 2664/1282/2664 2668/2562/2668 2682/2563/2682 2681/2564/2681 2680/2565/2680 2679/2566/2679 2678/2567/2678 2677/2568/2677 2676/2569/2676 2675/2570/2675 2674/2571/2674 2673/2572/2673
f 2683/2573/2683 2667/2501/2667 2663/2322/2663 2673/2574/2673 2691/2575/2691 2690/2576/2690 2689/2577/2689 2688/2578/2688 2687/2579/2687 2686/2580/2686 2685/2581/2685 2684/2582/2684
f 2692/2583/2692 2666/1834/2666 2667/2501/2667 2683/2584/2683 2693/2585/2693
f 2694/2586/2694 2696/2587/2696 2695/2588/2695 2672/2589/2672 2665/20/2665 2666/1834/2666 2692/2590/2692
f 2703/2591/2703 2706/2592/2706 2705/2593/2705 2704/2594/2704
f 2704/2594/2704 2705/2593/2705 2708/2595/2708 2707/2596/2707
f 2707/2596/2707 2708/2595/2708 2710/2597/2710 2709/2598/2709
f 2709/2598/2709 2710/2597/2710 2712/2599/2712 2711/2600/2711
f 2711/2600/2711 2712/2599/2712 2706/2601/2706 2703/2602/2703
f 2706/2592/2706 2714/2603/2714 2713/2604/2713 2705/2593/2705
f 2705/2593/2705 2713/2604/2713 2715/2605/2715 2708/2595/2708
f 2708/2595/2708 2715/2605/2715 2716/2606/2716 2710/2597/2710
f 2710/2597/2710 2716/2606/2716 2717/2607/2717 2712/2599/2712
f 2712/2599/2712 2717/2607/2717 2714/2608/2714 2706/2601/2706
f 2714/2603/2714 2719/2609/2719 2718/2610/2718 2713/2604/2713
f 2713/2604/2713 2718/2610/2718 2720/2611/2720 2715/2605/2715
f 2715/2605/2715 2720/2611/2720 2721/2612/2721 2716/2606/2716
f 2716/2606/2716 2721/2612/2721 2722/2613/2722 2717/2607/2717
f 2717/2607/2717 2722/2613/2722 2719/2614/2719 2714/2608/2714
f 2719/2609/2719 2724/2615/2724 2723/2616/2723 2718/2610/2718
f 2718/2610/2718 2723/2616/2723 2725/2617/2725 2720/2611/2720
f 2720/2611/2720 2725/2617/2725 2726/2618/2726 2721/2612/2721
f 2721/2612/2721 2726/2618/2726 2727/2619/2727 2722/2613/2722
f 2722/2613/2722 2727/2619/2727 2724/2620/2724 2719/2614/2719
f 2704/2594/2704 2732/2561/2732 2731/2560/2731 2730/2559/2730 2729/2558/2729 2728/2557/2728 2703/2591/2703
f 2707/2596/2707 2742/2572/2742 2741/2571/2741 2740/2570/2740 2739/2569/2739 2738/2568/2738 2737/2567/2737 2736/2566/2736 2735/2565/2735 2734/2564/2734 2733/2563/2733 2732/2562/2732 2704/2594/2704
f 2743/2582/2743 2751/2581/2751 2750/2580/2750 2749/2579/2749 2748/2578/2748 2747/2577/2747 2746/2576/2746 2745/2575/2745 2742/2574/2742 2707/2596/2707 2709/2598/2709 2744/2573/2744
f 2752/2585/2752 2744/2584/2744 2709/2598/2709 2711/2600/2711 2753/2583/2753
f 2703/2602/2703 2728/2589/2728 2756/2588/2756 2755/2587/2755 2754/2586/2754 2753/2590/2753 2711/2600/2711
f 2757/2621/2757 2761/2322/2761 2760/2622/2760 2759/2623/2759 2758/2624/2758
f 2761/2322/2761 2757/2625/2757 2764/2626/2764 2763/2627/2763 2762/2628/2762
f 2762/2629/2762 2768/2630/2768 2767/2631/2767
f 2775/2632/2775 2781/1282/2781 2780/2633/2780 2763/2630/2763 2762/2629/2762 2766/2631/2766 2779/2634/2779 2778/2635/2778 2777/1/2777 2776/2636/2776
f 2782/2637/2782 2788/2638/2788 2787/2639/2787 2786/2640/2786 2785/2641/2785 2784/2642/2784 2783/2643/2783 2781/1282/2781 2775/2632/2775
f 2776/2636/2776 2790/189/2790 2789/2340/2789 2775/2632/2775
f 2775/2632/2775 2789/2340/2789 2791/2341/2791 2782/2637/2782
f 2782/2637/2782 2791/2341/2791 2793/2342/2793 2792/2644/2792
f 2792/2644/2792 2793/2342/2793 2795/2343/2795 2794/2645/2794
f 2794/2645/2794 2795/2343/2795 2790/198/2790 2776/2646/2776
f 2796/2647/2796 2803/2648/2803 2802/2649/2802 2801/2650/2801 2788/2651/2788 2782/2637/2782 2792/2644/2792 2800/2652/2800 2799/2653/2799 2798/2654/2798 2797/2655/2797
f 2794/2645/2794 2804/2656/2804 2800/2657/2800 2792/2644/2792
f 2805/2658/2805 2804/2659/2804 2794/2645/2794 2776/2646/2776 2777/20/2777 2765/2660/2765 2760/2661/2760 2759/2662/2759
f 2787/2639/2787 2788/2638/2788 2807/2663/2807 2806/2641/2806 2786/2640/2786
f 2802/2649/2802 2810/2648/2810 2809/2664/2809 2808/2665/2808 2807/2666/2807 2788/2651/2788 2801/2650/2801
f 2811/2667/2811 2814/2668/2814 2813/1282/2813 2787/2669/2787 2788/2670/2788 2801/2671/2801 2812/2672/2812
f 2814/2673/2814 2819/2674/2819 2818/2675/2818 2817/2676/2817 2816/2677/2816 2815/2678/2815 2786/2679/2786 2813/1282/2813
f 2820/2680/2820 2824/2681/2824 2823/2682/2823 2822/2683/2822 2818/2684/2818 2819/2685/2819 2821/2686/2821
f 2825/2687/2825 2824/2688/2824 2820/2689/2820 2832/2690/2832 2831/2691/2831 2830/2692/2830 2829/2693/2829 2828/2694/2828 2827/2695/2827 2826/2696/2826
f 2812/2697/2812 2801/2698/2801 2802/2699/2802 2838/2700/2838 2837/2701/2837 2836/2702/2836 2835/2703/2835 2834/2704/2834 2830/2705/2830 2831/2706/2831 2833/2707/2833
f 2760/2622/2760 2840/2708/2840 2839/2623/2839
f 2841/2627/2841 2842/2709/2842 2762/2628/2762
f 2765/2660/2765 2845/2710/2845 2844/2711/2844 2843/2662/2843 2760/2661/2760
f 2801/2671/2801 2788/2670/2788 2787/2669/2787 2846/1/2846
f 2786/2679/2786 2785/2678/2785 2847/2712/2847
f 2802/2699/2802 2801/2698/2801 2846/20/2846
f 2854/2713/2854 2857/2714/2857 2856/2715/2856 2855/2716/2855
f 2855/2716/2855 2856/2715/2856 2859/2717/2859 2858/2718/2858
f 2858/2718/2858 2859/2717/2859 2861/2719/2861 2860/2720/2860
f 2860/2720/2860 2861/2719/2861 2863/2721/2863 2862/2722/2862
f 2862/2722/2862 2863/2721/2863 2857/2723/2857 2854/2724/2854
f 2857/2714/2857 2865/2725/2865 2864/2726/2864 2856/2715/2856
f 2856/2715/2856 2864/2726/2864 2866/2727/2866 2859/2717/2859
f 2859/2717/2859 2866/2727/2866 2867/2728/2867 2861/2719/2861
f 2861/2719/2861 2867/2728/2867 2868/2729/2868 2863/2721/2863
f 2863/2721/2863 2868/2729/2868 2865/2730/2865 2857/2723/2857
f 2865/2725/2865 2870/2731/2870 2869/2732/2869 2864/2726/2864
f 2864/2726/2864 2869/2732/2869 2871/2733/2871 2866/2727/2866
f 2866/2727/2866 2871/2733/2871 2872/2734/2872 2867/2728/2867
f 2867/2728/2867 2872/2734/2872 2873/2735/2873 2868/2729/2868
f 2868/2729/2868 2873/2735/2873 2870/2736/2870 2865/2730/2865
f 2870/2731/2870 2875/2737/2875 2874/2738/2874 2869/2732/2869
f 2869/2732/2869 2874/2738/2874 2876/2739/2876 2871/2733/2871
f 2871/2733/2871 2876/2739/2876 2877/2740/2877 2872/2734/2872
f 2872/2734/2872 2877/2740/2877 2878/2741/2878 2873/2735/2873
f 2873/2735/2873 2878/2741/2878 2875/2742/2875 2870/2736/2870
f 2879/2743/2879 2883/2744/2883 2854/2713/2854 2855/2716/2855 2882/2745/2882 2881/2746/2881 2880/2747/2880
f 2884/2748/2884 2887/2749/2887 2886/2750/2886 2882/2751/2882 2855/2716/2855 2858/2718/2858 2885/2752/2885
f 2888/2753/2888 2892/2754/2892 2891/2755/2891 2885/2752/2885 2858/2718/2858 2860/2720/2860 2890/2756/2890 2889/2757/2889
f 2893/2758/2893 2896/2759/2896 2895/2760/2895 2890/2761/2890 2860/2720/2860 2862/2722/2862 2894/2762/2894
f 2883/2763/2883 2899/2764/2899 2898/2765/2898 2897/2766/2897 2894/2767/2894 2862/2722/2862 2854/2724/2854
f 2902/1/2902 2909/1616/2909 2908/1615/2908 2907/1614/2907 2906/1613/2906 2905/1617/2905 2901/1282/2901
f 2905/1619/2905 2910/1618/2910 2900/2322/2900 2901/1282/2901
f 2904/2501/2904 2900/2322/2900 2910/1624/2910 2916/1623/2916 2915/1622/2915 2914/1621/2914 2913/1620/2913 2912/1626/2912 2911/1625/2911
f 2917/1631/2917 2903/1834/2903 2904/2501/2904 2911/1630/2911 2920/1629/2920 2919/1628/2919 2918/1627/2918
f 2902/20/2902 2903/1834/2903 2917/1634/2917 2923/1633/2923 2922/1632/2922 2921/1636/2921 2909/1635/2909
f 2929/1516/2929 2925/1282/2925 2926/1/2926 2935/1522/2935 2934/1521/2934 2933/1520/2933 2932/1519/2932 2931/1518/2931 2930/1517/2930
f 2936/1531/2936 2943/1530/2943 2942/1529/2942 2941/1528/2941 2940/1527/2940 2924/2322/2924 2925/1282/2925 2929/1526/2929 2939/1525/2939 2938/1524/2938 2937/1523/2937
f 2944/1535/2944 2951/1534/2951 2950/1533/2950 2949/1532/2949 2948/1540/2948 2928/2501/2928 2924/2322/2924 2940/1539/2940 2947/1538/2947 2946/1537/2946 2945/1536/2945
f 2952/1543/2952 2955/1542/2955 2954/1541/2954 2927/2768/2927 2928/2769/2928 2948/1545/2948 2953/1544/2953
f 2956/1546/2956 2957/1549/2957 2935/1548/2935 2926/2770/2926 2927/2768/2927 2954/1547/2954
f 2964/2771/2964 2967/2772/2967 2966/2773/2966 2965/2774/2965
f 2965/2774/2965 2966/2773/2966 2969/2775/2969 2968/2776/2968
f 2968/2776/2968 2969/2775/2969 2971/2777/2971 2970/2778/2970
f 2970/2778/2970 2971/2777/2971 2973/2779/2973 2972/2780/2972
f 2972/2780/2972 2973/2779/2973 2967/2781/2967 2964/2782/2964
f 2967/2772/2967 2975/189/2975 2974/2340/2974 2966/2773/2966
f 2966/2773/2966 2974/2340/2974 2976/2341/2976 2969/2775/2969
f 2969/2775/2969 2976/2341/2976 2977/2342/2977 2971/2777/2971
f 2971/2777/2971 2977/2342/2977 2978/2343/2978 2973/2779/2973
f 2973/2779/2973 2978/2343/2978 2975/198/2975 2967/2781/2967
f 2979/2783/2979 2982/2784/2982 2964/2771/2964 2965/2774/2965 2981/2785/2981 2980/2786/2980
f 2983/2787/2983 2981/2785/2981 2965/2774/2965 2968/2776/2968 2984/2788/2984
f 2985/2789/2985 2989/2790/2989 2988/2791/2988 2984/2792/2984 2968/2776/2968 2970/2778/2970 2987/2793/2987 2986/2794/2986
f 2990/2795/2990 2993/2796/2993 2992/2797/2992 2991/2501/2991
f 2992/2798/2992 2997/2799/2997 2996/2800/2996 2995/2801/2995 2987/2802/2987 2970/2778/2970 2972/2780/2972 2994/1834/2994 2991/2501/2991
f 2998/2803/2998 3002/2804/3002 3001/2805/3001 3000/2806/3000 2994/1834/2994 2972/2780/2972 2964/2782/2964 2982/2807/2982 2999/2808/2999
f 3009/1/3009 3012/2809/3012 3011/2810/3011 3010/1282/3010
f 3013/2811/3013 3017/2812/3017 3016/2813/3016 3015/2814/3015 3014/2815/3014 3010/1282/3010 3011/2810/3011
f 3012/2809/3012 3019/2816/3019 3018/2817/3018 3011/2810/3011
f 3011/2810/3011 3018/2817/3018 3020/2818/3020 3013/2811/3013
f 3013/2811/3013 3020/2818/3020 3022/2819/3022 3021/2820/3021
f 3021/2820/3021 3022/2819/3022 3024/2821/3024 3023/2822/3023
f 3023/2822/3023 3024/2821/3024 3019/2823/3019 3012/2824/3012
f 3019/2816/3019 3026/2825/3026 3025/2826/3025 3018/2817/3018
f 3018/2817/3018 3025/2826/3025 3027/2827/3027 3020/2818/3020
f 3020/2818/3020 3027/2827/3027 3028/2828/3028 3022/2819/3022
f 3022/2819/3022 3028/2828/3028 3029/2829/3029 3024/2821/3024
f 3024/2821/3024 3029/2829/3029 3026/2830/3026 3019/2823/3019
f 3026/2825/3026 3031/1710/3031 3030/1711/3030 3025/2826/3025
f 3025/2826/3025 3030/1711/3030 3032/1712/3032 3027/2827/3027
f 3027/2827/3027 3032/1712/3032 3033/1713/3033 3028/2828/3028
f 3028/2828/3028 3033/1713/3033 3034/1714/3034 3029/2829/3029
f 3029/2829/3029 3034/1714/3034 3031/1715/3031 3026/2830/3026
f 3035/2831/3035 3039/2832/3039 3038/2833/3038 3017/2834/3017 3013/2811/3013 3021/2820/3021 3037/2835/3037 3036/2836/3036
f 3023/2822/3023 3041/2837/3041 3040/2838/3040 3037/2839/3037 3021/2820/3021
f 3042/2840/3042 3045/2841/3045 3041/2842/3041 3023/2822/3023 3012/2824/3012 3009/2843/3009 3044/2844/3044 3043/2845/3043
f 3052/2846/3052 3057/2847/3057 3056/2848/3056 3055/2849/3055 3054/1834/3054 3053/2850/3053
f 3052/2851/3052 3060/2852/3060 3059/2853/3059 3058/2854/3058
f 3058/2854/3058 3059/2853/3059 3062/2855/3062 3061/2856/3061
f 3061/2856/3061 3062/2855/3062 3064/2857/3064 3063/2858/3063
f 3063/2858/3063 3064/2857/3064 3065/2859/3065 3053/2850/3053
f 3053/2850/3053 3065/2859/3065 3060/2860/3060 3052/2846/3052
f 3060/2852/3060 3067/2861/3067 3066/2862/3066 3059/2853/3059
f 3059/2853/3059 3066/2862/3066 3068/2863/3068 3062/2855/3062
f 3062/2855/3062 3068/2863/3068 3069/2864/3069 3064/2857/3064
f 3064/2857/3064 3069/2864/3069 3070/2865/3070 3065/2859/3065
f 3065/2859/3065 3070/2865/3070 3067/2866/3067 3060/2860/3060
f 3067/2861/3067 3072/1710/3072 3071/1711/3071 3066/2862/3066
f 3066/2862/3066 3071/1711/3071 3073/1712/3073 3068/2863/3068
f 3068/2863/3068 3073/1712/3073 3074/1713/3074 3069/2864/3069
f 3069/2864/3069 3074/1713/3074 3075/1714/3075 3070/2865/3070
f 3070/2865/3070 3075/1714/3075 3072/1715/3072 3067/2866/3067
f 3076/2867/3076 3057/2868/3057 3052/2851/3052 3058/2854/3058 3078/2869/3078 3077/2870/3077
f 3079/2871/3079 3080/2872/3080 3078/2873/3078 3058/2854/3058 3061/2856/3061
f 3081/2874/3081 3087/2875/3087 3079/2876/3079 3061/2856/3061 3063/2858/3063 3086/2877/3086 3085/2878/3085 3084/2879/3084 3083/2880/3083 3082/2881/3082
f 3053/2850/3053 3054/1834/3054 3088/2882/3088 3086/2883/3086 3063/2858/3063
f 3094/2884/3094 3098/2885/3098 3097/2886/3097 3090/1282/3090 3091/1/3091 3096/2887/3096 3095/2888/3095
f 3090/1282/3090 3097/2889/3097 3102/2890/3102 3101/2891/3101 3100/2892/3100 3099/2893/3099 3089/2322/3089
f 3103/2894/3103 3107/2895/3107 3093/2501/3093 3089/2322/3089 3099/2896/3099 3106/2897/3106 3105/2898/3105 3104/2899/3104
f 3093/2501/3093 3107/2900/3107 3109/2901/3109 3108/2902/3108 3092/1834/3092
f 3110/2903/3110 3112/2904/3112 3111/2905/3111 3096/2906/3096 3091/20/3091 3092/1834/3092 3108/2907/3108
f 3119/2908/3119 3122/2909/3122 3121/2910/3121 3120/2911/3120
f 3120/2911/3120 3121/2910/3121 3124/2912/3124 3123/2913/3123
f 3123/2913/3123 3124/2912/3124 3126/2914/3126 3125/2915/3125
f 3125/2915/3125 3126/2914/3126 3128/2916/3128 3127/2917/3127
f 3127/2917/3127 3128/2916/3128 3122/2918/3122 3119/2919/3119
f 3122/2909/3122 3130/2920/3130 3129/2921/3129 3121/2910/3121
f 3121/2910/3121 3129/2921/3129 3131/2922/3131 3124/2912/3124
f 3124/2912/3124 3131/2922/3131 3132/2923/3132 3126/2914/3126
f 3126/2914/3126 3132/2923/3132 3133/2924/3133 3128/2916/3128
f 3128/2916/3128 3133/2924/3133 3130/2925/3130 3122/2918/3122
f 3130/2920/3130 3135/2926/3135 3134/2927/3134 3129/2921/3129
f 3129/2921/3129 3134/2927/3134 3136/2928/3136 3131/2922/3131
f 3131/2922/3131 3136/2928/3136 3137/2929/3137 3132/2923/3132
f 3132/2923/3132 3137/2929/3137 3138/2930/3138 3133/2924/3133
f 3133/2924/3133 3138/2930/3138 3135/2931/3135 3130/2925/3130
f 3135/2926/3135 3140/2932/3140 3139/2933/3139 3134/2927/3134
f 3134/2927/3134 3139/2933/3139 3141/2934/3141 3136/2928/3136
f 3136/2928/3136 3141/2934/3141 3142/2935/3142 3137/2929/3137
f 3137/2929/3137 3142/2935/3142 3143/2936/3143 3138/2930/3138
f 3138/2930/3138 3143/2936/3143 3140/2937/3140 3135/2931/3135
f 3140/2932/3140 3145/2938/3145 3144/2939/3144 3139/2933/3139
f 3139/2933/3139 3144/2939/3144 3146/2940/3146 3141/2934/3141
f 3141/2934/3141 3146/2940/3146 3147/2941/3147 3142/2935/3142
f 3142/2935/3142 3147/2941/3147 3148/2942/3148 3143/2936/3143
f 3143/2936/3143 3148/2942/3148 3145/2943/3145 3140/2937/3140
f 3145/2938/3145 3150/2944/3150 3149/2945/3149 3144/2939/3144
f 3144/2939/3144 3149/2945/3149 3151/2946/3151 3146/2940/3146
f 3146/2940/3146 3151/2946/3151 3152/2947/3152 3147/2941/3147
f 3147/2941/3147 3152/2947/3152 3153/2948/3153 3148/2942/3148
f 3148/2942/3148 3153/2948/3153 3150/2949/3150 3145/2943/3145
f 3154/2885/3154 3158/2884/3158 3157/2888/3157 3156/2887/3156 3119/2908/3119 3120/2911/3120 3155/2886/3155
f 3159/2891/3159 3162/2890/3162 3155/2889/3155 3120/2911/3120 3123/2913/3123 3161/2893/3161 3160/2892/3160
f 3125/2915/3125 3167/2895/3167 3166/2894/3166 3165/2899/3165 3164/2898/3164 3163/2897/3163 3161/2896/3161 3123/2913/3123
f 3168/2902/3168 3169/2901/3169 3167/2900/3167 3125/2915/3125 3127/2917/3127
f 3119/2919/3119 3156/2906/3156 3172/2905/3172 3171/2904/3171 3170/2903/3170 3168/2907/3168 3127/2917/3127
f 3178/2030/3178 3180/2029/3180 3179/2031/3179 3174/1282/3174 3175/1/3175
f 3181/2036/3181 3185/2035/3185 3184/2034/3184 3183/2033/3183 3182/2032/3182 3173/2322/3173 3174/1282/3174 3179/2037/3179
f 3182/2039/3182 3189/2038/3189 3188/2042/3188 3187/2041/3187 3186/2040/3186 3177/2501/3177 3173/2322/3173
f 3177/2501/3177 3186/2044/3186 3191/2043/3191 3190/2045/3190 3176/1834/3176
f 3192/2050/3192 3178/2049/3178 3175/2950/3175 3176/2951/3176 3190/2048/3190 3194/2047/3194 3193/2046/3193
f 3198/1/3198 3205/2402/3205 3204/2401/3204 3203/2400/3203 3202/2399/3202 3201/2398/3201 3197/2397/3197
f 3196/2367/3196 3206/2366/3206 3195/2322/3195
f 3207/2403/3207 3211/2408/3211 3210/2407/3210 3200/2501/3200 3195/2322/3195 3206/2406/3206 3209/2405/3209 3208/2404/3208
f 3199/1834/3199 3200/2501/3200 3210/2412/3210 3214/2411/3214 3213/2410/3213 3212/2409/3212
f 3205/2413/3205 3198/20/3198 3199/1834/3199 3212/2416/3212 3216/2415/3216 3215/2414/3215
f 3217/2453/3217 3223/2452/3223 3222/1/3222 3221/2451/3221 3220/2450/3220 3219/2449/3219 3218/2448/3218
f 3224/2420/3224 3231/2419/3231 3230/2418/3230 3229/2952/3229 3228/2953/3228 3227/2423/3227 3226/2422/3226 3225/2421/3225
f 3232/2454/3232 3236/2501/3236 3235/2954/3235 3229/2955/3229 3230/2457/3230 3234/2456/3234 3233/2455/3233
f 3236/2501/3236 3232/2459/3232 3238/2458/3238 3237/1834/3237
f 3237/1834/3237 3238/2462/3238 3240/2461/3240 3239/2460/3239 3221/2463/3221 3222/20/3222
f 3247/2956/3247 3255/2957/3255 3254/2958/3254 3253/2959/3253 3252/2960/3252 3251/2961/3251 3250/2962/3250 3249/1834/3249 3248/2963/3248
f 3247/2964/3247 3258/2965/3258 3257/2966/3257 3256/2967/3256
f 3256/2967/3256 3257/2966/3257 3260/2968/3260 3259/2969/3259
f 3259/2969/3259 3260/2968/3260 3262/2970/3262 3261/2971/3261
f 3261/2971/3261 3262/2970/3262 3263/2972/3263 3248/2963/3248
f 3248/2963/3248 3263/2972/3263 3258/2973/3258 3247/2956/3247
f 3258/2965/3258 3265/2974/3265 3264/2975/3264 3257/2966/3257
f 3257/2966/3257 3264/2975/3264 3266/2976/3266 3260/2968/3260
f 3260/2968/3260 3266/2976/3266 3267/2977/3267 3262/2970/3262
f 3262/2970/3262 3267/2977/3267 3268/2978/3268 3263/2972/3263
f 3263/2972/3263 3268/2978/3268 3265/2979/3265 3258/2973/3258
f 3265/2974/3265 3270/2980/3270 3269/2981/3269 3264/2975/3264
f 3264/2975/3264 3269/2981/3269 3271/2982/3271 3266/2976/3266
f 3266/2976/3266 3271/2982/3271 3272/2983/3272 3267/2977/3267
f 3267/2977/3267 3272/2983/3272 3273/2984/3273 3268/2978/3268
f 3268/2978/3268 3273/2984/3273 3270/2985/3270 3265/2979/3265
f 3270/2980/3270 3275/2986/3275 3274/2987/3274 3269/2981/3269
f 3269/2981/3269 3274/2987/3274 3276/2988/3276 3271/2982/3271
f 3271/2982/3271 3276/2988/3276 3277/2989/3277 3272/2983/3272
f 3272/2983/3272 3277/2989/3277 3278/2990/3278 3273/2984/3273
f 3273/2984/3273 3278/2990/3278 3275/2991/3275 3270/2985/3270
f 3275/2986/3275 3280/2992/3280 3279/2993/3279 3274/2987/3274
f 3274/2987/3274 3279/2993/3279 3281/2994/3281 3276/2988/3276
f 3276/2988/3276 3281/2994/3281 3282/2995/3282 3277/2989/3277
f 3277/2989/3277 3282/2995/3282 3283/2996/3283 3278/2990/3278
f 3278/2990/3278 3283/2996/3283 3280/2997/3280 3275/2991/3275
f 3284/2998/3284 3255/2999/3255 3247/2964/3247 3256/2967/3256 3289/3000/3289 3288/3001/3288 3287/3002/3287 3286/3003/3286 3285/3004/3285
f 3259/2969/3259 3296/3005/3296 3295/3006/3295 3294/3007/3294 3293/3008/3293 3292/3009/3292 3291/3010/3291 3290/3011/3290 3289/3012/3289 3256/2967/3256
f 3297/3013/3297 3304/3014/3304 3296/3015/3296 3259/2969/3259 3261/2971/3261 3303/3016/3303 3302/3017/3302 3301/3018/3301 3300/3019/3300 3299/3020/3299 3298/3021/3298
f 3305/3022/3305 3309/3023/3309 3308/3024/3308 3303/3025/3303 3261/2971/3261 3248/2963/3248 3249/1834/3249 3307/3026/3307 3306/3027/3306
f 3311/1282/3311 3312/2057/3312 3320/2056/3320 3319/2055/3319 3318/2054/3318 3317/2053/3317 3316/2052/3316
f 3310/2322/3310 3311/1282/3311 3316/2052/3316 3323/2075/3323 3322/2077/3322 3321/2076/3321
f 3324/2080/3324 3315/2501/3315 3310/2322/3310 3321/2079/3321 3325/2078/3325
f 3326/2083/3326 3330/2082/3330 3314/1834/3314 3315/2501/3315 3324/2080/3324 3329/2081/3329 3328/2085/3328 3327/2084/3327
f 3314/1834/3314 3330/2087/3330 3331/2086/3331 3313/2089/3313
f 3337/2522/3337 3333/1282/3333 3334/1/3334 3340/2525/3340 3339/2524/3339 3338/2523/3338
f 3337/2527/3337 3341/2526/3341 3332/2322/3332 3333/1282/3333
f 3342/2531/3342 3336/2530/3336 3332/3028/3332 3341/2535/3341 3350/2534/3350 3349/2539/3349 3348/2538/3348 3347/2537/3347 3346/2536/3346 3345/2528/3345 3344/2533/3344 3343/2532/3343
f 3345/2502/3345 3346/2504/3346 3351/2503/3351
f 3352/2511/3352 3354/2510/3354 3353/2509/3353 3340/2508/3340 3334/20/3334 3335/2512/3335
