# File exported by Houdini 20.5.410 (www.sidefx.com)
# 4820 points
# 13653 vertices
# 3142 primitives
# Bounds: [-3.29843712, -0.00176980149, -4.00635004] to [3.50796342, 14.9488583, 3.70697975]
g 
v -0.508765757 0.00586781278 0.133378357 1 1 1
v -0.45879519 0.00468171202 -0.216998085 1 1 1
v -0.214768127 0.00616758317 -0.467187643 1 1 1
v 0.13799338 0.00637321128 -0.503812134 1 1 1
v 0.444205344 0.00694833836 -0.307415962 1 1 1
v 0.53212297 0.00348476646 0.0495410711 1 1 1
v 0.358658135 -0.00176980149 0.362584084 1 1 1
v 0.0420375802 -0.00057918136 0.512998879 1 1 1
v -0.313743383 0.00629340578 0.44299683 1 1 1
v -0.390425175 0.629745722 0.106706195 1 1 1
v -0.369169593 0.632251918 -0.172189489 1 1 1
v -0.176810727 0.636640966 -0.386682689 1 1 1
v 0.109593481 0.634214818 -0.386744946 1 1 1
v 0.332857728 0.633536637 -0.224830672 1 1 1
v 0.417089701 0.63425833 0.0422770232 1 1 1
v 0.292930424 0.631879985 0.297141492 1 1 1
v 0.0382072441 0.633260846 0.437602073 1 1 1
v -0.239626855 0.630704343 0.345733851 1 1 1
v -0.352166295 1.26213634 0.0986101255 1 1 1
v -0.327796161 1.26096725 -0.145650163 1 1 1
v -0.162190393 1.26199496 -0.336249888 1 1 1
v 0.0916839689 1.26087809 -0.342674494 1 1 1
v 0.283001721 1.26051247 -0.191384688 1 1 1
v 0.333109349 1.26066887 0.038799528 1 1 1
v 0.250992 1.26372063 0.265422016 1 1 1
v 0.0288626961 1.26784897 0.411568016 1 1 1
v -0.202672601 1.26173759 0.287543803 1 1 1
v -0.284539044 1.89393461 0.0729875192 1 1 1
v -0.28526324 1.89293575 -0.137747332 1 1 1
v -0.125909984 1.88846123 -0.279415995 1 1 1
v 0.0845263749 1.88582385 -0.30468151 1 1 1
v 0.24855274 1.88421881 -0.172861934 1 1 1
v 0.299433231 1.88563609 0.0257813446 1 1 1
v 0.219356149 1.88947856 0.218156934 1 1 1
v 0.0321207233 1.8974762 0.369955897 1 1 1
v -0.17402266 1.89483488 0.245984748 1 1 1
v -0.238558695 2.51490045 0.059498921 1 1 1
v -0.228384703 2.51480246 -0.1205559 1 1 1
v -0.102215305 2.51631045 -0.256978452 1 1 1
v 0.0880398154 2.51893783 -0.280351937 1 1 1
v 0.22865212 2.52013946 -0.155666307 1 1 1
v 0.293161273 2.52224422 0.0196022987 1 1 1
v 0.190821037 2.52026558 0.17326501 1 1 1
v 0.0395463631 2.52183294 0.317942411 1 1 1
v -0.140252933 2.5167923 0.209838748 1 1 1
v -0.239184961 3.13969302 0.0534015335 1 1 1
v -0.246329144 3.13879251 -0.115643196 1 1 1
v -0.1183507 3.1412313 -0.232993305 1 1 1
v 0.0548444949 3.14629006 -0.256755948 1 1 1
v 0.195084363 3.15102005 -0.150446877 1 1 1
v 0.244092792 3.15400982 0.0182665884 1 1 1
v 0.171606362 3.15347838 0.181901366 1 1 1
v 0.00764238369 3.14945984 0.258154929 1 1 1
v -0.186310887 3.14476156 0.237749785 1 1 1
v -0.255668402 3.77803397 0.0438726768 1 1 1
v -0.263063461 3.78162265 -0.130739689 1 1 1
v -0.124009103 3.77977204 -0.236884311 1 1 1
v 0.0402430184 3.77628803 -0.248014033 1 1 1
v 0.165130496 3.77164412 -0.14727132 1 1 1
v 0.228159323 3.76825976 0.00628275052 1 1 1
v 0.146288693 3.76737881 0.153863713 1 1 1
v -0.00236035674 3.76957965 0.232215747 1 1 1
v -0.20943746 3.77553201 0.24647361 1 1 1
v -0.198996812 4.40082693 0.070540756 1 1 1
v -0.189569086 4.4048171 -0.0812331885 1 1 1
v -0.0908338726 4.40758657 -0.212320626 1 1 1
v 0.0695787445 4.40449047 -0.189015388 1 1 1
v 0.223409086 4.40192127 -0.130071059 1 1 1
v 0.255405039 4.39692307 0.0374580063 1 1 1
v 0.162868112 4.39407444 0.165529937 1 1 1
v 0.0331240669 4.39371967 0.25065738 1 1 1
v -0.142968848 4.39669943 0.236079678 1 1 1
v -0.204970345 5.02571201 0.067444101 1 1 1
v -0.19473584 5.02442598 -0.0720301643 1 1 1
v -0.108969375 5.02433014 -0.20237954 1 1 1
v 0.0446670763 5.02537775 -0.178335235 1 1 1
v 0.173244119 5.0274744 -0.109853253 1 1 1
v 0.261848688 5.03048992 0.0411760658 1 1 1
v 0.131080896 5.02951574 0.157206774 1 1 1
v 0.0078727128 5.029109 0.217960253 1 1 1
v -0.130035862 5.02769136 0.18729049 1 1 1
v -0.19844228 5.65342951 0.0548097193 1 1 1
v -0.185121551 5.65060568 -0.0867276117 1 1 1
v -0.0886252224 5.649086 -0.196623206 1 1 1
v 0.054690484 5.64993763 -0.187342793 1 1 1
v 0.168467641 5.65225983 -0.112507552 1 1 1
v 0.254559159 5.65624237 0.0255870298 1 1 1
v 0.140308604 5.65723085 0.141192257 1 1 1
v 0.0210379623 5.65855503 0.226231679 1 1 1
v -0.112326406 5.65613365 0.164423957 1 1 1
v -0.190927237 6.27684784 0.0358621068 1 1 1
v -0.20759277 6.27881813 -0.100187726 1 1 1
v -0.106183603 6.2818141 -0.204520866 1 1 1
v 0.035617575 6.28371191 -0.200854108 1 1 1
v 0.164698273 6.28494501 -0.135320485 1 1 1
v 0.182265669 6.28298187 0.00878456794 1 1 1
v 0.112063341 6.28020716 0.120357394 1 1 1
v 0.00190984691 6.27767324 0.215852737 1 1 1
v -0.12447989 6.27641439 0.142573625 1 1 1
v -0.249060482 6.91269588 0.0810090974 1 1 1
v -0.183360443 6.91395426 -0.0593473949 1 1 1
v -0.0925899968 6.91382599 -0.14705646 1 1 1
v 0.0338795111 6.91109705 -0.162054405 1 1 1
v 0.154748276 6.90672541 -0.0985563993 1 1 1
v 0.212717384 6.90208912 0.0408125408 1 1 1
v 0.107970268 6.90161896 0.14485307 1 1 1
v 9.10877716e-05 6.90277338 0.215301558 1 1 1
v -0.12369296 6.90681887 0.171939552 1 1 1
v -0.200855836 7.53567076 0.0774110481 1 1 1
v -0.146140516 7.52912712 -0.0548279397 1 1 1
v -0.0652512759 7.52396536 -0.151272357 1 1 1
v 0.0604263879 7.52133942 -0.148838788 1 1 1
v 0.164172381 7.52174568 -0.0829980299 1 1 1
v 0.207552806 7.52554607 0.0388405621 1 1 1
v 0.139215052 7.53084183 0.146935835 1 1 1
v 0.0297559109 7.53537178 0.205576971 1 1 1
v -0.113476999 7.53853798 0.201766327 1 1 1
v -0.210687697 8.15045357 0.0310992431 1 1 1
v -0.158747941 8.14921284 -0.106503382 1 1 1
v -0.0701392516 8.14859772 -0.200011283 1 1 1
v 0.0535932295 8.14814854 -0.188967302 1 1 1
v 0.145771936 8.14826393 -0.121640451 1 1 1
v 0.221600324 8.14916706 -0.00738750724 1 1 1
v 0.131876826 8.1494627 0.0966807306 1 1 1
v 0.0281592049 8.1507206 0.196572483 1 1 1
v -0.101846859 8.15034866 0.131042436 1 1 1
v -0.160738856 8.77031326 0.0615956895 1 1 1
v -0.148873448 8.77828789 -0.063186124 1 1 1
v -0.0628371313 8.78353024 -0.158024937 1 1 1
v 0.0733045042 8.78434277 -0.190895408 1 1 1
v 0.166317105 8.7762022 -0.0885678381 1 1 1
v 0.177909181 8.76813793 0.0295678433 1 1 1
v 0.126851603 8.76243496 0.125485078 1 1 1
v 0.0327680334 8.75875473 0.205798849 1 1 1
v -0.0897370949 8.76273346 0.165498972 1 1 1
v -0.139406756 9.40178967 0.0975588933 1 1 1
v -0.114990383 9.39940166 -0.0115052331 1 1 1
v -0.0549299717 9.39666843 -0.117583133 1 1 1
v 0.0652769804 9.39303017 -0.0969642922 1 1 1
v 0.149538562 9.39140224 -0.0331840478 1 1 1
v 0.199602932 9.39165974 0.0701112524 1 1 1
v 0.142273679 9.39461613 0.173219427 1 1 1
v 0.039386306 9.39861012 0.234700456 1 1 1
v -0.0769227818 9.4014225 0.197959393 1 1 1
v -0.108648054 10.0433245 0.0393733531 1 1 1
v -0.0859814286 10.0261984 -0.0682349429 1 1 1
v -0.00918303244 10.0137672 -0.136660621 1 1 1
v 0.0987322927 10.0170126 -0.169765666 1 1 1
v 0.185719252 10.0144424 -0.0945972204 1 1 1
v 0.236983523 10.0319242 0.0128745977 1 1 1
v 0.179541051 10.0417576 0.122057602 1 1 1
v 0.0655758679 10.0323086 0.138704643 1 1 1
v -0.0329843909 10.0392513 0.12004748 1 1 1
v -0.0636967272 10.0515499 0.0266734157 1 1 1
v -0.0537618697 10.0382547 -0.0544613265 1 1 1
v 0.0029276344 10.0348158 -0.114357978 1 1 1
v 0.0943160802 10.0735502 -0.149010658 1 1 1
v 0.154714182 10.0331545 -0.0739879161 1 1 1
v 0.186428025 10.0562649 0.00610090932 1 1 1
v 0.145631939 10.0590897 0.0855219737 1 1 1
v 0.0680145025 10.0883846 0.131805509 1 1 1
v -0.0237385295 10.0877142 0.105703562 1 1 1
v -0.0146510201 10.0866804 0.0107873157 1 1 1
v -0.00751450378 10.0546284 -0.0345801897 1 1 1
v 0.0254984442 10.0614815 -0.0703485757 1 1 1
v 0.0766516626 10.0927334 -0.082594797 1 1 1
v 0.111400865 10.0493736 -0.0446290001 1 1 1
v 0.125291824 10.0611687 0.000255907886 1 1 1
v 0.102885261 10.0529947 0.043323908 1 1 1
v 0.0639833882 10.1141663 0.066626288 1 1 1
v 0.0152502051 10.0633888 0.0507585332 1 1 1
v 0.0560090318 10.0811529 -0.00772453751 1 1 1
v 1.11345088 8.34819412 -2.88624334 1 1 1
v 1.12172699 8.34848881 -2.87938404 1 1 1
v 1.10849166 8.3526535 -2.87196589 1 1 1
v 1.12377203 8.35024071 -2.86897969 1 1 1
v 1.11858273 8.3526392 -2.8598752 1 1 1
v 1.10862505 8.35455894 -2.85632396 1 1 1
v 1.09853756 8.35510159 -2.85999799 1 1 1
v 1.09305274 8.35401344 -2.86917257 1 1 1
v 1.0947144 8.35180569 -2.8795619 1 1 1
v 1.10277891 8.34950924 -2.88628507 1 1 1
v 0.245550424 4.57780075 -0.593808293 1 1 1
v 0.334545821 4.60651731 -0.548251987 1 1 1
v 0.520772636 4.83887386 -0.970421135 1 1 1
v 0.413842201 4.8202796 -1.02451313 1 1 1
v 0.363828152 4.6866827 -0.490063995 1 1 1
v 0.535353959 4.93304396 -0.897766709 1 1 1
v 0.343998283 4.79242992 -0.477703124 1 1 1
v 0.508723617 5.02831125 -0.842783093 1 1 1
v 0.270984769 4.86839581 -0.494346857 1 1 1
v 0.413781226 5.10128069 -0.830078244 1 1 1
v 0.174620673 4.86850357 -0.53145653 1 1 1
v 0.300245136 5.10099602 -0.874834359 1 1 1
v 0.10556668 4.79677439 -0.567642331 1 1 1
v 0.236745 5.03309488 -0.946451008 1 1 1
v 0.0895029306 4.68944073 -0.586158276 1 1 1
v 0.238440782 4.93997955 -1.01042461 1 1 1
v 0.147189915 4.60751915 -0.610312283 1 1 1
v 0.299670279 4.84587622 -1.05266106 1 1 1
v 0.660067499 5.2231245 -1.41873503 1 1 1
v 0.587481081 5.19511604 -1.47157824 1 1 1
v 0.706678212 5.27973986 -1.34950495 1 1 1
v 0.648967981 5.34786701 -1.30292249 1 1 1
v 0.572018504 5.39242935 -1.28743386 1 1 1
v 0.470449835 5.4155817 -1.30316436 1 1 1
v 0.433607638 5.34990358 -1.37689626 1 1 1
v 0.431575447 5.28268814 -1.44252098 1 1 1
v 0.497679383 5.223804 -1.47526634 1 1 1
v 0.762481689 5.68454123 -1.79227388 1 1 1
v 0.698510766 5.66993427 -1.831774 1 1 1
v 0.79955405 5.72578382 -1.72714627 1 1 1
v 0.747106016 5.77344704 -1.68010318 1 1 1
v 0.681069016 5.8070817 -1.65751338 1 1 1
v 0.608552992 5.80321598 -1.6856035 1 1 1
v 0.57393074 5.76933146 -1.74076104 1 1 1
v 0.555549741 5.72369432 -1.80825901 1 1 1
v 0.619383872 5.67876148 -1.84645081 1 1 1
v 0.858653188 6.16832542 -2.11267352 1 1 1
v 0.802637219 6.15900755 -2.14302921 1 1 1
v 0.872608185 6.20321178 -2.05849266 1 1 1
v 0.844078422 6.24036312 -2.01433539 1 1 1
v 0.78700155 6.26357317 -1.99896121 1 1 1
v 0.719752431 6.26998138 -2.01122069 1 1 1
v 0.695900619 6.23665953 -2.06546831 1 1 1
v 0.690796793 6.20034027 -2.11928582 1 1 1
v 0.727404118 6.15368986 -2.17545366 1 1 1
v 0.947204709 6.64492798 -2.44688988 1 1 1
v 0.89897567 6.63766146 -2.47865558 1 1 1
v 0.963322759 6.67055368 -2.39448929 1 1 1
v 0.931917191 6.69980478 -2.35372925 1 1 1
v 0.881746292 6.72214031 -2.33334088 1 1 1
v 0.82035619 6.72710466 -2.34872437 1 1 1
v 0.777163029 6.70870018 -2.39912653 1 1 1
v 0.796061218 6.67372227 -2.45424461 1 1 1
v 0.841083527 6.64618969 -2.48619652 1 1 1
v 1.05414391 7.1868453 -2.65975952 1 1 1
v 1.01858735 7.18118477 -2.6941874 1 1 1
v 1.07753098 7.19895077 -2.61224556 1 1 1
v 1.0404408 7.21554518 -2.5762105 1 1 1
v 0.997259498 7.22854996 -2.55582929 1 1 1
v 0.951559007 7.22878408 -2.57578349 1 1 1
v 0.926358521 7.21960354 -2.61607623 1 1 1
v 0.900128484 7.20377445 -2.68057704 1 1 1
v 0.969340324 7.18946028 -2.69058418 1 1 1
v 1.08412969 7.76044369 -2.78723121 1 1 1
v 1.05726504 7.75643969 -2.81954503 1 1 1
v 1.09073973 7.76764631 -2.7503984 1 1 1
v 1.08015335 7.77773046 -2.70975161 1 1 1
v 1.03729868 7.78141403 -2.71003795 1 1 1
v 0.997313619 7.78502893 -2.71317816 1 1 1
v 0.964663148 7.78121281 -2.74759459 1 1 1
v 0.99336201 7.76987743 -2.78399134 1 1 1
v 1.01181686 7.76031113 -2.82288432 1 1 1
v 1.14524603 8.33689785 -2.89207244 1 1 1
v 1.11966252 8.33468533 -2.90530443 1 1 1
v 1.14097512 8.33833599 -2.86366534 1 1 1
v 1.13005745 8.34396744 -2.8431735 1 1 1
v 1.10803652 8.35106468 -2.83128524 1 1 1
v 1.08671689 8.34757042 -2.84534574 1 1 1
v 1.0635314 8.35311508 -2.8632493 1 1 1
v 1.06223547 8.35021782 -2.89759636 1 1 1
v 1.09263933 8.33900356 -2.90902567 1 1 1
v 1.13226247 8.34261036 -2.88498425 1 1 1
v 1.11720622 8.3420763 -2.89745903 1 1 1
v 1.13597977 8.34579754 -2.8660593 1 1 1
v 1.12654126 8.35015869 -2.84949708 1 1 1
v 1.10842907 8.35365105 -2.8430388 1 1 1
v 1.09007943 8.35464001 -2.84972143 1 1 1
v 1.08010209 8.35266113 -2.86641002 1 1 1
v 1.08312619 8.34864521 -2.88530779 1 1 1
v 1.09779298 8.34446716 -2.89753747 1 1 1
v 0.208031997 4.32271242 -0.138714686 1 1 1
v 0.0866239071 4.27688646 -0.192155719 1 1 1
v 0.19954747 4.32041788 -0.145435855 1 1 1
v 0.235844716 4.39997864 -0.0649587438 1 1 1
v 0.241414696 4.41474056 -0.0365341865 1 1 1
v 0.219164342 4.35601473 -0.131323844 1 1 1
v 0.233994558 4.57501602 -0.082913138 1 1 1
v 0.232456714 4.58632946 -0.083618775 1 1 1
v 0.151538953 4.71136904 -0.138149619 1 1 1
v 0.202939495 4.65717554 -0.121821277 1 1 1
v 0.0572800562 4.71101761 -0.183742687 1 1 1
v 0.0216861349 4.70784712 -0.189002782 1 1 1
v 0.120239198 4.70893764 -0.150329471 1 1 1
v -0.0415666513 4.63221121 -0.199963763 1 1 1
v -0.0786018372 4.59605932 -0.206503525 1 1 1
v -0.0945130289 4.53270531 -0.210303873 1 1 1
v -0.13318558 4.41349077 -0.156254113 1 1 1
v -0.0912631303 4.39946318 -0.212638453 1 1 1
v -0.0459639207 4.3169589 -0.208621785 1 1 1
v -0.119848512 4.40677261 -0.173798859 1 1 1
v -0.0927590132 4.40058947 -0.211408734 1 1 1
v 0.0348103419 4.29229116 -0.197612658 1 1 1
v 0.0640974119 4.28711176 -0.200039193 1 1 1
v -2.28583717 8.87064171 -0.957437754 1 1 1
v -2.2793622 8.8719101 -0.964737415 1 1 1
v -2.27305126 8.87460613 -0.952081382 1 1 1
v -2.26985192 8.87399292 -0.966125011 1 1 1
v -2.26173687 8.87591839 -0.960908949 1 1 1
v -2.25880718 8.87678623 -0.951564014 1 1 1
v -2.26244283 8.87618923 -0.942444563 1 1 1
v -2.2709384 8.87440777 -0.937828481 1 1 1
v -2.28032494 8.8722744 -0.939855158 1 1 1
v -2.2861917 8.87079048 -0.947605789 1 1 1
v -0.566427469 5.98375225 -0.235002041 1 1 1
v -0.515914083 6.00814342 -0.309491605 1 1 1
v -0.930030048 6.30763483 -0.496281713 1 1 1
v -0.983519912 6.28267574 -0.40750739 1 1 1
v -0.458401889 6.07729578 -0.332393438 1 1 1
v -0.862855971 6.38637733 -0.511977732 1 1 1
v -0.458814859 6.18501902 -0.31592828 1 1 1
v -0.814601123 6.46701097 -0.477697551 1 1 1
v -0.484060109 6.26243019 -0.25392741 1 1 1
v -0.805841684 6.52237463 -0.391869307 1 1 1
v -0.51472491 6.25831795 -0.166946366 1 1 1
v -0.840868652 6.52855301 -0.291071177 1 1 1
v -0.532631636 6.17522287 -0.100789025 1 1 1
v -0.908218682 6.4629879 -0.245237485 1 1 1
v -0.551944494 6.07410145 -0.0887946188 1 1 1
v -0.966475248 6.38520241 -0.248945042 1 1 1
v -0.580130696 6.00741386 -0.14589256 1 1 1
v -1.00404918 6.30766439 -0.306601852 1 1 1
v -1.37893558 6.68948221 -0.642701864 1 1 1
v -1.42805016 6.66628265 -0.575464606 1 1 1
v -1.31301355 6.74366379 -0.682534397 1 1 1
v -1.27272677 6.80934381 -0.628837943 1 1 1
v -1.2601167 6.85502243 -0.555962145 1 1 1
v -1.28902531 6.86302328 -0.468015522 1 1 1
v -1.35369229 6.81202364 -0.42482838 1 1 1
v -1.41924644 6.74442577 -0.420164019 1 1 1
v -1.43936431 6.6899972 -0.493319571 1 1 1
v -1.78402352 7.122787 -0.830979824 1 1 1
v -1.81889677 7.1212635 -0.748445809 1 1 1
v -1.71045315 7.17260933 -0.817129314 1 1 1
v -1.6555109 7.21635818 -0.787690043 1 1 1
v -1.6293534 7.25269318 -0.717934906 1 1 1
v -1.66664028 7.24839211 -0.643414438 1 1 1
v -1.72956145 7.21611404 -0.611093342 1 1 1
v -1.79317319 7.17352772 -0.617530346 1 1 1
v -1.85364032 7.12302065 -0.664357245 1 1 1
v -2.00834417 7.69667673 -0.882838726 1 1 1
v -2.04657936 7.69205427 -0.835403621 1 1 1
v -1.94838941 7.71568155 -0.899952412 1 1 1
v -1.90561271 7.73943233 -0.858286083 1 1 1
v -1.88916814 7.75676537 -0.803538442 1 1 1
v -1.91029418 7.76104498 -0.745220125 1 1 1
v -1.96519268 7.74424219 -0.725637257 1 1 1
v -2.01905584 7.72343493 -0.731304824 1 1 1
v -2.05718708 7.70077753 -0.774754584 1 1 1
v -2.16977882 8.26751518 -0.99625051 1 1 1
v -2.19177628 8.26609325 -0.959474444 1 1 1
v -2.12581396 8.27801323 -1.00523043 1 1 1
v -2.09899282 8.2887516 -0.971732616 1 1 1
v -2.06950903 8.30199909 -0.936042845 1 1 1
v -2.1019671 8.29718781 -0.90099299 1 1 1
v -2.13457799 8.29218864 -0.875914872 1 1 1
v -2.171736 8.28028107 -0.890335202 1 1 1
v -2.1960721 8.27014446 -0.920117676 1 1 1
v -2.28365827 8.85921001 -0.977545798 1 1 1
v -2.31154084 8.86025143 -0.968385577 1 1 1
v -2.26365733 8.86661148 -0.986916125 1 1 1
v -2.24349689 8.8713522 -0.973878622 1 1 1
v -2.24031568 8.87034988 -0.950764716 1 1 1
v -2.24752235 8.86971378 -0.930398703 1 1 1
v -2.2659955 8.87370014 -0.904766321 1 1 1
v -2.28829455 8.86149502 -0.923434854 1 1 1
v -2.29998374 8.85754395 -0.942058861 1 1 1
v -2.2840724 8.867383 -0.975152969 1 1 1
v -2.29590106 8.86506557 -0.961814821 1 1 1
v -2.26669693 8.87118912 -0.977685809 1 1 1
v -2.25186849 8.87470436 -0.968157291 1 1 1
v -2.24651694 8.87629223 -0.951084137 1 1 1
v -2.25315976 8.87520218 -0.934421003 1 1 1
v -2.26868105 8.87194729 -0.925985813 1 1 1
v -2.28583121 8.86804962 -0.929690361 1 1 1
v -2.2965517 8.86533546 -0.943850994 1 1 1
v -0.186145276 5.63677692 -0.0771167576 1 1 1
v -0.185431525 5.64084673 -0.0843199566 1 1 1
v -0.185251921 5.64211416 -0.0865283012 1 1 1
v -0.154352799 5.65012121 -0.12176884 1 1 1
v -0.108797073 5.66388988 -0.174289241 1 1 1
v -0.0723081082 5.73243284 -0.197178856 1 1 1
v 0.0039771772 5.72964287 -0.192176193 1 1 1
v -0.0909097791 5.73141146 -0.19765079 1 1 1
v -0.0486473851 5.85329056 -0.197984591 1 1 1
v -0.0781964362 5.9333396 -0.199694708 1 1 1
v -0.1568591 6.08400917 -0.14096576 1 1 1
v -0.0971421972 5.9560008 -0.200454101 1 1 1
v -0.135625601 6.04638815 -0.160586759 1 1 1
v -0.204633906 6.07659531 -0.0500684269 1 1 1
v -0.201339379 6.06706619 -0.0219978485 1 1 1
v -0.200879872 6.09115028 -0.0961667448 1 1 1
v -0.194565564 5.97502708 0.0450353771 1 1 1
v -0.155638412 5.90548468 0.0978223234 1 1 1
v -0.128540486 5.72856808 0.140448079 1 1 1
v -0.198163569 5.67654991 0.0541070178 1 1 1
v -0.198700801 5.67109823 0.0504306741 1 1 1
v -0.19810167 5.66413975 0.0468282737 1 1 1
v -0.192344517 5.6521368 -0.00998115726 1 1 1
v 2.40645003 10.2698774 -0.808306158 1 1 1
v 2.4059689 10.2697001 -0.798815012 1 1 1
v 2.394135 10.2747984 -0.804048598 1 1 1
v 2.3998363 10.2714825 -0.791783273 1 1 1
v 2.39088273 10.2744036 -0.790519714 1 1 1
v 2.38331199 10.2770891 -0.795585513 1 1 1
v 2.38066339 10.2782869 -0.804631293 1 1 1
v 2.3841784 10.2774334 -0.813413203 1 1 1
v 2.39220595 10.2749329 -0.817840099 1 1 1
v 2.40099335 10.2719507 -0.815807879 1 1 1
v 0.508083284 6.70489407 -0.18059139 1 1 1
v 0.508269846 6.72147226 -0.091766119 1 1 1
v 0.896360934 7.11115026 -0.205645084 1 1 1
v 0.891106248 7.08462429 -0.305223674 1 1 1
v 0.475703895 6.78386736 -0.0363538601 1 1 1
v 0.846967578 7.17279911 -0.146735579 1 1 1
v 0.456565619 6.89086914 -0.0452802368 1 1 1
v 0.777723789 7.23758984 -0.136448413 1 1 1
v 0.443454176 6.98285913 -0.109207705 1 1 1
v 0.711310983 7.27869987 -0.192387834 1 1 1
v 0.408688992 6.97761965 -0.191154748 1 1 1
v 0.665167511 7.29162359 -0.284632176 1 1 1
v 0.388336867 6.89277935 -0.252633333 1 1 1
v 0.700349033 7.23441887 -0.363075376 1 1 1
v 0.401975065 6.79189348 -0.276938617 1 1 1
v 0.756717741 7.17142296 -0.405568987 1 1 1
v 0.460450262 6.72781658 -0.253552854 1 1 1
v 0.833925366 7.10892773 -0.388834238 1 1 1
v 1.25669265 7.56772518 -0.364108741 1 1 1
v 1.24600577 7.55254126 -0.444896072 1 1 1
v 1.21796453 7.61586332 -0.305897385 1 1 1
v 1.15366971 7.66621494 -0.309201568 1 1 1
v 1.09912229 7.69733381 -0.353434861 1 1 1
v 1.07244349 7.69802237 -0.425620914 1 1 1
v 1.08827734 7.66534615 -0.494258821 1 1 1
v 1.13450956 7.6133709 -0.549120426 1 1 1
v 1.20339644 7.5671978 -0.514069796 1 1 1
v 1.61494052 8.04218292 -0.482881844 1 1 1
v 1.59483993 8.04199696 -0.55837971 1 1 1
v 1.55662644 8.08285332 -0.45045051 1 1 1
v 1.50491571 8.11570549 -0.447336763 1 1 1
v 1.46011758 8.13871193 -0.480000138 1 1 1
v 1.43803203 8.14362335 -0.537825227 1 1 1
v 1.46009636 8.12110519 -0.591055095 1 1 1
v 1.5028832 8.08959961 -0.621269941 1 1 1
v 1.57035744 8.04619122 -0.635783195 1 1 1
v 1.85329747 8.59674168 -0.542500854 1 1 1
v 1.8492161 8.59411526 -0.593775034 1 1 1
v 1.822119 8.61453533 -0.502469003 1 1 1
v 1.77308559 8.63780212 -0.494732708 1 1 1
v 1.72441351 8.65825844 -0.520070374 1 1 1
v 1.7051928 8.66219902 -0.578256607 1 1 1
v 1.72976029 8.64627838 -0.630657911 1 1 1
v 1.77589297 8.6229372 -0.654904723 1 1 1
v 1.82860065 8.59954548 -0.64604336 1 1 1
v 2.07559109 9.15526009 -0.596690774 1 1 1
v 2.06913781 9.14701748 -0.641898811 1 1 1
v 2.04969692 9.17405033 -0.559644759 1 1 1
v 2.00522375 9.19046307 -0.562141955 1 1 1
v 1.96460652 9.20183563 -0.581445098 1 1 1
v 1.95246136 9.1958828 -0.626336455 1 1 1
v 1.96372509 9.1817627 -0.668170989 1 1 1
v 1.99425697 9.15847874 -0.720524192 1 1 1
v 2.04236698 9.14901829 -0.67777586 1 1 1
v 2.24403191 9.68634319 -0.8070364 1 1 1
v 2.25552535 9.67682266 -0.842495263 1 1 1
v 2.22837138 9.69673824 -0.778227091 1 1 1
v 2.19510007 9.70900059 -0.773639262 1 1 1
v 2.16769624 9.71494293 -0.794347227 1 1 1
v 2.15229893 9.71500111 -0.826662302 1 1 1
v 2.16160703 9.70588875 -0.862471879 1 1 1
v 2.19410157 9.6924572 -0.874604225 1 1 1
v 2.22630405 9.68257236 -0.867101431 1 1 1
v 2.41581988 10.2550507 -0.793453932 1 1 1
v 2.41372919 10.2549906 -0.812409222 1 1 1
v 2.41152787 10.2626228 -0.765521824 1 1 1
v 2.38343024 10.2710619 -0.763113379 1 1 1
v 2.36714673 10.2719727 -0.785302162 1 1 1
v 2.34902477 10.2860394 -0.806053758 1 1 1
v 2.37018776 10.2713814 -0.824102283 1 1 1
v 2.38702345 10.2646713 -0.830670416 1 1 1
v 2.40663552 10.2602844 -0.830433369 1 1 1
v 2.41507888 10.2632961 -0.794545889 1 1 1
v 2.41595721 10.2636232 -0.811918318 1 1 1
v 2.40385246 10.2665596 -0.781675994 1 1 1
v 2.38746262 10.2719049 -0.779361427 1 1 1
v 2.37360692 10.276823 -0.788635135 1 1 1
v 2.36875796 10.2790155 -0.805193067 1 1 1
v 2.37519121 10.2774534 -0.821266949 1 1 1
v 2.38988638 10.2728748 -0.82936883 1 1 1
v 2.40597034 10.2674141 -0.825650811 1 1 1
v 0.179473817 6.30622864 0.0138977133 1 1 1
v 0.152931437 6.28597832 0.0555258468 1 1 1
v 0.172506884 6.28566313 -0.0718230084 1 1 1
v 0.183586091 6.30982733 0.0101733441 1 1 1
v 0.0993699804 6.35078239 0.131120428 1 1 1
v 0.0910127386 6.35032892 0.138366446 1 1 1
v 0.111556619 6.35713816 0.123389974 1 1 1
v 0.111202128 6.41095638 0.125511453 1 1 1
v 0.129380643 6.55915976 0.100889012 1 1 1
v 0.0955144018 6.37221956 0.134389669 1 1 1
v 0.202476814 6.77047682 0.00325038563 1 1 1
v 0.197251201 6.78424835 -0.00800803397 1 1 1
v 0.143481404 6.60592747 0.0798160955 1 1 1
v 0.203801498 6.72082186 0.0314351395 1 1 1
v 0.157139719 6.75728321 -0.107392475 1 1 1
v 0.137797639 6.74321604 -0.118145831 1 1 1
v 0.114544049 6.69647074 -0.133079827 1 1 1
v 0.0423343852 6.56718636 -0.179364637 1 1 1
v 0.00239554793 6.37555504 -0.195999369 1 1 1
v 0.034939304 6.52854633 -0.185712695 1 1 1
v 0.0491425805 6.35444307 -0.189240173 1 1 1
v 0.0978174731 6.30554962 -0.167847097 1 1 1
v 0.0353813171 6.36899376 -0.195579991 1 1 1
v 0.164016873 6.32752657 -0.13280277 1 1 1
v 0.167699575 6.3235178 -0.12431176 1 1 1
v 1.06658244 8.91867065 2.73356843 1 1 1
v 1.05645108 8.91967869 2.73422956 1 1 1
v 1.06093657 8.92260838 2.72029495 1 1 1
v 1.04836416 8.92159081 2.72831917 1 1 1
v 1.04612291 8.92351532 2.71855545 1 1 1
v 1.05074573 8.92455387 2.70952845 1 1 1
v 1.06009007 8.92421913 2.70545435 1 1 1
v 1.06977236 8.9226675 2.7082448 1 1 1
v 1.07528126 8.92062473 2.71658325 1 1 1
v 1.0740037 8.91904926 2.72657657 1 1 1
v 0.0728692412 5.55320501 0.570162654 1 1 1
v 0.0637919903 5.44894505 0.58376956 1 1 1
v -0.185974687 5.0745101 0.100515023 1 1 1
v -0.186499298 5.08319378 0.0948900804 1 1 1
v -0.149985328 5.21017647 0.148654923 1 1 1
v -0.137174249 5.26949167 0.1607012 1 1 1
v 0.221068844 5.36732388 0.610887945 1 1 1
v 0.127338305 5.38672447 0.619892538 1 1 1
v 0.30019775 5.70541143 1.08541048 1 1 1
v 0.402058989 5.67930698 1.06196773 1 1 1
v 0.240935162 5.78134155 1.04450798 1 1 1
v 0.225730971 5.85946941 0.983359933 1 1 1
v 0.139128298 5.63491201 0.552820146 1 1 1
v 0.278398097 5.91409492 0.911977172 1 1 1
v 0.229038656 5.6404233 0.524464607 1 1 1
v 0.375373214 5.91895676 0.86437279 1 1 1
v 0.29832536 5.57368374 0.509747386 1 1 1
v 0.456864297 5.85496712 0.882352591 1 1 1
v 0.325794339 5.48044443 0.523398995 1 1 1
v 0.498927712 5.78005505 0.929208159 1 1 1
v 0.299039781 5.39946032 0.566421509 1 1 1
v 0.487675339 5.70455408 1.00148726 1 1 1
v 0.52701509 6.15142918 1.47644234 1 1 1
v 0.601225615 6.13041258 1.46491551 1 1 1
v 0.456327289 6.19730186 1.45958769 1 1 1
v 0.463195086 6.25163031 1.39341593 1 1 1
v 0.499263495 6.28893805 1.33428717 1 1 1
v 0.572759032 6.29537916 1.29264355 1 1 1
v 0.642234027 6.25032902 1.30960739 1 1 1
v 0.691501975 6.19376993 1.35109794 1 1 1
v 0.657976091 6.14984846 1.41558814 1 1 1
v 0.693997145 6.62684965 1.85256457 1 1 1
v 0.768099666 6.62646484 1.82619202 1 1 1
v 0.655913234 6.67100525 1.79984355 1 1 1
v 0.641346812 6.70949078 1.74885702 1 1 1
v 0.673413098 6.73764277 1.69664538 1 1 1
v 0.736543417 6.74065876 1.67032611 1 1 1
v 0.796269536 6.71484089 1.68703473 1 1 1
v 0.82771796 6.67777109 1.73029125 1 1 1
v 0.843976319 6.63051605 1.79531765 1 1 1
v 0.77680254 7.17431498 2.1447084 1 1 1
v 0.833988726 7.16783524 2.13928747 1 1 1
v 0.733998954 7.19878244 2.11482239 1 1 1
v 0.709809184 7.23150873 2.06595731 1 1 1
v 0.748351812 7.25237846 2.01847911 1 1 1
v 0.805164397 7.25126839 2.00361562 1 1 1
v 0.858696997 7.23658609 2.01359296 1 1 1
v 0.884400547 7.20811272 2.05514383 1 1 1
v 0.883228183 7.17862844 2.10670424 1 1 1
v 0.89053756 7.71924162 2.43110776 1 1 1
v 0.938343883 7.71356344 2.42597866 1 1 1
v 0.845733166 7.73733234 2.41043878 1 1 1
v 0.848022819 7.75974655 2.36363769 1 1 1
v 0.862240434 7.78008509 2.31821609 1 1 1
v 0.912914813 7.77609253 2.30814171 1 1 1
v 0.962092936 7.7659483 2.31214786 1 1 1
v 0.989670455 7.74213028 2.35084605 1 1 1
v 0.972476482 7.72309923 2.39478445 1 1 1
v 0.976067781 8.29199791 2.66396785 1 1 1
v 1.0144887 8.28672409 2.66600776 1 1 1
v 0.937474251 8.30151367 2.6495285 1 1 1
v 0.932940602 8.31434727 2.60820961 1 1 1
v 0.953750491 8.32196617 2.57392049 1 1 1
v 0.990008235 8.32655144 2.54493856 1 1 1
v 1.02995896 8.314744 2.56649256 1 1 1
v 1.0415957 8.30220699 2.60232615 1 1 1
v 1.03900313 8.29233551 2.63653064 1 1 1
v 1.04769933 8.91045856 2.75948834 1 1 1
v 1.07403004 8.90606213 2.75169539 1 1 1
v 1.03218687 8.91158581 2.73652482 1 1 1
v 1.02657485 8.91624451 2.71493292 1 1 1
v 1.03425956 8.92143345 2.69179153 1 1 1
v 1.05809379 8.91604137 2.68795633 1 1 1
v 1.08650172 8.91958332 2.68442249 1 1 1
v 1.11030412 8.91648483 2.70770454 1 1 1
v 1.09559166 8.90797997 2.73637056 1 1 1
v 1.05249238 8.91489029 2.74530101 1 1 1
v 1.07096922 8.91305256 2.74409199 1 1 1
v 1.03774703 8.91837692 2.7345202 1 1 1
v 1.0336585 8.92188835 2.71671557 1 1 1
v 1.04208934 8.9237833 2.7002542 1 1 1
v 1.05913079 8.923172 2.69282341 1 1 1
v 1.07678735 8.92034149 2.69791102 1 1 1
v 1.08683288 8.91661644 2.71311903 1 1 1
v 1.08450532 8.91374111 2.73134351 1 1 1
v 0.00877727661 5.02540302 0.217654273 1 1 1
v 0.00800213218 5.02585268 0.218127832 1 1 1
v -0.0757053718 5.02521896 0.199502289 1 1 1
v 0.0558384024 5.00380325 0.195270047 1 1 1
v -0.137389839 5.09496069 0.173048258 1 1 1
v -0.182492167 5.07066488 0.101763465 1 1 1
v -0.0771669075 5.02823496 0.199048117 1 1 1
v -0.128109679 5.09604454 0.184803382 1 1 1
v -0.0237927549 5.4319253 0.204676092 1 1 1
v -0.122549921 5.29333925 0.177624613 1 1 1
v -0.0600448735 5.38340425 0.187709987 1 1 1
v 0.103327885 5.43414116 0.170918226 1 1 1
v 0.0166512281 5.44882011 0.22347559 1 1 1
v 0.0591595583 5.44064045 0.202319741 1 1 1
v 0.136267707 5.38234901 0.148205146 1 1 1
v 0.181604117 5.31890154 0.10877341 1 1 1
v 0.206884563 5.16857862 0.0882188454 1 1 1
v 0.161620662 5.04551888 0.129912019 1 1 1
v 0.131203637 5.03786564 0.156993747 1 1 1
v 0.129715413 5.03732109 0.158063278 1 1 1
v 0.112704597 5.02945518 0.166268051 1 1 1
v -1.07436216 11.4268227 1.72925484 1 1 1
v -1.08032966 11.4278946 1.72233474 1 1 1
v -1.06811094 11.432065 1.71852088 1 1 1
v -1.08053231 11.4305086 1.71352065 1 1 1
v -1.07483435 11.4334488 1.70692539 1 1 1
v -1.06593275 11.4353409 1.7056241 1 1 1
v -1.05797577 11.435297 1.71023679 1 1 1
v -1.05469656 11.4333382 1.71859956 1 1 1
v -1.05761218 11.4303808 1.72680759 1 1 1
v -1.06538284 11.4278116 1.73099911 1 1 1
v -0.231554404 7.54318953 0.358633876 1 1 1
v -0.291780859 7.56598854 0.297796518 1 1 1
v -0.438695431 8.05073547 0.500590861 1 1 1
v -0.374511153 8.0335207 0.5781129 1 1 1
v -0.296895951 7.61273098 0.224412158 1 1 1
v -0.433606058 8.09047318 0.412432641 1 1 1
v -0.263013959 7.69049311 0.186936855 1 1 1
v -0.376216352 8.16543579 0.406866193 1 1 1
v -0.299865216 8.19881248 0.399592876 1 1 1
v -0.188773632 7.59707451 0.0914006308 1 1 1
v -0.1618274 7.72931862 0.122847788 1 1 1
v -0.0720989853 7.71629143 0.315037191 1 1 1
v -0.0826326087 7.61536121 0.348892391 1 1 1
v -0.203662485 8.09252834 0.54377085 1 1 1
v -0.209432334 8.16948128 0.507832885 1 1 1
v -0.14782165 7.56359243 0.378340513 1 1 1
v -0.275691807 8.05253124 0.592906654 1 1 1
v -0.556527197 8.58683205 0.75816375 1 1 1
v -0.491308868 8.57094479 0.818347394 1 1 1
v -0.565480292 8.6330061 0.67835021 1 1 1
v -0.508380234 8.68196297 0.628502429 1 1 1
v -0.429175884 8.70713711 0.629114151 1 1 1
v -0.232241318 8.19336128 0.439543486 1 1 1
v -0.358503908 8.70753956 0.666185796 1 1 1
v -0.329726547 8.6757412 0.732980132 1 1 1
v -0.323779255 8.62878036 0.814362288 1 1 1
v -0.405896336 8.58558083 0.840197444 1 1 1
v -0.752406657 9.04715443 1.10818934 1 1 1
v -0.68083781 9.04541016 1.15689099 1 1 1
v -0.730501056 9.0960865 1.04044986 1 1 1
v -0.691067338 9.13621521 1.00043058 1 1 1
v -0.628909349 9.16571808 0.993262589 1 1 1
v -0.568471611 9.16800404 1.0294435 1 1 1
v -0.543470383 9.14177132 1.08884704 1 1 1
v -0.557193518 9.10236835 1.14470029 1 1 1
v -0.602738261 9.04970169 1.20327282 1 1 1
v -0.916540027 9.60617161 1.35394335 1 1 1
v -0.874201775 9.60233307 1.39265001 1 1 1
v -0.912851989 9.62627029 1.29952145 1 1 1
v -0.884774804 9.65065193 1.25107205 1 1 1
v -0.82357806 9.66902542 1.24106014 1 1 1
v -0.769615412 9.66951752 1.27585959 1 1 1
v -0.744297385 9.65534115 1.33297825 1 1 1
v -0.771689832 9.63046646 1.38342702 1 1 1
v -0.818030655 9.60665798 1.41994882 1 1 1
v -0.968839049 10.2170286 1.49954641 1 1 1
v -0.943299949 10.2126532 1.54167962 1 1 1
v -0.982175112 10.2247944 1.44933474 1 1 1
v -0.938183069 10.2338009 1.42238235 1 1 1
v -0.894333005 10.2408934 1.41007388 1 1 1
v -0.85622865 10.2402411 1.43672383 1 1 1
v -0.832391858 10.2357168 1.47875118 1 1 1
v -0.826151311 10.2256222 1.5453459 1 1 1
v -0.894025326 10.2173958 1.5439651 1 1 1
v -1.01167083 10.8287277 1.55503428 1 1 1
v -1.00113273 10.8223972 1.59705162 1 1 1
v -1.01440668 10.8349333 1.52239549 1 1 1
v -0.994924128 10.8433943 1.49361849 1 1 1
v -0.959529459 10.8485031 1.49128592 1 1 1
v -0.926427364 10.8501453 1.50603724 1 1 1
v -0.897347569 10.8475084 1.5413661 1 1 1
v -0.929909945 10.8363848 1.57209086 1 1 1
v -0.958185136 10.8285923 1.59289718 1 1 1
v -1.09214461 11.4144278 1.72380936 1 1 1
v -1.0780586 11.4118662 1.7354883 1 1 1
v -1.10740852 11.4255323 1.70211732 1 1 1
v -1.08832181 11.4339333 1.68224537 1 1 1
v -1.06187952 11.4316597 1.68706679 1 1 1
v -1.03378415 11.4427452 1.69042218 1 1 1
v -1.03831744 11.4259682 1.71604609 1 1 1
v -1.04643905 11.4186726 1.7312063 1 1 1
v -1.06068552 11.414587 1.74389207 1 1 1
v -1.09016263 11.4223099 1.72488153 1 1 1
v -1.07921815 11.4203463 1.73756993 1 1 1
v -1.09053218 11.427104 1.7087208 1 1 1
v -1.0800848 11.4324961 1.69662666 1 1 1
v -1.06376243 11.4359646 1.69424164 1 1 1
v -1.04917145 11.4358845 1.70269978 1 1 1
v -1.04315817 11.432292 1.7180326 1 1 1
v -1.04850626 11.4268713 1.73308277 1 1 1
v -1.06275308 11.4221582 1.74077046 1 1 1
v -0.199977607 7.05729628 0.107549295 1 1 1
v -0.112104081 7.00965691 0.180285603 1 1 1
v -0.121851556 7.0206852 0.177315772 1 1 1
v -0.137167633 7.01663303 0.155432373 1 1 1
v -0.209627524 7.14887667 0.0289642233 1 1 1
v -0.199183002 7.10397005 0.000482621981 1 1 1
v -0.225560248 7.21640205 0.0792550147 1 1 1
v -0.196438521 7.22787094 0.0115569709 1 1 1
v -0.190169871 7.3867321 0.0250685494 1 1 1
v -0.201017991 7.53357506 0.0774231553 1 1 1
v -0.20071806 7.53454781 0.0775798336 1 1 1
v -0.20054549 7.53568077 0.0778527185 1 1 1
v -0.0211026203 7.59789371 0.197098404 1 1 1
v 0.00323872082 7.53595781 0.204871491 1 1 1
v 0.0247715358 7.48242903 0.206325188 1 1 1
v 0.0930526629 7.08903265 0.158421069 1 1 1
v 0.0267421901 7.47110462 0.206564918 1 1 1
v 0.051948566 7.35554981 0.188347086 1 1 1
v 0.00757554825 7.06237841 0.212848037 1 1 1
v -0.0014078262 7.04328775 0.212929294 1 1 1
v 0.0866418481 7.0744381 0.161411986 1 1 1
v -0.0266475566 7.05245876 0.212114796 1 1 1
v -0.109369904 7.75459433 0.176790729 1 1 1
v -0.061163865 7.69761324 0.18456246 1 1 1
v -0.147770166 7.75440454 0.141559839 1 1 1
v -0.272001833 10.5354748 -1.54012549 1 1 1
v -0.263569653 10.5361805 -1.53737283 1 1 1
v -0.27166909 10.5384026 -1.5274241 1 1 1
v -0.258903623 10.5375156 -1.52992129 1 1 1
v -0.260214865 10.5388594 -1.52122545 1 1 1
v -0.266859144 10.5395832 -1.51536155 1 1 1
v -0.275746435 10.5393476 -1.51507413 1 1 1
v -0.282707334 10.5382624 -1.52049828 1 1 1
v -0.284503698 10.5368357 -1.52909362 1 1 1
v -0.280264169 10.535737 -1.53683329 1 1 1
v -0.0199569575 7.99600649 -0.430732548 1 1 1
v 0.0562612563 8.02302265 -0.409979463 1 1 1
v 0.0312462989 8.42845535 -0.726019382 1 1 1
v -0.0540885925 8.39592648 -0.751573622 1 1 1
v 0.0904774368 8.10860825 -0.372604191 1 1 1
v 0.0627328604 8.48576546 -0.665656328 1 1 1
v 0.0787927881 8.20595455 -0.328260303 1 1 1
v 0.0222469699 8.56085205 -0.640043378 1 1 1
v -0.0322248489 8.59006786 -0.588187575 1 1 1
v 0.0815156847 8.14557457 -0.168426618 1 1 1
v 0.0802835077 8.14818192 -0.169472858 1 1 1
v 0.0606292859 8.18735027 -0.182700515 1 1 1
v 0.0552030578 8.20010662 -0.189124778 1 1 1
v 0.0317079686 8.23747253 -0.19143793 1 1 1
v -0.133785099 8.17967033 -0.317969561 1 1 1
v -0.140861481 8.08335304 -0.363155663 1 1 1
v -0.181645453 8.46466446 -0.657907784 1 1 1
v -0.156889886 8.54127407 -0.63254118 1 1 1
v -0.0989365205 8.01650429 -0.410016179 1 1 1
v -0.14354457 8.41220284 -0.721794069 1 1 1
v -0.0330083594 8.87492657 -1.09955657 1 1 1
v -0.110781588 8.85430431 -1.11308444 1 1 1
v 0.00671426579 8.92100143 -1.04188991 1 1 1
v -0.0203129444 8.96162224 -0.978069544 1 1 1
v -0.078265883 8.98310471 -0.936083674 1 1 1
v -0.104588449 8.57884121 -0.585185468 1 1 1
v -0.152653366 8.97610378 -0.931443572 1 1 1
v -0.207540512 8.94192219 -0.969102085 1 1 1
v -0.2449705 8.89387226 -1.03160155 1 1 1
v -0.188316271 8.85953808 -1.09069574 1 1 1
v -0.111601099 9.39099407 -1.38648605 1 1 1
v -0.187739208 9.37971878 -1.38622093 1 1 1
v -0.100910656 9.41929531 -1.31562483 1 1 1
v -0.112058379 9.43993759 -1.26011145 1 1 1
v -0.157626674 9.44816113 -1.22393882 1 1 1
v -0.217665315 9.4444685 -1.21395957 1 1 1
v -0.258520663 9.42266369 -1.25364494 1 1 1
v -0.271590084 9.40000343 -1.30622613 1 1 1
v -0.267383635 9.37210846 -1.38190591 1 1 1
v -0.215059072 9.95610523 -1.48370385 1 1 1
v -0.254932016 9.9512434 -1.49131584 1 1 1
v -0.188813046 9.96534252 -1.44963694 1 1 1
v -0.199303672 9.97298527 -1.40761316 1 1 1
v -0.228479132 9.9780798 -1.37380803 1 1 1
v -0.276676178 9.97592258 -1.36766016 1 1 1
v -0.315072834 9.96671391 -1.39797342 1 1 1
v -0.32098794 9.95639896 -1.44481647 1 1 1
v -0.297297478 9.95004845 -1.48384321 1 1 1
v -0.253167957 10.5253859 -1.54857099 1 1 1
v -0.272173852 10.5238333 -1.55488813 1 1 1
v -0.244724199 10.527401 -1.53118312 1 1 1
v -0.245436132 10.5315371 -1.51210654 1 1 1
v -0.257829636 10.537919 -1.49240875 1 1 1
v -0.284338772 10.5393362 -1.48860836 1 1 1
v -0.297750592 10.5309591 -1.5097959 1 1 1
v -0.300163776 10.5267963 -1.52987897 1 1 1
v -0.296760857 10.5272646 -1.5544765 1 1 1
v -0.256720215 10.532176 -1.54536164 1 1 1
v -0.272212416 10.5308828 -1.55041707 1 1 1
v -0.248150617 10.5346317 -1.53167057 1 1 1
v -0.250558019 10.5371008 -1.51569486 1 1 1
v -0.262764454 10.5384312 -1.5049237 1 1 1
v -0.279092193 10.5379982 -1.5043962 1 1 1
v -0.291880369 10.536005 -1.51435983 1 1 1
v -0.295179397 10.5333843 -1.53015077 1 1 1
v -0.287393034 10.5313635 -1.54437029 1 1 1
v 0.0597445071 7.58388853 -0.152843207 1 1 1
v 0.0682877004 7.5790863 -0.146333501 1 1 1
v 0.12327823 7.55902147 -0.110561885 1 1 1
v 0.0169360097 7.54857254 -0.151361048 1 1 1
v 0.16412282 7.71968985 -0.086520955 1 1 1
v 0.15853411 7.71372366 -0.0948388427 1 1 1
v 0.12400385 7.98836184 -0.128577605 1 1 1
v 0.120931037 8.00878429 -0.131967008 1 1 1
v 0.156827196 7.77184248 -0.0984235033 1 1 1
v -0.13525629 7.96145105 -0.111632317 1 1 1
v -0.10213282 8.1326046 -0.164549276 1 1 1
v -0.149069756 7.67319965 -0.0668343604 1 1 1
v -0.149078831 7.67257452 -0.0667293072 1 1 1
v -0.133949906 7.62849045 -0.0781153664 1 1 1
v -0.0913830996 7.57445526 -0.124382481 1 1 1
v -0.149056256 7.67253542 -0.0667790025 1 1 1
v -0.0659641027 7.61505747 -0.158380106 1 1 1
v -0.0506137945 7.60084295 -0.155915052 1 1 1
v -0.0524771363 8.22687626 -0.198888853 1 1 1
v -0.0693445578 8.2176981 -0.195441872 1 1 1
v -0.0765857473 8.20792007 -0.188569441 1 1 1
v -0.097302705 8.14878654 -0.171345949 1 1 1
v -0.353540093 9.85075188 -0.00133539492 1 1 1
v -0.353596985 9.84929276 -0.00951003935 1 1 1
v -0.342148691 9.84955502 -0.00544562005 1 1 1
v -0.34836176 9.84758186 -0.0157192852 1 1 1
v -0.340248436 9.84641743 -0.0170418117 1 1 1
v -0.33306846 9.84634209 -0.0128833447 1 1 1
v -0.330176294 9.84739399 -0.00517336326 1 1 1
v -0.332928598 9.84907722 0.00247156993 1 1 1
v -0.340030402 9.85060978 0.00648984872 1 1 1
v -0.348163694 9.85126686 0.00497296406 1 1 1
v -0.297995478 9.05802155 0.0804581046 1 1 1
v -0.299925625 9.0602293 0.0169334635 1 1 1
v -0.470646769 9.41077518 0.0448821001 1 1 1
v -0.475420743 9.41534042 0.103713356 1 1 1
v -0.271067262 9.08972168 -0.0275428966 1 1 1
v -0.427856028 9.41195393 0.00983836502 1 1 1
v -0.240236908 9.14791107 -0.034219116 1 1 1
v -0.37795949 9.41722488 -0.00323924329 1 1 1
v -0.200390026 9.19609356 -0.0104139661 1 1 1
v -0.288965702 9.48201656 -0.00133456616 1 1 1
v -0.258102477 9.47878838 0.0319728553 1 1 1
v -0.139706954 9.09169769 0.0346543007 1 1 1
v -0.144218251 9.1123867 0.0590002425 1 1 1
v -0.195630401 9.17794132 0.106227629 1 1 1
v -0.231418192 9.13733673 0.137407839 1 1 1
v -0.378201485 9.42862797 0.143945932 1 1 1
v -0.288443506 9.48164558 0.0740558505 1 1 1
v -0.265152603 9.08270073 0.128649428 1 1 1
v -0.43335098 9.42304611 0.144495085 1 1 1
v -0.389786988 9.85427856 -0.0234115869 1 1 1
v -0.371960133 9.84716702 0.00606836006 1 1 1
v -0.356573552 9.83713818 -0.0262083709 1 1 1
v -0.338001788 9.8360796 -0.0341120325 1 1 1
v -0.319410652 9.83595943 -0.0236579571 1 1 1
v -0.310782433 9.83910465 -0.00383012835 1 1 1
v -0.321839511 9.84122467 0.0140769128 1 1 1
v -0.338410735 9.84405613 0.0223615542 1 1 1
v -0.368830264 9.86550045 0.0404854529 1 1 1
v -0.363498479 9.84706211 -0.0125846621 1 1 1
v -0.363390505 9.84975529 0.00249596452 1 1 1
v -0.353839546 9.84390831 -0.0240365341 1 1 1
v -0.338873178 9.84175968 -0.0264765434 1 1 1
v -0.325629115 9.8416214 -0.0188052356 1 1 1
v -0.320293665 9.84356022 -0.00458265562 1 1 1
v -0.325370073 9.84666634 0.00951861497 1 1 1
v -0.33847186 9.84949303 0.0169292316 1 1 1
v -0.353475153 9.85070515 0.0141345505 1 1 1
v -0.159992874 8.68239975 -0.0300634913 1 1 1
v -0.15148291 8.67381573 0.0725361481 1 1 1
v -0.151583433 8.67393303 0.0723919645 1 1 1
v -0.166989177 8.69274712 0.0577795357 1 1 1
v -0.153670415 8.72956562 -0.0558692999 1 1 1
v -0.149491802 8.73889446 -0.0658987164 1 1 1
v -0.116250567 8.73879337 -0.102724321 1 1 1
v -0.111530751 8.88860512 -0.0956804007 1 1 1
v -0.115717344 8.78030777 -0.0997344777 1 1 1
v -0.132650569 9.06274796 -0.040756505 1 1 1
v -0.123081893 8.94806004 -0.0781204626 1 1 1
v -0.133293584 9.06388378 -0.039422594 1 1 1
v -0.137733638 9.08665848 0.0248359274 1 1 1
v -0.116466992 9.01008511 0.128213689 1 1 1
v -0.146192893 9.08269882 0.0852331221 1 1 1
v -0.0877364576 8.86244869 0.170566872 1 1 1
v -0.0866882205 8.86007595 0.170808315 1 1 1
v -0.105016507 8.95932007 0.144599199 1 1 1
v -0.0893527493 8.78188992 0.166472584 1 1 1
v -0.0904730558 8.77220249 0.164492294 1 1 1
v -0.0917265192 8.76294613 0.162587658 1 1 1
v -0.0978457257 8.71239948 0.15223664 1 1 1
v -0.149728045 9.09625721 0.0801585242 1 1 1
v 0.134967983 10.6614571 0.45423454 1 1 1
v 0.133545578 10.6583662 0.461431652 1 1 1
v 0.123648256 10.6588411 0.455304325 1 1 1
v 0.127602994 10.6551619 0.465644479 1 1 1
v 0.119891018 10.6533461 0.464878827 1 1 1
v 0.114027031 10.6537609 0.459518254 1 1 1
v 0.112753473 10.6562166 0.452055335 1 1 1
v 0.116667733 10.6595621 0.445991635 1 1 1
v 0.1239345 10.6622372 0.444148183 1 1 1
v 0.131153345 10.6629791 0.447413653 1 1 1
v 0.237667441 9.73313904 0.148156375 1 1 1
v 0.22837159 9.72349453 0.206854582 1 1 1
v 0.315534145 10.1851568 0.317734241 1 1 1
v 0.325156063 10.2012548 0.270319849 1 1 1
v 0.193828121 9.74331284 0.252308398 1 1 1
v 0.280923098 10.1684666 0.361942858 1 1 1
v 0.154249772 9.79324913 0.258686125 1 1 1
v 0.228139624 10.1682186 0.336102873 1 1 1
v 0.12183401 9.83420753 0.235629231 1 1 1
v 0.145568326 10.2152386 0.334377646 1 1 1
v 0.13273114 10.2177782 0.301119179 1 1 1
v 0.129407048 9.7318182 0.151086807 1 1 1
v 0.134120896 9.76814461 0.147847354 1 1 1
v 0.204049885 9.84310055 0.107967675 1 1 1
v 0.215343431 9.76029587 0.103146963 1 1 1
v 0.2962147 10.2094393 0.231818348 1 1 1
v 0.195419356 10.2385912 0.260707408 1 1 1
v 0.15262188 10.6539164 0.471235663 1 1 1
v 0.154211953 10.6605358 0.450638264 1 1 1
v 0.136707664 10.6456881 0.487605155 1 1 1
v 0.115378968 10.6396313 0.478082567 1 1 1
v 0.0995684192 10.6407518 0.464659333 1 1 1
v 0.09578114 10.6473532 0.444913775 1 1 1
v 0.155454069 10.2403755 0.277338028 1 1 1
v 0.112153597 10.651701 0.43361339 1 1 1
v 0.125958622 10.6614494 0.425705671 1 1 1
v 0.146748185 10.6684389 0.430817693 1 1 1
v 0.142446384 10.6561613 0.465961725 1 1 1
v 0.145073637 10.6618824 0.452649236 1 1 1
v 0.131454125 10.650239 0.47375083 1 1 1
v 0.117190361 10.6468792 0.472335726 1 1 1
v 0.106346041 10.647646 0.462422103 1 1 1
v 0.103990711 10.6521893 0.448619127 1 1 1
v 0.111229405 10.6583757 0.437403858 1 1 1
v 0.124669984 10.6633234 0.433995366 1 1 1
v 0.138021693 10.6646957 0.44003123 1 1 1
v 0.19585301 9.28387928 0.0631030276 1 1 1
v 0.166456476 9.23236752 0.109219357 1 1 1
v 0.181798592 9.24751091 0.0123041654 1 1 1
v 0.193233162 9.27388191 0.0397455245 1 1 1
v 0.148555323 9.2841835 0.147897243 1 1 1
v 0.140085593 9.3049221 0.166446865 1 1 1
v 0.111767933 9.28804207 0.181750104 1 1 1
v 0.0898112357 9.39665222 0.204568714 1 1 1
v 0.0731971934 9.42725658 0.210704133 1 1 1
v 0.0581107624 9.59652424 0.198366389 1 1 1
v 0.107049815 9.68747997 0.157368332 1 1 1
v 0.209941417 9.7366066 0.0578670613 1 1 1
v 0.218469456 9.71481037 0.0412230827 1 1 1
v 0.195495188 9.63690948 0.010149315 1 1 1
v 0.168545559 9.5306263 -0.0231727585 1 1 1
v 0.154275626 9.47297573 -0.0412247628 1 1 1
v 0.102866113 9.39230442 -0.0685118958 1 1 1
v 0.12344157 9.2555027 -0.0753544793 1 1 1
v 0.134336054 9.27034283 -0.0646346584 1 1 1
v 0.152496144 9.28295994 -0.0429466404 1 1 1
v 0.181512028 9.85343361 0.113912188 1 1 1
v 0.169083714 9.8601675 0.136413768 1 1 1
v 0.185788929 9.83929729 0.105879933 1 1 1
v 1.59180593 11.226882 0.272079259 1 1 1
v 1.59012222 11.226265 0.280511349 1 1 1
v 1.58002532 11.2307825 0.274448037 1 1 1
v 1.5836277 11.2273722 0.286064506 1 1 1
v 1.57532871 11.2296982 0.286118388 1 1 1
v 1.56911778 11.2321491 0.280675292 1 1 1
v 1.56789994 11.2335787 0.272263974 1 1 1
v 1.57224631 11.2333183 0.264830798 1 1 1
v 1.58011937 11.231493 0.261836231 1 1 1
v 1.5878346 11.2289524 0.264711797 1 1 1
v 0.440605491 8.60898399 -0.00604205672 1 1 1
v 0.427941918 8.61472607 0.0730455071 1 1 1
v 0.724241376 9.04358196 0.117862731 1 1 1
v 0.740615845 9.03586674 0.0276134983 1 1 1
v 0.379620403 8.66422653 0.12442068 1 1 1
v 0.670702636 9.08725071 0.171864524 1 1 1
v 0.316008776 8.74894714 0.127815753 1 1 1
v 0.647449374 9.14408112 0.144462168 1 1 1
v 0.587674081 9.17396545 0.101194985 1 1 1
v 0.13816613 8.74397945 0.105655789 1 1 1
v 0.139775619 8.76090431 0.101421028 1 1 1
v 0.330436409 8.82738304 -0.071120955 1 1 1
v 0.361371398 8.71758652 -0.0944590494 1 1 1
v 0.639931917 9.13188648 -0.0603823252 1 1 1
v 0.638677835 9.18620396 -0.0251017343 1 1 1
v 0.402451307 8.62839317 -0.0733068883 1 1 1
v 0.701516509 9.07591343 -0.0443458334 1 1 1
v 1.12150085 9.49573421 0.121528618 1 1 1
v 1.13531232 9.49146461 0.0499384888 1 1 1
v 1.08082747 9.52022362 0.185140878 1 1 1
v 1.01541197 9.56616402 0.176973388 1 1 1
v 0.973334312 9.59897804 0.127284899 1 1 1
v 0.590137124 9.19190025 0.0316118263 1 1 1
v 0.959342003 9.61406708 0.0584445782 1 1 1
v 0.994205832 9.59364414 -0.000515475636 1 1 1
v 1.04780924 9.56111813 -0.0536230579 1 1 1
v 1.10921907 9.51512051 -0.0188988727 1 1 1
v 1.37837803 10.0503712 0.169284075 1 1 1
v 1.38475931 10.0545435 0.112432189 1 1 1
v 1.3330977 10.0615005 0.203379706 1 1 1
v 1.27826834 10.0795918 0.208418131 1 1 1
v 1.23896503 10.0971403 0.169543445 1 1 1
v 1.22188509 10.1098671 0.112829328 1 1 1
v 1.26123309 10.1011133 0.0683564395 1 1 1
v 1.31029046 10.0881815 0.0405864045 1 1 1
v 1.37643254 10.0663404 0.0445444323 1 1 1
v 1.48091781 10.6367435 0.237316728 1 1 1
v 1.4692682 10.6444101 0.190746248 1 1 1
v 1.43446314 10.6451578 0.249091402 1 1 1
v 1.39823294 10.6534462 0.252182066 1 1 1
v 1.37179053 10.6628075 0.226990864 1 1 1
v 1.36409009 10.6694078 0.190349832 1 1 1
v 1.37294924 10.6741819 0.143133 1 1 1
v 1.42034233 10.6649113 0.127550602 1 1 1
v 1.45525014 10.6522923 0.156386048 1 1 1
v 1.59801149 11.2124987 0.285608798 1 1 1
v 1.61725831 11.2167187 0.266662747 1 1 1
v 1.58764517 11.2163448 0.303452939 1 1 1
v 1.56641173 11.2222624 0.303503752 1 1 1
v 1.55394709 11.2256126 0.286973178 1 1 1
v 1.55044913 11.2294865 0.268520027 1 1 1
v 1.55285573 11.2400513 0.240786046 1 1 1
v 1.57831061 11.2255754 0.243598327 1 1 1
v 1.59517729 11.2188368 0.251775086 1 1 1
v 1.59804201 11.2204437 0.285347551 1 1 1
v 1.60113823 11.2215843 0.269826651 1 1 1
v 1.58608842 11.2224846 0.295566291 1 1 1
v 1.5708133 11.2267656 0.295666069 1 1 1
v 1.55938351 11.2312765 0.28564781 1 1 1
v 1.55714214 11.2339096 0.270166844 1 1 1
v 1.5651406 11.2334299 0.256486624 1 1 1
v 1.57963216 11.2300692 0.250976771 1 1 1
v 1.59383118 11.2253904 0.25626564 1 1 1
v 0.216648087 8.21932507 -0.00319875148 1 1 1
v 0.211751848 8.21291161 0.0064236708 1 1 1
v 0.171949029 8.14933109 0.0502018891 1 1 1
v 0.167300567 8.14211369 0.0559407026 1 1 1
v 0.191413 8.1569519 -0.0515203364 1 1 1
v 0.124188818 8.1967268 0.105145179 1 1 1
v 0.103828445 8.20598125 0.124956936 1 1 1
v 0.16460754 8.14935493 0.0587171167 1 1 1
v 0.131499127 8.19553471 0.0988457128 1 1 1
v 0.0990542248 8.35124683 0.132818192 1 1 1
v 0.0987993702 8.44349861 0.136724412 1 1 1
v 0.136517808 8.69987011 0.111929506 1 1 1
v 0.127932206 8.63062382 0.119291089 1 1 1
v 0.167695165 8.73780155 -0.0642454401 1 1 1
v 0.163636237 8.69426441 -0.0928833783 1 1 1
v 0.154001385 8.667943 -0.100677595 1 1 1
v 0.0726661757 8.28268337 -0.173026025 1 1 1
v 0.125095144 8.54652977 -0.125282899 1 1 1
v 0.100057237 8.14820671 -0.155030236 1 1 1
v 0.106311925 8.1110878 -0.148380592 1 1 1
v 0.0698461831 8.23870373 -0.174491331 1 1 1
v 0.1461678 8.1603632 -0.121003203 1 1 1
v 0.146275043 8.15796852 -0.119273275 1 1 1
v 0.135199338 8.14825058 -0.129362628 1 1 1
v 0.141016752 8.76401711 0.0988742858 1 1 1
v 0.176134899 8.79932976 0.0367201902 1 1 1
v 0.179099232 8.80234241 0.0317919254 1 1 1
v 0.17485483 8.79336548 -0.00809050072 1 1 1
v 0.172274247 8.77205753 -0.0278582443 1 1 1
v 0.198381528 11.1782303 -0.250546128 1 1 1
v 0.204101205 11.1752071 -0.254477859 1 1 1
v 0.205542356 11.1732912 -0.243662581 1 1 1
v 0.210300639 11.1710014 -0.25341776 1 1 1
v 0.214080513 11.167572 -0.247827619 1 1 1
v 0.213684127 11.166523 -0.240347072 1 1 1
v 0.209287331 11.1683464 -0.234464079 1 1 1
v 0.202952355 11.1721888 -0.232937708 1 1 1
v 0.197635263 11.1762543 -0.236470297 1 1 1
v 0.195841685 11.1786337 -0.243425593 1 1 1
v -0.0813034922 10.2885132 -0.218445182 1 1 1
v -0.0342156813 10.2819309 -0.248808146 1 1 1
v -0.0904002562 10.7410927 -0.384437948 1 1 1
v -0.12963143 10.7537689 -0.364220977 1 1 1
v 0.0184279941 10.2922153 -0.249545604 1 1 1
v -0.0396597758 10.7261257 -0.391196996 1 1 1
v 0.0323169865 10.3515949 -0.236442655 1 1 1
v -0.0237573646 10.718729 -0.340290695 1 1 1
v 0.0326266363 10.377779 -0.190939546 1 1 1
v -0.0195967332 10.7172556 -0.298180401 1 1 1
v -0.00217658561 10.391799 -0.150672257 1 1 1
v -0.0350897089 10.7237043 -0.245626405 1 1 1
v -0.0542798936 10.3897228 -0.140507326 1 1 1
v -0.0872075558 10.7385435 -0.258994609 1 1 1
v -0.0971670374 10.3679352 -0.151315764 1 1 1
v -0.132228106 10.7542229 -0.272137284 1 1 1
v -0.104205936 10.3191319 -0.17771028 1 1 1
v -0.137539253 10.7553082 -0.320450008 1 1 1
v 0.199277207 11.1756544 -0.275264472 1 1 1
v 0.183918118 11.1816921 -0.262409657 1 1 1
v 0.220065266 11.1646767 -0.275603175 1 1 1
v 0.224881217 11.1539011 -0.255364031 1 1 1
v 0.224597812 11.1510448 -0.235547453 1 1 1
v 0.213065073 11.1559401 -0.219424635 1 1 1
v 0.19541277 11.1634321 -0.223748103 1 1 1
v 0.182531804 11.1755562 -0.226729497 1 1 1
v 0.174598873 11.1871052 -0.243412733 1 1 1
v 0.201840207 11.1752644 -0.264008671 1 1 1
v 0.19122836 11.1808748 -0.256711215 1 1 1
v 0.213343367 11.1674614 -0.262038946 1 1 1
v 0.220357746 11.1610985 -0.251668334 1 1 1
v 0.219622061 11.1591511 -0.237788662 1 1 1
v 0.211463243 11.1625347 -0.226871759 1 1 1
v 0.199709028 11.1696625 -0.224039778 1 1 1
v 0.189843446 11.1772089 -0.230595946 1 1 1
v 0.186512038 11.1816225 -0.243500069 1 1 1
v -0.0232998058 9.82334042 -0.130773619 1 1 1
v 0.0164131727 9.80590439 -0.142803699 1 1 1
v -0.0571608059 9.79922104 -0.0830411986 1 1 1
v -0.0460755825 9.79955196 -0.0930218622 1 1 1
v 0.0904628113 9.86277676 -0.151770622 1 1 1
v 0.115270592 9.80920792 -0.121734507 1 1 1
v 0.060372632 9.8621521 -0.156739011 1 1 1
v 0.0965109542 9.97558212 -0.164931864 1 1 1
v 0.0969723687 10.0099077 -0.16916801 1 1 1
v 0.0976474583 10.0169802 -0.169432878 1 1 1
v 0.0985371247 10.0195112 -0.16884844 1 1 1
v 0.100818448 10.0176144 -0.166196525 1 1 1
v 0.101970822 10.0176573 -0.164994672 1 1 1
v 0.103378057 10.0183525 -0.161817357 1 1 1
v 0.107136399 10.0649757 -0.133086056 1 1 1
v 0.11996302 10.0504646 -0.0784627199 1 1 1
v 0.0480367616 10.0759907 -0.02561564 1 1 1
v 0.106453881 10.0563745 -0.0748532414 1 1 1
v 0.0778202042 10.091464 -0.0869883597 1 1 1
v 0.0739709809 10.0906277 -0.0837497413 1 1 1
v 0.0716402531 10.0896721 -0.0813950524 1 1 1
v -0.0110259708 10.0703993 -0.0122574661 1 1 1
v -0.0305682383 10.0606146 -0.00104654185 1 1 1
v 0.0474625155 10.0756426 -0.0252665598 1 1 1
v 0.0299802069 10.0702848 -0.0187286641 1 1 1
v -0.0594848692 10.0459137 -0.00772345532 1 1 1
v -0.0763525963 10.0403414 -0.0158397034 1 1 1
v -0.0952001885 10.033164 -0.0244695041 1 1 1
v -0.097954087 10.0086622 -0.0149080353 1 1 1
v -0.0384976119 10.0529308 -0.000800338457 1 1 1
v -0.100813799 9.86477089 -0.0206300803 1 1 1
v -0.099739939 9.86539555 -0.0255384184 1 1 1
v -0.0934142321 9.86559772 -0.053699404 1 1 1
v 0.978454649 12.0110664 -0.23884809 1 1 1
v 0.97355175 12.011754 -0.233612001 1 1 1
v 0.972454906 12.0122604 -0.239663616 1 1 1
v 0.967048407 12.0121632 -0.236689135 1 1 1
v 0.967931747 12.0117273 -0.243828073 1 1 1
v 0.974981368 12.0110502 -0.245162874 1 1 1
v 0.492429912 11.1429501 -0.251005292 1 1 1
v 0.491966784 11.1578445 -0.232771814 1 1 1
v 0.926655829 11.4419022 -0.191827804 1 1 1
v 0.944414139 11.433979 -0.207892776 1 1 1
v 0.497835457 11.1799717 -0.240358502 1 1 1
v 0.904997289 11.4518347 -0.200819314 1 1 1
v 0.496223778 11.1774874 -0.26459524 1 1 1
v 0.907063663 11.4510574 -0.227677047 1 1 1
v 0.49252665 11.1537113 -0.272802204 1 1 1
v 0.935679674 11.4382706 -0.238779545 1 1 1
v 0.973832071 12.0081139 -0.230309561 1 1 1
v 0.980776846 12.0068111 -0.238301486 1 1 1
v 0.948751211 12.0223217 -0.226618677 1 1 1
v 0.9659549 12.0074358 -0.245117992 1 1 1
v 0.975802481 12.0068178 -0.247449458 1 1 1
v 0.0455008261 10.8399973 -0.276144952 1 1 1
v 0.050945852 10.8665562 -0.247895643 1 1 1
v 0.0408119634 10.8262653 -0.290554434 1 1 1
v 0.0472950526 10.8360825 -0.281023473 1 1 1
v 0.0981539935 10.9327221 -0.263247699 1 1 1
v 0.0893411413 10.922658 -0.261305064 1 1 1
v 0.0968747661 10.929862 -0.299086779 1 1 1
v 0.0874693766 10.92521 -0.317543209 1 1 1
v 0.10240569 10.9339819 -0.266888261 1 1 1
v 0.0983461365 10.9312763 -0.288793802 1 1 1
v 0.0457731523 10.8561392 -0.336828768 1 1 1
v 0.0486423932 10.8454447 -0.315561354 1 1 1
v 0.0467564538 10.8414736 -0.310551643 1 1 1
v 1.0288502 11.0174732 -0.222678274 1 1 1
v 1.02909696 11.0188932 -0.210747153 1 1 1
v 1.02161348 11.0221109 -0.21702753 1 1 1
v 1.01845729 11.0232983 -0.207310349 1 1 1
v 1.01163459 11.0246029 -0.217117578 1 1 1
v 1.0180577 11.0210018 -0.226615652 1 1 1
v 0.315998226 9.85237789 0.177933022 1 1 1
v 0.335467607 9.89311886 0.268132746 1 1 1
v 0.662134886 10.1781797 0.0526998825 1 1 1
v 0.654103637 10.1465273 -0.0159083512 1 1 1
v 0.27644971 9.97418118 0.279116213 1 1 1
v 0.585305452 10.2511883 0.0554075725 1 1 1
v 0.558547676 10.2681284 0.0124535151 1 1 1
v 0.272208482 9.97489071 0.272792667 1 1 1
v 0.276623458 9.97906399 0.268235862 1 1 1
v 0.282252461 9.99195576 0.245253503 1 1 1
v 0.288757622 10.0065012 0.219495401 1 1 1
v 0.277660519 10.0105333 0.198015198 1 1 1
v 0.260705858 10.0122299 0.175321519 1 1 1
v 0.259492248 10.0120344 0.174415499 1 1 1
v 0.244947463 9.9082613 0.13316983 1 1 1
v 0.573440611 10.2220583 -0.0188861787 1 1 1
v 0.88477087 10.5609207 -0.134839162 1 1 1
v 0.882813215 10.5482941 -0.183417693 1 1 1
v 0.844089627 10.5842638 -0.122639343 1 1 1
v 0.81595242 10.5872355 -0.161122829 1 1 1
v 0.8361637 10.5653162 -0.205259711 1 1 1
v 1.03511727 11.0149946 -0.205217734 1 1 1
v 1.03290582 11.011898 -0.226245508 1 1 1
v 1.0154866 11.0202036 -0.201935247 1 1 1
v 1.00272381 11.0255032 -0.217052832 1 1 1
v 1.0138911 11.0240173 -0.243483037 1 1 1
v 0.23976317 9.92422771 0.146433622 1 1 1
v 0.716605306 11.6398907 0.948574066 1 1 1
v 0.709373176 11.6421394 0.946415007 1 1 1
v 0.714792907 11.6419306 0.942408323 1 1 1
v 0.709350049 11.6430798 0.938596547 1 1 1
v 0.716567993 11.6414118 0.935924053 1 1 1
v 0.721051753 11.6394405 0.942090452 1 1 1
v 0.411490738 10.7375031 0.639965951 1 1 1
v 0.3948448 10.7622194 0.645081997 1 1 1
v 0.553905547 11.1373873 0.898092926 1 1 1
v 0.582232535 11.1261358 0.906227708 1 1 1
v 0.399413645 10.7764835 0.623522043 1 1 1
v 0.556522727 11.1456366 0.868374109 1 1 1
v 0.415091723 10.7543926 0.597317874 1 1 1
v 0.586632848 11.1417599 0.851433039 1 1 1
v 0.428057313 10.7356529 0.614336312 1 1 1
v 0.61189568 11.1251526 0.880631387 1 1 1
v 0.70012337 11.6457472 0.954311728 1 1 1
v 0.715491116 11.6345129 0.948922217 1 1 1
v 0.702314079 11.6451616 0.933637261 1 1 1
v 0.71768868 11.6393747 0.930059493 1 1 1
v 0.724204123 11.6350946 0.941563487 1 1 1
v 0.214569196 10.3975029 0.418746948 1 1 1
v 0.240828276 10.3260031 0.394217789 1 1 1
v 0.231195375 10.4436865 0.383314043 1 1 1
v 0.22377339 10.4214678 0.404899657 1 1 1
v 0.228970543 10.4342327 0.399297386 1 1 1
v 0.244004324 10.4192877 0.355921835 1 1 1
v 0.243827432 10.3758564 0.312544793 1 1 1
v 0.246263027 10.3636723 0.299980164 1 1 1
v 0.235442132 10.4366283 0.374791592 1 1 1
v 0.267600507 10.3558912 0.33103165 1 1 1
v 0.270074964 10.3457661 0.334461689 1 1 1
v 0.27375105 10.3255615 0.339429826 1 1 1
v 0.249379829 10.3582182 0.303988785 1 1 1
v 0.259105653 10.3304768 0.371336788 1 1 1
v 0.264350951 10.3324299 0.365960747 1 1 1
v -0.619040608 11.6831923 0.605664909 1 1 1
v -0.616558969 11.6847668 0.599971354 1 1 1
v -0.614077151 11.6853771 0.604827404 1 1 1
v -0.610412598 11.6863422 0.600857973 1 1 1
v -0.609095454 11.6857405 0.607098877 1 1 1
v -0.614427686 11.683794 0.610069633 1 1 1
v -0.178925663 10.8330383 0.465416729 1 1 1
v -0.170106456 10.8393383 0.446730882 1 1 1
v -0.485295445 11.1922779 0.512783885 1 1 1
v -0.495321006 11.1857958 0.531652391 1 1 1
v -0.165060833 10.8594875 0.45345962 1 1 1
v -0.464657187 11.2012157 0.514474511 1 1 1
v -0.171230897 10.8665867 0.477234036 1 1 1
v -0.459398538 11.2008667 0.538270295 1 1 1
v -0.167117923 10.8398514 0.482329309 1 1 1
v -0.480270416 11.1897774 0.556746781 1 1 1
v -0.617013872 11.681344 0.596915066 1 1 1
v -0.620287538 11.6787853 0.605502009 1 1 1
v -0.598804593 11.7003641 0.586764216 1 1 1
v -0.606285393 11.6820755 0.607310236 1 1 1
v -0.613642871 11.6796789 0.611923397 1 1 1
v 0.138814136 10.4779253 0.361040026 1 1 1
v 0.148856223 10.4725485 0.355263263 1 1 1
v 0.116842821 10.4671679 0.400954276 1 1 1
v 0.116334185 10.4689684 0.399282485 1 1 1
v 0.109904729 10.4831543 0.389950424 1 1 1
v 0.120299302 10.4799309 0.381164998 1 1 1
v 0.130183488 10.4804287 0.368541837 1 1 1
v 0.145751297 10.5308065 0.375398964 1 1 1
v 0.122816645 10.5504093 0.395129472 1 1 1
v 0.116701998 10.555788 0.404327244 1 1 1
v 0.102656133 10.5674257 0.418159038 1 1 1
v 0.105130851 10.566205 0.424155802 1 1 1
v 0.106653757 10.5661449 0.434876829 1 1 1
v 0.134451568 10.540205 0.382984579 1 1 1
v 0.152366027 10.4850016 0.431511253 1 1 1
v 0.161955386 10.4700012 0.4299196 1 1 1
v 0.108971976 10.5537663 0.438026428 1 1 1
v 0.130565241 10.5268307 0.43366605 1 1 1
v 0.155354708 10.4725065 0.427748144 1 1 1
v 0.146742746 10.4673738 0.417490423 1 1 1
v 0.116866238 10.4807415 0.41566816 1 1 1
v 0.302848548 10.4766502 0.302979618 1 1 1
v 0.295542657 10.477562 0.309644759 1 1 1
v 0.295024097 10.4795761 0.301401198 1 1 1
v 0.287231654 10.4799824 0.304776281 1 1 1
v 0.289400995 10.480566 0.295102149 1 1 1
v 0.299052745 10.4785061 0.293991983 1 1 1
v 0.284053326 10.3893623 0.293198198 1 1 1
v 0.278802127 10.4022255 0.301220953 1 1 1
v 0.270966619 10.4070034 0.296522021 1 1 1
v 0.269129932 10.3902979 0.284693152 1 1 1
v 0.278046876 10.3823624 0.282412082 1 1 1
v 0.264645845 10.3349743 0.305518806 1 1 1
v 0.276515692 10.2962122 0.286180168 1 1 1
v 0.253263026 10.3458824 0.298004955 1 1 1
v 0.248702765 10.3555069 0.295397788 1 1 1
v 0.249402285 10.3051872 0.273393959 1 1 1
v 0.238105118 10.2912588 0.264736325 1 1 1
v 0.248715281 10.3553066 0.295058966 1 1 1
v 0.259951472 10.2712812 0.257764906 1 1 1
v 0.270093918 10.2924166 0.272069275 1 1 1
v 0.261386424 10.2689972 0.260386616 1 1 1
v 0.268693328 10.2939548 0.268460244 1 1 1
v -0.336691082 11.2804947 -0.069210723 1 1 1
v -0.328982919 11.2813168 -0.0742493272 1 1 1
v -0.329805553 11.2834616 -0.0666747242 1 1 1
v -0.322142422 11.2839203 -0.0686008036 1 1 1
v -0.325623006 11.2847071 -0.0600711294 1 1 1
v -0.334614664 11.282588 -0.0604485422 1 1 1
v 0.0189870372 10.5602131 0.129084677 1 1 1
v 0.0035935007 10.5341921 0.115244649 1 1 1
v 0.258065969 10.1822987 0.220416933 1 1 1
v 0.27080366 10.1977081 0.231805891 1 1 1
v 0.275031656 10.2155657 0.237889647 1 1 1
v 0.282886237 10.2499714 0.24941431 1 1 1
v -0.0308766775 10.5354462 0.129957169 1 1 1
v -0.231802315 10.8588095 -0.0184802003 1 1 1
v -0.265532017 10.8500528 -0.000506083248 1 1 1
v -0.201644063 10.8766966 -2.81399116e-06 1 1 1
v -0.00888752565 10.5799913 0.151682526 1 1 1
v -0.220616281 10.8779478 0.0342053585 1 1 1
v -0.0375504345 10.5632887 0.154175371 1 1 1
v -0.259078473 10.8642578 0.0408597328 1 1 1
v -0.32788825 11.277544 -0.0793973431 1 1 1
v -0.340124309 11.2757406 -0.0701744929 1 1 1
v -0.316948324 11.2811604 -0.0691766366 1 1 1
v -0.322505087 11.282342 -0.0556795076 1 1 1
v -0.33492282 11.2775869 -0.0577735715 1 1 1
v 0.194337204 10.1937237 0.243309841 1 1 1
v 0.196419075 10.1927795 0.243014753 1 1 1
v 0.249086767 10.1781998 0.228169367 1 1 1
v 0.175982252 10.1942501 0.250914752 1 1 1
v 0.193798438 10.1937008 0.243598223 1 1 1
v 0.261386424 10.2689972 0.260386616 1 1 1
v 0.235352054 10.291317 0.273403645 1 1 1
v 0.203629598 10.3185148 0.289264679 1 1 1
v 0.187413722 10.3092947 0.288687825 1 1 1
v 0.183846354 10.3090448 0.288198113 1 1 1
v 0.152535573 10.2820396 0.292018592 1 1 1
v 0.151269302 10.2801285 0.292441249 1 1 1
v 0.148640931 10.2734594 0.294202 1 1 1
v 0.154150903 10.2527552 0.282041281 1 1 1
v 0.154694572 10.2512178 0.281158477 1 1 1
v 0.15904589 10.2402153 0.275843382 1 1 1
v 0.227139175 10.2480612 0.258618593 1 1 1
v 0.235352054 10.291317 0.273403645 1 1 1
v 0.25581795 10.2499771 0.254233867 1 1 1
v 0.261386424 10.2689972 0.260386616 1 1 1
v -1.02094388 10.6830444 0.167525932 1 1 1
v -1.0190686 10.6837435 0.159749866 1 1 1
v -1.01519418 10.6858597 0.165021181 1 1 1
v -1.01148808 10.6863432 0.159250394 1 1 1
v -1.00867867 10.6872492 0.166717172 1 1 1
v -1.01452243 10.6852102 0.171831846 1 1 1
v -0.627301633 9.89941978 0.101142503 1 1 1
v -0.637283623 9.91202164 0.0792283937 1 1 1
v -0.893437684 10.2598352 0.134380236 1 1 1
v -0.85064435 10.2931137 0.140220761 1 1 1
v -0.620049477 9.94285011 0.0804875195 1 1 1
v -0.843788922 10.3114939 0.128316581 1 1 1
v -0.855310202 10.3544416 0.148069918 1 1 1
v -0.573750734 9.88367653 0.0986288786 1 1 1
v -0.664897799 10.0057096 0.127491802 1 1 1
v -0.695168734 10.044219 0.126065046 1 1 1
v -0.717412472 10.0841923 0.139411762 1 1 1
v -1.02303958 10.6809053 0.154093564 1 1 1
v -1.02383387 10.6785965 0.169153988 1 1 1
v -1.00635815 10.6888456 0.150328547 1 1 1
v -1.00203502 10.687479 0.168345094 1 1 1
v -0.858004034 10.3346033 0.156206191 1 1 1
v -1.01306474 10.6816359 0.175396174 1 1 1
v -0.439651817 9.58077812 0.0187039562 1 1 1
v -0.429119945 9.56598663 0.019002568 1 1 1
v -0.408345282 9.5459795 0.000903187727 1 1 1
v -0.443320185 9.56267452 0.0658329725 1 1 1
v -0.445450157 9.5689621 0.0592214502 1 1 1
v -0.414329022 9.62127018 0.00978485961 1 1 1
v -0.431941569 9.6230669 0.0121919243 1 1 1
v -0.425374627 9.66420937 0.0157761276 1 1 1
v -0.425149292 9.67301941 0.029084444 1 1 1
v -0.414370239 9.67015457 0.0460945442 1 1 1
v -0.398585379 9.66322517 0.0661041364 1 1 1
v -0.398306042 9.66481972 0.0697060525 1 1 1
v -0.407634765 9.59956551 0.100910343 1 1 1
v -0.577958107 9.82986736 0.119287789 1 1 1
v -0.624271154 9.9106226 0.127999291 1 1 1
v -0.602457821 9.9103899 0.114703886 1 1 1
v -0.611749351 9.92132664 0.116830096 1 1 1
v -0.410100251 9.58367443 0.0920683295 1 1 1
v -0.439259231 9.56627274 0.0695845187 1 1 1
v -0.639189303 9.95926285 0.125116348 1 1 1
v -0.652624786 9.90986156 0.147098973 1 1 1
v -0.712996662 10.009223 0.161137819 1 1 1
v -0.675836802 9.92776966 0.143552467 1 1 1
v -0.0987267569 9.6958828 0.11356777 1 1 1
v -0.111706398 9.6958437 0.112274118 1 1 1
v -0.181996599 9.64495087 0.163271829 1 1 1
v -0.168282822 9.64065647 0.169560045 1 1 1
v -0.0521914996 9.6514473 0.169764027 1 1 1
v -0.0595921576 9.65300179 0.167228594 1 1 1
v -0.0909383297 9.68500137 0.127899453 1 1 1
v -0.00890192017 9.66346359 0.181562006 1 1 1
v -0.0476542599 9.67735577 0.207109571 1 1 1
v -0.0401208997 9.68048763 0.210440695 1 1 1
v 0.0778686851 9.82427692 0.227263987 1 1 1
v 0.0212676842 9.81358051 0.225079849 1 1 1
v -0.0124554625 9.80767155 0.209060758 1 1 1
v -0.00687365932 9.8100729 0.161102071 1 1 1
v 0.0568872206 9.82207298 0.170552209 1 1 1
v 0.0737953261 9.82562351 0.159916088 1 1 1
v 0.108523488 9.83057117 0.212526619 1 1 1
v 0.0316873007 9.78794575 0.232752725 1 1 1
v -0.83362937 10.4036589 0.182256043 1 1 1
v -0.826103151 10.4071159 0.171486586 1 1 1
v -0.823293328 10.4089708 0.182615533 1 1 1
v -0.814064205 10.4114943 0.176010013 1 1 1
v -0.814150035 10.4107447 0.189574525 1 1 1
v -0.82624191 10.4059019 0.19343482 1 1 1
v -0.344136447 9.83171272 0.135303676 1 1 1
v -0.322393447 9.88303471 0.154038548 1 1 1
v -0.580236137 10.0222988 0.15944466 1 1 1
v -0.29521057 9.87977695 0.193482026 1 1 1
v -0.620601833 9.97420502 0.185106874 1 1 1
v -0.259115338 9.84828758 0.209702998 1 1 1
v -0.661422431 9.93953037 0.206259191 1 1 1
v -0.345406264 9.82740688 0.172748834 1 1 1
v -0.610091627 9.98897076 0.176428676 1 1 1
v -0.806308568 10.4106865 0.195057809 1 1 1
v -0.738760471 10.2726955 0.173517048 1 1 1
v -0.832651734 10.4057875 0.210377112 1 1 1
v -0.757701397 10.2611799 0.183154374 1 1 1
v -0.754433334 10.2463026 0.163555741 1 1 1
v 0.249837026 9.86042881 0.117887884 1 1 1
v 0.265342593 9.75231171 0.0786018148 1 1 1
v 0.275070548 9.68186378 0.170339063 1 1 1
v 0.265577167 9.74644184 0.266322136 1 1 1
v 0.251397997 9.84678173 0.236848831 1 1 1
v 0.249889031 9.859128 0.159502268 1 1 1
v 0.208656177 9.74525166 0.0818236172 1 1 1
v 0.212165296 9.7405386 0.0882560015 1 1 1
v 0.210856527 9.73827553 0.0910356194 1 1 1
v 0.21053496 9.73767185 0.0917791501 1 1 1
v 0.208245277 9.73707294 0.0923140123 1 1 1
v 0.210854769 9.73564053 0.0944286212 1 1 1
v 0.211243197 9.73549652 0.0946545973 1 1 1
v 0.212010324 9.73498058 0.0953988954 1 1 1
v 0.232333124 9.70494366 0.136187494 1 1 1
v 0.234137952 9.70245934 0.139573991 1 1 1
v 0.234617203 9.70161247 0.140714392 1 1 1
v 0.234640479 9.70061684 0.141999334 1 1 1
v 0.227958962 9.67748547 0.170256287 1 1 1
v 0.210854769 9.73564053 0.0944286212 1 1 1
v 0.208245277 9.73707294 0.0923140123 1 1 1
v 0.21053496 9.73767185 0.0917791501 1 1 1
v 0.210856527 9.73827553 0.0910356194 1 1 1
v 0.212165296 9.7405386 0.0882560015 1 1 1
v 0.208656177 9.74525166 0.0818236172 1 1 1
v 0.197046533 9.74380493 0.0824834555 1 1 1
v 0.189110056 9.73167801 0.0972805321 1 1 1
v 0.159188449 9.68833828 0.149998307 1 1 1
v 0.10829398 9.67713547 0.157928228 1 1 1
v 0.0908357054 9.66474056 0.17001535 1 1 1
v 0.094728522 9.66510201 0.17002219 1 1 1
v 0.0972741693 9.66931152 0.165557757 1 1 1
v 0.094728522 9.66510201 0.17002219 1 1 1
v 0.227958962 9.67748547 0.170256287 1 1 1
v 0.234640479 9.70061684 0.141999334 1 1 1
v 0.234617203 9.70161247 0.140714392 1 1 1
v 0.234137952 9.70245934 0.139573991 1 1 1
v 0.232333124 9.70494366 0.136187494 1 1 1
v 0.212010324 9.73498058 0.0953988954 1 1 1
v 0.211243197 9.73549652 0.0946545973 1 1 1
v -0.0987267569 9.6958828 0.11356777 1 1 1
v -0.106288873 9.70602417 0.0997236744 1 1 1
v 0.216864243 9.8540287 0.118922561 1 1 1
v 0.207817301 9.81547737 0.106359534 1 1 1
v 0.207817301 9.81547737 0.106359534 1 1 1
v 0.216864243 9.8540287 0.118922561 1 1 1
v 0.177950203 9.8464756 0.120143667 1 1 1
v 0.187033311 9.79897308 0.10265784 1 1 1
v -0.0699917004 9.79835129 0.127923995 1 1 1
v -0.0940086171 9.74712276 0.11255195 1 1 1
v -0.0493256263 9.80203438 0.14902389 1 1 1
v -0.0070903115 9.81003094 0.161070064 1 1 1
v -0.00887069013 9.80917358 0.177079663 1 1 1
v 0.23962155 9.85778618 0.140106678 1 1 1
v 0.232713506 9.85676575 0.130783856 1 1 1
v 0.168168381 9.84427357 0.137670368 1 1 1
v 0.232713506 9.85676575 0.130783856 1 1 1
v 0.23962155 9.85778618 0.140106678 1 1 1
v 0.249889031 9.859128 0.159502268 1 1 1
v 0.249981999 9.85680199 0.233905524 1 1 1
v 0.123202734 9.83284378 0.229013339 1 1 1
v 0.135881528 9.83690834 0.176535964 1 1 1
v 0.133909002 9.83670044 0.17121686 1 1 1
v 0.162634805 9.84319401 0.138522699 1 1 1
v 0.162634805 9.84319401 0.138522699 1 1 1
v 0.133909002 9.83670044 0.17121686 1 1 1
v 0.135881528 9.83690834 0.176535964 1 1 1
v 0.123202734 9.83284378 0.229013339 1 1 1
v 0.0737953261 9.82562351 0.159916088 1 1 1
v 0.0900277868 9.82900715 0.149708256 1 1 1
v 0.12265446 9.82979584 0.22976765 1 1 1
v 0.122313045 9.82773113 0.230281502 1 1 1
v 0.117035702 9.81630993 0.232823372 1 1 1
v 0.139799759 9.76368046 0.249619856 1 1 1
v 0.14518185 9.75230312 0.253318042 1 1 1
v 0.147777811 9.75341606 0.253250778 1 1 1
v 0.151083499 9.75559521 0.25295189 1 1 1
v 0.180499732 9.76012897 0.254456162 1 1 1
v 0.195223391 9.76059151 0.255715877 1 1 1
v 0.197033867 9.75896168 0.256343752 1 1 1
v 0.240298674 9.82448578 0.242053404 1 1 1
v 0.251397997 9.84678173 0.236848831 1 1 1
v 0.240298674 9.82448578 0.242053404 1 1 1
v 0.197033867 9.75896168 0.256343752 1 1 1
v 0.195223391 9.76059151 0.255715877 1 1 1
v 0.180499732 9.76012897 0.254456162 1 1 1
v 0.151083499 9.75559521 0.25295189 1 1 1
v 0.147777811 9.75341606 0.253250778 1 1 1
v 0.14518185 9.75230312 0.253318042 1 1 1
v 0.139799759 9.76368046 0.249619856 1 1 1
v 0.117035702 9.81630993 0.232823372 1 1 1
v 0.122313045 9.82773113 0.230281502 1 1 1
v 0.12265446 9.82979584 0.22976765 1 1 1
v 0.0955523923 9.66757488 0.173537254 1 1 1
v 0.0842095762 9.69387054 0.213627949 1 1 1
v 0.113489531 9.70984364 0.233112246 1 1 1
v 0.138934046 9.72409153 0.249619439 1 1 1
v 0.143016651 9.72411346 0.249252215 1 1 1
v 0.148394153 9.72361279 0.248081416 1 1 1
v 0.191156775 9.72849178 0.250011474 1 1 1
v 0.222360015 9.70104408 0.205560312 1 1 1
v 0.22352615 9.70052147 0.204636872 1 1 1
v 0.224090144 9.69992924 0.203692034 1 1 1
v 0.22526513 9.69885349 0.201955944 1 1 1
v 0.226353317 9.69620991 0.197932616 1 1 1
v 0.226353317 9.69620991 0.197932616 1 1 1
v 0.22526513 9.69885349 0.201955944 1 1 1
v 0.224090144 9.69992924 0.203692034 1 1 1
v 0.22352615 9.70052147 0.204636872 1 1 1
v 0.222360015 9.70104408 0.205560312 1 1 1
v 0.191156775 9.72849178 0.250011474 1 1 1
v 0.148394153 9.72361279 0.248081416 1 1 1
v 0.143016651 9.72411346 0.249252215 1 1 1
v 0.138934046 9.72409153 0.249619439 1 1 1
v 0.113489531 9.70984364 0.233112246 1 1 1
v 0.0842095762 9.69387054 0.213627949 1 1 1
v 0.0955523923 9.66757488 0.173537254 1 1 1
v 0.0508700944 9.67647839 0.192607507 1 1 1
v 0.0089084059 9.66840744 0.18641597 1 1 1
v -0.00798570737 9.67731285 0.193551272 1 1 1
v -0.653163135 9.96041012 0.127359435 1 1 1
v -0.118746459 9.61009121 0.18457742 1 1 1
v -0.0158256404 9.65507412 0.180604205 1 1 1
v -0.0616974533 9.62244034 0.170961723 1 1 1
v -0.0861891359 9.5889101 0.151639387 1 1 1
v -0.090880312 9.57985783 0.145624086 1 1 1
v -0.290516913 9.42452908 0.0919519961 1 1 1
v -0.371385038 9.42744732 0.140155196 1 1 1
v -0.371736228 9.43244648 0.138911769 1 1 1
v -0.371785164 9.49561596 0.124340273 1 1 1
v -0.371611446 9.51605606 0.119698562 1 1 1
v -0.369687825 9.51751328 0.117931679 1 1 1
v -0.299590588 9.56249523 0.0625234917 1 1 1
v -0.296528935 9.56442833 0.0604605898 1 1 1
v -0.266886383 9.49446869 0.039726384 1 1 1
v -0.127045423 9.60084534 0.084029451 1 1 1
v -0.0987267569 9.6958828 0.11356777 1 1 1
v -0.296075195 9.56381702 0.0603494272 1 1 1
v -0.278408855 9.44881058 0.0775341541 1 1 1
v -0.270863235 9.47999001 0.0496720374 1 1 1
v -0.00890192017 9.66346359 0.181562006 1 1 1
v -0.0787661299 9.71308517 0.179760695 1 1 1
v -0.0955051482 9.70736313 0.116816014 1 1 1
v -0.0921768323 9.71006012 0.121708527 1 1 1
v -0.0729582086 9.72236252 0.13960062 1 1 1
v 0.00725537073 9.68304062 0.183797151 1 1 1
v 0.0354820006 9.71174145 0.184265465 1 1 1
v -0.00706629455 9.80981827 0.161108121 1 1 1
v -0.0529715605 9.74910927 0.155488893 1 1 1
v 0.0542483963 9.75822258 0.180224612 1 1 1
v 0.128990337 9.86386871 0.220445633 1 1 1
v 0.129703611 9.93462372 0.263208061 1 1 1
v 0.127581805 9.9264822 0.259543329 1 1 1
v 0.138762534 10.0170269 0.259138912 1 1 1
v 0.128245309 9.93713474 0.262303919 1 1 1
v -0.00687365932 9.8100729 0.161102071 1 1 1
v 0.0141565232 9.83780956 0.160441801 1 1 1
v 0.144816741 10.0115528 0.216918632 1 1 1
v 0.133411735 9.99758053 0.226057976 1 1 1
v 0.140471384 10.0161715 0.251325488 1 1 1
v 0.0584132709 9.8589983 0.164958581 1 1 1
v 0.0746486336 9.82824039 0.159070715 1 1 1
v 0.146375477 9.93735886 0.190012977 1 1 1
v 0.13760151 9.90408421 0.204562306 1 1 1
v 0.133692831 9.90663719 0.195056766 1 1 1
v 0.0737953261 9.82562351 0.159916088 1 1 1
v -0.308374316 10.397995 -0.60537082 1 1 1
v -0.303665221 10.3998995 -0.601469338 1 1 1
v -0.308986306 10.4011011 -0.600890398 1 1 1
v -0.30633527 10.4026823 -0.596356034 1 1 1
v -0.312694162 10.4024973 -0.597097337 1 1 1
v -0.313954473 10.3995991 -0.602668166 1 1 1
v -0.331979424 10.031373 -0.312850028 1 1 1
v -0.318188608 10.0435848 -0.309193552 1 1 1
v -0.296269417 10.3985071 -0.602439165 1 1 1
v -0.30706206 10.3943014 -0.615715802 1 1 1
v -0.325256884 10.0604181 -0.306590855 1 1 1
v -0.305048615 10.400609 -0.59247756 1 1 1
v -0.342670083 10.0577145 -0.304456651 1 1 1
v -0.316619217 10.4030046 -0.592621624 1 1 1
v -0.34784168 10.0383701 -0.306712389 1 1 1
v -0.321634144 10.3981466 -0.605911255 1 1 1
v -0.319248706 9.68404007 -0.01489395 1 1 1
v -0.354825348 9.64923573 -0.0197782163 1 1 1
v -0.344443738 9.6569252 -0.0149277486 1 1 1
v -0.333708674 9.73370171 -0.0186715703 1 1 1
v -0.335120291 9.73976231 -0.0202355422 1 1 1
v -0.346742988 9.74445057 -0.0273582526 1 1 1
v -0.358182281 9.7408247 -0.0242411532 1 1 1
v -0.373864472 9.73400211 -0.0174645521 1 1 1
v -0.380962551 9.72906685 -0.011901618 1 1 1
v -0.3950831 9.66624737 -0.00363151287 1 1 1
v -0.355704874 9.65050793 -0.0204339679 1 1 1
v -0.385270059 9.66596985 -0.011696876 1 1 1
v -0.374941945 9.66171646 -0.0160434954 1 1 1
v 2.67617297 11.3132401 0.979713321 1 1 1
v 2.66279769 11.3116159 0.985601485 1 1 1
v 2.66552854 11.3111849 0.97332567 1 1 1
v 2.65357614 11.3075743 0.974885523 1 1 1
v 2.66125226 11.3066998 0.962374449 1 1 1
v 2.67521787 11.3102016 0.965358317 1 1 1
v 1.30581474 9.02051353 0.369920313 1 1 1
v 1.28909564 9.05727959 0.416951746 1 1 1
v 1.72980368 8.8765583 0.714387357 1 1 1
v 1.77173626 8.82139206 0.661068678 1 1 1
v 1.32088518 9.10835934 0.407456428 1 1 1
v 1.74721599 8.95838833 0.684436083 1 1 1
v 1.35454416 9.10454655 0.354045749 1 1 1
v 1.7987926 8.95394802 0.614432037 1 1 1
v 1.33574808 9.05484772 0.322774172 1 1 1
v 1.82415307 8.86026573 0.587472677 1 1 1
v 2.21243048 9.05180931 1.04548752 1 1 1
v 2.26247215 9.01396751 1.00996339 1 1 1
v 2.18637013 9.11479664 0.999037325 1 1 1
v 2.23128128 9.10269356 0.934058189 1 1 1
v 2.27684355 9.04101086 0.943024933 1 1 1
v 2.55464005 9.54239845 1.12617517 1 1 1
v 2.60254478 9.52385426 1.11058056 1 1 1
v 2.52619886 9.56046963 1.08878887 1 1 1
v 2.55126357 9.55668831 1.04146469 1 1 1
v 2.60469437 9.53177929 1.05200362 1 1 1
v 2.69044685 10.1313887 1.18297899 1 1 1
v 2.73364258 10.1233435 1.16767895 1 1 1
v 2.66044712 10.137167 1.14807069 1 1 1
v 2.68587708 10.1324892 1.10932267 1 1 1
v 2.72754264 10.1245785 1.12247765 1 1 1
v 2.77944446 10.7288189 1.12377465 1 1 1
v 2.81698656 10.7274179 1.10709131 1 1 1
v 2.75469017 10.7234545 1.09189594 1 1 1
v 2.77734041 10.7199717 1.06412721 1 1 1
v 2.81302404 10.7216883 1.06857944 1 1 1
v 2.65961576 11.3130999 0.998788118 1 1 1
v 2.68210936 11.309701 0.983601987 1 1 1
v 2.64750266 11.3019123 0.976488948 1 1 1
v 2.66054678 11.2998323 0.958875477 1 1 1
v 2.68382907 11.3083839 0.958639264 1 1 1
v 0.832822144 9.16716671 0.118864708 1 1 1
v 0.82742095 9.18150043 0.137329921 1 1 1
v 0.7999143 9.22366047 0.176047295 1 1 1
v 0.799878955 9.22368431 0.176042929 1 1 1
v 0.826678634 9.14853668 0.0788867921 1 1 1
v 0.892684877 9.31322575 0.174392343 1 1 1
v 0.800131619 9.2238903 0.176054329 1 1 1
v 0.919606745 9.30472279 0.154722884 1 1 1
v 0.948015988 9.29827785 0.119927712 1 1 1
v 0.959735394 9.30042458 0.0816419795 1 1 1
v 0.962751031 9.30103111 0.071520552 1 1 1
v 0.874830782 9.24193859 -0.00667645829 1 1 1
v 0.858480394 9.2340641 -0.0203418285 1 1 1
v 0.93331188 9.25829601 0.038512852 1 1 1
v 0.869049847 9.18411827 0.0348780379 1 1 1
v 0.850171387 9.16814041 0.0546266884 1 1 1
v 0.857342482 9.22518539 -0.0104774851 1 1 1
v 0.71191138 13.0442076 -0.120932959 1 1 1
v 0.719196856 13.0438032 -0.124294683 1 1 1
v 0.717907071 13.0446529 -0.117590964 1 1 1
v 0.724639416 13.0434914 -0.118393131 1 1 1
v 0.72071749 13.0437031 -0.111384913 1 1 1
v 0.712851107 13.0441446 -0.112954497 1 1 1
v 1.24707794 11.0751419 0.0989962518 1 1 1
v 1.27420795 11.0924053 0.0832226723 1 1 1
v 1.16125619 11.5593996 0.00858083554 1 1 1
v 1.12318909 11.5481081 0.0354002453 1 1 1
v 1.28937173 11.1452475 0.105636775 1 1 1
v 1.19545853 11.5836544 0.0446019806 1 1 1
v 1.27323925 11.1380882 0.136652395 1 1 1
v 1.1671716 11.5827742 0.0958507583 1 1 1
v 1.24634099 11.0873394 0.132074729 1 1 1
v 1.11559701 11.5566111 0.0853453279 1 1 1
v 0.896462679 12.0127659 -0.113137543 1 1 1
v 0.859486163 11.9986973 -0.0904995352 1 1 1
v 0.915620744 12.0282545 -0.0782331675 1 1 1
v 0.899012566 12.026145 -0.0448919199 1 1 1
v 0.866766214 12.0090017 -0.0523928739 1 1 1
v 0.695880294 12.510685 -0.158368975 1 1 1
v 0.669398785 12.5072374 -0.128585085 1 1 1
v 0.718704462 12.5158291 -0.122041903 1 1 1
v 0.697372735 12.5131721 -0.0980729237 1 1 1
v 0.666202486 12.5081778 -0.0979516432 1 1 1
v 0.721437275 13.0447025 -0.135347083 1 1 1
v 0.708629489 13.0404844 -0.122656181 1 1 1
v 0.729208589 13.0401344 -0.118959613 1 1 1
v 0.721631467 13.0392723 -0.108866833 1 1 1
v 0.706577778 13.0437336 -0.107202202 1 1 1
v 1.35288203 10.5992184 0.139107481 1 1 1
v 1.36043179 10.609971 0.134754524 1 1 1
v 1.39912558 10.5898342 0.119676746 1 1 1
v 1.34457374 10.5727177 0.14528729 1 1 1
v 1.40279794 10.6683435 0.13331905 1 1 1
v 1.41458154 10.7668419 0.158069968 1 1 1
v 1.39305234 10.7564497 0.202498332 1 1 1
v 1.39007235 10.7369909 0.213047251 1 1 1
v 1.41116202 10.776783 0.161827162 1 1 1
v 1.40896678 10.7874699 0.162683278 1 1 1
v 1.39455986 10.7615185 0.198491037 1 1 1
v 1.36847198 10.6656523 0.211200431 1 1 1
v 1.34944987 10.5795193 0.20730485 1 1 1
v 1.34689271 10.5907545 0.187490165 1 1 1
v 1.34544432 10.5960417 0.180185422 1 1 1
v 2.13047028 13.5825415 0.674676716 1 1 1
v 2.12591219 13.5829535 0.676588595 1 1 1
v 2.12691212 13.5832815 0.672471225 1 1 1
v 2.12267995 13.5831099 0.672829211 1 1 1
v 2.12524033 13.5827961 0.668593764 1 1 1
v 2.13005471 13.5824451 0.66973573 1 1 1
v 1.73493087 11.610569 0.380962044 1 1 1
v 1.74808478 11.5908794 0.370977968 1 1 1
v 1.57358086 11.0872078 0.273887604 1 1 1
v 1.57240653 11.087512 0.274461031 1 1 1
v 1.57376921 11.093298 0.275610745 1 1 1
v 1.58272731 11.1896372 0.300405443 1 1 1
v 1.57923627 11.1849899 0.300468773 1 1 1
v 1.56561518 11.1563492 0.297609568 1 1 1
v 1.89612591 12.0574512 0.485094368 1 1 1
v 1.93073773 12.0488071 0.474277198 1 1 1
v 1.72989762 11.6375961 0.370166302 1 1 1
v 1.8823663 12.0692215 0.461241603 1 1 1
v 1.74034095 11.6390257 0.354472697 1 1 1
v 1.89515424 12.0721159 0.436773002 1 1 1
v 1.75309002 11.6169338 0.354785144 1 1 1
v 1.92480433 12.061182 0.439325124 1 1 1
v 2.03777552 12.5387173 0.63817209 1 1 1
v 2.0548656 12.5384951 0.625256062 1 1 1
v 1.99860203 12.5496721 0.62249136 1 1 1
v 2.03532147 12.5481901 0.598772407 1 1 1
v 2.05990124 12.5425301 0.603896141 1 1 1
v 2.08224797 13.0557432 0.698460102 1 1 1
v 2.1027472 13.0542393 0.69699949 1 1 1
v 2.06770229 13.0575304 0.687689602 1 1 1
v 2.0775032 13.0578232 0.66764456 1 1 1
v 2.09723592 13.0557566 0.675916195 1 1 1
v 2.12341499 13.5861235 0.688105047 1 1 1
v 2.13452268 13.5805645 0.677272975 1 1 1
v 2.10839486 13.5887184 0.673922479 1 1 1
v 2.12390971 13.5798025 0.666066766 1 1 1
v 2.13487482 13.5812073 0.665541172 1 1 1
v 1.57061958 11.2273808 0.293953747 1 1 1
v 1.56216705 11.2315264 0.284225911 1 1 1
v 1.56195199 11.2315655 0.283988893 1 1 1
v 1.57985163 11.2185163 0.303471595 1 1 1
v 1.57279873 11.2255363 0.296584576 1 1 1
v 1.572065 11.2264147 0.295657903 1 1 1
v 1.57126939 11.2270622 0.294701576 1 1 1
v 1.58062553 11.2313261 0.262024909 1 1 1
v 1.58301318 11.2296085 0.256638259 1 1 1
v 1.58322215 11.2294588 0.256166488 1 1 1
v 1.56895518 11.2323399 0.279552042 1 1 1
v 1.57434511 11.2320929 0.273424894 1 1 1
v 1.57634366 11.2319822 0.269896328 1 1 1
v 1.58011079 11.2314281 0.26298815 1 1 1
v 1.59352589 11.2255716 0.256695598 1 1 1
v 1.5937705 11.2254353 0.256739438 1 1 1
v 1.59412026 11.2252398 0.256802142 1 1 1
v 1.59690464 11.2196331 0.257006049 1 1 1
v 1.60556781 11.2178402 0.258780628 1 1 1
v 1.59913003 11.1766529 0.254364759 1 1 1
v 1.61294723 11.2157736 0.270906508 1 1 1
v 1.5726248 11.0892668 0.262301058 1 1 1
v 1.61288285 11.2171383 0.263712704 1 1 1
v 1.61329234 11.2179155 0.267441154 1 1 1
v 1.61340284 11.2174664 0.270411611 1 1 1
v 0.908590078 10.8727732 -0.575038016 1 1 1
v 0.894423842 10.8751621 -0.569705367 1 1 1
v 0.898190498 10.8762779 -0.582216501 1 1 1
v 0.885116041 10.8771534 -0.581714988 1 1 1
v 0.893529654 10.8759937 -0.594470203 1 1 1
v 0.908037364 10.8732872 -0.590343714 1 1 1
v 0.298002362 9.17263222 -0.661539137 1 1 1
v 0.248099089 9.20500946 -0.63644588 1 1 1
v 0.547731578 9.69153404 -0.50454402 1 1 1
v 0.619842291 9.65831375 -0.535179019 1 1 1
v 0.225615561 9.24267197 -0.681262255 1 1 1
v 0.501916349 9.71638775 -0.571857631 1 1 1
v 0.264805973 9.23972893 -0.732318163 1 1 1
v 0.542796135 9.70041656 -0.647749007 1 1 1
v 0.299737751 9.17746639 -0.727994919 1 1 1
v 0.628893197 9.65872478 -0.629155457 1 1 1
v 0.774866164 10.2637491 -0.550218165 1 1 1
v 0.824588358 10.2494841 -0.573817849 1 1 1
v 0.736111522 10.2744265 -0.596593857 1 1 1
v 0.767302155 10.2656345 -0.656484962 1 1 1
v 0.826280177 10.2488556 -0.630499125 1 1 1
v 0.891123474 10.8730106 -0.559482396 1 1 1
v 0.920035601 10.870265 -0.56727469 1 1 1
v 0.878282785 10.8727932 -0.581615567 1 1 1
v 0.889908135 10.8731861 -0.602853537 1 1 1
v 0.916684449 10.8700552 -0.59757632 1 1 1
v 0.0103887282 8.67251682 -0.73422581 1 1 1
v -0.00692247879 8.68339252 -0.725956082 1 1 1
v -0.0473093018 8.71883869 -0.702169001 1 1 1
v -0.0711744279 8.71492195 -0.699205101 1 1 1
v -0.0789531618 8.71319866 -0.698438108 1 1 1
v 0.0243304037 8.64973831 -0.746536791 1 1 1
v -0.112359181 8.80955887 -0.784427524 1 1 1
v -0.061404597 8.83916569 -0.808676124 1 1 1
v -0.0433908179 8.83659554 -0.833366215 1 1 1
v -0.00892544817 8.83835983 -0.87226665 1 1 1
v -0.102579296 8.81559086 -0.788718045 1 1 1
v 0.00852961931 8.79635239 -0.869565606 1 1 1
v 0.0324602053 8.72096825 -0.868974328 1 1 1
v 0.0192501303 8.66931057 -0.880480111 1 1 1
v 0.00724942982 8.63878059 -0.888967037 1 1 1
v -0.00692132069 8.83551884 -0.871708453 1 1 1
v 0.0314291455 8.66513729 -0.783419013 1 1 1
v 0.0198713206 8.65683842 -0.872481763 1 1 1
v 0.0376438498 8.68069458 -0.834159791 1 1 1
v -1.06341398 10.9761639 -1.93180621 1 1 1
v -1.04958677 10.9774675 -1.93372643 1 1 1
v -1.05517936 10.9770117 -1.92312062 1 1 1
v -1.04335082 10.9763498 -1.92121863 1 1 1
v -1.05332422 10.9743528 -1.91156793 1 1 1
v -1.06572402 10.9742393 -1.91811168 1 1 1
v -0.515772521 9.14281273 -1.39256477 1 1 1
v -0.484119445 9.17282391 -1.42242563 1 1 1
v -0.777143598 9.37514591 -1.73913193 1 1 1
v -0.847821593 9.35524654 -1.72264171 1 1 1
v -0.501223385 9.22922897 -1.4042567 1 1 1
v -0.757466435 9.42949581 -1.68794227 1 1 1
v -0.508547902 9.22232819 -1.34600711 1 1 1
v -0.814592302 9.44577885 -1.6381408 1 1 1
v -0.530846417 9.17190361 -1.34339833 1 1 1
v -0.884464264 9.39551449 -1.65732384 1 1 1
v -0.92333734 9.86946583 -1.96282279 1 1 1
v -0.972083449 9.86253738 -1.9538933 1 1 1
v -0.898768306 9.88788605 -1.9175154 1 1 1
v -0.939833283 9.89341164 -1.87269247 1 1 1
v -0.983942747 9.87434006 -1.90666819 1 1 1
v -0.994486094 10.4235334 -2.02828383 1 1 1
v -1.03747809 10.4191542 -2.02011395 1 1 1
v -0.983245969 10.424427 -1.98866975 1 1 1
v -1.00822794 10.4219475 -1.96193349 1 1 1
v -1.03972149 10.4187641 -1.98078239 1 1 1
v -1.04632616 10.9736986 -1.93984234 1 1 1
v -1.07223535 10.9759588 -1.94096982 1 1 1
v -1.03467548 10.9735298 -1.92015541 1 1 1
v -1.05104411 10.974081 -1.89533174 1 1 1
v -1.07422709 10.9704981 -1.91421258 1 1 1
v -0.195706129 8.907444 -1.11791301 1 1 1
v -0.188262448 8.90805054 -1.11825645 1 1 1
v -0.142338201 8.94410706 -1.15374899 1 1 1
v -0.200302541 8.87127876 -1.08179379 1 1 1
v -0.253590554 9.07780075 -1.16632783 1 1 1
v -0.25475952 9.0922699 -1.16065204 1 1 1
v -0.188173324 8.98838902 -1.16389835 1 1 1
v -0.210371628 9.00251675 -1.17192709 1 1 1
v -0.219976261 9.05919075 -1.03851151 1 1 1
v -0.187529355 9.04240036 -0.99823302 1 1 1
v -0.255188048 9.08814335 -1.13701236 1 1 1
v -0.2247044 9.06467819 -1.05944395 1 1 1
v -0.211474985 8.97902393 -0.991062164 1 1 1
v -0.21101658 8.96678257 -0.987398326 1 1 1
v -0.213645905 8.93408489 -0.979296684 1 1 1
v -0.214600697 8.92695808 -0.977697849 1 1 1
v -0.221038818 8.92459393 -0.991641164 1 1 1
v -0.246238276 8.91797733 -1.04468083 1 1 1
v -0.246023893 8.91634846 -1.04806554 1 1 1
v -0.36399582 13.8369122 2.55288005 1 1 1
v -0.371629059 13.8366642 2.55247545 1 1 1
v -0.36756137 13.8376389 2.54743576 1 1 1
v -0.373606294 13.8367281 2.54508805 1 1 1
v -0.367195338 13.8370132 2.54092717 1 1 1
v -0.361255676 13.8371277 2.54574323 1 1 1
v -0.73963213 11.0748854 1.87385952 1 1 1
v -0.767236292 11.0945692 1.88007963 1 1 1
v -0.612445354 11.5418968 2.20095491 1 1 1
v -0.57013303 11.524766 2.19890261 1 1 1
v -0.766911745 11.1360922 1.86747682 1 1 1
v -0.624777198 11.5717506 2.16285825 1 1 1
v -0.740230978 11.1306705 1.8440491 1 1 1
v -0.578331172 11.5765419 2.12397003 1 1 1
v -0.723092079 11.088398 1.84813988 1 1 1
v -0.539528847 11.5385342 2.15679598 1 1 1
v -0.407758951 12.0495119 2.45839643 1 1 1
v -0.356506079 12.0342102 2.46505976 1 1 1
v -0.416007519 12.065464 2.41483235 1 1 1
v -0.378850192 12.0638371 2.38969064 1 1 1
v -0.344860673 12.0469141 2.41525221 1 1 1
v -0.326300621 12.6357908 2.54659963 1 1 1
v -0.284137487 12.6342554 2.55010939 1 1 1
v -0.33949095 12.6399984 2.50608253 1 1 1
v -0.302810937 12.6403742 2.48964071 1 1 1
v -0.270812422 12.6375599 2.51036763 1 1 1
v -0.361400425 13.2351437 2.55404115 1 1 1
v -0.337891728 13.2363787 2.55183291 1 1 1
v -0.363726825 13.2355051 2.53070188 1 1 1
v -0.346364707 13.2368765 2.51424527 1 1 1
v -0.321548134 13.2378721 2.52999592 1 1 1
v -0.374362737 13.8333874 2.55592322 1 1 1
v -0.357970625 13.837986 2.56224132 1 1 1
v -0.380247682 13.8350973 2.54248834 1 1 1
v -0.366888046 13.8333063 2.53739572 1 1 1
v -0.354343504 13.8358974 2.54388261 1 1 1
v -0.910006583 10.6085711 1.57554591 1 1 1
v -0.936015546 10.6174011 1.57598937 1 1 1
v -0.949956 10.6253996 1.57802713 1 1 1
v -0.898066998 10.5918083 1.56831598 1 1 1
v -0.942824125 10.6822605 1.581182 1 1 1
v -0.936656475 10.7302761 1.5851438 1 1 1
v -0.935402334 10.7473793 1.58292067 1 1 1
v -0.914419651 10.745203 1.56809807 1 1 1
v -0.912650168 10.730072 1.5555706 1 1 1
v -0.892588794 10.7216511 1.53660953 1 1 1
v -0.872976184 10.609499 1.51785529 1 1 1
v -0.890424907 10.603961 1.56191313 1 1 1
v -0.888537765 10.586957 1.53250265 1 1 1
v -0.889271379 10.5863361 1.53387666 1 1 1
v -2.14835548 14.1160517 2.15853024 1 1 1
v -2.14577436 14.1170168 2.1529572 1 1 1
v -2.14325666 14.1173038 2.15764093 1 1 1
v -2.13962913 14.1175289 2.15374875 1 1 1
v -2.13841176 14.1168776 2.15981054 1 1 1
v -2.14380503 14.1159668 2.16276526 1 1 1
v -1.35023355 11.4771214 1.73001814 1 1 1
v -1.34553325 11.4928303 1.71071887 1 1 1
v -1.65456402 11.8980484 1.81656039 1 1 1
v -1.66696119 11.8823948 1.84753668 1 1 1
v -1.34219742 11.5366344 1.7245245 1 1 1
v -1.62453878 11.9199963 1.82204103 1 1 1
v -1.34304345 11.545229 1.75216091 1 1 1
v -1.61862457 11.9170494 1.85953557 1 1 1
v -1.34532857 11.5026531 1.75531709 1 1 1
v -1.64483166 11.8922787 1.88352859 1 1 1
v -1.96074235 12.3962069 1.8925705 1 1 1
v -1.97375631 12.3867979 1.92195821 1 1 1
v -1.93094122 12.4078283 1.89934921 1 1 1
v -1.92303777 12.4068842 1.93144667 1 1 1
v -1.95090497 12.393302 1.94519615 1 1 1
v -2.10674572 12.9620314 1.95150638 1 1 1
v -2.10698938 12.9563656 1.98899603 1 1 1
v -2.07406354 12.962985 1.97101903 1 1 1
v -2.06860757 12.9602337 1.99450552 1 1 1
v -2.08988786 12.9561882 2.00443244 1 1 1
v -2.09621811 13.5396147 2.06515718 1 1 1
v -2.10686183 13.5357046 2.08803391 1 1 1
v -2.06875587 13.5408525 2.06590915 1 1 1
v -2.06945252 13.5369663 2.09131527 1 1 1
v -2.08884573 13.5330639 2.11208701 1 1 1
v -2.14999223 14.1176329 2.14544725 1 1 1
v -2.14979386 14.1117277 2.15835571 1 1 1
v -2.12748075 14.1270142 2.14089656 1 1 1
v -2.13267016 14.1156654 2.16225934 1 1 1
v -2.14531136 14.1162405 2.17429781 1 1 1
v -1.051669 11.0715637 1.59440327 1 1 1
v -1.04254985 11.0630026 1.58325827 1 1 1
v -1.03513813 11.059516 1.57177234 1 1 1
v -1.04311156 11.0306091 1.60649943 1 1 1
v -1.04495835 11.0362339 1.60617423 1 1 1
v -1.05567479 11.1884832 1.61317754 1 1 1
v -1.07781756 11.2410698 1.65665627 1 1 1
v -1.06606257 11.2245989 1.66910839 1 1 1
v -1.06602323 11.224577 1.66926634 1 1 1
v -1.0589695 11.1960659 1.61876774 1 1 1
v -1.07766843 11.2366705 1.64464593 1 1 1
v -1.04320562 11.0959845 1.65556097 1 1 1
v -1.04089463 11.0414228 1.61632431 1 1 1
v 2.99602461 10.7355928 -1.20647633 1 1 1
v 2.99236202 10.7346869 -1.1942004 1 1 1
v 2.98566628 10.7346764 -1.20291698 1 1 1
v 2.97977781 10.732131 -1.1939919 1 1 1
v 2.97566342 10.7314558 -1.20613885 1 1 1
v 2.98570466 10.7335949 -1.21385479 1 1 1
v 1.95627522 7.797616 -0.696536481 1 1 1
v 1.97520506 7.82605553 -0.660052955 1 1 1
v 2.51820278 7.8172307 -0.821828127 1 1 1
v 2.5242455 7.7765851 -0.88327837 1 1 1
v 1.97914386 7.86948586 -0.683199167 1 1 1
v 2.48050237 7.87814808 -0.836934209 1 1 1
v 1.95919728 7.87085199 -0.732280135 1 1 1
v 2.45914245 7.88309574 -0.907261789 1 1 1
v 1.94041729 7.82719469 -0.738417149 1 1 1
v 2.48767781 7.81703138 -0.936527669 1 1 1
v 2.95067 8.26586914 -0.987093151 1 1 1
v 2.96127963 8.2432394 -1.04292727 1 1 1
v 2.89686918 8.29914284 -0.991990626 1 1 1
v 2.87596107 8.29589367 -1.05137229 1 1 1
v 2.91746926 8.25745201 -1.09349358 1 1 1
v 3.17108727 8.84352779 -1.12526166 1 1 1
v 3.19659305 8.83143616 -1.17742431 1 1 1
v 3.11765552 8.8541317 -1.12223363 1 1 1
v 3.10562325 8.84912968 -1.17309761 1 1 1
v 3.14411354 8.83763123 -1.20289052 1 1 1
v 3.17324018 9.47556686 -1.16737235 1 1 1
v 3.17973256 9.47383213 -1.21199977 1 1 1
v 3.12848926 9.4740963 -1.17360413 1 1 1
v 3.11322641 9.47220802 -1.2118746 1 1 1
v 3.14749241 9.47209358 -1.23540425 1 1 1
v 3.13406968 10.1093988 -1.18313336 1 1 1
v 3.14057636 10.110096 -1.22069836 1 1 1
v 3.09881616 10.1047277 -1.19067502 1 1 1
v 3.08504128 10.1029797 -1.21986747 1 1 1
v 3.11270118 10.1064634 -1.23815966 1 1 1
v 2.99555874 10.7290726 -1.19159746 1 1 1
v 3.0063405 10.7363071 -1.21000969 1 1 1
v 2.97821832 10.7263708 -1.19025052 1 1 1
v 2.96633315 10.7278442 -1.20918989 1 1 1
v 2.98539376 10.7340364 -1.22740936 1 1 1
v 1.40138066 7.77055073 -0.495443046 1 1 1
v 1.43125486 7.79839945 -0.463969439 1 1 1
v 1.44719839 7.81988907 -0.438647956 1 1 1
v 1.38523281 7.76063061 -0.504397154 1 1 1
v 1.47366011 7.85467911 -0.468335509 1 1 1
v 1.50167108 7.90288877 -0.503529429 1 1 1
v 1.46071911 7.90308046 -0.599418461 1 1 1
v 1.45808554 7.90363169 -0.600242019 1 1 1
v 1.49598026 7.90328503 -0.526218414 1 1 1
v 1.48149204 7.90451241 -0.545549154 1 1 1
v 1.35851896 7.8232789 -0.588324428 1 1 1
v 1.38235641 7.80079365 -0.573427141 1 1 1
v 1.37926626 7.78051805 -0.533977568 1 1 1
v 1.63764882 11.4221487 0.668124497 1 1 1
v 1.62942696 11.4230919 0.661879778 1 1 1
v 1.63791382 11.4240026 0.659449995 1 1 1
v 1.63288093 11.423933 0.652140796 1 1 1
v 1.64323759 11.4235106 0.652366579 1 1 1
v 1.64618421 11.4224081 0.662245214 1 1 1
v 1.72010207 8.90531158 -0.15672341 1 1 1
v 1.68369126 8.92664242 -0.17339915 1 1 1
v 1.64858437 9.30713654 0.166134715 1 1 1
v 1.70110059 9.2858181 0.207091227 1 1 1
v 1.69689393 8.96064091 -0.197068796 1 1 1
v 1.66878211 9.33657742 0.109768257 1 1 1
v 1.74104488 8.9670248 -0.189065114 1 1 1
v 1.73511112 9.33563232 0.111376062 1 1 1
v 1.75725937 8.9250145 -0.173958793 1 1 1
v 1.76096094 9.30563641 0.169001624 1 1 1
v 1.66122961 9.81979275 0.363250494 1 1 1
v 1.70937359 9.80929279 0.393532664 1 1 1
v 1.68088961 9.83953762 0.310684294 1 1 1
v 1.74054921 9.84044361 0.310875356 1 1 1
v 1.76889658 9.81984234 0.368345857 1 1 1
v 1.6473577 10.3353939 0.541447878 1 1 1
v 1.68460774 10.3306313 0.57513392 1 1 1
v 1.66233826 10.3472118 0.498276085 1 1 1
v 1.70750093 10.3501005 0.502619743 1 1 1
v 1.71810114 10.3412781 0.542647541 1 1 1
v 1.58075929 10.8736296 0.615038097 1 1 1
v 1.61617315 10.8735218 0.626530349 1 1 1
v 1.59926999 10.8785686 0.57927376 1 1 1
v 1.63263142 10.8793688 0.584157944 1 1 1
v 1.64016902 10.8762579 0.612923265 1 1 1
v 1.62351143 11.4198351 0.663280845 1 1 1
v 1.6373632 11.4184504 0.674208045 1 1 1
v 1.63050365 11.4196692 0.648503006 1 1 1
v 1.64892364 11.4228649 0.644778907 1 1 1
v 1.65674901 11.4215832 0.665922582 1 1 1
v 1.73835707 8.48377132 -0.486626983 1 1 1
v 1.72060263 8.50324821 -0.483996004 1 1 1
v 1.70948064 8.51397038 -0.483491272 1 1 1
v 1.67329502 8.53190422 -0.503131568 1 1 1
v 1.66918445 8.5334816 -0.505939186 1 1 1
v 1.67917895 8.56933784 -0.513212323 1 1 1
v 1.6940577 8.61231899 -0.535579205 1 1 1
v 1.7130264 8.63011169 -0.516297102 1 1 1
v 1.76078391 8.64297199 -0.50113672 1 1 1
v 1.7749151 8.64681339 -0.496608973 1 1 1
v 1.70940471 8.62875462 -0.517794847 1 1 1
v 1.77552915 8.64499855 -0.495839059 1 1 1
v 1.77578747 8.64423466 -0.495517284 1 1 1
v 1.77820814 8.63537121 -0.495540917 1 1 1
v 1.79777718 8.56578827 -0.497699648 1 1 1
v 1.80050266 8.55481815 -0.500425339 1 1 1
v 1.80692959 8.52208519 -0.519048333 1 1 1
v 1.78840744 8.52140331 -0.499281824 1 1 1
v 1.76964986 8.5094595 -0.492188632 1 1 1
v 2.3239367 11.8361626 -1.77440834 1 1 1
v 2.32858658 11.8392353 -1.76711965 1 1 1
v 2.32080913 11.8381968 -1.76749516 1 1 1
v 2.32276654 11.8397217 -1.76004219 1 1 1
v 2.31451941 11.8369493 -1.7629571 1 1 1
v 2.31524253 11.8347502 -1.77183592 1 1 1
v 2.00087881 9.35490799 -1.01385796 1 1 1
v 2.02792764 9.38130283 -0.997503638 1 1 1
v 2.1012013 9.74551296 -1.33682871 1 1 1
v 2.0599556 9.72723103 -1.38206542 1 1 1
v 2.0096283 9.42816734 -0.992320001 1 1 1
v 2.07152271 9.78707314 -1.28532922 1 1 1
v 1.97007751 9.40747643 -0.98840481 1 1 1
v 2.01278496 9.77989006 -1.32012057 1 1 1
v 1.96570873 9.37306786 -1.0090127 1 1 1
v 2.00740814 9.75065327 -1.36755812 1 1 1
v 2.246907 10.2288713 -1.55322301 1 1 1
v 2.21901464 10.2296419 -1.59599483 1 1 1
v 2.21554589 10.2471762 -1.52002859 1 1 1
v 2.17073059 10.2598524 -1.53633285 1 1 1
v 2.16451049 10.2497129 -1.59472895 1 1 1
v 2.43959904 10.7574883 -1.55309236 1 1 1
v 2.42140961 10.7594948 -1.58640337 1 1 1
v 2.41650939 10.7646122 -1.52419591 1 1 1
v 2.38332653 10.7710428 -1.54064512 1 1 1
v 2.38659143 10.7680101 -1.57603061 1 1 1
v 2.47233462 11.3116512 -1.62475002 1 1 1
v 2.45537949 11.3066845 -1.64269876 1 1 1
v 2.45965171 11.3193226 -1.58209252 1 1 1
v 2.4272697 11.3103971 -1.61274195 1 1 1
v 2.42974377 11.3049784 -1.6413449 1 1 1
v 2.33179998 11.8347216 -1.7657392 1 1 1
v 2.3276608 11.8341122 -1.78297901 1 1 1
v 2.32454896 11.8364983 -1.75579298 1 1 1
v 2.30723071 11.8355827 -1.75772607 1 1 1
v 2.30592752 11.8316708 -1.7792877 1 1 1
v 1.97642195 8.97951031 -0.667986631 1 1 1
v 2.00000191 8.99662304 -0.647007883 1 1 1
v 1.9499234 8.93802929 -0.66685009 1 1 1
v 1.97958791 9.13007164 -0.715540171 1 1 1
v 1.96898556 9.13681793 -0.698042393 1 1 1
v 1.99701738 9.03244972 -0.671043932 1 1 1
v 1.99141455 9.04842663 -0.673402667 1 1 1
v 1.98134136 9.1268034 -0.716642976 1 1 1
v 1.90862763 9.07103539 -0.649008751 1 1 1
v 1.89218807 9.04878139 -0.632166147 1 1 1
v 1.92290413 9.08833408 -0.661625922 1 1 1
v 1.89110541 9.03582096 -0.642914772 1 1 1
v 1.88780212 9.00799465 -0.655997753 1 1 1
v 1.88447034 8.9792347 -0.666229606 1 1 1
v 1.90779328 8.99104118 -0.69114697 1 1 1
v 1.92529333 8.9893446 -0.699800253 1 1 1
v 1.93988431 8.94669342 -0.668979883 1 1 1
v 3.23105049 12.3637733 -0.984811902 1 1 1
v 3.22744989 12.3630486 -0.977727234 1 1 1
v 3.22436118 12.3627949 -0.983816266 1 1 1
v 3.21986365 12.3609352 -0.979020476 1 1 1
v 3.21877527 12.3603544 -0.986904919 1 1 1
v 3.22568917 12.3621082 -0.990484059 1 1 1
v 2.59119773 9.70622063 -0.771790147 1 1 1
v 2.59172201 9.68496132 -0.797535181 1 1 1
v 2.12027764 9.29072285 -0.705579937 1 1 1
v 2.11908627 9.29425526 -0.700011432 1 1 1
v 2.12217546 9.29777718 -0.698979795 1 1 1
v 2.11981702 9.303298 -0.689750791 1 1 1
v 2.13178182 9.33242607 -0.66686064 1 1 1
v 2.12702107 9.33546448 -0.658121645 1 1 1
v 2.09069037 9.31817436 -0.752275288 1 1 1
v 2.57918334 9.7024622 -0.824842155 1 1 1
v 3.05833602 10.0615778 -0.84786433 1 1 1
v 3.07622862 10.0404396 -0.887928367 1 1 1
v 2.58771133 9.74287796 -0.783639312 1 1 1
v 3.02215266 10.0920963 -0.856168866 1 1 1
v 2.58571935 9.74790192 -0.819385469 1 1 1
v 3.00218225 10.1017475 -0.914519966 1 1 1
v 3.04860187 10.0588102 -0.930172622 1 1 1
v 3.38901663 10.574419 -0.90439713 1 1 1
v 3.41900826 10.5592146 -0.944974005 1 1 1
v 3.34496927 10.5914764 -0.909803629 1 1 1
v 3.34364367 10.5880775 -0.954992354 1 1 1
v 3.37803698 10.5728331 -0.97410357 1 1 1
v 3.50133228 11.171483 -0.937989235 1 1 1
v 3.50796342 11.1703176 -0.981322765 1 1 1
v 3.45523477 11.1716442 -0.951536119 1 1 1
v 3.45303273 11.1707907 -0.992161274 1 1 1
v 3.4877286 11.1700249 -1.01305997 1 1 1
v 3.39437079 11.773634 -0.944060206 1 1 1
v 3.40608501 11.7760582 -0.965636134 1 1 1
v 3.36904621 11.7682037 -0.946008265 1 1 1
v 3.36617231 11.7674255 -0.972641826 1 1 1
v 3.38995624 11.7725468 -0.990601182 1 1 1
v 3.22965884 12.358923 -0.975482225 1 1 1
v 3.2356801 12.361186 -0.985260308 1 1 1
v 3.21662593 12.3575516 -0.974966347 1 1 1
v 3.21137857 12.3576307 -0.990941823 1 1 1
v 3.22729993 12.3657188 -1.00581384 1 1 1
v 2.15158343 9.42458916 -0.686986327 1 1 1
v 2.15177536 9.42529392 -0.687212825 1 1 1
v 2.16417432 9.43455696 -0.70731169 1 1 1
v 2.16259503 9.43521404 -0.730142474 1 1 1
v 2.17380071 9.44452095 -0.754540503 1 1 1
v 2.15178394 9.42529964 -0.687224388 1 1 1
v 2.14417338 9.40110302 -0.756447434 1 1 1
v 2.11566186 9.36162758 -0.753217936 1 1 1
v 2.08804989 9.32264137 -0.750251055 1 1 1
v -1.21740437 9.19061852 -1.90249646 1 1 1
v -1.20640075 9.18946934 -1.89120722 1 1 1
v -1.21970761 9.19077873 -1.88916898 1 1 1
v -1.21379209 9.1881094 -1.87730205 1 1 1
v -1.22936392 9.18841934 -1.87999678 1 1 1
v -1.23159647 9.18996906 -1.89556777 1 1 1
v -1.33271623 7.08231544 -1.1762861 1 1 1
v -1.28056908 7.11836147 -1.15031278 1 1 1
v -1.17552972 7.38693333 -1.6499548 1 1 1
v -1.2432183 7.34803391 -1.71095824 1 1 1
v -1.30628181 7.17387533 -1.12609768 1 1 1
v -1.21673965 7.44753981 -1.58467269 1 1 1
v -1.37073207 7.18029737 -1.15936315 1 1 1
v -1.31194067 7.44829464 -1.60288 1 1 1
v -1.3922559 7.12054491 -1.1820215 1 1 1
v -1.34757352 7.38433695 -1.68867409 1 1 1
v -1.11456406 7.94743824 -1.9175024 1 1 1
v -1.17165649 7.93523169 -1.96938121 1 1 1
v -1.14892471 7.96939754 -1.8393625 1 1 1
v -1.22662246 7.96374512 -1.86723924 1 1 1
v -1.24020195 7.94558239 -1.93798268 1 1 1
v -1.17713678 8.56696415 -1.95742595 1 1 1
v -1.21372879 8.56642437 -1.99544561 1 1 1
v -1.20270741 8.56548405 -1.91290295 1 1 1
v -1.25291693 8.56414509 -1.92063439 1 1 1
v -1.27188754 8.56483746 -1.97801888 1 1 1
v -1.19904244 9.18481064 -1.89272964 1 1 1
v -1.21585786 9.18780041 -1.9117713 1 1 1
v -1.21042347 9.18282795 -1.87089694 1 1 1
v -1.23336661 9.18209457 -1.87674141 1 1 1
v -1.23811257 9.18552685 -1.89946818 1 1 1
v -1.36227262 6.79682779 -0.699216247 1 1 1
v -1.35519505 6.80188036 -0.695485234 1 1 1
v -1.30774879 6.83032322 -0.64891237 1 1 1
v -1.41482151 6.74232149 -0.661852002 1 1 1
v -1.3163898 6.85577059 -0.646957755 1 1 1
v -1.32328212 6.87219286 -0.641468287 1 1 1
v -1.35708654 6.94930315 -0.610041916 1 1 1
v -1.42438447 6.97060156 -0.691774607 1 1 1
v -1.47244966 6.97847557 -0.726453424 1 1 1
v -1.39576423 6.96230078 -0.659576714 1 1 1
v -1.50558567 6.87405205 -0.709338605 1 1 1
v -1.51709592 6.83726645 -0.706916451 1 1 1
v -1.51800215 6.8352294 -0.703762472 1 1 1
v -1.4751482 6.9674325 -0.732313991 1 1 1
v -1.48560858 6.9299407 -0.740984559 1 1 1
v -1.50208247 6.82120705 -0.699938476 1 1 1
v -1.41562593 6.74295187 -0.662006438 1 1 1
v -1.80013692 9.80463314 0.499070406 1 1 1
v -1.80810595 9.80523682 0.487437665 1 1 1
v -1.79603231 9.80536461 0.487734616 1 1 1
v -1.79957056 9.80420208 0.476245224 1 1 1
v -1.78632641 9.8029604 0.480960637 1 1 1
v -1.78667629 9.80322742 0.495067269 1 1 1
v -1.80685484 7.59647751 -0.254586399 1 1 1
v -1.84394801 7.63718843 -0.284385383 1 1 1
v -1.937953 8.06070995 0.0592001565 1 1 1
v -1.88919675 8.02772427 0.120389782 1 1 1
v -1.80975556 7.68216038 -0.306644976 1 1 1
v -1.88321984 8.09780693 0.00619916711 1 1 1
v -1.74835515 7.65655184 -0.304498792 1 1 1
v -1.80150664 8.09009266 0.0312449634 1 1 1
v -1.74752879 7.61385059 -0.259695739 1 1 1
v -1.79677045 8.04056931 0.113801122 1 1 1
v -1.95382249 8.61347294 0.325227678 1 1 1
v -1.91259336 8.59437466 0.373831868 1 1 1
v -1.91026008 8.63407993 0.270875156 1 1 1
v -1.83747518 8.62514305 0.293204218 1 1 1
v -1.84265769 8.59721088 0.366093487 1 1 1
v -1.8991735 9.19831085 0.496681124 1 1 1
v -1.87051964 9.19070339 0.535045683 1 1 1
v -1.86724818 9.20039654 0.46095413 1 1 1
v -1.82177043 9.19505405 0.47386393 1 1 1
v -1.82664609 9.18893909 0.521325111 1 1 1
v -1.82267952 9.80731678 0.487054169 1 1 1
v -1.80187368 9.79809284 0.502225995 1 1 1
v -1.80287576 9.8026228 0.465702742 1 1 1
v -1.78008664 9.79860973 0.476467788 1 1 1
v -1.78209865 9.79810429 0.499037117 1 1 1
v -1.7931844 7.17351818 -0.617538989 1 1 1
v -1.82122838 7.2094059 -0.635510325 1 1 1
v -1.74674559 7.10714817 -0.594654202 1 1 1
v -1.7765373 7.32140255 -0.633929014 1 1 1
v -1.76349914 7.33709574 -0.64389497 1 1 1
v -1.81791782 7.22294426 -0.632266164 1 1 1
v -1.81667209 7.2307353 -0.629366457 1 1 1
v -1.78237772 7.30867147 -0.63302511 1 1 1
v -1.69774055 7.30004501 -0.651979625 1 1 1
v -1.6888541 7.29513025 -0.652696013 1 1 1
v -1.64876258 7.25045443 -0.679144382 1 1 1
v -1.63462937 7.24010277 -0.682899356 1 1 1
v -1.63941073 7.22204351 -0.637556732 1 1 1
v -1.64023077 7.22144032 -0.631147444 1 1 1
v -1.63813496 7.16180372 -0.593498886 1 1 1
v -1.65750122 7.15835762 -0.587689519 1 1 1
v -1.67370248 7.15606117 -0.583411992 1 1 1
v -1.72980344 7.12140179 -0.58974421 1 1 1
v -1.74192214 7.11471415 -0.590479016 1 1 1
v -3.05649328 10.1397409 -1.37074542 1 1 1
v -3.0449872 10.1394653 -1.37467635 1 1 1
v -3.04805207 10.1385593 -1.36476958 1 1 1
v -3.03788137 10.1364069 -1.36529148 1 1 1
v -3.04499626 10.1347904 -1.35556078 1 1 1
v -3.05649877 10.1368504 -1.3589313 1 1 1
v -2.35718083 7.73216438 -1.04834223 1 1 1
v -2.33276749 7.76642227 -1.08048153 1 1 1
v -2.72689486 8.01065922 -1.33526134 1 1 1
v -2.7882576 7.97385216 -1.30451202 1 1 1
v -2.34677601 7.8193121 -1.06547713 1 1 1
v -2.69851422 8.06262302 -1.28606856 1 1 1
v -2.37204695 7.81562805 -1.0194447 1 1 1
v -2.74138021 8.06050873 -1.22166657 1 1 1
v -2.37287545 7.75819826 -1.00435662 1 1 1
v -2.80054832 8.00424004 -1.22987831 1 1 1
v -2.99999213 8.47881603 -1.50299382 1 1 1
v -3.05663109 8.46252537 -1.48510826 1 1 1
v -2.96344137 8.50509739 -1.45873022 1 1 1
v -2.99942708 8.50958538 -1.39492774 1 1 1
v -3.05837202 8.47887707 -1.42418325 1 1 1
v -3.11624718 9.02709675 -1.59875321 1 1 1
v -3.16232824 9.02392673 -1.58135808 1 1 1
v -3.08846211 9.03098011 -1.55735254 1 1 1
v -3.11464739 9.0306406 -1.51379669 1 1 1
v -3.16131377 9.0258894 -1.53367329 1 1 1
v -3.09777331 9.59044456 -1.53007472 1 1 1
v -3.13507605 9.59134388 -1.51928747 1 1 1
v -3.07190919 9.58355522 -1.50056982 1 1 1
v -3.09745789 9.58011246 -1.47039413 1 1 1
v -3.13452506 9.58450222 -1.47994506 1 1 1
v -3.04146504 10.1412086 -1.38564324 1 1 1
v -3.06168747 10.1370182 -1.37499702 1 1 1
v -3.03447723 10.1307869 -1.36666548 1 1 1
v -3.04350781 10.1293373 -1.35082293 1 1 1
v -3.06232285 10.1329451 -1.35579753 1 1 1
v -1.93482327 7.43018436 -0.804018974 1 1 1
v -1.92832184 7.45362282 -0.826071322 1 1 1
v -1.92862749 7.49273396 -0.864409626 1 1 1
v -1.90021753 7.50355434 -0.872845173 1 1 1
v -1.98377562 7.63257504 -0.875913858 1 1 1
v -1.98107696 7.62691784 -0.876535058 1 1 1
v -2.02649164 7.63281012 -0.817595303 1 1 1
v -2.02715564 7.62449217 -0.786278248 1 1 1
v -1.98713541 7.63225889 -0.867793381 1 1 1
v -2.02355886 7.63434315 -0.826611519 1 1 1
v -1.98612845 7.49908113 -0.736214578 1 1 1
v -1.96172583 7.48076057 -0.719761491 1 1 1
v -1.94640017 7.44090939 -0.797142625 1 1 1
v -1.98311663 7.4905324 -0.734581113 1 1 1
v -1.97092271 7.46892071 -0.768331647 1 1 1
v -1.47037959 10.4122925 -1.70346808 1 1 1
v -1.47561347 10.4153538 -1.69541895 1 1 1
v -1.47883844 10.4139748 -1.7033006 1 1 1
v -1.48539507 10.4152489 -1.69784057 1 1 1
v -1.48620653 10.4121237 -1.70738697 1 1 1
v -1.47692633 10.4102964 -1.71086442 1 1 1
v -1.86613119 8.41365814 -1.04116702 1 1 1
v -1.88372993 8.44548035 -1.0140605 1 1 1
v -1.76904321 8.89838982 -1.15630102 1 1 1
v -1.73734605 8.87680626 -1.20560229 1 1 1
v -1.91381598 8.4893322 -1.04116368 1 1 1
v -1.8335458 8.91086102 -1.17134869 1 1 1
v -1.91960859 8.46143341 -1.07576621 1 1 1
v -1.82879233 8.89235115 -1.23364604 1 1 1
v -1.89124095 8.41411591 -1.07661605 1 1 1
v -1.77446175 8.87179661 -1.25892484 1 1 1
v -1.61727369 9.40951633 -1.28150582 1 1 1
v -1.59563661 9.38939571 -1.32510495 1 1 1
v -1.6612376 9.41339779 -1.30549383 1 1 1
v -1.67174077 9.4019165 -1.35056114 1 1 1
v -1.62176716 9.37988091 -1.37780702 1 1 1
v -1.50520217 9.90019321 -1.50376642 1 1 1
v -1.48547506 9.88731289 -1.53027582 1 1 1
v -1.53732836 9.90161419 -1.51320505 1 1 1
v -1.54075885 9.89049053 -1.54450727 1 1 1
v -1.51066566 9.88300228 -1.55187249 1 1 1
v -1.47142911 10.4181643 -1.68574393 1 1 1
v -1.46547472 10.4082918 -1.70257556 1 1 1
v -1.48819554 10.4113846 -1.69431865 1 1 1
v -1.49110627 10.4081583 -1.70906687 1 1 1
v -1.47575009 10.4053221 -1.71539342 1 1 1
v -1.96046424 7.97231817 -0.855922759 1 1 1
v -1.97062683 7.96363688 -0.840843678 1 1 1
v -1.98592925 7.9805398 -0.817610264 1 1 1
v -1.95220757 7.91823053 -0.86838913 1 1 1
v -2.00929189 8.11994171 -0.891798615 1 1 1
v -2.01837993 8.13955402 -0.903479397 1 1 1
v -2.00427341 8.04908562 -0.85625273 1 1 1
v -2.03138971 8.09671688 -0.932073295 1 1 1
v -2.04026961 8.06530094 -0.943744183 1 1 1
v -2.04458523 8.04993343 -0.951638818 1 1 1
v -2.02038956 8.13339901 -0.912739277 1 1 1
v -2.00476217 7.90957594 -0.930606127 1 1 1
v -1.95970619 7.92510557 -0.883949459 1 1 1
v -1.9991411 7.90879965 -0.924141526 1 1 1
v -1.9701463 7.92274761 -0.896144688 1 1 1
v -3.29402971 11.0940609 -0.626581073 1 1 1
v -3.2918303 11.0936947 -0.634088039 1 1 1
v -3.28779292 11.094943 -0.628881574 1 1 1
v -3.28400826 11.093997 -0.634335935 1 1 1
v -3.28137302 11.0945501 -0.626981378 1 1 1
v -3.28756714 11.0945892 -0.622189283 1 1 1
v -2.53003359 8.79981804 -0.838555455 1 1 1
v -2.53228331 8.81892586 -0.868395805 1 1 1
v -2.87986636 9.29361534 -0.798815548 1 1 1
v -2.87850451 9.28252602 -0.749661684 1 1 1
v -2.5307765 8.87890816 -0.860569715 1 1 1
v -2.83381963 9.32048893 -0.792215466 1 1 1
v -2.5162859 8.87260532 -0.830682635 1 1 1
v -2.81988215 9.31846428 -0.747670949 1 1 1
v -2.51185942 8.81695652 -0.816202343 1 1 1
v -2.8471241 9.29334641 -0.712437272 1 1 1
v -3.13094616 9.84881973 -0.643081188 1 1 1
v -3.1406281 9.84002209 -0.606246829 1 1 1
v -3.09453321 9.8619194 -0.644412875 1 1 1
v -3.08070278 9.86149979 -0.607982934 1 1 1
v -3.10934663 9.84863567 -0.589869916 1 1 1
v -3.27429891 10.4602957 -0.606181026 1 1 1
v -3.28234506 10.4593801 -0.583034933 1 1 1
v -3.24304605 10.464838 -0.619059086 1 1 1
v -3.23949456 10.4655123 -0.583949506 1 1 1
v -3.26139045 10.4625387 -0.566997707 1 1 1
v -3.29513979 11.0907745 -0.638336241 1 1 1
v -3.29843712 11.0909777 -0.624769688 1 1 1
v -3.27886891 11.0934458 -0.641833961 1 1 1
v -3.2761662 11.092164 -0.625338316 1 1 1
v -3.28727794 11.0978355 -0.608936667 1 1 1
v -2.202034 8.31698227 -0.960237682 1 1 1
v -2.19884014 8.31169224 -0.960863769 1 1 1
v -2.18845749 8.30336285 -0.975642443 1 1 1
v -2.19748688 8.28086567 -0.91996187 1 1 1
v -2.19830155 8.28274727 -0.920588434 1 1 1
v -2.19880199 8.28409576 -0.921258807 1 1 1
v -2.21277094 8.40161705 -0.963603675 1 1 1
v -2.22175336 8.41481113 -0.96170491 1 1 1
v -2.2407167 8.50361252 -0.950984836 1 1 1
v -2.21399379 8.49099731 -0.902335346 1 1 1
v -2.20262575 8.47609329 -0.898287475 1 1 1
v -2.24394035 8.51477623 -0.940127373 1 1 1
v -2.23922777 8.51409817 -0.929230094 1 1 1
v -2.21950173 8.49528217 -0.909599602 1 1 1
v -2.15399408 8.30205727 -0.883134186 1 1 1
v -2.17862201 8.31461716 -0.892290652 1 1 1
v -2.17902756 8.31310177 -0.893275976 1 1 1
v 0.839887559 8.75147629 0.180125609 1 1 1
v 0.851418138 8.75129795 0.191055998 1 1 1
v 0.838340282 8.75422478 0.193351328 1 1 1
v 0.844682872 8.7531395 0.205328748 1 1 1
v 0.828989625 8.75445652 0.20321928 1 1 1
v 0.826025963 8.75342846 0.187642798 1 1 1
v 0.609818876 6.59457207 0.904493451 1 1 1
v 0.663320482 6.60503006 0.95295018 1 1 1
v 0.761687458 7.06903124 0.665761054 1 1 1
v 0.681153238 7.04066563 0.601098597 1 1 1
v 0.638662219 6.66437292 0.995819211 1 1 1
v 0.719497204 7.12265015 0.746646643 1 1 1
v 0.566016197 6.66447878 0.989454091 1 1 1
v 0.611900568 7.13092852 0.737250805 1 1 1
v 0.546962321 6.62455559 0.929720104 1 1 1
v 0.578885972 7.07668257 0.638979733 1 1 1
v 0.805981636 7.59115887 0.389593184 1 1 1
v 0.741610229 7.57301283 0.32824406 1 1 1
v 0.772734761 7.62532997 0.46541214 1 1 1
v 0.686106563 7.62780046 0.450465649 1 1 1
v 0.660258532 7.59783125 0.369206071 1 1 1
v 0.828396201 8.15746975 0.234600008 1 1 1
v 0.787387431 8.1544466 0.197924688 1 1 1
v 0.807255507 8.16928577 0.287836224 1 1 1
v 0.741922379 8.17513275 0.285393149 1 1 1
v 0.729534864 8.16393185 0.218164831 1 1 1
v 0.861821771 8.74758816 0.189312041 1 1 1
v 0.841629148 8.749753 0.166075677 1 1 1
v 0.847110271 8.74774647 0.211202696 1 1 1
v 0.82247144 8.75187588 0.210046157 1 1 1
v 0.81523174 8.75205326 0.182715997 1 1 1
v 0.578933358 6.11531973 1.16370702 1 1 1
v 0.627578735 6.10146856 1.22339582 1 1 1
v 0.643113434 6.09214306 1.24572682 1 1 1
v 0.547839344 6.10803604 1.13420486 1 1 1
v 0.619634986 6.22226667 1.2719028 1 1 1
v 0.605814874 6.2653327 1.29422593 1 1 1
v 0.639858425 6.11919975 1.24792755 1 1 1
v 0.623341799 6.21003485 1.26606297 1 1 1
v 0.566285431 6.28303385 1.27859771 1 1 1
v 0.562191963 6.28169155 1.27897823 1 1 1
v 0.475822747 6.24915552 1.28946686 1 1 1
v 0.467974097 6.23981094 1.29414463 1 1 1
v 0.466539621 6.23805761 1.29502606 1 1 1
v 0.452432424 6.20945835 1.24474287 1 1 1
v 0.433128119 6.16248941 1.18595314 1 1 1
v 0.465230316 6.2355032 1.2906245 1 1 1
v 0.537747681 6.12058401 1.13528085 1 1 1
v 0.470445901 6.16285372 1.16033268 1 1 1
v 0.502538621 6.16146612 1.14028537 1 1 1
v 1.64567018 9.20658493 2.73469973 1 1 1
v 1.63331997 9.20295715 2.73712516 1 1 1
v 1.63818574 9.20329285 2.72703147 1 1 1
v 1.62823319 9.19823456 2.726017 1 1 1
v 1.63743949 9.19894314 2.7167263 1 1 1
v 1.64821613 9.20410442 2.72209263 1 1 1
v 1.09075618 6.41521072 2.06178355 1 1 1
v 1.04961336 6.44841576 2.08916378 1 1 1
v 1.43349624 6.4643774 2.54197335 1 1 1
v 1.49985301 6.41679001 2.50816131 1 1 1
v 1.08141971 6.49983168 2.0970242 1 1 1
v 1.42913437 6.54267359 2.49844909 1 1 1
v 1.12722373 6.5014925 2.05862975 1 1 1
v 1.49314654 6.54878664 2.43437743 1 1 1
v 1.13344467 6.44780159 2.03380942 1 1 1
v 1.54906964 6.46203375 2.43454242 1 1 1
v 1.76925004 6.8506794 2.87770486 1 1 1
v 1.84357262 6.82482529 2.8541522 1 1 1
v 1.73310852 6.90157557 2.80985856 1 1 1
v 1.80027068 6.89372301 2.75607228 1 1 1
v 1.86659992 6.84950495 2.77945805 1 1 1
v 1.92387545 7.43565702 2.99333024 1 1 1
v 1.98880386 7.42933893 2.9810462 1 1 1
v 1.89799726 7.44562054 2.93415523 1 1 1
v 1.9412787 7.44618511 2.88610578 1 1 1
v 2.01374745 7.43500042 2.90975571 1 1 1
v 1.92263961 8.04335022 2.99804807 1 1 1
v 1.98296511 8.04887772 2.99163246 1 1 1
v 1.89789975 8.03816605 2.94604397 1 1 1
v 1.93768644 8.03978252 2.90383244 1 1 1
v 1.99134946 8.04638386 2.93036842 1 1 1
v 1.81153548 8.63995171 2.92075324 1 1 1
v 1.85375524 8.64627171 2.89809823 1 1 1
v 1.79759741 8.6266861 2.87271786 1 1 1
v 1.83014035 8.63010025 2.84681964 1 1 1
v 1.86564755 8.64239597 2.86134005 1 1 1
v 1.62803161 9.20301819 2.74770093 1 1 1
v 1.65257549 9.20851898 2.74169016 1 1 1
v 1.61635554 9.19354153 2.72454596 1 1 1
v 1.63811195 9.19320679 2.71156025 1 1 1
v 1.65458715 9.20070457 2.72062302 1 1 1
v 0.618384242 6.4115696 1.68224871 1 1 1
v 0.598854721 6.4081192 1.64955938 1 1 1
v 0.592781246 6.41424465 1.65587461 1 1 1
v 0.680113792 6.34783459 1.61599958 1 1 1
v 0.677054524 6.35582256 1.62908244 1 1 1
v 0.649196386 6.38711262 1.66536295 1 1 1
v 0.719707429 6.50674629 1.74185419 1 1 1
v 0.597843826 6.43229771 1.65314496 1 1 1
v 0.618386924 6.41157722 1.68225467 1 1 1
v 0.659772515 6.44370747 1.70955575 1 1 1
v 0.740795851 6.50829363 1.72438765 1 1 1
v 0.796408713 6.50759029 1.69820583 1 1 1
v 0.801660657 6.50930738 1.67203498 1 1 1
v 0.800883889 6.50955009 1.66930735 1 1 1
v 0.727889955 6.50693703 1.73913944 1 1 1
v 0.766729295 6.41246891 1.58028197 1 1 1
v 0.798230767 6.49948311 1.66204226 1 1 1
v 0.750720382 6.38952112 1.60493064 1 1 1
v 0.708562851 6.36878872 1.60420454 1 1 1
v -0.221817836 9.6724329 2.57250071 1 1 1
v -0.21815677 9.67315578 2.56146693 1 1 1
v -0.212327808 9.67323589 2.56955409 1 1 1
v -0.206529245 9.672472 2.56148052 1 1 1
v -0.203003913 9.6713295 2.57252264 1 1 1
v -0.212452739 9.6713047 2.57933354 1 1 1
v 0.369782031 7.23184109 2.04025841 1 1 1
v 0.378931105 7.2578392 1.99568176 1 1 1
v 0.0491660833 7.61788034 2.12980223 1 1 1
v 0.0335836224 7.58187866 2.1993556 1 1 1
v 0.409153908 7.30139732 2.01051283 1 1 1
v 0.113226756 7.66265202 2.14386821 1 1 1
v 0.407264978 7.31737471 2.07049489 1 1 1
v 0.138252109 7.65628767 2.219203 1 1 1
v 0.392593503 7.2612114 2.08491206 1 1 1
v 0.0869013742 7.60106039 2.26472616 1 1 1
v -0.24161993 8.06476402 2.26728463 1 1 1
v -0.258355141 8.04247284 2.33549023 1 1 1
v -0.164058059 8.0951786 2.26737738 1 1 1
v -0.144281685 8.08431053 2.3480041 1 1 1
v -0.205798104 8.05117989 2.38781047 1 1 1
v -0.320194095 8.59561062 2.37360907 1 1 1
v -0.33803615 8.58551216 2.42335606 1 1 1
v -0.267114848 8.59728813 2.37535453 1 1 1
v -0.251345128 8.58857632 2.42448354 1 1 1
v -0.294433415 8.57908344 2.46775341 1 1 1
v -0.263832659 9.12866879 2.49620152 1 1 1
v -0.273123711 9.12398911 2.53209162 1 1 1
v -0.222798422 9.12605953 2.49356246 1 1 1
v -0.214092627 9.11951447 2.53273153 1 1 1
v -0.244830742 9.11904907 2.55084872 1 1 1
v -0.221186042 9.66896439 2.55725002 1 1 1
v -0.226165533 9.66758537 2.57338738 1 1 1
v -0.192299113 9.68033504 2.54328704 1 1 1
v -0.199748516 9.66573048 2.57323694 1 1 1
v -0.212768316 9.66600132 2.58321857 1 1 1
v 0.663330019 6.87711 1.85067761 1 1 1
v 0.674172103 6.87602901 1.83156741 1 1 1
v 0.687622368 6.88023806 1.80215347 1 1 1
v 0.674019754 6.82643414 1.88108468 1 1 1
v 0.671683908 6.83501625 1.87771201 1 1 1
v 0.730547786 6.9603796 1.82976472 1 1 1
v 0.73719269 6.96772385 1.83200693 1 1 1
v 0.703729868 6.94588137 1.82684457 1 1 1
v 0.733722329 6.97275543 1.83716118 1 1 1
v 0.711899042 7.00199318 1.86192811 1 1 1
v 0.702983379 7.02220249 1.9041636 1 1 1
v 0.686189651 7.05141258 1.95655775 1 1 1
v 0.689060271 7.05060196 1.96735215 1 1 1
v 0.697098553 6.9493742 1.96597505 1 1 1
v 0.706425607 6.89457035 1.96416819 1 1 1
v 0.689743221 7.0228281 1.96688068 1 1 1
v 0.681716681 6.84540939 1.9039284 1 1 1
v 2.04282761 10.3087215 2.36208558 1 1 1
v 2.03913045 10.3073301 2.37186074 1 1 1
v 2.0342052 10.3095293 2.3646245 1 1 1
v 2.0285995 10.3076038 2.37143064 1 1 1
v 2.02578855 10.3091621 2.36138916 1 1 1
v 2.03458214 10.3098526 2.35561323 1 1 1
v 1.20306921 7.71458673 2.09195709 1 1 1
v 1.20560098 7.744946 2.1387465 1 1 1
v 1.52701628 8.15715408 2.15587091 1 1 1
v 1.54513156 8.13798809 2.08734727 1 1 1
v 1.18880022 7.80259752 2.14248514 1 1 1
v 1.46927154 8.19952488 2.15913868 1 1 1
v 1.15898728 7.7841959 2.09632778 1 1 1
v 1.45145881 8.2063961 2.09166837 1 1 1
v 1.17198884 7.73797703 2.06468225 1 1 1
v 1.49257433 8.17230701 2.04291463 1 1 1
v 1.83981383 8.64003181 2.10748672 1 1 1
v 1.85187483 8.63399315 2.04684567 1 1 1
v 1.78250599 8.66856003 2.10697818 1 1 1
v 1.76296544 8.67841148 2.04773068 1 1 1
v 1.80878711 8.65583134 1.99758267 1 1 1
v 2.02654672 9.18185329 2.14346337 1 1 1
v 2.04909706 9.18714619 2.0951736 1 1 1
v 1.97762454 9.19154072 2.14298391 1 1 1
v 1.96637464 9.20276928 2.0974884 1 1 1
v 2.00536013 9.19993019 2.07297826 1 1 1
v 2.04360008 9.73341179 2.3099947 1 1 1
v 2.04500365 9.74141312 2.27339435 1 1 1
v 2.00286341 9.73575687 2.3041358 1 1 1
v 1.99720168 9.74357891 2.27012706 1 1 1
v 2.02416754 9.7465086 2.25391698 1 1 1
v 2.04242873 10.3031874 2.37638927 1 1 1
v 2.04901648 10.3057718 2.3598969 1 1 1
v 2.02605343 10.3025169 2.37378573 1 1 1
v 2.01687598 10.3086233 2.35794425 1 1 1
v 2.03507924 10.3114271 2.34445572 1 1 1
v 0.9035182 7.30544662 2.16467261 1 1 1
v 0.889555752 7.23743677 2.07705259 1 1 1
v 0.925943792 7.41885519 2.17183852 1 1 1
v 0.921608269 7.47941732 2.17558789 1 1 1
v 0.92134124 7.48172235 2.17572784 1 1 1
v 0.913948059 7.3808794 2.16908574 1 1 1
v 0.859942317 7.43092394 2.11131287 1 1 1
v 0.836965322 7.40616226 2.09349203 1 1 1
v 0.823701382 7.38981247 2.08647466 1 1 1
v 0.90581876 7.47783804 2.14965653 1 1 1
v 0.832714975 7.34162617 2.05778193 1 1 1
v 0.833324611 7.28081989 2.02752972 1 1 1
v 0.83058089 7.37506533 2.07544804 1 1 1
v 0.869874597 7.29381275 2.04586816 1 1 1
v 0.872408032 7.2895093 2.04889846 1 1 1
v 0.891749024 7.24539042 2.07578564 1 1 1
v 0.88989526 7.24024057 2.07633257 1 1 1
v 1.2054317 10.8643847 3.55481625 1 1 1
v 1.19668472 10.8634253 3.55151391 1 1 1
v 1.20333958 10.864152 3.54705071 1 1 1
v 1.19720852 10.8622332 3.54220605 1 1 1
v 1.2062794 10.8624554 3.53975534 1 1 1
v 1.21136177 10.8637857 3.54754901 1 1 1
v 1.03431308 8.07581615 2.86041903 1 1 1
v 0.999131322 8.10025692 2.86244059 1 1 1
v 1.09889638 8.46042156 3.32007456 1 1 1
v 1.15889239 8.4373436 3.32971358 1 1 1
v 1.01291919 8.15987396 2.86876774 1 1 1
v 1.09893012 8.51057339 3.26412797 1 1 1
v 1.05550802 8.16180038 2.86458826 1 1 1
v 1.16814768 8.49977589 3.257267 1 1 1
v 1.06606245 8.1049099 2.85062385 1 1 1
v 1.20091069 8.46191883 3.29097366 1 1 1
v 1.21286571 8.98127174 3.64960384 1 1 1
v 1.25783467 8.97162914 3.67008638 1 1 1
v 1.21509957 8.99634647 3.60372734 1 1 1
v 1.26322472 8.99916172 3.58612895 1 1 1
v 1.29548001 8.98228168 3.63082337 1 1 1
v 1.19086862 9.61125183 3.68847084 1 1 1
v 1.23167467 9.61145973 3.70697975 1 1 1
v 1.19037986 9.61134052 3.64330411 1 1 1
v 1.23313808 9.61141872 3.63848758 1 1 1
v 1.26023686 9.61160183 3.67071009 1 1 1
v 1.21898782 10.239337 3.64346838 1 1 1
v 1.24669516 10.2404013 3.65095615 1 1 1
v 1.20262861 10.2351122 3.59838676 1 1 1
v 1.25000703 10.2361259 3.60587502 1 1 1
v 1.26549745 10.238739 3.63065505 1 1 1
v 1.195207 10.8581553 3.55337644 1 1 1
v 1.20792449 10.8650923 3.56410217 1 1 1
v 1.19481814 10.8572884 3.540663 1 1 1
v 1.20962417 10.8605719 3.53144813 1 1 1
v 1.22359908 10.8656511 3.54799986 1 1 1
v 0.913165867 7.66075468 2.39889812 1 1 1
v 0.888496459 7.69933891 2.42057467 1 1 1
v 0.886894822 7.70178843 2.42193484 1 1 1
v 0.850396752 7.70491695 2.40050173 1 1 1
v 0.858565152 7.73215103 2.41635847 1 1 1
v 0.89810729 7.86686659 2.48391485 1 1 1
v 0.962482989 7.89526415 2.50207162 1 1 1
v 0.97490257 7.88264418 2.48169446 1 1 1
v 0.902777553 7.87108469 2.48806691 1 1 1
v 0.914591312 7.88031864 2.49659538 1 1 1
v 0.949849069 7.8899765 2.49856138 1 1 1
v 0.975556254 7.76441669 2.41466689 1 1 1
v 0.975380659 7.74794912 2.40533781 1 1 1
v 0.974173069 7.72497702 2.39044881 1 1 1
v 0.973518133 7.72010612 2.3865149 1 1 1
v 0.936343372 7.69414711 2.41439009 1 1 1
v 0.934197843 7.69188166 2.41458845 1 1 1
v 0.972717702 7.72336626 2.3941679 1 1 1
v 0.972539723 7.72363997 2.39501429 1 1 1
v 0.972516119 7.72363138 2.39504051 1 1 1
v 0.970729411 7.72261095 2.39638114 1 1 1
v 0.980182827 11.8114796 3.52007031 1 1 1
v 0.980893075 11.8127003 3.51236892 1 1 1
v 0.985868037 11.8129883 3.51685309 1 1 1
v 0.988522112 11.8132734 3.51070356 1 1 1
v 0.992527008 11.8124065 3.51737571 1 1 1
v 0.987372994 11.8112984 3.5231638 1 1 1
v 0.930409372 8.803195 2.75415373 1 1 1
v 0.932421088 8.86334324 2.73812175 1 1 1
v 0.898116291 9.38801003 2.85450912 1 1 1
v 0.897986233 9.37752724 2.90143108 1 1 1
v 0.964109838 8.97750664 2.76529121 1 1 1
v 0.946784973 9.39322281 2.84680319 1 1 1
v 0.981081128 8.94536591 2.78514242 1 1 1
v 0.973178923 9.38609791 2.88769889 1 1 1
v 0.960094631 8.81741333 2.7748642 1 1 1
v 0.942411721 9.37348175 2.93513775 1 1 1
v 0.864550233 10.00033 3.01086044 1 1 1
v 0.850912392 9.98940372 3.05035973 1 1 1
v 0.903929174 10.0051212 2.99170184 1 1 1
v 0.925912023 9.99277306 3.03296089 1 1 1
v 0.897140443 9.98191547 3.07317996 1 1 1
v 0.93169564 10.598671 3.20902395 1 1 1
v 0.931102514 10.587162 3.2442379 1 1 1
v 0.968370914 10.5968895 3.20262766 1 1 1
v 0.982610404 10.586154 3.23073316 1 1 1
v 0.963006556 10.5796356 3.25702429 1 1 1
v 0.991928339 11.1899948 3.40296817 1 1 1
v 0.995813668 11.1836386 3.42915106 1 1 1
v 1.01890635 11.1891041 3.40353394 1 1 1
v 1.03308499 11.1845474 3.42156911 1 1 1
v 1.01572728 11.1814394 3.43636298 1 1 1
v 0.977554858 11.8099251 3.50886607 1 1 1
v 0.971675158 11.810545 3.52505994 1 1 1
v 0.990458429 11.8108759 3.50606728 1 1 1
v 0.998599231 11.8103304 3.51760769 1 1 1
v 0.988628685 11.8078127 3.52771282 1 1 1
v 0.935742617 8.31537342 2.60359263 1 1 1
v 0.937048912 8.28466225 2.57853341 1 1 1
v 0.931135356 8.15449619 2.60219717 1 1 1
v 0.931583583 8.1558733 2.59757257 1 1 1
v 0.931336105 8.22536659 2.62096453 1 1 1
v 0.931139886 8.26255894 2.6330204 1 1 1
v 0.934193969 8.3107996 2.61963272 1 1 1
v 0.935535073 8.33102512 2.61116672 1 1 1
v 0.935578287 8.33015156 2.61038542 1 1 1
v 0.996152163 8.70809555 2.69109774 1 1 1
v 0.946016133 8.31913471 2.58666468 1 1 1
v 0.960135639 8.47729588 2.63064384 1 1 1
v 0.969355226 8.54842663 2.64971471 1 1 1
v 1.02437031 8.1613903 2.5785892 1 1 1
v 1.02625215 8.16048241 2.58162665 1 1 1
v 1.02628279 8.18007088 2.5874629 1 1 1
v 1.02694094 8.60044575 2.71271491 1 1 1
v 0.996816158 8.71093082 2.69308853 1 1 1
v 1.00379515 8.72870636 2.71044612 1 1 1
v 1.01136112 8.68165779 2.70959902 1 1 1
v 1.02035844 8.67439938 2.72302938 1 1 1
v 0.994306803 8.28949451 2.6649363 1 1 1
v 0.999345005 8.17273331 2.61827064 1 1 1
v 1.00569689 8.16877556 2.60924959 1 1 1
v 1.02569246 8.178442 2.58816195 1 1 1
v 0.986476243 8.14761162 2.62502289 1 1 1
v 0.93674767 8.29704571 2.64763498 1 1 1
v 0.937001944 8.2956543 2.64733076 1 1 1
v 0.973621905 8.29260063 2.6630528 1 1 1
v 0.937624931 8.30248451 2.64966679 1 1 1
v 0.937597811 8.30236626 2.6496191 1 1 1
v 0.937450945 8.30157948 2.64931631 1 1 1
v -0.190491512 9.33694267 -3.0466423 1 1 1
v -0.176598072 9.33439732 -3.04588008 1 1 1
v -0.184250638 9.33473682 -3.03650737 1 1 1
v -0.173576877 9.33057117 -3.03260207 1 1 1
v -0.185603008 9.33075047 -3.02515769 1 1 1
v -0.196056888 9.33468914 -3.0338347 1 1 1
v 0.312381059 5.71195984 -2.23724937 1 1 1
v 0.359400392 5.74606752 -2.25943637 1 1 1
v 0.0891743079 5.84503794 -2.75493956 1 1 1
v 0.00749650178 5.80155373 -2.743366 1 1 1
v 0.3385306 5.80079269 -2.25440311 1 1 1
v 0.09103816 5.91752195 -2.69274473 1 1 1
v 0.29636687 5.80128098 -2.20170712 1 1 1
v 0.0123149296 5.91883707 -2.64405227 1 1 1
v 0.269180715 5.74507236 -2.20308757 1 1 1
v -0.0566934869 5.84101486 -2.67079449 1 1 1
v -0.109828345 6.34047604 -3.06107521 1 1 1
v -0.187162831 6.3186903 -3.05698514 1 1 1
v -0.0898172557 6.38315725 -2.98559785 1 1 1
v -0.166567832 6.37608194 -2.95105791 1 1 1
v -0.226121038 6.33935118 -2.9898088 1 1 1
v -0.249952555 6.91069841 -3.25167775 1 1 1
v -0.315902263 6.90053034 -3.2538116 1 1 1
v -0.237668768 6.9256773 -3.18758631 1 1 1
v -0.292917937 6.92528105 -3.15036631 1 1 1
v -0.354842514 6.90796232 -3.19094872 1 1 1
v -0.299650729 7.52408171 -3.28649998 1 1 1
v -0.361413747 7.52087593 -3.3010366 1 1 1
v -0.284773439 7.52630186 -3.23180223 1 1 1
v -0.334447771 7.525033 -3.19406056 1 1 1
v -0.383314967 7.52148914 -3.23744035 1 1 1
v -0.312216699 8.13726997 -3.28110695 1 1 1
v -0.364311635 8.13834858 -3.26968527 1 1 1
v -0.306841373 8.13388348 -3.2246573 1 1 1
v -0.349148571 8.13425255 -3.20357227 1 1 1
v -0.385419965 8.13713837 -3.2312355 1 1 1
v -0.25979811 8.7430706 -3.21399689 1 1 1
v -0.300240576 8.74765873 -3.20966148 1 1 1
v -0.257409692 8.73577309 -3.17372251 1 1 1
v -0.287484616 8.73641777 -3.15346527 1 1 1
v -0.31809938 8.74445438 -3.17619014 1 1 1
v -0.170000792 9.33320999 -3.05437064 1 1 1
v -0.194657654 9.33466721 -3.05331731 1 1 1
v -0.15345484 9.329916 -3.02397847 1 1 1
v -0.18699871 9.32381058 -3.02289486 1 1 1
v -0.210309193 9.33677769 -3.02999425 1 1 1
v 0.687285364 5.62192869 -1.79535723 1 1 1
v 0.697515547 5.62647963 -1.79115307 1 1 1
v 0.613446593 5.55514479 -1.74310732 1 1 1
v 0.668959975 5.60428953 -1.77931666 1 1 1
v 0.68924439 5.63030672 -1.80171251 1 1 1
v 0.683889329 5.63745403 -1.80581856 1 1 1
v 0.645984828 5.67579412 -1.84151673 1 1 1
v 0.626652062 5.69780922 -1.85821378 1 1 1
v 0.624146938 5.69970322 -1.86095798 1 1 1
v 0.607316911 5.73830032 -1.86372459 1 1 1
v 0.564212322 5.74028301 -1.71556067 1 1 1
v 0.565441191 5.7404213 -1.70528531 1 1 1
v 0.561653137 5.73896551 -1.82129979 1 1 1
v 0.559888124 5.73898411 -1.81823599 1 1 1
v 0.561879694 5.7394104 -1.78501439 1 1 1
v 0.561008871 5.73070765 -1.70725405 1 1 1
v 0.526334882 5.63414145 -1.70491314 1 1 1
v 0.524668396 5.62603331 -1.70259988 1 1 1
v 0.572426617 5.57973242 -1.74545729 1 1 1
v 0.589216411 5.56598902 -1.75444353 1 1 1
v 0.525832355 5.61798239 -1.7205894 1 1 1
v 1.98414969 9.20520401 -2.37737632 1 1 1
v 1.97753143 9.20546246 -2.36667538 1 1 1
v 1.9734236 9.20583725 -2.37662506 1 1 1
v 1.96532786 9.20460701 -2.36962891 1 1 1
v 1.96440375 9.20381927 -2.38215494 1 1 1
v 1.97603619 9.2041893 -2.38694334 1 1 1
v 1.27087128 6.34275389 -2.04278755 1 1 1
v 1.25092292 6.37399101 -1.99688804 1 1 1
v 1.70040095 6.6412878 -2.02528334 1 1 1
v 1.73557138 6.59575415 -2.0947063 1 1 1
v 1.2302438 6.42350292 -2.01925778 1 1 1
v 1.64497674 6.70450592 -2.05598474 1 1 1
v 1.2518934 6.43122959 -2.08154249 1 1 1
v 1.64424372 6.69984627 -2.14615774 1 1 1
v 1.26254487 6.37210751 -2.09710836 1 1 1
v 1.70495749 6.62642813 -2.18971181 1 1 1
v 2.08076215 7.05303621 -2.03977656 1 1 1
v 2.12302375 7.0229125 -2.10383773 1 1 1
v 2.00595617 7.09017992 -2.06312966 1 1 1
v 2.01045108 7.07783413 -2.14419127 1 1 1
v 2.07342267 7.0420208 -2.16301489 1 1 1
v 2.20260334 7.58808661 -2.14483905 1 1 1
v 2.22951436 7.57328176 -2.21051192 1 1 1
v 2.12992263 7.5868125 -2.17055345 1 1 1
v 2.13286519 7.57350874 -2.23598766 1 1 1
v 2.19378996 7.56369114 -2.26997256 1 1 1
v 2.13126779 8.12038422 -2.27447605 1 1 1
v 2.16419625 8.12010288 -2.31931162 1 1 1
v 2.08134174 8.1108675 -2.28624487 1 1 1
v 2.08015108 8.10424519 -2.33664703 1 1 1
v 2.12482238 8.10927963 -2.3532064 1 1 1
v 2.0153358 8.65419292 -2.31730342 1 1 1
v 2.03586102 8.65527153 -2.346632 1 1 1
v 1.98303926 8.64950085 -2.32572699 1 1 1
v 1.9776516 8.6469202 -2.36051321 1 1 1
v 2.01261044 8.65056038 -2.37781143 1 1 1
v 1.98201203 9.20571995 -2.35575986 1 1 1
v 1.9904294 9.20126534 -2.37759209 1 1 1
v 1.96248066 9.19911385 -2.36663151 1 1 1
v 1.95924139 9.19925213 -2.38523602 1 1 1
v 1.97788656 9.20017147 -2.39343429 1 1 1
v 0.834445834 6.02916145 -1.98244739 1 1 1
v 0.838007867 6.04025221 -1.97485018 1 1 1
v 0.851244152 6.06359243 -1.96159339 1 1 1
v 0.830477953 6.083179 -1.92661011 1 1 1
v 0.812842488 6.08996391 -1.90667534 1 1 1
v 0.80217576 6.08842039 -1.90022337 1 1 1
v 0.77870208 6.16161251 -1.93262935 1 1 1
v 0.773182511 6.18428373 -1.94261599 1 1 1
v 0.842162371 6.2182188 -2.00197673 1 1 1
v 0.856683135 6.22394943 -2.03384447 1 1 1
v 0.870541096 6.22946167 -2.06364536 1 1 1
v 0.78085506 6.18806219 -1.94983661 1 1 1
v 0.839206815 6.21690655 -1.99754465 1 1 1
v 0.837537348 6.10260916 -2.07563496 1 1 1
v 0.822457194 6.08801937 -2.07439089 1 1 1
v 0.874174476 6.21632624 -2.06628942 1 1 1
v 0.874817669 6.21459436 -2.06667638 1 1 1
v 0.870161176 6.19709444 -2.06799316 1 1 1
v 0.847741365 6.11343431 -2.07632017 1 1 1
v 0.832293451 6.08628941 -2.06643701 1 1 1
v 0.841758192 6.08333635 -2.05638695 1 1 1
v -0.125785723 10.1610241 -2.37256432 1 1 1
v -0.119319506 10.1615419 -2.38051462 1 1 1
v -0.117080323 10.1620684 -2.37203741 1 1 1
v -0.109744824 10.1614351 -2.37682676 1 1 1
v -0.110293448 10.1608505 -2.36659718 1 1 1
v -0.120207079 10.1605959 -2.36396217 1 1 1
v 0.640227318 7.42161608 -2.48629117 1 1 1
v 0.657989264 7.45557976 -2.52207947 1 1 1
v 0.447267056 7.91522741 -2.5237155 1 1 1
v 0.411270082 7.89405823 -2.46804857 1 1 1
v 0.692212045 7.4870472 -2.50597453 1 1 1
v 0.514831424 7.94589758 -2.5010798 1 1 1
v 0.696775317 7.4604435 -2.46014738 1 1 1
v 0.501032293 7.93396187 -2.4291954 1 1 1
v 0.662966251 7.42753458 -2.44747019 1 1 1
v 0.442715168 7.90470171 -2.4059813 1 1 1
v 0.197169721 8.44639492 -2.49531198 1 1 1
v 0.169399843 8.43168926 -2.43455219 1 1 1
v 0.253637433 8.46980667 -2.45955253 1 1 1
v 0.24841176 8.46531487 -2.39916706 1 1 1
v 0.192063063 8.43976593 -2.37314415 1 1 1
v -0.0237452053 8.99372292 -2.46987057 1 1 1
v -0.0576198511 8.98304939 -2.42904568 1 1 1
v 0.0213477965 9.00614166 -2.44837332 1 1 1
v 0.0184415672 9.0041647 -2.39937019 1 1 1
v -0.0285851546 8.99033546 -2.38389158 1 1 1
v -0.117926821 9.57452583 -2.43200421 1 1 1
v -0.145873204 9.57102871 -2.40734339 1 1 1
v -0.0801263005 9.57778072 -2.42509007 1 1 1
v -0.0851028264 9.57537556 -2.38424039 1 1 1
v -0.122753613 9.57154083 -2.37439847 1 1 1
v -0.122436799 10.1626978 -2.39211392 1 1 1
v -0.130034193 10.15662 -2.37304378 1 1 1
v -0.10503386 10.1580887 -2.38004923 1 1 1
v -0.107476138 10.1559172 -2.36462688 1 1 1
v -0.123530366 10.1588449 -2.35539556 1 1 1
v 0.840858042 6.96514416 -2.54491544 1 1 1
v 0.852250695 6.99842834 -2.57233572 1 1 1
v 0.828683734 6.90929222 -2.50756645 1 1 1
v 0.852047622 7.01019478 -2.57052684 1 1 1
v 0.881219566 7.0650301 -2.5504384 1 1 1
v 0.89695859 7.08300829 -2.54192567 1 1 1
v 0.899251878 7.08626747 -2.54059196 1 1 1
v 0.922444224 7.01749277 -2.47467494 1 1 1
v 0.930890739 6.99322987 -2.45794916 1 1 1
v 0.907373428 7.0598321 -2.49931622 1 1 1
v 0.916109562 6.9715209 -2.4526763 1 1 1
v 0.872146964 6.92337847 -2.43746114 1 1 1
v 0.861677408 6.91908789 -2.45294189 1 1 1
v 0.838337183 6.91818428 -2.48808169 1 1 1
v 0.871786296 6.92375755 -2.43772912 1 1 1
v 1.45300269 10.5949478 -3.91472244 1 1 1
v 1.45803273 10.5940418 -3.90737128 1 1 1
v 1.45040345 10.5947752 -3.90751362 1 1 1
v 1.45254421 10.592967 -3.90037942 1 1 1
v 1.44412243 10.5932064 -3.90340972 1 1 1
v 1.44440567 10.5944309 -3.91227412 1 1 1
v 1.17703223 7.65731955 -3.08894372 1 1 1
v 1.20265126 7.67547035 -3.06402612 1 1 1
v 1.36903834 8.00571251 -3.44532299 1 1 1
v 1.32816172 7.98292875 -3.48580766 1 1 1
v 1.19169223 7.72526741 -3.06569147 1 1 1
v 1.33938015 8.05783653 -3.40082812 1 1 1
v 1.15636575 7.72701263 -3.08761096 1 1 1
v 1.28031802 8.04462147 -3.43776345 1 1 1
v 1.14540875 7.68192577 -3.09558296 1 1 1
v 1.27290452 8.00650024 -3.48197269 1 1 1
v 1.48904514 8.43728542 -3.76653481 1 1 1
v 1.45425916 8.42114162 -3.8095386 1 1 1
v 1.45131648 8.46008968 -3.73305082 1 1 1
v 1.39726996 8.46254349 -3.745574 1 1 1
v 1.38885915 8.43311787 -3.80692172 1 1 1
v 1.51002514 8.96163464 -3.92753839 1 1 1
v 1.48330569 8.95457745 -3.9745295 1 1 1
v 1.4785794 8.96795559 -3.88767648 1 1 1
v 1.42891383 8.96579742 -3.9034903 1 1 1
v 1.43028319 8.95753479 -3.9569428 1 1 1
v 1.48956084 9.50835323 -3.9324224 1 1 1
v 1.45436144 9.50652409 -3.96158791 1 1 1
v 1.45456958 9.5097456 -3.89848423 1 1 1
v 1.41501081 9.50878811 -3.91397834 1 1 1
v 1.41377878 9.5066843 -3.95754647 1 1 1
v 1.49931622 10.0498505 -3.9811542 1 1 1
v 1.47046697 10.0504246 -4.00635004 1 1 1
v 1.4695791 10.0492678 -3.95546746 1 1 1
v 1.4412601 10.0496864 -3.96842194 1 1 1
v 1.44276381 10.0503473 -3.99722362 1 1 1
v 1.46406543 10.5914021 -3.90754509 1 1 1
v 1.45483565 10.592433 -3.92001653 1 1 1
v 1.45520508 10.5912371 -3.89140892 1 1 1
v 1.43945682 10.5897703 -3.9006424 1 1 1
v 1.43343997 10.5975151 -3.92041349 1 1 1
v 1.06074488 7.31311512 -2.68782067 1 1 1
v 1.06194985 7.31073093 -2.67909288 1 1 1
v 1.072842 7.31358242 -2.65614581 1 1 1
v 1.03190708 7.28895378 -2.71035838 1 1 1
v 1.06810749 7.40845776 -2.69434404 1 1 1
v 1.06837165 7.4407506 -2.71030045 1 1 1
v 1.05002379 7.45901775 -2.73881435 1 1 1
v 1.03797626 7.46955681 -2.75702858 1 1 1
v 1.01084793 7.4571209 -2.75146413 1 1 1
v 1.00804424 7.45623636 -2.75140548 1 1 1
v 1.06770611 7.44627762 -2.71741366 1 1 1
v 0.982037544 7.36010027 -2.73013163 1 1 1
v 0.975332856 7.33686972 -2.72380424 1 1 1
v 0.990403533 7.32528543 -2.72147799 1 1 1
v 1.02680433 7.30339622 -2.72081923 1 1 1
v 1.0310235 7.29109478 -2.71184182 1 1 1
v 0.980108321 7.33417368 -2.724123 1 1 1
v 1.32631588 11.2826777 -2.37637901 1 1 1
v 1.3191756 11.281601 -2.37571788 1 1 1
v 1.32228339 11.2821255 -2.38106847 1 1 1
v 1.31648755 11.280283 -2.38232279 1 1 1
v 1.32196677 11.2805433 -2.3870647 1 1 1
v 1.32804108 11.2820234 -2.3833921 1 1 1
v 1.21629953 8.39124107 -2.55559874 1 1 1
v 1.18441832 8.39310265 -2.54961634 1 1 1
v 1.32334697 8.91687584 -2.34845161 1 1 1
v 1.37353039 8.90913105 -2.3677206 1 1 1
v 1.18174565 8.43604469 -2.57176518 1 1 1
v 1.31259584 8.94482899 -2.3976655 1 1 1
v 1.21257663 8.46445084 -2.5864327 1 1 1
v 1.35260344 8.94380379 -2.42330503 1 1 1
v 1.23166978 8.41740322 -2.58106756 1 1 1
v 1.39840162 8.92250156 -2.41150355 1 1 1
v 1.50826728 9.45855427 -2.10656691 1 1 1
v 1.54756761 9.45395947 -2.10708451 1 1 1
v 1.47791326 9.46966553 -2.14476705 1 1 1
v 1.52211905 9.46945763 -2.17213273 1 1 1
v 1.56124461 9.46027184 -2.14859104 1 1 1
v 1.4735806 10.0728064 -2.14350486 1 1 1
v 1.50767148 10.0743866 -2.1524663 1 1 1
v 1.46256542 10.0670252 -2.17862391 1 1 1
v 1.4893074 10.0663729 -2.19992781 1 1 1
v 1.52322376 10.0713758 -2.18494487 1 1 1
v 1.41218722 10.6720657 -2.28392243 1 1 1
v 1.43833828 10.6764202 -2.28029466 1 1 1
v 1.40745163 10.6680956 -2.30284166 1 1 1
v 1.42069149 10.667263 -2.3186059 1 1 1
v 1.4455961 10.6723833 -2.30947447 1 1 1
v 1.31655991 11.2795887 -2.37058258 1 1 1
v 1.33017921 11.281498 -2.3719821 1 1 1
v 1.31418133 11.2759275 -2.3824842 1 1 1
v 1.32215726 11.2769108 -2.39092302 1 1 1
v 1.33526301 11.2818499 -2.3862977 1 1 1
v 1.04205823 7.83594131 -2.72306967 1 1 1
v 1.01628113 7.82824945 -2.72264934 1 1 1
v 1.07557952 7.84532595 -2.72398996 1 1 1
v 1.04455137 7.83981991 -2.72246933 1 1 1
v 1.01828158 7.91696358 -2.74417591 1 1 1
v 1.01739204 7.94179678 -2.7533462 1 1 1
v 1.06913066 8.03775692 -2.76459908 1 1 1
v 1.08428776 8.0605526 -2.76959276 1 1 1
v 1.02493834 7.95884848 -2.75401664 1 1 1
v 1.05718875 8.00928307 -2.76449728 1 1 1
v 1.09934771 7.89382172 -2.77070999 1 1 1
v 1.09940135 7.89141989 -2.77073526 1 1 1
v 1.09334755 8.04902935 -2.76726055 1 1 1
v 1.10139787 8.01878166 -2.7665503 1 1 1
v 1.0903151 7.8930316 -2.73691988 1 1 1
v 1.08497727 7.87691975 -2.7307775 1 1 1
v 1.09918022 7.89136744 -2.77031469 1 1 1
v 1.2074827 12.2035141 -3.26060414 1 1 1
v 1.21199501 12.2026463 -3.25774789 1 1 1
v 1.20770872 12.2029533 -3.25600982 1 1 1
v 1.21055639 12.2014589 -3.25266862 1 1 1
v 1.20515442 12.2015944 -3.25238729 1 1 1
v 1.20325494 12.2028627 -3.25729179 1 1 1
v 1.11865306 8.8692255 -3.01603055 1 1 1
v 1.13778031 8.87140083 -3.00477266 1 1 1
v 1.16992545 9.39640522 -3.13380146 1 1 1
v 1.13398051 9.39042854 -3.15275073 1 1 1
v 1.13059616 8.87709522 -2.98480368 1 1 1
v 1.15214872 9.40850735 -3.1029408 1 1 1
v 1.10957265 8.87768269 -2.9834075 1 1 1
v 1.12016499 9.41109467 -3.09891868 1 1 1
v 1.10237944 8.8744154 -3.00252819 1 1 1
v 1.1099472 9.40033436 -3.12837195 1 1 1
v 1.17312276 9.92935085 -3.35707378 1 1 1
v 1.14468217 9.92617321 -3.36978054 1 1 1
v 1.16253829 9.93798065 -3.32742214 1 1 1
v 1.12265694 9.94308758 -3.31235695 1 1 1
v 1.12324297 9.9313488 -3.3529489 1 1 1
v 1.17421842 10.4996748 -3.44311261 1 1 1
v 1.15362704 10.4980354 -3.45709348 1 1 1
v 1.16840196 10.501833 -3.41899705 1 1 1
v 1.14270329 10.5016108 -3.41686559 1 1 1
v 1.13689673 10.4993086 -3.44027257 1 1 1
v 1.14233065 11.0749292 -3.45941615 1 1 1
v 1.12565732 11.0761347 -3.4778986 1 1 1
v 1.13943386 11.0742435 -3.43828249 1 1 1
v 1.11849976 11.0748825 -3.44025183 1 1 1
v 1.11184919 11.0757103 -3.45749187 1 1 1
v 1.20358849 11.6409674 -3.39989161 1 1 1
v 1.18606746 11.6429625 -3.40435958 1 1 1
v 1.19571149 11.6384268 -3.382236 1 1 1
v 1.17709076 11.6391964 -3.37890506 1 1 1
v 1.16783822 11.6432371 -3.39816737 1 1 1
v 1.21803534 12.2020626 -3.26023865 1 1 1
v 1.20707464 12.2073936 -3.27027678 1 1 1
v 1.21514058 12.1995525 -3.24719405 1 1 1
v 1.19499445 12.2048197 -3.23535657 1 1 1
v 1.19828093 12.2016048 -3.25899506 1 1 1
v 1.13165283 8.34295082 -2.88466024 1 1 1
v 1.13194668 8.34287739 -2.8844552 1 1 1
v 1.10047174 8.34065723 -2.90407062 1 1 1
v 1.1121155 8.34270287 -2.89747953 1 1 1
v 1.11632729 8.34350777 -2.89483404 1 1 1
v 1.11816847 8.34344101 -2.89361167 1 1 1
v 1.12412226 8.35091305 -2.85265136 1 1 1
v 1.12357235 8.35088825 -2.85062838 1 1 1
v 1.122913 8.35085869 -2.84820342 1 1 1
v 1.12288296 8.35079193 -2.84809327 1 1 1
v 1.13193679 8.34290314 -2.88437033 1 1 1
v 1.12826192 8.34860611 -2.86790562 1 1 1
v 1.12688339 8.34937477 -2.86282587 1 1 1
v 1.08884084 8.35203552 -2.84810972 1 1 1
v 1.08606565 8.34807205 -2.84741974 1 1 1
v 1.08515024 8.34812641 -2.84737968 1 1 1
v 1.1227442 8.35089111 -2.8481431 1 1 1
v 1.10852313 8.35408688 -2.84941721 1 1 1
v 1.10481393 8.35418129 -2.84923697 1 1 1
v 1.09298754 8.3544836 -2.84866238 1 1 1
v 1.09121037 8.35441494 -2.84856033 1 1 1
v 1.07407868 8.35070896 -2.87512279 1 1 1
v 1.07134497 8.35041809 -2.88230276 1 1 1
v 1.07767081 8.35272789 -2.86594629 1 1 1
v 1.07910693 8.34894753 -2.88767195 1 1 1
v 1.09175456 8.34544373 -2.89754748 1 1 1
v 1.09627604 8.34285927 -2.90091872 1 1 1
v 0.95137167 11.3110142 -0.919728577 1 1 1
v 0.950828791 11.3127012 -0.906204641 1 1 1
v 0.942256927 11.3151665 -0.913734198 1 1 1
v 0.938038766 11.3160858 -0.902889311 1 1 1
v 0.930676818 11.3164921 -0.914363861 1 1 1
v 0.938916981 11.3133574 -0.924771249 1 1 1
v 0.401171416 10.4566183 -0.549181819 1 1 1
v 0.380000472 10.3954678 -0.587586582 1 1 1
v -0.103674598 10.1625338 -0.273055911 1 1 1
v -0.0653935894 10.2154093 -0.20668222 1 1 1
v -0.037260998 10.217865 -0.226807266 1 1 1
v -0.0357910059 10.2178574 -0.228115395 1 1 1
v -0.0326744094 10.2171803 -0.23214221 1 1 1
v -0.0274474043 10.2182941 -0.234637022 1 1 1
v 0.0116607007 10.2351313 -0.237204701 1 1 1
v -0.141996771 10.3429174 -0.312883317 1 1 1
v -0.156991124 10.2330875 -0.349048406 1 1 1
v 0.388877153 10.2801151 -0.661709428 1 1 1
v 0.348317266 10.4611073 -0.594076991 1 1 1
v 0.829278231 10.6997108 -0.817793071 1 1 1
v 0.833627999 10.6826057 -0.866399109 1 1 1
v 0.383746237 10.4961634 -0.554142952 1 1 1
v 0.788122118 10.7247114 -0.806747675 1 1 1
v 0.762642384 10.7252369 -0.847572267 1 1 1
v 0.786331356 10.7007236 -0.887439728 1 1 1
v 0.955547571 11.3081532 -0.901116252 1 1 1
v 0.955398798 11.3050051 -0.922524869 1 1 1
v 0.934901476 11.3127575 -0.896671891 1 1 1
v 0.92367667 11.3133154 -0.914255083 1 1 1
v 0.936519504 11.3072224 -0.927768946 1 1 1
v 0.000567602692 10.2887259 -0.249295413 1 1 1
v -0.00262585399 10.3422174 -0.266565323 1 1 1
v -0.0888432041 10.3406458 -0.229357898 1 1 1
v -0.0349623412 10.3428526 -0.268336892 1 1 1
v -0.0416512787 10.3426971 -0.266757697 1 1 1
v -0.0823593661 10.3410444 -0.23771219 1 1 1
v -0.0867426693 10.3408766 -0.234851852 1 1 1
v 0.525058806 11.9059496 0.159684926 1 1 1
v 0.515041769 11.9061155 0.16516602 1 1 1
v 0.516567588 11.9090538 0.155969188 1 1 1
v 0.506934881 11.9088936 0.157618254 1 1 1
v 0.511941493 11.9104452 0.147472456 1 1 1
v 0.523142755 11.9086256 0.148749411 1 1 1
v 0.221073076 10.9512157 -0.113466322 1 1 1
v 0.203931868 10.9475489 -0.16255416 1 1 1
v -0.0771635324 10.4619341 -0.397098362 1 1 1
v -0.070968695 10.417098 -0.313490272 1 1 1
v -0.0508019552 10.448102 -0.298749357 1 1 1
v -0.0367391817 10.4878283 -0.31480965 1 1 1
v -0.0151820667 10.5432796 -0.331506252 1 1 1
v -0.00624333974 10.5416536 -0.302616209 1 1 1
v 0.00179656525 10.5514202 -0.292965561 1 1 1
v 0.00531131076 10.5418129 -0.26855883 1 1 1
v 0.0069174408 10.5368404 -0.256559312 1 1 1
v 0.193806469 10.971839 -0.0868278444 1 1 1
v 0.436318427 11.3575325 0.0740135685 1 1 1
v 0.47963652 11.3486328 0.0520760007 1 1 1
v 0.177008107 11.0068264 -0.103286907 1 1 1
v 0.398516178 11.3786373 0.0470354185 1 1 1
v 0.196429029 11.0120773 -0.139339596 1 1 1
v 0.424189031 11.3816566 0.00289984094 1 1 1
v 0.475389004 11.3649683 -0.000312380493 1 1 1
v 0.513672769 11.9015474 0.170778602 1 1 1
v 0.52936995 11.9008255 0.161026388 1 1 1
v 0.501122952 11.9053783 0.157780737 1 1 1
v 0.508939385 11.9077244 0.142054021 1 1 1
v 0.524491429 11.9033318 0.145355582 1 1 1
v -0.198916554 10.502492 -0.312271833 1 1 1
v -0.146216154 10.4421644 -0.261064738 1 1 1
v -0.156239718 10.5147104 -0.396345347 1 1 1
v -0.0846467018 10.4548435 -0.279450178 1 1 1
v -0.054525502 10.4479103 -0.297836155 1 1 1
v -0.115624174 10.4877186 -0.241209701 1 1 1
v -0.11366903 10.4808989 -0.247127533 1 1 1
v -0.0988276005 10.4572191 -0.271304697 1 1 1
v 0.00577710662 10.5523138 -0.246075138 1 1 1
v -0.00678513385 10.5791121 -0.222767994 1 1 1
v -0.0218839534 10.5905333 -0.207527891 1 1 1
v -0.0470453389 10.5747671 -0.207831293 1 1 1
v -0.0591735542 10.5717802 -0.204571694 1 1 1
v -0.123837881 10.6055603 -0.262563646 1 1 1
v -0.122292519 10.5558004 -0.25516054 1 1 1
v -0.0800298974 10.6625071 -0.233166441 1 1 1
v -0.0807192177 10.6647539 -0.234015599 1 1 1
v -0.113402121 10.5975285 -0.315267086 1 1 1
v -0.120478958 10.597312 -0.297082305 1 1 1
v -0.125757679 10.6011429 -0.269998997 1 1 1
v -0.0839442238 10.6190996 -0.342489332 1 1 1
v -0.0878916457 10.6162853 -0.338662237 1 1 1
v -0.0194128081 10.7122774 -0.294417113 1 1 1
v -0.080287993 10.6652412 -0.234095156 1 1 1
v -0.071449995 10.6742859 -0.238920793 1 1 1
v -0.0343953148 10.7167015 -0.243623078 1 1 1
v -0.0338017046 10.7171249 -0.244586229 1 1 1
v -0.0738128275 10.6055336 -0.344395816 1 1 1
v -0.0182412304 10.7084446 -0.295396864 1 1 1
v -0.0179602038 10.7057285 -0.29623419 1 1 1
v -0.01157746 10.6389837 -0.317733884 1 1 1
v -0.0150469719 10.6306629 -0.321553737 1 1 1
v -0.0196061563 10.5763273 -0.342294753 1 1 1
v -0.0378841646 10.5812502 -0.344756305 1 1 1
v -0.808644056 11.7919226 -0.758430958 1 1 1
v -0.800590873 11.7935905 -0.761571407 1 1 1
v -0.802936614 11.7949314 -0.754535139 1 1 1
v -0.795479059 11.7959852 -0.754815638 1 1 1
v -0.800372839 11.7957973 -0.747499287 1 1 1
v -0.808509469 11.7932863 -0.749734044 1 1 1
v -0.377830982 11.016922 -0.532455266 1 1 1
v -0.400492609 11.0011625 -0.515383601 1 1 1
v -0.113733545 10.6563253 -0.341827512 1 1 1
v -0.0927430987 10.6727085 -0.356985033 1 1 1
v -0.0891107917 10.67694 -0.360908478 1 1 1
v -0.0834365487 10.6841822 -0.367627531 1 1 1
v -0.0728178546 10.6882601 -0.371373355 1 1 1
v -0.06598524 10.693593 -0.376307279 1 1 1
v -0.376511693 11.0460873 -0.519235671 1 1 1
v -0.0655969009 10.6951847 -0.375262946 1 1 1
v -0.0890518501 10.730073 -0.381182879 1 1 1
v -0.0902249143 10.7323694 -0.381238431 1 1 1
v -0.0957677588 10.7428274 -0.381671906 1 1 1
v -0.0943207517 10.7771578 -0.365389258 1 1 1
v -0.668334186 11.3268442 -0.718894362 1 1 1
v -0.702292502 11.3166351 -0.699537814 1 1 1
v -0.638882637 11.3473043 -0.687217772 1 1 1
v -0.395012319 11.0429649 -0.491880417 1 1 1
v -0.670736015 11.3403339 -0.656752944 1 1 1
v -0.40811342 11.0147676 -0.487713754 1 1 1
v -0.707096934 11.3241768 -0.660164535 1 1 1
v -0.798030555 11.791523 -0.76861012 1 1 1
v -0.811538756 11.7872534 -0.760487199 1 1 1
v -0.785117567 11.7991495 -0.755478561 1 1 1
v -0.797702789 11.7953329 -0.74088037 1 1 1
v -0.810486078 11.7890377 -0.746737599 1 1 1
v -0.123628311 10.7745523 -0.317016721 1 1 1
v -0.124688089 10.7706709 -0.30381915 1 1 1
v -0.108078226 10.781415 -0.358391702 1 1 1
v -0.109208658 10.781641 -0.357589573 1 1 1
v -0.123026371 10.7745581 -0.317829639 1 1 1
v -0.135842174 10.754961 -0.305012643 1 1 1
v -0.129851729 10.6907663 -0.283426255 1 1 1
v -0.130603641 10.6887608 -0.291394174 1 1 1
v -0.132398009 10.6880331 -0.298434198 1 1 1
v -0.124782704 10.6708822 -0.328652769 1 1 1
v -0.120335221 10.6642742 -0.336180001 1 1 1
v -0.114856534 10.6587811 -0.337590218 1 1 1
v -0.214238927 12.3899155 0.364006311 1 1 1
v -0.21773386 12.3909512 0.359564364 1 1 1
v -0.212962031 12.3921375 0.359802872 1 1 1
v -0.214531645 12.3928709 0.355194569 1 1 1
v -0.20905751 12.3930206 0.356937289 1 1 1
v -0.20887652 12.3911934 0.362383634 1 1 1
v 0.0239017047 10.9908257 -0.275725245 1 1 1
v 0.0453047343 11.0092955 -0.304108471 1 1 1
v -0.0514740907 11.4582005 -0.0538343899 1 1 1
v -0.0609665178 11.4475622 -0.0399971455 1 1 1
v -0.0354940593 11.4675722 -0.0423633642 1 1 1
v 0.0572267249 11.0096388 -0.300349325 1 1 1
v 0.0717073455 11.032855 -0.282669753 1 1 1
v 0.0764106512 11.0461378 -0.273624688 1 1 1
v -0.0503793433 11.4441414 -0.0225320943 1 1 1
v -0.165914372 11.8970833 0.192103177 1 1 1
v -0.154721349 11.8874311 0.220272347 1 1 1
v -0.154740557 11.9083719 0.171131417 1 1 1
v -0.13266921 11.9072676 0.183481872 1 1 1
v -0.0342436284 11.458684 -0.0254762322 1 1 1
v -0.130928546 11.8991261 0.203294888 1 1 1
v -0.221812665 12.3881712 0.358769238 1 1 1
v -0.215297967 12.3862944 0.367642701 1 1 1
v -0.214816868 12.3899755 0.351974308 1 1 1
v -0.202914566 12.3951139 0.352594584 1 1 1
v -0.201124221 12.3912811 0.36811173 1 1 1
v 0.0484140888 10.9828892 -0.244927347 1 1 1
v 0.0437263437 10.9897528 -0.246753797 1 1 1
v 0.0362342335 10.9918957 -0.256366163 1 1 1
v 0.0319247879 10.9875107 -0.266217142 1 1 1
v 0.0759436265 11.0479193 -0.252648652 1 1 1
v 0.0778509527 11.0354319 -0.24183093 1 1 1
v 0.0798273981 11.0238953 -0.240304351 1 1 1
v 0.0758495852 11.0504999 -0.267784566 1 1 1
v 1.01865757 12.536026 -0.593906999 1 1 1
v 1.01709664 12.5367928 -0.589756548 1 1 1
v 1.01506698 12.5371218 -0.593019307 1 1 1
v 1.01264238 12.5373716 -0.590031505 1 1 1
v 1.01145041 12.5369644 -0.594350994 1 1 1
v 1.01516819 12.5361328 -0.596745908 1 1 1
v 0.556134939 11.5378532 -0.398631692 1 1 1
v 0.542477429 11.5438042 -0.392476469 1 1 1
v 0.140551001 11.1349983 -0.265838593 1 1 1
v 0.143610865 11.12922 -0.268533677 1 1 1
v 0.145863146 11.131216 -0.269280612 1 1 1
v 0.15511626 11.1423845 -0.271761775 1 1 1
v 0.175780594 11.1455154 -0.28161937 1 1 1
v 0.178317517 11.1442118 -0.283163756 1 1 1
v 0.178218082 11.1296997 -0.28598541 1 1 1
v 0.570597231 11.5371075 -0.391604811 1 1 1
v 0.574515104 11.5471888 -0.381010622 1 1 1
v 0.943881392 11.9416161 -0.496409267 1 1 1
v 0.946503341 11.9372311 -0.517475426 1 1 1
v 0.560148239 11.5539684 -0.382450253 1 1 1
v 0.920060933 11.9499311 -0.497783244 1 1 1
v 0.913075447 11.9483938 -0.522985339 1 1 1
v 0.933246851 11.9408016 -0.524459898 1 1 1
v 1.01865017 12.5345182 -0.586562753 1 1 1
v 1.02712274 12.5354481 -0.596185446 1 1 1
v 1.01020372 12.5356016 -0.587098062 1 1 1
v 1.00674677 12.5358171 -0.595911264 1 1 1
v 1.0150578 12.5335255 -0.600418627 1 1 1
v 0.223752528 11.1556969 -0.254441887 1 1 1
v 0.22343342 11.1560631 -0.253578186 1 1 1
v 0.205235392 11.1261559 -0.269301444 1 1 1
v 0.224547207 11.1546488 -0.25676772 1 1 1
v 0.211707801 11.169364 -0.257404774 1 1 1
v 0.206547588 11.1728926 -0.258115888 1 1 1
v 0.203539386 11.1749496 -0.258530468 1 1 1
v 0.223069176 11.1567841 -0.2538836 1 1 1
v 0.220310017 11.1616821 -0.255573779 1 1 1
v 0.217421606 11.1637621 -0.25600934 1 1 1
v 0.213607818 11.1675014 -0.256940663 1 1 1
v 0.20269163 11.1752424 -0.260419667 1 1 1
v 0.201644704 11.1753674 -0.263874233 1 1 1
v 0.201600015 11.1753502 -0.263987243 1 1 1
v 0.201091662 11.1753778 -0.267296046 1 1 1
v 0.199803352 11.1753483 -0.274769783 1 1 1
v 0.199780762 11.1753883 -0.275272667 1 1 1
v 0.198591873 11.1746264 -0.275522768 1 1 1
v 0.198349521 11.1744642 -0.275515378 1 1 1
v 0.159115314 11.1478424 -0.270463258 1 1 1
v 0.157141179 11.1461754 -0.267244339 1 1 1
v 0.142384112 11.13552 -0.259532452 1 1 1
v 0.198912054 11.1358166 -0.2830185 1 1 1
v 0.204000816 11.1375513 -0.282752842 1 1 1
v 0.0681309476 11.197134 1.18822479 1 1 1
v 0.0607035533 11.1983614 1.18076503 1 1 1
v 0.0695319697 11.2002172 1.1798085 1 1 1
v 0.0655681491 11.2007961 1.17166865 1 1 1
v 0.0760020167 11.2010727 1.17350733 1 1 1
v 0.0775858313 11.1988096 1.18373895 1 1 1
v 0.32088998 10.1193848 0.23396191 1 1 1
v 0.344403356 10.0441837 0.271100104 1 1 1
v 0.216984391 10.3681288 0.676991224 1 1 1
v 0.202683225 10.4052114 0.678466916 1 1 1
v 0.303741843 10.1547127 0.319686323 1 1 1
v 0.307860523 10.1445131 0.30797261 1 1 1
v 0.308427364 10.1439018 0.30225715 1 1 1
v 0.309685171 10.1424685 0.289975345 1 1 1
v 0.185268372 10.3500938 0.684333146 1 1 1
v 0.275512725 9.99650383 0.279173344 1 1 1
v 0.272124141 9.99726868 0.284772068 1 1 1
v 0.152376175 10.3745422 0.684953511 1 1 1
v 0.0654774681 10.6696959 1.06304467 1 1 1
v 0.0995887667 10.6604347 1.09061563 1 1 1
v 0.163261414 10.4090834 0.678393841 1 1 1
v 0.0809049904 10.6947527 1.01659143 1 1 1
v 0.126745269 10.68892 1.03879619 1 1 1
v 0.135582596 10.6730261 1.07406473 1 1 1
v 0.0518815033 11.1960688 1.18164146 1 1 1
v 0.0660617277 11.194931 1.20029223 1 1 1
v 0.0639341027 11.1971722 1.16688001 1 1 1
v 0.0812854394 11.1999722 1.16807592 1 1 1
v 0.0864376426 11.1974831 1.18814111 1 1 1
v 0.195497468 10.0692968 0.31404236 1 1 1
v 0.262515306 10.0126019 0.307618409 1 1 1
v 0.251942903 10.0269995 0.325462818 1 1 1
v 0.218598977 10.0500698 0.312803 1 1 1
v 0.206811443 10.0599842 0.313756645 1 1 1
v 0.217081219 10.1618271 0.333563417 1 1 1
v 0.227126047 10.1630754 0.335040927 1 1 1
v 0.22772938 10.1631384 0.335101008 1 1 1
v 0.254543424 10.1683426 0.349028766 1 1 1
v 0.279272467 10.1731644 0.363100886 1 1 1
v 0.279495239 10.1731911 0.363187015 1 1 1
v 0.284952313 10.1704092 0.356796354 1 1 1
v 0.311195791 10.1265593 0.250826627 1 1 1
v 0.305561781 10.1225729 0.240490571 1 1 1
v 0.297923207 10.118618 0.230055556 1 1 1
v 0.0792185739 9.1337347 1.24793673 1 1 1
v 0.0648014992 9.13898945 1.244941 1 1 1
v 0.0761618316 9.14413929 1.2401011 1 1 1
v 0.065863736 9.14995193 1.23384249 1 1 1
v 0.0809373111 9.15147018 1.22997892 1 1 1
v 0.0891910791 9.14144802 1.23868978 1 1 1
v -0.246482015 8.91108036 0.0126787461 1 1 1
v -0.349059552 8.97674179 0.0730734617 1 1 1
v -0.149312928 8.89330196 0.504302144 1 1 1
v -0.0970653892 8.85500908 0.508170605 1 1 1
v -0.226786107 8.88292694 0.0819721892 1 1 1
v -0.233932748 8.89002705 0.0769942254 1 1 1
v -0.233975202 8.89007473 0.0769310966 1 1 1
v -0.240052328 8.89646339 0.070427537 1 1 1
v -0.243966222 8.90553856 0.0341275595 1 1 1
v -0.244381219 8.90807724 0.0200696755 1 1 1
v -0.302437633 9.09697533 0.116101623 1 1 1
v -0.134039193 8.94563484 0.508252621 1 1 1
v -0.0741748661 8.94135094 0.509432554 1 1 1
v -0.289099842 9.09785271 0.11267034 1 1 1
v -0.268578827 9.08812141 0.128243104 1 1 1
v -0.267629981 9.08771324 0.128882825 1 1 1
v -0.262439311 9.08709526 0.129353881 1 1 1
v -0.212829277 9.07819939 0.139471516 1 1 1
v -0.198481038 9.07423878 0.145009011 1 1 1
v -0.198432401 9.07422924 0.145020336 1 1 1
v -0.162789315 9.08191109 0.125811398 1 1 1
v -0.160987049 9.08243179 0.124590613 1 1 1
v -0.0170875471 8.7958231 0.927711904 1 1 1
v 0.0346626081 8.76225185 0.928406119 1 1 1
v -0.0102312928 8.85091305 0.903174162 1 1 1
v 0.0451519266 8.85578823 0.886884868 1 1 1
v -0.0468251072 8.88155174 0.518002093 1 1 1
v 0.0919462442 8.79894924 0.899564564 1 1 1
v 0.0579427555 9.13341999 1.2450819 1 1 1
v 0.0804402232 9.12527275 1.24936545 1 1 1
v 0.0603214689 9.14960575 1.22759533 1 1 1
v 0.0852091759 9.15775204 1.22064924 1 1 1
v 0.104986854 9.13999844 1.23888266 1 1 1
v -0.108006366 8.93089962 0.154840782 1 1 1
v -0.245477498 8.91180801 0.0127308089 1 1 1
v -0.110006556 8.92756844 0.157286778 1 1 1
v -0.116533697 8.91754246 0.163921013 1 1 1
v -0.116642937 8.91746044 0.163895428 1 1 1
v -0.155846864 8.8969202 0.145797536 1 1 1
v -0.175703749 8.88472271 0.141260087 1 1 1
v -0.197119355 8.88382721 0.116634719 1 1 1
v -1.03081179 10.0013266 -0.42631641 1 1 1
v -1.01892972 10.0058775 -0.428843528 1 1 1
v -1.02445245 10.0071115 -0.419291645 1 1 1
v -1.01402509 10.0106239 -0.417811334 1 1 1
v -1.02287591 10.0090055 -0.408465832 1 1 1
v -1.03325069 10.0032587 -0.413722456 1 1 1
v -0.693464041 9.59543514 -0.216733932 1 1 1
v -0.730994582 9.53792381 -0.215014577 1 1 1
v -0.370840222 9.1265974 0.0472234413 1 1 1
v -0.34433949 9.15165329 0.0324876681 1 1 1
v -0.348134011 9.15921688 0.0248256251 1 1 1
v -0.340961218 9.17304993 0.0146576045 1 1 1
v -0.329143882 9.2090807 -0.0136963893 1 1 1
v -0.324484497 9.21195316 -0.014943663 1 1 1
v -0.373303145 9.27427769 0.146910831 1 1 1
v -0.418218791 9.17451286 0.13433215 1 1 1
v -0.826619565 9.43479919 -0.260987818 1 1 1
v -0.731327772 9.58742428 -0.178718835 1 1 1
v -1.01436639 10.002202 -0.433897346 1 1 1
v -1.03305447 9.99486256 -0.429559946 1 1 1
v -0.704010844 9.62966251 -0.203080207 1 1 1
v -1.007182 10.0087519 -0.416211307 1 1 1
v -1.02137768 10.0109606 -0.397718132 1 1 1
v -1.04635143 10.0007849 -0.406930089 1 1 1
v -0.384069353 9.32703686 -0.000656745746 1 1 1
v -0.396351099 9.32533646 0.0115856472 1 1 1
v -0.427376896 9.32192802 0.0377984233 1 1 1
v -0.424035162 9.31554031 0.0544867478 1 1 1
v -0.418160677 9.30002403 0.0962082371 1 1 1
v -0.396308273 9.29018593 0.113095447 1 1 1
v -0.362827897 9.27619362 0.135850504 1 1 1
v -0.386678755 9.32732677 2.09606696e-05 1 1 1
v 1.65602732 12.5949583 1.29157281 1 1 1
v 1.64615798 12.5935488 1.28948724 1 1 1
v 1.65248346 12.594758 1.28360951 1 1 1
v 1.64519346 12.5924797 1.27940404 1 1 1
v 1.65446663 12.5932283 1.2752583 1 1 1
v 1.66116214 12.594759 1.28277862 1 1 1
v 1.48221779 10.5851345 0.549773693 1 1 1
v 1.50702548 10.6060791 0.522977471 1 1 1
v 1.40477049 10.175313 0.128644288 1 1 1
v 1.40263915 10.1734371 0.131376326 1 1 1
v 1.40598512 10.1830568 0.139998898 1 1 1
v 1.40583456 10.2073812 0.187500834 1 1 1
v 1.39101589 10.1843958 0.187267274 1 1 1
v 1.36429667 10.1492462 0.199020877 1 1 1
v 1.44394791 10.6064081 0.555591226 1 1 1
v 1.5556643 10.9935484 0.923083425 1 1 1
v 1.61360133 10.9788046 0.921505272 1 1 1
v 1.44698191 10.6559591 0.542414963 1 1 1
v 1.54187679 11.038702 0.86815542 1 1 1
v 1.49011302 10.6636887 0.533773899 1 1 1
v 1.60816741 11.0321608 0.852220058 1 1 1
v 1.65100098 11.0001783 0.879718006 1 1 1
v 1.68130279 11.4705982 1.21518326 1 1 1
v 1.72929525 11.4597673 1.22670591 1 1 1
v 1.67902207 11.4891472 1.17337835 1 1 1
v 1.72020411 11.4951239 1.14861858 1 1 1
v 1.7728163 11.4748726 1.18091965 1 1 1
v 1.70022702 12.0250692 1.35708153 1 1 1
v 1.735358 12.0261497 1.36637592 1 1 1
v 1.69459271 12.0278749 1.32119906 1 1 1
v 1.72810996 12.0307589 1.30744505 1 1 1
v 1.74970329 12.0295448 1.33425546 1 1 1
v 1.63804281 12.5931177 1.29681551 1 1 1
v 1.65854859 12.5919495 1.29666996 1 1 1
v 1.64298463 12.5870581 1.2782383 1 1 1
v 1.65608811 12.5893354 1.27022898 1 1 1
v 1.66755056 12.5922575 1.28243899 1 1 1
v 1.35203362 10.1705322 0.211919025 1 1 1
v 1.34550726 10.1742773 0.212677509 1 1 1
v 1.30311692 10.1984558 0.217483073 1 1 1
v 1.29671121 10.1946039 0.212080732 1 1 1
v 1.29092729 10.1909904 0.207092762 1 1 1
v 1.31198967 10.3150358 0.212139443 1 1 1
v 1.38542485 10.3627977 0.226977155 1 1 1
v 1.3982774 10.3605566 0.217483252 1 1 1
v 1.31695962 10.3208752 0.2161019 1 1 1
v 1.33246922 10.3388634 0.228191018 1 1 1
v 1.36526132 10.3538017 0.227478206 1 1 1
v 1.40768826 10.1933689 0.142210886 1 1 1
v 1.40290487 10.1811981 0.129247621 1 1 1
v 1.40214002 10.1781359 0.126580462 1 1 1
v 1.40400279 10.3221235 0.205747336 1 1 1
v 1.41663325 10.2691326 0.194665462 1 1 1
v -0.769303858 12.2182722 -2.28994489 1 1 1
v -0.760487437 12.2178259 -2.28877044 1 1 1
v -0.765673518 12.2187376 -2.28325605 1 1 1
v -0.758892715 12.217452 -2.28001761 1 1 1
v -0.766723633 12.2176676 -2.27578163 1 1 1
v -0.773158133 12.218174 -2.28191733 1 1 1
v -0.420941472 10.2758102 -1.69964361 1 1 1
v -0.438587815 10.284584 -1.66855145 1 1 1
v -0.314422667 9.80779934 -1.38409281 1 1 1
v -0.305447996 9.80220985 -1.39926481 1 1 1
v -0.308648318 9.81741047 -1.41019642 1 1 1
v -0.290374756 9.80192661 -1.43601274 1 1 1
v -0.290732712 9.82321644 -1.46147251 1 1 1
v -0.290513813 9.8227396 -1.46142173 1 1 1
v -0.390766799 10.3078461 -1.70881438 1 1 1
v -0.509989321 10.705821 -1.96153069 1 1 1
v -0.563897491 10.6880703 -1.95978701 1 1 1
v -0.397474706 10.368742 -1.69820881 1 1 1
v -0.49652496 10.7442541 -1.90852749 1 1 1
v -0.427264869 10.349205 -1.67348051 1 1 1
v -0.555994987 10.7335644 -1.89210796 1 1 1
v -0.591722369 10.7055206 -1.91698873 1 1 1
v -0.670467377 11.1521721 -2.22517276 1 1 1
v -0.708649814 11.1418352 -2.22665858 1 1 1
v -0.668246448 11.1669006 -2.18870258 1 1 1
v -0.701492071 11.1679401 -2.16473079 1 1 1
v -0.730968714 11.1495028 -2.19273305 1 1 1
v -0.775245249 11.6720314 -2.31835556 1 1 1
v -0.803239524 11.6696825 -2.32485962 1 1 1
v -0.770328045 11.6744423 -2.29214835 1 1 1
v -0.79409343 11.674058 -2.27725148 1 1 1
v -0.818761706 11.6708984 -2.29686093 1 1 1
v -0.756817639 12.2147799 -2.29287648 1 1 1
v -0.77223289 12.2158117 -2.29523253 1 1 1
v -0.75606674 12.2128897 -2.27871656 1 1 1
v -0.767958283 12.2165565 -2.26698256 1 1 1
v -0.783664465 12.218854 -2.27998281 1 1 1
v -0.246602595 9.88039589 -1.47828794 1 1 1
v -0.234661877 9.88101101 -1.47587466 1 1 1
v -0.256659478 9.87089729 -1.4761368 1 1 1
v -0.250767052 9.95175171 -1.49052072 1 1 1
v -0.2548711 9.9710722 -1.49329329 1 1 1
v -0.255633742 9.97454739 -1.49390316 1 1 1
v -0.275342226 10.0736637 -1.50201261 1 1 1
v -0.291444838 10.0837135 -1.50039339 1 1 1
v -0.297168583 10.0886793 -1.50080729 1 1 1
v -0.317039549 10.0494356 -1.46268833 1 1 1
v -0.317829072 10.0429239 -1.4577198 1 1 1
v -0.317002118 10.0099316 -1.43505406 1 1 1
v -0.31829533 9.96109486 -1.42349303 1 1 1
v -0.301589578 9.8176918 -1.37268162 1 1 1
v 0.0227736533 12.6603355 -1.57826769 1 1 1
v 0.0162140429 12.6597385 -1.57785451 1 1 1
v 0.0192665122 12.6593943 -1.58259928 1 1 1
v 0.0139673818 12.6577969 -1.58374846 1 1 1
v 0.0191388745 12.6571941 -1.58780491 1 1 1
v 0.0245813038 12.6587639 -1.58441687 1 1 1
v -0.151977539 10.6897612 -1.43529129 1 1 1
v -0.142036751 10.6890945 -1.46037567 1 1 1
v -0.207025766 10.160121 -1.48714042 1 1 1
v -0.209328413 10.1600885 -1.47938132 1 1 1
v -0.208848268 10.1667509 -1.47885823 1 1 1
v -0.209818006 10.1753788 -1.47281075 1 1 1
v -0.216691986 10.1835155 -1.44699895 1 1 1
v -0.219295189 10.1770945 -1.4402808 1 1 1
v -0.175814331 10.7306633 -1.43054605 1 1 1
v -0.112560645 11.1723595 -1.39596677 1 1 1
v -0.0707637668 11.1621943 -1.4099623 1 1 1
v -0.179392636 10.7802896 -1.45540452 1 1 1
v -0.121924594 11.1762543 -1.44312024 1 1 1
v -0.160100788 10.7482281 -1.47165561 1 1 1
v -0.0886178687 11.1684456 -1.46104515 1 1 1
v -0.0490428731 11.158268 -1.44741523 1 1 1
v 0.0288193729 11.6612225 -1.39995015 1 1 1
v 0.0613777302 11.6559525 -1.4016726 1 1 1
v 0.0199636351 11.6623659 -1.43070531 1 1 1
v 0.0437590852 11.6583738 -1.4475311 1 1 1
v 0.0678762123 11.6546268 -1.43196082 1 1 1
v 0.0600979179 12.1703682 -1.4218061 1 1 1
v 0.0833206549 12.1698303 -1.42824924 1 1 1
v 0.057537578 12.1664801 -1.44530773 1 1 1
v 0.0722706467 12.16502 -1.45682836 1 1 1
v 0.0946583301 12.166894 -1.44912517 1 1 1
v 0.014980955 12.6567307 -1.57447731 1 1 1
v 0.0287785511 12.6638155 -1.57112753 1 1 1
v 0.00334604271 12.6572275 -1.58672261 1 1 1
v 0.0188505482 12.6546936 -1.59603167 1 1 1
v 0.0303635225 12.6571016 -1.5860697 1 1 1
v -0.221514702 10.1873817 -1.43979371 1 1 1
v -0.243913233 10.2724743 -1.43617475 1 1 1
v -0.258522511 10.2799444 -1.43555188 1 1 1
v -0.259326428 10.2802429 -1.43552172 1 1 1
v -0.259730756 10.4660149 -1.47629631 1 1 1
v -0.259307683 10.2878332 -1.43716562 1 1 1
v -0.234702811 10.4242105 -1.500265 1 1 1
v -0.229417086 10.3735228 -1.50885773 1 1 1
v -0.230355814 10.3550844 -1.50979686 1 1 1
v -0.254614383 10.4765902 -1.47941637 1 1 1
v -0.251088321 10.472847 -1.48264158 1 1 1
v -0.238225564 10.4442348 -1.49577415 1 1 1
v -0.227607012 10.1977558 -1.50378692 1 1 1
v -0.224500537 10.161974 -1.49918592 1 1 1
v -0.231047899 10.2640209 -1.50929415 1 1 1
v 0.738936424 12.0432072 1.38678062 1 1 1
v 0.726004839 12.0412197 1.39358938 1 1 1
v 0.727619827 12.0429821 1.38119602 1 1 1
v 0.715583682 12.0397863 1.38325119 1 1 1
v 0.722074509 12.0408888 1.37005329 1 1 1
v 0.736507356 12.0430031 1.37223446 1 1 1
v -0.0236829203 9.10092831 0.975308061 1 1 1
v -0.0755552351 9.14556694 0.975533009 1 1 1
v -0.498901606 8.85785866 0.736692548 1 1 1
v -0.487602055 8.84097862 0.735422969 1 1 1
v -0.487509519 8.84106922 0.735466421 1 1 1
v -0.46720925 8.83297253 0.738420248 1 1 1
v -0.405799806 8.81126022 0.748010755 1 1 1
v -0.393359751 8.78936768 0.745833814 1 1 1
v -0.387519896 8.77897549 0.744784713 1 1 1
v -0.0186284855 9.07781124 1.03916597 1 1 1
v -0.0541625768 9.11350727 1.07897198 1 1 1
v 0.301549107 9.39698601 1.28467011 1 1 1
v 0.375051886 9.36370564 1.23832405 1 1 1
v -0.080794856 9.16046333 1.04335785 1 1 1
v 0.255873293 9.45773315 1.2293644 1 1 1
v 0.301158428 9.46301937 1.14677346 1 1 1
v 0.386971891 9.40135956 1.14174867 1 1 1
v 0.557794034 9.87117863 1.43213022 1 1 1
v 0.623310447 9.85263062 1.39344454 1 1 1
v 0.501499593 9.90667725 1.37920296 1 1 1
v 0.547610641 9.9023819 1.31191504 1 1 1
v 0.619594038 9.8717289 1.31620502 1 1 1
v 0.721093893 10.3980799 1.48656094 1 1 1
v 0.776136041 10.3886175 1.45697415 1 1 1
v 0.677749693 10.4103355 1.44124341 1 1 1
v 0.704513371 10.4091072 1.38057506 1 1 1
v 0.775713563 10.3938646 1.38707638 1 1 1
v 0.786787808 10.95084 1.48786807 1 1 1
v 0.831441998 10.9460182 1.4599154 1 1 1
v 0.747430623 10.95158 1.44811034 1 1 1
v 0.773835599 10.9471331 1.40135705 1 1 1
v 0.823838711 10.9439793 1.41083086 1 1 1
v 0.803862691 11.4932833 1.40995312 1 1 1
v 0.84272933 11.4946766 1.39204311 1 1 1
v 0.773361921 11.489912 1.38130045 1 1 1
v 0.792784214 11.4889793 1.34324133 1 1 1
v 0.834127069 11.4918146 1.35021305 1 1 1
v 0.725947678 12.0357285 1.39929771 1 1 1
v 0.744513452 12.0382843 1.38911128 1 1 1
v 0.690797985 12.0425797 1.38734531 1 1 1
v 0.720726848 12.0346899 1.36568165 1 1 1
v 0.741080165 12.0380335 1.36831439 1 1 1
v -0.414909363 8.8136797 0.943333566 1 1 1
v -0.418776095 8.81876945 0.94869417 1 1 1
v -0.371720344 8.73310375 0.864059925 1 1 1
v -0.434286505 8.90371513 0.907064378 1 1 1
v -0.449334919 8.92504501 0.88956219 1 1 1
v -0.418377578 8.82071686 0.948241949 1 1 1
v -0.433456212 8.87029171 0.920733094 1 1 1
v -0.449113309 8.90624809 0.822945952 1 1 1
v -0.48080191 8.87794399 0.777484894 1 1 1
v -0.497097492 8.86308289 0.752946913 1 1 1
v -0.50492686 8.85869026 0.751552701 1 1 1
v -0.448970228 8.91992092 0.872907639 1 1 1
v -0.370605916 8.7648716 0.801041067 1 1 1
v -0.373263985 8.75739765 0.811783791 1 1 1
v -1.91774738 12.7239218 2.31795168 1 1 1
v -1.91962779 12.7229891 2.30738902 1 1 1
v -1.91153502 12.7251263 2.31124973 1 1 1
v -1.91017914 12.7236052 2.3022604 1 1 1
v -1.90245903 12.7249165 2.30965257 1 1 1
v -1.9071368 12.725112 2.31935 1 1 1
v -1.23388505 9.88863945 1.7338841 1 1 1
v -1.19609737 9.91403961 1.74997067 1 1 1
v -0.799962759 9.68953419 1.41975236 1 1 1
v -0.804793715 9.68534279 1.41661048 1 1 1
v -0.828708649 9.69247246 1.43737435 1 1 1
v -0.835154474 9.68949509 1.436589 1 1 1
v -0.879376709 9.64804173 1.40381122 1 1 1
v -0.880420864 9.6453743 1.40083778 1 1 1
v -1.25623631 9.91374397 1.70119631 1 1 1
v -1.62347221 10.113842 2.02108908 1 1 1
v -1.60278559 10.0814028 2.08353186 1 1 1
v -1.24444807 9.95833111 1.70934212 1 1 1
v -1.57698405 10.1655903 2.00652862 1 1 1
v -1.20948935 9.96056652 1.74138415 1 1 1
v -1.52369642 10.1722908 2.05542707 1 1 1
v -1.54105258 10.1174164 2.10486197 1 1 1
v -1.86180031 10.5477114 2.27288389 1 1 1
v -1.84995508 10.5317307 2.32821751 1 1 1
v -1.81336832 10.5755978 2.24232078 1 1 1
v -1.75440049 10.5798273 2.28722262 1 1 1
v -1.78838968 10.5461454 2.34742141 1 1 1
v -1.94329536 11.0818529 2.37916994 1 1 1
v -1.93200326 11.0788536 2.42990065 1 1 1
v -1.89627445 11.0875607 2.35458207 1 1 1
v -1.86114144 11.0875463 2.39168739 1 1 1
v -1.88365173 11.0824089 2.43444633 1 1 1
v -1.93770278 11.6307564 2.36175966 1 1 1
v -1.93149757 11.6324167 2.40385127 1 1 1
v -1.90065956 11.6281948 2.33984303 1 1 1
v -1.86988771 11.6282406 2.37092304 1 1 1
v -1.88842309 11.6308174 2.40990639 1 1 1
v -1.878111 12.174448 2.33844852 1 1 1
v -1.87027693 12.1760626 2.3656168 1 1 1
v -1.84826088 12.1727428 2.30181098 1 1 1
v -1.8301903 12.1750689 2.34527016 1 1 1
v -1.84338117 12.1765471 2.37102699 1 1 1
v -1.92791927 12.7204714 2.3034389 1 1 1
v -1.92128754 12.7201014 2.32232761 1 1 1
v -1.9079653 12.727869 2.28190231 1 1 1
v -1.89923668 12.7195864 2.30954933 1 1 1
v -1.90084398 12.7279243 2.33127117 1 1 1
v -0.925231695 9.68809223 1.36657548 1 1 1
v -0.923139811 9.69416618 1.34046984 1 1 1
v -0.880931795 9.64604664 1.40025187 1 1 1
v -0.92328155 9.68491268 1.37271202 1 1 1
v -0.935082436 9.79342175 1.38825953 1 1 1
v -0.934180617 9.7724371 1.37958145 1 1 1
v -0.932804465 9.79614162 1.3992244 1 1 1
v -0.904279351 9.79769516 1.42662382 1 1 1
v -0.896520913 9.79946995 1.44078755 1 1 1
v -0.873715222 9.79760456 1.45079648 1 1 1
v -0.845870018 9.74133205 1.44700181 1 1 1
v -0.83193028 9.71836376 1.44263172 1 1 1
v -0.800622225 9.70053864 1.41461098 1 1 1
v 1.87665129 12.9144001 -0.836399019 1 1 1
v 1.88015497 12.9137144 -0.841977298 1 1 1
v 1.88230336 12.9140635 -0.836738169 1 1 1
v 1.88646889 12.912611 -0.840306699 1 1 1
v 1.88686693 12.9126167 -0.833694696 1 1 1
v 1.88079917 12.913722 -0.831279933 1 1 1
v 2.07042384 10.3217001 -0.827337563 1 1 1
v 2.04992914 10.2793226 -0.837793469 1 1 1
v 2.19785023 9.7397604 -0.867607713 1 1 1
v 2.19841766 9.73983669 -0.86747092 1 1 1
v 2.21051645 9.82712936 -0.855571806 1 1 1
v 2.21328449 9.845994 -0.852965534 1 1 1
v 2.22449756 9.88010979 -0.846843719 1 1 1
v 2.03770089 10.2763519 -0.812181115 1 1 1
v 1.89374137 10.7794771 -0.844047666 1 1 1
v 1.88053548 10.7745991 -0.798654616 1 1 1
v 1.93623984 10.8003817 -0.826094329 1 1 1
v 2.07102919 10.3269882 -0.798618734 1 1 1
v 1.9356004 10.8015709 -0.782540262 1 1 1
v 2.05155492 10.2897167 -0.788084149 1 1 1
v 1.89845026 10.784831 -0.756112456 1 1 1
v 1.64401221 11.2742052 -0.852388501 1 1 1
v 1.61875761 11.269762 -0.822565138 1 1 1
v 1.69065559 11.2844582 -0.855214477 1 1 1
v 1.68617761 11.2850504 -0.804816902 1 1 1
v 1.64482999 11.2766867 -0.786122203 1 1 1
v 1.67118609 11.8240004 -0.863572419 1 1 1
v 1.65581334 11.825942 -0.833799303 1 1 1
v 1.70230412 11.8203096 -0.851997733 1 1 1
v 1.70065188 11.8206062 -0.823477745 1 1 1
v 1.67578447 11.8236723 -0.810622871 1 1 1
v 1.77879202 12.3663797 -0.846017659 1 1 1
v 1.76829529 12.3683262 -0.829451263 1 1 1
v 1.7972759 12.3629923 -0.840863407 1 1 1
v 1.79880774 12.3627415 -0.821327507 1 1 1
v 1.78063893 12.3660803 -0.814227939 1 1 1
v 1.87143505 12.9290133 -0.87089771 1 1 1
v 1.87190497 12.9124079 -0.836112142 1 1 1
v 1.88799131 12.9085426 -0.842079282 1 1 1
v 1.89821219 12.9134235 -0.826669633 1 1 1
v 1.87903869 12.9122105 -0.82562685 1 1 1
v 2.18854666 9.77266884 -0.858671248 1 1 1
v 2.19764471 9.73970413 -0.86726284 1 1 1
v 2.1687839 9.76176929 -0.824192226 1 1 1
v 2.16898489 9.76343632 -0.824914336 1 1 1
v 2.17014956 9.76058292 -0.826452553 1 1 1
v 2.18754148 9.77620029 -0.857701123 1 1 1
v 2.22590184 9.89826202 -0.798104942 1 1 1
v 2.22653723 9.89496422 -0.796513021 1 1 1
v 2.22378755 9.89754772 -0.825822353 1 1 1
v 2.22148705 9.91583443 -0.819414318 1 1 1
v 2.19903922 9.77069283 -0.785424292 1 1 1
v 2.22169733 9.8657589 -0.791898251 1 1 1
v 2.1914494 9.78128147 -0.793270051 1 1 1
v 2.18908477 9.78230572 -0.795728087 1 1 1
v -2.68552685 11.8846836 -1.36933041 1 1 1
v -2.68731785 11.8843193 -1.36403584 1 1 1
v -2.69004679 11.8838434 -1.36795413 1 1 1
v -2.6926322 11.8825502 -1.36412358 1 1 1
v -2.69412589 11.8818216 -1.36947298 1 1 1
v -2.6897347 11.8831406 -1.37269163 1 1 1
v -2.28238702 8.68219376 -0.974285066 1 1 1
v -2.25017762 8.68336678 -0.99561578 1 1 1
v -2.29828811 9.23966026 -1.05545187 1 1 1
v -2.31641722 9.24470043 -1.04551721 1 1 1
v -2.28545165 9.27045441 -1.04604685 1 1 1
v -2.24008298 8.68532753 -0.987574279 1 1 1
v -2.24070096 8.72011375 -0.989198685 1 1 1
v -2.23995233 8.76538944 -0.990065634 1 1 1
v -2.22878695 8.77608967 -0.981448114 1 1 1
v -2.29555464 9.30251503 -1.03020573 1 1 1
v -2.32727265 9.76817417 -1.08776891 1 1 1
v -2.31917715 9.76355076 -1.11708152 1 1 1
v -2.31544089 9.29531479 -1.03115058 1 1 1
v -2.35789943 9.76664257 -1.09213746 1 1 1
v -2.36955237 9.76163292 -1.12118101 1 1 1
v -2.34110522 9.76011848 -1.13462806 1 1 1
v -2.31531429 10.3094864 -1.16309941 1 1 1
v -2.31314826 10.3027029 -1.2039808 1 1 1
v -2.35673475 10.3058844 -1.1743443 1 1 1
v -2.36216736 10.3003283 -1.20655918 1 1 1
v -2.33573627 10.2969475 -1.23405027 1 1 1
v -2.37031198 10.8445492 -1.26505435 1 1 1
v -2.36739922 10.8410416 -1.29318273 1 1 1
v -2.39758301 10.8388271 -1.27250171 1 1 1
v -2.40164423 10.8351421 -1.29386699 1 1 1
v -2.38431859 10.8362846 -1.30676794 1 1 1
v -2.50702095 11.3669071 -1.33005393 1 1 1
v -2.5017395 11.3668871 -1.35014355 1 1 1
v -2.52662706 11.3609924 -1.33243203 1 1 1
v -2.52834821 11.3591585 -1.3494252 1 1 1
v -2.51627374 11.3615551 -1.36474454 1 1 1
v -2.68197155 11.8884325 -1.35505688 1 1 1
v -2.67703724 11.8883858 -1.37220621 1 1 1
v -2.69462299 11.8797483 -1.36034298 1 1 1
v -2.70164871 11.8793659 -1.37218726 1 1 1
v -2.69005656 11.884676 -1.38413846 1 1 1
v -2.24597359 8.8707695 -0.975480258 1 1 1
v -2.24809551 8.87319374 -0.970735848 1 1 1
v -2.25070572 8.87504959 -0.964447737 1 1 1
v -2.25405312 8.87611675 -0.9558568 1 1 1
v -2.25695992 8.87623215 -0.955981672 1 1 1
v -2.26023626 8.8763628 -0.956122518 1 1 1
v -2.26764727 8.8752327 -0.956297576 1 1 1
v -2.27205825 8.8744154 -0.956440687 1 1 1
v -2.27526879 8.87365913 -0.956528246 1 1 1
v -2.28414631 8.87116623 -0.956729352 1 1 1
v -2.28586149 8.8706522 -0.956764877 1 1 1
v -2.28636932 8.87037849 -0.956762969 1 1 1
v -2.29189253 8.86740208 -0.956742108 1 1 1
v -2.29269505 8.86684227 -0.96042043 1 1 1
v -2.29308128 8.86623287 -0.962313116 1 1 1
v -2.29352593 8.86553097 -0.964492977 1 1 1
v -2.29543257 8.86443329 -0.972354174 1 1 1
v -2.29544544 8.85965061 -0.973673403 1 1 1
v -2.28276801 8.71750736 -0.966244698 1 1 1
v -2.27714801 8.68486023 -0.954868793 1 1 1
v 0.817870617 9.35561275 0.140845358 1 1 1
v 0.75299418 9.2475853 0.155994833 1 1 1
v 0.766383231 9.17864037 0.0502802357 1 1 1
v 0.83953464 9.24405766 -0.0302046984 1 1 1
v 0.871355653 9.3534317 0.0257676318 1 1 1
v 0.799878955 9.22368431 0.176042929 1 1 1
v 0.7999143 9.22366047 0.176047295 1 1 1
v 0.82742095 9.18150043 0.137329921 1 1 1
v 0.832822144 9.16716671 0.118864708 1 1 1
v 0.826678634 9.14853668 0.0788867921 1 1 1
v 0.892684877 9.31322575 0.174392343 1 1 1
v 0.800131619 9.2238903 0.176054329 1 1 1
v 0.962751031 9.30103111 0.071520552 1 1 1
v 0.959735394 9.30042458 0.0816419795 1 1 1
v 0.948015988 9.29827785 0.119927712 1 1 1
v 0.919606745 9.30472279 0.154722884 1 1 1
v 0.874830782 9.24193859 -0.00667645829 1 1 1
v 0.93331188 9.25829601 0.038512852 1 1 1
v 0.858480394 9.2340641 -0.0203418285 1 1 1
v 0.850171387 9.16814041 0.0546266884 1 1 1
v 0.869049847 9.18411827 0.0348780379 1 1 1
v 0.857342482 9.22518539 -0.0104774851 1 1 1
v -1.36821198 6.92485237 -0.534401178 1 1 1
v -1.31805289 6.80159187 -0.569441676 1 1 1
v -1.42273736 6.72418737 -0.614012837 1 1 1
v -1.53759527 6.79960918 -0.606518924 1 1 1
v -1.50389671 6.9236269 -0.557316184 1 1 1
v -1.35519505 6.80188036 -0.695485234 1 1 1
v -1.36227262 6.79682779 -0.699216247 1 1 1
v -1.41482151 6.74232149 -0.661852002 1 1 1
v -1.30774879 6.83032322 -0.64891237 1 1 1
v -1.35708654 6.94930315 -0.610041916 1 1 1
v -1.32328212 6.87219286 -0.641468287 1 1 1
v -1.3163898 6.85577059 -0.646957755 1 1 1
v -1.47244966 6.97847557 -0.726453424 1 1 1
v -1.42438447 6.97060156 -0.691774607 1 1 1
v -1.39576423 6.96230078 -0.659576714 1 1 1
v -1.51800215 6.8352294 -0.703762472 1 1 1
v -1.51709592 6.83726645 -0.706916451 1 1 1
v -1.50558567 6.87405205 -0.709338605 1 1 1
v -1.48560858 6.9299407 -0.740984559 1 1 1
v -1.4751482 6.9674325 -0.732313991 1 1 1
v -1.41562593 6.74295187 -0.662006438 1 1 1
v -1.50208247 6.82120705 -0.699938476 1 1 1
v -1.73331976 7.19349957 -0.779326618 1 1 1
v -1.80571103 7.12047386 -0.715182364 1 1 1
v -1.7374748 7.0622797 -0.633665681 1 1 1
v -1.62291086 7.09933949 -0.647429824 1 1 1
v -1.62034285 7.18043756 -0.737453341 1 1 1
v -1.7931844 7.17351818 -0.617538989 1 1 1
v -1.74674559 7.10714817 -0.594654202 1 1 1
v -1.82122838 7.2094059 -0.635510325 1 1 1
v -1.76349914 7.33709574 -0.64389497 1 1 1
v -1.7765373 7.32140255 -0.633929014 1 1 1
v -1.78237772 7.30867147 -0.63302511 1 1 1
v -1.81667209 7.2307353 -0.629366457 1 1 1
v -1.81791782 7.22294426 -0.632266164 1 1 1
v -1.69774055 7.30004501 -0.651979625 1 1 1
v -1.63462937 7.24010277 -0.682899356 1 1 1
v -1.64876258 7.25045443 -0.679144382 1 1 1
v -1.6888541 7.29513025 -0.652696013 1 1 1
v -1.63941073 7.22204351 -0.637556732 1 1 1
v -1.63813496 7.16180372 -0.593498886 1 1 1
v -1.64023077 7.22144032 -0.631147444 1 1 1
v -1.65750122 7.15835762 -0.587689519 1 1 1
v -1.74192214 7.11471415 -0.590479016 1 1 1
v -1.72980344 7.12140179 -0.58974421 1 1 1
v -1.67370248 7.15606117 -0.583411992 1 1 1
v 0.801063776 6.89325476 1.79484332 1 1 1
v 0.723896623 6.83588266 1.7801044 1 1 1
v 0.70861578 6.78459311 1.8613416 1 1 1
v 0.776338935 6.81026697 1.92628813 1 1 1
v 0.833474994 6.87742376 1.88518977 1 1 1
v 0.687622368 6.88023806 1.80215347 1 1 1
v 0.674172103 6.87602901 1.83156741 1 1 1
v 0.663330019 6.87711 1.85067761 1 1 1
v 0.671683908 6.83501625 1.87771201 1 1 1
v 0.674019754 6.82643414 1.88108468 1 1 1
v 0.73719269 6.96772385 1.83200693 1 1 1
v 0.730547786 6.9603796 1.82976472 1 1 1
v 0.703729868 6.94588137 1.82684457 1 1 1
v 0.689060271 7.05060196 1.96735215 1 1 1
v 0.686189651 7.05141258 1.95655775 1 1 1
v 0.702983379 7.02220249 1.9041636 1 1 1
v 0.711899042 7.00199318 1.86192811 1 1 1
v 0.733722329 6.97275543 1.83716118 1 1 1
v 0.706425607 6.89457035 1.96416819 1 1 1
v 0.697098553 6.9493742 1.96597505 1 1 1
v 0.689743221 7.0228281 1.96688068 1 1 1
v 0.681716681 6.84540939 1.9039284 1 1 1
v 1.0352782 7.36213446 -2.61972761 1 1 1
v 1.07135129 7.31010008 -2.65219712 1 1 1
v 1.02708173 7.27755308 -2.69740772 1 1 1
v 0.963648379 7.30947208 -2.69287968 1 1 1
v 0.968714058 7.36174583 -2.64487076 1 1 1
v 1.06194985 7.31073093 -2.67909288 1 1 1
v 1.06074488 7.31311512 -2.68782067 1 1 1
v 1.03190708 7.28895378 -2.71035838 1 1 1
v 1.072842 7.31358242 -2.65614581 1 1 1
v 1.06810749 7.40845776 -2.69434404 1 1 1
v 1.06837165 7.4407506 -2.71030045 1 1 1
v 1.01084793 7.4571209 -2.75146413 1 1 1
v 1.03797626 7.46955681 -2.75702858 1 1 1
v 1.05002379 7.45901775 -2.73881435 1 1 1
v 1.06770611 7.44627762 -2.71741366 1 1 1
v 1.00804424 7.45623636 -2.75140548 1 1 1
v 0.975332856 7.33686972 -2.72380424 1 1 1
v 0.982037544 7.36010027 -2.73013163 1 1 1
v 1.0310235 7.29109478 -2.71184182 1 1 1
v 1.02680433 7.30339622 -2.72081923 1 1 1
v 0.990403533 7.32528543 -2.72147799 1 1 1
v 0.980108321 7.33417368 -2.724123 1 1 1
v -0.0274474043 10.2182941 -0.234637022 1 1 1
v -0.0326744094 10.2171803 -0.23214221 1 1 1
v -0.0357910059 10.2178574 -0.228115395 1 1 1
v -0.037260998 10.217865 -0.226807266 1 1 1
v -0.0653935894 10.2154093 -0.20668222 1 1 1
v -0.0557288751 10.2287588 -0.189925015 1 1 1
v 0.0116607007 10.2351313 -0.237204701 1 1 1
v -0.0794131905 10.3402424 -0.214539587 1 1 1
v -0.00262585399 10.3422174 -0.266565323 1 1 1
v 0.000567602692 10.2887259 -0.249295413 1 1 1
v -0.0416512787 10.3426971 -0.266757697 1 1 1
v -0.0349623412 10.3428526 -0.268336892 1 1 1
v -0.0888432041 10.3406458 -0.229357898 1 1 1
v -0.0867426693 10.3408766 -0.234851852 1 1 1
v -0.0823593661 10.3410444 -0.23771219 1 1 1
v -0.0591735542 10.5717802 -0.204571694 1 1 1
v -0.0470453389 10.5747671 -0.207831293 1 1 1
v -0.0218839534 10.5905333 -0.207527891 1 1 1
v -0.00678513385 10.5791121 -0.222767994 1 1 1
v 0.00577710662 10.5523138 -0.246075138 1 1 1
v 0.0069174408 10.5368404 -0.256559312 1 1 1
v -0.0508019552 10.448102 -0.298749357 1 1 1
v -0.054525502 10.4479103 -0.297836155 1 1 1
v -0.0846467018 10.4548435 -0.279450178 1 1 1
v -0.0988276005 10.4572191 -0.271304697 1 1 1
v -0.11366903 10.4808989 -0.247127533 1 1 1
v -0.115624174 10.4877186 -0.241209701 1 1 1
v -0.122292519 10.5558004 -0.25516054 1 1 1
v -0.123837881 10.6055603 -0.262563646 1 1 1
v -0.0807192177 10.6647539 -0.234015599 1 1 1
v -0.0800298974 10.6625071 -0.233166441 1 1 1
v -0.0878916457 10.6162853 -0.338662237 1 1 1
v -0.0839442238 10.6190996 -0.342489332 1 1 1
v -0.0194128081 10.7122774 -0.294417113 1 1 1
v -0.0338017046 10.7171249 -0.244586229 1 1 1
v -0.0343953148 10.7167015 -0.243623078 1 1 1
v -0.071449995 10.6742859 -0.238920793 1 1 1
v -0.080287993 10.6652412 -0.234095156 1 1 1
v -0.125757679 10.6011429 -0.269998997 1 1 1
v -0.120478958 10.597312 -0.297082305 1 1 1
v -0.113402121 10.5975285 -0.315267086 1 1 1
v -0.0179602038 10.7057285 -0.29623419 1 1 1
v -0.0182412304 10.7084446 -0.295396864 1 1 1
v -0.0738128275 10.6055336 -0.344395816 1 1 1
v -0.0378841646 10.5812502 -0.344756305 1 1 1
v -0.0196061563 10.5763273 -0.342294753 1 1 1
v -0.0150469719 10.6306629 -0.321553737 1 1 1
v -0.01157746 10.6389837 -0.317733884 1 1 1
v -0.0367391817 10.4878283 -0.31480965 1 1 1
v 0.00531131076 10.5418129 -0.26855883 1 1 1
v 0.00179656525 10.5514202 -0.292965561 1 1 1
v -0.00624333974 10.5416536 -0.302616209 1 1 1
v -0.0151820667 10.5432796 -0.331506252 1 1 1
v -0.0322203077 10.891696 -0.275552899 1 1 1
v -0.0186779536 10.8436604 -0.254373878 1 1 1
v -0.00390001852 10.8109884 -0.295037627 1 1 1
v -0.00830909982 10.8388319 -0.34134835 1 1 1
v -0.0258120149 10.8887119 -0.329306126 1 1 1
v 0.050945852 10.8665562 -0.247895643 1 1 1
v 0.0455008261 10.8399973 -0.276144952 1 1 1
v 0.0472950526 10.8360825 -0.281023473 1 1 1
v 0.0408119634 10.8262653 -0.290554434 1 1 1
v 0.0893411413 10.922658 -0.261305064 1 1 1
v 0.0981539935 10.9327221 -0.263247699 1 1 1
v 0.0874693766 10.92521 -0.317543209 1 1 1
v 0.0968747661 10.929862 -0.299086779 1 1 1
v 0.0983461365 10.9312763 -0.288793802 1 1 1
v 0.10240569 10.9339819 -0.266888261 1 1 1
v 0.0457731523 10.8561392 -0.336828768 1 1 1
v 0.0467564538 10.8414736 -0.310551643 1 1 1
v 0.0486423932 10.8454447 -0.315561354 1 1 1
v 0.185316458 10.3663578 0.312373698 1 1 1
v 0.174851462 10.3300238 0.359856904 1 1 1
v 0.223869398 10.2951536 0.367954791 1 1 1
v 0.264629245 10.3099356 0.325476259 1 1 1
v 0.242889985 10.3500862 0.294135123 1 1 1
v 0.20086275 10.3628788 0.306420177 1 1 1
v 0.214569196 10.3975029 0.418746948 1 1 1
v 0.240828276 10.3260031 0.394217789 1 1 1
v 0.22377339 10.4214678 0.404899657 1 1 1
v 0.231195375 10.4436865 0.383314043 1 1 1
v 0.228970543 10.4342327 0.399297386 1 1 1
v 0.245075375 10.3615561 0.298054338 1 1 1
v 0.246263027 10.3636723 0.299980164 1 1 1
v 0.243827432 10.3758564 0.312544793 1 1 1
v 0.244004324 10.4192877 0.355921835 1 1 1
v 0.235442132 10.4366283 0.374791592 1 1 1
v 0.270074964 10.3457661 0.334461689 1 1 1
v 0.267600507 10.3558912 0.33103165 1 1 1
v 0.249379829 10.3582182 0.303988785 1 1 1
v 0.27375105 10.3255615 0.339429826 1 1 1
v 0.259105653 10.3304768 0.371336788 1 1 1
v 0.264350951 10.3324299 0.365960747 1 1 1
v -0.244381219 8.90807724 0.0200696755 1 1 1
v -0.243966222 8.90553856 0.0341275595 1 1 1
v -0.240052328 8.89646339 0.070427537 1 1 1
v -0.233975202 8.89007473 0.0769310966 1 1 1
v -0.233932748 8.89002705 0.0769942254 1 1 1
v -0.226786107 8.88292694 0.0819721892 1 1 1
v -0.262439311 9.08709526 0.129353881 1 1 1
v -0.267629981 9.08771324 0.128882825 1 1 1
v -0.268578827 9.08812141 0.128243104 1 1 1
v -0.289099842 9.09785271 0.11267034 1 1 1
v -0.171045855 9.10562229 0.0822997689 1 1 1
v -0.160987049 9.08243179 0.124590613 1 1 1
v -0.162789315 9.08191109 0.125811398 1 1 1
v -0.198432401 9.07422924 0.145020336 1 1 1
v -0.198481038 9.07423878 0.145009011 1 1 1
v -0.212829277 9.07819939 0.139471516 1 1 1
v -0.151420236 9.04616451 0.0773056969 1 1 1
v -0.112438031 8.94021797 0.133589625 1 1 1
v -0.108006366 8.93089962 0.154840782 1 1 1
v -0.142862469 9.01199245 0.0302083064 1 1 1
v -0.143075168 9.01320744 0.0333711021 1 1 1
v -0.154877454 8.94382286 0.0714772567 1 1 1
v -0.146140128 8.97106075 0.0382685587 1 1 1
v -0.143384323 8.98572254 0.0180221703 1 1 1
v -0.245477498 8.91180801 0.0127308089 1 1 1
v -0.197119355 8.88382721 0.116634719 1 1 1
v -0.175703749 8.88472271 0.141260087 1 1 1
v -0.155846864 8.8969202 0.145797536 1 1 1
v -0.116642937 8.91746044 0.163895428 1 1 1
v -0.116533697 8.91754246 0.163921013 1 1 1
v -0.110006556 8.92756844 0.157286778 1 1 1
v -0.296643108 9.19674873 0.00596603006 1 1 1
v -0.324484497 9.21195316 -0.014943663 1 1 1
v -0.329143882 9.2090807 -0.0136963893 1 1 1
v -0.340961218 9.17304993 0.0146576045 1 1 1
v -0.348134011 9.15921688 0.0248256251 1 1 1
v -0.34433949 9.15165329 0.0324876681 1 1 1
v -0.298165202 9.28801918 0.0675760955 1 1 1
v -0.384069353 9.32703686 -0.000656745746 1 1 1
v -0.424035162 9.31554031 0.0544867478 1 1 1
v -0.427376896 9.32192802 0.0377984233 1 1 1
v -0.396351099 9.32533646 0.0115856472 1 1 1
v -0.386678755 9.32732677 2.09606696e-05 1 1 1
v -0.362827897 9.27619362 0.135850504 1 1 1
v -0.396308273 9.29018593 0.113095447 1 1 1
v -0.418160677 9.30002403 0.0962082371 1 1 1
v -0.506088555 10.7659159 0.277120084 1 1 1
v -0.504308879 10.7647734 0.28162533 1 1 1
v -0.508428812 10.7648821 0.280531168 1 1 1
v -0.508092999 10.7631159 0.284398705 1 1 1
v -0.51221168 10.7632332 0.281607479 1 1 1
v -0.510972619 10.7649641 0.277108938 1 1 1
v -0.425462574 10.3034306 0.138916016 1 1 1
v -0.419257075 10.2969103 0.150014609 1 1 1
v -0.495631963 10.7666559 0.284735382 1 1 1
v -0.503460884 10.7654533 0.273221105 1 1 1
v -0.429584622 10.290823 0.156768382 1 1 1
v -0.507570028 10.7603798 0.289827317 1 1 1
v -0.44014889 10.2908382 0.148762226 1 1 1
v -0.51504612 10.7598963 0.281880587 1 1 1
v -0.438625634 10.3022156 0.138399422 1 1 1
v -0.515705645 10.7659969 0.271263421 1 1 1
v -0.338517517 9.84936714 -0.0023275679 1 1 1
v -0.336330712 9.84981155 0.00439652894 1 1 1
v -0.335175127 9.8493042 0.0074929297 1 1 1
v -0.332841814 9.84827805 0.0137447659 1 1 1
v -0.331707418 9.84613037 0.0157691818 1 1 1
v -0.330146044 9.84264374 0.0182296988 1 1 1
v -0.326349139 9.82673168 0.0196386632 1 1 1
v -0.340506703 9.84914303 -0.0059709847 1 1 1
v -0.340190351 9.8492012 -0.00540108653 1 1 1
v -0.341049284 9.81650925 0.0304238722 1 1 1
v -0.351362616 9.81516647 0.038469404 1 1 1
v -0.33495757 9.81901073 0.0259340741 1 1 1
v -0.368868917 9.86369801 0.0409122668 1 1 1
v -0.369059563 9.86392784 0.0408550948 1 1 1
v -0.377275497 9.81044579 0.0180536527 1 1 1
v -0.377339065 9.81041622 0.0180005599 1 1 1
v -0.376587033 9.82785511 0.0104351724 1 1 1
v -0.375067472 9.84840679 0.000929829665 1 1 1
v -0.373185456 9.84859657 -0.00534392195 1 1 1
v -0.366835207 9.84710312 -0.00522909779 1 1 1
v -0.363444716 9.84840298 -0.00507506868 1 1 1
v -0.357183427 9.84946251 -0.00511338795 1 1 1
v -0.353566527 9.85007381 -0.00513558649 1 1 1
v -0.343030006 9.84953499 -0.00575850997 1 1 1
v -0.342363775 9.84948635 -0.00580127956 1 1 1
v -0.342086971 9.84945297 -0.00582232885 1 1 1
v -0.341640383 9.84937477 -0.00586199109 1 1 1
v 1.02066708 9.57271957 -0.0178231224 1 1 1
v 0.952346683 9.51877213 0.0560183227 1 1 1
v 1.01047361 9.50331688 0.153038502 1 1 1
v 1.11471856 9.54771137 0.139158905 1 1 1
v 1.12101853 9.59060478 0.033560548 1 1 1
v 0.958036304 9.57762337 0.128091246 1 1 1
v 0.993495047 9.54998875 0.169953853 1 1 1
v 0.933287442 9.57576084 0.0780299678 1 1 1
v 0.955883265 9.57974625 0.12610434 1 1 1
v 0.973643959 9.60568905 0.0342577659 1 1 1
v 0.952040255 9.60571766 0.0579139069 1 1 1
v 0.950605154 9.60372162 0.05944952 1 1 1
v 1.00839376 9.60592747 -0.00378830265 1 1 1
v 1.00426674 9.60938549 0.000792788574 1 1 1
v 1.00333714 9.6109972 0.00183966663 1 1 1
v 1.02120686 9.730896 0.0712596402 1 1 1
v 1.0202564 9.71234131 0.0604445562 1 1 1
v 1.00742245 9.61876106 0.00289335218 1 1 1
v 1.00811541 9.61540699 0.0012932535 1 1 1
v 1.05018115 9.76855755 0.104352288 1 1 1
v 1.06628716 9.667943 0.182187691 1 1 1
v 1.06348467 9.68034458 0.175375655 1 1 1
v 1.04981625 9.74241161 0.139452219 1 1 1
v 1.04937506 9.75527763 0.122862414 1 1 1
v 1.03419447 9.61077595 0.176349133 1 1 1
v 1.01049209 9.57000065 0.171163619 1 1 1
v 0.467828184 11.8045073 0.681019425 1 1 1
v 0.461586773 11.8028669 0.669290185 1 1 1
v 0.472464114 11.8061867 0.670677841 1 1 1
v 0.470688403 11.8041086 0.659551859 1 1 1
v 0.482555091 11.8065166 0.665262222 1 1 1
v 0.480787367 11.8067627 0.678530097 1 1 1
v 0.835824251 10.1003408 0.347170532 1 1 1
v 0.808787167 10.1067257 0.299596965 1 1 1
v 0.62508601 10.6177263 0.508736074 1 1 1
v 0.662126124 10.6031704 0.570981741 1 1 1
v 0.840950906 10.1330757 0.264451295 1 1 1
v 0.670186102 10.6462221 0.460393935 1 1 1
v 0.876436651 10.1734285 0.301602721 1 1 1
v 0.735725641 10.6506004 0.489457697 1 1 1
v 0.878888845 10.1414795 0.348149657 1 1 1
v 0.737007558 10.6242056 0.561637759 1 1 1
v 0.542567492 11.1952305 0.691437304 1 1 1
v 0.566117644 11.1938801 0.734104335 1 1 1
v 0.574965596 11.2051153 0.659839332 1 1 1
v 0.62301755 11.2123079 0.6738469 1 1 1
v 0.620211184 11.2043018 0.731805682 1 1 1
v 0.453062564 11.7986536 0.6682446 1 1 1
v 0.465896964 11.7999372 0.686965406 1 1 1
v 0.468584538 11.8027086 0.647349358 1 1 1
v 0.490430087 11.8046713 0.6613397 1 1 1
v 0.485574991 11.8027515 0.682498097 1 1 1
v 0.933287442 9.57576084 0.0780299678 1 1 1
v 0.993495047 9.54998875 0.169953853 1 1 1
v 0.958036304 9.57762337 0.128091246 1 1 1
v 0.955883265 9.57974625 0.12610434 1 1 1
v 0.973643959 9.60568905 0.0342577659 1 1 1
v 1.00333714 9.6109972 0.00183966663 1 1 1
v 1.00426674 9.60938549 0.000792788574 1 1 1
v 1.00839376 9.60592747 -0.00378830265 1 1 1
v 0.950605154 9.60372162 0.05944952 1 1 1
v 0.952040255 9.60571766 0.0579139069 1 1 1
v 1.02120686 9.730896 0.0712596402 1 1 1
v 1.05018115 9.76855755 0.104352288 1 1 1
v 1.00811541 9.61540699 0.0012932535 1 1 1
v 1.00742245 9.61876106 0.00289335218 1 1 1
v 1.0202564 9.71234131 0.0604445562 1 1 1
v 1.06348467 9.68034458 0.175375655 1 1 1
v 1.06628716 9.667943 0.182187691 1 1 1
v 1.04937506 9.75527763 0.122862414 1 1 1
v 1.04981625 9.74241161 0.139452219 1 1 1
v 1.03419447 9.61077595 0.176349133 1 1 1
v 1.01049209 9.57000065 0.171163619 1 1 1
v 2.40300059 12.4667072 -0.352839142 1 1 1
v 2.39821911 12.4676542 -0.341993213 1 1 1
v 2.39304781 12.4667845 -0.350715339 1 1 1
v 2.38650298 12.4658775 -0.342974573 1 1 1
v 2.38404322 12.4638329 -0.35442704 1 1 1
v 2.39423943 12.464344 -0.360523939 1 1 1
v 1.70445776 10.2642679 -0.0235585365 1 1 1
v 1.70517063 10.2346802 -0.0609318018 1 1 1
v 1.27366328 9.78639317 0.0880718976 1 1 1
v 1.27281201 9.80744743 0.116394863 1 1 1
v 1.27406609 9.8105154 0.118066773 1 1 1
v 1.29096508 9.8616333 0.153033331 1 1 1
v 1.27161801 9.83697605 0.156118751 1 1 1
v 1.2712605 9.84581947 0.168015152 1 1 1
v 2.13510084 10.6470575 -0.147159606 1 1 1
v 2.15920305 10.6266289 -0.207331523 1 1 1
v 1.70629871 10.3295135 -0.0541576892 1 1 1
v 2.07887149 10.6907759 -0.151458308 1 1 1
v 1.67026806 10.3073158 -0.0865436047 1 1 1
v 2.07406163 10.6922045 -0.220879927 1 1 1
v 1.68335843 10.2614326 -0.100908861 1 1 1
v 2.11966252 10.6558952 -0.260172397 1 1 1
v 2.44250536 11.2078104 -0.15462178 1 1 1
v 2.46326375 11.1988096 -0.203386366 1 1 1
v 2.39356399 11.222436 -0.165478095 1 1 1
v 2.37611294 11.2254562 -0.216804042 1 1 1
v 2.42676115 11.2079134 -0.25391975 1 1 1
v 2.49651814 11.8437872 -0.230034962 1 1 1
v 2.51212597 11.8398724 -0.264356494 1 1 1
v 2.45862818 11.8425684 -0.233484477 1 1 1
v 2.45340705 11.8379679 -0.269216865 1 1 1
v 2.48341489 11.8363438 -0.287635952 1 1 1
v 2.40402269 12.4694147 -0.332148522 1 1 1
v 2.40920973 12.4632578 -0.353555441 1 1 1
v 2.384655 12.4607134 -0.339279085 1 1 1
v 2.37905002 12.4588499 -0.356193691 1 1 1
v 2.39541674 12.4599476 -0.366580993 1 1 1
v 1.34196389 9.97076321 0.092034556 1 1 1
v 1.37159777 10.0556927 0.0449298993 1 1 1
v 1.26478899 9.85228348 0.166581631 1 1 1
v 1.29293561 9.86588764 0.153399661 1 1 1
v 1.31031859 9.89387512 0.135866791 1 1 1
v 1.33960509 9.95261669 0.101119757 1 1 1
v 1.22156227 9.94935989 0.0290486887 1 1 1
v 1.21735358 9.94611263 0.0297722481 1 1 1
v 1.37137187 10.0559006 0.0433428884 1 1 1
v 1.36857188 10.0542555 0.0421962775 1 1 1
v 1.25378406 9.97471619 0.0203051828 1 1 1
v 1.24012065 9.85677624 0.00382485916 1 1 1
v 1.23833299 9.84784126 0.00401254371 1 1 1
v 1.21876895 9.9449892 0.0286854655 1 1 1
v 1.23884213 9.94471264 0.0149422614 1 1 1
v 1.26094544 9.81215382 0.0534186289 1 1 1
v 1.26660991 9.78979111 0.0813628733 1 1 1
v 1.26907575 9.8448801 0.0190552007 1 1 1
v 1.20161235 9.91538429 0.152587235 1 1 1
v 1.26478899 9.85228348 0.166581631 1 1 1
v 1.26660991 9.78979111 0.0813628733 1 1 1
v 1.20550001 9.81923103 0.0232361406 1 1 1
v 1.16096997 9.89895153 0.0631088167 1 1 1
v 1.37159777 10.0556927 0.0449298993 1 1 1
v 1.34196389 9.97076321 0.092034556 1 1 1
v 1.33960509 9.95261669 0.101119757 1 1 1
v 1.31031859 9.89387512 0.135866791 1 1 1
v 1.29293561 9.86588764 0.153399661 1 1 1
v 1.21735358 9.94611263 0.0297722481 1 1 1
v 1.22156227 9.94935989 0.0290486887 1 1 1
v 1.25378406 9.97471619 0.0203051828 1 1 1
v 1.36857188 10.0542555 0.0421962775 1 1 1
v 1.37137187 10.0559006 0.0433428884 1 1 1
v 1.24012065 9.85677624 0.00382485916 1 1 1
v 1.23884213 9.94471264 0.0149422614 1 1 1
v 1.21876895 9.9449892 0.0286854655 1 1 1
v 1.23833299 9.84784126 0.00401254371 1 1 1
v 1.26094544 9.81215382 0.0534186289 1 1 1
v 1.26907575 9.8448801 0.0190552007 1 1 1
v 1.4478966 10.5419359 0.167742133 1 1 1
v 1.40678668 10.5343027 0.121645324 1 1 1
v 1.35036743 10.5277443 0.147082373 1 1 1
v 1.35660815 10.5313225 0.208900273 1 1 1
v 1.41688466 10.5400944 0.221668735 1 1 1
v 1.39912558 10.5898342 0.119676746 1 1 1
v 1.36043179 10.609971 0.134754524 1 1 1
v 1.35288203 10.5992184 0.139107481 1 1 1
v 1.34457374 10.5727177 0.14528729 1 1 1
v 1.41458154 10.7668419 0.158069968 1 1 1
v 1.40279794 10.6683435 0.13331905 1 1 1
v 1.40896678 10.7874699 0.162683278 1 1 1
v 1.41116202 10.776783 0.161827162 1 1 1
v 1.39007235 10.7369909 0.213047251 1 1 1
v 1.39305234 10.7564497 0.202498332 1 1 1
v 1.39455986 10.7615185 0.198491037 1 1 1
v 1.34944987 10.5795193 0.20730485 1 1 1
v 1.36847198 10.6656523 0.211200431 1 1 1
v 1.34689271 10.5907545 0.187490165 1 1 1
v 1.34544432 10.5960417 0.180185422 1 1 1
v 1.5250324 11.1047487 0.264488518 1 1 1
v 1.54519916 11.0945539 0.287746042 1 1 1
v 1.57240653 11.087512 0.274461031 1 1 1
v 1.5726248 11.0892668 0.262301058 1 1 1
v 1.57095492 11.0928621 0.242065012 1 1 1
v 1.5409503 11.1037025 0.236256063 1 1 1
v 1.56561518 11.1563492 0.297609568 1 1 1
v 1.57923627 11.1849899 0.300468773 1 1 1
v 1.58272731 11.1896372 0.300405443 1 1 1
v 1.57376921 11.093298 0.275610745 1 1 1
v 1.56216705 11.2315264 0.284225911 1 1 1
v 1.57061958 11.2273808 0.293953747 1 1 1
v 1.57126939 11.2270622 0.294701576 1 1 1
v 1.572065 11.2264147 0.295657903 1 1 1
v 1.57279873 11.2255363 0.296584576 1 1 1
v 1.57985163 11.2185163 0.303471595 1 1 1
v 1.56195199 11.2315655 0.283988893 1 1 1
v 1.57634366 11.2319822 0.269896328 1 1 1
v 1.57434511 11.2320929 0.273424894 1 1 1
v 1.56895518 11.2323399 0.279552042 1 1 1
v 1.58322215 11.2294588 0.256166488 1 1 1
v 1.58301318 11.2296085 0.256638259 1 1 1
v 1.58062553 11.2313261 0.262024909 1 1 1
v 1.58011079 11.2314281 0.26298815 1 1 1
v 1.59913003 11.1766529 0.254364759 1 1 1
v 1.60556781 11.2178402 0.258780628 1 1 1
v 1.59690464 11.2196331 0.257006049 1 1 1
v 1.59412026 11.2252398 0.256802142 1 1 1
v 1.5937705 11.2254353 0.256739438 1 1 1
v 1.59352589 11.2255716 0.256695598 1 1 1
v 1.61294723 11.2157736 0.270906508 1 1 1
v 1.61340284 11.2174664 0.270411611 1 1 1
v 1.61329234 11.2179155 0.267441154 1 1 1
v 1.61288285 11.2171383 0.263712704 1 1 1
v -0.0661998242 9.0243578 -1.0693053 1 1 1
v -0.0801813677 8.9187746 -1.1252327 1 1 1
v -0.145476952 8.84726334 -1.05386281 1 1 1
v -0.171850413 8.90864944 -0.95382607 1 1 1
v -0.122854434 9.01809978 -0.963369966 1 1 1
v -0.142338201 8.94410706 -1.15374899 1 1 1
v -0.188262448 8.90805054 -1.11825645 1 1 1
v -0.195706129 8.907444 -1.11791301 1 1 1
v -0.200302541 8.87127876 -1.08179379 1 1 1
v -0.25475952 9.0922699 -1.16065204 1 1 1
v -0.253590554 9.07780075 -1.16632783 1 1 1
v -0.210371628 9.00251675 -1.17192709 1 1 1
v -0.188173324 8.98838902 -1.16389835 1 1 1
v -0.187529355 9.04240036 -0.99823302 1 1 1
v -0.219976261 9.05919075 -1.03851151 1 1 1
v -0.2247044 9.06467819 -1.05944395 1 1 1
v -0.255188048 9.08814335 -1.13701236 1 1 1
v -0.211474985 8.97902393 -0.991062164 1 1 1
v -0.214600697 8.92695808 -0.977697849 1 1 1
v -0.213645905 8.93408489 -0.979296684 1 1 1
v -0.21101658 8.96678257 -0.987398326 1 1 1
v -0.246023893 8.91634846 -1.04806554 1 1 1
v -0.246238276 8.91797733 -1.04468083 1 1 1
v -0.221038818 8.92459393 -0.991641164 1 1 1
v 0.377843857 10.5597925 -1.81408024 1 1 1
v 0.38252148 10.5586596 -1.80246365 1 1 1
v 0.372222483 10.5605659 -1.80493629 1 1 1
v 0.372882754 10.5585318 -1.79438937 1 1 1
v 0.362248033 10.5595846 -1.80101621 1 1 1
v 0.365314335 10.5603638 -1.81318581 1 1 1
v 0.12429481 9.60481644 -1.57369375 1 1 1
v 0.147390991 9.61860275 -1.53170764 1 1 1
v 0.396153867 9.99514866 -1.8350178 1 1 1
v 0.372918695 9.98739338 -1.89715934 1 1 1
v 0.126261488 9.66032982 -1.52071965 1 1 1
v 0.348415136 10.0164652 -1.79407799 1 1 1
v 0.100261115 9.68656063 -1.56977654 1 1 1
v 0.29023093 10.0248947 -1.82482541 1 1 1
v 0.09075436 9.64163589 -1.59098065 1 1 1
v 0.306819052 10.0055885 -1.89172125 1 1 1
v 0.391089022 10.5558062 -1.80053747 1 1 1
v 0.381481081 10.5566349 -1.82041609 1 1 1
v 0.373020887 10.5534878 -1.78943443 1 1 1
v 0.353944808 10.5574398 -1.79791212 1 1 1
v 0.354412943 10.5652933 -1.8262974 1 1 1
v -0.0834218562 9.20595932 -1.2836082 1 1 1
v -0.0740357414 9.20384026 -1.23010767 1 1 1
v -0.056946151 9.21574306 -1.20380485 1 1 1
v -0.0571461655 9.2141161 -1.1973995 1 1 1
v -0.113884777 9.17163277 -1.27492714 1 1 1
v -0.111270934 9.17477322 -1.27633846 1 1 1
v -0.0891529769 9.3205204 -1.18969607 1 1 1
v -0.0910212845 9.3196907 -1.1873163 1 1 1
v -0.0762950182 9.28368187 -1.19440329 1 1 1
v -0.0959188789 9.39618397 -1.30292869 1 1 1
v -0.0983022749 9.39838409 -1.30732489 1 1 1
v -0.103312932 9.41293526 -1.33154821 1 1 1
v -0.106202282 9.41938114 -1.3425802 1 1 1
v -0.0895282552 9.32247639 -1.19084978 1 1 1
v -0.0896987244 9.3422451 -1.2190299 1 1 1
v -0.111565523 9.36769581 -1.37461722 1 1 1
v -0.168357536 9.26957893 -1.32873106 1 1 1
v -0.106629767 9.40415478 -1.35353374 1 1 1
v -0.108835794 9.37283611 -1.37639034 1 1 1
v -0.206051037 9.84352398 -1.3762306 1 1 1
v -0.213139042 9.80851078 -1.43722987 1 1 1
v -0.28011632 9.78643227 -1.44208908 1 1 1
v -0.305447996 9.80220985 -1.39926481 1 1 1
v -0.301589578 9.8176918 -1.37268162 1 1 1
v -0.26864779 9.84308434 -1.34338999 1 1 1
v -0.234661877 9.88101101 -1.47587466 1 1 1
v -0.246602595 9.88039589 -1.47828794 1 1 1
v -0.256659478 9.87089729 -1.4761368 1 1 1
v -0.290513813 9.8227396 -1.46142173 1 1 1
v -0.275342226 10.0736637 -1.50201261 1 1 1
v -0.255633742 9.97454739 -1.49390316 1 1 1
v -0.2548711 9.9710722 -1.49329329 1 1 1
v -0.250767052 9.95175171 -1.49052072 1 1 1
v -0.297168583 10.0886793 -1.50080729 1 1 1
v -0.291444838 10.0837135 -1.50039339 1 1 1
v -0.317002118 10.0099316 -1.43505406 1 1 1
v -0.317829072 10.0429239 -1.4577198 1 1 1
v -0.317039549 10.0494356 -1.46268833 1 1 1
v -0.31829533 9.96109486 -1.42349303 1 1 1
v -0.290374756 9.80192661 -1.43601274 1 1 1
v -0.308648318 9.81741047 -1.41019642 1 1 1
v -0.290732712 9.82321644 -1.46147251 1 1 1
v -0.546692252 8.86445427 0.854558885 1 1 1
v -0.505521059 8.76290321 0.919459522 1 1 1
v -0.432285279 8.69354534 0.841704309 1 1 1
v -0.428194165 8.7522316 0.728748083 1 1 1
v -0.487602055 8.84097862 0.735422969 1 1 1
v -0.50492686 8.85869026 0.751552701 1 1 1
v -0.418776095 8.81876945 0.94869417 1 1 1
v -0.414909363 8.8136797 0.943333566 1 1 1
v -0.371720344 8.73310375 0.864059925 1 1 1
v -0.449334919 8.92504501 0.88956219 1 1 1
v -0.434286505 8.90371513 0.907064378 1 1 1
v -0.433456212 8.87029171 0.920733094 1 1 1
v -0.418377578 8.82071686 0.948241949 1 1 1
v -0.497097492 8.86308289 0.752946913 1 1 1
v -0.48080191 8.87794399 0.777484894 1 1 1
v -0.449113309 8.90624809 0.822945952 1 1 1
v -0.448970228 8.91992092 0.872907639 1 1 1
v -0.46720925 8.83297253 0.738420248 1 1 1
v -0.487509519 8.84106922 0.735466421 1 1 1
v -0.387519896 8.77897549 0.744784713 1 1 1
v -0.393359751 8.78936768 0.745833814 1 1 1
v -0.405799806 8.81126022 0.748010755 1 1 1
v -0.370605916 8.7648716 0.801041067 1 1 1
v -0.373263985 8.75739765 0.811783791 1 1 1
v -0.992490053 13.2336292 0.343381703 1 1 1
v -0.98545897 13.2342558 0.349156201 1 1 1
v -0.992941856 13.2356234 0.350916445 1 1 1
v -0.988804936 13.235569 0.357537985 1 1 1
v -0.997903943 13.235754 0.356943101 1 1 1
v -1.00018156 13.2345543 0.348194242 1 1 1
v -0.900664926 10.6451349 1.11012268 1 1 1
v -0.869239509 10.6613331 1.13047326 1 1 1
v -0.851731062 11.0987463 0.821799338 1 1 1
v -0.90217787 11.0787058 0.790909171 1 1 1
v -0.883478582 10.7041292 1.14919877 1 1 1
v -0.869604826 11.138319 0.883065939 1 1 1
v -0.924481273 10.7021866 1.14214325 1 1 1
v -0.936866105 11.1249361 0.862960458 1 1 1
v -0.93473798 10.6598883 1.12425542 1 1 1
v -0.955390811 11.0945196 0.815574765 1 1 1
v -0.861640871 11.5845747 0.53717643 1 1 1
v -0.903855205 11.569891 0.503083885 1 1 1
v -0.885223448 11.6028852 0.581661642 1 1 1
v -0.942247391 11.6039133 0.585149288 1 1 1
v -0.966229796 11.5787601 0.52526778 1 1 1
v -0.882811368 12.1305265 0.395488441 1 1 1
v -0.913329661 12.1236973 0.355628312 1 1 1
v -0.896593571 12.1336184 0.436291307 1 1 1
v -0.943716466 12.1294231 0.437568128 1 1 1
v -0.960863888 12.1225929 0.387408465 1 1 1
v -0.982214093 12.6782532 0.424599975 1 1 1
v -1.00808251 12.6755848 0.408520669 1 1 1
v -0.996399939 12.6785221 0.452447087 1 1 1
v -1.03650117 12.6766682 0.464794546 1 1 1
v -1.03318298 12.6745539 0.42271179 1 1 1
v -0.98158133 13.2300406 0.348725528 1 1 1
v -0.992224932 13.2298594 0.338122815 1 1 1
v -0.986183226 13.2327433 0.362276018 1 1 1
v -1.00006723 13.2316246 0.360026002 1 1 1
v -1.00463033 13.2308197 0.347006083 1 1 1
v -0.896504343 10.1806116 1.39485276 1 1 1
v -0.893427968 10.1850061 1.3950187 1 1 1
v -0.888281286 10.1919813 1.39561808 1 1 1
v -0.854075968 10.2025805 1.42382348 1 1 1
v -0.850703776 10.2038355 1.42646265 1 1 1
v -0.841083527 10.1973219 1.44077218 1 1 1
v -0.859974742 10.272788 1.44042265 1 1 1
v -0.870588601 10.3146772 1.44111264 1 1 1
v -0.852626741 10.2395573 1.44307446 1 1 1
v -0.857811332 10.2636147 1.44075155 1 1 1
v -0.899368346 10.3364801 1.42512965 1 1 1
v -0.904821813 10.3386459 1.42313933 1 1 1
v -0.941182375 10.3201704 1.43206382 1 1 1
v -0.942842484 10.3197918 1.43215799 1 1 1
v -0.953606546 10.2306433 1.43183172 1 1 1
v -0.958414733 10.1977129 1.4291811 1 1 1
v -0.944667995 10.3034706 1.43052387 1 1 1
v -0.936569571 10.1951036 1.41455662 1 1 1
v -0.934850752 10.1974163 1.41169381 1 1 1
v -0.868872583 10.2106495 1.51293886 1 1 1
v -0.840898573 10.1731243 1.45721412 1 1 1
v -0.896144986 10.1461296 1.41829085 1 1 1
v -0.958263278 10.1669703 1.44995964 1 1 1
v -0.941407979 10.2068462 1.5084554 1 1 1
v -0.893427968 10.1850061 1.3950187 1 1 1
v -0.896504343 10.1806116 1.39485276 1 1 1
v -0.841083527 10.1973219 1.44077218 1 1 1
v -0.850703776 10.2038355 1.42646265 1 1 1
v -0.854075968 10.2025805 1.42382348 1 1 1
v -0.888281286 10.1919813 1.39561808 1 1 1
v -0.870588601 10.3146772 1.44111264 1 1 1
v -0.859974742 10.272788 1.44042265 1 1 1
v -0.857811332 10.2636147 1.44075155 1 1 1
v -0.852626741 10.2395573 1.44307446 1 1 1
v -0.942842484 10.3197918 1.43215799 1 1 1
v -0.941182375 10.3201704 1.43206382 1 1 1
v -0.904821813 10.3386459 1.42313933 1 1 1
v -0.899368346 10.3364801 1.42512965 1 1 1
v -0.958414733 10.1977129 1.4291811 1 1 1
v -0.953606546 10.2306433 1.43183172 1 1 1
v -0.944667995 10.3034706 1.43052387 1 1 1
v -0.934850752 10.1974163 1.41169381 1 1 1
v -0.936569571 10.1951036 1.41455662 1 1 1
v -0.968139112 10.6216183 1.50862384 1 1 1
v -0.958844841 10.590517 1.55728352 1 1 1
v -0.902396679 10.5752306 1.55845928 1 1 1
v -0.889271379 10.5863361 1.53387666 1 1 1
v -0.888537765 10.586957 1.53250265 1 1 1
v -0.876803994 10.5968847 1.5105263 1 1 1
v -0.91743505 10.6255541 1.47972631 1 1 1
v -0.949956 10.6253996 1.57802713 1 1 1
v -0.936015546 10.6174011 1.57598937 1 1 1
v -0.910006583 10.6085711 1.57554591 1 1 1
v -0.898066998 10.5918083 1.56831598 1 1 1
v -0.936656475 10.7302761 1.5851438 1 1 1
v -0.942824125 10.6822605 1.581182 1 1 1
v -0.935402334 10.7473793 1.58292067 1 1 1
v -0.912650168 10.730072 1.5555706 1 1 1
v -0.914419651 10.745203 1.56809807 1 1 1
v -0.892588794 10.7216511 1.53660953 1 1 1
v -0.872976184 10.609499 1.51785529 1 1 1
v -0.890424907 10.603961 1.56191313 1 1 1
v -1.71022582 14.9451809 2.48223829 1 1 1
v -1.71360779 14.9439306 2.48567581 1 1 1
v -1.71438289 14.9445314 2.48152137 1 1 1
v -1.71785808 14.9428272 2.4833231 1 1 1
v -1.717103 14.9433966 2.47843218 1 1 1
v -1.71238613 14.9448519 2.47776222 1 1 1
v -1.00569808 11.3475552 1.69156027 1 1 1
v -1.02681565 11.3371458 1.71415949 1 1 1
v -1.1153847 11.9612827 1.84193647 1 1 1
v -1.10096812 11.9626637 1.82897437 1 1 1
v -1.19540489 12.5606003 1.98282242 1 1 1
v -1.16877949 12.5645638 1.96595263 1 1 1
v -1.13834989 11.9847221 1.84178972 1 1 1
v -1.22357178 12.5601826 1.97584403 1 1 1
v -1.13555312 11.9903164 1.82437432 1 1 1
v -1.21514344 12.5646124 1.94850552 1 1 1
v -1.11400998 11.977253 1.81644773 1 1 1
v -1.18960476 12.567234 1.94006443 1 1 1
v -1.22498965 13.1871109 2.05312419 1 1 1
v -1.20651472 13.1944771 2.02748847 1 1 1
v -1.25668883 13.187088 2.0385468 1 1 1
v -1.24698746 13.1941051 2.01037216 1 1 1
v -1.2232132 13.1972637 2.00674033 1 1 1
v -1.31763554 13.7781143 2.24260497 1 1 1
v -1.30052352 13.7874355 2.22937512 1 1 1
v -1.33561575 13.7768202 2.23305631 1 1 1
v -1.3388443 13.7842312 2.21031904 1 1 1
v -1.31357002 13.791831 2.20771217 1 1 1
v -1.52930439 14.3341255 2.45837569 1 1 1
v -1.52223051 14.3403463 2.44078183 1 1 1
v -1.5510385 14.3291225 2.4477942 1 1 1
v -1.54121685 14.3362131 2.43042302 1 1 1
v -1.52897942 14.3404903 2.4297545 1 1 1
v -1.71240819 14.9425869 2.49120855 1 1 1
v -1.7015295 14.9488583 2.48401117 1 1 1
v -1.71838152 14.9388065 2.4838717 1 1 1
v -1.71685398 14.9393911 2.4772191 1 1 1
v -1.70915687 14.9459391 2.47142053 1 1 1
v -1.06635129 11.4277048 1.730811 1 1 1
v -1.07341695 11.4276152 1.72763181 1 1 1
v -1.07735765 11.4273605 1.7257812 1 1 1
v -1.07888997 11.4271088 1.72500396 1 1 1
v -1.03276122 11.3365641 1.71129262 1 1 1
v -1.04985368 11.4176931 1.73424685 1 1 1
v -1.05175424 11.4198084 1.73432231 1 1 1
v -1.05333269 11.4252748 1.73568714 1 1 1
v -1.06531346 11.4276628 1.73125696 1 1 1
v -1.07757771 11.4308786 1.71471 1 1 1
v -1.07707369 11.4322929 1.70951736 1 1 1
v -1.07678807 11.4326591 1.70714879 1 1 1
v -1.07639253 11.4331665 1.70386887 1 1 1
v -1.07575321 11.4333668 1.69938064 1 1 1
v -1.0752604 11.4335213 1.69592166 1 1 1
v -1.07470894 11.434679 1.69075441 1 1 1
v -1.07879305 11.427619 1.72411668 1 1 1
v -1.07845175 11.4285355 1.72174859 1 1 1
v -1.06201839 11.4319773 1.68759584 1 1 1
v -1.06156301 11.4317646 1.68745613 1 1 1
v -1.06021106 11.4323177 1.68726599 1 1 1
v -1.0299139 11.3887959 1.67237818 1 1 1
v -1.07183754 11.435297 1.69029725 1 1 1
v -1.03957891 11.4404593 1.68973017 1 1 1
v -1.03787267 11.4409227 1.69368434 1 1 1
v -1.03596723 11.4403105 1.69685233 1 1 1
v -1.03499901 11.4382486 1.69728935 1 1 1
v -1.01881838 11.3504381 1.6688565 1 1 1
v 1.38890433 7.93964052 -0.445465744 1 1 1
v 1.37988305 7.83958483 -0.403510332 1 1 1
v 1.32605052 7.77778244 -0.475171834 1 1 1
v 1.30180144 7.83964252 -0.561416686 1 1 1
v 1.34064722 7.93967628 -0.543057323 1 1 1
v 1.43125486 7.79839945 -0.463969439 1 1 1
v 1.40138066 7.77055073 -0.495443046 1 1 1
v 1.38523281 7.76063061 -0.504397154 1 1 1
v 1.44719839 7.81988907 -0.438647956 1 1 1
v 1.50167108 7.90288877 -0.503529429 1 1 1
v 1.47366011 7.85467911 -0.468335509 1 1 1
v 1.48149204 7.90451241 -0.545549154 1 1 1
v 1.49598026 7.90328503 -0.526218414 1 1 1
v 1.45808554 7.90363169 -0.600242019 1 1 1
v 1.46071911 7.90308046 -0.599418461 1 1 1
v 1.35851896 7.8232789 -0.588324428 1 1 1
v 1.37926626 7.78051805 -0.533977568 1 1 1
v 1.38235641 7.80079365 -0.573427141 1 1 1
v 2.10930395 9.32325554 -0.654290199 1 1 1
v 2.12702107 9.33546448 -0.658121645 1 1 1
v 2.13178182 9.33242607 -0.66686064 1 1 1
v 2.11981702 9.303298 -0.689750791 1 1 1
v 2.12217546 9.29777718 -0.698979795 1 1 1
v 2.11908627 9.29425526 -0.700011432 1 1 1
v 2.15177536 9.42529392 -0.687212825 1 1 1
v 2.15158343 9.42458916 -0.686986327 1 1 1
v 2.07293439 9.37081432 -0.669286609 1 1 1
v 2.17379427 9.44451714 -0.75454545 1 1 1
v 2.16259503 9.43521404 -0.730142474 1 1 1
v 2.16417432 9.43455696 -0.70731169 1 1 1
v 2.15178394 9.42529964 -0.687224388 1 1 1
v 2.06143069 9.36767483 -0.729844749 1 1 1
v 2.08804989 9.32264137 -0.750251055 1 1 1
v 2.11566186 9.36162758 -0.753217936 1 1 1
v 2.14417338 9.40110302 -0.756447434 1 1 1
v 2.24465346 9.74608707 -0.856324434 1 1 1
v 2.19841766 9.73983669 -0.86747092 1 1 1
v 2.19764471 9.73970413 -0.86726284 1 1 1
v 2.17323947 9.7329874 -0.826299965 1 1 1
v 2.20483255 9.73512745 -0.789487123 1 1 1
v 2.24896884 9.74322319 -0.808043242 1 1 1
v 2.18854666 9.77266884 -0.858671248 1 1 1
v 2.18754148 9.77620029 -0.857701123 1 1 1
v 2.17014956 9.76058292 -0.826452553 1 1 1
v 2.16898489 9.76343632 -0.824914336 1 1 1
v 2.1687839 9.76176929 -0.824192226 1 1 1
v 2.22449756 9.88010979 -0.846843719 1 1 1
v 2.21328449 9.845994 -0.852965534 1 1 1
v 2.21051645 9.82712936 -0.855571806 1 1 1
v 2.22653723 9.89496422 -0.796513021 1 1 1
v 2.22590184 9.89826202 -0.798104942 1 1 1
v 2.22148705 9.91583443 -0.819414318 1 1 1
v 2.22378755 9.89754772 -0.825822353 1 1 1
v 2.19903922 9.77069283 -0.785424292 1 1 1
v 2.22169733 9.8657589 -0.791898251 1 1 1
v 2.18908477 9.78230572 -0.795728087 1 1 1
v 2.1914494 9.78128147 -0.793270051 1 1 1
v -1.84387302 7.56984901 -0.7971614 1 1 1
v -1.85587931 7.48230076 -0.848645568 1 1 1
v -1.91693854 7.42141581 -0.793652296 1 1 1
v -1.94266915 7.47133541 -0.708180189 1 1 1
v -1.8975122 7.56307173 -0.710348904 1 1 1
v -1.90021753 7.50355434 -0.872845173 1 1 1
v -1.92862749 7.49273396 -0.864409626 1 1 1
v -1.92832184 7.45362282 -0.826071322 1 1 1
v -1.93482327 7.43018436 -0.804018974 1 1 1
v -1.98377562 7.63257504 -0.875913858 1 1 1
v -1.98107696 7.62691784 -0.876535058 1 1 1
v -2.02715564 7.62449217 -0.786278248 1 1 1
v -2.02649164 7.63281012 -0.817595303 1 1 1
v -2.02355886 7.63434315 -0.826611519 1 1 1
v -1.98713541 7.63225889 -0.867793381 1 1 1
v -1.96172583 7.48076057 -0.719761491 1 1 1
v -1.98612845 7.49908113 -0.736214578 1 1 1
v -1.97092271 7.46892071 -0.768331647 1 1 1
v -1.98311663 7.4905324 -0.734581113 1 1 1
v -1.94640017 7.44090939 -0.797142625 1 1 1
v 0.777359664 7.27206278 2.15840745 1 1 1
v 0.849249899 7.22384214 2.15729046 1 1 1
v 0.874340773 7.2151289 2.07489395 1 1 1
v 0.81795752 7.25796461 2.02508688 1 1 1
v 0.758019805 7.29315138 2.07670116 1 1 1
v 0.9035182 7.30544662 2.16467261 1 1 1
v 0.889555752 7.23743677 2.07705259 1 1 1
v 0.92134124 7.48172235 2.17572784 1 1 1
v 0.921608269 7.47941732 2.17558789 1 1 1
v 0.925943792 7.41885519 2.17183852 1 1 1
v 0.913948059 7.3808794 2.16908574 1 1 1
v 0.823701382 7.38981247 2.08647466 1 1 1
v 0.836965322 7.40616226 2.09349203 1 1 1
v 0.859942317 7.43092394 2.11131287 1 1 1
v 0.90581876 7.47783804 2.14965653 1 1 1
v 0.832714975 7.34162617 2.05778193 1 1 1
v 0.83058089 7.37506533 2.07544804 1 1 1
v 0.833324611 7.28081989 2.02752972 1 1 1
v 0.88989526 7.24024057 2.07633257 1 1 1
v 0.891749024 7.24539042 2.07578564 1 1 1
v 0.872408032 7.2895093 2.04889846 1 1 1
v 0.869874597 7.29381275 2.04586816 1 1 1
v 0.696606815 5.74161148 -1.72302163 1 1 1
v 0.728948474 5.6261611 -1.74270582 1 1 1
v 0.645519197 5.55447721 -1.69109833 1 1 1
v 0.561615169 5.62562513 -1.63951886 1 1 1
v 0.593189001 5.74128056 -1.65924847 1 1 1
v 0.697515547 5.62647963 -1.79115307 1 1 1
v 0.687285364 5.62192869 -1.79535723 1 1 1
v 0.668959975 5.60428953 -1.77931666 1 1 1
v 0.613446593 5.55514479 -1.74310732 1 1 1
v 0.683889329 5.63745403 -1.80581856 1 1 1
v 0.68924439 5.63030672 -1.80171251 1 1 1
v 0.607316911 5.73830032 -1.86372459 1 1 1
v 0.624146938 5.69970322 -1.86095798 1 1 1
v 0.626652062 5.69780922 -1.85821378 1 1 1
v 0.645984828 5.67579412 -1.84151673 1 1 1
v 0.565441191 5.7404213 -1.70528531 1 1 1
v 0.564212322 5.74028301 -1.71556067 1 1 1
v 0.561879694 5.7394104 -1.78501439 1 1 1
v 0.559888124 5.73898411 -1.81823599 1 1 1
v 0.561653137 5.73896551 -1.82129979 1 1 1
v 0.526334882 5.63414145 -1.70491314 1 1 1
v 0.561008871 5.73070765 -1.70725405 1 1 1
v 0.524668396 5.62603331 -1.70259988 1 1 1
v 0.589216411 5.56598902 -1.75444353 1 1 1
v 0.572426617 5.57973242 -1.74545729 1 1 1
v 0.525832355 5.61798239 -1.7205894 1 1 1
vt 1 0 0
vt 1 0.226162121 0
vt 0.888851225 0.226162121 0
vt 0.888851225 0 0
vt 0.777752757 0.226162121 0
vt 0.777752757 0 0
vt 0.666630566 0.226162121 0
vt 0.666630566 0 0
vt 0.555557072 0.226162121 0
vt 0.555557072 0 0
vt 0.444443464 0.226162121 0
vt 0.444443464 0 0
vt 0.333369911 0.226162121 0
vt 0.333369911 0 0
vt 0.222247541 0.226162121 0
vt 0.222247541 0 0
vt 0.111148894 0.226162121 0
vt 0.111148894 0 0
vt 0 0.226162121 0
vt 0 0 0
vt 1 0.507173896 0
vt 0.888851225 0.507173896 0
vt 0.777752757 0.507173896 0
vt 0.666630566 0.507173896 0
vt 0.555557072 0.507173896 0
vt 0.444443464 0.507173896 0
vt 0.333369911 0.507173896 0
vt 0.222247541 0.507173896 0
vt 0.111148894 0.507173896 0
vt 0 0.507173896 0
vt 1 0.838754237 0
vt 0.888851225 0.838754237 0
vt 0.777752757 0.838754237 0
vt 0.666630566 0.838754237 0
vt 0.555557072 0.838754237 0
vt 0.444443464 0.838754237 0
vt 0.333369911 0.838754237 0
vt 0.222247541 0.838754237 0
vt 0.111148894 0.838754237 0
vt 0 0.838754237 0
vt 1 1.21682048 0
vt 0.888851225 1.21682048 0
vt 0.777752757 1.21682048 0
vt 0.666630566 1.21682048 0
vt 0.555557072 1.21682048 0
vt 0.444443464 1.21682048 0
vt 0.333369911 1.21682048 0
vt 0.222247541 1.21682048 0
vt 0.111148894 1.21682048 0
vt 0 1.21682048 0
vt 1 1.63561261 0
vt 0.888851225 1.63561261 0
vt 0.777752757 1.63561261 0
vt 0.666630566 1.63561261 0
vt 0.555557072 1.63561261 0
vt 0.444443464 1.63561261 0
vt 0.333369911 1.63561261 0
vt 0.222247541 1.63561261 0
vt 0.111148894 1.63561261 0
vt 0 1.63561261 0
vt 1 2.08987117 0
vt 0.888851225 2.08987117 0
vt 0.777752757 2.08987117 0
vt 0.666630566 2.08987117 0
vt 0.555557072 2.08987117 0
vt 0.444443464 2.08987117 0
vt 0.333369911 2.08987117 0
vt 0.222247541 2.08987117 0
vt 0.111148894 2.08987117 0
vt 0 2.08987117 0
vt 1 2.57501245 0
vt 0.888851225 2.57501245 0
vt 0.777752757 2.57501245 0
vt 0.666630566 2.57501245 0
vt 0.555557072 2.57501245 0
vt 0.444443464 2.57501245 0
vt 0.333369911 2.57501245 0
vt 0.222247541 2.57501245 0
vt 0.111148894 2.57501245 0
vt 0 2.57501245 0
vt 1 3.08607888 0
vt 0.888851225 3.08607888 0
vt 0.777752757 3.08607888 0
vt 0.666630566 3.08607888 0
vt 0.555557072 3.08607888 0
vt 0.444443464 3.08607888 0
vt 0.333369911 3.08607888 0
vt 0.222247541 3.08607888 0
vt 0.111148894 3.08607888 0
vt 0 3.08607888 0
vt 1 3.62032723 0
vt 0.888851225 3.62032723 0
vt 0.777752757 3.62032723 0
vt 0.666630566 3.62032723 0
vt 0.555557072 3.62032723 0
vt 0.444443464 3.62032723 0
vt 0.333369911 3.62032723 0
vt 0.222247541 3.62032723 0
vt 0.111148894 3.62032723 0
vt 0 3.62032723 0
vt 1 4.17620468 0
vt 0.888851225 4.17620468 0
vt 0.777752757 4.17620468 0
vt 0.666630566 4.17620468 0
vt 0.555557072 4.17620468 0
vt 0.444443464 4.17620468 0
vt 0.333369911 4.17620468 0
vt 0.222247541 4.17620468 0
vt 0.111148894 4.17620468 0
vt 0 4.17620468 0
vt 1 4.7535367 0
vt 0.888851225 4.7535367 0
vt 0.777752757 4.7535367 0
vt 0.666630566 4.7535367 0
vt 0.555557072 4.7535367 0
vt 0.444443464 4.7535367 0
vt 0.333369911 4.7535367 0
vt 0.222247541 4.7535367 0
vt 0.111148894 4.7535367 0
vt 0 4.7535367 0
vt 1 5.34557247 0
vt 0.888851225 5.34557247 0
vt 0.777752757 5.34557247 0
vt 0.666630566 5.34557247 0
vt 0.555557072 5.34557247 0
vt 0.444443464 5.34557247 0
vt 0.333369911 5.34557247 0
vt 0.222247541 5.34557247 0
vt 0.111148894 5.34557247 0
vt 0 5.34557247 0
vt 1 5.96122456 0
vt 0.888851225 5.96122456 0
vt 0.777752757 5.96122456 0
vt 0.666630566 5.96122456 0
vt 0.555557072 5.96122456 0
vt 0.444443464 5.96122456 0
vt 0.333369911 5.96122456 0
vt 0.222247541 5.96122456 0
vt 0.111148894 5.96122456 0
vt 0 5.96122456 0
vt 1 6.6042285 0
vt 0.888851225 6.6042285 0
vt 0.777752757 6.6042285 0
vt 0.666630566 6.6042285 0
vt 0.555557072 6.6042285 0
vt 0.444443464 6.6042285 0
vt 0.333369911 6.6042285 0
vt 0.222247541 6.6042285 0
vt 0.111148894 6.6042285 0
vt 0 6.6042285 0
vt 1 7.28365421 0
vt 0.888851225 7.28365421 0
vt 0.777752757 7.28365421 0
vt 0.666630566 7.28365421 0
vt 0.555557072 7.28365421 0
vt 0.444443464 7.28365421 0
vt 0.333369911 7.28365421 0
vt 0.222247541 7.28365421 0
vt 0.111148894 7.28365421 0
vt 0 7.28365421 0
vt 1 8 0
vt 0.888851225 8 0
vt 0.777752757 8 0
vt 0.666630566 8 0
vt 0.555557072 8 0
vt 0.444443464 8 0
vt 0.333369911 8 0
vt 0.222247541 8 0
vt 0.111148894 8 0
vt 0 8 0
vt 0.0600316077 0.222421259 0
vt 0.138105199 0.267624468 0
vt 0.0887965262 0.54907763 0
vt 0 0.564644277 0
vt 0.230926931 0.796832919 0
vt 0.172880903 0.865896225 0
vt 0.499373794 0.894573927 0
vt 0.499297976 0.984776378 0
vt 0.76790309 0.797379076 0
vt 0.825825512 0.8665694 0
vt 0.911052346 0.550165653 0
vt 0.999893188 0.565957427 0
vt 0.861684859 0.26889044 0
vt 0.939882398 0.22392872 0
vt 0.643295348 0.0847218931 0
vt 0.674294472 0 0
vt 0.357667506 0.0847674832 0
vt 0.326982826 0 0
vt 0.294238895 0.35803777 0
vt 0.266252458 0.517950177 0
vt 0.346983433 0.658709288 0
vt 0.499501795 0.714225531 0
vt 0.652056098 0.659014583 0
vt 0.733385086 0.518566668 0
vt 0.705333352 0.358771443 0
vt 0.581268907 0.254127622 0
vt 0.41899702 0.254172564 0
vt 0.499660015 0.476994455 0
vt 1 0.486019194 0
vt 1 1.03833115 0
vt 0.888851166 1.03833115 0
vt 0.888851166 0.486019194 0
vt 0.777752638 1.03833115 0
vt 0.777752638 0.486019194 0
vt 0.666630566 1.03833115 0
vt 0.666630566 0.486019194 0
vt 0.555557013 1.03833115 0
vt 0.555557013 0.486019194 0
vt 0.444443405 1.03833115 0
vt 0.444443405 0.486019194 0
vt 0.333369911 1.03833115 0
vt 0.333369911 0.486019194 0
vt 0.222247541 1.03833115 0
vt 0.222247541 0.486019194 0
vt 0.111148894 1.03833115 0
vt 0.111148894 0.486019194 0
vt 0 1.03833115 0
vt 0 0.486019194 0
vt 1 1.68909085 0
vt 0.888851166 1.68909085 0
vt 0.777752638 1.68909085 0
vt 0.666630566 1.68909085 0
vt 0.555557013 1.68909085 0
vt 0.444443405 1.68909085 0
vt 0.333369911 1.68909085 0
vt 0.222247541 1.68909085 0
vt 0.111148894 1.68909085 0
vt 0 1.68909085 0
vt 1 2.49859333 0
vt 0.888851166 2.49859333 0
vt 0.777752638 2.49859333 0
vt 0.666630566 2.49859333 0
vt 0.555557013 2.49859333 0
vt 0.444443405 2.49859333 0
vt 0.333369911 2.49859333 0
vt 0.222247541 2.49859333 0
vt 0.111148894 2.49859333 0
vt 0 2.49859333 0
vt 1 3.48330212 0
vt 0.888851166 3.48330212 0
vt 0.777752638 3.48330212 0
vt 0.666630566 3.48330212 0
vt 0.555557013 3.48330212 0
vt 0.444443405 3.48330212 0
vt 0.333369911 3.48330212 0
vt 0.222247541 3.48330212 0
vt 0.111148894 3.48330212 0
vt 0 3.48330212 0
vt 1 4.62265015 0
vt 0.888851166 4.62265015 0
vt 0.777752638 4.62265015 0
vt 0.666630566 4.62265015 0
vt 0.555557013 4.62265015 0
vt 0.444443405 4.62265015 0
vt 0.333369911 4.62265015 0
vt 0.222247541 4.62265015 0
vt 0.111148894 4.62265015 0
vt 0 4.62265015 0
vt 1 5.95097351 0
vt 0.888851166 5.95097351 0
vt 0.777752638 5.95097351 0
vt 0.666630566 5.95097351 0
vt 0.555557013 5.95097351 0
vt 0.444443405 5.95097351 0
vt 0.333369911 5.95097351 0
vt 0.222247541 5.95097351 0
vt 0.111148894 5.95097351 0
vt 0 5.95097351 0
vt 1 7.60871983 0
vt 0.888851166 7.60871983 0
vt 0.777752638 7.60871983 0
vt 0.666630566 7.60871983 0
vt 0.555557013 7.60871983 0
vt 0.444443405 7.60871983 0
vt 0.333369911 7.60871983 0
vt 0.222247541 7.60871983 0
vt 0.111148894 7.60871983 0
vt 0 7.60871983 0
vt 1 10 0
vt 0.888851166 10 0
vt 0.777752638 10 0
vt 0.666630566 10 0
vt 0.555557013 10 0
vt 0.444443405 10 0
vt 0.333369911 10 0
vt 0.222247541 10 0
vt 0.111148894 10 0
vt 0 10 0
vt 0.888851166 0.127921268 0
vt 0.897665858 0.129417405 0
vt 1 0.114825219 0
vt 0.801033437 0.11556422 0
vt 0.8621943 0.139431953 0
vt 0.888851106 0.127921268 0
vt 0.777752638 0.10328009 0
vt 0.674800754 0.196564302 0
vt 0.777752697 0.103280082 0
vt 0.666630447 0.201084524 0
vt 0.555557013 0.266645491 0
vt 0.614348769 0.24756749 0
vt 0.472788632 0.272897094 0
vt 0.52907145 0.265738547 0
vt 0.444443405 0.265978932 0
vt 0.370820463 0.226677448 0
vt 0.444443524 0.265978962 0
vt 0.333369911 0.207402259 0
vt 0.222247556 0.0869590044 0
vt 0.283744872 0.180184454 0
vt 0.183868289 0.130214274 0
vt 0.185498282 0.129428923 0
vt 0.208694041 0.0994879752 0
vt 0.111148879 0.107263431 0
vt 0.0436577722 0.111130074 0
vt 0.111148894 0.107263438 0
vt 1.91115368e-09 0.114825219 0
vt 0.0206737593 0.118328646 0
vt 1 0.572023869 0
vt 1 1.22799146 0
vt 0.888851166 1.22799146 0
vt 0.888851166 0.572023869 0
vt 0.777752638 1.22799146 0
vt 0.777752638 0.572023869 0
vt 0.666630566 1.22799146 0
vt 0.666630566 0.572023869 0
vt 0.555557013 1.22799146 0
vt 0.555557013 0.572023869 0
vt 0.444443405 1.22799146 0
vt 0.444443405 0.572023869 0
vt 0.333369911 1.22799146 0
vt 0.333369911 0.572023869 0
vt 0.222247541 1.22799146 0
vt 0.222247541 0.572023869 0
vt 0.111148894 1.22799146 0
vt 0.111148894 0.572023869 0
vt 0 1.22799146 0
vt 0 0.572023869 0
vt 1 1.98473191 0
vt 0.888851166 1.98473191 0
vt 0.777752638 1.98473191 0
vt 0.666630566 1.98473191 0
vt 0.555557013 1.98473191 0
vt 0.444443405 1.98473191 0
vt 0.333369911 1.98473191 0
vt 0.222247541 1.98473191 0
vt 0.111148894 1.98473191 0
vt 0 1.98473191 0
vt 1 2.86911631 0
vt 0.888851166 2.86911631 0
vt 0.777752638 2.86911631 0
vt 0.666630566 2.86911631 0
vt 0.555557013 2.86911631 0
vt 0.444443405 2.86911631 0
vt 0.333369911 2.86911631 0
vt 0.222247541 2.86911631 0
vt 0.111148894 2.86911631 0
vt 0 2.86911631 0
vt 1 3.97225213 0
vt 0.888851166 3.97225213 0
vt 0.777752638 3.97225213 0
vt 0.666630566 3.97225213 0
vt 0.555557013 3.97225213 0
vt 0.444443405 3.97225213 0
vt 0.333369911 3.97225213 0
vt 0.222247541 3.97225213 0
vt 0.111148894 3.97225213 0
vt 0 3.97225213 0
vt 1 5.49804354 0
vt 0.888851166 5.49804354 0
vt 0.777752638 5.49804354 0
vt 0.666630566 5.49804354 0
vt 0.555557013 5.49804354 0
vt 0.444443405 5.49804354 0
vt 0.333369911 5.49804354 0
vt 0.222247541 5.49804354 0
vt 0.111148894 5.49804354 0
vt 0 5.49804354 0
vt 0.888851166 8 0
vt 0.777752638 8 0
vt 0.555557013 8 0
vt 0.444443405 8 0
vt 0.888851166 0.103500128 0
vt 0.951275885 0.112227067 0
vt 0.992131591 0.119242243 0
vt 0.993967593 0.118014649 0
vt 1 0.114138432 0
vt 0.819233537 0.122599922 0
vt 0.830591381 0.135399163 0
vt 0.888851047 0.103500128 0
vt 0.777752578 0.0652890727 0
vt 0.711366415 0.173078626 0
vt 0.777752578 0.0652890652 0
vt 0.666630626 0.239092171 0
vt 0.555557013 0.359866291 0
vt 0.586778164 0.329922378 0
vt 0.657559454 0.265245765 0
vt 0.666630626 0.239092156 0
vt 0.466130555 0.363260567 0
vt 0.50450331 0.382311076 0
vt 0.444443405 0.347071916 0
vt 0.368349612 0.27162227 0
vt 0.444443494 0.347071916 0
vt 0.333369851 0.188896284 0
vt 0.222247541 0.0578398183 0
vt 0.333369792 0.188896269 0
vt 0.12316303 0.10489729 0
vt 0.11114876 0.10013596 0
vt 0.117474928 0.103355452 0
vt 1.20851809e-08 0.114138424 0
vt 0.0609260276 0.10661725 0
vt 0.111148849 0.10013596 0
vt 1 0.604819834 0
vt 1 1.30161297 0
vt 0.888851166 1.30161297 0
vt 0.888851166 0.604819834 0
vt 0.777752638 1.30161297 0
vt 0.777752638 0.604819834 0
vt 0.666630566 1.30161297 0
vt 0.666630566 0.604819834 0
vt 0.555557013 1.30161297 0
vt 0.555557013 0.604819834 0
vt 0.444443405 1.30161297 0
vt 0.444443405 0.604819834 0
vt 0.333369911 1.30161297 0
vt 0.333369911 0.604819834 0
vt 0.222247541 1.30161297 0
vt 0.222247541 0.604819834 0
vt 0.111148894 1.30161297 0
vt 0.111148894 0.604819834 0
vt 0 1.30161297 0
vt 0 0.604819834 0
vt 1 2.13816547 0
vt 0.888851166 2.13816547 0
vt 0.777752638 2.13816547 0
vt 0.666630566 2.13816547 0
vt 0.555557013 2.13816547 0
vt 0.444443405 2.13816547 0
vt 0.333369911 2.13816547 0
vt 0.222247541 2.13816547 0
vt 0.111148894 2.13816547 0
vt 0 2.13816547 0
vt 1 3.19129086 0
vt 0.888851166 3.19129086 0
vt 0.777752638 3.19129086 0
vt 0.666630566 3.19129086 0
vt 0.555557013 3.19129086 0
vt 0.444443405 3.19129086 0
vt 0.333369911 3.19129086 0
vt 0.222247541 3.19129086 0
vt 0.111148894 3.19129086 0
vt 0 3.19129086 0
vt 1 4.49473667 0
vt 0.888851166 4.49473667 0
vt 0.777752638 4.49473667 0
vt 0.666630566 4.49473667 0
vt 0.555557013 4.49473667 0
vt 0.444443405 4.49473667 0
vt 0.333369911 4.49473667 0
vt 0.222247541 4.49473667 0
vt 0.111148894 4.49473667 0
vt 0 4.49473667 0
vt 1 6.07167339 0
vt 0.888851166 6.07167339 0
vt 0.777752638 6.07167339 0
vt 0.666630566 6.07167339 0
vt 0.555557013 6.07167339 0
vt 0.444443405 6.07167339 0
vt 0.333369911 6.07167339 0
vt 0.222247541 6.07167339 0
vt 0.111148894 6.07167339 0
vt 0 6.07167339 0
vt 1 8.07314014 0
vt 0.888851166 8.07314014 0
vt 0.777752638 8.07314014 0
vt 0.666630566 8.07314014 0
vt 0.555557013 8.07314014 0
vt 0.444443405 8.07314014 0
vt 0.333369911 8.07314014 0
vt 0.222247541 8.07314014 0
vt 0.111148894 8.07314014 0
vt 0 8.07314014 0
vt 1 11 0
vt 0.888851166 11 0
vt 0.777752638 11 0
vt 0.666630566 11 0
vt 0.555557013 11 0
vt 0.444443405 11 0
vt 0.333369911 11 0
vt 0.222247541 11 0
vt 0.111148894 11 0
vt 0 11 0
vt 0.920075834 0.104624353 0
vt 0.922379315 0.110802434 0
vt 1 0.104591437 0
vt 0.888851106 0.0628791079 0
vt 0.785078585 0.0550013855 0
vt 0.79074651 0.0696158409 0
vt 0.888850987 0.0628791153 0
vt 0.777752638 0.0472950488 0
vt 0.750870705 0.107157916 0
vt 0.765740573 0.0669132918 0
vt 0.777752697 0.0472950488 0
vt 0.666630566 0.23014535 0
vt 0.570623696 0.452417493 0
vt 0.607471108 0.411744714 0
vt 0.644375443 0.277793378 0
vt 0.666630507 0.23014535 0
vt 0.555557132 0.461117089 0
vt 0.4593485 0.437095672 0
vt 0.555557013 0.461117089 0
vt 0.444443405 0.416227818 0
vt 0.333369851 0.239219248 0
vt 0.414264441 0.370212883 0
vt 0.444443464 0.416227818 0
vt 0.222247407 0.0796807036 0
vt 0.307783008 0.207732111 0
vt 0.333369792 0.239219248 0
vt 0.177515358 0.0949438065 0
vt 0.196776092 0.0971700251 0
vt 0.222247422 0.0796807036 0
vt 0.111148871 0.0891064778 0
vt 0.0596772581 0.141856566 0
vt 0.111148894 0.0891064778 0
vt 1.23400061e-17 0.604819834 0
vt 1.90996303e-08 0.104591437 0
vt 0.0505968593 0.139652789 0
vt 0.666630566 0.549391568 0
vt 0.666630507 0.146784678 0
vt 0.703369081 0.107060947 0
vt 0.768912613 1.97275085e-08 0
vt 0.777752638 0 0
vt 0.777752638 0.549391568 0
vt 1 0.549391568 0
vt 1 1.18833232 0
vt 0.888851166 1.18833232 0
vt 0.888851166 0.549391568 0
vt 0.777752638 1.18833232 0
vt 0.666630566 1.18833232 0
vt 0.555557013 1.18833232 0
vt 0.555557013 0.549391568 0
vt 0.444443405 1.18833232 0
vt 0.444443405 0.549391568 0
vt 0.333369911 1.18833232 0
vt 0.333369911 0.549391568 0
vt 0.222247541 1.18833232 0
vt 0.222247541 0.549391568 0
vt 0.111148894 1.18833232 0
vt 0.111148894 0.549391568 0
vt 0 1.18833232 0
vt 0 0.549391568 0
vt 1 1.97313643 0
vt 0.888851166 1.97313643 0
vt 0.777752638 1.97313643 0
vt 0.666630566 1.97313643 0
vt 0.555557013 1.97313643 0
vt 0.444443405 1.97313643 0
vt 0.333369911 1.97313643 0
vt 0.222247541 1.97313643 0
vt 0.111148894 1.97313643 0
vt 0 1.97313643 0
vt 1 2.97280431 0
vt 0.888851166 2.97280431 0
vt 0.777752638 2.97280431 0
vt 0.666630566 2.97280431 0
vt 0.555557013 2.97280431 0
vt 0.444443405 2.97280431 0
vt 0.333369911 2.97280431 0
vt 0.222247541 2.97280431 0
vt 0.111148894 2.97280431 0
vt 0 2.97280431 0
vt 1 4.18389463 0
vt 0.888851166 4.18389463 0
vt 0.777752638 4.18389463 0
vt 0.666630566 4.18389463 0
vt 0.555557013 4.18389463 0
vt 0.444443405 4.18389463 0
vt 0.333369911 4.18389463 0
vt 0.222247541 4.18389463 0
vt 0.111148894 4.18389463 0
vt 0 4.18389463 0
vt 1 5.60901213 0
vt 0.888851166 5.60901213 0
vt 0.777752638 5.60901213 0
vt 0.666630566 5.60901213 0
vt 0.555557013 5.60901213 0
vt 0.444443405 5.60901213 0
vt 0.333369911 5.60901213 0
vt 0.222247541 5.60901213 0
vt 0.111148894 5.60901213 0
vt 0 5.60901213 0
vt 1 7.38291645 0
vt 0.888851166 7.38291645 0
vt 0.777752638 7.38291645 0
vt 0.666630566 7.38291645 0
vt 0.555557013 7.38291645 0
vt 0.444443405 7.38291645 0
vt 0.333369911 7.38291645 0
vt 0.222247541 7.38291645 0
vt 0.111148894 7.38291645 0
vt 0 7.38291645 0
vt 0.954381704 0.109570019 0
vt 0.99999994 0.0966128856 0
vt 0.888851166 0.0746424422 0
vt 0.953581333 0.109900787 0
vt 0.806120217 0.0729008839 0
vt 0.812877774 0.0840488002 0
vt 0.886046171 0.0754356608 0
vt 0.888851225 0.0746424347 0
vt 0.782305837 6.16056042e-08 0
vt 0.555556893 0.285588682 0
vt 0.587682009 0.241002157 0
vt 0.656672716 0.173985928 0
vt 0.444443405 0.297970921 0
vt 0.489182353 0.311292201 0
vt 0.529113054 0.31806004 0
vt 0.555557013 0.285588682 0
vt 0.333369851 0.220284536 0
vt 0.393448174 0.265859663 0
vt 0.444443345 0.297970921 0
vt 0.222247541 0.14075388 0
vt 0.333369792 0.220284522 0
vt 0.111148939 0.0991540924 0
vt 0.222247541 0.140753865 0
vt 0.0772574469 0.1058653 0
vt 0.111148909 0.0991540924 0
vt 6.49564527e-08 0.0966128856 0
vt 0.0583336614 0.103487626 0
vt 0.0756287798 0.105958842 0
vt 1 0.647840619 0
vt 1 1.38499177 0
vt 0.888851166 1.38499177 0
vt 0.888851166 0.647840619 0
vt 0.777752638 1.38499177 0
vt 0.777752638 0.647840619 0
vt 0.666630566 1.38499177 0
vt 0.666630566 0.647840619 0
vt 0.555557013 1.38499177 0
vt 0.555556953 0.794370294 0
vt 0.616958737 0.647840679 0
vt 0.333369911 0.647840619 0
vt 0.333369911 1.38499177 0
vt 0.222247541 1.38499177 0
vt 0.222247541 0.647840619 0
vt 0.111148894 1.38499177 0
vt 0.111148894 0.647840619 0
vt 0 1.38499177 0
vt 0 0.647840619 0
vt 1 2.2348516 0
vt 0.888851166 2.2348516 0
vt 0.777752638 2.2348516 0
vt 0.666630566 2.2348516 0
vt 0.555557013 2.2348516 0
vt 0.444443405 2.2348516 0
vt 0.444443405 1.38499177 0
vt 0.333369911 2.2348516 0
vt 0.222247541 2.2348516 0
vt 0.111148894 2.2348516 0
vt 0 2.2348516 0
vt 1 3.22602773 0
vt 0.888851166 3.22602773 0
vt 0.777752638 3.22602773 0
vt 0.666630566 3.22602773 0
vt 0.555557013 3.22602773 0
vt 0.444443405 3.22602773 0
vt 0.333369911 3.22602773 0
vt 0.222247541 3.22602773 0
vt 0.111148894 3.22602773 0
vt 0 3.22602773 0
vt 1 4.4098835 0
vt 0.888851166 4.4098835 0
vt 0.777752638 4.4098835 0
vt 0.666630566 4.4098835 0
vt 0.555557013 4.4098835 0
vt 0.444443405 4.4098835 0
vt 0.333369911 4.4098835 0
vt 0.222247541 4.4098835 0
vt 0.111148894 4.4098835 0
vt 0 4.4098835 0
vt 1 5.90143156 0
vt 0.888851166 5.90143156 0
vt 0.777752638 5.90143156 0
vt 0.666630566 5.90143156 0
vt 0.555557013 5.90143156 0
vt 0.444443405 5.90143156 0
vt 0.333369911 5.90143156 0
vt 0.222247541 5.90143156 0
vt 0.111148894 5.90143156 0
vt 0 5.90143156 0
vt 1 7.91426897 0
vt 0.888851166 7.91426897 0
vt 0.777752638 7.91426897 0
vt 0.666630566 7.91426897 0
vt 0.555557013 7.91426897 0
vt 0.444443405 7.91426897 0
vt 0.333369911 7.91426897 0
vt 0.222247541 7.91426897 0
vt 0.111148894 7.91426897 0
vt 0 7.91426897 0
vt 0.888851166 0.149124235 0
vt 0.967477143 0.115295485 0
vt 0.990940928 0.123955876 0
vt 1 0.112347841 0
vt 0.785497069 0.20652324 0
vt 0.803676486 0.2940678 0
vt 0.777752757 0.150337353 0
vt 0.728830457 0.270823628 0
vt 0.666630626 0.424243152 0
vt 0.643022239 0.585759163 0
vt 0.616958737 0.647840738 0
vt 0.642095804 0.587787449 0
vt 0.642517805 0.586658716 0
vt 0.333369851 0.53187561 0
vt 0.357252449 0.586606741 0
vt 0.391986728 0.6478405 0
vt 0.222247481 0.128733888 0
vt 0.299693048 0.3991189 0
vt 0.328665197 0.52083987 0
vt 0.333369821 0.53187561 0
vt 0.125472218 0.145611748 0
vt 0.211410344 0.117762044 0
vt 0.222247481 0.128733873 0
vt 0.111148939 0.130022243 0
vt 6.47306209e-09 0.112347841 0
vt 0.091096431 0.144628108 0
vt 0.111148901 0.130022243 0
vt 0.483977616 0.8306458 0
vt 0.531329572 0.825507402 0
vt 0.555557013 0.794370294 0
vt 0.444443375 0.759950936 0
vt 0.391986728 0.647840559 0
vt 0.444443405 0.759950936 0
vt 1 0.611698627 0
vt 1 1.32614839 0
vt 0.888851166 1.32614839 0
vt 0.888851166 0.611698627 0
vt 0.777752638 1.32614839 0
vt 0.777752638 0.611698627 0
vt 0.666630566 1.32614839 0
vt 0.666630566 0.611698627 0
vt 0.555557013 1.32614839 0
vt 0.555557132 0.722900152 0
vt 0.588085532 0.682603657 0
vt 0.594450176 0.664912403 0
vt 0.619459689 0.615128577 0
vt 0.62098515 0.611698866 0
vt 0.333369911 0.611698627 0
vt 0.333369911 1.32614839 0
vt 0.222247541 1.32614839 0
vt 0.222247541 0.611698627 0
vt 0.111148894 1.32614839 0
vt 0.111148894 0.611698627 0
vt 0 1.32614839 0
vt 0 0.611698627 0
vt 1 2.15736628 0
vt 0.888851166 2.15736628 0
vt 0.777752638 2.15736628 0
vt 0.666630566 2.15736628 0
vt 0.555557013 2.15736628 0
vt 0.444443405 2.15736628 0
vt 0.444443405 1.32614839 0
vt 0.333369911 2.15736628 0
vt 0.222247541 2.15736628 0
vt 0.111148894 2.15736628 0
vt 0 2.15736628 0
vt 1 3.16690469 0
vt 0.888851166 3.16690469 0
vt 0.777752638 3.16690469 0
vt 0.666630566 3.16690469 0
vt 0.555557013 3.16690469 0
vt 0.444443405 3.16690469 0
vt 0.333369911 3.16690469 0
vt 0.222247541 3.16690469 0
vt 0.111148894 3.16690469 0
vt 0 3.16690469 0
vt 1 4.55644655 0
vt 0.888851166 4.55644655 0
vt 0.777752638 4.55644655 0
vt 0.666630566 4.55644655 0
vt 0.555557013 4.55644655 0
vt 0.444443405 4.55644655 0
vt 0.333369911 4.55644655 0
vt 0.222247541 4.55644655 0
vt 0.111148894 4.55644655 0
vt 0 4.55644655 0
vt 1 7 0
vt 0.888851166 7 0
vt 0.777752638 7 0
vt 0.666630566 7 0
vt 0.555557013 7 0
vt 0.444443405 7 0
vt 0.333369911 7 0
vt 0.222247541 7 0
vt 0.111148894 7 0
vt 0 7 0
vt 0.954270005 0.101576723 0
vt 1 0.070657514 0
vt 0.888851166 0.0512545072 0
vt 0.945548236 0.0929814205 0
vt 0.777752757 0.184562817 0
vt 0.78927201 0.183719039 0
vt 0.674068391 0.450073838 0
vt 0.760798931 0.237912431 0
vt 0.777752697 0.184562832 0
vt 0.666630387 0.470634073 0
vt 0.62098521 0.611698806 0
vt 0.666630387 0.470634043 0
vt 0.333369851 0.435090214 0
vt 0.394104868 0.611698985 0
vt 0.222247541 0.150571406 0
vt 0.222461581 0.15121147 0
vt 0.333369821 0.435090214 0
vt 0.189007357 0.116774589 0
vt 0.222184584 0.150566757 0
vt 0.222247526 0.150571391 0
vt 0.111148968 0.0873492286 0
vt 0.0829979181 0.143656939 0
vt 0.111148909 0.0873492286 0
vt -1.41355363e-08 0.0706575066 0
vt 0.0677637607 0.127678767 0
vt 0.469647229 0.725272536 0
vt 0.555557013 0.722900152 0
vt 0.444443434 0.70126307 0
vt 0.452404201 0.715245247 0
vt 0.403298736 0.632515609 0
vt 0.444443405 0.701263011 0
vt 0.394104958 0.611698985 0
vt 1 0.564106762 0
vt 1 1.36654103 0
vt 0.888851166 1.36654103 0
vt 0.888851166 0.564106762 0
vt 0.777752638 1.36654103 0
vt 0.777752638 0.564106762 0
vt 0.666630566 1.36654103 0
vt 0.666630566 0.564106762 0
vt 0.555557013 1.36654103 0
vt 0.555557013 0.564106762 0
vt 0.444443405 1.36654103 0
vt 0.444443434 0.611858726 0
vt 0.472319901 0.564107299 0
vt 0.333369911 0.564106762 0
vt 0.333369911 1.36654103 0
vt 0.222247541 1.36654103 0
vt 0.222247541 0.564106762 0
vt 0.111148894 1.36654103 0
vt 0.111148894 0.564106762 0
vt 0 1.36654103 0
vt 0 0.564106762 0
vt 1 3 0
vt 0.888851166 3 0
vt 0.777752638 3 0
vt 0.666630566 3 0
vt 0.555557013 3 0
vt 0.444443405 3 0
vt 0.333369911 3 0
vt 0.222247541 3 0
vt 0.111148894 3 0
vt 0 3 0
vt 0.888851166 0.115777761 0
vt 0.980605125 0.144243598 0
vt 0.999821067 0.115746103 0
vt 0.99999994 0.115571022 0
vt 0.837785125 0.159448773 0
vt 0.888851106 0.115777783 0
vt 0.777752519 0.131687507 0
vt 0.822898328 0.164059252 0
vt 0.666630626 0.291162282 0
vt 0.744033933 0.179559141 0
vt 0.777752399 0.131687552 0
vt 0.555557013 0.51411593 0
vt 0.632844806 0.370560467 0
vt 0.472319901 0.56410706 0
vt 0.482913166 0.555334568 0
vt 0.554204583 0.516112208 0
vt 0.333369911 0.462191671 0
vt 0.404478848 0.564107001 0
vt 0.223065019 0.279618144 0
vt 0.29024896 0.39435178 0
vt 0.333369881 0.462191671 0
vt 0.222247735 0.276382208 0
vt 0.164343923 0.189826801 0
vt 0.222247779 0.276382297 0
vt 0.11114908 0.12573202 0
vt 0.149792314 0.172398329 0
vt 0.15698278 0.180843204 0
vt 1.43386828e-07 0.115571022 0
vt 0.111148998 0.12573202 0
vt 0.404478818 0.56410712 0
vt 0.411233127 0.590432703 0
vt 0.444443256 0.611858666 0
vt 1 0.738746345 0
vt 1 1.82321095 0
vt 0.888851166 1.82321095 0
vt 0.888851166 0.738746345 0
vt 0.777752638 1.82321095 0
vt 0.777752638 0.738746345 0
vt 0.666630566 1.82321095 0
vt 0.666630566 0.738746345 0
vt 0.555557013 1.82321095 0
vt 0.555557013 0.738746345 0
vt 0.444443405 1.82321095 0
vt 0.444443345 0.820493281 0
vt 0.459610224 0.738747001 0
vt 0.222247541 0.738746345 0
vt 0.222247541 1.82321095 0
vt 0.111148894 1.82321095 0
vt 0.111148894 0.738746345 0
vt 0 1.82321095 0
vt 0 0.738746345 0
vt 1 3.99999976 0
vt 0.888851166 3.99999976 0
vt 0.777752638 3.99999976 0
vt 0.666630566 3.99999976 0
vt 0.555557013 3.99999976 0
vt 0.444443405 3.99999976 0
vt 0.333369911 3.99999976 0
vt 0.333369911 1.82321095 0
vt 0.222247541 3.99999976 0
vt 0.111148894 3.99999976 0
vt 0 3.99999976 0
vt 0.954286575 0.132214025 0
vt 0.977186322 0.111213133 0
vt 1 0.0638924167 0
vt 0.888851106 0.0669476539 0
vt 0.777752578 0.132109284 0
vt 0.808470309 0.165272728 0
vt 0.833468318 0.137787119 0
vt 0.888851285 0.0669476315 0
vt 0.698254406 0.272862405 0
vt 0.777752459 0.132109314 0
vt 0.666630626 0.305034637 0
vt 0.555556893 0.529178083 0
vt 0.459610254 0.738746703 0
vt 0.480249763 0.667377949 0
vt 0.555557013 0.529178083 0
vt 0.222247452 0.576533914 0
vt 0.241103679 0.70330739 0
vt 0.272571027 0.738746524 0
vt 0.1111487 0.0136385718 0
vt 0.198508814 0.174122095 0
vt 0.183360517 0.313444197 0
vt 0.19728449 0.405893356 0
vt 0.222247377 0.576533854 0
vt 0.102660589 0.0411210582 0
vt 0.11114873 0.0136385588 0
vt 1.59151284e-07 0.0638924092 0
vt 0.0798351094 0.07355351 0
vt 0.33337 1.00575852 0
vt 0.368950814 1.02605259 0
vt 0.444443375 0.820493281 0
vt 0.272570968 0.738746583 0
vt 0.319751143 0.968531668 0
vt 0.33336997 1.00575852 0
vt 1 0.676021695 0
vt 1 1.47131765 0
vt 0.888851166 1.47131765 0
vt 0.888851166 0.676021695 0
vt 0.777752638 1.47131765 0
vt 0.777752638 0.676021695 0
vt 0.666630566 1.47131765 0
vt 0.666630566 0.676021695 0
vt 0.555557013 1.47131765 0
vt 0.555557072 0.695423186 0
vt 0.567094982 0.676021636 0
vt 0.333369911 0.676021695 0
vt 0.333369911 1.47131765 0
vt 0.222247541 1.47131765 0
vt 0.222247541 0.676021695 0
vt 0.111148894 1.47131765 0
vt 0.111148894 0.676021695 0
vt 0 1.47131765 0
vt 0 0.676021695 0
vt 1 2.409163 0
vt 0.888851166 2.409163 0
vt 0.777752638 2.409163 0
vt 0.666630566 2.409163 0
vt 0.555557013 2.409163 0
vt 0.444443405 2.409163 0
vt 0.444443405 1.47131765 0
vt 0.333369911 2.409163 0
vt 0.222247541 2.409163 0
vt 0.111148894 2.409163 0
vt 0 2.409163 0
vt 1 3.56175089 0
vt 0.888851166 3.56175089 0
vt 0.777752638 3.56175089 0
vt 0.666630566 3.56175089 0
vt 0.555557013 3.56175089 0
vt 0.444443405 3.56175089 0
vt 0.333369911 3.56175089 0
vt 0.222247541 3.56175089 0
vt 0.111148894 3.56175089 0
vt 0 3.56175089 0
vt 1 5.18390989 0
vt 0.888851166 5.18390989 0
vt 0.777752638 5.18390989 0
vt 0.666630566 5.18390989 0
vt 0.555557013 5.18390989 0
vt 0.444443405 5.18390989 0
vt 0.333369911 5.18390989 0
vt 0.222247541 5.18390989 0
vt 0.111148894 5.18390989 0
vt 0 5.18390989 0
vt 0.956383109 0.192036554 0
vt 1 0.109472133 0
vt 0.888851166 0.0885411128 0
vt 0.895382524 0.0982196704 0
vt 0.945882678 0.183345333 0
vt 0.808340371 0.12612918 0
vt 0.818127215 0.128056109 0
vt 0.882795572 0.0943859369 0
vt 0.888850987 0.0885410979 0
vt 0.777752638 0.127134144 0
vt 0.707342744 0.271699518 0
vt 0.666630626 0.366531879 0
vt 0.585694134 0.63330996 0
vt 0.609102011 0.562307954 0
vt 0.333369851 0.599052966 0
vt 0.339836776 0.63065815 0
vt 0.375012666 0.676021457 0
vt 0.222247511 0.170028076 0
vt 0.298184782 0.46496138 0
vt 0.333369732 0.599053025 0
vt 0.134973049 0.0471512303 0
vt 0.206863135 0.12563701 0
vt 0.11114905 0.0115352646 0
vt 0.0824347883 0.0860856399 0
vt 0.0914978161 0.0671154708 0
vt 0.111148961 0.0115352543 0
vt -1.91353173e-08 0.109472126 0
vt 0.0802248567 0.0836878866 0
vt 0.552069485 0.699262977 0
vt 0.555557072 0.695423126 0
vt 0.444443375 0.746927917 0
vt 0.482451826 0.76282835 0
vt 0.487587273 0.757825494 0
vt 0.41925016 0.720861614 0
vt 0.444443494 0.746927917 0
vt 0.375012606 0.676021457 0
vt 1 0.72159487 0
vt 1 1.77254927 0
vt 0.888851166 1.77254927 0
vt 0.888851166 0.72159487 0
vt 0.777752638 1.77254927 0
vt 0.777752638 0.72159487 0
vt 0.666630566 1.77254927 0
vt 0.666630566 0.72159487 0
vt 0.555557013 1.77254927 0
vt 0.555557013 0.72159487 0
vt 0.444443405 1.77254927 0
vt 0.444443405 0.72159487 0
vt 0.333369911 1.77254927 0
vt 0.333369911 0.72159487 0
vt 0.222247541 1.77254927 0
vt 0.222247541 0.72159487 0
vt 0.111148894 1.77254927 0
vt 0.111148894 0.72159487 0
vt 0 1.77254927 0
vt 0 0.72159487 0
vt 1 4 0
vt 0.888851166 4 0
vt 0.777752638 4 0
vt 0.666630566 4 0
vt 0.555557013 4 0
vt 0.444443405 4 0
vt 0.333369911 4 0
vt 0.222247541 4 0
vt 0.111148894 4 0
vt 0 4 0
vt 0.936351418 0.120897017 0
vt 0.982551873 0.0806075409 0
vt 1 0.0782197937 0
vt 0.888851166 0.0944905281 0
vt 0.780325472 0.136104167 0
vt 0.813387334 0.151751533 0
vt 0.888851345 0.094490476 0
vt 0.777752399 0.0460782126 0
vt 0.699995875 0.276908606 0
vt 0.77775228 0.0460782908 0
vt 0.666630685 0.322439551 0
vt 0.668236732 0.323769778 0
vt 0.670197129 0.328856617 0
vt 0.672973633 0.326791406 0
vt 0.678249359 0.318846762 0
vt 0.555557251 0.302577823 0
vt 0.600993335 0.366929442 0
vt 0.662689805 0.321423888 0
vt 0.666630685 0.322439522 0
vt 0.444443315 0.325612456 0
vt 0.507362485 0.372906744 0
vt 0.511244237 0.374816179 0
vt 0.517249405 0.376588345 0
vt 0.539320469 0.312831998 0
vt 0.555557013 0.302577823 0
vt 0.360803604 0.329390705 0
vt 0.412948668 0.317713022 0
vt 0.44332701 0.325050175 0
vt 0.444443524 0.325612485 0
vt 0.333369881 0.318683237 0
vt 0.283487797 0.307601959 0
vt 0.317431211 0.309125841 0
vt 0.333369792 0.318683237 0
vt 0.222247779 0.28787747 0
vt 0.235646024 0.320814788 0
vt 0.261078328 0.314490706 0
vt 0.111148797 0.125438645 0
vt 0.222247854 0.287877589 0
vt 2.21189794e-07 0.0782197937 0
vt 0.0751980171 0.142748386 0
vt 0.10604994 0.128329277 0
vt 0.111148842 0.125438645 0
vt 1 2.47890115 0
vt 1 6.31943941 0
vt 0.800000131 6.31943941 0
vt 0.800000131 2.47890115 0
vt 0.600000322 6.31943941 0
vt 0.600000322 2.47890115 0
vt 0.400000155 6.31943941 0
vt 0.400000155 2.47890115 0
vt 0.200000107 6.31943941 0
vt 0.200000107 2.47890115 0
vt 0 6.31943941 0
vt 0 2.47890115 0
vt 1 14 0
vt 0.800000131 14 0
vt 0.600000322 14 0
vt 0.400000155 14 0
vt 0.200000107 14 0
vt 0 14 0
vt 0.931985915 0.245852843 0
vt 0.955990613 0.245945394 0
vt 1.00000024 0.200582832 0
vt 0.799999952 0.31450215 0
vt 0.600001395 0.597835064 0
vt 0.627883911 0.548766077 0
vt 0.799999833 0.314502209 0
vt 0.464242131 0.574133694 0
vt 0.501509428 0.586400688 0
vt 0.583591938 0.615668714 0
vt 0.600000381 0.597835064 0
vt 0.400000155 0.521372139 0
vt 0.199999243 0.242565751 0
vt 0.40000093 0.521372378 0
vt 0.112461001 0.246833622 0
vt 0.199999824 0.242565721 0
vt -2.16673868e-07 0.200582862 0
vt 0.0897924304 0.236131027 0
vt 1 1.0824852 0
vt 0.800000131 1.0824852 0
vt 0.800000131 0 0
vt 0.600000322 1.0824852 0
vt 0.600000322 0 0
vt 0.400000155 1.0824852 0
vt 0.400000215 0.121880248 0
vt 0.402753294 0.12326695 0
vt 0.458828658 0.127234042 0
vt 0.507160962 0.119660802 0
vt 0.546132267 0.0652457178 0
vt 0.581071794 0.0170957632 0
vt 0.584838092 8.30317148e-08 0
vt 0.600000322 1.20179999e-16 0
vt 0.200000107 0 0
vt 0.200000107 1.0824852 0
vt 0 1.0824852 0
vt 1 2.72072625 0
vt 0.800000131 2.72072625 0
vt 0.600000322 2.72072625 0
vt 0.400000155 2.72072625 0
vt 0.200000107 2.72072625 0
vt 0 2.72072625 0
vt 1 6 0
vt 0.800000131 6 0
vt 0.600000322 6 0
vt 0.400000155 6 0
vt 0.200000107 6 0
vt 0 6 0
vt 0.242420226 -4.08162776e-07 0
vt 0.39999944 0.121880159 0
vt 1 1.98702514 0
vt 1 4.99506998 0
vt 0.800000131 4.99506998 0
vt 0.800000131 1.98702514 0
vt 0.600000322 4.99506998 0
vt 0.600000322 1.98702514 0
vt 0.400000155 4.99506998 0
vt 0.400000155 1.98702514 0
vt 0.200000107 4.99506998 0
vt 0.200000107 1.98702514 0
vt 0 4.99506998 0
vt 0 1.98702514 0
vt 0.800000131 11 0
vt 0.600000322 11 0
vt 0.400000155 11 0
vt 0.200000107 11 0
vt 0.799999356 0.371004522 0
vt 1.00000012 0.164847821 0
vt 0.600000143 0.438152403 0
vt 0.661018252 0.447396219 0
vt 0.703863025 0.41917178 0
vt 0.799999118 0.371004611 0
vt 0.507181704 0.327949196 0
vt 0.567204118 0.405120969 0
vt 0.600000381 0.438152403 0
vt 0.399999887 0.0543707684 0
vt 0.429695964 0.112149611 0
vt 0.296356261 0.136078253 0
vt 0.375437498 0.0532171577 0
vt 0.399999142 0.0543706045 0
vt 0.200000361 0.085898146 0
vt 0.262488008 0.12138392 0
vt 0.096942544 0.15046671 0
vt 0.122508891 0.150806084 0
vt 0.200000092 0.0858981386 0
vt -4.73370987e-09 0.164847821 0
vt 1 2.49955988 0
vt 1 6.30604362 0
vt 0.800000131 6.30604362 0
vt 0.800000131 2.49955988 0
vt 0.600000322 6.30604362 0
vt 0.600000322 2.49955988 0
vt 0.400000155 6.30604362 0
vt 0.400000155 2.49955988 0
vt 0.200000107 6.30604362 0
vt 0.200000107 2.49955988 0
vt 0 6.30604362 0
vt 0 2.49955988 0
vt 0.815050364 0.194428906 0
vt 0.841929078 0.242714792 0
vt 0.894869566 0.292814881 0
vt 0.925869823 0.351291478 0
vt 0.989006996 0.29440552 0
vt 0.999999166 0.287448704 0
vt 0.800000012 0.134438694 0
vt 0.600001693 0.340576053 0
vt 0.799999952 0.134438708 0
vt 0.545022368 0.505966246 0
vt 0.581836045 0.418992519 0
vt 0.600000322 0.340576053 0
vt 0.400000066 0.65807265 0
vt 0.446312755 0.652049005 0
vt 0.474202603 0.658335447 0
vt 0.514367938 0.55529362 0
vt 0.229009613 0.23865895 0
vt 0.323748857 0.441495538 0
vt 0.362881869 0.606709599 0
vt 0.399999022 0.658072352 0
vt 0.200000882 0.158386692 0
vt 6.34664161e-07 0.287448555 0
vt 0.0707955658 0.342065603 0
vt 0.121830404 0.194223017 0
vt 0.183346242 0.187813178 0
vt 0.200000316 0.158386678 0
vt 0.80000037 5.77616167 0
vt 1 5.47652912 0
vt 0.800000131 7 0
vt 0.638693333 5.83584976 0
vt 0.800001144 5.77616119 0
vt 0.600000322 7 0
vt 0.600000799 5.89341307 0
vt 0.446843356 5.30261993 0
vt 0.595803618 5.89142513 0
vt 0.60000056 5.89341259 0
vt 0.400000155 7 0
vt 0.400000155 5.29990435 0
vt 0.199999914 5.19845295 0
vt 0.400000066 5.29990435 0
vt 0.200000107 7 0
vt 0.0666485205 5.40451527 0
vt 0.089494653 5.40790749 0
vt 0.15220888 5.18120766 0
vt 0.199999332 5.19845295 0
vt 7.72709825e-08 5.47652912 0
vt 0.600000322 1.29365647 0
vt 0.600001097 0.0762819573 0
vt 0.690481901 0.025819866 0
vt 0.737799525 -6.7737426e-07 0
vt 0.800000131 1.29365647 0
vt 1 1.29365647 0
vt 1 3.2152586 0
vt 0.800000131 3.2152586 0
vt 0.600000322 3.2152586 0
vt 0.400000155 3.2152586 0
vt 0.400000155 1.29365647 0
vt 0.200000107 3.2152586 0
vt 0.200000107 1.29365647 0
vt 0 3.2152586 0
vt 0 1.29365647 0
vt 0.94931221 0.118445635 0
vt 0.950844467 0.119097598 0
vt 0.99999994 0.144456372 0
vt 0.833929479 -8.02832801e-07 0
vt 0.945723891 0.112907171 0
vt 0.400000066 0.332706034 0
vt 0.478897929 0.230461985 0
vt 0.503304482 0.233492181 0
vt 0.54812187 0.156629205 0
vt 0.543648481 0.146553829 0
vt 0.60000056 0.0762819797 0
vt 0.342795432 0.339663625 0
vt 0.400001079 0.332706124 0
vt 0.199999347 0.326279759 0
vt 0.216872364 0.337704301 0
vt 0.222792774 0.339979321 0
vt 0.334826976 0.345991403 0
vt 0.140375555 0.28129971 0
vt 0.199999362 0.3262797 0
vt 3.00211447e-08 0.144456357 0
vt 0.11148037 0.251143366 0
vt 0.136523396 0.277817786 0
vt 0.400000125 4.90639639 0
vt 0.200000361 5.00844049 0
vt 0.400001109 4.90639591 0
vt 0.20000118 5.00844049 0
vt 1 1.6294837 0
vt 1 4.07642365 0
vt 0.800000131 4.07642365 0
vt 0.800000131 1.6294837 0
vt 0.600000322 4.07642365 0
vt 0.600000322 1.6294837 0
vt 0.400000155 4.07642365 0
vt 0.399999976 2.73907471 0
vt 0.432288408 2.47272277 0
vt 0.400000215 2.19839525 0
vt 0.400000155 1.6294837 0
vt 1 9 0
vt 0.800000131 9 0
vt 0.600000322 9 0
vt 0.400000155 9 0
vt 0.200000107 9 0
vt 0.200000107 4.07642365 0
vt 0 9 0
vt 0 4.07642365 0
vt 0.835958004 0.196568772 0
vt 0.972949088 0.196635962 0
vt 0.999999821 0.176754534 0
vt 0.800000429 0.0166296624 0
vt 0.845876276 0.130416363 0
vt 0.660448313 0.252043992 0
vt 0.800000906 0.0166296214 0
vt 0.600000262 0.404254019 0
vt 0.700497329 0.298957199 0
vt 0.400000155 0.372464478 0
vt 0.411705077 0.366647899 0
vt 0.486468196 0.412775904 0
vt 0.548636734 0.437107325 0
vt 0.600000322 0.404254049 0
vt 0.20000042 0.220127836 0
vt 0.400000095 0.372464478 0
vt 0.387448043 1.62948358 0
vt 0.388651907 1.5754205 0
vt 0.312903643 1.62948418 0
vt 0.200000107 1.6294837 0
vt 0.15194799 0.174364597 0
vt 0.20000042 0.220127881 0
vt 0 1.6294837 0
vt 2.44776885e-07 0.176754534 0
vt 0.0210415479 0.179679245 0
vt 0.37024796 1.89546132 0
vt 0.387448072 1.62948346 0
vt 0.400000185 2.19839525 0
vt 0.312903583 1.62948442 0
vt 0.199999571 1.73119521 0
vt 0.200000644 2.38525319 0
vt 0.40000084 2.73907495 0
vt 0.147232696 1.88161194 0
vt 0.200000629 2.38525343 0
vt 0.199999616 1.73119521 0
vt 0.830932856 0.786856472 0
vt 0.866425931 0.77129811 0
vt 0.991938114 0.690666318 0
vt 0.999999285 0.674385846 0
vt 1.00000072 0.913614035 0
vt 0.979981065 0.944431841 0
vt 0.826530516 0.814332783 0
vt 0.0244210083 0.582790613 0
vt 0.0867749453 0.642340004 0
vt 0.078075029 0.657581687 0
vt -4.2468821e-07 0.913614213 0
vt 4.15826435e-07 0.674385726 0
vt 0.400000155 0.392828435 0
vt 0.427446067 0.322817147 0
vt 0.515834272 0.401933789 0
vt 0.496373236 0.440556675 0
vt 0.515493095 0.586609006 0
vt 0.425373018 0.59894073 0
vt 0.400000155 0.522013724 0
vt 0.330497682 0.485491067 0
vt 0.400000095 0.392828435 0
vt 0.399999499 0.522013485 0
vt 0.800000131 1.07038772 0
vt 0.799999893 2.50102401 0
vt 0.780291855 2.55144405 0
vt 0.7015872 2.71547294 0
vt 0.600000322 2.71547174 0
vt 0.600000322 1.07038772 0
vt 0.400000155 2.71547174 0
vt 0.400000155 1.07038772 0
vt 0.200000107 2.71547174 0
vt 0.200000107 1.07038772 0
vt 0 2.71547174 0
vt 0 1.07038772 0
vt 0.999999404 0.0970824361 0
vt 0.933606148 0.0800702721 0
vt 0.930818856 0.0798285976 0
vt 0.928288519 0.0805952325 0
vt 0.920727491 0.0836883411 0
vt 0.829831719 0.117914766 0
vt 0.828124583 0.119387232 0
vt 0.827587247 0.120167047 0
vt 0.822682858 0.125270203 0
vt 0.821806371 0.12025021 0
vt 0.820234239 0.119393423 0
vt 0.814372241 0.115962796 0
vt 0.799999774 0.122011013 0
vt 1.00000024 0.371629089 0
vt 0.985718131 0.36820817 0
vt 0.999999642 0.37965104 0
vt 0.961273491 0.348623037 0
vt 0.941646993 0.243313998 0
vt 0.831088662 0.167336583 0
vt 0.800000489 0.146999612 0
vt 1 1.07038772 0
vt 0.800000072 0.799894631 0
vt 0.60000062 0.0755700842 0
vt 0.600000322 1.18836909e-16 0
vt 0.800000131 1.18836909e-16 0
vt 0.799999297 0.122011207 0
vt 0.66622287 0.108071432 0
vt 0.800000906 0.146999434 0
vt 0.688665986 0.159693897 0
vt 0.60000062 0.16475682 0
vt 0.599999905 0.733012378 0
vt 0.697977006 0.789673686 0
vt 0.800000131 0.799894631 0
vt 0.515586376 0.587107718 0
vt 0.547726035 0.684569657 0
vt 0.600000381 0.733012438 0
vt 0.561016381 0.0233800747 0
vt 0.528262258 -4.93337886e-08 0
vt 0.600000322 0.0755700991 0
vt 0.576628983 0.0391211472 0
vt 0.56046319 0.186464325 0
vt 0.558625638 0.199097216 0
vt 0.500351191 0.264757067 0
vt 0.491312534 0.26026985 0
vt 0.400000155 0.289358854 0
vt 0.400000155 0 0
vt 0.600000322 0.16475682 0
vt 0.535570562 0.364935696 0
vt 0.381840944 -4.16159409e-08 0
vt 0.344515145 0.0299536828 0
vt 0.237121999 0.140360281 0
vt 0.240417212 0.143681809 0
vt 0.242775574 0.174768582 0
vt 0.241055787 0.237948671 0
vt 0.2378878 0.245544598 0
vt 0.236465886 0.251331925 0
vt 0.257900327 0.259265661 0
vt 0.361304641 0.296340764 0
vt 0.387550265 0.289107114 0
vt 0.392586529 0.289251119 0
vt 0.399999797 0.289358735 0
vt 0.00732035516 0.36921531 0
vt -1.22572771e-07 0.371629149 0
vt 3.94304493e-07 0.0970823094 0
vt 0.0576652661 0.094750613 0
vt 0.0660512 0.0961727649 0
vt 0.0696721151 0.0982398987 0
vt 0.0716423169 0.0992094427 0
vt 0.0735703558 0.101423904 0
vt 0.166291505 0.156654641 0
vt 0.166217536 0.247184217 0
vt 0.170740113 0.259131283 0
vt 0.172596201 0.268044651 0
vt 0.131369695 0.320118576 0
vt 0.0908836797 0.384415716 0
vt 0.0344682708 0.545106292 0
vt 0.0472130254 0.457389712 0
vt 2.34680869e-07 0.37965095 0
vt 1 2.71547174 0
vt 0.936245739 2.7154727 0
vt 0.950087249 2.62187171 0
vt 0.853775382 2.56299639 0
vt 0.800000012 2.50102401 0
vt 0.799999774 3.43424797 0
vt 0.843362689 3.75453544 0
vt 0.999139667 3.32634902 0
vt 0.936246157 2.71547437 0
vt 0.701587856 2.71547413 0
vt 0.722734451 3.09360266 0
vt 0.799999416 3.43424845 0
vt 0.800000131 2.71547174 0
vt 0.800000131 1.24684465 0
vt 0.799999833 0.0826615244 0
vt 0.999999523 0.224190384 0
vt 1.00000012 0.936900437 0
vt 0.981350303 0.9671368 0
vt 0.931381524 1.09071338 0
vt 0.941935122 1.24684453 0
vt 0.630097926 0.914430737 0
vt 0.600000322 0.886860967 0
vt 0.600000978 0.218813732 0
vt 0.644920051 0.187239096 0
vt 0.784621298 0.0911159441 0
vt 0.799999356 0.0826616064 0
vt 0.782553673 1.24684477 0
vt 0.400000125 1.09890318 0
vt 0.400000155 0.432821125 0
vt 0.407003224 0.423944533 0
vt 0.593211472 0.224495634 0
vt 0.600000441 0.218813747 0
vt 0.199999571 0.362274081 0
vt 0.397633016 0.432406366 0
vt 0.400000274 0.432821155 0
vt 0.400000483 1.0989033 0
vt 0.37670669 1.12550867 0
vt 0.199999303 0.868638933 0
vt 0.0557718128 0.280975848 0
vt 0.151251748 0.331514806 0
vt 0.199999556 0.362274021 0
vt 0.199999273 0.868638813 0
vt -1.17094991e-07 0.936900496 0
vt 4.15380697e-07 0.224190325 0
vt 0.800000489 1.28187048 0
vt 0.941935003 1.24684429 0
vt 0.94646585 1.29401958 0
vt 0.782553673 1.24684501 0
vt 0.800000906 1.28187037 0
vt 0.600000322 1.24684465 0
vt 0.400000185 1.15729058 0
vt 0.450241625 1.24684417 0
vt 0.409492254 1.17220938 0
vt 0.399999976 1.15729046 0
vt 0.957039714 1.4041059 0
vt 0.99999994 1.56916595 0
vt 1.00000024 2.16451883 0
vt 0.875316024 2.08880591 0
vt 0.800000489 1.8459096 0
vt 0.800001025 1.84590936 0
vt 0.691248417 1.90723467 0
vt 0.600000381 1.77016211 0
vt 0.429403037 1.74539816 0
vt 0.471903056 1.40791488 0
vt 0.450241685 1.24684358 0
vt 0.600000322 1.77016211 0
vt 0.429135829 1.74678516 0
vt 0.050598152 1.76035213 0
vt 0.192736775 2.01645947 0
vt -2.79180426e-07 2.16451883 0
vt 3.2200429e-08 1.56916595 0
vt 0.999999762 2.33134341 0
vt 0.811410904 2.58098435 0
vt 0.800000012 2.61580968 0
vt 0.799999833 2.61580992 0
vt 0.785724521 2.62259364 0
vt 0.60000056 2.94487762 0
vt 0.600000262 2.94487762 0
vt 0.558950305 2.93889666 0
vt 0.446619332 2.83135462 0
vt 0.400000185 2.90113997 0
vt 0.400000274 1.89799333 0
vt 0.294118851 2.07891273 0
vt 0.399999738 1.89799321 0
vt 0.400000095 2.90113997 0
vt 0.19999972 2.60360765 0
vt 0.199999735 2.02768064 0
vt 0.19999972 2.02768064 0
vt 0.19999969 2.60360765 0
vt 0.137064606 2.46390867 0
vt 0.0902608931 2.46713066 0
vt 2.09742225e-07 2.33134341 0
vt 1 2.55039072 0
vt 0.800000131 8 0
vt 0.800000131 2.55039072 0
vt 0.600000322 8 0
vt 0.600000322 2.55039072 0
vt 0.400000155 8 0
vt 0.400000155 2.55039072 0
vt 0.200000107 8 0
vt 0.200000107 2.55039072 0
vt 0 2.55039072 0
vt 0.800000906 0.167122439 0
vt 0.939397693 0.0723873302 0
vt 0.999999702 0.0635014623 0
vt 0.61855334 0.337572932 0
vt 0.800001979 0.16712217 0
vt 0.600000441 0.362786949 0
vt 0.539571345 0.403217822 0
vt 0.600000322 0.362786949 0
vt 0.400000125 0.276939511 0
vt 0.427878112 0.318440229 0
vt 0.491980672 0.374316901 0
vt 0.19999899 0.0361918397 0
vt 0.40000096 0.27693969 0
vt 0.00485705817 0.0697846115 0
vt 0.102100134 0.0796893984 0
vt 0.153354853 0.0714658201 0
vt 0.199999809 0.0361918248 0
vt 2.22044724e-17 2.55039072 0
vt 1.49558943e-07 0.0635014325 0
vt 1 1.07286 0
vt 1 2.44374442 0
vt 0.800000131 2.44374442 0
vt 0.800000131 1.07286 0
vt 0.600000322 2.44374442 0
vt 0.600000322 1.07286 0
vt 0.400000155 2.44374442 0
vt 0.400000155 1.07286 0
vt 0.200000107 2.44374442 0
vt 0.200000107 1.07286 0
vt 0 2.44374442 0
vt 0 1.07286 0
vt 1 4.19222164 0
vt 0.800000131 4.19222164 0
vt 0.600000322 4.19222164 0
vt 0.400000155 4.19222164 0
vt 0.200000107 4.19222164 0
vt 0 4.19222164 0
vt 1 6.41344833 0
vt 0.800000131 6.41344833 0
vt 0.600000322 6.41344833 0
vt 0.400000155 6.41344833 0
vt 0.200000107 6.41344833 0
vt 0 6.41344833 0
vt 1 9.26295662 0
vt 0.800000131 9.26295662 0
vt 0.600000322 9.26295662 0
vt 0.400000155 9.26295662 0
vt 0.200000107 9.26295662 0
vt 0 9.26295662 0
vt 1 12.8880949 0
vt 0.800000131 12.8880949 0
vt 0.600000322 12.8880949 0
vt 0.400000155 12.8880949 0
vt 0.200000107 12.8880949 0
vt 0 12.8880949 0
vt 1 18 0
vt 0.800000131 18 0
vt 0.600000322 18 0
vt 0.400000155 18 0
vt 0.200000107 18 0
vt 0 18 0
vt 0.927898049 0.153324068 0
vt 0.999999821 0.127670065 0
vt 0.800000548 0.100870334 0
vt 0.800019681 0.100943476 0
vt 0.890613854 0.147073776 0
vt 0.600000799 0.167780221 0
vt 0.799413264 0.101132005 0
vt 0.800000906 0.100870296 0
vt 0.400000155 0.205143958 0
vt 0.416399002 0.208218619 0
vt 0.478650331 0.219280303 0
vt 0.547760069 0.196997613 0
vt 0.600000322 0.167780235 0
vt 0.226156414 0.0675310045 0
vt 0.300991386 0.168551341 0
vt 0.4000009 0.205144078 0
vt 0.200000346 0.0410933718 0
vt 0.111313507 0.131179795 0
vt 0.180417657 0.0528723188 0
vt 0.200000256 0.0410933793 0
vt 1.00133711e-07 0.12767005 0
vt 0.0614737384 0.129805148 0
vt 1 1.92622399 0
vt 1 4.32738447 0
vt 0.800000131 4.32738447 0
vt 0.800000131 1.92622399 0
vt 0.600000322 4.32738447 0
vt 0.600000322 1.92622399 0
vt 0.400000155 4.32738447 0
vt 0.400000155 1.92622399 0
vt 0.200000107 4.32738447 0
vt 0.200000107 1.92622399 0
vt 0 4.32738447 0
vt 0 1.92622399 0
vt 1 7.33581734 0
vt 0.800000131 7.33581734 0
vt 0.600000322 7.33581734 0
vt 0.400000155 7.33581734 0
vt 0.200000107 7.33581734 0
vt 0 7.33581734 0
vt 1 11.2955236 0
vt 0.800000131 11.2955236 0
vt 0.600000322 11.2955236 0
vt 0.400000155 11.2955236 0
vt 0.200000107 11.2955236 0
vt 0 11.2955236 0
vt 0.956824064 0.254804909 0
vt 0.99999994 0.164465681 0
vt 0.800000191 0.201970518 0
vt 0.92530787 0.29015404 0
vt 0.724875987 0.472093314 0
vt 0.80000025 0.201970533 0
vt 0.60000056 0.809435606 0
vt 0.436017156 0.77407521 0
vt 0.450077087 0.791774213 0
vt 0.579410017 0.883488655 0
vt 0.584335327 0.845071316 0
vt 0.600000262 0.809435606 0
vt 0.400000274 0.705537081 0
vt 0.303329051 0.471719444 0
vt 0.400000513 0.705537081 0
vt 0.199999973 0.175159812 0
vt 0.138548478 0.221360907 0
vt 0.200000122 0.175159812 0
vt -2.76431251e-08 0.164465696 0
vt 0.115651019 0.242193967 0
vt 0.800000131 3.54861808 0
vt 0.799999535 0.44628191 0
vt 0.826995909 0.660285354 0
vt 0.839691043 0.697215497 0
vt 0.98816061 0.04084244 0
vt 0.991724312 1.70161036e-06 0
vt 1 3.54861808 0
vt 1 7.98148203 0
vt 0.800000131 7.98148203 0
vt 0.600000322 7.98148203 0
vt 0.600000322 3.54861808 0
vt 0.400000155 7.98148203 0
vt 0.400000155 3.54861808 0
vt 0.200000107 7.98148203 0
vt 0.200000107 3.54861808 0
vt 0 7.98148203 0
vt 0 3.54861808 0
vt 1 13.7090683 0
vt 0.800000131 13.7090683 0
vt 0.600000322 13.7090683 0
vt 0.400000155 13.7090683 0
vt 0.200000107 13.7090683 0
vt 0 13.7090683 0
vt 1 21.548912 0
vt 0.800000131 21.548912 0
vt 0.600000322 21.548912 0
vt 0.400000155 21.548912 0
vt 0.200000107 21.548912 0
vt 0 21.548912 0
vt 1 35 0
vt 0.800000131 35 0
vt 0.600000322 35 0
vt 0.400000155 35 0
vt 0.200000107 35 0
vt 0 35 0
vt 0.685464799 0.901483893 0
vt 0.6918841 0.901545584 0
vt 0.700391293 0.900027156 0
vt 0.708944917 0.896887183 0
vt 0.770793676 0.875519216 0
vt 0.799999595 0.44628188 0
vt 0.600000858 0.900264978 0
vt 0.601958632 0.90069586 0
vt 0.439639002 0.91707021 0
vt 0.446387947 0.917550504 0
vt 0.494988799 0.919709206 0
vt 0.520009458 0.919562459 0
vt 0.564715922 0.915639818 0
vt 0.600000262 0.900264978 0
vt 0.400000334 0.90512228 0
vt 0.403191894 0.906080604 0
vt 0.331075013 0.904147565 0
vt 0.400001407 0.905122221 0
vt 0.199999511 0.603154957 0
vt 0.244051218 0.88244766 0
vt 0.299124718 0.873865843 0
vt 0.326879025 0.903395712 0
vt 0.329348594 0.903839469 0
vt 0.135494351 0.899338901 0
vt 0.140068218 0.910611331 0
vt 0.15835318 0.909846544 0
vt 0.179797292 0.899272919 0
vt 0.19999975 0.603154957 0
vt 0.0728199184 1.6816316e-06 0
vt 1 1.08295858 0
vt 1 2.50326991 0
vt 0.800000131 2.50326991 0
vt 0.800000131 1.08295858 0
vt 0.600000322 2.50326991 0
vt 0.600000322 1.08295858 0
vt 0.400000155 2.50326991 0
vt 0.400000155 1.08295858 0
vt 0.200000107 2.50326991 0
vt 0.200000107 1.08295858 0
vt 0 2.50326991 0
vt 0 1.08295858 0
vt 1 4.46289206 0
vt 0.800000131 4.46289206 0
vt 0.600000322 4.46289206 0
vt 0.400000155 4.46289206 0
vt 0.200000107 4.46289206 0
vt 0 4.46289206 0
vt 0.956658423 0.134590954 0
vt 1 0.110360697 0
vt 0.799999952 0.123125784 0
vt 0.808708906 0.132477701 0
vt 0.836711109 0.158995554 0
vt 0.923500776 0.137118071 0
vt 0.599999964 0.184461042 0
vt 0.799999893 0.123125799 0
vt 0.523403943 0.264913619 0
vt 0.584690452 0.200843781 0
vt 0.600000381 0.184461027 0
vt 0.400000185 0.283023179 0
vt 0.477251858 0.266489774 0
vt 0.33124128 0.2398853 0
vt 0.393623233 0.280901223 0
vt 0.400000572 0.283023208 0
vt 0.200000182 0.0103799505 0
vt 0.210076213 0.0684483647 0
vt 0.236393899 0.158490479 0
vt 0.0603203773 0.120238453 0
vt 0.140645936 0.122781023 0
vt 0.184481412 0.0548141003 0
vt 0.200000197 0.0103799608 0
vt 2.08781987e-08 0.110360697 0
vt 1 1.07544434 0
vt 1 2.49050903 0
vt 0.800000131 2.49050903 0
vt 0.800000131 1.07544434 0
vt 0.600000322 2.49050903 0
vt 0.600000322 1.07544434 0
vt 0.400000155 2.49050903 0
vt 0.400000155 1.07544434 0
vt 0.200000107 2.49050903 0
vt 0.200000107 1.07544434 0
vt 0 2.49050903 0
vt 0 1.07544434 0
vt 1 4.48997593 0
vt 0.800000131 4.48997593 0
vt 0.600000322 4.48997593 0
vt 0.400000155 4.48997593 0
vt 0.200000107 4.48997593 0
vt 0 4.48997593 0
vt 1 7.39230442 0
vt 0.800000131 7.39230442 0
vt 0.600000322 7.39230442 0
vt 0.400000155 7.39230442 0
vt 0.200000107 7.39230442 0
vt 0 7.39230442 0
vt 1 11.999999 0
vt 0.800000131 11.999999 0
vt 0.600000322 11.999999 0
vt 0.400000155 11.999999 0
vt 0.200000107 11.999999 0
vt 0 11.999999 0
vt 0.919061661 0.179174066 0
vt 1.0000006 0.125289157 0
vt 0.800000131 0.145288214 0
vt 0.911642432 0.16743657 0
vt 0.625398993 0.433377266 0
vt 0.733370304 0.314845979 0
vt 0.744458377 0.261207163 0
vt 0.800000072 0.145288214 0
vt 0.600000083 0.440252513 0
vt 0.433395296 0.242984101 0
vt 0.460336179 0.271162033 0
vt 0.555683732 0.406190515 0
vt 0.600000441 0.440252542 0
vt 0.400000215 0.147445425 0
vt 0.281888068 0.134971187 0
vt 0.400000304 0.14744544 0
vt 0.200000405 0.0966744944 0
vt 0.211555272 0.100916579 0
vt 0.263418823 0.123702787 0
vt 0.177517176 0.119182445 0
vt 0.200000271 0.0966744795 0
vt -3.22797263e-07 0.125289321 0
vt 0.100501612 0.199487597 0
vt 0.106660262 0.198122129 0
vt 1 2.20433474 0
vt 1 4.81683779 0
vt 0.800000131 4.81683779 0
vt 0.800000131 2.20433474 0
vt 0.600000322 4.81683779 0
vt 0.600000322 2.20433474 0
vt 0.400000155 4.81683779 0
vt 0.400000155 2.20433474 0
vt 0.200000107 4.81683779 0
vt 0.200000107 2.20433474 0
vt 0 4.81683779 0
vt 0 2.20433474 0
vt 1 7.91241884 0
vt 0.800000131 7.91241884 0
vt 0.600000322 7.91241884 0
vt 0.400000155 7.91241884 0
vt 0.200000107 7.91241884 0
vt 0 7.91241884 0
vt 1 11.7273779 0
vt 0.800000131 11.7273779 0
vt 0.600000322 11.7273779 0
vt 0.400000155 11.7273779 0
vt 0.200000107 11.7273779 0
vt 0 11.7273779 0
vt 1 17.0376244 0
vt 0.800000131 17.0376244 0
vt 0.600000322 17.0376244 0
vt 0.400000155 17.0376244 0
vt 0.200000107 17.0376244 0
vt 0 17.0376244 0
vt 1 26 0
vt 0.800000131 26 0
vt 0.600000322 26 0
vt 0.400000155 26 0
vt 0.200000107 26 0
vt 0 26 0
vt 0.946619451 0.127871826 0
vt 1.00000024 0.0731013566 0
vt 0.800000012 0.152440727 0
vt 0.852958858 0.135176212 0
vt 0.709593832 0.336856008 0
vt 0.799999952 0.152440712 0
vt 0.600001276 0.545324862 0
vt 0.636780739 0.49596262 0
vt 0.512385905 0.530001163 0
vt 0.60000062 0.545324862 0
vt 0.400000215 0.417949378 0
vt 0.489515752 0.462235212 0
vt 0.199999571 0.0556592345 0
vt 0.399999738 0.417949408 0
vt 0.044823736 0.105288915 0
vt 0.102571011 3.92583075e-07 0
vt 0.108304195 7.71195516e-07 0
vt 0.200000018 0.0556592532 0
vt -4.59988854e-07 0.0731013343 0
vt 1 2.85429668 0
vt 1 6.24061108 0
vt 0.800000131 6.24061108 0
vt 0.800000131 2.85429668 0
vt 0.600000322 6.24061108 0
vt 0.600000322 2.85429668 0
vt 0.400000155 6.24061108 0
vt 0.400000155 2.85429668 0
vt 0.200000107 6.24061108 0
vt 0.200000107 2.85429668 0
vt 0 6.24061108 0
vt 0 2.85429668 0
vt 1 10.2605934 0
vt 0.800000131 10.2605934 0
vt 0.600000322 10.2605934 0
vt 0.400000155 10.2605934 0
vt 0.200000107 10.2605934 0
vt 0 10.2605934 0
vt 1 15.1842632 0
vt 0.800000131 15.1842632 0
vt 0.600000322 15.1842632 0
vt 0.400000155 15.1842632 0
vt 0.200000107 15.1842632 0
vt 0 15.1842632 0
vt 1 21.8735828 0
vt 0.800000131 21.8735828 0
vt 0.600000322 21.8735828 0
vt 0.400000155 21.8735828 0
vt 0.200000107 21.8735828 0
vt 0 21.8735828 0
vt 1 33 0
vt 0.800000131 33 0
vt 0.600000322 33 0
vt 0.400000155 33 0
vt 0.200000107 33 0
vt 0 33 0
vt 0.885371745 0.556845784 0
vt 0.990098476 0.411222935 0
vt 1.00000012 0.384460211 0
vt 0.80000031 0.440684378 0
vt 0.847081006 0.486558765 0
vt 0.600000441 1.06402862 0
vt 0.479316056 1.37745941 0
vt 0.526799738 1.34545684 0
vt 0.585628331 1.10855126 0
vt 0.600000143 1.06402862 0
vt 0.400000513 1.30003059 0
vt 0.400736332 1.30000687 0
vt 0.200001016 0.713058829 0
vt 0.40000084 1.30003059 0
vt 0.0454747975 0.437032074 0
vt 0.200000584 0.71305877 0
vt 1.45435521e-07 0.384460211 0
vt 1 1.30063307 0
vt 1 2.9414928 0
vt 0.800000131 2.9414928 0
vt 0.800000131 1.30063307 0
vt 0.600000322 2.9414928 0
vt 0.600000322 1.30063307 0
vt 0.400000155 2.9414928 0
vt 0.400000155 1.30063307 0
vt 0.200000107 2.9414928 0
vt 0.200000107 1.30063307 0
vt 0 2.9414928 0
vt 0 1.30063307 0
vt 1 5.08892918 0
vt 0.800000131 5.08892918 0
vt 0.600000322 5.08892918 0
vt 0.400000155 5.08892918 0
vt 0.200000107 5.08892918 0
vt 0 5.08892918 0
vt 1 7.68890476 0
vt 0.800000131 7.68890476 0
vt 0.600000322 7.68890476 0
vt 0.400000155 7.68890476 0
vt 0.200000107 7.68890476 0
vt 0 7.68890476 0
vt 1 10.8640175 0
vt 0.800000131 10.8640175 0
vt 0.600000322 10.8640175 0
vt 0.400000155 10.8640175 0
vt 0.200000107 10.8640175 0
vt 0 10.8640175 0
vt 1 14.9539442 0
vt 0.800000131 14.9539442 0
vt 0.600000322 14.9539442 0
vt 0.400000155 14.9539442 0
vt 0.200000107 14.9539442 0
vt 0 14.9539442 0
vt 1 21 0
vt 0.800000131 21 0
vt 0.600000322 21 0
vt 0.400000155 21 0
vt 0.200000107 21 0
vt 0 21 0
vt 0.961808741 0.156954542 0
vt 0.999999762 0.135654032 0
vt 0.799999893 0.162419096 0
vt 0.867448688 0.167754203 0
vt 0.711342216 0.223567113 0
vt 0.799999714 0.162419155 0
vt 0.600000501 0.280814201 0
vt 0.403478384 0.287241727 0
vt 0.509159446 0.275855392 0
vt 0.55273968 0.285426676 0
vt 0.600000441 0.28081423 0
vt 0.400000066 0.282919139 0
vt 0.20000039 0.129971385 0
vt 0.399999678 0.282919019 0
vt 0.143454939 0.168928847 0
vt 0.200000316 0.1299714 0
vt 2.64600487e-07 0.135653958 0
vt 0.0662329122 0.140384808 0
vt 1 1.41840661 0
vt 1 3.08614731 0
vt 0.800000131 3.08614731 0
vt 0.800000131 1.41840661 0
vt 0.600000322 3.08614731 0
vt 0.600000322 1.41840661 0
vt 0.400000155 3.08614731 0
vt 0.400000155 1.41840661 0
vt 0.200000107 3.08614731 0
vt 0.200000107 1.41840661 0
vt 0 3.08614731 0
vt 0 1.41840661 0
vt 1 5.09766197 0
vt 0.800000131 5.09766197 0
vt 0.600000322 5.09766197 0
vt 0.400000155 5.09766197 0
vt 0.200000107 5.09766197 0
vt 0 5.09766197 0
vt 1 7.61590004 0
vt 0.800000131 7.61590004 0
vt 0.600000322 7.61590004 0
vt 0.400000155 7.61590004 0
vt 0.200000107 7.61590004 0
vt 0 7.61590004 0
vt 1 11.1072874 0
vt 0.800000131 11.1072874 0
vt 0.600000322 11.1072874 0
vt 0.400000155 11.1072874 0
vt 0.200000107 11.1072874 0
vt 0 11.1072874 0
vt 1 17 0
vt 0.800000131 17 0
vt 0.600000322 17 0
vt 0.400000155 17 0
vt 0.200000107 17 0
vt 0 17 0
vt 0.80000031 0.175058097 0
vt 0.812122226 0.177293181 0
vt 0.917898238 0.180317074 0
vt 0.949198306 0.159797207 0
vt 0.999999702 0.118213348 0
vt 0.717346191 0.223251641 0
vt 0.800000787 0.175058007 0
vt 0.600000799 0.249320343 0
vt 0.549245298 0.316416174 0
vt 0.558197796 0.311600894 0
vt 0.600000441 0.249320343 0
vt 0.400000066 0.374636382 0
vt 0.434083641 0.361230701 0
vt 0.19999975 0.110097595 0
vt 0.231667861 0.202389225 0
vt 0.247940391 0.226504758 0
vt 0.376111925 0.353542626 0
vt 0.393219262 0.371376544 0
vt 0.395225435 0.37234506 0
vt 0.400000304 0.374636412 0
vt 1.16404152e-07 0.118213326 0
vt 0.093113184 0.145039499 0
vt 0.148049802 0.148172989 0
vt 0.199999809 0.110097557 0
vt 1 1.6563561 0
vt 1 3.6246531 0
vt 0.800000131 3.6246531 0
vt 0.800000131 1.6563561 0
vt 0.600000322 3.6246531 0
vt 0.600000322 1.6563561 0
vt 0.400000155 3.6246531 0
vt 0.400000155 1.6563561 0
vt 0.200000107 3.6246531 0
vt 0.200000107 1.6563561 0
vt 0 3.6246531 0
vt 0 1.6563561 0
vt 1 6.02922869 0
vt 0.800000131 6.02922869 0
vt 0.600000322 6.02922869 0
vt 0.400000155 6.02922869 0
vt 0.200000107 6.02922869 0
vt 0 6.02922869 0
vt 1 9.23658371 0
vt 0.800000131 9.23658371 0
vt 0.600000322 9.23658371 0
vt 0.400000155 9.23658371 0
vt 0.200000107 9.23658371 0
vt 0 9.23658371 0
vt 1 13.7261305 0
vt 0.800000131 13.7261305 0
vt 0.600000322 13.7261305 0
vt 0.400000155 13.7261305 0
vt 0.200000107 13.7261305 0
vt 0 13.7261305 0
vt 1 20.9999981 0
vt 0.800000131 20.9999981 0
vt 0.600000322 20.9999981 0
vt 0.400000155 20.9999981 0
vt 0.200000107 20.9999981 0
vt 0 20.9999981 0
vt 0.897907078 0.262554854 0
vt 1.0000006 0.166504845 0
vt 0.800000072 0.2595478 0
vt 0.654541612 0.681199133 0
vt 0.664318562 0.676805615 0
vt 0.741468191 0.422554702 0
vt 0.773420811 0.384755701 0
vt 0.80000037 0.2595478 0
vt 0.600001156 0.657747269 0
vt 0.441720784 0.404230297 0
vt 0.478383332 0.468949437 0
vt 0.600000203 0.657747269 0
vt 0.400000244 0.320032001 0
vt 0.353571445 0.313497037 0
vt 0.399999857 0.320032001 0
vt 0.199999869 0.240806207 0
vt 0.274861127 0.281048506 0
vt -4.72805539e-07 0.166504875 0
vt 0.0310181379 0.187576756 0
vt 0.0827381089 0.338650376 0
vt 0.133849323 0.321660787 0
vt 0.200000137 0.240806207 0
vt 0.800000131 2.14920115 0
vt 0.799999774 0.0769784749 0
vt 0.831520438 0.0901488885 0
vt 0.935688674 0.0133298663 0
vt 0.971336126 0.0150795486 0
vt 0.978285551 7.74215778e-07 0
vt 1 2.14920115 0
vt 0.200000107 2.14920115 0
vt 0 2.14920115 0
vt 1 4.68868589 0
vt 0.800000131 4.68868589 0
vt 0.600000322 4.68868589 0
vt 0.600000322 2.14920115 0
vt 0.400000155 4.68868589 0
vt 0.400000155 2.14920115 0
vt 0.200000107 4.68868589 0
vt 0 4.68868589 0
vt 1 7.69303179 0
vt 0.800000131 7.69303179 0
vt 0.600000322 7.69303179 0
vt 0.400000155 7.69303179 0
vt 0.200000107 7.69303179 0
vt 0 7.69303179 0
vt 1 11.3794918 0
vt 0.800000131 11.3794918 0
vt 0.600000322 11.3794918 0
vt 0.400000155 11.3794918 0
vt 0.200000107 11.3794918 0
vt 0 11.3794918 0
vt 1 16.4530087 0
vt 0.800000131 16.4530087 0
vt 0.600000322 16.4530087 0
vt 0.400000155 16.4530087 0
vt 0.200000107 16.4530087 0
vt 0 16.4530087 0
vt 1 25 0
vt 0.800000131 25 0
vt 0.600000322 25 0
vt 0.400000155 25 0
vt 0.200000107 25 0
vt 0 25 0
vt 0.601573348 0.342692524 0
vt 0.799999595 0.0769785047 0
vt 0.599999368 0.344783545 0
vt 0.543037772 0.410272062 0
vt 0.599968076 0.344825804 0
vt 0.60000056 0.344783574 0
vt 0.400020301 0.487765878 0
vt 0.469558358 0.421763062 0
vt 0.218048602 -1.55229898e-07 0
vt 0.276065469 0.156368181 0
vt 0.333723933 0.316406041 0
vt 0.400000304 0.487743199 0
vt 1 1.02562451 0
vt 1 2.30217934 0
vt 0.800000131 2.30217934 0
vt 0.800000131 1.02562451 0
vt 0.600000322 2.30217934 0
vt 0.600000322 1.02562451 0
vt 0.400000155 2.30217934 0
vt 0.400000155 1.02562451 0
vt 0.200000107 2.30217934 0
vt 0.200000107 1.02562451 0
vt 0 2.30217934 0
vt 0 1.02562451 0
vt 1 3.92226648 0
vt 0.800000131 3.92226648 0
vt 0.600000322 3.92226648 0
vt 0.400000155 3.92226648 0
vt 0.200000107 3.92226648 0
vt 0 3.92226648 0
vt 1 6.15253639 0
vt 0.800000131 6.15253639 0
vt 0.600000322 6.15253639 0
vt 0.400000155 6.15253639 0
vt 0.200000107 6.15253639 0
vt 0 6.15253639 0
vt 0.800000131 10 0
vt 0.600000322 10 0
vt 0.400000155 10 0
vt 0.200000107 10 0
vt 0.910527349 0.184802234 0
vt 1 0.0834772363 0
vt 0.799999952 0.139680088 0
vt 0.896837115 0.183606923 0
vt 0.756724715 0.152198911 0
vt 0.799999774 0.139680132 0
vt 0.600000441 0.135284364 0
vt 0.729683876 0.1508542 0
vt 0.477906287 0.257955849 0
vt 0.527363777 0.210224643 0
vt 0.600000381 0.135284364 0
vt 0.400000185 0.304286391 0
vt 0.251788467 0.205521226 0
vt 0.314160526 0.289092392 0
vt 0.377634704 0.303604186 0
vt 0.400000513 0.30428645 0
vt 0.200000271 0.17294535 0
vt 0.201241806 0.179097846 0
vt -2.40801423e-08 0.0834772363 0
vt 0.00146107899 0.0838423148 0
vt 0.164697826 0.160704881 0
vt 0.200000197 0.172945365 0
vt 1 1.14164698 0
vt 1 2.56034184 0
vt 0.800000131 2.56034184 0
vt 0.800000131 1.14164698 0
vt 0.600000322 2.56034184 0
vt 0.600000322 1.14164698 0
vt 0.400000155 2.56034184 0
vt 0.400000155 1.14164698 0
vt 0.200000107 2.56034184 0
vt 0.200000107 1.14164698 0
vt 0 2.56034184 0
vt 0 1.14164698 0
vt 1 4.37111187 0
vt 0.800000131 4.37111187 0
vt 0.600000322 4.37111187 0
vt 0.400000155 4.37111187 0
vt 0.200000107 4.37111187 0
vt 0 4.37111187 0
vt 1 6.82256699 0
vt 0.800000131 6.82256699 0
vt 0.600000322 6.82256699 0
vt 0.400000155 6.82256699 0
vt 0.200000107 6.82256699 0
vt 0 6.82256699 0
vt 0.875004709 0.188904718 0
vt 1.00000024 0.111718111 0
vt 0.80000025 0.224389389 0
vt 0.637238741 0.369686306 0
vt 0.656651199 0.354943275 0
vt 0.776192784 0.260927439 0
vt 0.783685267 0.24670741 0
vt 0.800000429 0.224389374 0
vt 0.600000262 0.375163347 0
vt 0.400000155 0.154614851 0
vt 0.421219468 0.177848399 0
vt 0.474736631 0.284563005 0
vt 0.488773584 0.294922978 0
vt 0.600000322 0.375163376 0
vt 0.320053101 0.185924917 0
vt 0.400000036 0.154614851 0
vt 0.199999884 0.156891316 0
vt 0.311392784 0.193230107 0
vt 0.163351819 0.163857579 0
vt 0.199999928 0.156891301 0
vt -9.78015322e-08 0.111718111 0
vt 0.0104510253 0.125734627 0
vt 0.0325429849 0.132193238 0
vt 0.136064008 0.170729458 0
vt 1 1.25074363 0
vt 1 2.76214576 0
vt 0.800000131 2.76214576 0
vt 0.800000131 1.25074363 0
vt 0.600000322 2.76214576 0
vt 0.600000322 1.25074363 0
vt 0.400000155 2.76214576 0
vt 0.400000155 1.25074363 0
vt 0.200000107 2.76214576 0
vt 0.200000107 1.25074363 0
vt 0 2.76214576 0
vt 0 1.25074363 0
vt 1 4.60518837 0
vt 0.800000131 4.60518837 0
vt 0.600000322 4.60518837 0
vt 0.400000155 4.60518837 0
vt 0.200000107 4.60518837 0
vt 0 4.60518837 0
vt 1 6.8797369 0
vt 0.800000131 6.8797369 0
vt 0.600000322 6.8797369 0
vt 0.400000155 6.8797369 0
vt 0.200000107 6.8797369 0
vt 0 6.8797369 0
vt 1 9.93079948 0
vt 0.800000131 9.93079948 0
vt 0.600000322 9.93079948 0
vt 0.400000155 9.93079948 0
vt 0.200000107 9.93079948 0
vt 0 9.93079948 0
vt 1 15.000001 0
vt 0.800000131 15.000001 0
vt 0.600000322 15.000001 0
vt 0.400000155 15.000001 0
vt 0.200000107 15.000001 0
vt 0 15.000001 0
vt 0.800000191 0.120751351 0
vt 0.854216099 0.153045759 0
vt 0.940656066 0.0803428814 0
vt 0.99999994 0.0489437431 0
vt 0.600000024 0.384581894 0
vt 0.60957098 0.375584006 0
vt 0.800000191 0.120751344 0
vt 0.453635454 0.400164455 0
vt 0.471793413 0.405571401 0
vt 0.581252337 0.381773174 0
vt 0.600000322 0.384581894 0
vt 0.400000066 0.361866415 0
vt 0.210961342 0.1281984 0
vt 0.400000393 0.361866415 0
vt 0.200000376 0.05318572 0
vt 0.027069062 0.0710951537 0
vt 0.112788044 0.108024493 0
vt 0.195876718 0.113854267 0
vt 0.200000316 0.0531857312 0
vt 1.65982481e-08 0.0489437357 0
vt 1 1.50270355 0
vt 1 3.34163594 0
vt 0.800000131 3.34163594 0
vt 0.800000131 1.50270355 0
vt 0.600000322 3.34163594 0
vt 0.600000322 1.50270355 0
vt 0.400000155 3.34163594 0
vt 0.400000155 1.50270355 0
vt 0.200000107 3.34163594 0
vt 0.200000107 1.50270355 0
vt 0 3.34163594 0
vt 0 1.50270355 0
vt 1 5.70986986 0
vt 0.800000131 5.70986986 0
vt 0.600000322 5.70986986 0
vt 0.400000155 5.70986986 0
vt 0.200000107 5.70986986 0
vt 0 5.70986986 0
vt 1 9.09047318 0
vt 0.800000131 9.09047318 0
vt 0.600000322 9.09047318 0
vt 0.400000155 9.09047318 0
vt 0.200000107 9.09047318 0
vt 0 9.09047318 0
vt 1 15 0
vt 0.800000131 15 0
vt 0.600000322 15 0
vt 0.400000155 15 0
vt 0.200000107 15 0
vt 0 15 0
vt 0.909452736 0.270078868 0
vt 0.999999821 0.153336078 0
vt 0.80000025 0.234680593 0
vt 0.879031241 0.226594448 0
vt 0.636844754 0.638081372 0
vt 0.701285958 0.430702418 0
vt 0.800000131 0.234680593 0
vt 0.600000262 0.691925228 0
vt 0.486520678 0.602191329 0
vt 0.570036292 0.683387876 0
vt 0.599999845 0.691925228 0
vt 0.400000393 0.496960163 0
vt 0.431762576 0.530062854 0
vt 0.200000152 0.156843349 0
vt 0.400000453 0.496960163 0
vt 0.0385044292 0.180303663 0
vt 0.0780383274 0.179278538 0
vt 0.179105282 0.15250887 0
vt 0.200000033 0.156843349 0
vt -1.2390575e-07 0.153336063 0
vt 1 2.34947443 0
vt 1 5.29240227 0
vt 0.800000131 5.29240227 0
vt 0.800000131 2.34947443 0
vt 0.600000322 5.29240227 0
vt 0.600000322 2.34947443 0
vt 0.400000155 5.29240227 0
vt 0.400000155 2.34947443 0
vt 0.200000107 5.29240227 0
vt 0.200000107 2.34947443 0
vt 0 5.29240227 0
vt 0 2.34947443 0
vt 1 9.06571484 0
vt 0.800000131 9.06571484 0
vt 0.600000322 9.06571484 0
vt 0.400000155 9.06571484 0
vt 0.200000107 9.06571484 0
vt 0 9.06571484 0
vt 1 14.2339954 0
vt 0.800000131 14.2339954 0
vt 0.600000322 14.2339954 0
vt 0.400000155 14.2339954 0
vt 0.200000107 14.2339954 0
vt 0 14.2339954 0
vt 1 23 0
vt 0.800000131 23 0
vt 0.600000322 23 0
vt 0.400000155 23 0
vt 0.200000107 23 0
vt 0 23 0
vt 0.845848083 0.21933654 0
vt 0.993986011 0.126506418 0
vt 0.996941388 0.121688098 0
vt 1.00000036 0.11455185 0
vt 0.799999774 0.143184885 0
vt 0.846239448 0.196148142 0
vt 0.698034942 0.503465712 0
vt 0.799999654 0.143184856 0
vt 0.599999666 0.883544385 0
vt 0.700531721 0.563091993 0
vt 0.42161867 0.814115465 0
vt 0.449346662 0.835027754 0
vt 0.527896106 0.923601747 0
vt 0.566978753 0.92980969 0
vt 0.600000143 0.883544385 0
vt 0.400000095 0.747089148 0
vt 0.200000212 0.11321003 0
vt 0.400000036 0.747089207 0
vt -4.11503407e-07 0.114551842 0
vt 0.134970754 0.192773178 0
vt 0.139679998 0.197230294 0
vt 0.200000122 0.113210022 0
vt 1 0.879324079 0
vt 1 1.9161334 0
vt 0.800000131 1.9161334 0
vt 0.800000131 0.879324079 0
vt 0.600000322 1.9161334 0
vt 0.600000322 0.879324079 0
vt 0.400000155 1.9161334 0
vt 0.400000155 0.879324079 0
vt 0.200000107 1.9161334 0
vt 0.200000107 0.879324079 0
vt 0 1.9161334 0
vt 0 0.879324079 0
vt 1 3.1587348 0
vt 0.800000131 3.1587348 0
vt 0.600000322 3.1587348 0
vt 0.400000155 3.1587348 0
vt 0.200000107 3.1587348 0
vt 0 3.1587348 0
vt 1 4.84455395 0
vt 0.800000131 4.84455395 0
vt 0.600000322 4.84455395 0
vt 0.400000155 4.84455395 0
vt 0.200000107 4.84455395 0
vt 0 4.84455395 0
vt 0.935134947 0.127923176 0
vt 0.999999881 0.133880854 0
vt 0.800000131 0.0532115102 0
vt 0.833675623 0.077876769 0
vt 0.663528442 0.197850391 0
vt 0.680886149 0.186875939 0
vt 0.775209963 0.0855402946 0
vt 0.799999952 0.0532115027 0
vt 0.600000322 0.23510395 0
vt 0.400000215 0.171645284 0
vt 0.401618987 0.174828351 0
vt 0.410540432 0.191820398 0
vt 0.526857376 0.258965254 0
vt 0.532421768 0.261806935 0
vt 0.600000322 0.235103965 0
vt 0.309587479 0.168453857 0
vt 0.391424298 0.171497613 0
vt 0.400000095 0.171645299 0
vt 0.200000286 0.144555882 0
vt 0.0192641169 0.147506341 0
vt 0.0857516825 0.190355569 0
vt 0.13739866 0.171339974 0
vt 0.200000226 0.144555882 0
vt 2.22044724e-17 0.879324079 0
vt 1.21338886e-07 0.133880854 0
vt 1 1.16192472 0
vt 1 2.52011895 0
vt 0.800000131 2.52011895 0
vt 0.800000131 1.16192472 0
vt 0.600000322 2.52011895 0
vt 0.600000322 1.16192472 0
vt 0.400000155 2.52011895 0
vt 0.400000155 1.16192472 0
vt 0.200000107 2.52011895 0
vt 0.200000107 1.16192472 0
vt 0 2.52011895 0
vt 0 1.16192472 0
vt 1 4.09508467 0
vt 0.800000131 4.09508467 0
vt 0.600000322 4.09508467 0
vt 0.400000155 4.09508467 0
vt 0.200000107 4.09508467 0
vt 0 4.09508467 0
vt 1 5.98581219 0
vt 0.800000131 5.98581219 0
vt 0.600000322 5.98581219 0
vt 0.400000155 5.98581219 0
vt 0.200000107 5.98581219 0
vt 0 5.98581219 0
vt 1 8.26207066 0
vt 0.800000131 8.26207066 0
vt 0.600000322 8.26207066 0
vt 0.400000155 8.26207066 0
vt 0.200000107 8.26207066 0
vt 0 8.26207066 0
vt 1 11.2343245 0
vt 0.800000131 11.2343245 0
vt 0.600000322 11.2343245 0
vt 0.400000155 11.2343245 0
vt 0.200000107 11.2343245 0
vt 0 11.2343245 0
vt 1 16 0
vt 0.800000131 16 0
vt 0.600000322 16 0
vt 0.400000155 16 0
vt 0.200000107 16 0
vt 0 16 0
vt 0.800008416 0.0697670206 0
vt 0.874279559 0.0897149667 0
vt 0.973522067 0.0800870135 0
vt 1 0.0662619025 0
vt 0.819201589 -4.0123469e-09 0
vt 0.600000262 0.27263087 0
vt 0.729556024 0.158550248 0
vt 0.799988389 0.0697787181 0
vt 0.765969336 2.47954421e-08 0
vt 0.546425283 0.275443822 0
vt 0.584523201 0.279496461 0
vt 0.400000066 0.276330024 0
vt 0.402289271 0.281220376 0
vt 0.441053659 0.311435521 0
vt 0.199999914 0.119160131 0
vt 0.377981395 0.261813521 0
vt 0.400000036 0.276330024 0
vt -6.83435672e-08 0.0662619025 0
vt 0.0648528114 0.0831176192 0
vt 0.13311708 0.134476036 0
vt 0.199999884 0.119160108 0
vt 1 1.20772731 0
vt 1 2.60757256 0
vt 0.800000131 2.60757256 0
vt 0.800000131 1.20772731 0
vt 0.600000322 2.60757256 0
vt 0.600000322 1.20772731 0
vt 0.400000155 2.60757256 0
vt 0.400000155 1.20772731 0
vt 0.200000107 2.60757256 0
vt 0.200000107 1.20772731 0
vt 0 2.60757256 0
vt 0 1.20772731 0
vt 1 4.22132683 0
vt 0.800000131 4.22132683 0
vt 0.600000322 4.22132683 0
vt 0.400000155 4.22132683 0
vt 0.200000107 4.22132683 0
vt 0 4.22132683 0
vt 1 6.17644548 0
vt 0.800000131 6.17644548 0
vt 0.600000322 6.17644548 0
vt 0.400000155 6.17644548 0
vt 0.200000107 6.17644548 0
vt 0 6.17644548 0
vt 1 9.01217079 0
vt 0.800000131 9.01217079 0
vt 0.600000322 9.01217079 0
vt 0.400000155 9.01217079 0
vt 0.200000107 9.01217079 0
vt 0 9.01217079 0
vt 0.893839538 0.200227723 0
vt 0.984455705 0.142136157 0
vt 1.00000024 0.127601013 0
vt 0.799999893 0.136021629 0
vt 0.85903722 0.169543013 0
vt 0.620485127 0.226916701 0
vt 0.682606518 0.237242758 0
vt 0.799999893 0.136021614 0
vt 0.600000024 0.231479466 0
vt 0.400000155 0.526053488 0
vt 0.422847867 0.523022532 0
vt 0.50160712 0.415355712 0
vt 0.571018577 0.341057122 0
vt 0.59402442 0.247749507 0
vt 0.600000322 0.231479466 0
vt 0.26402992 0.354848534 0
vt 0.359607697 0.481237024 0
vt 0.400000393 0.526053488 0
vt 0.200000316 0.254363209 0
vt 0.0525821708 0.164883777 0
vt 0.200000212 0.254363179 0
vt -1.90779801e-07 0.127601013 0
vt 1 1.45223665 0
vt 1 3.14952397 0
vt 0.800000131 3.14952397 0
vt 0.800000131 1.45223665 0
vt 0.600000322 3.14952397 0
vt 0.600000322 1.45223665 0
vt 0.400000155 3.14952397 0
vt 0.400000155 1.45223665 0
vt 0.200000107 3.14952397 0
vt 0.200000107 1.45223665 0
vt 0 3.14952397 0
vt 0 1.45223665 0
vt 1 5.14075136 0
vt 0.800000131 5.14075136 0
vt 0.600000322 5.14075136 0
vt 0.400000155 5.14075136 0
vt 0.200000107 5.14075136 0
vt 0 5.14075136 0
vt 1 7.58176565 0
vt 0.800000131 7.58176565 0
vt 0.600000322 7.58176565 0
vt 0.400000155 7.58176565 0
vt 0.200000107 7.58176565 0
vt 0 7.58176565 0
vt 1 11.0246096 0
vt 0.800000131 11.0246096 0
vt 0.600000322 11.0246096 0
vt 0.400000155 11.0246096 0
vt 0.200000107 11.0246096 0
vt 0 11.0246096 0
vt 0.799999952 0.246923596 0
vt 1.00000024 0.0689114034 0
vt 0.690997601 0.512664497 0
vt 0.717822373 0.416931957 0
vt 0.799999952 0.246923581 0
vt 0.600000501 0.6370157 0
vt 0.603524089 0.632593453 0
vt 0.449336052 0.436439753 0
vt 0.531008005 0.605446577 0
vt 0.60000062 0.6370157 0
vt 0.399999946 0.295064479 0
vt 0.412796438 0.349092066 0
vt 0.299273193 0.203786954 0
vt 0.358169615 0.274831116 0
vt 0.399999917 0.295064479 0
vt 0.200000256 0.0703605115 0
vt -1.07590516e-07 0.0689113811 0
vt 0.00367473229 0.0751412809 0
vt 0.0075498987 0.0884856656 0
vt 0.123046428 0.148358658 0
vt 0.135823563 0.153198853 0
vt 0.200000495 0.070360519 0
vt 1 1.79432487 0
vt 1 3.92238855 0
vt 0.800000131 3.92238855 0
vt 0.800000131 1.79432487 0
vt 0.600000322 3.92238855 0
vt 0.600000322 1.79432487 0
vt 0.400000155 3.92238855 0
vt 0.400000155 1.79432487 0
vt 0.200000107 3.92238855 0
vt 0.200000107 1.79432487 0
vt 0 3.92238855 0
vt 0 1.79432487 0
vt 1 6.4367466 0
vt 0.800000131 6.4367466 0
vt 0.600000322 6.4367466 0
vt 0.400000155 6.4367466 0
vt 0.200000107 6.4367466 0
vt 0 6.4367466 0
vt 1 9.57092476 0
vt 0.800000131 9.57092476 0
vt 0.600000322 9.57092476 0
vt 0.400000155 9.57092476 0
vt 0.200000107 9.57092476 0
vt 0 9.57092476 0
vt 1 13.8312435 0
vt 0.800000131 13.8312435 0
vt 0.600000322 13.8312435 0
vt 0.400000155 13.8312435 0
vt 0.200000107 13.8312435 0
vt 0 13.8312435 0
vt 0.799999952 0.124390095 0
vt 0.895826697 0.187453717 0
vt 0.902104139 0.181170255 0
vt 0.999999821 0.081193991 0
vt 0.768724144 0.211602136 0
vt 0.800000072 0.124390095 0
vt 0.600000858 0.618533373 0
vt 0.446129024 0.745753288 0
vt 0.475911319 0.721262276 0
vt 0.565958083 0.679271758 0
vt 0.590772271 0.637675405 0
vt 0.600000381 0.618533313 0
vt 0.400000155 0.686890483 0
vt 0.250499934 0.334180683 0
vt 0.400000513 0.686890483 0
vt 0.199999675 0.1944177 0
vt 0.203974262 0.211859569 0
vt 0.229602888 0.285045594 0
vt 0.0597015582 0.187194884 0
vt 0.183605403 0.218603492 0
vt 0.18993409 0.218520388 0
vt 0.190024406 0.218492225 0
vt 0.191252783 0.216278702 0
vt 0.199999884 0.1944177 0
vt 1.3746552e-07 0.081193991 0
vt 0.0527430326 0.182368502 0
vt 1 2.30535889 0
vt 1 5.12063122 0
vt 0.800000131 5.12063122 0
vt 0.800000131 2.30535889 0
vt 0.600000322 5.12063122 0
vt 0.600000322 2.30535889 0
vt 0.400000155 5.12063122 0
vt 0.400000155 2.30535889 0
vt 0.200000107 5.12063122 0
vt 0.200000107 2.30535889 0
vt 0 5.12063122 0
vt 0 2.30535889 0
vt 1 8.61427784 0
vt 0.800000131 8.61427784 0
vt 0.600000322 8.61427784 0
vt 0.400000155 8.61427784 0
vt 0.200000107 8.61427784 0
vt 0 8.61427784 0
vt 1 12.9661732 0
vt 0.800000131 12.9661732 0
vt 0.600000322 12.9661732 0
vt 0.400000155 12.9661732 0
vt 0.200000107 12.9661732 0
vt 0 12.9661732 0
vt 1 18.6701183 0
vt 0.800000131 18.6701183 0
vt 0.600000322 18.6701183 0
vt 0.400000155 18.6701183 0
vt 0.200000107 18.6701183 0
vt 0 18.6701183 0
vt 1 28.0000019 0
vt 0.800000131 28.0000019 0
vt 0.600000322 28.0000019 0
vt 0.400000155 28.0000019 0
vt 0.200000107 28.0000019 0
vt 0 28.0000019 0
vt 0.850663662 0.566604853 0
vt 0.85822773 0.625626087 0
vt 0.8598876 0.62951231 0
vt 0.906256974 0.567320049 0
vt 0.994895458 0.410511225 0
vt 0.992065787 0.26791802 0
vt 0.983915746 -1.04505887e-06 0
vt 0.800000548 0.432500541 0
vt 0.600000322 2.03308702 0
vt 0.69077599 1.43064213 0
vt 0.721989453 1.16164553 0
vt 0.769278646 0.561287522 0
vt 0.800000191 0.432500541 0
vt 0.412236482 -1.64009705e-07 0
vt 0.400000781 0.0743318871 0
vt 0.400000155 2.55946252e-16 0
vt 0.400000721 1.66952252 0
vt 0.443446428 1.93867123 0
vt 0.501594663 1.95367789 0
vt 0.550819099 2.12247348 0
vt 0.595735848 2.04483747 0
vt 0.600000501 2.03308702 0
vt 0.232584402 0.534301221 0
vt 0.400000513 1.66952252 0
vt 0.400000542 0.074331902 0
vt 0.396628737 0.0692549348 0
vt 0.295916587 0.0573011227 0
vt 0.263685167 0.0803570226 0
vt 0.0213155337 0.546235025 0
vt 0.0238905735 0.563856959 0
vt 0.0244269744 0.566926658 0
vt 0.024525715 0.567390323 0
vt 0.154351845 0.546801567 0
vt 0.0222249757 0.541050136 0
vt 0 2.55946252e-16 0
vt 0.200000107 2.55946252e-16 0
vt 1 1.10721958 0
vt 1 2.44053292 0
vt 0.800000131 2.44053292 0
vt 0.800000131 1.10721958 0
vt 0.600000322 2.44053292 0
vt 0.600000322 1.10721958 0
vt 0.400000155 2.44053292 0
vt 0.400000155 1.10721958 0
vt 0.200000107 2.44053292 0
vt 0.200000107 1.10721958 0
vt 0 2.44053292 0
vt 0 1.10721958 0
vt 1 4.07699156 0
vt 0.800000131 4.07699156 0
vt 0.600000322 4.07699156 0
vt 0.400000155 4.07699156 0
vt 0.200000107 4.07699156 0
vt 0 4.07699156 0
vt 1 6.05350876 0
vt 0.800000131 6.05350876 0
vt 0.600000322 6.05350876 0
vt 0.400000155 6.05350876 0
vt 0.200000107 6.05350876 0
vt 0 6.05350876 0
vt 1 8.38614178 0
vt 0.800000131 8.38614178 0
vt 0.600000322 8.38614178 0
vt 0.400000155 8.38614178 0
vt 0.200000107 8.38614178 0
vt 0 8.38614178 0
vt 1 11.196538 0
vt 0.800000131 11.196538 0
vt 0.600000322 11.196538 0
vt 0.400000155 11.196538 0
vt 0.200000107 11.196538 0
vt 0 11.196538 0
vt 1 14.7651682 0
vt 0.800000131 14.7651682 0
vt 0.600000322 14.7651682 0
vt 0.400000155 14.7651682 0
vt 0.200000107 14.7651682 0
vt 0 14.7651682 0
vt 1 20 0
vt 0.800000131 20 0
vt 0.600000322 20 0
vt 0.400000155 20 0
vt 0.200000107 20 0
vt 0 20 0
vt 0.81283468 0.119771317 0
vt 0.861986935 0.112585813 0
vt 1 0.107470982 0
vt 0.800000072 0.103685923 0
vt 0.600000203 0.308027446 0
vt 0.667246342 0.287481636 0
vt 0.670652926 0.280740023 0
vt 0.709627748 0.23578912 0
vt 0.778320551 0.142326832 0
vt 0.792511106 0.12879087 0
vt 0.799999952 0.103685945 0
vt 0.406999379 0.116614401 0
vt 0.462731004 0.228058904 0
vt 0.488154173 0.28221485 0
vt 0.493246198 0.285320222 0
vt 0.600000262 0.308027416 0
vt 0.400000155 0.0992699713 0
vt 0.381158441 0.103523478 0
vt 0.399999917 0.099269934 0
vt 0.199999735 0.130962923 0
vt 0.214010522 0.132896051 0
vt 0.0683956221 0.148776069 0
vt 0.176003784 0.154838443 0
vt 0.199999869 0.130962893 0
vt 2.00810639e-08 0.107470974 0
vt 0.0297972858 0.146775469 0
vt 1 1.07832515 0
vt 1 2.32500553 0
vt 0.800000131 2.32500553 0
vt 0.800000131 1.07832515 0
vt 0.600000322 2.32500553 0
vt 0.600000322 1.07832515 0
vt 0.400000155 2.32500553 0
vt 0.400000155 1.07832515 0
vt 0.200000107 2.32500553 0
vt 0.200000107 1.07832515 0
vt 0 2.32500553 0
vt 0 1.07832515 0
vt 1 3.77015591 0
vt 0.800000131 3.77015591 0
vt 0.600000322 3.77015591 0
vt 0.400000155 3.77015591 0
vt 0.200000107 3.77015591 0
vt 0 3.77015591 0
vt 1 5.47344685 0
vt 0.800000131 5.47344685 0
vt 0.600000322 5.47344685 0
vt 0.400000155 5.47344685 0
vt 0.200000107 5.47344685 0
vt 0 5.47344685 0
vt 1 7.60683298 0
vt 0.800000131 7.60683298 0
vt 0.600000322 7.60683298 0
vt 0.400000155 7.60683298 0
vt 0.200000107 7.60683298 0
vt 0 7.60683298 0
vt 1 10.4428263 0
vt 0.800000131 10.4428263 0
vt 0.600000322 10.4428263 0
vt 0.400000155 10.4428263 0
vt 0.200000107 10.4428263 0
vt 0 10.4428263 0
vt 0.800000012 0.0681854561 0
vt 0.811425924 0.0896128416 0
vt 0.854420662 0.118934155 0
vt 0.934985399 0.145877421 0
vt 0.976113677 0.105278663 0
vt 0.999999702 0.0900434926 0
vt 0.645707488 0.106823102 0
vt 0.799999774 0.0681854635 0
vt 0.600000262 0.121675029 0
vt 0.507187486 0.286345065 0
vt 0.514618993 0.278841645 0
vt 0.587973177 0.139923006 0
vt 0.600000381 0.121675037 0
vt 0.400000155 0.362598687 0
vt 0.451754808 0.325431436 0
vt 0.21035099 0.189774185 0
vt 0.218968555 0.217149392 0
vt 0.33934781 0.330107629 0
vt 0.367614001 0.355299413 0
vt 0.371534228 0.355901241 0
vt 0.400000423 0.362598687 0
vt 0.200000226 0.150558859 0
vt 1.39021495e-07 0.0900434777 0
vt 0.152348742 0.173731893 0
vt 0.177655071 0.163367435 0
vt 0.200000077 0.150558844 0
vt 1 1.55986345 0
vt 1 3.38465357 0
vt 0.800000131 3.38465357 0
vt 0.800000131 1.55986345 0
vt 0.600000322 3.38465357 0
vt 0.600000322 1.55986345 0
vt 0.400000155 3.38465357 0
vt 0.400000155 1.55986345 0
vt 0.200000107 3.38465357 0
vt 0.200000107 1.55986345 0
vt 0 3.38465357 0
vt 0 1.55986345 0
vt 1 5.53858137 0
vt 0.800000131 5.53858137 0
vt 0.600000322 5.53858137 0
vt 0.400000155 5.53858137 0
vt 0.200000107 5.53858137 0
vt 0 5.53858137 0
vt 1 8.203825 0
vt 0.800000131 8.203825 0
vt 0.600000322 8.203825 0
vt 0.400000155 8.203825 0
vt 0.200000107 8.203825 0
vt 0 8.203825 0
vt 1 11.8398142 0
vt 0.800000131 11.8398142 0
vt 0.600000322 11.8398142 0
vt 0.400000155 11.8398142 0
vt 0.200000107 11.8398142 0
vt 0 11.8398142 0
vt 0.884592295 0.400037646 0
vt 1 0.276127398 0
vt 0.799999893 0.471342891 0
vt 0.600000322 0.639417171 0
vt 0.608590245 0.633671045 0
vt 0.663345397 0.604958892 0
vt 0.788752854 0.500145912 0
vt 0.800000072 0.471342891 0
vt 0.439188749 0.449959278 0
vt 0.496701539 0.569193244 0
vt 0.600000262 0.639417171 0
vt 0.400000066 0.381753683 0
vt 0.343603045 0.344597399 0
vt 0.400000095 0.381753713 0
vt 0.20000039 0.267670751 0
vt 0.153788537 0.267146647 0
vt 0.199210137 0.26895538 0
vt 0.200000048 0.26767078 0
vt -1.6651164e-07 0.276127428 0
vt 0.0550073273 0.288311332 0
vt 1 1.65032744 0
vt 1 3.5560739 0
vt 0.800000131 3.5560739 0
vt 0.800000131 1.65032744 0
vt 0.600000322 3.5560739 0
vt 0.600000322 1.65032744 0
vt 0.400000155 3.5560739 0
vt 0.400000155 1.65032744 0
vt 0.200000107 3.5560739 0
vt 0.200000107 1.65032744 0
vt 0 3.5560739 0
vt 0 1.65032744 0
vt 1 5.73977852 0
vt 0.800000131 5.73977852 0
vt 0.600000322 5.73977852 0
vt 0.400000155 5.73977852 0
vt 0.200000107 5.73977852 0
vt 0 5.73977852 0
vt 1 8.2744112 0
vt 0.800000131 8.2744112 0
vt 0.600000322 8.2744112 0
vt 0.400000155 8.2744112 0
vt 0.200000107 8.2744112 0
vt 0 8.2744112 0
vt 1 11.4324045 0
vt 0.800000131 11.4324045 0
vt 0.600000322 11.4324045 0
vt 0.400000155 11.4324045 0
vt 0.200000107 11.4324045 0
vt 0 11.4324045 0
vt 1 15.8021688 0
vt 0.800000131 15.8021688 0
vt 0.600000322 15.8021688 0
vt 0.400000155 15.8021688 0
vt 0.200000107 15.8021688 0
vt 0 15.8021688 0
vt 0.878433824 0.0747782439 0
vt 0.999999821 0.0540179685 0
vt 0.799999654 0.016502548 0
vt 0.863761902 0.0521643534 0
vt 0.645982444 0.277987838 0
vt 0.799999714 0.0165025461 0
vt 0.600000381 0.374946296 0
vt 0.522953629 0.456744343 0
vt 0.591206849 0.40042901 0
vt 0.600000381 0.374946326 0
vt 0.400000036 0.444777787 0
vt 0.407336026 0.44887352 0
vt 0.473454028 0.50680685 0
vt 0.200000107 0.129331127 0
vt 0.237180397 0.193118617 0
vt 0.399999768 0.444777817 0
vt 0.147852078 0.1143599 0
vt 0.184391305 0.128843084 0
vt 0.200000077 0.129331127 0
vt 3.7156223e-08 0.0540179648 0
vt 0.00465218909 0.0606446154 0
vt 0.0291528516 0.10040357 0
vt 1 2.46252346 0
vt 1 5.35760927 0
vt 0.800000131 5.35760927 0
vt 0.800000131 2.46252346 0
vt 0.600000322 5.35760927 0
vt 0.600000322 2.46252346 0
vt 0.400000155 5.35760927 0
vt 0.400000155 2.46252346 0
vt 0.200000107 5.35760927 0
vt 0.200000107 2.46252346 0
vt 0 5.35760927 0
vt 0 2.46252346 0
vt 1 8.81407261 0
vt 0.800000131 8.81407261 0
vt 0.600000322 8.81407261 0
vt 0.400000155 8.81407261 0
vt 0.200000107 8.81407261 0
vt 0 8.81407261 0
vt 1 13.1462727 0
vt 0.800000131 13.1462727 0
vt 0.600000322 13.1462727 0
vt 0.400000155 13.1462727 0
vt 0.200000107 13.1462727 0
vt 0 13.1462727 0
vt 1 19.4125252 0
vt 0.800000131 19.4125252 0
vt 0.600000322 19.4125252 0
vt 0.400000155 19.4125252 0
vt 0.200000107 19.4125252 0
vt 0 19.4125252 0
vt 1 30 0
vt 0.800000131 30 0
vt 0.600000322 30 0
vt 0.400000155 30 0
vt 0.200000107 30 0
vt 0 30 0
vt 0.886953294 0.139579698 0
vt 0.892949522 0.157037243 0
vt 0.999999762 0.203823566 0
vt 0.800000191 0.0886862054 0
vt 0.653408885 0.411420435 0
vt 0.80000031 0.0886862352 0
vt 0.600000322 0.498719484 0
vt 0.449781835 0.893668592 0
vt 0.477957666 0.776260078 0
vt 0.581412852 0.56809938 0
vt 0.60000062 0.498719484 0
vt 0.400000185 0.988852978 0
vt 0.202648655 0.374050856 0
vt 0.320747316 0.856622696 0
vt 0.366202563 0.958984137 0
vt 0.400000304 0.988852978 0
vt 0.200000361 0.364890844 0
vt 0.080138348 0.391558468 0
vt 0.198606312 0.364992768 0
vt 0.200000063 0.364890844 0
vt 1.90178739e-07 0.203823581 0
vt 0.0464989878 0.329107732 0
vt 1 3.40686703 0
vt 1 7.42326784 0
vt 0.800000131 7.42326784 0
vt 0.800000131 3.40686703 0
vt 0.600000322 7.42326784 0
vt 0.600000322 3.40686703 0
vt 0.400000155 7.42326784 0
vt 0.400000155 3.40686703 0
vt 0.200000107 7.42326784 0
vt 0.200000107 3.40686703 0
vt 0 7.42326784 0
vt 0 3.40686703 0
vt 1 12.295083 0
vt 0.800000131 12.295083 0
vt 0.600000322 12.295083 0
vt 0.400000155 12.295083 0
vt 0.200000107 12.295083 0
vt 0 12.295083 0
vt 1 18.2828426 0
vt 0.800000131 18.2828426 0
vt 0.600000322 18.2828426 0
vt 0.400000155 18.2828426 0
vt 0.200000107 18.2828426 0
vt 0 18.2828426 0
vt 1 25.9139385 0
vt 0.800000131 25.9139385 0
vt 0.600000322 25.9139385 0
vt 0.400000155 25.9139385 0
vt 0.200000107 25.9139385 0
vt 0 25.9139385 0
vt 1 36.1936378 0
vt 0.800000131 36.1936378 0
vt 0.600000322 36.1936378 0
vt 0.400000155 36.1936378 0
vt 0.200000107 36.1936378 0
vt 0 36.1936378 0
vt 1 52 0
vt 0.800000131 52 0
vt 0.600000322 52 0
vt 0.400000155 52 0
vt 0.200000107 52 0
vt 0 52 0
vt 0.801922858 0.363446802 0
vt 0.889635086 0.372054398 0
vt 0.901611984 0.373228759 0
vt 0.928836763 0.370179713 0
vt 0.99999994 0.362936109 0
vt 0.799999774 0.3628833 0
vt 0.625422001 0.380954742 0
vt 0.683320403 0.380258322 0
vt 0.712227225 0.379906803 0
vt 0.799647689 0.362916887 0
vt 0.799999833 0.36288327 0
vt 0.60000056 0.376553178 0
vt 0.600574017 0.377030849 0
vt 0.61412102 0.379169703 0
vt 0.419668049 0.380855262 0
vt 0.432309449 0.395300448 0
vt 0.441972017 0.395956457 0
vt 0.506352842 0.395818412 0
vt 0.526544988 0.395777494 0
vt 0.599370241 0.377167404 0
vt 0.600000441 0.376553148 0
vt 0.400000066 0.357151598 0
vt 0.40498662 0.356957138 0
vt 0.241634071 0.394757688 0
vt 0.296148598 0.399690658 0
vt 0.399999678 0.357151628 0
vt 0.200000614 0.398447096 0
vt 4.06348988e-07 0.36293608 0
vt 0.0295306481 0.372959405 0
vt 0.0613786206 0.385023624 0
vt 0.150022373 0.396524817 0
vt 0.200000331 0.398447067 0
vt 0.800000131 1.20226979 0
vt 0.799999952 0.157124624 0
vt 0.842596769 0.0897502899 0
vt 0.844605029 0.0786854327 0
vt 0.841453493 0.0696569681 0
vt 0.84097898 0.0659646243 0
vt 0.840315461 -2.63630842e-08 0
vt 1 1.20226979 0
vt 0.400000155 1.20226979 0
vt 0.200000107 1.20226979 0
vt 0 1.20226979 0
vt 1 3.08407736 0
vt 0.800000131 3.08407736 0
vt 0.600000322 3.08407736 0
vt 0.600000322 1.20226979 0
vt 0.400000155 3.08407736 0
vt 0.200000107 3.08407736 0
vt 0 3.08407736 0
vt 0.695588052 0.16491197 0
vt 0.799999654 0.157124728 0
vt 0.599999964 0.184429571 0
vt 0.569864571 2.50113796e-08 0
vt 0.563676775 0.00944002066 0
vt 0.563385367 0.0199034903 0
vt 0.557039797 0.119742163 0
vt 0.560681343 0.132719427 0
vt 0.600000262 0.184429556 0
vt 0 1.32572114 0
vt -4.60306744e-08 0.358722568 0
vt 0.0273788255 0.355231375 0
vt 0.0826076791 0.346921593 0
vt 0.0921519473 0.31125322 0
vt 0.148693502 0.278151006 0
vt 0.0666145608 0.16715464 0
vt -4.83630913e-07 0.0928817615 0
vt 0.200000107 1.32572114 0
vt 1 1.32572114 0
vt 1 3.26410508 0
vt 0.800000131 3.26410508 0
vt 0.800000131 1.32572114 0
vt 0.600000322 3.26410508 0
vt 0.600000322 1.32572114 0
vt 0.400000155 3.26410508 0
vt 0.400000155 1.32572114 0
vt 0.200000107 3.26410508 0
vt 0 3.26410508 0
vt 0.915235758 0.081043005 0
vt 0.880969942 0.0753085613 0
vt 0.814194441 0.121059008 0
vt 0.80000037 0.136121616 0
vt 1.00000036 0.0928817615 0
vt 0.991243303 0.0888702646 0
vt 0.799999893 0.387306482 0
vt 0.821985006 0.404466093 0
vt 0.853639185 0.463431865 0
vt 0.903093398 0.447824359 0
vt 0.97273469 0.394376159 0
vt 1 0.358722568 0
vt 0.800000906 0.136121601 0
vt 0.678208888 0.239579141 0
vt 0.600000799 0.321109653 0
vt 0.600000918 0.505527258 0
vt 0.604814529 0.503050804 0
vt 0.799999356 0.387306482 0
vt 0.484868914 0.274302393 0
vt 0.411682129 0.318830311 0
vt 0.400000036 0.325377613 0
vt 0.600000501 0.321109623 0
vt 0.585977912 0.304721534 0
vt 0.525358319 0.281337321 0
vt 0.400000125 0.615810573 0
vt 0.505292892 0.650959074 0
vt 0.508378148 0.650218248 0
vt 0.57488215 0.530522108 0
vt 0.599169672 0.506888926 0
vt 0.600000501 0.505527318 0
vt 0.359202355 0.310552269 0
vt 0.266943097 0.309856772 0
vt 0.229028076 0.325348556 0
vt 0.283059239 0.447515309 0
vt 0.286437601 0.470161706 0
vt 0.387488931 0.603818655 0
vt 0.392006278 0.609244049 0
vt 0.400000244 0.615810573 0
vt 0.200000107 1.47184614e-16 0
vt 0.400000155 1.47184614e-16 0
vt 0.400000691 0.325377643 0
vt 0.800000131 1.61313045 0
vt 0.82861954 -1.04693392e-07 0
vt 0.860978186 0.0131645566 0
vt 0.892845154 0.00436607236 0
vt 0.912078738 1.23155885e-07 0
vt 1 1.61313045 0
vt 0.600000322 1.61313045 0
vt 0.600000203 0.193602681 0
vt 0.707072318 0.166066021 0
vt 0.728302062 0.133903742 0
vt 0.733047545 0.127016276 0
vt 0.794424772 5.87246177e-07 0
vt 1 4.05461788 0
vt 0.800000131 4.05461788 0
vt 0.600000322 4.05461788 0
vt 0.400000155 4.05461788 0
vt 0.400000155 1.61313045 0
vt 0.200000107 4.05461788 0
vt 0.200000107 1.61313045 0
vt 0 4.05461788 0
vt 0 1.61313045 0
vt 0.433102995 0.18385756 0
vt 0.436004013 0.183694884 0
vt 0.552799225 0.226392448 0
vt 0.556523621 0.224495739 0
vt 0.600000262 0.193602681 0
vt 0.400000125 0.158259138 0
vt 0.341083795 0.157579064 0
vt 0.399999291 0.158258945 0
vt 0.200001165 0.00254989718 0
vt 0.178261772 0.0135787558 0
vt 0.200000927 0.0025500583 0
vt 0.0144183571 3.56454734e-07 0
vt 0.0289117284 0.0197831839 0
vt 0.0591813959 0.0292867199 0
vt 0.161257267 0.0277617574 0
vt 0.800000131 3.0762012 0
vt 0.600000322 3.0762012 0
vt 0.400000155 3.0762012 0
vt 0.400000125 0.241482109 0
vt 0.438201368 0.153161973 0
vt 0.537567437 1.87501803e-06 0
vt 1 3.0762012 0
vt 1 7.72394323 0
vt 0.800000131 7.72394323 0
vt 0.600000322 7.72394323 0
vt 0.400000155 7.72394323 0
vt 0.200000107 7.72394323 0
vt 0.200000107 3.0762012 0
vt 0 7.72394323 0
vt 0 3.0762012 0
vt 0.864278316 9.08048662e-07 0
vt 0.908088267 0.0447297469 0
vt 0.969548941 0.0516431779 0
vt 0.999999166 0.0160512552 0
vt 0.309518099 0.306578547 0
vt 0.382890552 0.28010723 0
vt 0.400000572 0.241482109 0
vt 0.199999228 0.210499212 0
vt 0.232980341 0.268372297 0
vt 6.9023389e-07 0.0160512421 0
vt 0.199999526 0.210499227 0
vt 0.200000107 4.98185778 0
vt 0.200000033 0.26771307 0
vt 0.29273048 0.327488244 0
vt 0.312279552 0.313307285 0
vt 0.383237302 0.141887113 0
vt 0.352309108 0.0254139304 0
vt 0.349419236 1.17053503e-06 0
vt 0.400000155 4.98185778 0
vt 1 4.98185778 0
vt 1 12.502305 0
vt 0.800000131 12.502305 0
vt 0.800000131 4.98185778 0
vt 0.600000322 12.502305 0
vt 0.600000322 4.98185778 0
vt 0.400000155 12.502305 0
vt 0.200000107 12.502305 0
vt 0 12.502305 0
vt 0 4.98185778 0
vt 1 28 0
vt 0.800000131 28 0
vt 0.600000322 28 0
vt 0.400000155 28 0
vt 0.200000107 28 0
vt 0 28 0
vt 0.806775749 0.613266349 0
vt 0.825222671 0.619026601 0
vt 0.999998391 0.389234483 0
vt 0.80000037 0.610865653 0
vt 0.667611599 0.607656658 0
vt 0.686748862 0.610630333 0
vt 0.725166023 0.616596103 0
vt 0.749708891 0.625170588 0
vt 0.793217182 0.613727272 0
vt 0.800000489 0.610865593 0
vt 0.599998713 0.581809759 0
vt 0.624898851 0.591328263 0
vt 0.447116464 1.99789224e-06 0
vt 0.430523068 0.164068669 0
vt 0.413495749 0.192153335 0
vt 0.473982394 0.584999502 0
vt 0.474517435 0.58736074 0
vt 0.479079783 0.598132849 0
vt 0.482539088 0.596942246 0
vt 0.536244392 0.588404655 0
vt 0.559871614 0.584028423 0
vt 0.560744464 0.584142506 0
vt 0.586055636 0.58228153 0
vt 0.600000083 0.581809759 0
vt 0.124881141 0.422644973 0
vt 0.200000048 0.26771307 0
vt 1.03610228e-06 0.389234215 0
vt 0.108902462 0.46299538 0
vt 0.399999976 0.168845996 0
vt 0.390092164 0.199168742 0
vt 0.385329187 0.213176757 0
vt 0.399999976 0.258406371 0
vt 0.400000155 1.43219125 0
vt 0.200000107 1.43219125 0
vt 0 1.43219125 0
vt 5.64998159e-10 0.0154452864 0
vt 0.00674065668 2.78920709e-07 0
vt 0.200000107 1.5900517e-16 0
vt 1 1.43219125 0
vt 1 3.59758902 0
vt 0.800000131 3.59758902 0
vt 0.800000131 1.43219125 0
vt 0.600000322 3.59758902 0
vt 0.600000322 1.43219125 0
vt 0.400000155 3.59758902 0
vt 0.200000107 3.59758902 0
vt 0 3.59758902 0
vt 0.799999952 0.196132079 0
vt 0.831136584 0.180622175 0
vt 0.863302529 0.1626596 0
vt 0.96069175 0.154084295 0
vt 0.982463777 0.0912479386 0
vt 1 0.0154452827 0
vt 0.600000858 0.339939982 0
vt 0.799999774 0.196132123 0
vt 0.400000185 0.258406401 0
vt 0.42561534 0.375905842 0
vt 0.435032606 0.397241652 0
vt 0.435573459 0.397101313 0
vt 0.497647583 0.368339956 0
vt 0.567923307 0.340417624 0
vt 0.569728136 0.340469807 0
vt 0.600000381 0.339939982 0
vt 0.400000155 0.168846041 0
vt 0.453519911 3.90822294e-07 0
vt 0.431601137 0.0266326685 0
vt 0.414244503 0.0539708324 0
vt 1.00000024 0.0146834962 0
vt 0.99146831 0.0395354703 0
vt 0.976211011 0.106150419 0
vt 0.986285567 0.122703485 0
vt 0.986344337 0.122850135 0
vt 0.999999762 0.137663409 0
vt 1 0.871245444 0
vt 0.800000131 0.871245444 0
vt 0.600000322 0.871245444 0
vt 0.400000155 0.871245444 0
vt 0.400000155 0.0940818787 0
vt 0.403001785 0.09566883 0
vt 0.460681677 0.116715364 0
vt 0.46074757 0.116665334 0
vt 0.479439408 0.0973186418 0
vt 0.547148108 0.0493530557 0
vt 0.554432869 0.0455666147 0
vt 0.555575609 0.0437130183 0
vt 0.579698026 3.4255504e-07 0
vt 1 2.24481463 0
vt 0.800000131 2.24481463 0
vt 0.600000322 2.24481463 0
vt 0.400000155 2.24481463 0
vt 0.200000107 2.24481463 0
vt 0.200000107 0.871245444 0
vt 0 2.24481463 0
vt 0 0.871245444 0
vt 1 5 0
vt 0.800000131 5 0
vt 0.600000322 5 0
vt 0.400000155 5 0
vt 0.200000107 5 0
vt 0 5 0
vt 0.200000107 0.279265046 0
vt 0.400000244 0.094081901 0
vt 0.00182642904 -2.64992167e-07 0
vt -1.87245647e-07 0.0146835204 0
vt 0 9.67276752e-17 0
vt 1.74789733e-07 0.137663379 0
vt 0.0365587585 0.204455748 0
vt 0.0631567091 0.251872212 0
vt 0.0974147916 0.258945793 0
vt 0.172167987 0.29576838 0
vt 0.172442466 0.295840859 0
vt 0.193361565 0.2837874 0
vt 0.800000131 1.54154861 0
vt 0.799999714 0.0936048925 0
vt 0.809788883 0.0970604643 0
vt 0.886564851 0.0410302058 0
vt 0.918642581 0.0251355786 0
vt 0.928566515 1.84036921e-07 0
vt 1 1.71146276e-16 0
vt 1 1.54154861 0
vt 0.400000155 1.54154861 0
vt 0.200000107 1.54154861 0
vt 0 1.54154861 0
vt 0.600000322 1.54154861 0
vt 0.599999666 0.297701895 0
vt 0.799999297 0.0936050862 0
vt 0.552079797 0.29956165 0
vt 0.593193531 0.301680863 0
vt 0.600000501 0.297701865 0
vt 0.42788288 1.42202452e-07 0
vt 0.416438788 0.10901954 0
vt 0.411689997 0.183994904 0
vt 0.460116386 0.273911655 0
vt 0.478246361 0.311843008 0
vt 0 1.54386365 0
vt -8.97268393e-08 0.0515113547 0
vt 0.0946750417 0.114167981 0
vt 0.139915451 0.167725101 0
vt 0.191506967 0.035960868 0
vt 0.190516844 4.45446204e-07 0
vt 0.200000107 1.54386365 0
vt 1 1.54386365 0
vt 1 3.47475505 0
vt 0.800000131 3.47475505 0
vt 0.800000131 1.54386365 0
vt 0.600000322 3.47475505 0
vt 0.600000322 1.54386365 0
vt 0.400000155 3.47475505 0
vt 0.400000155 1.54386365 0
vt 0.200000107 3.47475505 0
vt 0 3.47475505 0
vt 1 5.91749763 0
vt 0.800000131 5.91749763 0
vt 0.600000322 5.91749763 0
vt 0.400000155 5.91749763 0
vt 0.200000107 5.91749763 0
vt 0 5.91749763 0
vt 1 9.25794315 0
vt 0.800000131 9.25794315 0
vt 0.600000322 9.25794315 0
vt 0.400000155 9.25794315 0
vt 0.200000107 9.25794315 0
vt 0 9.25794315 0
vt 0.80000031 0.099414371 0
vt 0.810409427 0.118963555 0
vt 0.822053552 0.140108258 0
vt 0.937522113 0.112113118 0
vt 0.955316901 0.107726328 0
vt 1 0.0515113547 0
vt 0.600000024 0.35947907 0
vt 0.800000548 0.0994143635 0
vt 0.436888456 0.524321198 0
vt 0.483548105 0.495227307 0
vt 0.561983585 0.447117597 0
vt 0.590839326 0.380977213 0
vt 0.600000381 0.35947907 0
vt 0.400000215 0.511012197 0
vt 0.207838953 0.0608001426 0
vt 0.250674963 0.305764556 0
vt 0.337577105 0.418938398 0
vt 0.400000811 0.511012256 0
vt 0.210531622 4.0429606e-07 0
vt 0.211046785 0.0111438539 0
vt 0 1.75154197 0
vt -2.47761562e-07 0.137864143 0
vt 0.000585075875 0.139437065 0
vt 0.0413030125 0.0420790836 0
vt 0.139498889 0.0610384122 0
vt 0.147679597 5.5633825e-07 0
vt 0.200000107 1.94460223e-16 0
vt 0.200000107 1.75154197 0
vt 1 1.75154197 0
vt 1 3.94003963 0
vt 0.800000131 3.94003963 0
vt 0.800000131 1.75154197 0
vt 0.600000322 3.94003963 0
vt 0.600000322 1.75154197 0
vt 0.400000155 3.94003963 0
vt 0.400000155 1.75154197 0
vt 0.200000107 3.94003963 0
vt 0 3.94003963 0
vt 1 6.6907382 0
vt 0.800000131 6.6907382 0
vt 0.600000322 6.6907382 0
vt 0.400000155 6.6907382 0
vt 0.200000107 6.6907382 0
vt 0 6.6907382 0
vt 1 10.4306326 0
vt 0.800000131 10.4306326 0
vt 0.600000322 10.4306326 0
vt 0.400000155 10.4306326 0
vt 0.200000107 10.4306326 0
vt 0 10.4306326 0
vt 0.832974672 0.286444098 0
vt 0.867998183 0.265082777 0
vt 1.00000024 0.137864143 0
vt 0.80000031 0.274971575 0
vt 0.599999905 0.874115348 0
vt 0.714960575 0.57409364 0
vt 0.718178868 0.563034117 0
vt 0.73761332 0.502573729 0
vt 0.80000037 0.274971575 0
vt 0.400000155 0.63320452 0
vt 0.427851766 0.758182824 0
vt 0.436386466 0.782824099 0
vt 0.539836168 0.931222618 0
vt 0.554537892 0.912343681 0
vt 0.600000322 0.874115288 0
vt 0.256071001 5.58098293e-07 0
vt 0.345316589 0.485354245 0
vt 0.400000811 0.63320452 0
vt 0 2.37877011 0
vt 2.02685982e-07 0.0806330666 0
vt 0.029840108 0.110654652 0
vt 0.140166223 0.0719347671 0
vt 0.165129349 0.0312981382 0
vt 0.166509286 7.04247213e-07 0
vt 0.200000107 2.37877011 0
vt 1 2.37877011 0
vt 1 5.33839178 0
vt 0.800000131 5.33839178 0
vt 0.800000131 2.37877011 0
vt 0.600000322 5.33839178 0
vt 0.600000322 2.37877011 0
vt 0.400000155 5.33839178 0
vt 0.400000155 2.37877011 0
vt 0.200000107 5.33839178 0
vt 0 5.33839178 0
vt 1 9.15569401 0
vt 0.800000131 9.15569401 0
vt 0.600000322 9.15569401 0
vt 0.400000155 9.15569401 0
vt 0.200000107 9.15569401 0
vt 0 9.15569401 0
vt 1 14.5972061 0
vt 0.800000131 14.5972061 0
vt 0.600000322 14.5972061 0
vt 0.400000155 14.5972061 0
vt 0.200000107 14.5972061 0
vt 0 14.5972061 0
vt 1 24 0
vt 0.800000131 24 0
vt 0.600000322 24 0
vt 0.400000155 24 0
vt 0.200000107 24 0
vt 0 24 0
vt 0.800000072 0.542022943 0
vt 0.803418219 0.540956438 0
vt 0.866231143 0.512102067 0
vt 0.987606883 0.126851067 0
vt 0.999999881 0.0806330517 0
vt 0.600000322 1.39142489 0
vt 0.792101145 0.576632559 0
vt 0.799999893 0.542022943 0
vt 0.45335111 1.21088111 0
vt 0.480577171 1.30288255 0
vt 0.558779597 1.42776561 0
vt 0.578406334 1.44298875 0
vt 0.400000095 0.891000926 0
vt 0.403318912 0.976936519 0
vt 0.325859934 0.165280059 0
vt 0.376262724 0.471154213 0
vt 0.400000036 0.891000926 0
vt 0.288157761 2.92762152e-08 0
vt 0.200000107 0.909838915 0
vt 0.20000042 0.0829630122 0
vt 0.218712181 0.0845447183 0
vt 0.258249968 0.0876817927 0
vt 0.339883447 0.021291988 0
vt 0.368077755 0.000216869565 0
vt 0.368038654 -6.64974564e-08 0
vt 0.400000155 0.909838915 0
vt 1 0.909838915 0
vt 1 2.00694513 0
vt 0.800000131 2.00694513 0
vt 0.800000131 0.909838915 0
vt 0.600000322 2.00694513 0
vt 0.600000322 0.909838915 0
vt 0.400000155 2.00694513 0
vt 0.200000107 2.00694513 0
vt 0 2.00694513 0
vt 0 0.909838915 0
vt 1 3.36371136 0
vt 0.800000131 3.36371136 0
vt 0.600000322 3.36371136 0
vt 0.400000155 3.36371136 0
vt 0.200000107 3.36371136 0
vt 0 3.36371136 0
vt 1 5.03542042 0
vt 0.800000131 5.03542042 0
vt 0.600000322 5.03542042 0
vt 0.400000155 5.03542042 0
vt 0.200000107 5.03542042 0
vt 0 5.03542042 0
vt 1 7.12170219 0
vt 0.800000131 7.12170219 0
vt 0.600000322 7.12170219 0
vt 0.400000155 7.12170219 0
vt 0.200000107 7.12170219 0
vt 0 7.12170219 0
vt 1 9.8367424 0
vt 0.800000131 9.8367424 0
vt 0.600000322 9.8367424 0
vt 0.400000155 9.8367424 0
vt 0.200000107 9.8367424 0
vt 0 9.8367424 0
vt 0.813010454 0.176890537 0
vt 1.00000012 0.12321271 0
vt 0.800000131 0.178739607 0
vt 0.648272932 0.212206841 0
vt 0.701648772 0.191171288 0
vt 0.797147751 0.180836141 0
vt 0.600000143 0.201621994 0
vt 0.497793913 0.149504587 0
vt 0.572241843 0.186953083 0
vt 0.600000322 0.201621994 0
vt 0.425215423 6.25127754e-08 0
vt 0.422771424 0.0148070361 0
vt 0.449371248 0.0610982738 0
vt 0.110827968 0.120868154 0
vt 0.200000286 0.0829630122 0
vt -7.99233533e-08 0.123212717 0
vt 0.0903430358 0.116312437 0
vt 0 1.36404741 0
vt 2.32820199e-07 0.0726232976 0
vt 0.00810090359 0.0776104257 0
vt 0.163192406 0.0863432735 0
vt 0.177742049 0.0789384097 0
vt 0.183943331 1.35079219e-08 0
vt 0.200000107 1.36404741 0
vt 1 1.36404741 0
vt 1 2.94712973 0
vt 0.800000131 2.94712973 0
vt 0.800000131 1.36404741 0
vt 0.600000322 2.94712973 0
vt 0.600000322 1.36404741 0
vt 0.400000155 2.94712973 0
vt 0.400000155 1.36404741 0
vt 0.200000107 2.94712973 0
vt 0 2.94712973 0
vt 1 4.80538797 0
vt 0.800000131 4.80538797 0
vt 0.600000322 4.80538797 0
vt 0.400000155 4.80538797 0
vt 0.200000107 4.80538797 0
vt 0 4.80538797 0
vt 1 7.03504276 0
vt 0.800000131 7.03504276 0
vt 0.600000322 7.03504276 0
vt 0.400000155 7.03504276 0
vt 0.200000107 7.03504276 0
vt 0 7.03504276 0
vt 1 9.88761616 0
vt 0.800000131 9.88761616 0
vt 0.600000322 9.88761616 0
vt 0.400000155 9.88761616 0
vt 0.200000107 9.88761616 0
vt 0 9.88761616 0
vt 1 13.8297234 0
vt 0.800000131 13.8297234 0
vt 0.600000322 13.8297234 0
vt 0.400000155 13.8297234 0
vt 0.200000107 13.8297234 0
vt 0 13.8297234 0
vt 0.845722795 0.120975003 0
vt 0.861252785 0.125825897 0
vt 0.997637272 0.0731978342 0
vt 0.999999702 0.0726233274 0
vt 0.800000072 0.077709645 0
vt 0.600000024 0.24997212 0
vt 0.643334746 0.219023034 0
vt 0.80000031 0.0777096301 0
vt 0.400000215 0.254021347 0
vt 0.452253044 0.277262479 0
vt 0.487226963 0.265162081 0
vt 0.577490747 0.266389757 0
vt 0.600000262 0.249972105 0
vt 0.284654796 0.157906562 0
vt 0.400001198 0.254021466 0
vt 0.227409795 2.71426217e-07 0
vt 0.240466639 0.111558899 0
vt 0.600000322 2.42707396 0
vt 0.600000024 0.594174266 0
vt 0.668448985 0.452525318 0
vt 0.691923559 0.372183293 0
vt 0.797575593 -1.76898948e-06 0
vt 0.800000131 2.42707396 0
vt 1 2.42707396 0
vt 1 5.28641844 0
vt 0.800000131 5.28641844 0
vt 0.600000322 5.28641844 0
vt 0.400000155 5.28641844 0
vt 0.400000155 2.42707396 0
vt 0.200000107 5.28641844 0
vt 0.200000107 2.42707396 0
vt 0 5.28641844 0
vt 0 2.42707396 0
vt 1 8.69669819 0
vt 0.800000131 8.69669819 0
vt 0.600000322 8.69669819 0
vt 0.400000155 8.69669819 0
vt 0.200000107 8.69669819 0
vt 0 8.69669819 0
vt 1 12.9551477 0
vt 0.800000131 12.9551477 0
vt 0.600000322 12.9551477 0
vt 0.400000155 12.9551477 0
vt 0.200000107 12.9551477 0
vt 0 12.9551477 0
vt 1 18.9646626 0
vt 0.800000131 18.9646626 0
vt 0.600000322 18.9646626 0
vt 0.400000155 18.9646626 0
vt 0.200000107 18.9646626 0
vt 0 18.9646626 0
vt 1 29 0
vt 0.800000131 29 0
vt 0.600000322 29 0
vt 0.400000155 29 0
vt 0.200000107 29 0
vt 0 29 0
vt 0.832533777 0.152840525 0
vt 0.836078227 0.169250175 0
vt 0.990580857 0.122601822 0
vt 0.996341467 0.136524186 0
vt 0.999999762 0.129689112 0
vt 0.801669836 1.25371548e-06 0
vt 0.407598406 0.68310535 0
vt 0.500980675 0.754688323 0
vt 0.521676064 0.672753453 0
vt 0.600000262 0.594174266 0
vt 0.400000244 0.669044614 0
vt 0.200000033 0.159015194 0
vt 0.365774035 0.552137852 0
vt 0.400000274 0.669044614 0
vt 0.160918772 0.209851012 0
vt 0.200000152 0.159015179 0
vt 1.27991527e-07 0.129689112 0
vt 0.147098169 0.215132549 0
vt 0.400000155 3.09649587 0
vt 0.200000107 3.09649587 0
vt 0 3.09649587 0
vt -5.03634055e-07 0.4991346 0
vt 0.0801915601 0.451052129 0
vt 0.114175491 0.196718246 0
vt 0.132449478 2.37279801e-06 0
vt 1 3.09649587 0
vt 1 6.86931515 0
vt 0.800000131 6.86931515 0
vt 0.800000131 3.09649587 0
vt 0.600000322 6.86931515 0
vt 0.600000322 3.09649587 0
vt 0.400000155 6.86931515 0
vt 0.200000107 6.86931515 0
vt 0 6.86931515 0
vt 1 11.5653124 0
vt 0.800000131 11.5653124 0
vt 0.600000322 11.5653124 0
vt 0.400000155 11.5653124 0
vt 0.200000107 11.5653124 0
vt 0 11.5653124 0
vt 1 17.6527596 0
vt 0.800000131 17.6527596 0
vt 0.600000322 17.6527596 0
vt 0.400000155 17.6527596 0
vt 0.200000107 17.6527596 0
vt 0 17.6527596 0
vt 1 26.2209415 0
vt 0.800000131 26.2209415 0
vt 0.600000322 26.2209415 0
vt 0.400000155 26.2209415 0
vt 0.200000107 26.2209415 0
vt 0 26.2209415 0
vt 1 40 0
vt 0.800000131 40 0
vt 0.600000322 40 0
vt 0.400000155 40 0
vt 0.200000107 40 0
vt 0 40 0
vt 0.800000072 1.0577991 0
vt 0.84796226 1.05500126 0
vt 0.883712769 1.04683709 0
vt 0.911300898 1.03484988 0
vt 1.00000024 0.4991346 0
vt 0.600000262 1.03076458 0
vt 0.630095601 1.04408324 0
vt 0.632862747 1.04530811 0
vt 0.641980052 1.04712462 0
vt 0.689076483 1.05557871 0
vt 0.706027865 1.05781472 0
vt 0.729194105 1.05963314 0
vt 0.768153846 1.06228495 0
vt 0.785028815 1.05990636 0
vt 0.800000668 1.0577991 0
vt 0.400000155 3.43780101e-16 0
vt 0.504976392 2.64732853e-06 0
vt 0.462938309 0.193142235 0
vt 0.504242957 1.00142002 0
vt 0.513993979 1.02739966 0
vt 0.556900799 1.02705121 0
vt 0.569124937 1.02908421 0
vt 0.579738796 1.0308491 0
vt 0.60000056 1.03076446 0
vt 0.600000322 1.19111388e-16 0
vt 0.400000155 1.19111388e-16 0
vt 0.600000322 2.75213313e-16 0
vt 0.800000131 2.75213313e-16 0
vt 0.399999946 0.042545896 0
vt 0.543963075 -7.05711159e-07 0
vt 0.38247633 5.01372597e-07 0
vt 0.39999941 0.0425457768 0
vt 0.313728958 0.0462052859 0
vt 0.240649298 0.00409091823 0
vt 0.237008289 -3.41813063e-07 0
vt 0.200000584 0.235774279 0
vt 0.138179064 0.108987115 0
vt 0.200000554 0.235774398 0
vt 0.187418818 -6.61374955e-08 0
vt 0.171716154 0.0411124043 0
vt 0.800000131 1.71146276e-16 0
vt 1 4.09806395 0
vt 1 13.000001 0
vt 0.800000131 13.000001 0
vt 0.800000131 4.09806395 0
vt 0.600000322 13.000001 0
vt 0.600000322 4.09806395 0
vt 0.400000155 13.000001 0
vt 0.400000155 4.09806395 0
vt 0.200000107 13.000001 0
vt 0.200000107 4.09806395 0
vt 0 13.000001 0
vt 0 4.09806395 0
vt 0.974713147 0.478050917 0
vt 0.996050179 0.472491771 0
vt 1.00000024 0.471250474 0
vt 0.800000131 0.332294583 0
vt 0.833374858 0.455585271 0
vt 0.854403198 0.479406685 0
vt 0.870599389 0.493324995 0
vt 0.91202116 0.492131203 0
vt 0.93253541 0.49153313 0
vt 0.679733753 0.289711773 0
vt 0.728553891 0.294470549 0
vt 0.800000072 0.332294583 0
vt 0.600000262 0.304725587 0
vt 0.400000125 0.257063836 0
vt 0.400500387 0.257323593 0
vt 0.511156678 0.702079415 0
vt 0.512362599 0.700221598 0
vt 0.600000322 0.304725587 0
vt 0.199999467 0.502032101 0
vt 0.239170104 0.513982236 0
vt 0.327961504 0.375363469 0
vt 0.400000215 0.257063866 0
vt 0.161785394 0.483836442 0
vt 0.199999899 0.502032101 0
vt -1.49053776e-07 0.471250474 0
vt 0.00669644214 0.474381149 0
vt 0.00934545137 0.475508153 0
vt 0.0110001061 0.47608465 0
vt 0.0150093818 0.477214903 0
vt 0.0786111653 0.493227959 0
vt 0.101116031 0.492275357 0
vt 0.140075773 0.490616202 0
vt 0.895819008 0.142241761 0
vt 0.890368402 0.145894855 0
vt 0.800000191 0.122346587 0
vt 1 0.100878134 0
vt 0.678945065 0.119101822 0
vt 0.60721302 0.088284418 0
vt 0.60645622 0.0842988938 0
vt 0.600000322 0.0728868097 0
vt 0.732800126 0.146667808 0
vt 0.727876425 0.148133799 0
vt 0.481820077 0.326336771 0
vt 0.400000244 0.393424094 0
vt 0.592973411 0.0926126242 0
vt 0.591782093 0.0997914374 0
vt 0.497333914 0.288382679 0
vt 0.200000226 0.263847619 0
vt 0.399999917 0.393424094 0
vt 0.352995515 0.384291112 0
vt 0.314736933 0.373268187 0
vt 0.218603671 0.282307237 0
vt 0.104344919 0.182203174 0
vt 0.0403291322 0.124783531 0
vt 5.74517038e-08 0.100878127 0
vt 0.200000241 0.263847619 0
vt 1 1.17750347 0
vt 1 2.72680831 0
vt 0.800000131 2.72680831 0
vt 0.800000131 1.17750347 0
vt 0.600000322 2.72680831 0
vt 0.600000322 1.17750347 0
vt 0.400000155 2.72680831 0
vt 0.400000155 1.17750347 0
vt 0.200000107 2.72680831 0
vt 0.200000107 1.17750347 0
vt 0 2.72680831 0
vt 0 1.17750347 0
vt 1 4.94313765 0
vt 0.800000131 4.94313765 0
vt 0.600000322 4.94313765 0
vt 0.400000155 4.94313765 0
vt 0.200000107 4.94313765 0
vt 0 4.94313765 0
vt 0.800000131 1.44215047 0
vt 0.829762399 -3.03056225e-07 0
vt 0.80532217 0.0680466369 0
vt 0.922781527 0.00460917596 0
vt 0.929142058 3.14166073e-07 0
vt 1 1.44215047 0
vt 1 3.31401825 0
vt 0.800000131 3.31401825 0
vt 0.600000322 3.31401825 0
vt 0.600000322 1.44215047 0
vt 0.400000155 3.31401825 0
vt 0.400000155 1.44215047 0
vt 0.200000107 3.31401825 0
vt 0.200000107 1.44215047 0
vt 0 3.31401825 0
vt 0 1.44215047 0
vt 1 5.75850868 0
vt 0.800000131 5.75850868 0
vt 0.600000322 5.75850868 0
vt 0.400000155 5.75850868 0
vt 0.200000107 5.75850868 0
vt 0 5.75850868 0
vt 1 9.21154976 0
vt 0.800000131 9.21154976 0
vt 0.600000322 9.21154976 0
vt 0.400000155 9.21154976 0
vt 0.200000107 9.21154976 0
vt 0 9.21154976 0
vt 0.695187688 0.359565049 0
vt 0.720687985 0.321868718 0
vt 0.775102913 0.160082951 0
vt 0.798346162 0.0766977593 0
vt 0.781416357 3.17258269e-07 0
vt 0.600000858 0.570138454 0
vt 0.403109759 0.194687024 0
vt 0.421271384 0.287325054 0
vt 0.590365469 0.564264715 0
vt 0.59641546 0.570971131 0
vt 0.600000203 0.570138454 0
vt 0.400000185 0.183073431 0
vt 0.21244882 0.121225759 0
vt 0.362715572 0.225547791 0
vt 0.395450234 0.184329793 0
vt 0.400000274 0.183073446 0
vt 0.200000241 0.106444404 0
vt 0.0795500055 0.048032064 0
vt 0.134516656 0.137675121 0
vt 0.200000197 0.106444404 0
vt 0.0206954759 -8.50107327e-08 0
vt 1 1.26074386 0
vt 1 2.93470669 0
vt 0.800000131 2.93470669 0
vt 0.800000131 1.26074386 0
vt 0.600000322 2.93470669 0
vt 0.600000322 1.26074386 0
vt 0.400000155 2.93470669 0
vt 0.400000155 1.26074386 0
vt 0.200000107 2.93470669 0
vt 0.200000107 1.26074386 0
vt 0 2.93470669 0
vt 0 1.26074386 0
vt 0.951595068 0.180562004 0
vt 0.996473014 0.100335762 0
vt 1.00000036 0.0913870037 0
vt 0.80000031 0.0938872471 0
vt 0.8073138 0.105394207 0
vt 0.870218277 0.11047864 0
vt 0.60201335 0.191063434 0
vt 0.672461867 0.162856966 0
vt 0.800000608 0.0938872099 0
vt 0.599999964 0.184554964 0
vt 0.459755957 0.448795259 0
vt 0.563016295 0.261746258 0
vt 0.598383665 0.194923595 0
vt 0.600000262 0.184554949 0
vt 0.400000095 0.526605129 0
vt 0.416669101 0.504996479 0
vt 0.451219559 0.455648541 0
vt 0.276413798 0.489515364 0
vt 0.281226039 0.501421988 0
vt 0.359262586 0.516659081 0
vt 0.399999917 0.52660507 0
vt 0.199999928 0.24026072 0
vt -3.75094629e-07 0.0913870409 0
vt 0.199999884 0.24026069 0
vt 0 1.94460223e-16 0
vt 1 1.64606965 0
vt 1 3.55652237 0
vt 0.800000131 3.55652237 0
vt 0.800000131 1.64606965 0
vt 0.600000322 3.55652237 0
vt 0.600000322 1.64606965 0
vt 0.400000155 3.55652237 0
vt 0.400000155 1.64606965 0
vt 0.200000107 3.55652237 0
vt 0.200000107 1.64606965 0
vt 0 3.55652237 0
vt 0 1.64606965 0
vt 1 5.76807451 0
vt 0.800000131 5.76807451 0
vt 0.600000322 5.76807451 0
vt 0.400000155 5.76807451 0
vt 0.200000107 5.76807451 0
vt 0 5.76807451 0
vt 1 8.44959545 0
vt 0.800000131 8.44959545 0
vt 0.600000322 8.44959545 0
vt 0.400000155 8.44959545 0
vt 0.200000107 8.44959545 0
vt 0 8.44959545 0
vt 1 12.23806 0
vt 0.800000131 12.23806 0
vt 0.600000322 12.23806 0
vt 0.400000155 12.23806 0
vt 0.200000107 12.23806 0
vt 0 12.23806 0
vt 1 19 0
vt 0.800000131 19 0
vt 0.600000322 19 0
vt 0.400000155 19 0
vt 0.200000107 19 0
vt 0 19 0
vt 0.800000072 0.0858125016 0
vt 0.834517896 0.125434414 0
vt 0.846714318 0.126821205 0
vt 0.970373869 0.148424193 0
vt 0.989009738 0.132620543 0
vt 0.999999702 0.122319482 0
vt 0.672549069 0.269804329 0
vt 0.687260687 0.246962562 0
vt 0.722264767 0.184668615 0
vt 0.800000131 0.0858125016 0
vt 0.599999726 0.370519906 0
vt 0.400000185 0.399218827 0
vt 0.404587716 0.400249034 0
vt 0.505423784 0.458774567 0
vt 0.520374715 0.45011431 0
vt 0.600000381 0.370519906 0
vt 0.258298755 0.184149206 0
vt 0.370421082 0.36260584 0
vt 0.400000095 0.399218827 0
vt 0.199999511 0.108766928 0
vt 0.128961548 0.126057938 0
vt 0.19999969 0.108766921 0
vt 2.96066645e-07 0.122319482 0
vt 0.123329885 0.136343822 0
vt 0.200000107 1.82750442e-16 0
vt 0 1.82750442e-16 0
vt 0.600000322 2.44730318e-16 0
vt 0.800000131 2.44730318e-16 0
vt 1 4.24617338 0
vt 0.800000131 4.24617338 0
vt 1 9.41880226 0
vt 0.800000131 9.41880226 0
vt 0.600000322 9.41880226 0
vt 0.600000322 4.24617338 0
vt 0.400000155 9.41880226 0
vt 0.400000155 4.24617338 0
vt 0.200000107 9.41880226 0
vt 0.200000107 4.24617338 0
vt 0 9.41880226 0
vt 0 4.24617338 0
vt 1 15.9006329 0
vt 0.800000131 15.9006329 0
vt 0.600000322 15.9006329 0
vt 0.400000155 15.9006329 0
vt 0.200000107 15.9006329 0
vt 0 15.9006329 0
vt 1 24.1481495 0
vt 0.800000131 24.1481495 0
vt 0.600000322 24.1481495 0
vt 0.400000155 24.1481495 0
vt 0.200000107 24.1481495 0
vt 0 24.1481495 0
vt 1 35.1984482 0
vt 0.800000131 35.1984482 0
vt 0.600000322 35.1984482 0
vt 0.400000155 35.1984482 0
vt 0.200000107 35.1984482 0
vt 0 35.1984482 0
vt 1 53 0
vt 0.800000131 53 0
vt 0.600000322 53 0
vt 0.400000155 53 0
vt 0.200000107 53 0
vt 0 53 0
vt 0.684605002 0.653701186 0
vt 0.691457927 0.65270704 0
vt 0.767455935 0.628056109 0
vt 0.769032061 0.589144111 0
vt 0.776386142 0.573389053 0
vt 0.759391904 2.10939743e-06 0
vt 0.800000131 4.71419946e-16 0
vt 0.599999726 0.658073008 0
vt 0.610631824 0.658777237 0
vt 0.63733232 0.657869339 0
vt 0.548910499 0.665600538 0
vt 0.585716248 0.662193418 0
vt 0.595979214 0.660002291 0
vt 0.600000858 0.658073008 0
vt 0.399999708 0.647050917 0
vt 0.432606101 0.648816764 0
vt 0.453540504 0.654102445 0
vt 0.480703712 0.660961986 0
vt 0.501073539 0.663587868 0
vt 0.515783191 0.665485203 0
vt 0.339579016 0.610796988 0
vt 0.38726908 0.647847891 0
vt 0.399999946 0.647050977 0
vt 0.199999556 0.265772909 0
vt 0.328149289 0.609890699 0
vt 0.337083936 0.608574688 0
vt 0.161668211 -1.05604431e-06 0
vt 0.119660869 0.62843132 0
vt 0.126294106 0.642222941 0
vt 0.149220496 0.64366591 0
vt 0.174134791 0.636707962 0
vt 0.200000182 0.265772939 0
vt 0.400000155 0.487743199 0
vt 0.400000155 2.38609261e-16 0
vt 0.600000322 2.38609261e-16 0
vt 0.600000322 1.38860437e-16 0
vt 0.400000155 1.38860437e-16 0
vt 0.800000131 1.22926067e-16 0
vt 1 1.22926067e-16 0
vn -0.9576388 0.182485804 0.222771242
vn -0.895320654 0.160516188 -0.415494323
vn -0.417424083 0.159152225 -0.894666314
vn 0.26067701 0.182329565 -0.948052466
vn 0.797748089 0.200362921 -0.568728983
vn 0.977773964 0.18127425 0.105345473
vn 0.694892824 0.143891662 0.704570115
vn 0.107412107 0.143209726 0.983846366
vn -0.57663542 0.174832731 0.798075914
vn -0.961585164 0.134972051 0.239032283
vn -0.905295908 0.120727077 -0.407264471
vn -0.41694209 0.124244668 -0.900401294
vn 0.281116664 0.13787061 -0.949718416
vn 0.810364485 0.156273425 -0.564701736
vn 0.984434009 0.150288194 0.0911208764
vn 0.717945635 0.117039762 0.686189294
vn 0.0912632495 0.111680508 0.98954457
vn -0.597851217 0.129980639 0.790998816
vn -0.960043073 0.0845151767 0.266785592
vn -0.913231671 0.0801453739 -0.399480462
vn -0.416594803 0.0827890486 -0.905314744
vn 0.29941678 0.0775939524 -0.950962067
vn 0.831736565 0.0810201466 -0.549226701
vn 0.993374527 0.0891297087 0.0725455284
vn 0.761479139 0.0782814622 0.643445015
vn 0.0647290275 0.0774987042 0.994889021
vn -0.6379022 0.0794490725 0.766008258
vn -0.958044827 0.0889905989 0.27245304
vn -0.911099851 0.0852594227 -0.403271377
vn -0.42236504 0.0711904988 -0.903625906
vn 0.288499147 0.0567159429 -0.955798924
vn 0.836578071 0.0443151258 -0.546052575
vn 0.995465279 0.0500824377 0.0808746144
vn 0.778616965 0.0647922158 0.624145448
vn 0.0727639794 0.0865906253 0.993583143
vn -0.667937279 0.0804839283 0.739852846
vn -0.970049083 0.028372027 0.241246194
vn -0.916269839 0.038220875 -0.398733914
vn -0.43252784 0.0371540599 -0.900854766
vn 0.279286712 0.0425172262 -0.959265947
vn 0.827826321 0.0435544327 -0.559291124
vn 0.994681895 0.0464191251 0.0919416547
vn 0.759043276 0.0550787896 0.648706138
vn 0.111816779 0.0626267567 0.991753399
vn -0.67236501 0.0331278853 0.739478111
vn -0.98292762 -0.0284546483 0.181778908
vn -0.91654855 -0.0179168247 -0.399521977
vn -0.416517586 0.00266196975 -0.909123778
vn 0.273153365 0.0317411907 -0.961446702
vn 0.818271697 0.0465297252 -0.572945356
vn 0.995559394 0.0505676754 0.0793997124
vn 0.722788572 0.051443968 0.689151824
vn 0.168283403 0.032753408 0.985194325
vn -0.642513275 -0.0152210481 0.766123414
vn -0.98828429 0.0330066606 0.149012506
vn -0.916164637 0.041255977 -0.398673117
vn -0.382586151 0.0376193114 -0.923153579
vn 0.273401707 0.0296993274 -0.961441398
vn 0.801693857 0.00670889625 -0.597697377
vn 0.995231986 -0.00624018488 0.0973363891
vn 0.701124012 0.00306077907 0.713032842
vn 0.220250219 0.00517392298 0.975429714
vn -0.612945735 0.0205347296 0.789858103
vn -0.984571278 0.0570877008 0.165409684
vn -0.928151846 0.0533399731 -0.368359745
vn -0.380910486 0.0525259897 -0.92311877
vn 0.278198332 0.0386564918 -0.959745467
vn 0.766962767 0.0128188757 -0.641563535
vn 0.987755179 -0.0124246608 0.155516401
vn 0.665733755 -0.00670596212 0.746159196
vn 0.210087001 0.015042617 0.977566957
vn -0.598274708 0.0509480052 0.799669683
vn -0.974540889 0.0149067966 0.223713771
vn -0.934411705 0.00263525965 -0.35618493
vn -0.395511538 0.0072105648 -0.918432713
vn 0.295953751 0.0143517144 -0.955094457
vn 0.73167336 0.0211570151 -0.681326926
vn 0.986930549 0.0229004938 0.15951103
vn 0.622676432 0.0204521213 0.782212079
vn 0.141389459 0.0356226824 0.989313006
vn -0.595475137 0.0376803428 0.802489638
vn -0.959970951 0.0124809658 0.279821485
vn -0.929763377 -0.00540439459 -0.368118197
vn -0.390077114 -0.0112954397 -0.920712948
vn 0.295371383 -0.0119548719 -0.955307662
vn 0.745727003 0.00587760611 -0.666225672
vn 0.988637686 0.0419052355 0.144359171
vn 0.656202555 0.0343604535 0.753802121
vn 0.0981185138 0.0200789385 0.994972169
vn -0.623381793 0.0203432534 0.781652927
vn -0.955743313 -0.02321155 0.293284744
vn -0.910365343 0.00312021235 -0.413793594
vn -0.394154191 0.0259579681 -0.918677688
vn 0.250634879 0.0257611219 -0.967738867
vn 0.778184295 0.0234290194 -0.627598763
vn 0.98438096 0.0241979323 0.17438066
vn 0.699167132 0.0182760805 0.7147246
vn 0.0976203308 0.00691658538 0.99519974
vn -0.615200341 -0.0174016524 0.788178682
vn -0.971051395 -0.000310123811 0.238870829
vn -0.866135359 0.0421269163 -0.49803105
vn -0.412320584 0.0553919002 -0.909353316
vn 0.229088649 0.0403021015 -0.972570896
vn 0.776800513 0.0170496292 -0.629515886
vn 0.984475851 -0.0174850095 0.174646482
vn 0.677421093 -0.0236745253 0.735214353
vn 0.135168761 -0.0175729822 0.990666747
vn -0.530526221 -0.0214803144 0.847396374
vn -0.982646465 0.030078873 0.183033556
vn -0.850085258 -0.00113261887 -0.526643872
vn -0.404847682 -0.0240991246 -0.914066613
vn 0.275287569 -0.0246974304 -0.961044669
vn 0.76479882 -0.0154544553 -0.644083858
vn 0.992784858 -0.000475446257 0.119908154
vn 0.682760894 0.0123858396 0.730536997
vn 0.174194768 0.021824047 0.984469354
vn -0.504295707 0.0360593759 0.862777829
vn -0.978025556 0.0232211053 0.207187876
vn -0.870779037 0.00129370159 -0.491672784
vn -0.412712723 -0.0112090083 -0.910792291
vn 0.313387156 -0.0204205308 -0.949405849
vn 0.795097888 -0.00881307572 -0.60641712
vn 0.994692564 0.0151681453 0.101767555
vn 0.727234781 0.0164081138 0.686192751
vn 0.1731821 0.0170012508 0.984743118
vn -0.556434631 0.0281901322 0.830413043
vn -0.972813308 0.0303088129 0.229598969
vn -0.901879489 0.0622418821 -0.42748028
vn -0.450666428 0.0727781355 -0.889720857
vn 0.325035751 0.0646176711 -0.943491578
vn 0.839242458 0.0390782505 -0.542351365
vn 0.993206859 -0.000134089365 0.116361782
vn 0.745246649 -0.0349953771 0.665869951
vn 0.153763637 -0.0429284014 0.987174749
vn -0.59256953 -0.0189041961 0.805297554
vn -0.974021435 0.0493647084 0.22100994
vn -0.914041281 0.0424513631 -0.403393567
vn -0.463702112 0.0364197902 -0.885242283
vn 0.320382476 0.0114416275 -0.947219253
vn 0.823596597 -0.0221538674 -0.566743255
vn 0.99629122 -0.0401608944 0.0760977194
vn 0.703467429 -0.010167921 0.710654736
vn 0.10053122 0.0330723375 0.99438411
vn -0.578815937 0.0511945114 0.813849628
vn -0.967981875 0.122891955 0.218880534
vn -0.900366008 0.0632454231 -0.430512458
vn -0.457805485 0.00431956351 -0.889041901
vn 0.298026145 -0.0586429164 -0.952754676
vn 0.78986299 -0.0553039499 -0.61078465
vn 0.999421477 0.0101870792 0.0324511565
vn 0.656308413 0.0914362147 0.748931706
vn 0.0531918257 0.140464813 0.988655746
vn -0.544442177 0.155792892 0.824203432
vn -0.380568445 0.922498405 -0.0645320565
vn -0.327345461 0.893984675 -0.306000471
vn -0.403685242 0.774753809 -0.486615509
vn 0.134614244 0.866201699 -0.48122099
vn 0.490808755 0.82659018 -0.275418669
vn 0.250532299 0.961203516 -0.115418434
vn 0.3593674 0.907018661 0.219481558
vn 0.10021624 0.849408388 0.518133223
vn -0.384087116 0.84033972 0.382500172
vn -0.189215705 0.967277765 -0.169029817
vn -0.325802416 0.882704556 -0.338652492
vn -0.435654342 0.871418297 -0.225466982
vn 0.0729562268 0.996423483 -0.0426322781
vn 0.446423322 0.893348157 -0.0513352491
vn 0.116791397 0.988066018 -0.10042581
vn 0.41002658 0.909998894 -0.0614847578
vn 0.121443458 0.973196089 -0.195297241
vn -0.275755703 0.960799456 -0.0286955852
vn 0.0710762441 0.992296159 -0.101471864
vn 0.17210333 0.926118553 -0.335685521
vn 0.257860631 0.929044366 -0.265301049
vn 0.121179365 0.974523067 -0.188733891
vn 0.278613716 0.947321892 -0.157973871
vn 0.225253001 0.972206473 -0.0638410971
vn 0.122491896 0.992093503 -0.0273194313
vn 0.0183294509 0.997699678 -0.0652643666
vn -0.0383451991 0.986397743 -0.15984112
vn -0.0209737625 0.96345675 -0.267041534
vn 0.0619191602 0.939599574 -0.336628228
vn 0.2803123 -0.182838753 -0.942334831
vn 0.691479146 -0.146058857 -0.707476735
vn 0.752247155 -0.307374895 -0.582790554
vn 0.271195889 -0.394772947 -0.877842247
vn 0.868598819 -0.0198405627 -0.495118558
vn 0.951466024 -0.0521642417 -0.30330056
vn 0.859048784 0.116075031 -0.498559713
vn 0.953145802 0.228927031 -0.19775103
vn 0.619382203 0.27910918 -0.733800948
vn 0.502010822 0.657296717 -0.562090874
vn 0.160026908 0.276753515 -0.947522521
vn -0.0945967659 0.6496104 -0.754359126
vn 0.00536838779 0.148244202 -0.988936186
vn -0.341533899 0.281755805 -0.896642804
vn -0.0863414779 0.00256782072 -0.996262312
vn -0.291342825 -0.0301572364 -0.95614332
vn 0.125545397 -0.12963748 -0.983581424
vn -0.0453971885 -0.296863556 -0.953840196
vn 0.647681355 -0.380494744 -0.66010052
vn 0.282789648 -0.46003139 -0.841665685
vn 0.939762831 -0.0660946369 -0.335376233
vn 0.901801169 0.430845648 -0.0335646495
vn 0.503561914 0.861703098 0.0623946041
vn -0.418284595 0.874980211 -0.243818671
vn -0.698240817 0.355733186 -0.621219635
vn -0.555374384 -0.0462167673 -0.830315173
vn -0.147022516 -0.3661924 -0.918851197
vn 0.683379292 -0.385043502 -0.620269537
vn 0.328735113 -0.465570807 -0.821691513
vn 0.989028215 -0.0496750847 -0.139124379
vn 0.828508973 0.426649213 0.362688959
vn 0.324179262 0.755914211 0.568771899
vn -0.613893509 0.748960197 0.249385819
vn -0.895427048 0.360994488 -0.260563642
vn -0.766751885 -0.0188819021 -0.641665757
vn -0.197271332 -0.39568764 -0.896947742
vn 0.730549991 -0.397572756 -0.555187106
vn 0.357071489 -0.491809487 -0.794118047
vn 0.99908942 -0.0416475572 0.00926623121
vn 0.770796239 0.374951571 0.515057743
vn 0.224626347 0.648423791 0.727385521
vn -0.601912796 0.640603662 0.476789117
vn -0.947324634 0.312007546 -0.0723003894
vn -0.857434571 -0.0151954042 -0.514368534
vn -0.251141101 -0.406959563 -0.878243744
vn 0.766564727 -0.378378063 -0.518853068
vn 0.333344311 -0.453380674 -0.826636314
vn 0.991045117 -0.0746476725 0.110712655
vn 0.717386067 0.277200878 0.639153242
vn 0.180435866 0.515975535 0.837384164
vn -0.561204791 0.551720321 0.616971552
vn -0.948947012 0.308002859 0.0680717751
vn -0.842225373 -0.0422641858 -0.537466288
vn -0.240448236 -0.356728584 -0.902734399
vn 0.815781355 -0.247518629 -0.522719264
vn 0.344968528 -0.301101118 -0.889007807
vn 0.991420269 -0.0609336905 0.115641281
vn 0.647738159 0.180724144 0.74011761
vn 0.0755035132 0.331108451 0.940567136
vn -0.563342333 0.368636429 0.739427209
vn -0.943320811 0.255277276 0.212083146
vn -0.823665738 -0.0136805177 -0.566910565
vn -0.231006116 -0.234988287 -0.9441486
vn 0.871053338 -0.153256178 -0.466667503
vn 0.384346545 -0.198669031 -0.901558876
vn 0.992811143 -0.036864318 0.113872714
vn 0.645288944 0.136986047 0.751556396
vn -0.00282593444 0.243275091 0.969953179
vn -0.512078881 0.258258909 0.819193244
vn -0.957279801 0.179288596 0.22687234
vn -0.837290585 0.00592717761 -0.546726048
vn -0.305326253 -0.136144534 -0.942465186
vn 0.793450475 0.435263097 -0.425420195
vn 0.351473063 0.397303909 -0.847712398
vn 0.919516325 0.371889234 0.127232373
vn 0.676431835 0.490514696 0.549395382
vn 0.0151112564 0.628183901 0.77791822
vn -0.39084518 0.644095242 0.65755707
vn -0.592496216 0.788049817 0.167110041
vn -0.492040932 0.686081707 -0.535898864
vn -0.105708271 0.51542902 -0.850387335
vn 0.381405145 0.87445724 -0.299757838
vn 0.203796148 0.85712266 -0.473083347
vn 0.533125818 0.845520079 -0.0295390598
vn 0.443089157 0.88259238 0.157170773
vn 0.0907420889 0.966260374 0.241053075
vn -0.145952731 0.970887899 0.189932525
vn -0.0965070426 0.994803965 -0.0324275456
vn 0.00790420547 0.962534189 -0.271045327
vn 0.0933726802 0.895525038 -0.435104996
vn 0.748185575 0.0137939602 -0.663346052
vn 0.360108256 0.0338245519 -0.932297111
vn 0.722883463 0.0155753866 -0.690794468
vn 0.93195051 0.00328688836 -0.362570435
vn 0.976331234 -0.000757454662 -0.216279477
vn 0.769574761 0.012375189 -0.638436854
vn 0.888038933 0.0109598562 -0.459637433
vn 0.884669185 0.0113941832 -0.466079921
vn 0.620405555 0.020794889 -0.784005463
vn 0.752826512 0.0162269026 -0.658019006
vn 0.286997348 0.0266604945 -0.957560301
vn 0.139209062 0.0287957191 -0.989844203
vn 0.518951476 0.0231167097 -0.854491055
vn -0.156943977 0.0356853716 -0.986962557
vn -0.317435265 0.038712021 -0.947489381
vn -0.383943707 0.0433408655 -0.922338724
vn -0.666243851 0.0567106307 -0.74357456
vn -0.380932719 0.052333191 -0.923120558
vn -0.186819449 0.0486995876 -0.981186509
vn -0.5794608 0.0564407855 -0.813043416
vn -0.388842463 0.0525575913 -0.919803917
vn 0.16284962 0.0407254398 -0.985810041
vn 0.277304351 0.0369831324 -0.960070133
vn -0.36894685 0.925338686 -0.0873305574
vn -0.296391338 0.939808667 -0.170034572
vn -0.224267438 0.974173486 -0.0262729656
vn -0.189406857 0.964230061 -0.185433045
vn -0.0977693275 0.987096965 -0.126809552
vn -0.0648968592 0.997663677 -0.0213466026
vn -0.10602963 0.990997672 0.0817388445
vn -0.201786995 0.970229626 0.133927092
vn -0.307501286 0.945083857 0.11072275
vn -0.37359646 0.927293122 0.0235211663
vn -0.903450608 -0.193038136 -0.382770538
vn -0.832833648 -0.148237765 -0.533304513
vn -0.692012668 -0.304035753 -0.654737115
vn -0.846272469 -0.384795666 -0.368449897
vn -0.779456437 -0.0310244486 -0.625687659
vn -0.517132699 -0.0572955273 -0.853985369
vn -0.767271042 0.108885854 -0.632011771
vn -0.413913906 0.286022544 -0.864214301
vn -0.819563329 0.250864089 -0.515153468
vn -0.457205653 0.636971295 -0.620669305
vn -0.925029576 0.251515597 -0.284710824
vn -0.729332328 0.68317914 -0.0366150886
vn -0.981672287 0.116633661 -0.150718898
vn -0.924806774 0.28407976 0.253043652
vn -0.989796519 -0.0244355462 -0.140376776
vn -0.978695393 -0.0596107952 0.196473747
vn -0.961510479 -0.147062674 -0.232099369
vn -0.948622108 -0.310753971 -0.0595667027
vn -0.571184576 -0.382600814 -0.726198852
vn -0.798585296 -0.479955554 -0.363186181
vn -0.22801353 -0.0456931069 -0.972585261
vn 0.0327453427 0.384513199 -0.922538579
vn 0.130197108 0.834719419 -0.53506279
vn -0.214863583 0.925609052 0.3115789
vn -0.648534775 0.423375368 0.632578909
vn -0.871181607 -0.0460430831 0.48879692
vn -0.916317642 -0.397200376 0.0509309359
vn -0.527167022 -0.32747063 -0.784128785
vn -0.839371026 -0.421980202 -0.342620879
vn 0.00145993393 -0.0154812494 -0.999879122
vn 0.390187919 0.313578099 -0.865691721
vn 0.651058555 0.689453304 -0.317453653
vn 0.242020026 0.671234548 0.700621545
vn -0.290431827 0.282767147 0.91416198
vn -0.623944759 -0.00119191315 0.781467557
vn -0.895515501 -0.321092516 0.308142036
vn -0.545351446 -0.250189841 -0.799997926
vn -0.876441717 -0.291232079 -0.383449674
vn 0.135388657 -0.0321452357 -0.990270972
vn 0.620215952 0.200094581 -0.758481562
vn 0.882217884 0.448767394 -0.14247629
vn 0.503483295 0.476380944 0.720809102
vn -0.123206742 0.268698335 0.955312073
vn -0.605961263 0.0533867516 0.793700755
vn -0.956811965 -0.186963931 0.222610623
vn -0.532978833 -0.173337206 -0.828183472
vn -0.906037748 -0.220227361 -0.361379951
vn 0.181748137 0.00186565472 -0.983343303
vn 0.712241828 0.174891353 -0.679797351
vn 0.943760514 0.328561723 -0.0369214751
vn 0.647335947 0.337586313 0.683367729
vn 0.00398499426 0.210268959 0.977635503
vn -0.664012253 -0.00105409836 0.747720897
vn -0.949709356 -0.146277174 0.276866645
vn -0.487768203 0.31635204 -0.813635945
vn -0.853341937 0.40315792 -0.330561846
vn -0.0221421756 0.483656794 -0.874977589
vn 0.559554636 0.628989756 -0.539694786
vn 0.780914664 0.622958362 0.0457731374
vn 0.609255314 0.641707063 0.465854049
vn -0.0797775909 0.74677211 0.660277843
vn -0.740052938 0.357951432 0.569379032
vn -0.893185556 0.288190097 0.345204413
vn -0.372839838 0.80476141 -0.461897582
vn -0.479979277 0.862073064 -0.162634656
vn -0.187377766 0.872256339 -0.451728344
vn 0.121282957 0.962270379 -0.243570045
vn 0.299479038 0.953832567 0.0227067433
vn 0.163285017 0.972448409 0.166379049
vn -0.191205397 0.965633035 0.176049426
vn -0.501118958 0.83302927 0.234397307
vn -0.583820343 0.793875277 0.170046285
vn -0.944065988 -0.00411325973 -0.329730868
vn -0.933271587 -0.00502109481 -0.359136313
vn -0.92982775 -0.0052954033 -0.367956936
vn -0.81212467 -0.00780611904 -0.583431721
vn -0.526829362 -0.00985904504 -0.849913836
vn -0.310516804 -0.006650378 -0.950544596
vn 0.0634590015 -0.00738363946 -0.99795723
vn -0.390638739 -0.00644884212 -0.920521498
vn -0.186290905 0.000572576479 -0.982494473
vn -0.314353913 0.00551380171 -0.949289858
vn -0.742551625 0.00692921644 -0.669753015
vn -0.392123729 0.00677609444 -0.919887543
vn -0.631115258 0.00811082684 -0.775646627
vn -0.983528435 -0.00384815759 -0.180712819
vn -0.999412119 -0.00623919675 -0.0337123573
vn -0.916403532 0.000573787431 -0.400255144
vn -0.957966268 -0.00593252806 0.286819398
vn -0.834474564 0.00154381304 0.551044285
vn -0.706235051 0.0148899183 0.707820892
vn -0.959839404 0.0111575387 0.280328184
vn -0.964457095 0.0110744312 0.264007062
vn -0.968794465 0.0110527715 0.247619182
vn -0.999832392 0.00453732768 -0.0177351572
vn 0.460924834 0.887291014 -0.0162164588
vn 0.455722511 0.885034323 0.0950327516
vn 0.31693539 0.94784987 0.0336534046
vn 0.383799702 0.906264484 0.177150935
vn 0.278947234 0.940872371 0.192217767
vn 0.190410092 0.972684324 0.132775143
vn 0.159405708 0.986852944 0.0266695749
vn 0.200396791 0.976748586 -0.076179184
vn 0.294532955 0.947042763 -0.127907455
vn 0.397420913 0.911669016 -0.10448157
vn 0.858896017 -0.153979048 -0.488454849
vn 0.98932004 -0.125356734 0.0743746534
vn 0.924760997 -0.234623849 0.299614251
vn 0.900762379 -0.33232674 -0.279617548
vn 0.932377636 -0.0341152474 0.359872371
vn 0.843156874 -0.0470004044 0.535609424
vn 0.910074115 0.0681778193 0.408799142
vn 0.730151057 0.203426182 0.65230149
vn 0.971054494 0.235361099 0.0407202393
vn 0.676824808 0.575352609 0.459214091
vn 0.637641966 0.227343038 -0.736021638
vn 0.22954835 0.541214108 -0.808946788
vn 0.585325062 0.109151617 -0.80341804
vn 0.246662319 0.203062549 -0.947588146
vn 0.621288061 -0.00182360469 -0.783580124
vn 0.392211139 -0.0383461192 -0.919075668
vn 0.705350876 -0.101068489 -0.701616228
vn 0.613995314 -0.236337543 -0.753096461
vn 0.903754473 -0.292383522 0.312633485
vn 0.827524126 -0.413811326 -0.379425824
vn 0.730930567 -0.0127941454 0.68233186
vn 0.47287181 0.319027424 0.821348786
vn 0.148093551 0.697705865 0.700910091
vn -0.185551152 0.975363493 -0.119318902
vn -0.117160484 0.317343324 -0.941045523
vn 0.169518903 -0.020155767 -0.985320747
vn 0.55793196 -0.317040056 -0.766940475
vn 0.891622245 -0.307388514 0.332448483
vn 0.902609706 -0.397208095 -0.165895849
vn 0.586099565 -0.0265044793 0.809805453
vn 0.203293875 0.259690642 0.944051027
vn -0.30999431 0.590010166 0.745514274
vn -0.672276199 0.736883879 -0.0710416138
vn -0.385336339 0.431351274 -0.815752447
vn 0.0824162811 0.0650341734 -0.994473815
vn 0.67793864 -0.314012557 -0.664676905
vn 0.904109061 -0.285709888 0.317736715
vn 0.890694678 -0.333926797 -0.308473408
vn 0.522598684 -0.0695818141 0.849734724
vn 0.0076925992 0.194651783 0.980842233
vn -0.614926279 0.461557031 0.639398813
vn -0.845671892 0.489740074 -0.212116957
vn -0.560565233 0.289256632 -0.77594924
vn -0.0517169572 0.033791285 -0.99808985
vn 0.61848563 -0.243520975 -0.747109711
vn 0.935839713 -0.231067941 0.266104192
vn 0.884612322 -0.354527593 -0.302937537
vn 0.559985161 0.0311890133 0.827915311
vn -0.0318412073 0.293424368 0.955451906
vn -0.605074048 0.455596894 0.652929425
vn -0.905377746 0.408513933 -0.115791157
vn -0.741137922 0.213459238 -0.636513829
vn -0.0868523866 -0.122151844 -0.988704026
vn 0.603980958 -0.344232768 -0.718825996
vn 0.924365699 -0.216459051 0.3141554
vn 0.913158834 -0.315387994 -0.25820756
vn 0.591038823 -0.0149861835 0.806503892
vn -0.168257385 0.265749514 0.949245274
vn -0.671817422 0.375257701 0.63862586
vn -0.931215227 0.36429438 -0.0113127017
vn -0.690427065 0.202764139 -0.694404304
vn -0.0783154294 -0.0544081889 -0.995442867
vn 0.539552093 -0.262555301 -0.799967647
vn 0.982727706 0.00384588097 0.18501772
vn 0.96006006 -0.125866458 -0.249884695
vn 0.711518705 0.437289029 0.550017774
vn -0.0927900523 0.707680881 0.700412631
vn -0.404905826 0.719916761 0.563711941
vn -0.470386565 0.882400811 -0.0102677047
vn -0.331594348 0.516334295 -0.789584756
vn -0.0324551165 0.241521284 -0.969852567
vn 0.556703329 0.0679797381 -0.827925205
vn 0.779319644 0.619862199 0.09182477
vn 0.861964345 0.478224128 -0.168283448
vn 0.486433148 0.853619754 0.186322927
vn 0.194467127 0.952999592 0.232324034
vn 0.0738847256 0.967367589 0.242365465
vn 0.0915747508 0.995787442 0.0046319901
vn 0.029345233 0.906738043 -0.420672029
vn 0.145789817 0.749765277 -0.645443499
vn 0.580916166 0.63251394 -0.512311041
vn 0.979821861 0.0225511976 0.198596254
vn 0.907337606 0.02248968 0.419800699
vn 0.953187585 0.0260106623 -0.301258683
vn 0.984420598 0.0223912913 0.174398422
vn 0.64933449 0.0128039699 0.760395229
vn 0.610276818 0.0122397598 0.792093754
vn 0.696575165 0.0130844759 0.71736443
vn 0.694744766 0.00945147499 0.719194233
vn 0.79627198 0.00109174976 0.604937911
vn 0.633147299 0.0111649884 0.773950934
vn 0.999953032 -0.00318176765 0.00915944949
vn 0.997755826 -0.001408941 -0.0669426322
vn 0.864332497 -0.000964560604 0.502919853
vn 0.98462528 -0.00528168352 0.174600199
vn 0.777136445 0.0185829606 -0.629057705
vn 0.711169481 0.0221522357 -0.702671587
vn 0.617195845 0.0261259377 -0.786375701
vn 0.276364774 0.0319950879 -0.960520089
vn 0.0992027521 0.0295959506 -0.994627059
vn 0.242246673 0.0314382985 -0.969705224
vn 0.311367273 0.0274228323 -0.949893892
vn 0.53223145 0.0261044558 -0.846196294
vn 0.247716188 0.0277388468 -0.968435526
vn 0.778090715 0.0229921695 -0.627731025
vn 0.808509469 0.0234322343 -0.588016391
vn 0.170070827 0.933387578 0.316011965
vn 0.0597094856 0.944267392 0.323718667
vn 0.108860224 0.979198635 0.171229482
vn -0.0280811824 0.965453506 0.259058058
vn -0.0527324378 0.986855328 0.152761027
vn -0.00226654182 0.99850297 0.054650899
vn 0.0996210426 0.99497354 0.0101621589
vn 0.205128834 0.977901876 0.0403735898
vn 0.264959753 0.955259442 0.131436899
vn 0.251323521 0.937610924 0.240254879
vn -0.14949356 0.121161193 0.981311142
vn -0.119183175 -0.0103317453 0.992818534
vn -0.914621949 0.021662211 0.40372929
vn -0.923901379 0.0207069907 0.382069945
vn -0.744442165 0.0286540687 0.667071819
vn -0.685024619 0.0291342121 0.727937102
vn 0.155123532 -0.173848078 0.972478032
vn -0.0090922378 -0.123096712 0.992353082
vn -0.129494771 -0.263928264 0.95581007
vn 0.185569897 -0.360884666 0.913961709
vn -0.375858784 -0.040989697 0.925769925
vn -0.469865471 0.250830591 0.846351206
vn -0.0615567863 0.258374125 0.964081645
vn -0.340098292 0.577106297 0.742483258
vn 0.165424854 0.281307101 0.945251703
vn 0.242818594 0.730687737 0.638071001
vn 0.68568933 0.153875947 0.711443841
vn 0.712923706 0.33946383 0.613599181
vn 0.73416847 0.00595554663 0.67894119
vn 0.730078459 -0.0456025004 0.681840062
vn 0.526545584 -0.128639117 0.840358019
vn 0.498917609 -0.303404659 0.811804593
vn -0.170750841 -0.324935466 0.93019408
vn 0.235206068 -0.43507117 0.869132519
vn -0.560760438 -0.0277834237 0.827511847
vn -0.725640833 0.345446795 0.595073044
vn -0.606159389 0.747126222 0.272714734
vn 0.202913746 0.972238183 -0.116528265
vn 0.899215639 0.43743822 -0.00768398307
vn 0.94893831 -0.0579573326 0.310091823
vn 0.63306123 -0.382639706 0.672919333
vn -0.225069612 -0.356265008 0.906873226
vn 0.270368427 -0.443154901 0.854701459
vn -0.71021992 -0.0764413849 0.69981724
vn -0.909998119 0.268300295 0.31609866
vn -0.697842896 0.668775916 -0.25642544
vn 0.116766602 0.770391762 -0.626787007
vn 0.825118482 0.4039675 -0.394955456
vn 0.999416053 0.021947626 0.0261910167
vn 0.742746532 -0.345340461 0.573644161
vn -0.253177553 -0.355219543 0.899844587
vn 0.305138171 -0.422037661 0.853683233
vn -0.764408708 -0.117686294 0.633899987
vn -0.966462076 0.213417798 0.142842487
vn -0.634354234 0.5645895 -0.528046668
vn 0.0741643012 0.603285372 -0.794069588
vn 0.724883854 0.362496763 -0.585781038
vn 0.996314347 0.0171255916 -0.0840505213
vn 0.805057704 -0.298980117 0.512340724
vn -0.229439139 -0.341683775 0.911378026
vn 0.348263025 -0.406473577 0.844684541
vn -0.785044312 -0.0971363187 0.611776054
vn -0.9721753 0.233483896 0.0189895052
vn -0.665145755 0.477997333 -0.573671997
vn 0.0232820921 0.497208536 -0.86731863
vn 0.684327781 0.2902852 -0.668902099
vn 0.99514848 -0.0481970422 -0.0857705548
vn 0.833292484 -0.297102541 0.466212124
vn -0.238719255 -0.216380179 0.946674645
vn 0.389741838 -0.272631168 0.879644036
vn -0.816677272 -0.0223274939 0.5766626
vn -0.979097545 0.191667691 -0.068055138
vn -0.723313272 0.321420044 -0.611152291
vn -0.0562551357 0.337893397 -0.939501703
vn 0.667526841 0.175025493 -0.723722279
vn 0.993554533 -0.0568884313 -0.0980458036
vn 0.854766548 -0.210163668 0.474557996
vn -0.188118935 0.478521645 0.857687771
vn 0.398084044 0.413921118 0.818656445
vn -0.722273409 0.46519658 0.5117746
vn -0.843312263 0.53589344 0.0405306667
vn -0.549645901 0.646109581 -0.529558063
vn -0.0627295896 0.626666009 -0.776759148
vn 0.413147122 0.708421052 -0.57223165
vn 0.754047751 0.654268205 0.0578370243
vn 0.688127279 0.465410829 0.556662917
vn -0.00914106611 0.900672793 0.43440181
vn 0.235460043 0.866579056 0.439999253
vn -0.307604134 0.886072338 0.346778661
vn -0.368100345 0.917339385 0.151626229
vn -0.16412279 0.973883629 -0.156889826
vn 0.0394985192 0.957984328 -0.284087896
vn 0.154964849 0.98400557 -0.0878580064
vn 0.241861179 0.957231581 0.158779308
vn 0.288611501 0.895943999 0.337620854
vn 0.145093679 0.035434898 0.9887833
vn 0.141743466 0.0355176888 0.989266038
vn -0.328701943 0.0397133268 0.94359827
vn 0.338876784 0.0298865288 0.940356016
vn -0.652897477 0.0343427919 0.756667316
vn -0.908522367 0.0222398173 0.417243987
vn -0.336841047 0.0397029147 0.940724015
vn -0.598554432 0.0357972756 0.800282001
vn -0.115330003 0.0276675634 0.992941856
vn -0.607383728 0.030357426 0.793828368
vn -0.325294703 0.0295915641 0.945149541
vn 0.508804739 0.0293464139 0.860381544
vn 0.112563469 0.0252642054 0.993323267
vn 0.300968617 0.0278765634 0.953226447
vn 0.641689003 0.0282772817 0.766443491
vn 0.815101445 0.0304528456 0.578517377
vn 0.892621279 0.0273466185 0.449977189
vn 0.743167639 0.0224661399 0.668727994
vn 0.623131096 0.0206374433 0.781845093
vn 0.617834985 0.0208589584 0.786031008
vn 0.560756207 0.0231214669 0.827658117
vn -0.235753477 0.879546285 0.413302392
vn -0.308210909 0.892189026 0.330158949
vn -0.160659999 0.945089221 0.284595847
vn -0.310248643 0.923928022 0.223836735
vn -0.241803527 0.959540069 0.144270271
vn -0.134554803 0.982501984 0.128782883
vn -0.0385418944 0.982082188 0.184469506
vn 0.0010796173 0.958449185 0.285261273
vn -0.0340419337 0.922661304 0.384105653
vn -0.127615213 0.891412199 0.434854835
vn -0.501788259 -0.0524083562 0.863401353
vn -0.696821392 -0.0365773141 0.716311455
vn -0.737203598 -0.119894303 0.664948285
vn -0.515506089 -0.166089416 0.8406353
vn -0.948684335 0.021695124 0.315479547
vn -0.908218145 0.016601624 0.418167651
vn -0.945882201 0.0614913739 0.318630904
vn -0.868412912 0.170226559 0.465705812
vn -0.709694028 0.280240953 0.646374166
vn -0.953505397 0.0316804834 0.29970631
vn -0.827708602 0.0335411206 0.560154855
vn -0.0371199511 0.0647341609 0.997211933
vn -0.0285296347 0.0208881553 0.999374688
vn -0.0601393245 0.00400324725 0.998181939
vn 0.152743071 0.152049214 0.9764992
vn -0.381987184 -0.0281423926 0.923738956
vn -0.272373617 -0.123221554 0.954268873
vn -0.812418163 -0.247181252 0.528089285
vn -0.510294735 -0.323562503 0.79681015
vn -0.984612226 -0.00358577981 0.17471604
vn -0.946927845 0.312745541 -0.0742815956
vn -0.683150172 0.729163945 -0.0403199494
vn -0.354071677 0.278595567 0.892758489
vn 0.175698653 0.831767142 0.526586533
vn 0.458484322 0.35232529 0.815879226
vn 0.276797503 -0.0161805041 0.960792005
vn -0.14169395 -0.276663333 0.950463235
vn -0.84491992 -0.318031758 0.430077016
vn -0.498555601 -0.409457654 0.764059424
vn -0.996512473 -0.0278040245 -0.0786760077
vn -0.858510375 0.315180838 -0.404500902
vn -0.282696754 0.768950701 -0.573408425
vn 0.545840323 0.832646132 -0.0935876891
vn 0.734134257 0.422607064 0.531460464
vn 0.541326284 0.0559404753 0.838949621
vn -0.0273927953 -0.305560797 0.951778531
vn -0.883929789 -0.222832933 0.411112517
vn -0.526668727 -0.287068963 0.800132155
vn -0.983350813 -0.0284891818 -0.179470479
vn -0.725833297 0.21223183 -0.654311597
vn -0.0332994238 0.499127567 -0.865888536
vn 0.721580505 0.530212104 -0.445193052
vn 0.928486884 0.290178865 0.231750473
vn 0.62474674 0.0217474159 0.780524492
vn -0.0107510556 -0.209406957 0.977769494
vn -0.917188227 -0.10606499 0.384077936
vn -0.537063718 -0.150730819 0.829965591
vn -0.976109266 0.00412085559 -0.217241004
vn -0.588402033 0.156753391 -0.793228447
vn 0.0908458978 0.270733416 -0.958358109
vn 0.721093416 0.274401218 -0.636182487
vn 0.982073724 0.187907785 -0.0148951197
vn 0.633756697 0.00729960296 0.773498118
vn 0.0121171903 -0.108335532 0.994040489
vn -0.944252193 -0.103343427 0.312582821
vn -0.556366444 -0.137908444 0.819413006
vn -0.972107291 0.00313830515 -0.234516039
vn -0.466897637 0.196388185 -0.862228572
vn 0.111335494 0.29934296 -0.947627664
vn 0.647536993 0.315639317 -0.693590403
vn 0.97661835 0.207058609 0.0578216203
vn 0.658895493 0.048197832 0.750688791
vn 0.191529915 -0.0647601262 0.979347944
vn -0.856410861 0.0642695948 0.512279212
vn -0.545270145 -0.131372347 0.827902138
vn -0.843095541 0.520035148 0.136942819
vn -0.34436819 0.809250176 -0.475946009
vn -0.0192489363 0.799525619 -0.600323498
vn 0.390991807 0.875434399 -0.284147799
vn 0.808500588 0.439074636 0.391842097
vn 0.691460371 0.117782198 0.71274811
vn 0.208598152 -0.00940810516 0.977956235
vn -0.562345922 0.633731067 0.531179667
vn -0.460631371 0.458541006 0.759973049
vn -0.390921503 0.875568092 0.283832788
vn -0.202619985 0.977421463 0.0599358603
vn -0.1248933 0.991765618 -0.0283284988
vn 0.0245410334 0.987543643 0.15542005
vn 0.352466822 0.842930734 0.406491071
vn 0.409214526 0.659408569 0.630653381
vn -0.00623104582 0.563751101 0.825921237
vn -0.8960495 0.00248011993 0.443947464
vn -0.481900096 -0.0122223059 0.876140893
vn -0.52596283 -0.0111123528 0.850434959
vn -0.629631162 -0.00909764599 0.776840985
vn -0.998554528 0.0176637955 -0.0507637784
vn -0.977253556 0.021900842 -0.210940346
vn -0.97721386 0.0145123769 0.211760148
vn -0.98757875 0.0189231671 -0.155981064
vn -0.995538712 0.0186745171 -0.0924875289
vn -0.982614338 0.0299768616 0.183222681
vn -0.982374489 0.0300537776 0.184491664
vn -0.982149065 0.0301369876 0.185674876
vn -0.0795210227 0.0280307606 0.99643898
vn 0.0504252538 0.0253866818 0.998405099
vn 0.15969412 0.018826358 0.986986995
vn 0.581894994 -0.0117896665 0.81317848
vn 0.170254216 0.0178241432 0.98523891
vn 0.325432479 0.00851485785 0.945526958
vn 0.145057663 -0.00763532473 0.989393711
vn 0.104823932 -0.00895006023 0.99445051
vn 0.556685209 -0.012372137 0.830631435
vn -0.025365375 -0.00860507041 0.99964124
vn -0.522936821 0.0332949907 0.851720989
vn -0.298206329 0.0311978105 0.953991473
vn -0.73760891 0.0339209102 0.674375594
vn -0.0275210626 0.943241239 -0.330965966
vn 0.0759798586 0.951403379 -0.298426837
vn -0.0247192252 0.984630167 -0.172894374
vn 0.131992459 0.969678819 -0.205672532
vn 0.115865879 0.988285899 -0.099328123
vn 0.0345704444 0.999039054 -0.0269431677
vn -0.0737548396 0.997002184 -0.0233896393
vn -0.158391371 0.98323822 -0.0903032273
vn -0.180538312 0.963952899 -0.195449993
vn -0.12827234 0.947830796 -0.291826814
vn -0.17099385 -0.134116694 -0.976101339
vn 0.35005331 -0.0925030783 -0.932151139
vn 0.488689333 -0.14882116 -0.859671474
vn -0.0358184204 -0.260268867 -0.964871585
vn 0.462340653 -0.0177158676 -0.886525393
vn 0.668516636 0.0381758548 -0.74271673
vn 0.439195991 0.0289247818 -0.897925556
vn 0.667239308 0.203708529 -0.716445744
vn 0.131678984 0.41345793 -0.900951266
vn 0.47689864 -0.0175915863 -0.878782272
vn 0.470096409 -0.0177086648 -0.882437348
vn 0.354774922 -0.014663971 -0.934836686
vn 0.314425826 -0.0134791909 -0.949186385
vn 0.17948781 -0.00702850334 -0.983735085
vn -0.535827518 0.0192589071 -0.844107866
vn -0.549964726 -0.0330498628 -0.834533751
vn -0.738963425 -0.0333933309 -0.672917545
vn -0.76470232 0.144619346 -0.627945602
vn -0.472776353 -0.103729524 -0.87505585
vn -0.536505342 -0.196014315 -0.820816934
vn 0.540452957 -0.171701193 -0.823668242
vn 0.168278679 -0.291971415 -0.941506743
vn 0.811481297 0.102580853 -0.575304389
vn 0.859750032 0.36869508 -0.35340333
vn 0.702851415 0.675968945 -0.221508205
vn -0.670982599 0.29103598 -0.681967914
vn -0.817648828 0.563479424 -0.118073307
vn -0.940297186 0.240629867 -0.24070406
vn -0.877467275 -0.024092488 -0.479031056
vn -0.355428457 -0.288383901 -0.889103711
vn 0.341342598 -0.115997501 -0.932753921
vn -0.134015054 -0.227844268 -0.964430928
vn 0.833844602 0.169598475 -0.52529943
vn 0.873232603 0.487299353 -0.00206184038
vn 0.267353863 0.723456204 0.636500716
vn -0.701813817 0.449611038 0.552546382
vn -0.988441586 0.137023017 0.064868696
vn -0.952580571 -0.0471462607 -0.300611913
vn -0.594766855 -0.208743095 -0.776323795
vn 0.538150311 -0.0519292988 -0.841247618
vn 0.0829897076 -0.126230285 -0.988523424
vn 0.933359742 0.0797895417 -0.349961847
vn 0.96715045 0.186905026 0.17229788
vn 0.641333818 0.285635114 0.712112129
vn -0.344550252 0.266812533 0.900053442
vn -0.967697442 0.0714880228 0.241766959
vn -0.953246832 -0.0449052379 -0.298837602
vn -0.491410673 -0.129090741 -0.8613078
vn 0.541188121 0.265083522 -0.798026383
vn 0.108754918 0.317198694 -0.942102671
vn 0.886853814 0.342419952 -0.310223907
vn 0.825318158 0.547951818 0.136377409
vn 0.423316926 0.800194383 0.424843252
vn -0.278964639 0.847893894 0.450837672
vn -0.777591288 0.612725139 0.1411369
vn -0.845925391 0.490909845 -0.208369538
vn -0.448859066 0.502051473 -0.739236057
vn 0.331727833 0.760109246 -0.558740079
vn 0.0470703021 0.802050471 -0.595398545
vn 0.538310885 0.795208335 -0.279043078
vn 0.421030551 0.906288326 -0.0370785668
vn 0.142334998 0.989616096 0.0200209878
vn -0.121912487 0.992533267 -0.00388359604
vn -0.379111767 0.923866272 -0.0523955785
vn -0.434716791 0.882178009 -0.181061342
vn -0.216759279 0.88980031 -0.40158534
vn 0.279109597 -0.0242724009 -0.959952474
vn 0.32530123 -0.0238125082 -0.945310593
vn 0.603097558 -0.0194762517 -0.797429562
vn 0.0447303541 -0.0255740732 -0.99867171
vn 0.809922457 -0.0122248968 -0.586409509
vn 0.774278998 -0.0134228021 -0.632702053
vn 0.680889726 -0.0139608365 -0.732252896
vn 0.669211745 -0.0141191306 -0.742937624
vn 0.777115643 -0.0128069734 -0.629227459
vn -0.789189637 -0.00304124202 -0.61414212
vn -0.606998324 -0.00721810292 -0.794670463
vn -0.855019689 -0.000568965741 -0.518595219
vn -0.855136335 -0.000559946755 -0.518403113
vn -0.800075531 -0.00432286598 -0.599883735
vn -0.569428265 -0.0167006273 -0.82187134
vn -0.854997098 -0.000571573561 -0.518632412
vn -0.406000704 -0.0222196616 -0.91360265
vn -0.330694497 -0.0233081579 -0.943450034
vn -0.327784985 -0.00218701968 -0.944749773
vn -0.417024016 -0.00206947606 -0.908893049
vn -0.459904552 -0.00256807893 -0.887964666
vn -0.57730478 -0.00769850006 -0.816492379
vn -0.347062558 0.936431706 -0.0514108241
vn -0.348498404 0.922119796 -0.168059155
vn -0.198177323 0.972351491 -0.123524398
vn -0.288118005 0.920446396 -0.264133185
vn -0.202126458 0.933952212 -0.294751227
vn -0.109445103 0.963743687 -0.243351728
vn -0.0855466798 0.988566875 -0.124166831
vn -0.109581567 0.993966043 -0.004812025
vn -0.201245964 0.977790177 0.0585357733
vn -0.285966903 0.957544982 0.0364738367
vn -0.965672135 -0.0458357707 0.255687922
vn -0.998007655 -0.0339573473 -0.0531762689
vn -0.99889189 -0.0293179583 -0.0368175358
vn -0.96285814 -0.00271075987 0.269993871
vn -0.918568313 0.0205733441 -0.394726545
vn -0.935124218 -0.00231564068 -0.354312629
vn -0.864325583 0.0699771792 -0.498040587
vn -0.847145975 0.0405131318 -0.529813468
vn -0.912110507 0.108429283 -0.395344794
vn -0.790605843 0.115673274 -0.60130024
vn -0.956708133 0.280162156 0.0788581148
vn -0.998535693 0.0471493229 -0.0265191421
vn -0.993392467 0.0441492759 0.105934888
vn -0.933397412 0.102670826 0.343842894
vn -0.906128585 0.0634019002 0.418223888
vn -0.712234437 0.125199303 0.690686047
vn -0.731958151 0.197326183 0.652149916
vn -0.928212106 -0.00830573309 0.371958792
vn -0.840536952 0.0425546914 0.540080369
vn -0.784724295 0.568233013 -0.247626647
vn -0.827125669 0.539483607 0.157545164
vn -0.705455124 0.341279536 -0.621177435
vn -0.623128653 0.331234396 -0.708515644
vn -0.365372479 0.567300141 -0.738019943
vn -0.201388776 0.977562189 0.0617641881
vn -0.24236697 0.591473341 0.76903671
vn -0.337004632 0.575097501 0.745446682
vn -0.60695374 0.696675003 0.382427871
vn -0.395516604 0.903213024 -0.166651815
vn -0.440044075 0.897713125 -0.0217340291
vn -0.42000863 0.792344868 -0.442473084
vn -0.334956288 0.798824131 -0.499684125
vn -0.170785069 0.916578591 -0.361546755
vn -0.0660679638 0.995472491 -0.0683342442
vn -0.103732161 0.947429478 0.302682996
vn -0.17072016 0.944523335 0.280589163
vn -0.348461926 0.937126994 0.0191627648
vn -0.970405579 0.0478949398 -0.236683398
vn -0.939070225 0.0227493774 0.342971563
vn -0.93941474 0.022804115 0.342023313
vn -0.973496437 0.0294228327 0.226801902
vn -0.923213542 0.0561117865 -0.380168706
vn -0.900164485 0.0584403314 -0.431611687
vn -0.764001787 0.0650232136 -0.641929328
vn -0.757644117 0.0653605089 -0.649387062
vn -0.766887009 0.0698444173 -0.637970328
vn -0.90461272 0.0533478595 -0.422882944
vn -0.820522726 0.0610304773 -0.568346441
vn -0.90759784 0.0531493463 -0.416462839
vn -0.995455861 0.0483242981 -0.0820508301
vn -0.824673235 0.0237027425 0.565112531
vn -0.96408695 0.0388856679 0.262724906
vn -0.590623558 -0.00796276517 0.806907892
vn -0.585541248 -0.00844974071 0.810598493
vn -0.74012661 0.0130621772 0.672340691
vn -0.592201531 -0.0168029647 0.80561465
vn -0.599646032 -0.0172603857 0.800079167
vn -0.607192576 -0.0176405404 0.794358909
vn -0.64144671 -0.0108125946 0.767091393
vn -0.973490238 0.0401469432 0.225178018
vn -0.0361643098 0.923966765 0.38075909
vn -0.0496429354 0.88940537 0.454415709
vn -0.157559648 0.905576289 0.393835634
vn -0.112219825 0.859351933 0.498919785
vn -0.190394759 0.847483873 0.495500594
vn -0.252522588 0.859564841 0.44427532
vn -0.264783561 0.890470147 0.370071203
vn -0.224188104 0.924927533 0.306999683
vn -0.149461195 0.947002709 0.284336388
vn -0.0739976317 0.946269333 0.314799219
vn 0.898059189 0.00709742261 0.439817309
vn 0.733462095 -0.00912379008 0.679669201
vn 0.767824352 0.0370461531 0.639588535
vn 0.873483419 0.118470609 0.472219795
vn 0.608317018 -0.00854825042 0.793648183
vn 0.529316068 -0.0276781376 0.847973168
vn 0.327282697 0.042137634 0.943986475
vn 0.354325771 -0.036357224 0.934414983
vn 0.145846412 0.099894844 0.984250903
vn -0.226824611 0.668768466 0.708024919
vn -0.264694721 0.872882426 0.409893841
vn 0.535844505 0.0585889779 0.842281401
vn 0.545504332 0.0634316355 0.835704088
vn 0.917241752 0.0550626516 0.394506872
vn 0.966920733 0.0330736749 0.252923667
vn 0.916673362 0.272172421 0.292629659
vn 0.0103625143 0.996288657 0.0854493901
vn 0.338821292 0.775606632 0.532573402
vn 0.38125962 0.860316992 0.33837235
vn 0.0287372302 0.680521488 0.732164502
vn -0.209361061 0.588595927 0.780847549
vn -0.358588964 0.642230451 0.677461505
vn -0.489311367 0.83093816 0.264794707
vn -0.117022395 0.967674077 0.223411545
vn -0.349510819 0.93525213 -0.0560862012
vn -0.187758476 0.976448357 -0.106280454
vn 0.154493511 0.98502481 0.0765372962
vn 0.027478477 0.887522995 0.459943265
vn 0.0657826141 0.918600261 0.389674604
vn -0.0942513198 0.845674932 0.525310099
vn -0.216159612 0.799490809 0.560436726
vn -0.295814276 0.812919021 0.501653731
vn -0.357272416 0.885555565 0.296896696
vn -0.337109923 0.937113762 0.090414308
vn -0.189392343 0.973028421 0.131704777
vn -0.0188861247 0.958919942 0.283047557
vn 0.995988309 -0.0332496427 0.0830769464
vn 0.911293268 -0.0248116031 0.411009729
vn 0.977315247 -0.0220308136 -0.210641116
vn 0.998533845 -0.0292881504 -0.0455230884
vn 0.78365612 -0.0181824509 0.620928705
vn 0.709583819 -0.0136940842 0.704488039
vn 0.574709117 -0.00531640789 0.818340421
vn 0.420128584 0.0126032149 0.907377064
vn 0.304775536 0.0255840011 0.952080548
vn 0.151711613 0.0633566156 0.9863922
vn 0.437115192 0.0600952506 0.897395611
vn 0.984126925 -0.00332288211 0.177434772
vn 0.998426557 -0.0147577664 0.0540987179
vn 0.982685447 -0.0273223799 -0.183256105
vn 0.892627776 -0.0306203365 -0.449753255
vn 0.819374561 -0.026500443 -0.572645605
vn 0.573899508 -0.00373428059 -0.818917274
vn 0.670252919 0.00363000785 -0.742123902
vn 0.730273962 -0.00218621036 -0.683150887
vn 0.826629937 -0.0113641676 -0.56263113
vn 0.781701446 0.0504979044 0.621605039
vn 0.670490444 0.0630149245 0.73923713
vn 0.823152423 0.0431617983 0.566177726
vn 0.451259017 0.887610316 0.0922672302
vn 0.432706326 0.879064083 0.200028658
vn 0.300819397 0.945660591 0.123424947
vn 0.349505305 0.896704197 0.271601945
vn 0.246549323 0.929717004 0.273568362
vn 0.167136505 0.964571834 0.20412387
vn 0.15152508 0.983822465 0.0955699384
vn 0.207288325 0.978279769 -0.000339999649
vn 0.305202991 0.951499283 -0.0387325734
vn 0.404010385 0.914751947 -0.00211430411
vn 0.993961871 -0.0962689146 0.0526501983
vn 0.975789607 -0.0931608379 0.197877929
vn 0.934767902 -0.238026932 0.263727546
vn 0.965697646 -0.258876055 -0.0202772394
vn 0.957648933 -0.0330001116 0.2860412
vn 0.853249431 -0.104342803 0.510957956
vn 0.961831391 0.0128527153 0.273340851
vn 0.84172678 0.0713503435 0.53516835
vn 0.898575544 0.229145467 0.374238223
vn 0.819201648 -0.0273905937 0.572851241
vn 0.836290419 -0.0270171463 0.547620595
vn 0.923356473 0.0778457001 -0.375969201
vn 0.748989224 0.0462072082 -0.660969019
vn 0.893165767 0.0476068705 -0.447200924
vn 0.914490759 0.241294861 -0.324782223
vn 0.989639401 -0.0490165278 -0.134949386
vn 0.943950117 -0.162659138 -0.287228465
vn 0.90279144 -0.309489578 0.298636466
vn 0.947319984 -0.31626761 -0.0505928285
vn 0.737356722 -0.147009611 0.659312606
vn 0.487740368 0.159826159 0.858233511
vn 0.361819744 0.546611607 0.755183518
vn 0.948506832 0.316005439 -0.021806132
vn 0.330411285 0.921663523 -0.203383088
vn 0.40963012 0.521865308 -0.748237789
vn 0.623437166 0.134146735 -0.770279646
vn 0.864298642 -0.208380476 -0.457783163
vn 0.913544536 -0.213107094 0.346441507
vn 0.979301691 -0.18713437 -0.0771289095
vn 0.597218096 -0.130328447 0.791419566
vn 0.138076752 0.0733711571 0.987700105
vn -0.45905298 0.378343791 0.803819835
vn -0.747312009 0.634336472 -0.197843567
vn -0.168094531 0.416482389 -0.893468857
vn 0.362385064 0.176278591 -0.915206552
vn 0.857188821 -0.0743326545 -0.50960952
vn 0.877577722 -0.175126195 0.446305066
vn 0.978121758 -0.121835805 -0.16862306
vn 0.444211483 -0.120920077 0.88772428
vn -0.109712139 0.0153637445 0.993844628
vn -0.726828814 0.231651962 0.646573365
vn -0.930356145 0.36653313 0.00953798555
vn -0.477161288 0.337302357 -0.811507404
vn 0.353072673 0.135164306 -0.925780952
vn 0.809381187 -0.0216758158 -0.586883545
vn 0.838689387 0.162026554 0.519949377
vn 0.935013056 0.342602521 -0.0915097371
vn 0.512478948 0.246702 0.822498381
vn -0.0980307832 0.499245644 0.860897005
vn -0.623001218 0.586345196 0.517753661
vn -0.658715844 0.724869967 0.201635599
vn -0.138919994 0.919083238 -0.36876443
vn 0.503515363 0.496005267 -0.707425773
vn 0.720169306 0.362015069 -0.591862559
vn 0.633800626 0.676060081 0.37581864
vn 0.581005871 0.808693111 0.0919104517
vn 0.489451915 0.738901615 0.46309945
vn 0.128619209 0.873865604 0.468845278
vn -0.158146992 0.926191032 0.342285931
vn -0.10544607 0.980552137 0.165524706
vn 0.200388268 0.979527771 -0.0192356333
vn 0.425924987 0.868528306 -0.253468961
vn 0.506612718 0.823782563 -0.25441277
vn 0.994546711 0.0134339994 0.103424147
vn 0.987881839 0.0135989292 0.154610783
vn 0.893526435 0.0167313796 0.448698699
vn 0.877430022 0.0166627113 0.479415208
vn 0.982273877 0.00633090641 -0.187344462
vn 0.700011253 0.0126076005 0.71402055
vn 0.605368257 0.0121221347 0.795853198
vn 0.867358148 0.0167790223 0.497401655
vn 0.728674114 0.0125460159 0.684745669
vn 0.590483069 -0.00123607682 0.807049155
vn 0.591175973 -0.00977628957 0.806483328
vn 0.791126311 -0.0263259038 0.61108613
vn 0.741585076 -0.0239485949 0.670431256
vn 0.908198357 0.0296702981 -0.417486995
vn 0.833877087 0.0328446031 -0.550971985
vn 0.803429723 0.0328454338 -0.594493091
vn 0.418601155 -0.00175508508 -0.908168495
vn 0.692883968 0.0264404695 -0.720564246
vn 0.582241118 -0.0152517604 -0.812873125
vn 0.610353231 -0.0148478011 -0.791990161
vn 0.408434153 -0.00741515402 -0.912757635
vn 0.79601115 -0.00789090618 -0.605230451
vn 0.801413238 -0.00778895384 -0.598060429
vn 0.753348172 -0.0103295296 -0.657540739
vn 0.84553057 -0.0263032727 0.533278704
vn 0.989359975 -0.00388641632 0.145436704
vn 0.993459404 -0.00233002193 0.114162564
vn 0.993963897 0.0117770834 -0.109073065
vn 0.976043642 0.0201158449 -0.216642961
vn 0.358201116 0.933325529 0.0243976694
vn 0.428448558 0.90328306 -0.0226168185
vn 0.455422521 0.883461058 0.10994105
vn 0.50725621 0.861739755 -0.00978090242
vn 0.557908058 0.827881217 0.0578892976
vn 0.555081725 0.818308175 0.149184734
vn 0.499788016 0.837690413 0.220196873
vn 0.419166952 0.87650913 0.236708075
vn 0.35164839 0.916207552 0.192111909
vn 0.327877223 0.938453078 0.10863778
vn -0.323799133 0.717238605 -0.617027581
vn 0.0417697541 0.727071404 -0.685290039
vn -0.0439059474 0.613161266 -0.788736641
vn -0.333514661 0.781604528 -0.527126431
vn 0.223137319 0.725645483 -0.65088284
vn 0.360577643 0.53041786 -0.767229259
vn 0.342534989 0.802266717 -0.488915145
vn 0.66047585 0.623704195 -0.418048531
vn 0.321030378 0.945160151 -0.0600973628
vn 0.678363323 0.734243691 0.0266347136
vn 0.185839385 0.968927085 0.163229868
vn 0.328886062 0.812877774 0.480690956
vn 0.0337929167 0.979320228 0.199474066
vn -0.0466038026 0.860304534 0.507645607
vn -0.138461933 0.983069062 0.120014526
vn -0.315104872 0.883507907 0.34658739
vn -0.342149079 0.93159914 -0.122706369
vn -0.470238477 0.881269097 -0.0473336875
vn 0.123794831 0.912073612 -0.390891969
vn -0.0540990159 0.965557992 -0.254501581
vn 0.53104496 0.787319958 -0.313238949
vn 0.799517155 0.595351517 -0.0795543417
vn 0.806308985 0.570247412 0.157110184
vn 0.406810433 0.673940837 0.616691947
vn -0.0111098979 0.720170259 0.69370836
vn -0.12165682 0.860661209 0.49443084
vn -0.154970333 0.986813068 0.0467357039
vn 0.353215843 0.932483792 -0.0755814686
vn 0.267896414 0.962217569 -0.0486710966
vn 0.494104505 0.868958473 -0.02778529
vn 0.60700959 0.793647468 0.0407809243
vn 0.61191237 0.774015844 0.16267328
vn 0.461367071 0.801662982 0.380101115
vn 0.257375628 0.821072459 0.509507477
vn 0.21009694 0.908196867 0.361991376
vn 0.236327901 0.966065407 0.104243822
vn -0.459678054 0.014226825 -0.887971699
vn -0.190877244 -0.00366902375 -0.98160702
vn -0.731715262 0.0387602411 -0.6805076
vn -0.666361809 0.0329184122 -0.744901538
vn 0.30370605 -0.0413403697 -0.951868534
vn 0.487855762 -0.039979361 -0.872008204
vn 0.10667976 -0.0288157109 -0.993875802
vn 0.299560934 -0.0539986268 -0.952547789
vn 0.289883554 -0.0572803505 -0.955346227
vn 0.291268766 -0.0581779443 -0.954870641
vn 0.297834218 -0.0182000566 -0.95444417
vn 0.316580564 -0.0371206291 -0.947839081
vn 0.32455337 -0.0344684273 -0.945239067
vn 0.339669675 -0.00884937495 -0.94050312
vn 0.213288724 0.870311499 -0.443920791
vn 0.37608847 0.901063025 -0.215969652
vn -0.0677171573 0.98809123 -0.138167143
vn 0.329087138 0.930883288 -0.158612967
vn 0.077548407 0.994376361 -0.0721229389
vn 0.0457233936 0.996799529 -0.0655750185
vn 0.0234511867 0.997838616 -0.0613841228
vn -0.260378182 0.930688024 -0.256949604
vn -0.290677309 0.937108159 -0.193222567
vn -0.0730098411 0.987410307 -0.140322506
vn -0.0941509753 0.97436738 -0.204312637
vn -0.360744119 0.917376459 -0.168178946
vn -0.746042192 0.638918042 -0.187629476
vn -0.980084002 0.0924288556 -0.175761744
vn -0.98707217 0.0948793143 -0.129176289
vn -0.31559369 0.93125838 -0.182094648
vn -0.967916608 0.0750082508 -0.239815041
vn -0.960521281 0.072623089 -0.268560767
vn -0.903986692 0.0579249524 -0.423618644
vn 0.323090345 0.935636818 -0.142113656
vn 0.185944214 0.98255825 -0.0019824889
vn 0.00688597187 0.986189544 -0.165477544
vn 0.0196310766 0.979819655 -0.198916942
vn -0.072922945 0.903340876 -0.422678888
vn 0.123818964 0.879606843 -0.459304512
vn 0.930715978 0.365366638 -0.0165842175
vn 0.785722971 0.491557837 0.375513345
vn 0.730505645 0.405049354 0.54981488
vn 0.980359733 0.18922016 0.0555938445
vn 0.646862805 0.750583053 0.134883672
vn 0.333656609 0.895812809 0.293586016
vn 0.645942032 0.73120892 -0.219299927
vn 0.371237129 0.780822396 -0.502493143
vn 0.822121143 0.482820243 -0.301664412
vn 0.778171539 0.357839316 -0.516139567
vn 0.304181874 0.900537014 0.3106547
vn 0.633961916 0.763877273 -0.120763548
vn -0.216287732 0.969902158 -0.111845486
vn -0.306275845 0.685312688 -0.660712838
vn 0.191241279 0.637757123 -0.746118367
vn 0.686519265 0.716786623 0.122099712
vn 0.471427172 0.774610341 0.421586454
vn 0.722367823 0.690946519 -0.0278855134
vn 0.717727244 0.693490922 0.0627533272
vn 0.712518871 0.684306383 0.15505369
vn 0.675617576 0.707899213 0.205960289
vn 0.740499794 0.620476842 -0.258202255
vn 0.625944376 0.660438836 -0.414745927
vn 0.747944474 0.657281339 0.0925213695
vn 0.75298804 0.641248465 -0.147680268
vn 0.573914468 0.642368019 -0.507922709
vn 0.710915327 0.624187291 -0.324021012
vn 0.71870482 0.642065883 -0.266860932
vn 0.372168958 0.874270618 -0.311675012
vn 0.358906567 0.923892319 -0.132699534
vn 0.215256155 0.939076066 -0.267956734
vn 0.120675221 0.992530465 -0.0179125834
vn 0.0610447712 0.984059215 -0.167036131
vn 0.217077881 0.930067897 -0.296396703
vn 0.429831028 -0.757802784 -0.490897417
vn 0.68731153 -0.265234321 0.676205337
vn 0.780511022 -0.111189567 0.615174174
vn 0.723906457 -0.544730544 -0.423353344
vn 0.726554036 0.0107165975 0.687025666
vn 0.586791992 0.435237408 0.68282032
vn 0.587395608 0.761715174 0.273416311
vn 0.733278573 0.0119964909 0.679822445
vn 0.752942443 0.0164452642 0.657880843
vn 0.821622491 0.0424776785 0.568447232
vn 0.885220647 0.0722586513 0.45952493
vn 0.918716252 0.119327955 0.376459002
vn 0.945899844 0.168465033 0.277295947
vn 0.944253564 0.175829977 0.278332293
vn 0.957107067 0.111152306 0.267565399
vn 0.806738317 0.312221408 -0.501688182
vn 0.920179546 0.0222693272 0.390862793
vn 0.501116037 -0.258892596 -0.825746536
vn -0.490650058 0.761961341 0.422702521
vn -0.75555408 0.516395509 -0.403080225
vn -0.390215665 0.139086887 -0.910157442
vn 0.712629795 0.668144286 0.213873833
vn 0.676648319 0.468740135 -0.567828894
vn -0.185488001 0.880836189 0.435570687
vn -0.482721806 0.868176341 -0.115105733
vn 0.00819458812 0.741975188 -0.670377314
vn 0.949332178 0.146411419 0.278086692
vn 0.0902557373 0.792508364 0.603145421
vn -0.0500952266 0.903620839 0.42539376
vn -0.0566810407 0.953457832 0.296151102
vn -0.0931421295 0.970340192 0.223079503
vn 0.0303071905 0.984878719 0.170573711
vn 0.20470196 0.890077174 0.407258749
vn 0.369791329 0.593974888 0.714456558
vn 0.117088765 0.741025448 0.661189377
vn -0.149434209 0.649774075 0.745293856
vn 0.357864112 0.39034754 0.848269999
vn 0.141926646 0.898286343 0.415858656
vn -0.14904581 0.969888568 0.192617342
vn 0.409856319 0.862154245 0.297838688
vn 0.482250005 0.872713268 -0.0761993676
vn 0.566873312 0.656122744 0.498154312
vn 0.778234184 0.456030339 0.431726545
vn -0.360114247 0.683809698 0.634603798
vn -0.0315468349 0.423120618 0.905523956
vn -0.494276315 0.868854284 0.0279866736
vn -0.0455748215 0.980723202 -0.190013304
vn 0.43649739 0.649604976 0.622481644
vn 0.355492681 0.35615015 0.864165485
vn 0.475373745 0.242558464 0.845686316
vn 0.643809855 0.536663413 0.54543674
vn 0.523375511 0.440715671 0.729278982
vn 0.597837746 0.475593209 0.645291507
vn 0.716279089 0.526893973 0.457522571
vn 0.752759039 0.586683154 0.298591048
vn 0.765463233 0.587799609 0.261835396
vn 0.667691946 0.536376536 0.516224504
vn 0.782070398 0.406910598 0.472005814
vn 0.775416791 0.37699455 0.506560802
vn 0.762062728 0.320219785 0.562778533
vn 0.777034163 0.554075062 0.298694879
vn 0.650912404 0.283915848 0.704063058
vn 0.69056356 0.293534786 0.661028981
vn -0.35795179 0.933727145 -0.00490804343
vn -0.246718317 0.948211789 -0.200061068
vn -0.0122152874 0.998803914 -0.0473440476
vn -0.00596220046 0.999803007 -0.0189286452
vn 0.199899122 0.959350228 0.199216709
vn 0.00253084884 0.946452141 0.322834313
vn -0.695993245 0.660335064 0.282047987
vn -0.596443236 0.802407503 0.0199427996
vn -0.71192944 0.653006196 -0.258339494
vn -0.876400471 0.420486867 0.234761462
vn -0.331781417 0.938493967 0.095656693
vn -0.1028153 0.980148494 -0.169522449
vn -0.280577928 0.886715353 0.367439628
vn 0.0352956839 0.87820065 0.476988316
vn -0.480921715 0.724461854 0.493831217
vn -0.427615851 0.549940228 0.717433214
vn -0.326661289 0.702486575 -0.632301331
vn -0.67974025 0.708185673 -0.190856561
vn 0.228140846 0.943824828 -0.23905319
vn 0.641366363 0.725567818 0.249400258
vn 0.218346402 0.730647922 0.646899223
vn -0.201095432 0.979023457 0.0327664316
vn -0.1456898 0.989314795 0.00554303359
vn -0.34839806 0.746814072 0.566469312
vn -0.357267618 0.764244735 0.53692627
vn -0.406990647 0.854393244 0.323064417
vn -0.344146401 0.915272176 0.20938009
vn -0.256897926 0.964492738 0.0612955876
vn -0.138458058 0.989464819 -0.0422939435
vn -0.295940816 0.955119133 0.0129025523
vn -0.355070055 0.928159535 0.111558087
vn -0.450022161 0.843434989 0.293423802
vn -0.426742464 0.805592716 0.410988152
vn -0.376220167 0.718313754 0.585221052
vn -0.208888799 0.977799654 -0.0165314618
vn -0.026713552 0.418875277 0.907650709
vn 0.0370798446 0.412859648 0.910039485
vn -0.33216694 0.64865905 0.684767663
vn -0.1931528 0.559987605 0.805671096
vn -0.0104375621 0.402267128 0.915462792
vn -0.100967161 0.486540824 0.867803991
vn -0.309731394 0.653668404 0.690495431
vn 0.688081145 0.669743717 0.27926299
vn 0.600838482 0.699012578 0.38778156
vn 0.574562848 0.786775827 0.225524858
vn 0.490867972 0.824389756 0.28183347
vn 0.521133661 0.844862223 0.120944113
vn 0.637134612 0.764187515 0.100383088
vn 0.806190908 0.508492291 0.302476138
vn 0.726452947 0.555135727 0.405080974
vn 0.653422654 0.687557578 0.316707343
vn 0.714202523 0.676809072 0.178449571
vn 0.795953989 0.585507751 0.153746024
vn 0.808846176 0.451108932 0.377184927
vn 0.847196162 0.384936184 0.366173089
vn 0.793138504 0.530776322 0.298676848
vn 0.776721895 0.574014664 0.259249657
vn 0.729397535 0.636097074 0.251713306
vn 0.598157883 0.769342124 0.224320978
vn 0.776849508 0.574424207 0.257956684
vn 0.778636336 0.567873836 0.266917199
vn 0.853623033 0.427530617 0.29756543
vn 0.785313308 0.557919681 0.268344164
vn 0.852455556 0.44298932 0.277632654
vn -0.469557315 0.882693768 0.0191685632
vn -0.209286988 0.965496063 -0.15497157
vn -0.221510664 0.974288464 0.0411711968
vn 0.0169977844 0.999758661 0.0139169004
vn -0.0950761959 0.951934755 0.291171163
vn -0.398091406 0.862427473 0.312637269
vn 0.00902462937 0.998184204 -0.0595565215
vn -0.22211957 0.955505431 -0.194093436
vn 0.775888741 0.566624463 0.277368724
vn 0.828949034 0.481782913 0.284128278
vn 0.827859521 0.483753145 0.283956826
vn 0.890584886 0.352885902 0.28693217
vn -0.487048209 0.873275042 -0.0132250609
vn -0.278244913 0.89584744 -0.346463531
vn -0.819561899 0.561366856 0.114828221
vn 0.265661687 0.952867031 0.146520779
vn -0.151476786 0.96682936 0.205659553
vn 0.00497507257 0.797982812 0.602659643
vn -0.404438168 0.880623162 0.246845484
vn -0.484833479 0.611008883 0.625783324
vn -0.172234327 0.875885844 -0.450731903
vn -0.760422111 0.648907363 0.0260274503
vn 0.368702233 0.927933395 0.05475628
vn 0.0955551937 0.780994713 0.617184222
vn -0.483362764 0.626132548 0.611815751
vn 0.109618396 0.984069049 0.139970869
vn 0.127820358 0.982664347 0.134286284
vn 0.712512076 0.648651302 0.267540783
vn 0.0460876338 0.976245999 0.211706549
vn 0.107732065 0.983958364 0.142196134
vn 0.785313308 0.557919681 0.268344194
vn 0.560263157 0.800016522 0.214659587
vn 0.205997214 0.971753716 0.115150966
vn 0.011501831 0.99792248 0.0633900464
vn -0.022767501 0.998292625 0.0537910089
vn -0.135593101 0.972239375 0.190696478
vn -0.140309453 0.970199406 0.197551087
vn -0.159191996 0.960439205 0.228504464
vn -0.124261118 0.968583465 0.215418473
vn -0.121949501 0.968978941 0.214960724
vn -0.105729967 0.971680641 0.211324275
vn 0.384478956 0.904926479 0.182439342
vn 0.560263157 0.800016642 0.214659587
vn 0.716839612 0.647619426 0.258321524
vn 0.785313308 0.557919681 0.268344223
vn -0.41192624 0.877231181 0.246540725
vn -0.378633022 0.916902304 0.126203299
vn -0.29722777 0.942961454 0.149930581
vn -0.2773287 0.951495528 0.133210212
vn -0.216941029 0.947766066 0.233828887
vn -0.290006071 0.898274064 0.330151975
vn -0.688935339 0.594660461 0.414423674
vn -0.81939584 0.483564258 -0.30782479
vn -0.827128947 0.48174265 0.289450884
vn -0.700384915 0.487378061 0.521462977
vn -0.5665555 0.767670989 0.299493164
vn -0.466885 0.874756455 0.129690096
vn -0.367037356 0.792472541 0.487104416
vn -0.605626404 0.684275985 0.406181008
vn -0.60695374 0.696675003 0.382427871
vn -0.6069538 0.696675062 0.382427871
vn -0.60695374 0.696675003 0.382427871
vn -0.479124993 0.863008618 0.160172835
vn -0.474668682 0.725578845 0.498221964
vn -0.156492025 0.987611949 -0.0115297493
vn -0.00847183075 0.938614368 0.344864279
vn -0.576395214 0.576435149 0.579215944
vn -0.260503322 0.790287852 0.554601789
vn -0.969493032 0.211214498 -0.124384873
vn -0.960828602 0.174828187 -0.21504271
vn -0.897647798 0.113543138 -0.425836116
vn -0.960283279 0.189092919 0.205182835
vn -0.966960132 0.197168335 0.161594838
vn -0.927450359 0.236322686 -0.289805412
vn -0.951033831 0.272364855 -0.14612408
vn -0.939678669 0.332390338 -0.0807506517
vn -0.938477933 0.342018455 0.0477754287
vn -0.919657767 0.330487609 0.212150127
vn -0.844193161 0.388683647 0.369138032
vn -0.829938948 0.398483187 0.390400499
vn -0.80462575 0.321687549 0.499093622
vn -0.670753181 0.590709269 0.448500603
vn -0.617258132 0.683750212 0.389201641
vn -0.612337351 0.689980388 0.385966271
vn -0.6069538 0.696675003 0.382427871
vn -0.85122633 0.282699525 0.44214797
vn -0.951240003 0.194107264 0.239718378
vn -0.60695374 0.696675003 0.382427871
vn -0.624831796 0.673946917 0.394183785
vn -0.60695374 0.696675003 0.382427871
vn -0.61242044 0.689876258 0.38602078
vn -0.85009408 0.0967554078 0.517666221
vn -0.880287588 0.0947574377 0.464881599
vn -0.896780372 0.0852538273 0.434185207
vn -0.854909837 0.0871450007 0.511405051
vn -0.529019177 0.092548877 0.843548059
vn -0.5660851 0.0925866514 0.819130838
vn -0.790334463 0.0974158198 0.604881585
vn -0.282528341 0.092023164 0.954834878
vn -0.462870777 0.0959779695 0.88121438
vn -0.419187427 0.0962028503 0.90278846
vn 0.146372795 0.0966714174 0.984494627
vn -0.0549741499 0.108847924 0.992537081
vn -0.280522048 0.115879439 0.952826977
vn -0.319619 0.118236318 0.940140367
vn 0.0690027401 0.104997106 0.992075682
vn 0.175566971 0.10069266 0.979304492
vn 0.264524221 0.1458527 0.953285873
vn 0.0194027815 0.100726098 0.994724989
vn -0.749611259 0.603127301 0.272617519
vn -0.651216507 0.74961251 0.118314043
vn -0.536730528 0.796928763 0.277173281
vn -0.417168766 0.897374809 0.143835738
vn -0.436101705 0.858114123 0.271026641
vn -0.617604792 0.72647649 0.301324099
vn -0.667532682 0.638095915 0.383710504
vn -0.583571017 0.736394286 0.342298627
vn -0.509368241 0.787532508 0.346895546
vn -0.565360129 0.711264193 0.417697519
vn -0.490138203 0.712949038 0.501466155
vn -0.628242075 0.617596269 0.473166764
vn -0.654135883 0.556040943 0.512761772
vn -0.695209384 0.570877969 0.436786145
vn -0.696405292 0.591156125 0.406883478
vn -0.353820533 0.801337659 0.482357711
vn -0.398796231 0.886852503 0.233354494
vn -0.711933374 0.62253648 0.324960291
vn -0.79605484 0.504473031 0.334370315
vn -0.742954016 0.648488522 0.165776789
vn 0.96090132 0.0863429606 0.263084769
vn 0.966981709 0.0311817545 0.252931029
vn 0.871585369 -0.000872626784 0.490243018
vn 0.688741565 -0.00735536683 0.724969566
vn 0.741863251 0.00306466268 0.670544207
vn 0.92639941 0.0600049868 0.371730298
vn 0.979934394 0.0354291722 0.196146235
vn 0.979658246 0.0318658762 0.198126525
vn 0.979915857 0.0307004508 0.197034091
vn 0.979980707 0.030388033 0.196759567
vn 0.980294347 0.0303929877 0.195190713
vn 0.977238536 0.0324595198 0.20964545
vn 0.977014422 0.0323024951 0.210711405
vn 0.976272464 0.0317776725 0.21420154
vn 0.920859098 0.00668748282 0.38983804
vn 0.914787471 0.00532548549 0.403900355
vn 0.912101567 0.00501632737 0.409933686
vn 0.909035206 0.00466455566 0.41669324
vn 0.839583337 -0.00544582447 0.543203771
vn 0.977238536 0.0324595198 0.20964545
vn 0.980294347 0.0303929877 0.195190713
vn 0.979980707 0.030388033 0.196759567
vn 0.979915857 0.0307004508 0.197034091
vn 0.979658246 0.0318658762 0.198126525
vn 0.979934394 0.0354292057 0.196146294
vn 0.934905291 0.0117904423 0.35470143
vn 0.893166184 0.0181346759 0.449360996
vn 0.683250606 0.036010392 0.729295373
vn 0.417512745 0.0605173148 0.906653583
vn 0.351689637 0.0624191687 0.934033334
vn 0.359578282 0.0621169955 0.931045115
vn 0.382850409 0.0611854233 0.921781838
vn 0.359578252 0.0621169284 0.931045055
vn 0.839583337 -0.00544582447 0.543203771
vn 0.909035206 0.00466455566 0.41669324
vn 0.912101567 0.00501632737 0.409933686
vn 0.914787471 0.00532548549 0.403900355
vn 0.920859098 0.00668748282 0.38983804
vn 0.976272464 0.0317776725 0.21420154
vn 0.977014422 0.0323024951 0.210711405
vn -0.85009408 0.0967554227 0.517666161
vn -0.898660541 0.094889529 0.428258359
vn 0.941920161 0.120172352 0.313600183
vn 0.936210692 0.0478497297 0.348166704
vn 0.936210692 0.0478497297 0.348166704
vn 0.941920161 0.120172352 0.313600123
vn 0.755594194 0.0525177754 0.652931273
vn 0.851356983 0.0335930958 0.523509979
vn -0.703588665 0.116921708 0.70092243
vn -0.832188487 0.105189152 0.544424057
vn -0.558023989 0.117058709 0.821526945
vn -0.320921153 0.118250839 0.939694822
vn -0.307452291 0.117471367 0.944284618
vn 0.950634778 0.0772074163 0.300553977
vn 0.961106837 0.0848684236 0.262813538
vn 0.671698153 0.0605203249 0.738348901
vn 0.961106777 0.0848684162 0.262813509
vn 0.950634718 0.0772074088 0.300553918
vn 0.926399469 0.0600049905 0.371730328
vn 0.75635016 0.00660874508 0.654133618
vn 0.179072872 0.112491131 0.977383554
vn 0.448122501 0.195347384 0.872367859
vn 0.469706804 0.207985595 0.85797286
vn 0.648654222 0.0632106364 0.758453846
vn 0.648654222 0.0632106364 0.758453846
vn 0.469706804 0.207985595 0.85797286
vn 0.448122501 0.195347384 0.872367859
vn 0.179072872 0.112491131 0.977383554
vn 0.175566941 0.100692652 0.979304433
vn 0.28111887 0.095142737 0.954945028
vn 0.174491614 0.103689857 0.979183912
vn 0.171401486 0.0977878645 0.980336249
vn 0.146295324 0.0971480981 0.984459221
vn 0.293016672 0.0506614521 0.954764128
vn 0.324778199 0.0402874015 0.944931805
vn 0.336548567 0.0390034132 0.940858006
vn 0.35202384 0.037034601 0.935258031
vn 0.51975739 0.008621471 0.854270399
vn 0.594046056 -0.00696948497 0.804400742
vn 0.605511844 -0.00925393775 0.795782566
vn 0.709112108 -0.00236336817 0.705091774
vn 0.741863251 0.00306466268 0.670544207
vn 0.709112108 -0.00236336817 0.705091774
vn 0.605511844 -0.00925393775 0.795782566
vn 0.594046056 -0.00696948497 0.804400742
vn 0.51975739 0.008621471 0.854270399
vn 0.35202384 0.037034601 0.935258031
vn 0.336548567 0.0390034132 0.940858006
vn 0.324778199 0.0402874015 0.944931805
vn 0.293016672 0.0506614521 0.954764128
vn 0.146295324 0.0971480981 0.984459221
vn 0.171401471 0.0977878645 0.980336249
vn 0.174491599 0.103689857 0.979183912
vn 0.347829729 0.0633079112 0.935417891
vn 0.14933461 0.0783342943 0.985678911
vn 0.236726418 0.0616459958 0.969618678
vn 0.32305032 0.0390123427 0.945577443
vn 0.343355745 0.0366895981 0.938488483
vn 0.372958869 0.0326542445 0.927273095
vn 0.607239664 -0.0084432913 0.794473886
vn 0.730320871 -0.00944893528 0.68303901
vn 0.733272374 -0.00945937447 0.679869235
vn 0.737033367 -0.00962173473 0.675787866
vn 0.744231701 -0.0099355448 0.667847574
vn 0.758701801 -0.0100906836 0.651359975
vn 0.758701801 -0.0100907134 0.651359975
vn 0.744231701 -0.0099355448 0.667847574
vn 0.737033367 -0.00962173473 0.675787866
vn 0.733272374 -0.00945937447 0.679869235
vn 0.730320871 -0.00944893528 0.68303901
vn 0.607239664 -0.0084432615 0.794473886
vn 0.372958869 0.0326542743 0.927273095
vn 0.343355745 0.0366896279 0.938488483
vn 0.32305032 0.0390123129 0.945577443
vn 0.236726403 0.0616459958 0.969618678
vn 0.14933461 0.0783342943 0.985678911
vn 0.347829729 0.0633079112 0.935417891
vn 0.0799097046 0.0802990794 0.993562579
vn -0.170368969 0.0897425339 0.981285155
vn -0.261016488 0.0936000273 0.960785866
vn -0.6069538 0.696675062 0.382427871
vn -0.687032461 0.0858539641 0.721536934
vn -0.322972089 0.0914121866 0.941983461
vn -0.567691326 0.0875608549 0.818571687
vn -0.720417798 0.0833053067 0.688519001
vn -0.756332159 0.0816961601 0.649066627
vn -0.766201437 0.1708619 0.619468749
vn -0.716676772 0.128317609 0.685499191
vn -0.713824213 0.130425066 0.68807286
vn -0.667544365 0.202544436 0.71649164
vn -0.660436273 0.22494857 0.716395259
vn -0.651192188 0.228203073 0.723790109
vn -0.643231332 0.29619506 0.706060827
vn -0.642743409 0.299046725 0.705302775
vn -0.926913202 0.304135323 0.219848871
vn -0.965227127 0.0736004636 0.250837892
vn -0.85009408 0.0967554227 0.517666221
vn -0.643700838 0.298346817 0.704725742
vn -0.759046912 0.18841061 0.623176754
vn -0.905843914 0.25774616 0.336175203
vn -0.282528311 0.092023164 0.954834878
vn -0.563093483 0.101811372 0.820097744
vn -0.831164777 0.0993546098 0.547077537
vn -0.80761534 0.100694813 0.581049025
vn -0.690120041 0.104841292 0.716060579
vn -0.185957581 0.092797704 0.978165805
vn -0.0216228087 0.0913575441 0.995583355
vn -0.320698172 0.118210323 0.939775944
vn -0.560929537 0.108376563 0.82073909
vn 0.0737919584 0.0941753462 0.992817104
vn 0.233149394 0.210894614 0.949297011
vn 0.0599098541 0.257937491 0.964302301
vn 0.0585675985 0.250359744 0.966379821
vn 0.0623409599 0.496294111 0.865913272
vn 0.0477870926 0.268209457 0.962174654
vn -0.31961903 0.118236363 0.940140426
vn -0.198935285 0.120129891 0.972621918
vn 0.255783737 0.615237117 0.745692968
vn 0.166814506 0.601771295 0.781053305
vn 0.0605467968 0.564285874 0.82335633
vn 0.0662295148 0.111246727 0.991583467
vn 0.180240855 0.10088969 0.978434682
vn 0.425471365 0.420858681 0.801156759
vn 0.320196003 0.340418458 0.884075701
vn 0.358424753 0.378768981 0.853267729
vn 0.175566986 0.10069266 0.979304492
vn -0.155518815 0.815786362 -0.557051718
vn -0.0912436396 0.848897815 -0.520621836
vn -0.166338816 0.821228504 -0.545815885
vn -0.119668961 0.894779623 -0.430173069
vn -0.212526664 0.867832124 -0.449110031
vn -0.222721651 0.822448015 -0.523425579
vn -0.48298943 0.308823526 -0.819359064
vn -0.330327779 0.508896768 -0.794926167
vn 0.0917457268 0.823615849 -0.559678078
vn -0.134284571 0.653292716 -0.745101452
vn -0.431221932 0.688627899 -0.582957268
vn -0.111238018 0.940255642 -0.321784556
vn -0.607496023 0.595986485 -0.525117695
vn -0.347792894 0.87794292 -0.329023242
vn -0.64139694 0.382167935 -0.665250123
vn -0.42746979 0.722331285 -0.543605626
vn -0.614409208 0.355855316 -0.704179287
vn -0.73595041 0.209388942 -0.643842578
vn -0.706088126 0.249605328 -0.662673891
vn -0.618980408 0.348241597 -0.703982294
vn -0.622166932 0.344139516 -0.703190088
vn -0.681915343 0.27153033 -0.679163396
vn -0.723564982 0.269790024 -0.635347903
vn -0.778675199 0.263868153 -0.569244027
vn -0.813740313 0.296404511 -0.499971092
vn -0.866670728 0.250329614 -0.431528628
vn -0.737704456 0.206726447 -0.642694533
vn -0.822202265 0.209134787 -0.529382646
vn -0.792763829 0.209488496 -0.572398663
vn 0.0797488689 0.994363844 -0.069861412
vn -0.192177996 0.980626523 -0.0379387289
vn -0.178755969 0.965095222 -0.19140923
vn -0.456632048 0.852098584 -0.255763859
vn -0.335683078 0.807041883 -0.485798627
vn 0.00473676249 0.936349154 -0.351038247
vn 0.806658089 -0.536069632 0.248861611
vn 0.771423995 -0.360108763 0.524620533
vn 0.438169062 -0.428941548 0.789947391
vn 0.607083976 -0.751331508 0.258746773
vn 0.88884598 -0.0610494018 0.454120845
vn 0.690980732 0.326473922 0.644949913
vn 0.983508885 -0.0765675306 0.163852796
vn 0.970075965 0.2316605 -0.0727047399
vn 0.933892429 -0.354929805 0.043240346
vn 0.893566847 -0.40168339 -0.200471506
vn 0.198906437 -0.274175912 0.94088459
vn 0.667549789 -0.631733835 0.394068092
vn -0.107089706 0.770178914 0.628773689
vn 0.615051568 0.460961163 -0.639708042
vn 0.875677824 -0.365711123 -0.315346986
vn 0.0575437509 -0.0853847787 0.994684935
vn 0.791398883 -0.349595726 0.501468301
vn -0.826576173 0.458165199 0.326888949
vn 0.0137568396 0.268606782 -0.963151693
vn 0.869780362 -0.228589281 -0.437297434
vn -0.0995405093 0.0188941993 0.994854093
vn 0.837913334 -0.153671592 0.523723543
vn -0.970432281 0.186589137 0.153119639
vn -0.220563903 0.0552298501 -0.973807633
vn 0.837605774 -0.146527052 -0.526256919
vn -0.155532509 0.149400353 0.976467788
vn 0.862303138 0.113060229 0.493609756
vn -0.998130858 -0.0102297375 0.0602509305
vn -0.315745354 -0.138977259 -0.938610852
vn 0.785317719 -0.060720481 -0.61610806
vn -0.238386512 0.807010531 0.540283084
vn 0.615399659 0.752461612 0.234701306
vn -0.906838119 0.364340842 -0.211897269
vn -0.433592469 0.240479738 -0.868427873
vn 0.472381383 0.597684443 -0.647787869
vn 0.926704228 -0.257747293 0.273469329
vn 0.908539891 -0.223289996 0.353124529
vn 0.820040643 -0.118261822 0.559953034
vn 0.820015907 -0.11812868 0.560017467
vn 0.954426944 -0.266441524 0.13445507
vn 0.810827911 -0.141480625 0.567927241
vn 0.819981694 -0.118284434 0.560034513
vn 0.868129551 -0.203135356 0.452865481
vn 0.917585254 -0.27853319 0.283648849
vn 0.948304117 -0.28926456 0.130558565
vn 0.952616572 -0.290908039 0.0888487548
vn 0.944450915 -0.221026167 -0.243228078
vn 0.934426248 -0.201271415 -0.293832272
vn 0.957269847 -0.287058502 -0.035098251
vn 0.960197389 -0.277689904 -0.0301573221
vn 0.960750759 -0.273767024 0.0448297672
vn 0.944004655 -0.214796707 -0.250434697
vn -0.209919557 0.973405063 -0.09174072
vn 0.0229674 0.996039033 -0.0858992413
vn 0.0338596664 0.999409199 0.00589577295
vn 0.301882774 0.946768403 0.111786775
vn 0.232691094 0.922584355 0.30772239
vn -0.09522295 0.984650075 0.146276608
vn -0.495481074 0.55210042 -0.670584619
vn -0.213144228 0.606519222 -0.765966058
vn 0.00192926265 0.601981461 -0.79850775
vn -0.609298825 0.513002813 -0.604634643
vn 0.0295383148 0.825891197 -0.563055277
vn 0.399510443 0.849213421 -0.345293909
vn -0.183283165 0.937208056 -0.296729207
vn 0.0949890688 0.964153111 0.247761503
vn -0.560226917 0.712899625 -0.42180565
vn -0.661777735 0.742634118 0.102688089
vn 0.0758049712 0.397111923 -0.914634287
vn -0.802640021 0.165640488 -0.573002875
vn 0.594565153 0.767324626 -0.240218803
vn 0.204330876 0.811095417 0.548063099
vn -0.799550712 0.405107319 0.443403661
vn 0.0833006129 0.346402049 -0.934380352
vn -0.907483876 0.197374314 -0.370831847
vn 0.903371513 0.423862278 0.0652735606
vn 0.32496208 0.425020695 0.84484148
vn -0.706604183 0.250809908 0.661668241
vn 0.0281713419 0.872702062 -0.487439573
vn -0.676055074 0.68094033 -0.281549037
vn 0.757005572 0.624625564 0.191795766
vn 0.409395993 0.54956311 0.728268683
vn -0.442184836 0.772298932 0.456099808
vn -0.549868762 0.382466257 -0.74253875
vn -0.444938958 0.348058105 -0.825157523
vn 0.247797802 0.179513067 -0.952035367
vn -0.676367819 0.423892349 -0.602363467
vn 0.0502928346 0.230954573 -0.971663773
vn -0.244948909 0.422035754 -0.87286073
vn -0.902413607 0.42900759 0.04002662
vn -0.881522655 0.383764774 0.275031507
vn -0.355482012 0.455536664 -0.816161036
vn -0.432531625 0.479362041 -0.763628542
vn -0.890828371 0.452385962 -0.042092219
vn -0.865424454 0.307881862 0.395283848
vn -0.798135042 0.316690564 0.512530446
vn -0.910369933 0.393808872 0.127048522
vn -0.914106905 0.405082017 -0.0178045519
vn 0.25325051 0.967321634 0.0123776868
vn 0.194788173 0.980742395 -0.0142097129
vn 0.102542333 0.994671643 -0.0106497072
vn 0.13501066 0.982143581 -0.131018892
vn 0.0844566524 0.960168779 -0.266351074
vn 0.18464227 0.970787168 -0.153230593
vn 0.289397538 0.822226942 0.490093887
vn 0.617612302 0.720284998 0.315823674
vn 0.86979723 0.0981471166 0.483549416
vn 0.862891436 0.093910262 0.496587515
vn 0.855250001 0.0931514129 0.509774625
vn 0.554703653 0.223618433 0.801435411
vn 0.510641575 0.227373958 0.829184234
vn 0.376944125 0.278740972 0.883298635
vn 0.132429063 0.608623564 0.782329798
vn 0.785224795 0.450963348 0.424327821
vn 0.110481203 0.957033873 0.268104613
vn -0.275527805 0.925071895 0.261392951
vn 0.32680878 0.943667233 -0.051847931
vn 0.155844137 0.914884746 -0.372422576
vn 0.597574353 0.801810265 -0.002305259
vn 0.728936255 0.638208628 -0.247672722
vn 0.0978298858 0.328223437 0.939520478
vn 0.803199232 0.258088738 0.536899507
vn -0.675549984 0.68581605 0.270718515
vn -0.00032285924 0.74915123 -0.662398934
vn 0.801223159 0.481812149 -0.354821771
vn -0.0182322934 0.255309045 0.96668756
vn 0.825975537 0.189868867 0.5307675
vn -0.890274405 0.411254585 0.195655853
vn -0.166425884 0.423796952 -0.890336156
vn 0.820827484 0.273250699 -0.501573682
vn 0.167799369 0.843914211 0.509560764
vn 0.653800189 0.719976366 0.232764676
vn -0.28780964 0.939744234 -0.184516907
vn -0.0423175842 0.681132376 -0.730936408
vn 0.533099592 0.688546956 -0.491637975
vn 0.125573441 0.888586938 0.441185415
vn -0.0659876093 0.94949621 0.306761444
vn -0.0708380193 0.949625671 0.305275172
vn 0.304296523 0.358101308 0.882704437
vn 0.168050602 0.831282675 0.529837728
vn 0.159078777 0.867664456 0.471011937
vn 0.1408865 0.881719351 0.450246602
vn 0.311805665 0.949450612 -0.0363443419
vn 0.404403687 0.900026917 -0.162509233
vn 0.4113051 0.894739032 -0.173983201
vn 0.165170327 0.967836857 0.189764097
vn 0.231588438 0.966493249 0.110714406
vn 0.257360607 0.96412313 0.0650538802
vn 0.305136293 0.952007592 -0.0239478666
vn 0.502391756 0.830068171 -0.242052138
vn 0.505847514 0.828044534 -0.241785809
vn 0.510777295 0.825158596 -0.241287917
vn 0.703222036 0.597403467 -0.385470867
vn 0.853434563 0.366702378 -0.370376617
vn 0.893738091 0.33302173 -0.300547242
vn 0.948347747 0.313703209 0.0471886769
vn 0.960030973 0.174044713 0.219200417
vn 0.914265275 0.35492152 -0.195319116
vn 0.879152834 0.474107265 -0.048090294
vn 0.920995712 0.389166951 0.0177762024
vn 0.360708743 0.931984901 0.0359641798
vn 0.197715372 0.9731341 0.117977567
vn 0.271869451 0.961927593 -0.0279686209
vn 0.00457733357 0.998856604 -0.0475884266
vn 0.132836223 0.967162728 -0.216681451
vn 0.324728787 0.935318291 -0.140466511
vn 0.954829872 0.18954958 -0.228846788
vn 0.652181864 0.757317543 -0.0336005166
vn 0.982915699 -0.00495068589 0.183989599
vn 0.973665774 -0.150749013 -0.171025306
vn 0.562569857 0.796672881 -0.220969707
vn -0.141512036 0.362032562 -0.921361387
vn 0.728271306 0.449825913 -0.516988873
vn 0.157070294 0.0928837731 -0.983209789
vn 0.864852548 0.230665252 -0.445896387
vn 0.756368995 -0.074549064 -0.649883389
vn 0.493933529 0.115774125 0.861757576
vn 0.987215221 0.157419488 -0.0250065848
vn -0.698322356 0.611724675 -0.371670216
vn -0.0781841055 0.31106618 -0.94716692
vn 0.555091321 0.0920822993 -0.826676786
vn 0.103345014 0.812158823 0.574210644
vn 0.719321012 0.641273141 0.267106771
vn -0.455661118 0.888389647 -0.0560056008
vn -0.0249667708 0.78460753 -0.619489789
vn 0.615203679 0.671953499 -0.412314236
vn 0.735516548 0.254748762 -0.627788603
vn 0.648798168 0.339246571 -0.681155443
vn 0.353961557 0.554529965 -0.753131926
vn -0.0298235267 0.594557106 -0.803500116
vn -0.176947892 0.585921884 -0.79081285
vn 0.730925143 0.18533577 -0.656809866
vn -0.565396488 0.633251786 -0.528506339
vn 0.551554084 0.647811949 -0.525478601
vn 0.671904266 0.534618258 -0.512569904
vn 0.812849879 0.334512353 -0.476840168
vn -0.366259307 0.715711653 -0.594651997
vn 0.799258709 0.236022562 -0.552701533
vn 0.750695765 0.0734615326 -0.656551003
vn 0.632888436 -0.0524356551 -0.772465348
vn 0.546090662 -0.130764455 -0.827457428
vn 0.816627383 0.323699683 -0.477847546
vn 0.739093602 0.140915498 -0.658698201
vn 0.62426883 -0.0587175228 -0.778999805
vn 0.737358689 0.0674616694 -0.672124326
vn -0.1830616 0.978674948 -0.0931862816
vn 0.0363489948 0.982424736 -0.183085665
vn -0.12149296 0.991883993 0.0374909677
vn 0.0833225995 0.995726645 -0.0398219265
vn -0.107091323 0.991102695 0.0790385678
vn -0.243355379 0.968292594 0.0564609356
vn -0.534106135 -0.403744966 -0.742779076
vn -0.33619383 -0.260881215 -0.904939055
vn -0.118186332 -0.276859105 -0.953614712
vn -0.566003621 -0.443429887 -0.694989204
vn -0.403536677 -0.0132451728 -0.914867699
vn 0.0753025189 0.230529875 -0.970147192
vn -0.67836535 0.00175843632 -0.734722733
vn -0.833337128 0.438282222 -0.336835116
vn -0.73077327 -0.287094891 -0.619311631
vn -0.919294178 -0.23360087 -0.316747099
vn 0.11340525 -0.152701616 -0.981744111
vn -0.597068667 -0.241296753 -0.765039146
vn 0.798762202 0.205230325 -0.565561175
vn -0.467201263 0.501726747 0.728006244
vn -0.9838866 -0.0942800045 -0.151915729
vn 0.28155759 0.191482395 -0.940244555
vn -0.673276663 0.077764377 -0.735289872
vn 0.939536929 0.318421811 -0.126007095
vn -0.0448183827 0.256781816 0.965429664
vn -0.987614632 0.0731407627 0.138808563
vn 0.28147909 0.706600726 -0.649218738
vn -0.498060286 0.715210378 -0.490316391
vn 0.641661227 0.762454569 -0.0832694769
vn -0.0378612615 0.839827716 0.541531086
vn -0.730813801 0.653129101 0.198326409
vn -0.3790254 -0.281853557 -0.881418347
vn -0.334881812 -0.285642624 -0.897921145
vn -0.00607855292 -0.288739413 -0.957388401
vn -0.480998397 -0.245624691 -0.841611028
vn -0.790188789 -0.120509923 -0.600898445
vn -0.846322119 -0.0862530544 -0.525641859
vn -0.299648196 -0.279589087 -0.912162781
vn -0.425470412 -0.268235832 -0.864305794
vn -0.961524546 0.217501596 -0.167820424
vn -0.905584037 0.414299428 -0.0909587592
vn -0.91039896 -0.0330907702 -0.412405998
vn -0.961984932 0.168222323 -0.215142429
vn -0.947610915 0.233520135 -0.217949122
vn -0.945502281 0.226477921 -0.233951494
vn -0.938466489 0.199237287 -0.282108575
vn -0.936138868 0.187264517 -0.297617406
vn -0.931800425 0.147403598 -0.331692725
vn -0.881805122 -0.0252121538 -0.470939726
vn -0.86910665 -0.0365310013 -0.493274003
vn -0.0131685724 0.996836185 0.0783847868
vn -0.195291579 0.969501078 0.148083627
vn -0.0120530901 0.999924839 0.00225357153
vn -0.203285128 0.973824441 -0.101690859
vn 0.0104419002 0.947343349 -0.320049256
vn 0.117809094 0.97978735 -0.161671519
vn 0.641941488 -0.0781294629 0.762762666
vn 0.461816937 0.0095987767 0.886923313
vn -0.0691820085 0.401885122 0.913073003
vn 0.509443223 0.157734975 0.84592402
vn 0.512549281 0.257934511 0.819001257
vn -0.223184496 0.87057209 0.438512146
vn 0.898051977 0.405605465 0.170255065
vn 0.437554032 0.89888835 -0.0233728737
vn 0.919277191 0.11354515 0.376877904
vn 0.861192286 0.381117672 0.33629936
vn -0.304987371 0.283794731 0.909089208
vn 0.535795033 0.0381784886 0.843484581
vn -0.634078324 0.761927664 0.131950915
vn 0.360708147 0.747798324 -0.557393432
vn 0.968865454 0.23630327 0.0738943145
vn -0.447689503 0.174461529 0.877004743
vn 0.536433041 0.124185808 0.834755957
vn -0.914523363 0.356011927 -0.192100093
vn 0.206952199 0.380951554 -0.901136339
vn 0.972887337 0.216045007 -0.0825514272
vn -0.62202692 0.139531508 0.770463109
vn 0.567565262 0.182373539 0.802875817
vn -0.885934949 0.14475663 -0.440641165
vn 0.0541832522 0.187330216 -0.980801523
vn 0.930932462 0.213538632 -0.296253145
vn -0.537722111 0.663918853 0.519679427
vn 0.250731647 0.792289197 0.556247592
vn -0.68935734 0.646365225 -0.327106029
vn 0.0185649879 0.579876125 -0.81449312
vn 0.588311613 0.724547684 -0.359054565
vn 0.428036481 -0.0200962871 0.903537989
vn 0.130041197 -0.0801285133 0.988265574
vn -0.0674477369 -0.102892958 0.99240303
vn 0.543791533 0.0056722397 0.839201152
vn 0.149040788 -0.0754289106 0.985949993
vn 0.313066512 -0.04096267 0.948847473
vn 0.371959686 -0.0275225434 0.92784071
vn 0.655259967 0.0420995764 0.754229426
vn 0.786565006 0.0881735384 0.611179948
vn 0.959919512 0.176340178 0.217850372
vn 0.979229927 0.197539732 0.0456823632
vn 0.64954555 0.0326451063 0.759621501
vn 0.911095738 0.135971949 0.389122456
vn 0.900338948 0.130181089 0.415261984
vn -0.47716102 0.866049051 0.149252802
vn -0.364150494 0.919600308 0.147409528
vn -0.138235971 0.982019782 0.128561333
vn -0.173995197 0.963705003 0.202480227
vn -0.0880682915 0.976419151 0.197103128
vn -0.253433049 0.952337027 0.169781715
vn -0.94202292 0.304950327 0.139992744
vn -0.884592772 0.453845561 -0.10733027
vn -0.859024942 0.324262261 -0.396144152
vn -0.990645528 0.0601273924 0.1224996
vn -0.722292244 0.688780129 -0.0622571856
vn -0.413725495 0.841153443 -0.348270059
vn -0.664621413 0.689136803 0.28873688
vn -0.254693359 0.847021878 0.466567427
vn -0.825553894 0.409251541 0.388553649
vn -0.694803417 0.256584376 0.671872497
vn -0.759672642 0.206161395 -0.616761625
vn -0.982550621 -0.0362814665 0.182422593
vn 0.114488393 0.767329633 -0.630949855
vn 0.323698908 0.731687248 0.599877179
vn -0.527545869 0.137376562 0.838345408
vn -0.672459126 0.218166262 -0.70724982
vn -0.967603743 0.0237149801 0.251357675
vn 0.560739815 0.441179395 -0.700665057
vn 0.766035795 0.280437738 0.578397691
vn -0.366164953 0.0217746533 0.930295169
vn -0.677251697 0.175632924 -0.714481056
vn -0.982383072 0.0234550107 0.185400292
vn 0.672798157 0.25542891 -0.694333255
vn 0.856897831 0.0938174799 0.506877244
vn -0.248697683 -0.048873961 0.967347205
vn -0.752866864 0.611468852 -0.243510649
vn -0.909157038 0.391949505 0.14074412
vn 0.11191722 0.992667556 -0.0456702448
vn 0.458099723 0.756487966 0.466766
vn -0.385342181 0.722374678 0.574183106
vn -0.970900953 0.221769705 -0.0903849304
vn -0.880305231 0.322075486 -0.348324567
vn -0.675027609 0.410919189 -0.612766683
vn -0.960820913 0.00829482079 0.277045637
vn -0.968921661 0.0275643729 0.24582693
vn -0.660951972 0.557146847 -0.502722442
vn -0.948143542 0.258199126 0.185356513
vn -0.892309129 0.0100287013 0.451313555
vn -0.890891671 0.00911785383 0.454124242
vn -0.733023584 0.537900448 -0.416340619
vn -0.927945673 0.372228414 0.0190536957
vn -0.661518872 -0.110876478 0.741686642
vn -0.920445144 -0.0428512357 0.38851589
vn 0.0196363758 0.997220874 0.0718677416
vn 0.0244526211 0.921738088 0.387041271
vn -0.183786452 0.982965291 0.00139996107
vn -0.304016292 0.875991166 0.374451071
vn -0.364670217 0.929414153 0.0566127822
vn -0.186649159 0.980127931 -0.0671657473
vn 0.77799356 -0.595440209 -0.200442195
vn 0.900027156 -0.427404195 0.0853038356
vn 0.859624267 -0.389994353 0.330076665
vn 0.726554811 -0.668587089 -0.158459604
vn 0.98654294 -0.162106469 -0.0213207304
vn 0.928642213 0.213248387 0.303560138
vn 0.752747893 -0.127030447 -0.645936489
vn 0.417981714 0.229393095 -0.879016578
vn 0.602913797 -0.400654763 -0.68990618
vn 0.325719625 -0.336999565 -0.883367419
vn 0.844735742 -0.241958752 0.477365136
vn 0.843062401 -0.479109079 -0.244336665
vn 0.232575729 0.451097488 0.861637652
vn -0.376324266 0.351457417 -0.857238472
vn 0.380192459 -0.324551284 -0.866094768
vn 0.772564232 -0.0877778754 0.62883991
vn 0.922759891 -0.240754202 -0.300917834
vn -0.349583238 0.15171431 0.924540102
vn -0.831389427 0.049559325 -0.553475738
vn 0.214936614 -0.197276264 -0.956495881
vn 0.696551144 0.00553749036 0.717485845
vn 0.931041181 -0.0267329793 -0.363933563
vn -0.515021324 -0.0333333313 0.856528938
vn -0.912308812 -0.0925111249 -0.398916543
vn 0.129832283 -0.0786791146 -0.98840934
vn 0.623036921 0.0992445424 0.77587086
vn 0.906576753 0.125427023 -0.40297246
vn -0.591646016 -0.0576352142 0.804135025
vn -0.935491681 -0.109072283 -0.336093277
vn 0.0396366939 0.01106783 -0.999152899
vn 0.374106824 0.505764663 0.777332783
vn 0.615802288 0.785195291 -0.0652365237
vn -0.479090542 0.34898597 0.805407405
vn -0.836926818 0.546467721 -0.0304392185
vn -0.140558198 0.763710976 -0.630070508
vn 0.866498232 -0.409026533 -0.286143303
vn 0.927714467 -0.372846246 0.0182050038
vn 0.913882196 -0.322283298 0.246886164
vn 0.836338162 -0.400989234 -0.373826265
vn 0.928206742 -0.35788548 0.101735838
vn 0.919544935 -0.387317002 -0.0665029883
vn 0.643763125 -0.315740854 -0.697048604
vn 0.631507456 -0.306843072 -0.712071419
vn 0.885976553 -0.404032171 -0.227603734
vn 0.839881837 -0.389860481 -0.37763381
vn 0.437983006 -0.185384139 -0.879661024
vn 0.618380964 -0.316548526 -0.719306588
vn 0.750917673 -0.369951993 -0.547045112
vn -0.0237033404 0.930944562 0.364390254
vn -0.271079719 0.944595933 0.185079515
vn 0.0523293205 0.988706887 0.140429139
vn -0.200574964 0.972145736 -0.121253297
vn 0.0695106238 0.996605039 -0.0441190787
vn 0.141585037 0.966778398 0.212822124
vn -0.0070818807 0.032491982 0.999446869
vn -0.537433565 0.260108382 0.802189946
vn 0.460346311 -0.856239676 0.234381631
vn 0.605742157 -0.483636975 0.631800354
vn -0.595761418 0.552115381 0.583298445
vn 0.662430882 0.00464109611 -0.749108613
vn 0.173952743 0.436394006 0.882780135
vn 0.919911981 0.0119438833 -0.391943008
vn 0.244058132 0.169191718 0.954887331
vn 0.967912793 -0.239680186 0.0754855126
vn -0.546215534 -0.373965681 0.749532163
vn 0.398039192 -0.346768826 0.849303246
vn 0.0377134047 0.260376275 -0.964770377
vn 0.899198949 0.131217837 -0.417400301
vn 0.938796222 -0.129931182 0.319028705
vn -0.815624535 -0.248227298 0.522627831
vn 0.266785085 -0.230610371 0.93575877
vn -0.320767283 0.144342855 -0.93609488
vn 0.822948813 0.178440183 -0.539364696
vn 0.937763214 -0.0207256917 0.346656233
vn -0.877489865 -0.0461764894 0.477366954
vn 0.111204043 -0.0697161779 0.99134928
vn -0.51481837 0.13853319 -0.846032143
vn 0.750982642 0.160175979 -0.640600383
vn 0.893182516 0.0305903405 0.448652595
vn -0.7463094 0.582069695 0.322826743
vn -0.0282483157 0.502183616 0.864299536
vn -0.506416738 0.636221886 -0.582034171
vn 0.390177488 0.754847348 -0.527225912
vn 0.607703149 0.670242071 0.425995886
vn 0.411818773 0.0222394485 0.910994351
vn 0.189187974 0.144721135 0.971217632
vn 0.0543016568 0.210915864 0.975994766
vn -0.4269844 0.451400131 0.783531964
vn -0.47573939 0.47067827 0.743057311
vn -0.567619205 0.48773703 0.663265407
vn -0.737439692 0.537365913 0.409170747
vn -0.576166034 0.46188724 0.674309194
vn -0.158533767 0.277631938 0.947516441
vn -0.0143303545 0.207212925 0.978190958
vn -0.599552035 0.47037518 0.647521913
vn 0.00089845102 0.199177757 0.979963005
vn 0.0072326865 0.195815012 0.980614185
vn 0.0625246912 0.169868335 0.983481228
vn 0.528583884 -0.0656517446 0.84633857
vn 0.601774693 -0.100568503 0.792308807
vn 0.818838239 -0.223204046 0.528851569
vn 0.641239703 -0.117615588 0.758273244
vn 0.535465479 -0.0611044168 0.842343688
vn -0.0132167367 0.943419814 -0.331337035
vn 0.232166514 0.963785708 -0.131208882
vn -0.214902267 0.9412238 -0.260604411
vn -0.0201997776 0.993301988 0.113768227
vn -0.285398662 0.95675689 -0.0562465638
vn -0.240367219 0.930476248 -0.276473254
vn -0.0192868784 -0.231803775 -0.972571373
vn 0.195809245 -0.129052907 -0.972113192
vn 0.544468224 -0.190274104 -0.816915035
vn 0.0618910305 -0.298640907 -0.952356577
vn 0.0212110914 0.11214947 -0.993464947
vn 0.229481697 0.660598278 -0.714806318
vn -0.329224974 0.0522144102 -0.94280678
vn -0.888917089 0.377066076 -0.260091364
vn -0.277527094 -0.143813819 -0.949892819
vn -0.679403603 -0.00575490622 -0.733742177
vn 0.844817162 -0.171475083 -0.506833553
vn 0.212175339 -0.121066131 -0.969703436
vn 0.478379995 0.541998148 0.690934718
vn -0.831177473 0.537284195 -0.143072054
vn -0.510210991 0.171441883 -0.842788577
vn 0.981040359 0.0497106984 -0.187319696
vn 0.366825372 0.103337333 -0.924532652
vn 0.315655798 0.317667097 0.894119143
vn -0.82635361 0.496926695 0.264959425
vn -0.563056648 0.333961189 -0.755934656
vn 0.957251787 0.204430073 -0.204639599
vn 0.398884714 0.0152087556 -0.916874886
vn 0.30524087 0.387827754 0.869722724
vn -0.921575189 0.177296922 0.345347613
vn -0.672894895 -0.0306220595 -0.739104033
vn 0.787159085 0.611533284 -0.0800477937
vn 0.359119326 0.608503342 -0.70764184
vn 0.261396945 0.775586069 0.574576378
vn -0.682379544 0.65739727 0.319666982
vn -0.59261173 0.615645885 -0.519414604
vn 0.609180629 -0.31353721 -0.72841835
vn 0.792699397 -0.346359819 -0.501659632
vn 0.52496475 -0.278572828 -0.804244578
vn -0.118304096 -0.0988674238 -0.988043249
vn -0.361980677 0.015102922 -0.932063282
vn 0.607625127 -0.323168635 -0.725502491
vn 0.510156929 -0.298136115 -0.806755781
vn -0.084836483 -0.113008268 -0.989965618
vn -0.783540308 0.293208301 -0.547807992
vn -0.850453615 0.367650986 -0.376246452
vn -0.712604344 0.227633208 -0.663609982
vn -0.79464525 0.316722393 -0.517905235
vn -0.686905503 0.239578128 -0.686121821
vn -0.563834071 0.178811774 -0.806298554
vn -0.273726612 0.0226360597 -0.961541116
vn -0.0759683251 -0.0731040612 -0.994426727
vn 0.394048065 -0.236105993 -0.888245463
vn 0.102100171 0.989414155 0.103126906
vn 0.0237631183 0.935914755 0.351424128
vn -0.231950447 0.971954644 -0.0387692489
vn -0.312700808 0.919475198 0.238292873
vn -0.342525274 0.939436197 0.0116601735
vn -0.155465081 0.987536192 -0.024552498
vn 0.949948609 -0.312356472 0.0055712508
vn 0.884278119 -0.412185043 -0.219444409
vn 0.865318894 -0.347186893 -0.361503065
vn 0.880116701 -0.3456631 -0.325440884
vn 0.893131256 -0.343542099 -0.290336579
vn 0.933320343 -0.324847013 -0.152929738
vn 0.932286799 -0.226260766 0.282218665
vn 0.886738956 -0.177509114 0.426830739
vn 0.413203537 -0.271096289 -0.869350135
vn 0.825593293 -0.32775709 -0.459315687
vn 0.81263572 -0.0846559927 0.576590419
vn 0.90125978 -0.396465838 -0.17477335
vn 0.992013931 -0.0998783186 -0.0770234019
vn 0.613695264 0.378894389 0.692688406
vn 0.876232684 -0.102814451 -0.470792443
vn 0.549206197 0.338807911 -0.763925135
vn 0.710588455 -0.231047109 -0.664591134
vn 0.759858251 0.180822954 0.624434531
vn 0.985829711 -0.0313467011 -0.164794102
vn -0.0981972441 0.729757011 0.676618099
vn -0.285772294 0.673283339 -0.681926489
vn 0.528514862 0.141964436 -0.836969733
vn 0.678551495 0.172533482 0.714002907
vn 0.976233363 0.132626414 -0.171401963
vn -0.586135566 0.254771471 0.769114077
vn -0.728690684 0.212163866 -0.651150107
vn 0.39182359 0.136498541 -0.909858406
vn 0.592905045 0.206670478 0.778300047
vn 0.960592389 0.266393691 -0.0793522745
vn -0.619738817 -0.0373091586 0.783920705
vn -0.861219645 -0.108888328 -0.496431172
vn 0.335141033 0.132049143 -0.932868481
vn 0.376534283 0.546633065 0.747940063
vn 0.691994846 0.705065191 0.155003533
vn -0.509338319 0.52942425 0.678442657
vn -0.798918724 0.585523903 -0.137443021
vn 0.0434336849 0.900863528 -0.431924105
vn 0.83333534 -0.137100011 0.535495818
vn 0.832814276 -0.136747926 0.536395788
vn 0.930113316 -0.22345905 0.291470796
vn 0.956055284 -0.293164492 -0.00359493634
vn 0.901124477 -0.332727581 -0.277969241
vn 0.83289659 -0.136806741 0.536252856
vn 0.748923957 -0.333174825 -0.572806656
vn 0.579517961 -0.312338471 -0.752730787
vn 0.390134126 -0.263841718 -0.882146716
vn -0.0291640386 0.960764706 -0.27582708
vn 0.244187772 0.969121277 -0.0342937484
vn -0.0688805729 0.997592926 0.00797919929
vn 0.05328504 0.943693697 0.32650128
vn -0.368947834 0.890811026 0.26520437
vn -0.386223704 0.914662957 -0.119260423
vn -0.0441537499 -0.237050623 -0.970493436
vn 0.343056768 0.0720440447 -0.936547756
vn 0.787014902 0.093411766 -0.6098212
vn 0.365726233 -0.146225989 -0.919163942
vn 0.418571532 0.533685088 -0.734831929
vn 0.712993443 0.634836972 -0.297695041
vn 0.143814027 0.549516618 -0.823012114
vn -0.0542638563 0.827890515 -0.558258712
vn -0.281624079 -0.0924808159 -0.95505774
vn -0.449000031 -0.107901379 -0.886992753
vn 0.802740812 -0.0393452048 -0.595028698
vn 0.182601959 -0.145899728 -0.972301304
vn 0.849594831 0.386175781 0.359244853
vn -0.945509672 0.32536 0.012337504
vn -0.575968623 -0.0535760038 -0.81571424
vn 0.877616644 -0.0210132618 -0.47890237
vn 0.0318829343 -0.0267047528 -0.999134779
vn 0.384388983 -0.0745013431 0.920160174
vn -0.859186053 0.0218434278 0.511196733
vn -0.726264119 0.0274631474 -0.686866879
vn 0.794047713 0.571079373 -0.208222404
vn 0.0483973548 0.561843395 -0.825826645
vn 0.27804026 0.471014589 0.837161183
vn -0.75948751 0.354170591 0.545657158
vn -0.793175936 0.474359483 -0.381909758
vn -0.20016329 -0.0420726798 -0.978858829
vn -0.175236464 0.000178386355 -0.984526336
vn 0.0189307891 0.321598351 -0.946686924
vn -0.536067367 -0.346472979 -0.769797444
vn 0.074027963 0.379035652 -0.922416329
vn 0.101844862 0.448586285 -0.887917817
vn 0.254034996 0.767608702 -0.588424325
vn 0.177271262 0.362353683 -0.915027201
vn 0.0630139932 0.190854952 -0.979593635
vn 0.220163658 0.539275467 -0.81284076
vn -0.42154333 -0.25271678 -0.870881975
vn -0.556692958 -0.364138693 -0.746656537
vn -0.569280982 -0.369640946 -0.734360158
vn 0.0130935963 0.134260938 -0.990859568
vn -0.129226223 -0.0327929072 -0.991072714
vn -0.558295488 -0.366164148 -0.744466245
vn -0.536575437 -0.346985668 -0.769212365
vn -0.0484191254 0.948567808 0.312849373
vn -0.113035277 0.993584037 0.00370846433
vn 0.0140670901 0.99573344 -0.0911974832
vn 0.0279531553 0.970379591 -0.239962712
vn 0.23937425 0.951963365 -0.190960184
vn 0.251551092 0.949977577 0.185106978
vn -0.257493883 0.0853000954 0.962507606
vn -0.444647878 0.238076389 0.863485873
vn -0.676970124 0.169707239 0.716177881
vn -0.256407052 -0.0809865296 0.963170111
vn -0.297067225 0.496625483 0.81554538
vn -0.405796617 0.800483763 0.441083968
vn 0.112462848 0.479959846 0.870052159
vn 0.519456923 0.568417907 0.638016999
vn 0.0132468641 0.171209916 0.985145569
vn 0.310064554 0.0336445048 0.950120032
vn -0.847842336 0.253521919 0.465714395
vn -0.261021733 -0.03781287 0.964592099
vn -0.388732284 0.823570669 -0.41305995
vn 0.854365051 0.516909897 0.0535198636
vn 0.514279187 0.0208419356 0.857369542
vn -0.996994972 0.0749830008 -0.0194551311
vn -0.588841617 -0.070906952 0.805132091
vn -0.525359809 0.144544125 -0.838512957
vn 0.643989027 0.0467807017 -0.763603091
vn 0.548210323 -0.163795874 0.820144176
vn -0.658788085 0.751978278 0.0229583457
vn -0.284106135 0.532554328 0.797288895
vn -0.145591617 0.649802625 -0.746029139
vn 0.624943435 0.584507108 -0.517491281
vn 0.629995763 0.523468673 0.573660254
vn -0.624018431 -0.00125144608 0.781408668
vn -0.692517757 -0.0537112392 0.719398558
vn -0.704195738 -0.0439720824 0.7086429
vn -0.257708371 0.280631751 0.924571335
vn -0.110268474 0.395596415 0.911780894
vn -0.649043262 -0.0168310273 0.760565281
vn -0.622174025 0.00448662648 0.78286612
vn -0.316962332 0.24461104 0.916351676
vn 0.229869619 0.634561598 0.737896681
vn 0.267040521 0.656378686 0.705589473
vn 0.523872554 0.813022912 0.254069567
vn 0.561163664 0.820410132 0.109647959
vn 0.25549227 0.729118645 0.634909153
vn 0.213030517 0.698746383 0.682914019
vn -0.145630568 0.524718821 0.838726401
vn -0.264463156 0.405491024 0.875006378
vn -0.348701209 0.30812636 0.885135829
vn -0.619372487 0.047178492 0.783678472
vn -0.663697958 -0.00740510738 0.747964025
vn -0.209132656 0.972754121 0.100064412
vn 0.136249498 0.989008248 0.0574357919
vn 0.0578923374 0.97467804 0.215988755
vn 0.41379559 0.871586084 0.262889504
vn 0.196850628 0.840587139 0.504641593
vn -0.198744014 0.905646086 0.374574393
vn -0.816950798 -0.43052116 -0.383722365
vn -0.598712146 -0.290575087 -0.746397972
vn -0.158745721 -0.202145159 -0.9664042
vn -0.776972771 -0.478264689 -0.409360796
vn -0.844376087 -0.0565239899 -0.532760859
vn -0.288301051 0.340186149 -0.895073056
vn -0.980215907 -0.0729844719 -0.183983788
vn -0.929786921 0.241551608 0.277756959
vn -0.934179485 -0.320865452 -0.156057805
vn -0.95325774 -0.287697881 0.0923562869
vn -0.209308714 -0.00837588031 -0.977813721
vn -0.844720364 -0.19322966 -0.499109119
vn 0.536013782 0.679881692 -0.500449836
vn -0.371413171 0.549715996 0.748241007
vn -0.970397949 -0.00270705298 0.24149631
vn 0.00937251281 0.132206962 -0.991177857
vn -0.847508729 0.050336156 -0.528389156
vn 0.923968434 0.312570691 -0.220412895
vn -0.00351084745 0.252057999 0.967705846
vn -0.924808443 0.0883264244 0.370037556
vn 0.141833484 0.225620911 -0.963835299
vn -0.827842057 0.212040469 -0.519342005
vn 0.997047603 0.0268816948 -0.0719272792
vn 0.173417836 -0.098220855 0.979938149
vn -0.871857762 0.0460406989 0.487590224
vn 0.254601687 0.804786205 -0.536187649
vn -0.67206794 0.696809709 -0.250560969
vn 0.889799237 0.422247082 0.173102871
vn 0.303413749 0.298724741 0.904822528
vn -0.665518939 0.491874903 0.561376452
vn -0.828646898 -0.348994046 -0.43766129
vn -0.734052062 -0.328796536 -0.594188929
vn -0.539294481 -0.277861834 -0.794955492
vn -0.289848298 -0.181983113 -0.939611614
vn -0.55136621 -0.260531098 -0.792539418
vn -0.543331087 -0.259674549 -0.798348665
vn -0.907232523 -0.297334969 -0.297524869
vn -0.966204643 -0.257622898 -0.00888835639
vn -0.607005298 -0.271631867 -0.746833861
vn -0.873493254 -0.304730713 -0.379669458
vn -0.938517392 -0.234564483 0.253307372
vn -0.887056589 -0.172251865 0.428322196
vn -0.862272561 -0.349628985 -0.366395384
vn -0.937665582 -0.236570299 0.254593164
vn -0.948524654 -0.309477538 -0.0672656521
vn 0.220108196 0.886891484 -0.406172186
vn -0.0206513945 0.984422028 -0.174604356
vn -0.032324791 0.944561422 -0.32673952
vn -0.360642195 0.922260404 -0.139186397
vn -0.346290201 0.836933017 -0.423823357
vn 0.0265715774 0.811305106 -0.584018946
vn 0.972007513 0.233686015 -0.0243372675
vn 0.901431859 0.383149773 0.201536506
vn 0.778059006 0.617951393 0.112961449
vn 0.898849487 0.236785188 -0.368785173
vn 0.797082067 0.583270311 0.156383663
vn 0.0048615355 0.984960973 -0.172708824
vn 0.845280647 0.481285304 -0.232088476
vn -0.0419126004 0.535174608 -0.843701005
vn 0.933333635 0.238881573 -0.267999738
vn 0.508202851 0.192623943 -0.839420021
vn 0.653357029 0.571101189 0.496958822
vn 0.963499129 0.130709484 -0.233633295
vn -0.4132303 0.890038311 0.19254227
vn -0.435807675 0.455996335 -0.775976181
vn 0.431595892 0.0579235703 -0.900205433
vn 0.0173950884 0.346813738 0.937772691
vn 0.943356276 -0.233408242 -0.235795677
vn -0.893726587 0.268770128 0.359187216
vn -0.891561091 -0.0252126437 -0.452198356
vn -0.103956297 -0.32614553 -0.939586163
vn 0.0715248808 0.916784108 0.392926395
vn 0.713673711 0.554297149 -0.428280652
vn -0.761062324 0.609848261 0.221064106
vn -0.772149444 0.390503168 -0.501290977
vn 0.0536778904 0.288823754 -0.95587635
vn 0.909748316 0.4026618 -0.101101168
vn 0.875392258 0.4511379 0.173675537
vn 0.655916154 0.441847682 0.612000465
vn 0.84048903 0.332220823 -0.428027302
vn 0.926242054 0.369909793 -0.0724039227
vn 0.922733486 0.350538105 -0.160268724
vn 0.841787279 0.435779065 0.318576306
vn 0.681255937 0.184022158 -0.708537936
vn 0.450768799 0.0946405604 -0.887609482
vn 0.305978775 0.0402447693 -0.951187253
vn 0.895304859 0.320471942 -0.309397668
vn 0.216610268 0.00543598877 -0.976243019
vn 0.762909234 0.267652661 -0.588499248
vn 0.290416092 0.0353353061 -0.956247866
vn 0.652036071 0.19201079 -0.733471692
vn -0.305531442 0.949886382 -0.0660790429
vn -0.260223806 0.949864984 -0.173320532
vn -0.075851649 0.995761633 -0.0520122387
vn -0.0108144581 0.989691198 -0.142808661
vn 0.0852432027 0.995404482 -0.0436292216
vn -0.0871554315 0.995975971 -0.0208785739
vn -0.930869281 0.0904047191 0.353990555
vn -0.899267852 0.266007394 -0.347213745
vn -0.806390762 0.166232765 -0.567539036
vn -0.997587502 0.00311564165 -0.0693496913
vn -0.773081064 0.522163808 -0.360125661
vn -0.390847415 0.584299624 -0.711218834
vn -0.732458115 0.476666242 0.486101121
vn -0.280690283 0.948656082 -0.145823658
vn -0.796741784 0.217079222 0.56398505
vn -0.426940858 0.533530056 0.73011452
vn -0.803958356 0.326011807 -0.497360259
vn -0.932377398 0.127855361 0.338120252
vn 0.105017751 0.766645432 -0.633424163
vn 0.48639521 0.767297328 0.417940915
vn -0.268613309 0.339822412 0.901314437
vn -0.79147166 0.171845481 -0.586550653
vn -0.947231293 0.135455877 0.290524572
vn 0.344229907 0.400392234 -0.849230111
vn 0.777839363 0.453985095 0.43458426
vn -0.169222146 0.267953902 0.948453724
vn -0.625042856 0.619313538 -0.475154996
vn -0.766894281 0.640162289 0.0454466157
vn 0.20858936 0.84338069 -0.495176196
vn 0.582015991 0.801887393 0.135033056
vn -0.0987456515 0.891528726 0.442070067
vn -0.915701628 -0.169458702 -0.364381999
vn -0.903520107 -0.174705565 -0.391317487
vn -0.774806738 -0.173723593 -0.607860804
vn -0.947829902 -0.136444494 0.288099587
vn -0.950460494 -0.137239143 0.278909028
vn -0.953113854 -0.137817666 0.269407183
vn -0.88667953 -0.0807382464 -0.455280811
vn -0.927648306 -0.0666960105 -0.367451012
vn -0.990373194 0.0311613753 -0.134870052
vn -0.705280662 0.131659091 0.69659543
vn -0.579026878 0.195768312 0.791456044
vn -0.994503975 0.0405027568 0.0965471342
vn -0.949171245 0.035008084 0.312807351
vn -0.78380245 0.108044706 0.611539006
vn -0.313046277 0.140055805 0.939354181
vn -0.67162025 0.0202482399 0.740618765
vn -0.683890641 0.0149245122 0.729431808
vn 0.239065722 0.960278273 -0.143921167
vn 0.406882167 0.913464189 0.00548347412
vn 0.207054362 0.976761222 -0.0553718433
vn 0.342628181 0.90761131 0.242585465
vn 0.0959373787 0.978539824 0.182362005
vn 0.0694229156 0.995217025 -0.0687277764
vn 0.272357553 0.9129228 -0.303962857
vn 0.457419693 0.869141936 -0.1880413
vn 0.96970576 -0.07032381 0.233934268
vn 0.942105055 -0.293117046 -0.162851557
vn 0.307201654 0.951608717 0.00823509227
vn 0.727410614 0.231840149 0.645851374
vn 0.00933610555 0.999898911 -0.0107306056
vn 0.167048514 0.248514444 0.954114914
vn -0.0572740659 0.984467566 -0.165961489
vn -0.0162801333 -0.212863639 0.976946294
vn 0.981591225 0.0132805724 0.190531746
vn 0.752802491 -0.256829828 -0.60607481
vn 0.592164993 0.276152432 0.757020831
vn -0.063408412 0.383184165 0.921492934
vn -0.594608665 -0.0830576271 -0.799713731
vn 0.995525837 -0.0740853846 -0.0586487986
vn 0.49202621 -0.163849324 -0.85502255
vn 0.667450547 0.1025251 0.737562478
vn -0.339883536 0.239940897 0.909344614
vn -0.854488432 0.0468952805 -0.517349303
vn 0.87870425 0.477243841 -0.0108225774
vn 0.386582524 0.639450312 -0.664573014
vn 0.578270972 0.466864944 0.6690588
vn -0.207990155 0.70756191 0.675348878
vn -0.443746984 0.842274308 -0.306043148
vn 0.879219234 0.425070882 0.215147525
vn 0.9305197 0.0901636258 0.35496977
vn 0.912364662 -0.0485913232 0.406484276
vn 0.749442697 0.610360682 0.256506294
vn 0.859237671 0.510303438 0.0360692032
vn 0.632606566 0.772599876 -0.0538361333
vn 0.937117517 0.0628836304 0.34330219
vn 0.898093045 0.436126918 0.0567649007
vn 0.206291616 0.974088609 -0.0927101448
vn 0.173056975 0.982106447 -0.0742841586
vn -0.586909831 0.74042058 0.327588409
vn -0.612294137 0.691830814 0.382708818
vn -0.616692364 0.682200015 0.392802447
vn -0.565076649 0.730906963 0.382705301
vn -0.470641136 0.769046962 0.432508647
vn -0.612352431 0.686630368 0.391871393
vn 0.651817083 0.718030989 0.244061619
vn -0.0923447162 0.946422398 0.309446335
vn 0.234695524 0.958095729 0.164227471
vn -0.115488209 0.978419602 -0.171340704
vn -0.31446141 0.938409746 -0.143182218
vn -0.297902942 0.923638105 -0.24113591
vn -0.376191914 0.872853518 -0.310815901
vn -0.221371979 0.83025527 -0.511537671
vn -0.0114140101 0.909009218 -0.416619688
vn 0.653802216 -0.552263498 0.517250001
vn 0.529441893 -0.420623064 0.736727655
vn 0.239795133 -0.434788525 0.868019223
vn 0.584272385 -0.65565753 0.478266537
vn 0.665569842 -0.122951612 0.736138344
vn 0.363695204 0.287653118 0.885991871
vn 0.876796365 -0.106001452 0.469032854
vn 0.959796429 0.264919549 0.0927821547
vn 0.849385977 -0.391351908 0.354100615
vn 0.924555063 -0.373780757 0.0740664303
vn 0.0473340452 -0.288574815 0.956286609
vn 0.671825528 -0.462453872 0.578607678
vn -0.655368268 0.537872016 0.530269921
vn 0.608579934 0.353141367 -0.710578442
vn 0.960674465 -0.254433542 -0.111212581
vn -0.152793691 -0.126654759 0.9801085
vn 0.71892029 -0.190990299 0.668338418
vn -0.997025371 0.0754399896 0.0157860499
vn 0.118595935 0.0650328547 -0.990810692
vn 0.96284157 -0.11141745 -0.246012554
vn -0.303783029 -0.0209473781 0.952511013
vn 0.728435993 0.074991487 0.680997372
vn -0.980859041 -0.156061783 -0.116448753
vn -0.0336276516 -0.0966464132 -0.994750619
vn 0.940475464 0.0445479453 -0.336929262
vn -0.369478375 0.134532154 0.919449151
vn 0.729334176 0.354577243 0.585103929
vn -0.937828481 -0.246212617 -0.244656935
vn -0.0237214677 -0.150168329 -0.988375902
vn 0.878042221 0.196737468 -0.436275423
vn -0.428020835 0.821634889 0.376449615
vn 0.415653676 0.882285774 0.220915824
vn -0.786417246 0.454070896 -0.418769211
vn -0.0839534998 0.33641094 -0.937965691
vn 0.55613035 0.620579839 -0.552810609
vn -0.200584531 -0.34226802 0.917942464
vn -0.353015602 -0.256137431 0.89987427
vn -0.38445428 -0.238197565 0.89188385
vn 0.302359313 -0.436056018 0.84760493
vn 0.251231283 -0.438826621 0.862736344
vn 0.0191630516 -0.399383634 0.916583657
vn 0.212442309 -0.436188996 0.874418318
vn -0.436493427 -0.207909971 0.875355422
vn -0.200585589 -0.342268467 0.917942107
vn -0.0362649336 -0.390209407 0.92001164
vn 0.379660308 -0.431980401 0.818077683
vn 0.716283917 -0.355668217 0.600364447
vn 0.8333745 -0.267614424 0.483600616
vn 0.843828499 -0.257898659 0.470575958
vn 0.261931747 -0.441267997 0.858297348
vn 0.865815461 -0.224253714 0.447296172
vn 0.839680493 -0.260805845 0.476358086
vn 0.689762652 -0.365105391 0.625240386
vn 0.495373279 -0.413817376 0.763780415
vn -0.326093435 0.907658815 0.26423198
vn -0.225984246 0.974112511 0.00600112276
vn 0.0908837616 0.988041162 0.124558404
vn 0.102801785 0.983731449 0.147323743
vn 0.327830672 0.860767007 0.38936764
vn 0.0927731544 0.827301681 0.554044247
vn -0.986774862 0.0210698601 0.160721704
vn -0.981721699 0.174353167 -0.0763118044
vn -0.924636424 0.0958355293 -0.368596077
vn -0.97846067 -0.165740058 0.123064771
vn -0.907179058 0.417422086 -0.0527731553
vn -0.630701363 0.644957423 -0.431562036
vn -0.860914826 0.408928275 0.302660525
vn -0.478027672 0.723826766 0.497558445
vn -0.913983881 0.106291614 0.391580969
vn -0.761687219 -0.0221623816 0.647565663
vn -0.827660501 0.0911214575 -0.553782463
vn -0.981294155 -0.145619079 0.125924796
vn -0.110623397 0.591531575 -0.798657
vn 0.402632147 0.690663755 0.600725293
vn -0.561402023 -0.0560092367 0.825645685
vn -0.799021363 0.0652710348 -0.59774965
vn -0.983962953 0.0111091211 0.178027168
vn 0.294935614 0.316022903 -0.901744187
vn 0.89830476 0.126892298 0.420650721
vn -0.349977165 -0.0770657733 0.933582783
vn -0.748352587 0.15665938 -0.644535661
vn -0.887574732 0.0124039333 0.460496753
vn 0.485537946 0.211374491 -0.848276913
vn 0.894514203 0.003381541 0.447026938
vn -0.168889552 -0.0111099938 0.985572398
vn -0.675244629 0.632118583 -0.380092889
vn -0.802249074 0.413957357 0.430157751
vn 0.412680984 0.890299857 -0.192511126
vn 0.715782762 0.347652018 0.605634511
vn 0.0745265856 0.259775221 0.962789059
vn -0.931814313 0.251672566 0.261501551
vn -0.915214002 0.392810881 0.0899057686
vn -0.786295176 0.582807422 -0.205122903
vn -0.777530313 -0.0326087549 0.627999485
vn -0.812770307 0.00971407816 0.58250314
vn -0.40532583 0.72408092 -0.558048308
vn -0.325352371 0.732571781 -0.597899914
vn -0.679453075 0.633427918 -0.370286971
vn -0.385127723 0.723261952 -0.573209226
vn -0.672729731 0.622198522 -0.4003793
vn -0.858390033 0.48983705 -0.152401447
vn -0.950881243 0.233308822 0.203450322
vn -0.942267478 0.185074627 0.279068917
vn -0.739628792 -0.0983061865 0.665796697
vn -0.539001703 -0.221826285 0.812570155
vn -0.911116004 0.111780077 0.396702379
vn -0.728851318 -0.0901603699 0.678709686
vn 0.294312567 0.944391489 0.146645337
vn 0.191823408 0.889513433 0.414692283
vn 0.0573697425 0.9876436 0.145837903
vn -0.117371514 0.890224397 0.44014129
vn -0.119089954 0.974384367 0.190768376
vn 0.105469003 0.992969692 0.0537368581
vn 0.769599199 0.121188663 -0.626921237
vn 0.888048887 0.180568874 -0.42280519
vn 0.995439112 -0.0200211219 -0.0932753012
vn 0.802467823 -0.123029239 -0.583874226
vn 0.688909292 0.48873055 -0.535300493
vn 0.550307691 0.819027126 -0.162345573
vn 0.472284764 0.461228967 -0.751142442
vn 0.064369835 0.567290127 -0.820998371
vn 0.568926811 0.259395897 -0.780407667
vn 0.394029826 0.136164144 -0.908955336
vn 0.922445953 0.0305255335 0.384917587
vn 0.856331348 -0.0943497643 -0.507734835
vn -0.227908999 0.798988223 0.55648458
vn -0.449873894 0.661138833 -0.600423932
vn 0.222980425 0.213011533 -0.951265395
vn 0.703700721 -0.0173668358 0.710284173
vn 0.9650653 0.103884518 -0.240535036
vn -0.40838781 0.235550925 0.88189292
vn -0.743395388 0.573036671 -0.344952345
vn 0.263546109 0.408231378 -0.874008298
vn 0.66320771 -0.0493618883 0.746805787
vn 0.950558484 0.164530307 -0.263378799
vn -0.576201618 -0.00516021857 0.817291379
vn -0.880754113 0.278242707 -0.383214235
vn 0.202231795 0.3472175 -0.915719628
vn 0.480834067 0.468867928 0.740919352
vn 0.799393237 0.598719776 -0.050051108
vn -0.430544287 0.45590654 0.77896136
vn -0.647888601 0.761706948 0.00655441917
vn 0.203596741 0.849931538 -0.485967875
vn 0.862405717 -0.263887525 0.431995243
vn 0.999353588 -0.0142533332 -0.033004161
vn 0.996362686 -0.0086573381 -0.0847728327
vn 0.898375511 0.180499718 -0.400426239
vn 0.891213417 0.188003331 -0.412787348
vn 0.990636289 -0.0980300978 0.0950259492
vn 0.285642833 0.524118364 -0.802314162
vn 0.0592662506 0.573124468 -0.817322433
vn -0.068344675 0.595930636 -0.800122321
vn 0.707609832 0.330151469 -0.624730706
vn 0.175985262 0.568258345 -0.803810656
vn 0.349262416 0.537587583 -0.7674734
vn 0.0622703843 0.579267085 -0.812755883
vn 0.720977962 0.354926199 -0.595162332
vn 0.763991892 0.327741206 -0.555789649
vn 0.99637115 0.0125675369 -0.0841824487
vn 0.998589098 -0.00375004369 -0.0529689528
vn -0.185121134 0.977031887 0.105539978
vn -0.48912099 0.866330624 0.101153381
vn -0.0679769889 0.994230926 -0.0829694048
vn -0.453632385 0.863241971 -0.221429124
vn -0.140036464 0.956963778 -0.25418517
vn -0.0339934565 0.996192992 -0.0802742615
vn 0.346729696 -0.418013424 0.839668632
vn 0.131279066 -0.345905185 0.929039955
vn -0.186120883 -0.128758699 0.974053562
vn 0.344808817 -0.326652467 0.880002797
vn 0.233276397 -0.120861016 0.964870393
vn -0.187237501 0.668265104 0.719974935
vn 0.595555067 -0.115698062 0.794939101
vn 0.79663676 0.502144814 0.336482406
vn 0.57722342 -0.315355808 0.753235579
vn 0.808572292 -0.0895738527 0.581538796
vn -0.652029157 0.134414315 0.746184051
vn 0.0624355003 -0.000668870111 0.998048723
vn -0.846675277 0.532029569 -0.00925287232
vn 0.353374183 0.821734428 -0.447078586
vn 0.812738538 0.235138059 0.533072352
vn -0.698150337 0.137278914 0.702666819
vn 0.128927425 0.139447063 0.981800437
vn -0.910039425 0.182099402 -0.372381479
vn 0.463864625 0.240484163 -0.852641106
vn 0.926890731 0.185573503 0.326245517
vn -0.699949145 0.137757525 0.700781107
vn 0.157940045 0.173680335 0.972054601
vn -0.869235277 0.0437849835 -0.492456019
vn 0.499968082 0.0256663263 -0.86566335
vn 0.970774949 0.123351604 0.205864951
vn -0.787052512 0.3800596 0.485904515
vn -0.127924547 0.711556554 0.690885365
vn -0.833586276 0.402274847 -0.378561646
vn 0.100211374 0.638611674 -0.762976348
vn 0.505300164 0.862876773 0.0107324552
vn 0.176194713 -0.40312463 0.898023367
vn -0.207065806 -0.347390234 0.914573014
vn -0.230202183 -0.342122108 0.911021113
vn -0.680416524 -0.163508639 0.714351654
vn -0.657463133 -0.175600395 0.73273921
vn -0.428622097 -0.251767278 0.867696047
vn 0.362231582 -0.364868224 0.857705832
vn 0.608175218 -0.341852814 0.716421306
vn -0.371829957 -0.269562453 0.888300955
vn -0.232449785 -0.306973279 0.922894597
vn 0.214643225 -0.363162816 0.906664789
vn 0.814888239 -0.300566912 0.495597452
vn 0.834370792 -0.293356806 0.466655374
vn 0.864499748 -0.277431518 0.41913256
vn 0.871647894 -0.272298455 0.407533437
vn 0.372093499 -0.405494392 0.834937572
vn 0.346563816 -0.407108933 0.845077455
vn 0.837843537 -0.294411123 0.459717751
vn 0.833315372 -0.297021478 0.466222882
vn 0.833067358 -0.297150135 0.466583967
vn 0.816242039 -0.305612355 0.490255237
vn -0.117082819 0.966541111 0.228232205
vn -0.159579277 0.984886587 -0.0673259646
vn -0.0184391998 0.9836604 0.179087207
vn 0.0826761499 0.98962611 -0.11749436
vn 0.234955087 0.953573406 0.18839857
vn 0.0926421657 0.919691682 0.381555408
vn -0.805433273 0.269009382 0.528120399
vn -0.883832872 0.440947831 0.156219497
vn -0.659210145 0.736133873 -0.153456256
vn -0.699899197 0.545774996 0.460728467
vn -0.716000617 0.651168764 0.251639277
vn -0.00611420674 0.952024281 -0.305961221
vn -0.27758041 0.532679677 0.799500763
vn 0.40773192 0.842080534 0.353065193
vn -0.647985399 0.284211308 0.70663923
vn -0.0298465788 0.189259484 0.981473386
vn -0.738581955 0.601804376 -0.303855687
vn -0.805616081 0.353169739 0.475661546
vn 0.295655787 0.740768492 -0.603199542
vn 0.835518539 0.517659366 0.184221432
vn 0.0227392875 0.262540787 0.964652896
vn -0.685866356 0.561405599 -0.463045567
vn -0.792167604 0.246225357 0.558429658
vn 0.394293547 0.552968442 -0.734001637
vn 0.964315891 0.222135037 0.144051477
vn 0.21577087 0.0253738463 0.976114333
vn -0.720272362 0.356526315 -0.595060289
vn -0.795020044 0.0744207352 0.602000594
vn 0.435104042 0.379344016 -0.8165676
vn 0.981212258 0.142340466 0.130236879
vn 0.218271479 -0.035193298 0.975253344
vn -0.483347625 0.728637278 -0.485245079
vn -0.53035444 0.671150744 0.517958403
vn 0.338563234 0.69276011 -0.636756122
vn 0.745758712 0.635906816 0.198661715
vn 0.251892567 0.504771113 0.825685263
vn -0.966126919 0.213892266 -0.144391447
vn -0.911003411 0.266377568 -0.314826518
vn -0.577663004 -0.147397041 0.802857101
vn -0.600552201 -0.138793811 0.787447333
vn -0.747531891 -0.0661112815 0.660927653
vn -0.814697266 -0.0275001898 0.579234123
vn -0.983407557 0.139487103 0.115987189
vn -0.977294862 0.201610059 -0.0651770532
vn -0.976213932 0.203682005 -0.0742969885
vn -0.885708392 0.390825599 0.250551134
vn -0.856997073 0.286086768 -0.428614438
vn -0.935783327 0.320994526 -0.145849362
vn -0.943107128 0.331447721 -0.0262924954
vn 0.867843568 -0.222439662 0.444261342
vn 0.85042727 -0.230367735 0.472973764
vn 0.861651599 -0.222829625 0.455964267
vn 0.0712224618 0.119019255 0.990334153
vn -0.878521621 0.386992335 0.280065626
vn -0.771145523 0.327798128 0.54578656
vn -0.545490742 0.280444354 0.789804339
vn -0.220677361 0.226904362 0.948586226
vn 0.0628597885 -0.256288946 0.964554071
vn 0.382127911 -0.299748272 0.874144793
vn 0.515319347 -0.293903649 0.805025697
vn 0.851020515 -0.227706239 0.473195702
vn 0.238275662 -0.30126664 0.923289299
vn -0.816452503 -0.0229202956 0.576957583
vn -0.811716318 -0.0255999211 0.583490729
vn -0.279599011 -0.207234859 0.937485039
vn -0.816691041 -0.0215552188 0.576672316
vn -0.816953659 -0.0215045791 0.57630223
vn -0.81853199 -0.0212551747 0.574067712
vn 0.0708413795 0.997353137 0.0163778905
vn 0.154226288 0.986586988 0.0534808971
vn 0.157377854 0.959555447 0.233421311
vn 0.144263491 0.938530266 0.313606471
vn 0.0821115747 0.869118929 0.487739563
vn 0.0322016701 0.950795591 0.308140755
vn -0.199569687 -0.571876049 -0.79569453
vn 0.00189459452 -0.420821309 -0.907141626
vn 0.203390598 -0.396987617 -0.895004451
vn -0.248968855 -0.626313865 -0.738745809
vn -0.0566467494 -0.183122903 -0.981456637
vn 0.340336382 0.108888298 -0.933977842
vn -0.863626003 0.210733205 -0.457975447
vn -0.746539831 0.191777766 -0.637102425
vn -0.901224732 -0.0947585553 -0.422865152
vn -0.733238637 -0.478089541 -0.483519971
vn 0.0830174461 -0.15250282 -0.984810114
vn -0.624748945 -0.322107255 -0.711291492
vn 0.596269131 0.797530532 -0.0916959047
vn -0.705581427 0.411218226 0.57710886
vn -0.991998076 -0.110427864 -0.0611997917
vn 0.360757321 -0.0551458336 -0.931027949
vn -0.577300012 -0.189220786 -0.794304848
vn 0.920285046 0.315233767 0.231739014
vn -0.3913064 0.22407034 0.892564774
vn -0.996481836 -0.0725703761 0.0419223569
vn 0.514939606 0.0199576374 -0.856994092
vn -0.565225899 -0.0282294508 -0.824453056
vn 0.94039464 0.076140143 0.331452161
vn -0.207963869 0.0450805426 0.977097213
vn -0.992674112 -0.0181949027 0.119444363
vn 0.593479455 0.0792208314 -0.800940812
vn -0.616275609 0.119893521 -0.77835083
vn 0.877699196 -0.00593830179 0.479175329
vn -0.138416097 0.00278927805 0.990370214
vn -0.970682919 0.0741822645 0.228629977
vn 0.573128104 0.1077049 -0.812357008
vn -0.54013741 0.245822325 -0.804874539
vn 0.886725783 -0.148338348 0.437850595
vn -0.111140631 -0.116838798 0.986912549
vn -0.968704879 0.131038979 0.210806996
vn 0.376995862 0.789628386 -0.484108537
vn -0.260629177 0.805705547 -0.53189379
vn 0.556790888 0.623116791 0.549280822
vn -0.0550872721 0.376769066 0.924667716
vn -0.522506416 0.753349543 0.399313778
vn 0.324127108 -0.465064496 -0.823806167
vn 0.381207436 -0.458197594 -0.802954376
vn -0.0250375886 -0.424617171 -0.905026674
vn 0.2410907 -0.461436987 -0.853786349
vn 0.324932486 -0.465153694 -0.823438525
vn 0.285067767 -0.464234948 -0.838583469
vn -0.0211263187 -0.433298051 -0.901003003
vn -0.179149956 -0.401253194 -0.898276746
vn -0.19966121 -0.396212786 -0.896186888
vn -0.428950489 -0.283305526 -0.857752562
vn -0.886612475 0.362610638 -0.287109464
vn -0.875921369 0.417448848 -0.241864249
vn -0.757818341 -0.0316342562 -0.651698291
vn -0.76995337 -0.0187704209 -0.637823999
vn -0.840633154 0.116018496 -0.529032767
vn -0.883532345 0.363083392 -0.295873433
vn -0.780565262 0.0781976059 -0.620163679
vn -0.769668519 0.0616893433 -0.635456443
vn -0.341561735 -0.307148427 -0.888254106
vn -0.184882686 -0.388516903 -0.902703226
vn -0.72142905 -0.0256243683 -0.692014217
vn 0.236264765 0.963717818 -0.12420579
vn -0.00110852986 0.99113673 0.132841274
vn -0.0402021818 0.998142898 -0.04576765
vn -0.356396914 0.923529565 0.14168413
vn -0.350932181 0.918568432 -0.181875423
vn 0.0421877652 0.940746486 -0.336475968
vn 0.967961431 -0.244889706 0.0554955415
vn 0.955886841 -0.0858865529 0.280898273
vn 0.806070566 -0.14451009 0.57390517
vn 0.908472002 -0.405324966 0.101933584
vn 0.960537732 0.175276875 0.215975091
vn 0.672691584 0.470464766 0.571094573
vn 0.979723573 0.144646198 -0.138633534
vn 0.75884968 0.485643536 -0.433932632
vn 0.96758914 -0.151461005 -0.202066764
vn 0.855656505 -0.22844179 -0.46439904
vn 0.681417465 -0.0571531542 0.729659915
vn 0.951134264 -0.304421276 0.0516846627
vn -0.0704266578 0.543507278 0.836444855
vn -0.11264547 0.472322494 -0.874198198
vn 0.699988186 -0.200688034 -0.685376406
vn 0.601835549 0.135818556 0.786986113
vn 0.998239458 -0.0508161299 -0.0305905305
vn -0.592511415 0.208379835 0.778143942
vn -0.688029528 -0.0850756913 -0.720678568
vn 0.51594615 -0.181351632 -0.837204397
vn 0.404458046 0.223090082 0.88692981
vn 0.978982866 0.203333765 0.0157460682
vn -0.667449176 0.0398498215 0.743588269
vn -0.866649926 -0.141335636 -0.478478789
vn 0.358278722 -0.00366017572 -0.933607459
vn 0.36961934 0.15625219 0.915951252
vn 0.983382404 0.179689124 -0.0259019453
vn -0.710594594 0.00859394297 0.703549266
vn -0.875077903 -0.0762828737 -0.477932602
vn 0.288277358 0.0428776927 -0.956586421
vn 0.197709411 0.719479322 0.6657781
vn 0.783111751 0.605730057 -0.140808389
vn -0.722928226 0.47988829 0.497073323
vn -0.797930241 0.461107314 -0.388184816
vn 0.206501827 0.538560152 -0.816890359
vn 0.898803055 -0.252982408 -0.357984662
vn 0.949145138 -0.186045378 -0.25398922
vn 0.998441458 -0.0440959446 -0.0342072211
vn 0.921375334 0.2457854 0.301093131
vn 0.791917026 0.392858922 0.467471182
vn 0.729944766 0.451788694 0.512901187
vn 0.392555118 0.628367424 0.671606183
vn 0.285804093 0.65740943 0.697229445
vn 0.796707153 0.358447164 0.486593753
vn 0.92852807 0.203349292 0.310619593
vn 0.992297888 0.0397244059 0.117332987
vn 0.350189477 0.635572791 0.688051224
vn 0.774236143 0.377811581 0.507756591
vn 0.676653504 -0.415655136 -0.60775888
vn 0.599597752 -0.440436721 -0.668205082
vn 0.999170601 -0.032642927 0.0243450366
vn 0.999029338 -0.0424570963 0.0117387045
vn 0.989746094 -0.108184323 -0.0932668
vn 0.72543937 -0.39628309 -0.562758863
vn 0.662986875 -0.419643193 -0.619958043
vn 0.722610474 -0.395560682 -0.566891253
vn -0.289432257 0.95710361 0.0134786088
vn -0.0591930784 0.991980433 -0.111673892
vn -0.00545475911 0.99996984 0.00552120199
vn 0.30597505 0.950752437 -0.0494874977
vn 0.331601232 0.923958719 0.190633297
vn -0.0707308277 0.974486887 0.213008493
vn -0.981928766 0.100740038 0.160210505
vn -0.978560865 0.198803946 -0.05381101
vn -0.918770254 0.0833847374 -0.385886371
vn -0.990881324 -0.0844104439 0.10501951
vn -0.905009568 0.416009843 0.0888448507
vn -0.555067182 0.798627496 -0.23258245
vn -0.661033034 0.378813386 0.647715807
vn -0.457988113 0.431095451 0.777433991
vn -0.887292981 0.165397242 0.430528611
vn -0.789899945 0.015682511 0.613035262
vn -0.609737217 0.312695354 -0.728314459
vn -0.998981774 0.012803521 0.0432613529
vn 0.374590218 0.852098882 -0.365526676
vn 0.261966169 0.685076058 0.679738641
vn -0.587243915 0.183839917 0.788256049
vn -0.0963203162 -0.0476819165 -0.99420768
vn -0.864062428 -0.308048546 -0.398123413
vn 0.734198689 0.182474419 -0.653953731
vn 0.92596209 0.193094969 0.324512869
vn -0.327228248 -0.207502082 0.92188102
vn -0.22138688 0.0126250591 -0.975104332
vn -0.964261413 -0.085095346 -0.250915706
vn 0.794441104 0.0942924768 -0.599976838
vn 0.8740291 0.0488713197 0.483409554
vn -0.403669298 -0.0937532485 0.910088718
vn -0.211004242 0.707399487 -0.674583673
vn -0.808678925 0.583328784 -0.0759343058
vn 0.750169337 0.566806197 -0.340553433
vn 0.760443747 0.467417061 0.450828731
vn -0.265887946 0.633095622 0.72697562
vn -0.960790992 0.126424104 -0.246774584
vn -0.923305452 0.0644640028 -0.378617913
vn -0.975193441 0.19241257 -0.109430835
vn -0.94572252 0.0958271176 -0.310525537
vn -0.947380424 0.271905392 0.168931499
vn -0.858807743 0.341526955 0.381848872
vn -0.839211285 0.35095492 0.415397435
vn -0.255810767 0.460836768 0.849817812
vn -0.0472518578 0.451428473 0.891055346
vn -0.565696836 0.432644695 0.702001214
vn -0.183132872 0.475718409 0.860322297
vn -0.560885072 0.483634531 0.671941638
vn -0.723184884 0.445669413 0.5276196
vn -0.949348211 0.287203342 0.127484351
vn -0.565320969 0.48275277 0.668851256
vn 0.15534243 0.985883057 -0.0624769963
vn 0.221841738 0.973290384 0.0590948127
vn -0.0165593922 0.991856754 0.126276702
vn 0.0176315159 0.96695441 0.254338831
vn -0.140113115 0.956472158 0.255986959
vn -0.0461946689 0.99489814 0.0896865278
vn 0.36181584 -0.343043178 -0.866839468
vn 0.584073126 -0.250201702 -0.772177398
vn 0.806545675 -0.0190223716 -0.590865791
vn 0.369610965 -0.250880301 -0.894676864
vn 0.568070412 0.00273693865 -0.822975397
vn 0.639021873 0.700704992 -0.317275137
vn 0.194300875 -0.00460114377 -0.980931103
vn -0.244231865 0.677244782 -0.694039226
vn 0.13853623 -0.245035902 -0.959564984
vn -0.194838941 0.00121172494 -0.980834544
vn 0.925191104 0.107433572 -0.363977492
vn 0.388452739 -0.136850327 -0.911249876
vn 0.587584674 0.730907142 0.347158372
vn -0.64872241 0.757637739 -0.0717233941
vn -0.444180161 0.0759233087 -0.892714739
vn 0.96959424 0.129673451 -0.207537502
vn 0.365830809 0.00593196228 -0.930662453
vn 0.479668438 0.351250142 0.804078043
vn -0.868162751 0.316437751 0.382309586
vn -0.592610002 0.0593168214 -0.803302467
vn 0.986517251 0.0847643018 -0.139995709
vn 0.301234186 0.0353022777 -0.952896416
vn 0.282636821 0.200086206 0.938126743
vn -0.89025718 0.143094093 0.432395905
vn -0.710443735 0.070822306 -0.700181365
vn 0.993171573 0.0995019823 -0.0609065518
vn 0.283842474 0.111012824 -0.952422976
vn 0.204622969 0.0829808787 0.97531718
vn -0.842668235 0.0904715657 0.530777931
vn -0.746784925 0.112550594 -0.655472815
vn 0.725201011 0.688032508 -0.0263598152
vn 0.350259334 0.703769147 -0.618083656
vn 0.123501696 0.647357941 0.75211376
vn -0.587951064 0.608669043 0.53276217
vn -0.444995046 0.855727315 -0.264027059
vn 0.829022765 -0.227062196 -0.511042237
vn 0.881459236 -0.20669952 -0.424623191
vn 0.987362087 -0.120622329 -0.102792487
vn 0.458679229 -0.280529797 -0.843158662
vn 0.927606404 -0.171725288 -0.331748277
vn 0.880679548 -0.191576749 -0.433245689
vn 0.604385018 -0.242671907 -0.758834064
vn 0.365265936 -0.2501342 -0.896668077
vn 0.0182497464 -0.229386091 -0.973164499
vn -0.0196479391 -0.22526136 -0.974100232
vn 0.842355371 -0.205268532 -0.49829945
vn -0.253628403 -0.205771849 -0.9451617
vn -0.302591681 -0.19761382 -0.932409286
vn -0.117872961 -0.233824 -0.965107381
vn 0.353696138 -0.279625207 -0.892585397
vn 0.442755878 -0.280665874 -0.851583242
vn -0.250208586 -0.210235566 -0.94509089
vn -0.00663675601 0.998813927 0.0482357368
vn -0.306095093 0.949921608 0.0628861859
vn -0.12611042 0.98212415 -0.13974385
vn -0.483392 0.839790761 -0.247150972
vn -0.230670199 0.871757686 -0.432238281
vn 0.0210538916 0.973981082 -0.225649416
vn 0.173847601 0.457195342 0.872209489
vn -0.106580719 0.489194542 0.865638077
vn -0.230451226 0.3070319 0.923376203
vn 0.33067295 0.20422408 0.921383679
vn -0.237616137 0.676480055 0.697074711
vn -0.523573279 0.703156054 0.481084824
vn -0.00837043021 0.819713652 0.572712243
vn -0.0195663162 0.995349169 0.0943245515
vn 0.297941357 0.626895785 0.7198838
vn 0.695912778 0.537211061 0.476560205
vn -0.305905879 0.210924447 0.928403199
vn 0.437731713 0.139143497 0.888273656
vn -0.823301613 0.506783247 0.255627036
vn -0.0275036544 0.793050706 -0.608534455
vn 0.917114317 0.374498576 0.136572748
vn -0.760282993 0.159034237 0.629823744
vn 0.533539593 0.345583826 0.771950364
vn -0.928633511 -0.0212704446 -0.37038821
vn -0.269567877 -0.0432065539 -0.962011635
vn 0.743543684 0.121221349 -0.657607913
vn -0.713778079 0.165618271 0.680508137
vn 0.581177294 0.365126759 0.727265775
vn -0.93538624 -0.0641511157 -0.34776035
vn -0.231523737 -0.0791640282 -0.969602942
vn 0.811570764 0.154489323 -0.56345892
vn -0.59408772 0.616717935 0.5164482
vn 0.335810244 0.806266129 0.486997157
vn -0.890893877 0.321910858 -0.320439279
vn -0.281052589 0.407076299 -0.869079053
vn 0.510581195 0.745247781 -0.428850204
vn -0.0323007517 0.285698593 0.957774997
vn -0.36160332 0.294761986 0.884510279
vn 0.506834388 0.219958305 0.833509028
vn -0.000995534472 0.285181969 0.958472908
vn -0.4920986 0.354844987 0.794936478
vn -0.55943948 0.383377343 0.734880447
vn 0.0053702523 0.426378995 0.904528618
vn 0.262054026 0.42424953 0.866798759
vn -0.484532565 0.385363162 0.785317481
vn -0.139185339 0.422613382 0.895558596
vn 0.975808859 0.0775648355 0.204403579
vn 0.978064418 0.073243171 0.195001155
vn 0.473472834 0.376604706 0.796236455
vn 0.672401428 0.293533862 0.679495454
vn 0.66062659 0.211859584 0.720199943
vn 0.601923347 0.218398407 0.768108249
vn 0.976374984 0.0752406567 0.20256044
vn 0.0171001069 0.980976462 0.193371788
vn 0.149893224 0.965051055 0.214961767
vn 0.0433085598 0.974203229 0.221477643
vn 0.153723001 0.96697998 0.203270555
vn 0.0611040704 0.989061534 0.134251893
vn -0.0511666052 0.988395572 0.143025443
vn -0.45363 0.541181386 -0.708055496
vn 0.285336137 0.90331322 -0.320325613
vn 0.57003504 0.716151476 -0.402724743
vn -0.412479341 0.312300414 -0.855762422
vn 0.220737293 0.975332081 0.00151155284
vn 0.35708642 0.903290272 0.237814844
vn -0.175086856 0.984383345 0.0182773825
vn -0.715094447 0.697102666 0.0518429391
vn -0.646444023 0.570656359 -0.506420255
vn -0.781480074 0.404801011 -0.474789441
vn 0.621336281 0.354078531 -0.69897753
vn -0.324242562 0.134394169 -0.936378598
vn 0.435913622 0.788565516 0.433755398
vn -0.733663201 0.57370913 0.36413762
vn -0.847947478 0.253225386 -0.465684444
vn 0.798804879 0.235108629 -0.553746223
vn -0.220823511 0.11681471 -0.968292952
vn 0.61615324 0.398554027 0.679345191
vn -0.736114323 0.299951643 0.606765687
vn -0.912201107 0.157252967 -0.378365785
vn 0.905697703 0.036456082 -0.422353745
vn 0.0306267031 0.0842005089 -0.995978117
vn 0.754932404 0.00454036938 0.655786872
vn -0.563141465 0.0395155251 0.825415134
vn -0.924871027 0.0870781541 -0.370176882
vn 0.917071462 0.0226744954 -0.398077756
vn 0.00522253197 0.192873329 -0.981209755
vn 0.729056299 -0.147268474 0.668422699
vn -0.530140698 -0.0808223188 0.844048917
vn -0.906751215 0.158744276 -0.390643775
vn 0.642290652 0.766086698 -0.023956459
vn -0.0241773911 0.905332327 -0.424015075
vn 0.60696882 0.615163982 0.503152132
vn -0.177710757 0.876551211 0.447299391
vn -0.564264059 0.805447638 -0.181273669
vn 0.374453545 0.87808156 -0.297921509
vn 0.379970759 0.876961708 -0.294211686
vn 0.0528513417 0.685460031 -0.726189733
vn 0.175096288 0.868463039 -0.463802814
vn 0.196814641 0.875205278 -0.441904634
vn 0.218538061 0.877808273 -0.426255405
vn 0.381108016 0.920040727 0.0910048932
vn 0.380890876 0.915496528 0.129569858
vn 0.376698405 0.909475684 0.175932556
vn 0.378718078 0.90743345 0.18203631
vn 0.380329251 0.877155781 -0.29316774
vn 0.376253754 0.919730306 -0.111934267
vn 0.379121572 0.924233079 -0.0453871228
vn -0.247526497 0.891414762 0.379618824
vn -0.37593329 0.726070464 0.575756729
vn -0.39713338 0.699278653 0.594385803
vn 0.373522431 0.910618246 0.176791877
vn 0.10697414 0.987790883 0.113249831
vn 0.0577993765 0.989360034 0.133513436
vn -0.108867601 0.973971844 0.198813438
vn -0.147545248 0.960394561 0.236374348
vn -0.267798364 0.954334676 -0.132399127
vn -0.330411077 0.906748235 -0.261984825
vn -0.172872141 0.984939039 -0.00321799959
vn -0.091134198 0.938723922 -0.332403183
vn 0.00126265502 0.861153722 -0.508342981
vn 0.0361429602 0.814390421 -0.579190731
vn 0.494979531 0.801900566 -0.334590495
vn 0.486751556 0.873081565 -0.0283104666
vn 0.318309218 0.932368159 -0.171373531
vn 0.227421641 0.972285032 0.0542328991
vn 0.0428068861 0.974266827 -0.221295759
vn 0.219270691 0.848154724 -0.482238442
vn 0.620644689 0.626354933 -0.471677572
vn 0.708507836 0.31385842 -0.632067561
vn -0.261784583 0.619118989 -0.740378678
vn -0.307468206 0.648880124 -0.696001291
vn -0.0693943724 0.668274939 -0.740670681
vn -0.0557557121 0.668096244 -0.741982996
vn -0.0314268842 0.663589478 -0.747436583
vn 0.0111128017 0.655564785 -0.755057096
vn 0.180425018 0.663943112 -0.725690305
vn -0.325789362 0.729152262 -0.601829112
vn -0.165953323 -0.706854343 -0.687616587
vn 0.113248363 -0.158272028 -0.980879545
vn -0.00946369208 0.726768196 -0.686817586
vn 0.886170387 0.438605785 0.149422348
vn 0.932380319 0.0789154693 -0.35275957
vn 0.286373109 0.857078433 -0.428260475
vn 0.199511051 0.9505018 0.238205075
vn -0.311474651 0.788590908 -0.530195892
vn 0.114848427 0.210687712 -0.970783472
vn 0.750634134 0.626546144 0.209734216
vn 0.732421339 0.463122785 -0.499075383
vn 0.0963198543 0.897218168 0.430954844
vn -0.385645539 0.883078754 -0.26730001
vn 0.0850354508 0.564354897 -0.821141005
vn 0.162225559 0.728918552 -0.665102005
vn 0.185253978 0.710585177 -0.678785384
vn -0.333097458 0.757349014 -0.561665893
vn 0.0580367893 0.713811636 -0.697928905
vn 0.0304855201 0.713267684 -0.700228512
vn -0.293094784 0.728359759 -0.619344473
vn -0.325092733 0.724929154 -0.607282937
vn 0.403916448 0.83287406 0.378381014
vn 0.146523446 0.847860098 0.509572566
vn 0.179366723 0.929392517 0.322579116
vn -0.0494542159 0.937692463 0.343928963
vn 0.078355059 0.994386494 0.071104899
vn 0.39584589 0.913012385 0.0985612944
vn 0.558249354 0.543726027 0.62667346
vn 0.565161169 0.736642659 0.371416926
vn 0.00300443452 0.678126156 -0.734939337
vn -0.00825911481 0.699776769 -0.714313805
vn 0.0301786531 0.687912703 -0.725165725
vn 0.131261036 0.669463217 -0.731156409
vn 0.305298716 0.618023098 -0.724458575
vn 0.452099681 0.696231186 -0.557555318
vn 0.524641693 0.717463374 -0.458254755
vn 0.525990248 0.808116734 -0.265106767
vn 0.516472518 0.840131581 -0.165634602
vn 0.310501575 0.587316871 0.747427404
vn 0.223025009 0.375592738 0.899549901
vn 0.699332356 0.299316823 0.6491099
vn 0.149402514 0.772428274 0.617279112
vn -0.17766878 0.725894511 0.664462984
vn 0.292754948 0.873303115 0.389405221
vn 0.124841012 0.988177836 0.0889897943
vn 0.768759549 0.631225169 0.102778904
vn 0.100956187 0.602303684 0.791857421
vn 0.649672806 0.571786821 0.500984132
vn -0.366190284 0.83675456 0.407119632
vn -0.0900097713 0.965706587 -0.243534446
vn 0.624096572 0.772805452 -0.115217552
vn -0.343105674 0.780010998 -0.523317635
vn -0.363888562 0.842303753 -0.397629976
vn -0.243550286 0.740702569 -0.626133323
vn -0.224427119 0.735776663 -0.638956308
vn 0.0108383941 0.688363254 -0.725285232
vn -0.390366912 0.903410554 -0.177378014
vn -0.383346945 0.88586688 -0.261313736
vn -0.327789307 0.741635323 -0.585261762
vn 0.516470194 0.856158137 -0.0158658549
vn 0.393075973 0.896211207 0.205661997
vn 0.276368171 0.891215265 0.359661043
vn 0.125544056 0.923883796 0.361493498
vn 0.0575062037 0.930044055 0.362920374
vn -0.397877574 0.917412043 -0.00697509013
vn -0.412913382 0.907065988 -0.0820596889
vn -0.0293694157 0.895111024 0.444874972
vn -0.0325765349 0.894771338 0.445334733
vn -0.330706686 0.76103574 -0.558083951
vn -0.382364362 0.845206976 -0.373393655
vn -0.426166087 0.901598334 -0.0741825104
vn -0.0890416875 0.680757344 -0.727077127
vn -0.123200744 0.697136402 -0.706273496
vn 0.66407752 0.746384859 0.043709781
vn -0.0299979299 0.893932581 0.447196513
vn 0.0326121673 0.889248252 0.456261009
vn 0.32635957 0.817400217 0.474706739
vn 0.334126621 0.818142712 0.467976451
vn -0.0186723042 0.648888469 -0.760654449
vn 0.670613408 0.741404176 0.0244399011
vn 0.670235932 0.742125273 0.00583320763
vn 0.598478377 0.670401216 -0.438618034
vn 0.556828916 0.666862726 -0.495212704
vn 0.315656543 0.602640331 -0.732929409
vn 0.205814451 0.627089858 -0.751264751
vn -0.406669468 0.864404023 -0.295678049
vn -0.240240633 0.910511672 -0.336530685
vn -0.219840825 0.950576305 -0.219259441
vn -0.171437338 0.961060822 -0.216728911
vn -0.244840533 0.966762602 -0.0736422688
vn -0.419487357 0.903106332 -0.091811493
vn -0.216473341 0.679704547 -0.700814545
vn -0.484011382 0.598870575 -0.638033628
vn -0.275858134 0.753250897 -0.597088993
vn -0.116526231 0.682594955 -0.721447051
vn -0.0845416859 0.663246512 -0.74361068
vn -0.0333429426 0.628338635 -0.777225018
vn 0.0519942008 0.618286073 -0.784231424
vn 0.112837918 0.607148945 -0.786535323
vn -0.0911471769 0.871174693 -0.482438505
vn 0.116057612 0.606221616 -0.786781967
vn -0.0418650024 0.616118968 -0.786539733
vn -0.0493893549 0.620893359 -0.782337606
vn -0.0844354481 0.643105865 -0.76110816
vn -0.210294276 0.751220405 -0.625655055
vn -0.10607972 0.523477435 -0.845410287
vn -0.639818132 0.370790958 -0.673161745
vn 0.239304259 0.884868622 -0.399675906
vn -0.26626876 0.923056901 -0.27760914
vn -0.149686977 0.983147979 0.104946978
vn -0.538348019 0.764124691 -0.355379939
vn -0.751994014 0.656513333 -0.0591202378
vn -0.163123593 0.748509824 -0.642746985
vn -0.624552786 0.624596417 -0.468842328
vn 0.133082733 0.966035426 -0.221505389
vn -0.139952734 0.95530653 0.260389358
vn -0.644467175 0.759250402 0.0905590579
vn -0.457351774 0.888233423 -0.0432513468
vn -0.423391789 0.902969956 0.0733793378
vn -0.30904898 0.795235574 -0.521621764
vn -0.31711784 0.798124254 -0.512283206
vn -0.45543921 0.888636887 -0.0538468622
vn -0.429114014 0.899690688 0.0801114663
vn -0.404110849 0.912123919 0.0687335655
vn -0.430430233 0.902623713 -0.000557612744
vn -0.45120731 0.890463114 -0.0590549484
vn -0.366315007 0.816464543 -0.446317077
vn -0.331964076 0.769961119 -0.544940293
vn -0.296965182 0.759834528 -0.578327835
vn -0.237160772 0.91518116 0.325880468
vn -0.341169477 0.92579633 0.162801772
vn -0.138289645 0.964473009 0.225094825
vn -0.258805811 0.965797424 -0.0159682743
vn -0.136712804 0.985854924 0.0969522223
vn -0.134684905 0.955198467 0.263544589
vn -0.303029001 0.952742815 0.0213178974
vn -0.189133346 0.922519207 -0.336432695
vn -0.220937505 0.961876571 -0.161183432
vn -0.406135112 0.913388908 0.0278390869
vn 0.047019612 0.996433258 -0.0700704157
vn -0.183380634 0.923620999 -0.336594552
vn -0.21943675 0.96178174 -0.163778871
vn -0.239830136 0.968965113 -0.0599011742
vn -0.239631847 0.9255777 0.293057054
vn -0.669359505 0.742831647 -0.0126135303
vn -0.33819297 0.709076405 0.618737519
vn -0.279610842 0.875597894 -0.393885761
vn 0.280053169 0.934413254 -0.220095858
vn 0.0755555853 0.979930758 0.18446441
vn 0.3869991 0.863701165 0.322880685
vn -0.65256381 0.756925642 0.034984991
vn -0.356073052 0.764552355 0.537281752
vn -0.338446707 0.874138892 -0.348331988
vn 0.107972167 0.978221357 -0.177270815
vn 0.165336952 0.904387057 0.393379897
vn -0.163130522 0.860299528 0.482983679
vn -0.208506808 0.877226174 0.432434112
vn -0.245767191 0.923731208 0.293801367
vn -0.275314629 0.945954502 0.171382621
vn -0.224879071 0.940947354 0.253075957
vn -0.187239498 0.874080062 0.448246807
vn -0.139501855 0.849858522 0.508212268
vn -0.258063167 0.965974927 0.0171996951
vn 0.336778253 0.919392824 -0.203216821
vn 0.330584615 0.943773687 -0.00222479901
vn 0.282714456 0.938105762 -0.200075179
vn 0.181880727 0.983156204 -0.0179783273
vn 0.138574481 0.956951261 -0.255032063
vn 0.246049389 0.902943611 -0.352353007
vn 0.50432235 0.673675478 -0.540203929
vn 0.312146068 0.864772499 -0.393361688
vn -0.135603234 0.9791646 -0.151157185
vn -0.120350659 0.971733272 -0.203101039
vn -0.112312324 0.968894482 -0.220520869
vn -0.0803922117 0.956116676 -0.281741202
vn 0.0860506222 0.91083914 -0.403692186
vn 0.112708718 0.89880234 -0.423616618
vn 0.239221051 0.874697924 -0.421517283
vn 0.700312138 0.597069621 -0.391242683
vn 0.67582041 0.731011093 -0.0942852572
vn 0.761312246 0.616001308 0.202351719
vn 0.824169993 0.366801023 -0.431509942
vn 0.427215338 0.898352742 -0.102222227
vn 0.183681861 0.965966225 0.182126775
vn -0.000231296071 0.822626233 -0.568582475
vn 0.4448466 0.49299866 -0.747705579
vn 0.538283169 0.799944937 0.265215784
vn 0.613498092 0.724967122 -0.313117772
vn 0.033643797 0.96472919 0.261085778
vn -0.100185908 0.89144361 -0.441917419
vn 0.29137519 0.673872888 -0.67896682
vn 0.757960439 0.650384724 -0.049956385
vn 0.747130215 0.663748324 -0.0351357274
vn 0.713781118 0.673445821 -0.192320809
vn 0.785050571 0.611904681 -0.0962719396
vn 0.501208067 0.865137339 -0.0181087703
vn 0.439059258 0.897785187 -0.0347684585
vn 0.401650727 0.91472435 -0.0442264602
vn 0.730416417 0.682265937 -0.0316996202
vn 0.622934282 0.782154977 -0.0136573752
vn 0.561329782 0.827503622 0.0121136662
vn 0.520648837 0.85375303 -0.00552519644
vn 0.381964177 0.922497332 -0.0556976013
vn 0.351673126 0.933106244 -0.0750920326
vn 0.349391639 0.933678985 -0.0785427764
vn 0.290832311 0.941481709 -0.170377865
vn 0.143315807 0.914995015 -0.377153307
vn 0.13395828 0.911072016 -0.389875561
vn 0.12343812 0.911663234 -0.39196068
vn 0.122290969 0.912057638 -0.391402274
vn -0.0767237395 0.957524061 -0.27795884
vn -0.0952796042 0.968469918 -0.230190858
vn -0.158540905 0.984472156 -0.0753611922
vn 0.472158253 0.803499639 -0.362567216
vn 0.525110781 0.778259754 -0.344340414
vn -0.0434243307 0.887228966 0.459280908
vn -0.148858935 0.914347589 0.376576275
vn -0.0336018726 0.906288087 0.421322584
vn -0.118762545 0.96454376 0.23569186
vn 0.0385422334 0.95622474 0.290084004
vn 0.0483994149 0.90238905 0.428195506
vn 0.888303339 0.116817042 0.444152027
vn 0.813279331 0.0489011332 0.579814851
vn 0.470931351 0.293975085 0.831746519
vn 0.395438105 0.605313301 0.690814435
vn 0.726881385 0.0227592885 0.68638587
vn 0.764950335 0.0329880305 0.643243968
vn 0.778467536 0.0408939272 0.626351237
vn 0.806353211 0.0575858764 0.58862406
vn 0.260690808 0.143456966 0.954704344
vn 0.730092585 0.0128922435 0.683226585
vn 0.709888637 0.0086400779 0.704260826
vn -0.022347765 0.352162302 0.935672104
vn -0.531307518 0.462989867 0.70947355
vn -0.0208516587 0.240665242 0.970384181
vn 0.0782699436 0.695808709 0.713949621
vn -0.262349695 0.941908419 0.209716946
vn 0.43756783 0.835673213 0.33194074
vn 0.48378697 0.466348737 0.740586817
vn -0.4756836 0.747765601 0.463218838
vn -0.0684845001 0.653156936 0.754119217
vn -0.248190835 0.968684793 -0.00716195116
vn 0.350345045 0.93075937 0.104619667
vn 0.356294334 0.743202984 0.566307068
vn 0.282332242 0.0756346732 0.956330359
vn 0.631703258 -0.00669970317 0.775181293
vn 0.556193531 -0.0213354211 0.830778778
vn 0.399732679 -0.0147265699 0.916513503
vn 0.346768647 -0.0137097817 0.937850475
vn 0.304846525 0.0420225859 0.951474011
vn 0.353971124 -0.0352814421 0.934590697
vn 0.355837017 -0.0352158099 0.933884203
vn 0.44398436 -0.0321695358 0.895456851
vn 0.525661647 -0.0208090786 0.85043925
vn 0.526338577 -0.0207448751 0.850021899
vn 0.560099781 -0.0202530622 0.828177512
vn 0.878233075 0.100794293 0.467490196
vn 0.89261353 0.126482069 0.43271625
vn 0.906575561 0.154074699 0.392914444
vn 0.238998026 0.332354426 0.912370741
vn 0.0712390468 0.408534825 0.909958482
vn 0.257928491 0.505318224 0.823484421
vn 0.0835728496 0.601251721 0.794677198
vn 0.249036953 0.590862513 0.767373383
vn 0.31139946 0.452232152 0.83577311
vn -0.998786926 -0.00513023278 -0.048972629
vn -0.969967544 -0.0347001664 0.240746319
vn -0.0673839003 0.774531901 0.628935277
vn -0.0696709007 -0.302150488 0.950710833
vn -0.947428942 -0.0138442051 0.319666803
vn -0.955573618 -0.0158723146 0.294324875
vn -0.955672562 -0.0158651378 0.294003785
vn -0.966103375 -0.0153133934 0.257700771
vn -0.997488022 -0.00909701455 0.0702502578
vn -0.999950051 -0.00624271203 -0.00781234866
vn -0.944357753 -0.0215068944 0.328216344
vn -0.37003994 0.174248755 0.912528157
vn 0.206762359 0.19618161 0.95852077
vn -0.940659881 -0.0185706001 0.338842064
vn -0.927718163 -0.00801134389 0.37319538
vn -0.927180171 -0.00755885057 0.374539465
vn -0.926702142 -0.00253887405 0.375787973
vn -0.876760125 0.0459364504 0.47872892
vn -0.853037357 0.0481719896 0.519621611
vn -0.853043139 0.0481746159 0.519612134
vn -0.865238845 0.065048784 0.497122139
vn -0.867870331 0.0641203895 0.492635578
vn -0.228512943 -0.174175665 0.95783329
vn 0.22874786 -0.47159043 0.85163188
vn -0.016438961 0.666875422 0.744987786
vn 0.582281411 0.686071813 0.436181009
vn 0.387390435 -0.105743125 0.915831327
vn 0.736573398 -0.0966852233 0.669411421
vn -0.177173153 0.101339787 0.978948414
vn 0.273480445 -0.0751590282 0.958936751
vn -0.188902557 0.68213284 0.706406713
vn 0.454338551 0.84166801 0.291841567
vn 0.59212476 0.263470083 0.761558771
vn -0.693852901 0.00999939162 0.720047355
vn -0.998793423 -0.00519962702 -0.0488323905
vn -0.686941803 0.0102744205 0.726639807
vn -0.666566849 0.00660543703 0.745416045
vn -0.666372836 0.00656401832 0.745589852
vn -0.757611573 -0.00435056956 0.652691245
vn -0.798949599 -0.00994542055 0.601315737
vn -0.874542415 -0.0105221979 0.484834671
vn -0.631186306 0.687067807 -0.359918922
vn -0.51730895 0.758295178 -0.396711439
vn -0.590246141 0.771719694 -0.236766398
vn -0.457579762 0.85076648 -0.258490205
vn -0.544873238 0.818194866 -0.183494791
vn -0.62359488 0.742534816 -0.244481742
vn -0.843391776 0.252837718 -0.474092156
vn -0.856597364 -0.0664398298 -0.51169008
vn -0.996886253 -0.0343895294 0.070958145
vn -0.999416947 -0.0331769399 -0.00806142017
vn -0.998286664 -0.0326481834 -0.0485585332
vn -0.989018261 -0.0194637701 -0.146506056
vn -0.924963117 0.0120983748 -0.379864335
vn -0.918773413 0.0172576774 -0.394407958
vn -0.884083092 0.0202700067 0.466890007
vn -0.714051545 -0.699871361 0.0176206082
vn -0.917148888 -0.391466022 -0.0747814476
vn -0.900334418 0.344024032 0.266543478
vn -0.407632321 0.668907762 -0.62160933
vn -0.551928997 0.500188947 -0.667222202
vn -0.797899425 0.591278613 -0.117243506
vn -0.349540114 0.914270759 -0.204769939
vn -0.604546189 0.791471243 0.0899845958
vn -0.677353203 0.667848527 -0.308498055
vn -0.927991927 0.00581791904 -0.372555017
vn -0.960419238 -0.00583881931 -0.278497308
vn -0.998695195 -0.0304946918 -0.0409646817
vn -0.998527467 -0.0262460895 0.0474766791
vn -0.963984609 -0.016632095 0.265437454
vn -0.936039388 -0.00176573277 0.351890594
vn -0.886873364 0.0190009903 0.461621821
vn -0.930995107 0.00369665655 -0.365012914
vn 0.0431563742 0.972416043 0.229226083
vn -0.262156308 0.96059072 0.0924088806
vn -0.12592566 0.99201268 0.00731450738
vn -0.396945655 0.889774144 -0.225247025
vn -0.10108646 0.941287458 -0.32211706
vn 0.167150766 0.985924006 -0.00381807657
vn 0.44277817 -0.253043801 0.860183954
vn 0.724360228 -0.152033478 0.67244935
vn 0.980070531 -0.173900634 -0.0960220397
vn 0.981762707 -0.176992729 -0.0693938434
vn 0.983210027 -0.182318076 -0.00761781167
vn 0.905042052 -0.203190401 0.37364772
vn 0.861455739 -0.194854081 0.468962491
vn 0.716637313 -0.162193075 0.67832458
vn 0.113569148 -0.164383799 0.979836702
vn -0.030827025 -0.0574598648 0.997871757
vn 0.463458091 -0.209194049 0.861071646
vn 0.142632917 0.0974237844 0.984969258
vn -0.583001196 0.620646 0.524316847
vn 0.622270048 0.100648358 0.776305318
vn 0.739848971 0.624094784 0.251255095
vn 0.869668305 0.0382352993 0.492153555
vn -0.318620622 -0.0138634173 0.947780907
vn 0.424657851 -0.153193086 0.892298996
vn -0.734149277 0.651435375 0.191459671
vn 0.589487195 0.678753674 -0.43794778
vn 0.953852952 0.0922029987 0.285767674
vn -0.64109242 0.0828136727 0.762982607
vn 0.280253053 0.11250709 0.953310251
vn -0.958188355 0.201665744 -0.202992588
vn 0.17398116 0.405650675 -0.897317171
vn 0.944042683 0.27116397 0.187758937
vn -0.596546829 0.64889586 0.472298563
vn 0.286812663 0.668906391 0.685786307
vn -0.796769679 0.438051134 -0.416256428
vn 0.0561000071 0.574010789 -0.816923738
vn 0.719771147 0.693401217 0.0335302055
vn 0.570056617 -0.128892273 0.811432242
vn 0.515291274 -0.105340503 0.850516558
vn 0.0872167274 0.0616851188 0.994277716
vn 0.00653561484 0.105454713 0.994402707
vn -0.0700275525 0.146413714 0.986741781
vn -0.229168713 0.174989045 0.957528353
vn 0.52036649 -0.12598832 0.844598055
vn 0.660025954 -0.152424023 0.73561722
vn -0.166046053 0.143560603 0.975612164
vn 0.0263363812 0.0475459844 0.998521864
vn 0.340535104 -0.0622694083 0.938167572
vn 0.983291805 -0.182034016 -0.000920290884
vn 0.980093062 -0.173298404 -0.0968772322
vn 0.978972316 -0.170341223 -0.112236485
vn 0.778672993 -0.174684882 0.60262233
vn 0.901466787 -0.199233651 0.384270161
vn -0.0480682999 0.959573567 -0.277322918
vn 0.230358154 0.942405641 -0.242500842
vn -0.00626357878 0.998759925 -0.0493890196
vn 0.33274743 0.942049205 0.0426910482
vn 0.0849682391 0.991820991 0.0952439606
vn -0.0939535126 0.991957009 -0.0848176777
vn -0.499026567 0.0798567086 -0.862899423
vn -0.698951721 0.192777127 -0.68869704
vn -0.995243788 0.0113827661 -0.0967475772
vn -0.97175777 -0.0270375051 -0.234426379
vn -0.953081131 -0.0454652086 -0.299281538
vn -0.737434328 -0.115773104 -0.665422618
vn -0.51516366 -0.146876231 -0.844413221
vn -0.513459921 -0.147044361 -0.845421135
vn -0.258060694 0.220621884 -0.94060123
vn 0.0473079197 0.266870379 -0.962570548
vn -0.498691052 0.0501783788 -0.865326107
vn -0.264348418 0.566901743 -0.780219495
vn 0.153498381 0.864823103 -0.478036821
vn -0.617762625 0.508681834 -0.599676609
vn -0.611191928 0.786486268 -0.08879105
vn -0.865249753 0.270325899 -0.422216535
vn 0.307305455 0.191475451 -0.932148278
vn -0.475618213 -0.0493762009 -0.878264964
vn 0.611661315 0.777243257 -0.147523969
vn -0.50304085 0.724336326 0.471473128
vn -0.964222789 0.135223404 -0.228011116
vn 0.496045023 0.165803045 -0.852319658
vn -0.43609342 0.0709934682 -0.897096694
vn 0.924368918 0.350392073 0.150888726
vn -0.257506996 0.332422107 0.907295823
vn -0.989332855 0.121379711 -0.0805457011
vn 0.544576705 0.555244923 -0.628601193
vn -0.244592011 0.631290972 -0.735966384
vn 0.812340319 0.55632782 0.174935892
vn 0.0875071734 0.777241766 0.623087287
vn -0.597902834 0.79792881 -0.07630077
vn 0.056267295 -0.139265761 -0.98865509
vn 0.182760179 -0.121076711 -0.975673735
vn -0.0790620595 -0.145125136 -0.986249387
vn 0.13198927 -0.119789191 -0.983986437
vn 0.0922089815 -0.11031954 -0.98960954
vn 0.0843675658 -0.108606711 -0.990498185
vn -0.171558961 -0.0163161848 -0.985038757
vn -0.421621293 0.0116355401 -0.906697392
vn -0.500519872 0.0233950838 -0.865408957
vn -0.935762525 0.0384144671 -0.350532413
vn -0.956028938 0.0371138528 -0.290914655
vn -0.994429886 0.0493219644 -0.0931476578
vn -0.998458028 0.00840358436 -0.0548705831
vn -0.996618807 0.0539665855 0.0619546846
vn -0.0786999986 0.979555309 -0.185142085
vn -0.210126802 0.975416243 -0.0664072707
vn -0.0806959122 0.95422709 -0.287991107
vn -0.151227012 0.966501713 -0.207376376
vn -0.0229315031 0.935863137 -0.351616591
vn 0.0359656513 0.938369751 -0.343756914
vn 0.510611475 0.655251026 0.556706429
vn 0.638668001 0.706965029 0.303814918
vn 0.879063606 0.155710369 -0.450556815
vn 0.914268017 0.168144792 -0.368566364
vn 0.924455881 0.175373018 -0.338564008
vn 0.946613669 0.213819236 -0.241254747
vn 0.930421948 0.328906 0.16166611
vn 0.89917022 0.361503422 0.246593148
vn 0.266035259 0.740357935 0.61732924
vn 0.0261393189 0.630029857 0.776130915
vn 0.583459854 0.45445618 0.673085451
vn 0.169892341 0.918358624 0.35742721
vn -0.251106173 0.95814091 0.13751933
vn 0.456364214 0.87712431 0.149614975
vn 0.390286624 0.858680785 -0.332180321
vn 0.853644669 0.507219017 0.118404604
vn -0.201726481 0.487568974 0.849460304
vn 0.620848119 0.30471161 0.72228682
vn -0.675784409 0.730089426 -0.101414301
vn 0.228943259 0.586926699 -0.776596427
vn 0.947338223 0.311728835 -0.0733175278
vn -0.534731805 0.472474933 0.700592041
vn 0.643554091 0.456144005 0.61463058
vn -0.865689576 0.255787194 -0.430295885
vn -0.0245947316 0.152976647 -0.987923801
vn 0.852555692 0.262204915 -0.452103287
vn -0.433770061 0.809064686 0.396557391
vn 0.229400471 0.93631506 0.265874743
vn -0.615455925 0.746866226 -0.25180316
vn 0.00544186728 0.615903854 -0.787802577
vn 0.487006217 0.73678124 -0.469018549
vn 0.877932012 0.385571033 0.28384909
vn 0.554698706 0.585799456 0.590887725
vn 0.233906776 0.671554804 0.703065991
vn 0.213108271 0.674085975 0.707243323
vn 0.330894589 0.796595871 0.505908787
vn 0.218883872 0.68088448 0.698917866
vn 0.902022064 0.431338102 -0.0174285006
vn 0.906160235 0.272494972 -0.323450327
vn 0.871293664 0.255491644 -0.419012338
vn 0.456068486 0.758577228 0.465362281
vn 0.54936403 0.726417422 0.412937015
vn 0.856096685 0.496513039 0.143433675
vn 0.663000405 0.11385233 -0.739910901
vn 0.669319093 0.0952686146 -0.736841798
vn 0.704437137 0.162422568 -0.690932035
vn 0.234874696 0.948868454 0.2109088
vn -0.0169633776 0.945249677 0.325906813
vn -0.146959841 0.988702774 0.0294889174
vn -0.161964431 0.986558735 0.0216636416
vn -0.133297622 0.938933253 -0.317231745
vn 0.155871063 0.948252738 -0.276624292
vn 0.821509898 0.341530383 0.456594557
vn 0.625066638 0.632160306 0.457891911
vn -0.60591197 0.764212787 -0.221019223
vn -0.59500128 0.776965559 -0.205664933
vn -0.594265461 0.77751112 -0.205730483
vn -0.427463889 0.901984155 -0.0608220287
vn 0.271738052 0.872629702 0.405802548
vn 0.311003953 0.806793213 0.502355754
vn 0.328853697 0.771164358 0.545124531
vn 0.719545901 0.153245017 0.677325368
vn 0.521032333 0.298170388 0.799762189
vn 0.404167473 0.175015792 0.897785127
vn 0.811128438 -0.0731944144 0.580269873
vn 0.45312494 0.574957132 0.681250274
vn 0.138172299 0.750891089 0.645810306
vn 0.518251061 0.854305625 -0.0397193432
vn 0.966006756 -0.140908197 0.216739342
vn 0.114742249 -0.0930046737 0.989031971
vn 0.719460785 -0.268647552 0.640472233
vn -0.573782504 0.349548757 0.740668118
vn -0.0683348626 0.767966926 -0.636833668
vn 0.983808577 -0.115419716 -0.137109846
vn -0.0608815625 0.112170696 0.991822124
vn 0.78171283 -0.0375785157 0.622505426
vn -0.84768343 0.354341239 0.394810289
vn -0.475192338 0.41937986 -0.77350682
vn 0.877679825 0.0724849999 -0.4737342
vn -0.113287345 0.176572025 0.977746606
vn 0.834341109 0.0911563933 0.543659329
vn -0.938658416 0.211227372 0.272586703
vn -0.499774724 0.146243304 -0.853720069
vn 0.78859812 0.0607527159 -0.611900389
vn -0.0935768038 0.107662439 0.98977387
vn 0.854500234 0.141019225 0.499943078
vn -0.972764134 0.0248499122 0.230461389
vn -0.437917441 -0.00208569807 -0.899012804
vn 0.732885897 0.0761082321 -0.676081181
vn 0.0477089211 0.522839904 0.851094842
vn 0.725908399 0.534426093 0.43295002
vn -0.620754361 0.77632916 0.109440327
vn -0.237976223 0.506765604 -0.828586757
vn 0.575164557 0.520134509 -0.631384134
vn 0.384213716 0.0121077206 0.923164845
vn 0.379882544 0.00748788333 0.925004482
vn 0.378732592 0.0788510144 0.922141075
vn 0.60569948 0.394768745 0.690858722
vn 0.561428964 0.62572366 0.541541755
vn 0.388241827 0.0131936185 0.921463072
vn 0.536262512 0.255203277 0.80454576
vn 0.359197766 0.89111048 0.277306795
vn -0.300235093 0.951378942 -0.0688255057
vn -0.576596677 0.782920659 -0.233605459
vn -0.630909204 0.740805686 -0.230565578
vn 0.52082473 0.704993606 0.481378973
vn 0.51772368 0.370432198 0.771195292
vn 0.496266127 0.31905818 0.807416797
vn -0.302322745 0.950914741 0.0660473704
vn -0.279279083 0.960205674 0.00286248606
vn -0.119501501 0.990681171 -0.0653467849
vn -0.0257135425 0.998450696 -0.0493454933
vn 0.172373042 0.982417941 -0.0717114508
vn -0.016858289 0.999835134 0.00674890121
vn -0.512000918 -0.3903566 0.765164554
vn -0.324455142 -0.235434607 0.916132808
vn 0.35284844 -0.0867763162 0.931647897
vn 0.303834617 -0.103864953 0.94704622
vn -0.00754324161 -0.195335373 0.980707526
vn -0.066202566 -0.206869423 0.976126194
vn -0.527805626 -0.277046233 0.802911341
vn -0.547930598 -0.276547909 0.789489329
vn -0.952634633 -0.206266493 0.223475561
vn -0.903238893 -0.274009556 0.330269992
vn -0.527276218 -0.466739237 0.710024059
vn -0.684047759 0.0220401566 0.729104102
vn -0.853668451 0.410184413 0.320934594
vn -0.380654752 0.0361655876 0.92400974
vn 0.0296234712 0.370540887 0.928343594
vn -0.0890043154 -0.225317433 0.970211506
vn -0.982743502 -0.170834556 0.0709284991
vn -0.618277848 -0.321061522 0.717392445
vn -0.592138052 0.449539304 -0.668795168
vn 0.735322297 0.377965957 0.562532425
vn 0.0605567917 -0.162917584 0.984779477
vn -0.979897141 -0.00862939749 -0.199316517
vn -0.741115808 -0.0586830229 0.668807745
vn -0.222758159 0.1436252 -0.964235723
vn 0.98097235 0.191658467 0.0309853423
vn 0.143895924 0.00547383167 0.989577711
vn -0.944872499 0.11705257 -0.305801809
vn -0.683162332 0.169462189 0.710332155
vn -0.0111639341 0.0561322458 -0.998360872
vn 0.996329367 0.0852634907 -0.00761096878
vn 0.34499979 0.142815962 0.927673876
vn -0.971509814 0.037581753 -0.23400043
vn -0.727920771 0.0953067914 0.679005146
vn 0.077692613 0.00944687612 -0.996932626
vn 0.996411979 0.0754446611 -0.0383583419
vn 0.392005414 0.122117512 0.911821842
vn -0.812337995 0.582176089 -0.0343231335
vn -0.666613042 0.581394613 0.466484219
vn 0.119392246 0.913642466 -0.388591081
vn 0.759503126 0.64843291 -0.0518641993
vn 0.272764921 0.83267647 0.481922448
vn -0.919933259 -0.189466879 0.343256772
vn -0.992712975 -0.104427874 0.0601316169
vn -0.554460287 -0.276012123 0.785105884
vn -0.88898927 -0.207962096 0.407982677
vn -0.939322352 -0.161389351 0.302699327
vn -0.9514606 -0.15479818 0.26600787
vn -0.895758688 -0.186829433 0.403374761
vn -0.655760407 -0.235126525 0.717421591
vn -0.531165063 -0.243553057 0.811508238
vn -0.317627311 -0.224432886 0.921272397
vn -0.104081944 -0.204651102 0.973285615
vn -0.00657336274 -0.191077739 0.981552899
vn 0.385010719 -0.074937664 0.919864714
vn -0.0167862605 0.991541326 0.128700659
vn 0.222125888 0.973473847 0.0548517741
vn 0.160005212 0.986672997 -0.0295759626
vn 0.343171448 0.932783067 -0.110223502
vn 0.214090839 0.974109173 -0.0726390406
vn -0.00331820874 0.994870484 0.101102449
vn -0.311287045 0.930181563 -0.194583267
vn -0.634971619 0.728414536 -0.257338852
vn -0.292891353 0.0591411591 -0.954314947
vn -0.284660101 0.0558074415 -0.957002699
vn -0.568989515 0.248883829 -0.783777893
vn -0.61521399 0.286836684 -0.734327197
vn -0.643730819 0.345593542 -0.68277055
vn -0.760610402 0.64908731 0.0125521719
vn -0.604069889 0.585703373 -0.540417612
vn -0.889457345 0.456370413 0.0243243147
vn 0.0737181753 0.916487753 -0.39321214
vn -0.289950401 0.945370853 0.149005592
vn 0.108012676 0.943030179 0.314686179
vn -0.607953608 0.752094388 0.254453033
vn -0.52068007 0.639282763 0.565870702
vn -0.072979331 0.110380195 -0.991206408
vn -0.819915295 0.060327094 -0.569297493
vn 0.654020905 0.268719941 -0.707139432
vn 0.915007174 0.399781555 0.0541908182
vn 0.119021922 0.477365643 0.870606542
vn -0.362658054 0.309796214 -0.87892288
vn -0.915738165 0.397642553 -0.0574801117
vn 0.691917002 0.220451757 -0.687496901
vn 0.845996618 0.260917813 0.464985609
vn -0.281139523 0.381374985 0.880632579
vn -0.339326799 0.22443068 -0.91350323
vn -0.93551904 0.337506473 0.104371749
vn 0.78093648 0.0278953742 -0.623987317
vn 0.871487975 0.0260480177 0.489724725
vn -0.312040597 0.238972425 0.91952318
vn 0.152002096 0.966463864 -0.206985086
vn -0.594438732 0.74776268 0.295793086
vn 0.751804292 0.512090981 -0.41539526
vn 0.618013203 0.777225971 0.118234679
vn -0.28744188 0.760872722 0.581764519
vn -0.626671135 0.229400277 -0.744754136
vn -0.298089027 0.0612949207 -0.952568054
vn -0.909092128 0.416568935 0.00465576537
vn -0.909256935 0.416078061 -0.0114395646
vn -0.910465598 0.409314007 -0.0592827797
vn -0.654274523 0.244920567 -0.715498984
vn -0.695066035 0.542552471 0.471720248
vn -0.674031079 0.53088069 0.513661325
vn -0.814080656 0.529618979 -0.238278255
vn -0.815117776 0.579179227 -0.0115994243
vn -0.47758013 0.391895235 0.786342919
vn -0.611478567 0.477895707 0.630642176
vn -0.646701992 0.420643777 0.636266768
vn -0.687057614 0.4322429 0.58405298
vn -0.343057454 0.938854694 -0.0293861348
vn -0.395074069 0.918490231 0.0170894228
vn -0.341120094 0.939464688 -0.0322959684
vn -0.457847238 0.884871781 0.0858938023
vn -0.426458716 0.903785169 0.0361281335
vn -0.356610984 0.934122503 -0.0156149361
vn -0.906969488 0.227356151 -0.354564041
vn -0.465735048 0.195799053 -0.862991095
vn -0.149131522 0.8850407 -0.440979421
vn -0.417846084 0.864360452 -0.279795557
vn 0.170607001 0.965168417 -0.198351398
vn -0.327708423 0.24809517 -0.911622643
vn -0.192152813 0.320262939 -0.927636147
vn 0.0131899724 0.409204543 -0.912347376
vn 0.364571869 0.533026099 -0.763525069
vn 0.0536266118 0.993016005 0.105087429
vn 0.256139427 0.879985154 0.40002346
vn 0.517222822 0.807970822 -0.282247692
vn -0.2756145 0.95780158 0.0815641731
vn -0.464453369 0.818018734 0.339305669
vn -0.627938807 0.719086111 -0.297671139
vn -0.0164257251 0.709884703 -0.704126298
vn 0.42209065 0.672368526 0.608078957
vn 0.764908493 0.547498643 -0.339352667
vn -0.634124517 0.595053852 0.493757963
vn -0.82686609 0.459194481 -0.324704558
vn 0.00682080956 0.417472273 -0.908664048
vn 0.478690028 0.521516562 0.706311703
vn 0.832331359 0.424570709 -0.35632056
vn -0.729312003 0.310907036 0.6094594
vn -0.929980457 0.145499021 -0.337589264
vn -0.0107326014 0.205935985 -0.978506684
vn 0.368419081 0.335894227 0.866857886
vn 0.858059049 0.398313612 -0.324161887
vn -0.743783653 -0.0218404513 0.668063581
vn -0.964324653 -0.156461433 -0.213536471
vn -0.162943974 0.0345156193 -0.986031413
vn -0.177953154 0.864994586 0.469166487
vn 0.211667776 0.960877597 -0.178636104
vn -0.725316405 0.49682045 0.476535022
vn -0.871983171 0.489072829 -0.0212864671
vn -0.370345205 0.796630919 -0.477727532
vn 0.500997305 0.627292931 -0.596242666
vn 0.335447043 0.854456782 -0.396710128
vn 0.161416858 0.968938291 -0.187358439
vn 0.0834986046 0.994431913 -0.0642911643
vn 0.00363806635 0.99756211 -0.0696882084
vn -0.0810569972 0.994039536 -0.0729041174
vn -0.164389357 0.983575344 -0.0745357722
vn -0.214057654 0.973868251 -0.0758948028
vn -0.250382066 0.965078413 -0.0770231783
vn -0.350357056 0.933246434 -0.0793789178
vn -0.369410038 0.925835907 -0.0797753558
vn -0.375762433 0.923208833 -0.0805481672
vn -0.45309788 0.888008833 -0.0783753395
vn -0.445672303 0.884342551 -0.138976693
vn -0.453476489 0.873441994 -0.177364424
vn -0.462352514 0.857776165 -0.224611297
vn -0.61822772 0.608730376 -0.497234404
vn -0.673843324 0.370380551 -0.639338434
vn -0.898781478 0.262983471 -0.350758344
vn -0.968684554 0.218558699 -0.117824018
vn 0.694519222 0.19742088 0.691858292
vn 0.779122889 0.0581198968 0.624171019
vn 0.960208893 -0.267384022 0.0806511119
vn 0.911879003 -0.146998659 -0.383233726
vn 0.730148435 0.303254396 -0.612307131
vn 0.820015907 -0.11812868 0.560017467
vn 0.820040643 -0.118261822 0.559953034
vn 0.908539891 -0.223289996 0.353124529
vn 0.926704228 -0.257747293 0.273469329
vn 0.954426885 -0.266441524 0.134455055
vn 0.810827911 -0.141480565 0.567927241
vn 0.819981694 -0.118284449 0.560034573
vn 0.952616572 -0.290908098 0.0888487548
vn 0.948304057 -0.289264441 0.13055855
vn 0.917585254 -0.278533131 0.283648849
vn 0.868129551 -0.203135297 0.452865481
vn 0.944450915 -0.221026182 -0.243228078
vn 0.957269847 -0.287058502 -0.035098251
vn 0.934426248 -0.201271415 -0.293832272
vn 0.960750759 -0.273767024 0.0448297672
vn 0.96019733 -0.277689874 -0.0301573183
vn 0.944004655 -0.214796647 -0.250434697
vn -0.0146082863 0.990396857 0.137480468
vn 0.0819942132 0.59982717 -0.795917332
vn -0.704022527 -0.438779294 -0.55841285
vn -0.849243701 -0.456121027 -0.265967369
vn -0.652682483 0.228646398 0.722306252
vn -0.175236464 0.000178386355 -0.984526336
vn -0.20016329 -0.0420726798 -0.978858829
vn -0.536067367 -0.346472979 -0.769797444
vn 0.0189307891 0.321598351 -0.946686924
vn 0.254034996 0.767608702 -0.588424265
vn 0.101844862 0.448586285 -0.887917757
vn 0.074027963 0.379035652 -0.92241627
vn 0.0630139932 0.190854952 -0.979593575
vn 0.177271247 0.362353623 -0.915027142
vn 0.220163658 0.539275467 -0.8128407
vn -0.569280982 -0.369640946 -0.734360158
vn -0.556692958 -0.364138722 -0.746656537
vn -0.42154333 -0.25271681 -0.870881975
vn -0.129226223 -0.0327929072 -0.991072714
vn 0.0130935963 0.134260938 -0.990859568
vn -0.536575437 -0.346985668 -0.769212365
vn -0.558295488 -0.366164148 -0.744466245
vn 0.0679091215 0.034695778 -0.997088015
vn -0.899422884 -0.411651522 -0.146906108
vn -0.870957792 -0.245259732 0.425770134
vn -0.144590616 0.567154884 0.810819864
vn 0.477042288 0.496338129 -0.725313127
vn -0.624018431 -0.00125144608 0.781408668
vn -0.704195738 -0.0439720824 0.7086429
vn -0.692517757 -0.0537112392 0.719398558
vn -0.110268481 0.395596474 0.911780894
vn -0.257708371 0.280631751 0.924571276
vn -0.316962332 0.24461104 0.916351616
vn -0.622174025 0.00448662648 0.782866061
vn -0.649043322 -0.0168310292 0.760565341
vn 0.229869619 0.634561598 0.737896621
vn 0.561163664 0.820410132 0.109647959
vn 0.523872554 0.813022912 0.254069567
vn 0.267040521 0.656378686 0.705589354
vn 0.25549227 0.729118645 0.634909153
vn -0.145630568 0.524718821 0.838726401
vn 0.213030517 0.698746383 0.682914019
vn -0.264463186 0.405491084 0.875006378
vn -0.663697958 -0.00740510738 0.747964025
vn -0.619372487 0.047178492 0.783678472
vn -0.348701209 0.30812636 0.885135829
vn 0.658392012 0.50890696 -0.554557323
vn -0.391965687 0.761885405 -0.515648603
vn -0.623859882 -0.157048285 0.765594363
vn 0.194698676 -0.430782259 0.881203115
vn 0.974541724 -0.109991565 0.195372269
vn -0.786295176 0.582807422 -0.205122903
vn -0.915213883 0.392810851 0.089905791
vn -0.931814313 0.251672596 0.261501521
vn -0.812770307 0.00971407816 0.58250314
vn -0.777530313 -0.0326087549 0.627999485
vn -0.325352371 0.732571781 -0.597899914
vn -0.40532583 0.72408092 -0.558048308
vn -0.679453075 0.633427918 -0.370286971
vn -0.942267418 0.185074612 0.279068887
vn -0.950881183 0.233308792 0.203450292
vn -0.858390033 0.489836991 -0.152401432
vn -0.672729731 0.622198641 -0.40037933
vn -0.385127783 0.723261952 -0.573209226
vn -0.539001703 -0.221826285 0.812570155
vn -0.739628792 -0.0983061641 0.665796578
vn -0.911116123 0.111780077 0.396702349
vn -0.728851318 -0.0901603699 0.678709686
vn 0.504615545 0.217054203 0.835613906
vn 0.991202593 -0.111774124 -0.07087975
vn 0.51081109 -0.280438364 -0.812666297
vn -0.518352211 -0.140468791 -0.843551695
vn -0.802684247 0.30554089 0.512194037
vn 0.881459236 -0.20669952 -0.424623191
vn 0.829022765 -0.227062196 -0.511042237
vn 0.458679229 -0.280529797 -0.843158662
vn 0.987362087 -0.120622329 -0.102792487
vn 0.927606404 -0.171725273 -0.331748307
vn 0.880679548 -0.191576689 -0.433245689
vn 0.0182497427 -0.229386061 -0.973164439
vn 0.365266055 -0.250134289 -0.896668136
vn 0.604384959 -0.242671877 -0.758834064
vn 0.842355251 -0.205268562 -0.49829945
vn -0.0196479987 -0.225261346 -0.974100173
vn -0.302591652 -0.19761382 -0.932409286
vn -0.253628463 -0.205771849 -0.9451617
vn 0.442755878 -0.280665845 -0.851583183
vn 0.353696108 -0.279625267 -0.892585516
vn -0.117872976 -0.233824 -0.965107381
vn -0.250208586 -0.210235566 -0.94509089
vn 0.0111128334 0.655564785 -0.755057216
vn -0.0314268842 0.663589418 -0.747436583
vn -0.0557556748 0.668096244 -0.741982937
vn -0.0693943426 0.668274879 -0.740670681
vn -0.307468235 0.648880303 -0.696001291
vn -0.318455786 0.655658662 -0.684614897
vn 0.180425033 0.663943172 -0.725690246
vn -0.344598562 0.812698483 -0.469864726
vn 0.185253993 0.710585237 -0.678785324
vn 0.16222553 0.728918552 -0.665101945
vn 0.0304855071 0.713267684 -0.700228512
vn 0.0580367893 0.713811636 -0.697928905
vn -0.333097458 0.757349014 -0.561665893
vn -0.325092733 0.724929154 -0.607282937
vn -0.293094784 0.728359759 -0.619344473
vn 0.0575062111 0.930044055 0.362920374
vn 0.125544071 0.923883796 0.361493498
vn 0.276368171 0.891215265 0.359661043
vn 0.393076003 0.896211147 0.205662027
vn 0.516470134 0.856158197 -0.0158658531
vn 0.516472578 0.84013164 -0.165634587
vn 0.0301786531 0.687912703 -0.725165725
vn 0.0108383941 0.688363254 -0.725285172
vn -0.224427119 0.735776663 -0.638956249
vn -0.327789307 0.741635323 -0.585261703
vn -0.383347005 0.885867 -0.261313707
vn -0.390366912 0.903410614 -0.177378073
vn -0.412913382 0.907065988 -0.0820596889
vn -0.397877574 0.917412043 -0.00697509013
vn -0.0325765349 0.894771338 0.445334733
vn -0.0293694157 0.895111024 0.444874972
vn -0.123200744 0.697136402 -0.706273496
vn -0.0890416875 0.680757344 -0.727077127
vn 0.66407752 0.746384859 0.043709781
vn 0.334126562 0.818142712 0.467976421
vn 0.32635951 0.817400217 0.474706709
vn 0.0326121673 0.889248252 0.456261039
vn -0.0299979299 0.893932581 0.447196543
vn -0.426166087 0.901598334 -0.0741825104
vn -0.382364362 0.845206976 -0.373393655
vn -0.330706686 0.76103574 -0.558083951
vn 0.670235932 0.742125273 0.00583320763
vn 0.670613408 0.741404176 0.0244399011
vn -0.0186723042 0.648888469 -0.760654449
vn 0.205814451 0.627089858 -0.751264751
vn 0.315656543 0.602640331 -0.732929409
vn 0.556828916 0.666862726 -0.495212704
vn 0.598478377 0.670401216 -0.438618034
vn 0.131261036 0.669463217 -0.731156409
vn 0.525990248 0.808116734 -0.265106767
vn 0.524641752 0.717463315 -0.458254814
vn 0.452099741 0.696231186 -0.557555377
vn 0.305298716 0.618023098 -0.724458575
vn -0.316859126 0.924911022 0.210095197
vn -0.0500463732 0.834540188 0.548669338
vn 0.714045644 0.696776271 -0.0681301728
vn 0.107395023 0.692136586 -0.713731825
vn -0.235000074 0.85414803 -0.46390298
vn 0.471427172 0.774610341 0.421586454
vn 0.686519265 0.716786623 0.122099712
vn 0.717727244 0.693490922 0.0627533272
vn 0.722367883 0.690946519 -0.0278855171
vn 0.675617576 0.707899213 0.205960289
vn 0.712518871 0.684306383 0.15505369
vn 0.625944376 0.660438836 -0.414745927
vn 0.740499854 0.620476842 -0.258202255
vn 0.75298804 0.641248405 -0.147680253
vn 0.747944534 0.657281339 0.0925213546
vn 0.573914468 0.642368078 -0.507922709
vn 0.71870482 0.642065883 -0.266860932
vn 0.710915327 0.624187291 -0.324021012
vn 0.060643293 0.996366799 0.0597968139
vn 0.00501142861 0.400325626 0.916359246
vn 0.314503342 0.148002431 0.937647581
vn 0.784847915 0.306645811 0.538499892
vn 0.724047422 0.644624472 0.24538669
vn 0.244925842 0.962807894 0.114071295
vn 0.3554928 0.35615015 0.864165485
vn 0.475373715 0.242558405 0.845686316
vn 0.523375511 0.440715611 0.729278982
vn 0.643809855 0.536663353 0.54543668
vn 0.597837746 0.475593179 0.645291448
vn 0.755169511 0.604992807 0.252394199
vn 0.765463173 0.587799549 0.261835426
vn 0.752759039 0.586683154 0.298591048
vn 0.716279089 0.526893973 0.457522571
vn 0.667691946 0.536376476 0.516224444
vn 0.775416911 0.37699458 0.506560743
vn 0.782070398 0.406910598 0.472005814
vn 0.777034163 0.554075062 0.298694879
vn 0.762062728 0.320219785 0.562778533
vn 0.650912404 0.283915848 0.704063058
vn 0.69056356 0.293534845 0.661028981
vn -0.999950051 -0.00624271203 -0.00781234866
vn -0.997488022 -0.00909701455 0.0702502578
vn -0.966103494 -0.0153133953 0.257700771
vn -0.955672562 -0.0158651378 0.294003755
vn -0.955573618 -0.0158723146 0.294324875
vn -0.947428942 -0.0138442051 0.319666773
vn -0.926702142 -0.00253887405 0.375787973
vn -0.927180171 -0.00755885057 0.374539465
vn -0.927718163 -0.00801134389 0.37319538
vn -0.940659881 -0.0185706001 0.338842064
vn -0.957842708 0.0562403202 0.281734347
vn -0.867870271 0.0641203895 0.492635578
vn -0.865238845 0.065048784 0.497122139
vn -0.853043139 0.0481746159 0.519612134
vn -0.853037357 0.0481719896 0.519621611
vn -0.876760125 0.0459364504 0.47872892
vn -0.973393559 0.0386351943 0.225859195
vn -0.786708593 0.0150388693 0.617141247
vn -0.693852901 0.00999939162 0.720047355
vn -0.998670757 0.0465189032 -0.0222010873
vn -0.998930514 0.045994591 -0.0047441218
vn -0.973187685 0.0355463028 0.227249071
vn -0.998277962 0.0440858454 0.0386992581
vn -0.995531619 0.048192285 -0.0812049285
vn -0.998793423 -0.00519962702 -0.0488323905
vn -0.874542415 -0.0105221979 0.484834671
vn -0.798949599 -0.00994542055 0.601315737
vn -0.757611573 -0.00435056956 0.652691245
vn -0.666372836 0.00656401785 0.745589733
vn -0.666566849 0.00660543703 0.745416045
vn -0.686941803 0.0102744205 0.726639807
vn -0.903199136 0.0309220385 -0.428106308
vn -0.918773413 0.0172576699 -0.394407958
vn -0.924963176 0.0120984046 -0.379864335
vn -0.989018261 -0.0194637422 -0.146506086
vn -0.998286605 -0.0326482095 -0.0485585257
vn -0.999416888 -0.033176966 -0.00806141924
vn -0.839698672 0.12367703 0.528781831
vn -0.927991867 0.00581791857 -0.372554958
vn -0.998527467 -0.0262460876 0.0474766754
vn -0.998695195 -0.0304946918 -0.0409646519
vn -0.960419238 -0.00583881931 -0.278497368
vn -0.930995047 0.00369665562 -0.365012884
vn -0.886873364 0.0190009903 0.461621821
vn -0.936039448 -0.00176573254 0.351890564
vn -0.963984609 -0.0166320931 0.265437424
vn -0.337090462 0.915585935 0.219254181
vn -0.349007398 0.895050168 0.277631164
vn -0.363313228 0.886248589 0.287344605
vn -0.409239829 0.84676069 0.339881212
vn -0.456953764 0.829256654 0.321755618
vn -0.403320193 0.880318403 0.249744549
vn -0.489509404 0.850963414 -0.190372676
vn -0.468708664 0.877930999 0.0977209508
vn -0.221406907 0.921238303 0.319842011
vn -0.284000874 0.957606494 0.048302833
vn -0.914979875 0.0638815761 0.398410529
vn -0.461376995 0.740659833 0.488420248
vn -0.810905933 0.579692662 0.0799249187
vn -0.624756098 0.700931966 0.344055563
vn -0.700002491 0.695005059 -0.164209515
vn -0.534064651 0.8394171 0.100766234
vn -0.16372402 0.983498275 -0.0769778565
vn -0.153737038 0.987780809 0.0255754199
vn -0.152678534 0.981394887 0.11641895
vn -0.142020807 0.946350336 0.290260643
vn -0.213575333 0.835390747 0.506466031
vn -0.29016006 0.583979249 0.758139491
vn -0.291556388 0.574817181 0.764578342
vn -0.18270354 0.974191427 -0.132553712
vn -0.179913104 0.975868821 -0.123739146
vn -0.365828454 0.551204503 0.749895394
vn -0.463583887 0.590533912 0.66057533
vn -0.338209569 0.559898019 0.756391823
vn -0.607270002 0.69456327 0.385752618
vn -0.608330429 0.694974661 0.383333027
vn -0.827811599 0.522896349 0.203242287
vn -0.828199089 0.522493362 0.202699274
vn -0.839041889 0.518850863 0.163714647
vn -0.829754412 0.551150203 0.0879832134
vn -0.687974155 0.724517882 -0.0420178212
vn -0.506460547 0.858474433 -0.0807430446
vn -0.418896258 0.903075933 -0.0947614908
vn -0.374727339 0.921472847 -0.10230919
vn -0.348329067 0.931380272 -0.105819114
vn -0.209951609 0.969418526 -0.127075195
vn -0.201394215 0.971050382 -0.128458306
vn -0.198401719 0.971574485 -0.12914975
vn -0.193323329 0.972442985 -0.130310178
vn 0.521246314 0.355237871 -0.775956392
vn 0.49165836 0.749245465 -0.443737864
vn 0.629813552 0.0345279276 0.775978625
vn 0.855911255 -0.248230591 0.453649104
vn 0.927381933 -0.247662783 -0.280402899
vn 0.398452312 0.521378398 0.75458616
vn 0.498489559 0.200004011 0.843508542
vn 0.450317591 0.885621607 0.113527164
vn 0.390640408 0.53849411 0.746608496
vn 0.385118455 0.804024696 -0.453021079
vn 0.345262319 0.916658342 -0.201324239
vn 0.353372157 0.917829216 -0.180879921
vn 0.421861261 0.484487325 -0.766358376
vn 0.398962796 0.513851821 -0.759463668
vn 0.392252743 0.521421671 -0.757797658
vn 0.0868003592 0.969452322 -0.229407474
vn 0.162571266 0.922577143 -0.349888563
vn 0.38435939 0.521154523 -0.76201427
vn 0.394935071 0.510688663 -0.763690591
vn 0.0436146297 0.9511742 0.3055574
vn 0.420407176 0.152894869 0.894360542
vn 0.387172729 0.215452552 0.89648062
vn 0.135648429 0.538575351 0.83158648
vn 0.104787752 0.752777696 0.649881065
vn 0.453469872 0.180903658 0.872719347
vn 0.477376729 0.206940174 0.853983104
vn -0.151542276 0.930558503 0.333310306
vn -0.25156641 0.959897339 0.123739675
vn -0.0957462713 0.992833972 0.0715080425
vn -0.0988917574 0.995007396 -0.0134369638
vn 0.107744664 0.99250567 0.0576514266
vn 0.106293626 0.951357603 0.289171964
vn -0.279096514 0.276649356 0.919548988
vn -0.488790214 0.389054805 0.780846059
vn -0.325517893 0.754691541 0.569630504
vn 0.161978349 0.192956135 0.967745304
vn -0.481360346 0.742449582 0.465897828
vn 0.389630884 0.864726961 -0.316914976
vn -0.120590575 0.618996799 0.77608037
vn 0.794816494 0.606373906 0.0240286384
vn -0.0746738389 0.384670705 0.920028329
vn 0.670740366 0.307835758 0.674792171
vn -0.843545854 0.46143952 0.274779797
vn -0.163412005 0.285823166 0.94424659
vn 0.0205224939 0.699514449 -0.714323699
vn 0.781867564 0.601923704 -0.162391871
vn 0.608704686 0.397450507 0.686667085
vn -0.656395674 0.735695601 0.167023227
vn -0.238639921 0.62583673 0.742549181
vn -0.136535838 0.884619713 -0.445876688
vn 0.546290338 0.83388555 -0.0787516087
vn 0.417287022 0.695240736 0.585245192
vn 0.450317651 0.885621607 0.113527164
vn 0.498489499 0.200004011 0.843508542
vn 0.398452163 0.521378398 0.75458616
vn 0.390640408 0.53849411 0.746608496
vn 0.385118455 0.804024696 -0.453021079
vn 0.392252743 0.521421671 -0.757797658
vn 0.398962677 0.513851821 -0.759463668
vn 0.421861202 0.484487325 -0.766358376
vn 0.353372157 0.917829216 -0.180879921
vn 0.3452622 0.916658342 -0.201324239
vn 0.0868003741 0.969452322 -0.229407474
vn 0.0436146334 0.951174259 0.3055574
vn 0.394935071 0.510688663 -0.763690591
vn 0.38435939 0.521154523 -0.76201427
vn 0.162571266 0.922577143 -0.349888563
vn 0.387172729 0.215452552 0.89648062
vn 0.420407176 0.152894869 0.894360542
vn 0.104787752 0.752777696 0.649881065
vn 0.135648429 0.538575351 0.83158648
vn 0.453469872 0.180903658 0.872719347
vn 0.477376699 0.206940174 0.853983104
vn 0.234031692 0.936761498 -0.260205925
vn 0.0417357199 0.999072134 0.010628555
vn -0.0259649809 0.98810643 -0.151563391
vn -0.305165887 0.948693931 0.0827870741
vn -0.3419379 0.908683121 -0.239527613
vn 0.0271343458 0.899532259 -0.436010689
vn 0.956628442 -0.0847133249 -0.278721839
vn 0.8541224 -0.222941488 -0.469863862
vn 0.967325151 -0.25023368 -0.0408060625
vn 0.958390415 -0.254777074 0.128749102
vn 0.957289755 -0.254399568 0.137394205
vn 0.911081672 -0.246228471 0.33060801
vn 0.888907909 -0.239047498 0.390767455
vn 0.85505563 -0.221242428 0.468968719
vn 0.921222448 -0.12461216 0.368539333
vn 0.590730011 0.289958 0.752969027
vn 0.87203449 0.17671147 -0.456430554
vn 0.675073862 0.729886711 -0.10742718
vn 0.688435316 0.124271557 -0.714572132
vn 0.223070711 0.432852358 -0.87342906
vn 0.713679373 -0.118508615 -0.690374911
vn -0.131076917 0.989492655 -0.0610174686
vn 0.788521588 0.107036822 0.605621099
vn 0.991439164 -0.0363770723 -0.125398934
vn -0.0172047056 0.58014822 0.814329147
vn -0.371138126 0.704194248 -0.605282426
vn 0.56943202 0.125684813 -0.812373281
vn 0.683233678 0.21620816 0.697456717
vn 0.977735102 0.10138116 -0.183727771
vn -0.440146685 0.265848845 0.857668519
vn -0.825458646 0.113636807 -0.552905619
vn 0.384900957 0.0249334816 -0.922621012
vn 0.369863808 0.793619514 0.483082712
vn 0.742287457 0.584749937 -0.327226192
vn -0.599233508 0.584909916 0.546625614
vn -0.791994631 0.442563206 -0.42057389
vn 0.183276728 0.456597835 -0.870590627
vn 0.97029072 -0.191132993 -0.148337305
vn 0.86240083 -0.0796803832 -0.499915868
vn 0.838018715 -0.213097543 0.502308726
vn 0.911150932 -0.24548462 0.330970347
vn 0.949273765 -0.239523411 0.203734919
vn 0.974843204 -0.210797355 -0.0724245161
vn 0.291019469 0.279110163 -0.915098369
vn 0.275452346 0.292524129 -0.91572684
vn 0.857488513 -0.076886192 -0.508725882
vn 0.848982036 -0.0705852583 -0.523686171
vn 0.421837062 0.168507397 -0.890875399
vn 0.717191398 0.00505889533 -0.696857929
vn 0.732474148 -0.00710620359 -0.680757761
vn 0.290068269 0.282447517 -0.914376199
vn 0.437403083 0.166314363 -0.883752286
vn 0.941313207 -0.197812393 -0.273495257
vn 0.966229022 -0.246383339 -0.0754768327
vn 0.862193286 -0.128508329 -0.490008444
vn 0.0655669719 0.263614833 0.962397218
vn 0.838018656 -0.213097557 0.502308667
vn 0.966228962 -0.246383309 -0.0754768252
vn 0.687161088 0.0286013912 -0.725941777
vn -0.0310682002 0.597338855 -0.801386893
vn 0.86240083 -0.0796803832 -0.499915808
vn 0.97029078 -0.191132963 -0.148337364
vn 0.974843204 -0.210797384 -0.0724245161
vn 0.949273765 -0.239523441 0.203734919
vn 0.911150873 -0.245484591 0.330970347
vn 0.275452346 0.292524129 -0.91572684
vn 0.291019559 0.279110193 -0.915098429
vn 0.421837121 0.168507397 -0.89087534
vn 0.848981977 -0.0705852583 -0.523686171
vn 0.857488453 -0.076886192 -0.508725882
vn 0.717191398 0.00505890278 -0.69685787
vn 0.437403053 0.166314363 -0.883752286
vn 0.290068239 0.282447517 -0.914376199
vn 0.732474148 -0.00710620359 -0.680757761
vn 0.941313207 -0.197812393 -0.273495257
vn 0.862193286 -0.128508359 -0.490008444
vn 0.959128797 -0.110772796 -0.260387033
vn 0.515921474 0.0945362002 -0.851403475
vn -0.649281144 0.435333341 -0.623633623
vn -0.582728207 0.233134583 0.778508961
vn 0.563715875 -0.137533009 0.814437807
vn 0.247797802 0.179513067 -0.952035367
vn -0.444938958 0.348058105 -0.825157523
vn -0.549868762 0.382466257 -0.74253875
vn -0.676367819 0.423892319 -0.602363467
vn -0.244948909 0.422035754 -0.87286073
vn 0.0502928346 0.230954573 -0.971663773
vn -0.432531595 0.479361981 -0.763628483
vn -0.355482012 0.455536664 -0.816161096
vn -0.881522655 0.383764774 0.275031507
vn -0.902413607 0.42900759 0.04002662
vn -0.890828371 0.452385962 -0.0420921855
vn -0.798135042 0.316690564 0.512530446
vn -0.865424454 0.307881862 0.395283848
vn -0.910369933 0.393808872 0.127048522
vn -0.914106905 0.405082017 -0.0178045519
vn -0.690628171 0.573807359 0.440202087
vn 0.29940334 0.266735613 0.916083932
vn 0.862891495 0.0939102694 0.496587574
vn 0.960031092 0.174044743 0.219200417
vn 0.881986856 0.274172544 -0.383312523
vn 0.566352189 0.389188021 -0.726483345
vn 0.376944155 0.278740972 0.883298635
vn 0.510641575 0.227373987 0.829184234
vn 0.554703653 0.223618433 0.801435411
vn 0.855250001 0.0931514129 0.509774625
vn -0.0659876093 0.94949621 0.306761444
vn 0.125573441 0.888586938 0.441185415
vn 0.1408865 0.881719351 0.450246602
vn 0.159078777 0.867664456 0.471011937
vn 0.168050602 0.831282675 0.529837728
vn 0.304296523 0.358101308 0.882704437
vn -0.0708380193 0.949625671 0.305275172
vn 0.257360607 0.96412313 0.0650538802
vn 0.231588438 0.966493249 0.110714406
vn 0.165170327 0.967836857 0.189764097
vn 0.4113051 0.894739032 -0.173983201
vn 0.404403687 0.900026858 -0.162509233
vn 0.311805695 0.949450612 -0.0363443457
vn 0.305136323 0.952007592 -0.0239478704
vn 0.893738091 0.33302173 -0.300547242
vn 0.853434563 0.366702408 -0.370376647
vn 0.703222036 0.597403467 -0.385470867
vn 0.510777295 0.825158596 -0.241287917
vn 0.505847514 0.828044534 -0.241785809
vn 0.502391756 0.830068171 -0.242052078
vn 0.948347747 0.313703209 0.0471886769
vn 0.920995712 0.389166951 0.017776195
vn 0.879152834 0.474107265 -0.048090294
vn 0.914265275 0.35492152 -0.195319116
vn 0.8620013 0.264755934 -0.432270885
vn 0.342264622 -0.230822444 -0.910810709
vn -0.168564364 -0.295678258 -0.94029808
vn -0.919707179 0.302284032 -0.250525504
vn -0.137377053 0.977379084 -0.160802826
vn -0.00607855292 -0.288739413 -0.957388401
vn -0.334881812 -0.285642624 -0.897921145
vn -0.3790254 -0.281853557 -0.881418347
vn -0.480998397 -0.245624691 -0.841611028
vn -0.846322119 -0.0862530544 -0.525641859
vn -0.790188849 -0.120509967 -0.600898504
vn -0.425470352 -0.268235803 -0.864305794
vn -0.299648285 -0.279589057 -0.912162781
vn -0.905584037 0.414299428 -0.0909587592
vn -0.961524546 0.217501596 -0.167820424
vn -0.961984932 0.168222263 -0.215142429
vn -0.91039896 -0.0330907702 -0.412405998
vn -0.947610974 0.233520135 -0.217949063
vn -0.936138868 0.187264532 -0.297617346
vn -0.93846643 0.199237257 -0.282108486
vn -0.945502341 0.226477921 -0.233951434
vn -0.86910665 -0.0365309417 -0.493273973
vn -0.881805122 -0.0252121538 -0.470939696
vn -0.931800425 0.147403598 -0.331692755
vn 0.522993684 0.837622523 -0.157690242
vn 0.562812924 0.826411963 -0.0168788861
vn 0.410783291 0.908952713 -0.0711467043
vn 0.459004909 0.874887288 0.154553071
vn 0.369516015 0.927210569 0.0611434653
vn 0.43155998 0.896656036 -0.0988131762
vn 0.414490908 -0.229682326 -0.880592644
vn 0.613628805 -0.160371572 -0.773136914
vn 0.995455086 -0.0102795484 -0.0946751982
vn 0.819053352 -0.0885293037 -0.566845834
vn 0.577113032 0.0694068521 -0.813709497
vn 0.934776902 0.241494223 0.260523707
vn 0.264235109 0.0959044322 -0.959678113
vn 0.690646768 0.686303914 -0.228021562
vn 0.218284652 -0.112447463 -0.969385087
vn 0.0702966303 -0.0160938483 -0.99739635
vn 0.867181778 0.497848451 0.0119407475
vn 0.720140696 0.546614766 -0.427328467
vn 0.648274302 0.600343287 0.468324989
vn 0.203157097 0.945603311 0.254089743
vn 0.332752407 0.824467838 -0.4577429
vn 0.41535145 -0.13683255 -0.899310827
vn 0.689080775 0.0261010826 -0.724214375
vn 0.825455904 0.142349914 -0.546222568
vn 0.83638984 0.164889738 -0.522746205
vn 0.233386919 -0.198239446 -0.951961994
vn 0.249313653 -0.193156436 -0.948964357
vn 0.881306708 0.463707745 -0.0909592807
vn 0.87332046 0.481987357 -0.0707083717
vn 0.891843379 0.355664134 -0.279496849
vn 0.832945585 0.166517928 -0.527705729
vn 0.820640981 0.156462476 -0.549607038
vn 0.756177962 0.110232174 -0.645014524
vn 0.704943001 0.073516123 -0.70544374
vn 0.881234169 0.464131087 -0.0894911885
vn 0.894236326 0.406619549 -0.187087983
vn 0.330485612 -0.124364704 -0.935581505
vn -0.0523007661 -0.239603192 -0.969461203
vn 0.608684778 0.0179412365 -0.793209255
vn 0.348672181 -0.118066937 -0.929778457
vn 0.873951554 0.328840673 0.357872158
vn 0.27979669 -0.112224333 -0.953477681
vn -0.631671011 -0.136964262 -0.763041556
vn -0.97175777 -0.0270375051 -0.234426379
vn -0.996618807 0.0539665855 0.0619546846
vn -0.635765374 0.278000802 0.720081925
vn 0.182760179 -0.121076711 -0.975673735
vn 0.056267295 -0.139265761 -0.98865509
vn -0.0790620744 -0.145125136 -0.986249387
vn -0.513459921 -0.147044361 -0.845421135
vn -0.171558976 -0.016316155 -0.985038757
vn 0.0843675658 -0.108606741 -0.990498185
vn 0.092208989 -0.110319525 -0.989609659
vn 0.131989211 -0.119789191 -0.983986437
vn -0.500519812 0.0233950838 -0.865408957
vn -0.421621263 0.0116355382 -0.906697333
vn -0.994429886 0.0493219644 -0.0931476578
vn -0.956028938 0.0371138528 -0.290914655
vn -0.935762525 0.0384144336 -0.350532413
vn -0.998458028 0.00840358436 -0.0548705831
vn -0.737434328 -0.115773104 -0.665422618
vn -0.953081131 -0.0454652086 -0.299281538
vn -0.51516366 -0.146876231 -0.844413221
vn -0.804180026 0.52886349 -0.27128917
vn -0.314687788 -0.328434139 0.89056313
vn 0.108723626 -0.143823341 0.983612716
vn -0.113706902 0.956385732 0.26906693
vn -0.59500128 0.776965559 -0.205664933
vn -0.630909204 0.740805686 -0.230565578
vn 0.379882544 0.00748788333 0.925004482
vn 0.384213716 0.0121077206 0.923164845
vn 0.378732592 0.0788510144 0.922141075
vn 0.561428845 0.62572366 0.541541755
vn 0.60569948 0.394768775 0.690858781
vn 0.536262453 0.255203277 0.80454576
vn 0.388241768 0.0131936185 0.921463072
vn -0.576596677 0.782920659 -0.233605459
vn -0.300235093 0.951378942 -0.0688255206
vn 0.359197795 0.89111048 0.277306795
vn 0.52082473 0.704993606 0.481379002
vn -0.42746383 0.901984155 -0.0608220287
vn -0.594265461 0.77751106 -0.205730468
vn 0.328853726 0.771164417 0.54512459
vn 0.311003953 0.806793213 0.502355695
vn 0.271738052 0.872629702 0.405802459
vn 0.51772362 0.370432168 0.771195233
vn 0.496266127 0.31905818 0.807416856
vn 0.0783632174 0.892335832 -0.444517851
vn 0.394087672 0.893435478 -0.215564206
vn 0.0477888547 0.987383008 -0.150966704
vn 0.223411724 0.960432112 0.16630505
vn -0.226738885 0.95779562 0.176683083
vn -0.30145815 0.925844014 -0.227894768
vn 0.103352457 0.106227495 -0.988955975
vn 0.338854581 0.218751103 -0.915054858
vn 0.586571157 0.128072381 -0.799707353
vn 0.115512036 -0.0707664937 -0.990782082
vn 0.278562486 0.479166627 -0.832347393
vn 0.51521188 0.761701822 -0.392895848
vn -0.103799202 0.461977541 -0.880796432
vn -0.465200901 0.726583838 -0.505632281
vn -0.148196593 0.209769905 -0.966454625
vn -0.44619447 0.10922236 -0.888246
vn 0.791575551 0.25524348 -0.55521071
vn 0.122898251 0.00220126403 -0.992416859
vn 0.570190787 0.76493758 0.299587667
vn -0.608407497 0.745397747 0.272438049
vn -0.723699212 0.194944784 -0.66200906
vn 0.915826559 0.321485817 -0.240642071
vn 0.237416342 0.200979665 -0.950389743
vn 0.660720885 0.414560765 0.625769436
vn -0.481682688 0.397097617 0.781214058
vn -0.829199672 0.216251358 -0.515425265
vn 0.941542268 0.219947681 -0.255188435
vn 0.12968789 0.137267396 -0.982007504
vn 0.663822293 0.253496498 0.703618824
vn -0.576112986 0.195287853 0.793697953
vn -0.850093186 0.106046431 -0.515844643
vn 0.837964058 0.471436709 -0.274888813
vn 0.103400871 0.440748841 -0.891655028
vn 0.532040238 0.579294801 0.617536068
vn -0.519080222 0.627145708 0.58072716
vn -0.760507524 0.498044997 -0.416628629
vn -0.0640788227 0.280008823 -0.957856357
vn -0.00796142407 0.285145462 -0.958451211
vn 0.0804679692 0.291136175 -0.953291535
vn 0.680927873 0.298016161 -0.668972015
vn 0.723329723 0.291607767 -0.625906646
vn 0.865725577 0.273350924 -0.41928342
vn 0.717356622 0.276674628 -0.639414251
vn 0.636128843 0.288062602 -0.715793312
vn 0.784096837 0.269429594 -0.55910629
vn 0.734076917 0.275136203 -0.620831132
vn 0.17668359 0.283548951 -0.942540646
vn 0.0941514149 0.275361389 -0.95671916
vn -0.509440839 0.1795201 -0.84157151
vn -0.531211078 0.173812345 -0.829218984
vn -0.769982278 0.109747902 -0.628556132
vn -0.85849911 0.0788385421 -0.506718516
vn -0.575130403 0.161455557 -0.80197072
vn -0.636841297 0.151423648 -0.755978942
vn -0.597699225 0.160408452 -0.785509229
vn 0.338051647 -0.055684451 0.939478815
vn 0.958120704 0.237278149 -0.160324156
vn -0.235155389 0.262641817 -0.935799778
vn -0.998884916 -0.0370333903 -0.0292833857
vn -0.750154018 -0.138031453 0.646696329
vn -0.00796142407 0.285145462 -0.958451211
vn -0.0640788227 0.280008793 -0.957856476
vn 0.865725577 0.273350924 -0.41928342
vn 0.723329723 0.291607767 -0.625906646
vn 0.680927873 0.298016161 -0.668972015
vn 0.0804679692 0.291136175 -0.953291535
vn 0.636128783 0.288062572 -0.715793312
vn 0.717356622 0.276674628 -0.639414251
vn 0.734076798 0.275136173 -0.620831132
vn 0.784096837 0.269429594 -0.55910635
vn -0.531211078 0.173812345 -0.829218924
vn -0.509440839 0.1795201 -0.841571569
vn 0.0941514149 0.275361389 -0.95671922
vn 0.17668362 0.283548981 -0.942540705
vn -0.85849911 0.0788385421 -0.506718516
vn -0.769982278 0.109747902 -0.628556132
vn -0.575130403 0.161455557 -0.80197072
vn -0.597699225 0.160408452 -0.785509229
vn -0.636841297 0.151423648 -0.755978942
vn -0.998482406 -0.0472038016 0.028365545
vn -0.263352573 -0.123072572 0.956816971
vn 0.489211321 -0.0078342557 0.872130036
vn 0.900338948 0.130181119 0.415261984
vn 0.911095738 0.135971949 0.389122456
vn 0.970106602 0.225067914 -0.0907610655
vn 0.484425515 0.311539143 -0.817481041
vn -0.0674477369 -0.102892958 0.99240303
vn 0.130041197 -0.0801285133 0.988265574
vn 0.428036511 -0.0200962871 0.903537989
vn 0.543791533 0.0056722397 0.839201152
vn 0.313066572 -0.0409626625 0.948847473
vn 0.149040848 -0.075428918 0.985949993
vn 0.371959567 -0.0275225434 0.927840769
vn 0.786565065 0.0881735533 0.611179948
vn 0.655259967 0.0420996062 0.754229367
vn 0.959919512 0.176340207 0.217850313
vn 0.979229927 0.197539717 0.0456823632
vn 0.64954555 0.0326451063 0.759621501
vn -0.26266709 0.959677041 0.10013032
vn -0.408841819 0.871319473 0.271386564
vn -0.283172488 0.956413746 0.0713173002
vn -0.692070305 0.703598201 0.161208555
vn -0.65405798 0.730889618 -0.194957659
vn -0.378520846 0.916012347 -0.132828414
vn 0.842110217 0.411238939 0.348902404
vn 0.677605987 0.105376154 0.727836549
vn 0.0306238905 0.897304893 0.440347761
vn 0.582731545 0.783992708 -0.213961065
vn 0.0811186656 0.684629977 0.72436291
vn 0.768823445 0.624752522 -0.13636291
vn -0.370836407 0.857096136 0.357584149
vn -0.622382641 0.636701882 0.455247879
vn -0.322369337 0.944446862 -0.0640172511
vn -0.517747581 0.794756234 -0.3167018
vn 0.40655309 0.792225182 -0.455075562
vn 0.403712809 0.653244913 -0.640536606
vn 0.475459456 0.398234993 0.784440696
vn 0.881387234 0.466426373 -0.0748528317
vn -0.805593193 0.497673839 0.321466088
vn -0.376545489 0.546201348 -0.74824965
vn 0.404730469 0.542194784 -0.736354589
vn 0.412886143 0.0433418341 0.909750819
vn 0.90165484 0.432285935 0.0121450005
vn -0.877936244 -0.0217507817 0.478283226
vn -0.542501092 0.35834825 -0.759788752
vn 0.392509878 0.556592524 -0.732216358
vn 0.188461632 0.0406693816 0.981238186
vn 0.878539562 0.453960449 0.14862074
vn -0.907439113 -0.195843145 0.371752024
vn -0.693729758 0.123929746 -0.709493101
vn 0.311901957 0.488888919 -0.814680755
vn -0.299558699 0.571909547 0.763664782
vn 0.298231959 0.94535619 0.131755471
vn -0.964000165 0.134131208 0.229592234
vn -0.792061627 0.202234432 -0.575968444
vn -0.195076123 0.709930778 -0.676715314
vn -0.139360994 0.890659511 0.432786435
vn -0.224781975 0.890972674 0.394513279
vn -0.272544503 0.887260079 0.372141093
vn -0.304013252 0.873650253 0.379883111
vn 0.622118354 0.0895807594 0.777781427
vn 0.593265474 0.0899561718 0.799965084
vn 0.50417918 0.273892224 0.819015563
vn 0.275340945 0.64303863 0.714624882
vn -0.124855839 0.885904908 0.44674769
vn -0.275329649 0.931202233 0.238863811
vn -0.269098282 0.946932316 0.175799102
vn -0.254681557 0.954642892 0.154253751
vn -0.230390355 0.965750992 0.119353235
vn -0.198231712 0.977424264 0.0731154829
vn -0.17990984 0.983098924 0.0338944159
vn -0.193500102 0.956404567 -0.218741879
vn -0.289895207 0.889982581 0.351982802
vn -0.286030084 0.901883364 0.323717862
vn -0.027392868 0.824335337 -0.565438807
vn -0.0191813558 0.817200482 -0.576034427
vn 0.00515242666 0.81025821 -0.586050391
vn 0.343293816 0.849335849 -0.400971204
vn -0.16613467 0.950495064 -0.26259926
vn 0.313491434 0.879737914 -0.35746944
vn 0.30388093 0.936834037 -0.173200175
vn 0.449196875 0.884372592 -0.126914307
vn 0.54908371 0.828168988 -0.112441815
vn 0.57200706 0.789274931 -0.223277882
vn 0.391236395 0.213926449 0.895080805
vn 0.727686465 -0.0765027031 0.681630254
vn 0.830619037 -0.400916547 -0.386442572
vn 0.0457318164 0.102513924 -0.993679821
vn -0.230080828 0.343876243 -0.910391152
vn 0.927714467 -0.372846246 0.0182050038
vn 0.866498291 -0.409026593 -0.286143333
vn 0.836338162 -0.400989234 -0.373826265
vn 0.913882196 -0.322283298 0.246886164
vn 0.919544935 -0.387317061 -0.0665030181
vn 0.928206742 -0.35788548 0.101735838
vn 0.839881957 -0.389860481 -0.37763381
vn 0.885976553 -0.404032171 -0.227603734
vn 0.631507456 -0.306843072 -0.712071419
vn 0.643763185 -0.315740854 -0.697048604
vn 0.437982976 -0.185384139 -0.879661024
vn 0.750917614 -0.369951993 -0.547045112
vn 0.618381023 -0.316548526 -0.719306588
vn 0.850191891 -0.146923989 0.505556226
vn 0.886738956 -0.177509114 0.426830739
vn 0.932286799 -0.226260766 0.282218665
vn 0.933320343 -0.324847013 -0.152929798
vn 0.893131375 -0.343542159 -0.290336549
vn 0.880116701 -0.3456631 -0.325440884
vn 0.832814276 -0.136747926 0.536395788
vn 0.83333534 -0.137099981 0.535495818
vn -0.280438721 0.348638356 0.894318461
vn 0.901089668 -0.332732707 -0.278076082
vn 0.956055343 -0.293164432 -0.00359493634
vn 0.930113256 -0.22345908 0.291470736
vn 0.83289659 -0.136806816 0.536252916
vn -0.607019067 0.145598501 -0.781235516
vn 0.390134096 -0.263841718 -0.882146716
vn 0.579517961 -0.312338471 -0.752730787
vn 0.748923957 -0.333174825 -0.572806656
vn 0.601325154 -0.240978017 -0.761798978
vn -0.284660101 0.0558074415 -0.957002699
vn -0.298089027 0.0612949058 -0.952568054
vn -0.904212892 0.404914141 0.135807395
vn -0.336395949 0.335285008 0.880012333
vn 0.920622945 -0.181878462 0.345504671
vn -0.626671135 0.229400292 -0.744754136
vn -0.654274523 0.244920552 -0.715498984
vn -0.910465598 0.409314036 -0.0592827797
vn -0.909256935 0.416078091 -0.0114395944
vn -0.909092128 0.416568935 0.00465577329
vn -0.643730819 0.345593542 -0.68277055
vn -0.61521405 0.286836684 -0.734327197
vn -0.568989515 0.248883829 -0.783777893
vn -0.674031079 0.53088063 0.513661265
vn -0.695065975 0.542552471 0.471720248
vn -0.815117717 0.579179168 -0.0115994224
vn -0.814080656 0.529619038 -0.238278285
vn -0.47758013 0.391895235 0.786342919
vn -0.611478627 0.477895707 0.630642176
vn -0.687057614 0.432242841 0.58405298
vn -0.646701992 0.420643777 0.636266768
vn 0.707239449 0.384686679 -0.593151271
vn 0.00133322936 -0.0590753108 -0.99825269
vn -0.831183791 -0.352646649 -0.42985332
vn -0.818689942 -0.111229904 0.563360095
vn -0.282253355 0.226034328 0.932331204
vn -0.289848298 -0.181983143 -0.939611733
vn -0.539294481 -0.277861834 -0.794955492
vn -0.734052062 -0.328796536 -0.594188929
vn -0.828646898 -0.348994046 -0.43766129
vn -0.55136621 -0.260531098 -0.792539418
vn -0.543331087 -0.259674549 -0.798348665
vn -0.966204643 -0.257622898 -0.00888835639
vn -0.907232523 -0.297334969 -0.297524869
vn -0.873493254 -0.304730713 -0.379669458
vn -0.607005298 -0.271631867 -0.746833861
vn -0.887056589 -0.172251865 0.428322196
vn -0.938517332 -0.234564453 0.253307343
vn -0.948524654 -0.309477538 -0.0672656521
vn -0.937665582 -0.236570299 0.254593164
vn -0.862272561 -0.349628985 -0.366395384
vn -0.578333437 -0.226386622 0.783759892
vn 0.409900129 -0.410542905 0.814516127
vn 0.994002521 -0.0732211173 0.0812252536
vn 0.234118879 0.572292387 -0.785919666
vn -0.859844506 0.440813452 -0.257586777
vn 0.862405717 -0.263887525 0.431995243
vn 0.999353588 -0.0142533332 -0.033004161
vn 0.891213417 0.188003331 -0.412787288
vn 0.898375571 0.180499718 -0.400426239
vn 0.996362746 -0.0086573381 -0.0847728327
vn 0.990636289 -0.0980300978 0.0950259492
vn -0.068344675 0.595930636 -0.800122321
vn 0.0592662506 0.573124468 -0.817322433
vn 0.285642892 0.524118364 -0.802314162
vn 0.707609773 0.330151439 -0.624730587
vn 0.175985262 0.568258345 -0.803810656
vn 0.0622703247 0.579267085 -0.812755883
vn 0.349262416 0.537587583 -0.7674734
vn 0.998589098 -0.00375004369 -0.0529689528
vn 0.99637115 0.0125675369 -0.0841824487
vn 0.763991892 0.327741206 -0.555789649
vn 0.720977962 0.354926199 -0.595162332
vn 0.735569656 0.526762366 0.425979674
vn 0.617922187 -0.405628651 -0.673526108
vn 0.192043558 -0.455569804 -0.869238377
vn -0.844229937 0.307326555 -0.439119697
vn -0.720170021 0.691918612 0.0510274619
vn 0.381207436 -0.458197594 -0.802954376
vn 0.324127108 -0.465064496 -0.823806226
vn 0.241090715 -0.461436987 -0.853786349
vn -0.0250375886 -0.424617171 -0.905026674
vn 0.285067767 -0.464234978 -0.838583469
vn 0.324932486 -0.465153724 -0.823438525
vn -0.428950489 -0.283305466 -0.857752562
vn -0.19966127 -0.396212757 -0.896186888
vn -0.179149956 -0.401253223 -0.898276746
vn -0.0211263187 -0.433298022 -0.901003003
vn -0.875921369 0.417448848 -0.241864279
vn -0.886612535 0.362610638 -0.287109464
vn -0.840633154 0.116018496 -0.529032767
vn -0.76995337 -0.0187704209 -0.637823999
vn -0.757818341 -0.0316342562 -0.651698291
vn -0.780565262 0.0781976059 -0.620163679
vn -0.883532345 0.363083392 -0.295873433
vn -0.769668519 0.0616893433 -0.635456443
vn -0.184882686 -0.388516903 -0.902703226
vn -0.341561735 -0.307148427 -0.888254106
vn -0.72142905 -0.0256243683 -0.692014217
g level0 previous_level tree_trunk_generator1 trunk
usemtl /obj/geo1/tree_controller1/matnet1/labs_shader1
f 1/1/1 10/2/10 11/3/11 2/4/2
f 2/4/2 11/3/11 12/5/12 3/6/3
f 3/6/3 12/5/12 13/7/13 4/8/4
f 4/8/4 13/7/13 14/9/14 5/10/5
f 5/10/5 14/9/14 15/11/15 6/12/6
f 6/12/6 15/11/15 16/13/16 7/14/7
f 7/14/7 16/13/16 17/15/17 8/16/8
f 8/16/8 17/15/17 18/17/18 9/18/9
f 9/18/9 18/17/18 10/19/10 1/20/1
f 10/2/10 19/21/19 20/22/20 11/3/11
f 11/3/11 20/22/20 21/23/21 12/5/12
f 12/5/12 21/23/21 22/24/22 13/7/13
f 13/7/13 22/24/22 23/25/23 14/9/14
f 14/9/14 23/25/23 24/26/24 15/11/15
f 15/11/15 24/26/24 25/27/25 16/13/16
f 16/13/16 25/27/25 26/28/26 17/15/17
f 17/15/17 26/28/26 27/29/27 18/17/18
f 18/17/18 27/29/27 19/30/19 10/19/10
f 19/21/19 28/31/28 29/32/29 20/22/20
f 20/22/20 29/32/29 30/33/30 21/23/21
f 21/23/21 30/33/30 31/34/31 22/24/22
f 22/24/22 31/34/31 32/35/32 23/25/23
f 23/25/23 32/35/32 33/36/33 24/26/24
f 24/26/24 33/36/33 34/37/34 25/27/25
f 25/27/25 34/37/34 35/38/35 26/28/26
f 26/28/26 35/38/35 36/39/36 27/29/27
f 27/29/27 36/39/36 28/40/28 19/30/19
f 28/31/28 37/41/37 38/42/38 29/32/29
f 29/32/29 38/42/38 39/43/39 30/33/30
f 30/33/30 39/43/39 40/44/40 31/34/31
f 31/34/31 40/44/40 41/45/41 32/35/32
f 32/35/32 41/45/41 42/46/42 33/36/33
f 33/36/33 42/46/42 43/47/43 34/37/34
f 34/37/34 43/47/43 44/48/44 35/38/35
f 35/38/35 44/48/44 45/49/45 36/39/36
f 36/39/36 45/49/45 37/50/37 28/40/28
f 37/41/37 46/51/46 47/52/47 38/42/38
f 38/42/38 47/52/47 48/53/48 39/43/39
f 39/43/39 48/53/48 49/54/49 40/44/40
f 40/44/40 49/54/49 50/55/50 41/45/41
f 41/45/41 50/55/50 51/56/51 42/46/42
f 42/46/42 51/56/51 52/57/52 43/47/43
f 43/47/43 52/57/52 53/58/53 44/48/44
f 44/48/44 53/58/53 54/59/54 45/49/45
f 45/49/45 54/59/54 46/60/46 37/50/37
f 46/51/46 55/61/55 56/62/56 47/52/47
f 47/52/47 56/62/56 57/63/57 48/53/48
f 48/53/48 57/63/57 58/64/58 49/54/49
f 49/54/49 58/64/58 59/65/59 50/55/50
f 50/55/50 59/65/59 60/66/60 51/56/51
f 51/56/51 60/66/60 61/67/61 52/57/52
f 52/57/52 61/67/61 62/68/62 53/58/53
f 53/58/53 62/68/62 63/69/63 54/59/54
f 54/59/54 63/69/63 55/70/55 46/60/46
f 55/61/55 64/71/64 65/72/65 56/62/56
f 56/62/56 65/72/65 66/73/66 57/63/57
f 57/63/57 66/73/66 67/74/67 58/64/58
f 58/64/58 67/74/67 68/75/68 59/65/59
f 59/65/59 68/75/68 69/76/69 60/66/60
f 60/66/60 69/76/69 70/77/70 61/67/61
f 61/67/61 70/77/70 71/78/71 62/68/62
f 62/68/62 71/78/71 72/79/72 63/69/63
f 63/69/63 72/79/72 64/80/64 55/70/55
f 64/71/64 73/81/73 74/82/74 65/72/65
f 65/72/65 74/82/74 75/83/75 66/73/66
f 66/73/66 75/83/75 76/84/76 67/74/67
f 67/74/67 76/84/76 77/85/77 68/75/68
f 68/75/68 77/85/77 78/86/78 69/76/69
f 69/76/69 78/86/78 79/87/79 70/77/70
f 70/77/70 79/87/79 80/88/80 71/78/71
f 71/78/71 80/88/80 81/89/81 72/79/72
f 72/79/72 81/89/81 73/90/73 64/80/64
f 73/81/73 82/91/82 83/92/83 74/82/74
f 74/82/74 83/92/83 84/93/84 75/83/75
f 75/83/75 84/93/84 85/94/85 76/84/76
f 76/84/76 85/94/85 86/95/86 77/85/77
f 77/85/77 86/95/86 87/96/87 78/86/78
f 78/86/78 87/96/87 88/97/88 79/87/79
f 79/87/79 88/97/88 89/98/89 80/88/80
f 80/88/80 89/98/89 90/99/90 81/89/81
f 81/89/81 90/99/90 82/100/82 73/90/73
f 82/91/82 91/101/91 92/102/92 83/92/83
f 83/92/83 92/102/92 93/103/93 84/93/84
f 84/93/84 93/103/93 94/104/94 85/94/85
f 85/94/85 94/104/94 95/105/95 86/95/86
f 86/95/86 95/105/95 96/106/96 87/96/87
f 87/96/87 96/106/96 97/107/97 88/97/88
f 88/97/88 97/107/97 98/108/98 89/98/89
f 89/98/89 98/108/98 99/109/99 90/99/90
f 90/99/90 99/109/99 91/110/91 82/100/82
f 91/101/91 100/111/100 101/112/101 92/102/92
f 92/102/92 101/112/101 102/113/102 93/103/93
f 93/103/93 102/113/102 103/114/103 94/104/94
f 94/104/94 103/114/103 104/115/104 95/105/95
f 95/105/95 104/115/104 105/116/105 96/106/96
f 96/106/96 105/116/105 106/117/106 97/107/97
f 97/107/97 106/117/106 107/118/107 98/108/98
f 98/108/98 107/118/107 108/119/108 99/109/99
f 99/109/99 108/119/108 100/120/100 91/110/91
f 100/111/100 109/121/109 110/122/110 101/112/101
f 101/112/101 110/122/110 111/123/111 102/113/102
f 102/113/102 111/123/111 112/124/112 103/114/103
f 103/114/103 112/124/112 113/125/113 104/115/104
f 104/115/104 113/125/113 114/126/114 105/116/105
f 105/116/105 114/126/114 115/127/115 106/117/106
f 106/117/106 115/127/115 116/128/116 107/118/107
f 107/118/107 116/128/116 117/129/117 108/119/108
f 108/119/108 117/129/117 109/130/109 100/120/100
f 109/121/109 118/131/118 119/132/119 110/122/110
f 110/122/110 119/132/119 120/133/120 111/123/111
f 111/123/111 120/133/120 121/134/121 112/124/112
f 112/124/112 121/134/121 122/135/122 113/125/113
f 113/125/113 122/135/122 123/136/123 114/126/114
f 114/126/114 123/136/123 124/137/124 115/127/115
f 115/127/115 124/137/124 125/138/125 116/128/116
f 116/128/116 125/138/125 126/139/126 117/129/117
f 117/129/117 126/139/126 118/140/118 109/130/109
f 118/131/118 127/141/127 128/142/128 119/132/119
f 119/132/119 128/142/128 129/143/129 120/133/120
f 120/133/120 129/143/129 130/144/130 121/134/121
f 121/134/121 130/144/130 131/145/131 122/135/122
f 122/135/122 131/145/131 132/146/132 123/136/123
f 123/136/123 132/146/132 133/147/133 124/137/124
f 124/137/124 133/147/133 134/148/134 125/138/125
f 125/138/125 134/148/134 135/149/135 126/139/126
f 126/139/126 135/149/135 127/150/127 118/140/118
f 127/141/127 136/151/136 137/152/137 128/142/128
f 128/142/128 137/152/137 138/153/138 129/143/129
f 129/143/129 138/153/138 139/154/139 130/144/130
f 130/144/130 139/154/139 140/155/140 131/145/131
f 131/145/131 140/155/140 141/156/141 132/146/132
f 132/146/132 141/156/141 142/157/142 133/147/133
f 133/147/133 142/157/142 143/158/143 134/148/134
f 134/148/134 143/158/143 144/159/144 135/149/135
f 135/149/135 144/159/144 136/160/136 127/150/127
f 136/151/136 145/161/145 146/162/146 137/152/137
f 137/152/137 146/162/146 147/163/147 138/153/138
f 138/153/138 147/163/147 148/164/148 139/154/139
f 139/154/139 148/164/148 149/165/149 140/155/140
f 140/155/140 149/165/149 150/166/150 141/156/141
f 141/156/141 150/166/150 151/167/151 142/157/142
f 142/157/142 151/167/151 152/168/152 143/158/143
f 143/158/143 152/168/152 153/169/153 144/159/144
f 144/159/144 153/169/153 145/170/145 136/160/136
g level0 previous_level tree_trunk_generator1 trunk trunk_caps
usemtl /obj/geo1/tree_controller1/matnet1/labs_shader1
f 145/171/145 154/172/154 155/173/155 146/174/146
f 146/174/146 155/173/155 156/175/156 147/176/147
f 147/176/147 156/175/156 157/177/157 148/178/148
f 148/178/148 157/177/157 158/179/158 149/180/149
f 149/180/149 158/179/158 159/181/159 150/182/150
f 150/182/150 159/181/159 160/183/160 151/184/151
f 151/184/151 160/183/160 161/185/161 152/186/152
f 152/186/152 161/185/161 162/187/162 153/188/153
f 153/188/153 162/187/162 154/172/154 145/171/145
f 154/172/154 163/189/163 164/190/164 155/173/155
f 155/173/155 164/190/164 165/191/165 156/175/156
f 156/175/156 165/191/165 166/192/166 157/177/157
f 157/177/157 166/192/166 167/193/167 158/179/158
f 158/179/158 167/193/167 168/194/168 159/181/159
f 159/181/159 168/194/168 169/195/169 160/183/160
f 160/183/160 169/195/169 170/196/170 161/185/161
f 161/185/161 170/196/170 171/197/171 162/187/162
f 162/187/162 171/197/171 163/189/163 154/172/154
f 163/189/163 172/198/172 164/190/164
f 164/190/164 172/198/172 165/191/165
f 165/191/165 172/198/172 166/192/166
f 166/192/166 172/198/172 167/193/167
f 167/193/167 172/198/172 168/194/168
f 168/194/168 172/198/172 169/195/169
f 169/195/169 172/198/172 170/196/170
f 170/196/170 172/198/172 171/197/171
f 171/197/171 172/198/172 163/189/163
g all_branches branch_caps level1 manual_prune previous_level tree_branch_generator1
usemtl /obj/geo1/tree_controller1/matnet1/labs_shader1
f 173/20/173 175/20/175 174/20/174
f 174/20/174 175/20/175 176/20/176
f 176/20/176 175/20/175 177/20/177
f 177/20/177 175/20/175 178/20/178
f 178/20/178 175/20/175 179/20/179
f 179/20/179 175/20/175 180/20/180
f 180/20/180 175/20/175 181/20/181
f 181/20/181 175/20/175 182/20/182
f 182/20/182 175/20/175 173/20/173
f 256/20/256 265/20/265 264/20/264 255/20/255
f 255/20/255 264/20/264 266/20/266 257/20/257
f 257/20/257 266/20/266 267/20/267 258/20/258
f 258/20/258 267/20/267 268/20/268 259/20/259
f 259/20/259 268/20/268 269/20/269 260/20/260
f 260/20/260 269/20/269 270/20/270 261/20/261
f 261/20/261 270/20/270 271/20/271 262/20/262
f 262/20/262 271/20/271 272/20/272 263/20/263
f 263/20/263 272/20/272 265/20/265 256/20/256
f 265/20/265 173/20/173 174/20/174 264/20/264
f 264/20/264 174/20/174 176/20/176 266/20/266
f 266/20/266 176/20/176 177/20/177 267/20/267
f 267/20/267 177/20/177 178/20/178 268/20/268
f 268/20/268 178/20/178 179/20/179 269/20/269
f 269/20/269 179/20/179 180/20/180 270/20/270
f 270/20/270 180/20/180 181/20/181 271/20/271
f 271/20/271 181/20/181 182/20/182 272/20/272
f 272/20/272 182/20/182 173/20/173 265/20/265
f 296/20/296 298/20/298 297/20/297
f 297/20/297 298/20/298 299/20/299
f 299/20/299 298/20/298 300/20/300
f 300/20/300 298/20/298 301/20/301
f 301/20/301 298/20/298 302/20/302
f 302/20/302 298/20/298 303/20/303
f 303/20/303 298/20/298 304/20/304
f 304/20/304 298/20/298 305/20/305
f 305/20/305 298/20/298 296/20/296
f 361/20/361 370/20/370 369/20/369 360/20/360
f 360/20/360 369/20/369 371/20/371 362/20/362
f 362/20/362 371/20/371 372/20/372 363/20/363
f 363/20/363 372/20/372 373/20/373 364/20/364
f 364/20/364 373/20/373 374/20/374 365/20/365
f 365/20/365 374/20/374 375/20/375 366/20/366
f 366/20/366 375/20/375 376/20/376 367/20/367
f 367/20/367 376/20/376 377/20/377 368/20/368
f 368/20/368 377/20/377 370/20/370 361/20/361
f 370/20/370 296/20/296 297/20/297 369/20/369
f 369/20/369 297/20/297 299/20/299 371/20/371
f 371/20/371 299/20/299 300/20/300 372/20/372
f 372/20/372 300/20/300 301/20/301 373/20/373
f 373/20/373 301/20/301 302/20/302 374/20/374
f 374/20/374 302/20/302 303/20/303 375/20/375
f 375/20/375 303/20/303 304/20/304 376/20/376
f 376/20/376 304/20/304 305/20/305 377/20/377
f 377/20/377 305/20/305 296/20/296 370/20/370
f 401/20/401 403/20/403 402/20/402
f 402/20/402 403/20/403 404/20/404
f 404/20/404 403/20/403 405/20/405
f 405/20/405 403/20/403 406/20/406
f 406/20/406 403/20/403 407/20/407
f 407/20/407 403/20/403 408/20/408
f 408/20/408 403/20/403 409/20/409
f 409/20/409 403/20/403 410/20/410
f 410/20/410 403/20/403 401/20/401
f 475/20/475 484/20/484 483/20/483 474/20/474
f 474/20/474 483/20/483 485/20/485 476/20/476
f 476/20/476 485/20/485 486/20/486 477/20/477
f 477/20/477 486/20/486 487/20/487 478/20/478
f 478/20/478 487/20/487 488/20/488 479/20/479
f 479/20/479 488/20/488 489/20/489 480/20/480
f 480/20/480 489/20/489 490/20/490 481/20/481
f 481/20/481 490/20/490 491/20/491 482/20/482
f 482/20/482 491/20/491 484/20/484 475/20/475
f 484/20/484 401/20/401 402/20/402 483/20/483
f 483/20/483 402/20/402 404/20/404 485/20/485
f 485/20/485 404/20/404 405/20/405 486/20/486
f 486/20/486 405/20/405 406/20/406 487/20/487
f 487/20/487 406/20/406 407/20/407 488/20/488
f 488/20/488 407/20/407 408/20/408 489/20/489
f 489/20/489 408/20/408 409/20/409 490/20/490
f 490/20/490 409/20/409 410/20/410 491/20/491
f 491/20/491 410/20/410 401/20/401 484/20/484
f 517/20/517 519/20/519 518/20/518
f 518/20/518 519/20/519 520/20/520
f 520/20/520 519/20/519 521/20/521
f 521/20/521 519/20/519 522/20/522
f 522/20/522 519/20/519 523/20/523
f 523/20/523 519/20/519 524/20/524
f 524/20/524 519/20/519 525/20/525
f 525/20/525 519/20/519 526/20/526
f 526/20/526 519/20/519 517/20/517
f 595/20/595 604/20/604 603/20/603 594/20/594
f 594/20/594 603/20/603 605/20/605 596/20/596
f 596/20/596 605/20/605 606/20/606 597/20/597
f 597/20/597 606/20/606 607/20/607 598/20/598
f 598/20/598 607/20/607 608/20/608 599/20/599
f 599/20/599 608/20/608 609/20/609 600/20/600
f 600/20/600 609/20/609 610/20/610 601/20/601
f 601/20/601 610/20/610 611/20/611 602/20/602
f 602/20/602 611/20/611 604/20/604 595/20/595
f 604/20/604 517/20/517 518/20/518 603/20/603
f 603/20/603 518/20/518 520/20/520 605/20/605
f 605/20/605 520/20/520 521/20/521 606/20/606
f 606/20/606 521/20/521 522/20/522 607/20/607
f 607/20/607 522/20/522 523/20/523 608/20/608
f 608/20/608 523/20/523 524/20/524 609/20/609
f 609/20/609 524/20/524 525/20/525 610/20/610
f 610/20/610 525/20/525 526/20/526 611/20/611
f 611/20/611 526/20/526 517/20/517 604/20/604
f 633/20/633 635/20/635 634/20/634
f 634/20/634 635/20/635 636/20/636
f 636/20/636 635/20/635 637/20/637
f 637/20/637 635/20/635 638/20/638
f 638/20/638 635/20/635 639/20/639
f 639/20/639 635/20/635 640/20/640
f 640/20/640 635/20/635 641/20/641
f 641/20/641 635/20/635 642/20/642
f 642/20/642 635/20/635 633/20/633
f 707/20/707 716/20/716 715/20/715 706/20/706
f 706/20/706 715/20/715 717/20/717 708/20/708
f 708/20/708 717/20/717 718/20/718 709/20/709
f 709/20/709 718/20/718 719/20/719 710/20/710
f 710/20/710 719/20/719 720/20/720 711/20/711
f 711/20/711 720/20/720 721/20/721 712/20/712
f 712/20/712 721/20/721 722/20/722 713/20/713
f 713/20/713 722/20/722 723/20/723 714/20/714
f 714/20/714 723/20/723 716/20/716 707/20/707
f 716/20/716 633/20/633 634/20/634 715/20/715
f 715/20/715 634/20/634 636/20/636 717/20/717
f 717/20/717 636/20/636 637/20/637 718/20/718
f 718/20/718 637/20/637 638/20/638 719/20/719
f 719/20/719 638/20/638 639/20/639 720/20/720
f 720/20/720 639/20/639 640/20/640 721/20/721
f 721/20/721 640/20/640 641/20/641 722/20/722
f 722/20/722 641/20/641 642/20/642 723/20/723
f 723/20/723 642/20/642 633/20/633 716/20/716
f 749/20/749 751/20/751 750/20/750
f 750/20/750 751/20/751 752/20/752
f 752/20/752 751/20/751 753/20/753
f 753/20/753 751/20/751 754/20/754
f 754/20/754 751/20/751 755/20/755
f 755/20/755 751/20/751 756/20/756
f 756/20/756 751/20/751 757/20/757
f 757/20/757 751/20/751 758/20/758
f 758/20/758 751/20/751 749/20/749
f 808/20/808 817/20/817 816/20/816 807/20/807
f 807/20/807 816/20/816 818/20/818 809/20/809
f 809/20/809 818/20/818 819/20/819 810/20/810
f 810/20/810 819/20/819 820/20/820 811/20/811
f 811/20/811 820/20/820 821/20/821 812/20/812
f 812/20/812 821/20/821 822/20/822 813/20/813
f 813/20/813 822/20/822 823/20/823 814/20/814
f 814/20/814 823/20/823 824/20/824 815/20/815
f 815/20/815 824/20/824 817/20/817 808/20/808
f 817/20/817 749/20/749 750/20/750 816/20/816
f 816/20/816 750/20/750 752/20/752 818/20/818
f 818/20/818 752/20/752 753/20/753 819/20/819
f 819/20/819 753/20/753 754/20/754 820/20/820
f 820/20/820 754/20/754 755/20/755 821/20/821
f 821/20/821 755/20/755 756/20/756 822/20/822
f 822/20/822 756/20/756 757/20/757 823/20/823
f 823/20/823 757/20/757 758/20/758 824/20/824
f 824/20/824 758/20/758 749/20/749 817/20/817
f 847/20/847 849/20/849 848/20/848
f 848/20/848 849/20/849 850/20/850
f 850/20/850 849/20/849 851/20/851
f 851/20/851 849/20/849 852/20/852
f 852/20/852 849/20/849 853/20/853
f 853/20/853 849/20/849 854/20/854
f 854/20/854 849/20/849 855/20/855
f 855/20/855 849/20/849 856/20/856
f 856/20/856 849/20/849 847/20/847
f 877/20/877 886/20/886 885/20/885 876/20/876
f 876/20/876 885/20/885 887/20/887 878/20/878
f 878/20/878 887/20/887 888/20/888 879/20/879
f 879/20/879 888/20/888 889/20/889 880/20/880
f 880/20/880 889/20/889 890/20/890 881/20/881
f 881/20/881 890/20/890 891/20/891 882/20/882
f 882/20/882 891/20/891 892/20/892 883/20/883
f 883/20/883 892/20/892 893/20/893 884/20/884
f 884/20/884 893/20/893 886/20/886 877/20/877
f 886/20/886 847/20/847 848/20/848 885/20/885
f 885/20/885 848/20/848 850/20/850 887/20/887
f 887/20/887 850/20/850 851/20/851 888/20/888
f 888/20/888 851/20/851 852/20/852 889/20/889
f 889/20/889 852/20/852 853/20/853 890/20/890
f 890/20/890 853/20/853 854/20/854 891/20/891
f 891/20/891 854/20/854 855/20/855 892/20/892
f 892/20/892 855/20/855 856/20/856 893/20/893
f 893/20/893 856/20/856 847/20/847 886/20/886
f 917/20/917 919/20/919 918/20/918
f 918/20/918 919/20/919 920/20/920
f 920/20/920 919/20/919 921/20/921
f 921/20/921 919/20/919 922/20/922
f 922/20/922 919/20/919 923/20/923
f 923/20/923 919/20/919 924/20/924
f 924/20/924 919/20/919 925/20/925
f 925/20/925 919/20/919 926/20/926
f 926/20/926 919/20/919 917/20/917
f 945/20/945 955/20/955 954/20/954 944/20/944
f 944/20/944 954/20/954 956/20/956 946/20/946
f 946/20/946 956/20/956 957/20/957 947/20/947
f 947/20/947 957/20/957 958/20/958 948/20/948
f 948/20/948 958/20/958 959/20/959 949/20/949
f 949/20/949 959/20/959 960/20/960 951/20/951
f 951/20/951 960/20/960 961/20/961 952/20/952
f 952/20/952 961/20/961 962/20/962 953/20/953
f 953/20/953 962/20/962 955/20/955 945/20/945
f 955/20/955 917/20/917 918/20/918 954/20/954
f 954/20/954 918/20/918 920/20/920 956/20/956
f 956/20/956 920/20/920 921/20/921 957/20/957
f 957/20/957 921/20/921 922/20/922 958/20/958
f 958/20/958 922/20/922 923/20/923 959/20/959
f 959/20/959 923/20/923 924/20/924 960/20/960
f 960/20/960 924/20/924 925/20/925 961/20/961
f 961/20/961 925/20/925 926/20/926 962/20/962
f 962/20/962 926/20/926 917/20/917 955/20/955
f 986/20/986 988/20/988 987/20/987
f 987/20/987 988/20/988 989/20/989
f 989/20/989 988/20/988 990/20/990
f 990/20/990 988/20/988 991/20/991
f 991/20/991 988/20/988 992/20/992
f 992/20/992 988/20/988 993/20/993
f 993/20/993 988/20/988 994/20/994
f 994/20/994 988/20/988 995/20/995
f 995/20/995 988/20/988 986/20/986
f 1042/20/1042 1051/20/1051 1050/20/1050 1041/20/1041
f 1041/20/1041 1050/20/1050 1052/20/1052 1043/20/1043
f 1043/20/1043 1052/20/1052 1053/20/1053 1044/20/1044
f 1044/20/1044 1053/20/1053 1054/20/1054 1045/20/1045
f 1045/20/1045 1054/20/1054 1055/20/1055 1046/20/1046
f 1046/20/1046 1055/20/1055 1056/20/1056 1047/20/1047
f 1047/20/1047 1056/20/1056 1057/20/1057 1048/20/1048
f 1048/20/1048 1057/20/1057 1058/20/1058 1049/20/1049
f 1049/20/1049 1058/20/1058 1051/20/1051 1042/20/1042
f 1051/20/1051 986/20/986 987/20/987 1050/20/1050
f 1050/20/1050 987/20/987 989/20/989 1052/20/1052
f 1052/20/1052 989/20/989 990/20/990 1053/20/1053
f 1053/20/1053 990/20/990 991/20/991 1054/20/1054
f 1054/20/1054 991/20/991 992/20/992 1055/20/1055
f 1055/20/1055 992/20/992 993/20/993 1056/20/1056
f 1056/20/1056 993/20/993 994/20/994 1057/20/1057
f 1057/20/1057 994/20/994 995/20/995 1058/20/1058
f 1058/20/1058 995/20/995 986/20/986 1051/20/1051
f 1088/20/1088 1090/20/1090 1089/20/1089
f 1089/20/1089 1090/20/1090 1091/20/1091
f 1091/20/1091 1090/20/1090 1092/20/1092
f 1092/20/1092 1090/20/1090 1093/20/1093
f 1093/20/1093 1090/20/1090 1094/20/1094
f 1094/20/1094 1090/20/1090 1095/20/1095
f 1095/20/1095 1090/20/1090 1096/20/1096
f 1096/20/1096 1090/20/1090 1097/20/1097
f 1097/20/1097 1090/20/1090 1088/20/1088
f 1117/20/1117 1126/20/1126 1125/20/1125 1116/20/1116
f 1116/20/1116 1125/20/1125 1127/20/1127 1118/20/1118
f 1118/20/1118 1127/20/1127 1128/20/1128 1119/20/1119
f 1119/20/1119 1128/20/1128 1129/20/1129 1120/20/1120
f 1120/20/1120 1129/20/1129 1130/20/1130 1121/20/1121
f 1121/20/1121 1130/20/1130 1131/20/1131 1122/20/1122
f 1122/20/1122 1131/20/1131 1132/20/1132 1123/20/1123
f 1123/20/1123 1132/20/1132 1133/20/1133 1124/20/1124
f 1124/20/1124 1133/20/1133 1126/20/1126 1117/20/1117
f 1126/20/1126 1088/20/1088 1089/20/1089 1125/20/1125
f 1125/20/1125 1089/20/1089 1091/20/1091 1127/20/1127
f 1127/20/1127 1091/20/1091 1092/20/1092 1128/20/1128
f 1128/20/1128 1092/20/1092 1093/20/1093 1129/20/1129
f 1129/20/1129 1093/20/1093 1094/20/1094 1130/20/1130
f 1130/20/1130 1094/20/1094 1095/20/1095 1131/20/1131
f 1131/20/1131 1095/20/1095 1096/20/1096 1132/20/1132
f 1132/20/1132 1096/20/1096 1097/20/1097 1133/20/1133
f 1133/20/1133 1097/20/1097 1088/20/1088 1126/20/1126
g all_branches level1 manual_prune previous_level tree_branch_generator1
usemtl /obj/geo1/tree_controller1/matnet1/labs_shader1
f 183/199/183 186/200/186 185/201/185 184/202/184
f 184/202/184 185/201/185 188/203/188 187/204/187
f 187/204/187 188/203/188 190/205/190 189/206/189
f 189/206/189 190/205/190 192/207/192 191/208/191
f 191/208/191 192/207/192 194/209/194 193/210/193
f 193/210/193 194/209/194 196/211/196 195/212/195
f 195/212/195 196/211/196 198/213/198 197/214/197
f 197/214/197 198/213/198 200/215/200 199/216/199
f 199/216/199 200/215/200 186/217/186 183/218/183
f 186/200/186 202/219/202 201/220/201 185/201/185
f 185/201/185 201/220/201 203/221/203 188/203/188
f 188/203/188 203/221/203 204/222/204 190/205/190
f 190/205/190 204/222/204 205/223/205 192/207/192
f 192/207/192 205/223/205 206/224/206 194/209/194
f 194/209/194 206/224/206 207/225/207 196/211/196
f 196/211/196 207/225/207 208/226/208 198/213/198
f 198/213/198 208/226/208 209/227/209 200/215/200
f 200/215/200 209/227/209 202/228/202 186/217/186
f 202/219/202 211/229/211 210/230/210 201/220/201
f 201/220/201 210/230/210 212/231/212 203/221/203
f 203/221/203 212/231/212 213/232/213 204/222/204
f 204/222/204 213/232/213 214/233/214 205/223/205
f 205/223/205 214/233/214 215/234/215 206/224/206
f 206/224/206 215/234/215 216/235/216 207/225/207
f 207/225/207 216/235/216 217/236/217 208/226/208
f 208/226/208 217/236/217 218/237/218 209/227/209
f 209/227/209 218/237/218 211/238/211 202/228/202
f 211/229/211 220/239/220 219/240/219 210/230/210
f 210/230/210 219/240/219 221/241/221 212/231/212
f 212/231/212 221/241/221 222/242/222 213/232/213
f 213/232/213 222/242/222 223/243/223 214/233/214
f 214/233/214 223/243/223 224/244/224 215/234/215
f 215/234/215 224/244/224 225/245/225 216/235/216
f 216/235/216 225/245/225 226/246/226 217/236/217
f 217/236/217 226/246/226 227/247/227 218/237/218
f 218/237/218 227/247/227 220/248/220 211/238/211
f 220/239/220 229/249/229 228/250/228 219/240/219
f 219/240/219 228/250/228 230/251/230 221/241/221
f 221/241/221 230/251/230 231/252/231 222/242/222
f 222/242/222 231/252/231 232/253/232 223/243/223
f 223/243/223 232/253/232 233/254/233 224/244/224
f 224/244/224 233/254/233 234/255/234 225/245/225
f 225/245/225 234/255/234 235/256/235 226/246/226
f 226/246/226 235/256/235 236/257/236 227/247/227
f 227/247/227 236/257/236 229/258/229 220/248/220
f 229/249/229 238/259/238 237/260/237 228/250/228
f 228/250/228 237/260/237 239/261/239 230/251/230
f 230/251/230 239/261/239 240/262/240 231/252/231
f 231/252/231 240/262/240 241/263/241 232/253/232
f 232/253/232 241/263/241 242/264/242 233/254/233
f 233/254/233 242/264/242 243/265/243 234/255/234
f 234/255/234 243/265/243 244/266/244 235/256/235
f 235/256/235 244/266/244 245/267/245 236/257/236
f 236/257/236 245/267/245 238/268/238 229/258/229
f 238/259/238 247/269/247 246/270/246 237/260/237
f 237/260/237 246/270/246 248/271/248 239/261/239
f 239/261/239 248/271/248 249/272/249 240/262/240
f 240/262/240 249/272/249 250/273/250 241/263/241
f 241/263/241 250/273/250 251/274/251 242/264/242
f 242/264/242 251/274/251 252/275/252 243/265/243
f 243/265/243 252/275/252 253/276/253 244/266/244
f 244/266/244 253/276/253 254/277/254 245/267/245
f 245/267/245 254/277/254 247/278/247 238/268/238
f 247/269/247 256/279/256 255/280/255 246/270/246
f 246/270/246 255/280/255 257/281/257 248/271/248
f 248/271/248 257/281/257 258/282/258 249/272/249
f 249/272/249 258/282/258 259/283/259 250/273/250
f 250/273/250 259/283/259 260/284/260 251/274/251
f 251/274/251 260/284/260 261/285/261 252/275/252
f 252/275/252 261/285/261 262/286/262 253/276/253
f 253/276/253 262/286/262 263/287/263 254/277/254
f 254/277/254 263/287/263 256/288/256 247/278/247
f 273/289/273 275/290/275 274/291/274 183/199/183 184/202/184
f 276/292/276 278/293/278 273/294/273 184/202/184 187/204/187 277/295/277
f 279/296/279 277/297/277 187/204/187 189/206/189 280/298/280
f 281/299/281 282/300/282 280/298/280 189/206/189 191/208/191
f 283/301/283 285/302/285 281/299/281 191/208/191 193/210/193 284/303/284
f 286/304/286 284/305/284 193/210/193 195/212/195 287/306/287
f 197/214/197 289/307/289 288/308/288 287/306/287 195/212/195
f 290/309/290 293/310/293 292/311/292 289/307/289 197/214/197 199/216/199 291/312/291
f 294/313/294 291/314/291 199/216/199 183/218/183 274/315/274 295/316/295
f 306/317/306 309/318/309 308/319/308 307/320/307
f 307/320/307 308/319/308 311/321/311 310/322/310
f 310/322/310 311/321/311 313/323/313 312/324/312
f 312/324/312 313/323/313 315/325/315 314/326/314
f 314/326/314 315/325/315 317/327/317 316/328/316
f 316/328/316 317/327/317 319/329/319 318/330/318
f 318/330/318 319/329/319 321/331/321 320/332/320
f 320/332/320 321/331/321 323/333/323 322/334/322
f 322/334/322 323/333/323 309/335/309 306/336/306
f 309/318/309 325/337/325 324/338/324 308/319/308
f 308/319/308 324/338/324 326/339/326 311/321/311
f 311/321/311 326/339/326 327/340/327 313/323/313
f 313/323/313 327/340/327 328/341/328 315/325/315
f 315/325/315 328/341/328 329/342/329 317/327/317
f 317/327/317 329/342/329 330/343/330 319/329/319
f 319/329/319 330/343/330 331/344/331 321/331/321
f 321/331/321 331/344/331 332/345/332 323/333/323
f 323/333/323 332/345/332 325/346/325 309/335/309
f 325/337/325 334/347/334 333/348/333 324/338/324
f 324/338/324 333/348/333 335/349/335 326/339/326
f 326/339/326 335/349/335 336/350/336 327/340/327
f 327/340/327 336/350/336 337/351/337 328/341/328
f 328/341/328 337/351/337 338/352/338 329/342/329
f 329/342/329 338/352/338 339/353/339 330/343/330
f 330/343/330 339/353/339 340/354/340 331/344/331
f 331/344/331 340/354/340 341/355/341 332/345/332
f 332/345/332 341/355/341 334/356/334 325/346/325
f 334/347/334 343/357/343 342/358/342 333/348/333
f 333/348/333 342/358/342 344/359/344 335/349/335
f 335/349/335 344/359/344 345/360/345 336/350/336
f 336/350/336 345/360/345 346/361/346 337/351/337
f 337/351/337 346/361/346 347/362/347 338/352/338
f 338/352/338 347/362/347 348/363/348 339/353/339
f 339/353/339 348/363/348 349/364/349 340/354/340
f 340/354/340 349/364/349 350/365/350 341/355/341
f 341/355/341 350/365/350 343/366/343 334/356/334
f 343/357/343 352/367/352 351/368/351 342/358/342
f 342/358/342 351/368/351 353/369/353 344/359/344
f 344/359/344 353/369/353 354/370/354 345/360/345
f 345/360/345 354/370/354 355/371/355 346/361/346
f 346/361/346 355/371/355 356/372/356 347/362/347
f 347/362/347 356/372/356 357/373/357 348/363/348
f 348/363/348 357/373/357 358/374/358 349/364/349
f 349/364/349 358/374/358 359/375/359 350/365/350
f 350/365/350 359/375/359 352/376/352 343/366/343
f 352/367/352 361/161/361 360/377/360 351/368/351
f 351/368/351 360/377/360 362/378/362 353/369/353
f 353/369/353 362/378/362 363/164/363 354/370/354
f 354/370/354 363/164/363 364/379/364 355/371/355
f 355/371/355 364/379/364 365/380/365 356/372/356
f 356/372/356 365/380/365 366/167/366 357/373/357
f 357/373/357 366/167/366 367/168/367 358/374/358
f 358/374/358 367/168/367 368/169/368 359/375/359
f 359/375/359 368/169/368 361/170/361 352/376/352
f 307/320/307 382/381/382 381/382/381 380/383/380 379/384/379 378/385/378 306/317/306
f 383/386/383 385/387/385 382/388/382 307/320/307 310/322/310 384/389/384
f 386/390/386 384/391/384 310/322/310 312/324/312 387/392/387
f 388/393/388 390/394/390 389/395/389 387/396/387 312/324/312 314/326/314
f 391/397/391 393/398/393 388/393/388 314/326/314 316/328/316 392/399/392
f 394/400/394 392/401/392 316/328/316 318/330/318 395/402/395
f 396/403/396 395/404/395 318/330/318 320/332/320
f 397/405/397 396/403/396 320/332/320 322/334/322 399/406/399 398/407/398
f 306/336/306 378/408/378 400/409/400 399/410/399 322/334/322
f 411/411/411 414/412/414 413/413/413 412/414/412
f 412/414/412 413/413/413 416/415/416 415/416/415
f 415/416/415 416/415/416 418/417/418 417/418/417
f 417/418/417 418/417/418 420/419/420 419/420/419
f 419/420/419 420/419/420 422/421/422 421/422/421
f 421/422/421 422/421/422 424/423/424 423/424/423
f 423/424/423 424/423/424 426/425/426 425/426/425
f 425/426/425 426/425/426 428/427/428 427/428/427
f 427/428/427 428/427/428 414/429/414 411/430/411
f 414/412/414 430/431/430 429/432/429 413/413/413
f 413/413/413 429/432/429 431/433/431 416/415/416
f 416/415/416 431/433/431 432/434/432 418/417/418
f 418/417/418 432/434/432 433/435/433 420/419/420
f 420/419/420 433/435/433 434/436/434 422/421/422
f 422/421/422 434/436/434 435/437/435 424/423/424
f 424/423/424 435/437/435 436/438/436 426/425/426
f 426/425/426 436/438/436 437/439/437 428/427/428
f 428/427/428 437/439/437 430/440/430 414/429/414
f 430/431/430 439/441/439 438/442/438 429/432/429
f 429/432/429 438/442/438 440/443/440 431/433/431
f 431/433/431 440/443/440 441/444/441 432/434/432
f 432/434/432 441/444/441 442/445/442 433/435/433
f 433/435/433 442/445/442 443/446/443 434/436/434
f 434/436/434 443/446/443 444/447/444 435/437/435
f 435/437/435 444/447/444 445/448/445 436/438/436
f 436/438/436 445/448/445 446/449/446 437/439/437
f 437/439/437 446/449/446 439/450/439 430/440/430
f 439/441/439 448/451/448 447/452/447 438/442/438
f 438/442/438 447/452/447 449/453/449 440/443/440
f 440/443/440 449/453/449 450/454/450 441/444/441
f 441/444/441 450/454/450 451/455/451 442/445/442
f 442/445/442 451/455/451 452/456/452 443/446/443
f 443/446/443 452/456/452 453/457/453 444/447/444
f 444/447/444 453/457/453 454/458/454 445/448/445
f 445/448/445 454/458/454 455/459/455 446/449/446
f 446/449/446 455/459/455 448/460/448 439/450/439
f 448/451/448 457/461/457 456/462/456 447/452/447
f 447/452/447 456/462/456 458/463/458 449/453/449
f 449/453/449 458/463/458 459/464/459 450/454/450
f 450/454/450 459/464/459 460/465/460 451/455/451
f 451/455/451 460/465/460 461/466/461 452/456/452
f 452/456/452 461/466/461 462/467/462 453/457/453
f 453/457/453 462/467/462 463/468/463 454/458/454
f 454/458/454 463/468/463 464/469/464 455/459/455
f 455/459/455 464/469/464 457/470/457 448/460/448
f 457/461/457 466/471/466 465/472/465 456/462/456
f 456/462/456 465/472/465 467/473/467 458/463/458
f 458/463/458 467/473/467 468/474/468 459/464/459
f 459/464/459 468/474/468 469/475/469 460/465/460
f 460/465/460 469/475/469 470/476/470 461/466/461
f 461/466/461 470/476/470 471/477/471 462/467/462
f 462/467/462 471/477/471 472/478/472 463/468/463
f 463/468/463 472/478/472 473/479/473 464/469/464
f 464/469/464 473/479/473 466/480/466 457/470/457
f 466/471/466 475/481/475 474/482/474 465/472/465
f 465/472/465 474/482/474 476/483/476 467/473/467
f 467/473/467 476/483/476 477/484/477 468/474/468
f 468/474/468 477/484/477 478/485/478 469/475/469
f 469/475/469 478/485/478 479/486/479 470/476/470
f 470/476/470 479/486/479 480/487/480 471/477/471
f 471/477/471 480/487/480 481/488/481 472/478/472
f 472/478/472 481/488/481 482/489/482 473/479/473
f 473/479/473 482/489/482 475/490/475 466/480/466
f 492/491/492 495/492/495 494/493/494 411/411/411 412/414/412 493/494/493
f 496/495/496 498/496/498 493/497/493 412/414/412 415/416/415 497/498/497
f 499/499/499 501/500/501 497/501/497 415/416/415 417/418/417 500/502/500
f 502/503/502 505/504/505 504/505/504 500/506/500 417/418/417 419/420/419 503/507/503
f 506/508/506 503/509/503 419/420/419 421/422/421 507/510/507
f 423/424/423 509/511/509 508/512/508 507/513/507 421/422/421
f 510/514/510 511/515/511 509/516/509 423/424/423 425/426/425
f 512/517/512 514/518/514 510/519/510 425/426/425 427/428/427 513/520/513
f 515/521/515 513/522/513 427/428/427 411/523/411 494/524/494 516/525/516
f 527/526/527 532/527/532 531/528/531 530/529/530 529/530/529 528/531/528
f 533/532/533 536/533/536 535/534/535 534/535/534
f 534/535/534 535/534/535 537/536/537 528/531/528
f 528/531/528 537/536/537 538/537/538 527/526/527
f 527/526/527 538/537/538 540/538/540 539/539/539
f 539/539/539 540/538/540 542/540/542 541/541/541
f 541/541/541 542/540/542 544/542/544 543/543/543
f 543/543/543 544/542/544 546/544/546 545/545/545
f 545/545/545 546/544/546 548/546/548 547/547/547
f 547/547/547 548/546/548 536/548/536 533/549/533
f 536/533/536 550/550/550 549/551/549 535/534/535
f 535/534/535 549/551/549 551/552/551 537/536/537
f 537/536/537 551/552/551 552/553/552 538/537/538
f 538/537/538 552/553/552 553/554/553 540/538/540
f 540/538/540 553/554/553 554/555/554 542/540/542
f 542/540/542 554/555/554 555/556/555 544/542/544
f 544/542/544 555/556/555 556/557/556 546/544/546
f 546/544/546 556/557/556 557/558/557 548/546/548
f 548/546/548 557/558/557 550/559/550 536/548/536
f 550/550/550 559/560/559 558/561/558 549/551/549
f 549/551/549 558/561/558 560/562/560 551/552/551
f 551/552/551 560/562/560 561/563/561 552/553/552
f 552/553/552 561/563/561 562/564/562 553/554/553
f 553/554/553 562/564/562 563/565/563 554/555/554
f 554/555/554 563/565/563 564/566/564 555/556/555
f 555/556/555 564/566/564 565/567/565 556/557/556
f 556/557/556 565/567/565 566/568/566 557/558/557
f 557/558/557 566/568/566 559/569/559 550/559/550
f 559/560/559 568/570/568 567/571/567 558/561/558
f 558/561/558 567/571/567 569/572/569 560/562/560
f 560/562/560 569/572/569 570/573/570 561/563/561
f 561/563/561 570/573/570 571/574/571 562/564/562
f 562/564/562 571/574/571 572/575/572 563/565/563
f 563/565/563 572/575/572 573/576/573 564/566/564
f 564/566/564 573/576/573 574/577/574 565/567/565
f 565/567/565 574/577/574 575/578/575 566/568/566
f 566/568/566 575/578/575 568/579/568 559/569/559
f 568/570/568 577/580/577 576/581/576 567/571/567
f 567/571/567 576/581/576 578/582/578 569/572/569
f 569/572/569 578/582/578 579/583/579 570/573/570
f 570/573/570 579/583/579 580/584/580 571/574/571
f 571/574/571 580/584/580 581/585/581 572/575/572
f 572/575/572 581/585/581 582/586/582 573/576/573
f 573/576/573 582/586/582 583/587/583 574/577/574
f 574/577/574 583/587/583 584/588/584 575/578/575
f 575/578/575 584/588/584 577/589/577 568/579/568
f 577/580/577 586/590/586 585/591/585 576/581/576
f 576/581/576 585/591/585 587/592/587 578/582/578
f 578/582/578 587/592/587 588/593/588 579/583/579
f 579/583/579 588/593/588 589/594/589 580/584/580
f 580/584/580 589/594/589 590/595/590 581/585/581
f 581/585/581 590/595/590 591/596/591 582/586/582
f 582/586/582 591/596/591 592/597/592 583/587/583
f 583/587/583 592/597/592 593/598/593 584/588/584
f 584/588/584 593/598/593 586/599/586 577/589/577
f 586/590/586 595/279/595 594/280/594 585/591/585
f 585/591/585 594/280/594 596/281/596 587/592/587
f 587/592/587 596/281/596 597/282/597 588/593/588
f 588/593/588 597/282/597 598/283/598 589/594/589
f 589/594/589 598/283/598 599/284/599 590/595/590
f 590/595/590 599/284/599 600/285/600 591/596/591
f 591/596/591 600/285/600 601/286/601 592/597/592
f 592/597/592 601/286/601 602/287/602 593/598/593
f 593/598/593 602/287/602 595/288/595 586/599/586
f 612/600/612 615/601/615 533/532/533 534/535/534 614/602/614 613/603/613
f 616/604/616 619/605/619 618/606/618 614/607/614 534/535/534 528/531/528 529/530/529 617/608/617
f 620/609/620 622/610/622 621/611/621 532/527/532 527/526/527 539/539/539
f 623/612/623 625/613/625 624/614/624 620/615/620 539/539/539 541/541/541
f 543/543/543 627/616/627 626/617/626 623/618/623 541/541/541
f 545/545/545 628/619/628 627/620/627 543/543/543
f 547/547/547 629/621/629 628/622/628 545/545/545
f 630/623/630 629/624/629 547/547/547 533/549/533 615/625/615 632/626/632 631/627/631
f 643/628/643 646/629/646 645/630/645 644/631/644
f 644/631/644 645/630/645 648/632/648 647/633/647
f 647/633/647 648/632/648 650/634/650 649/635/649
f 651/636/651 653/637/653 652/638/652 649/635/649 650/634/650
f 654/639/654 657/640/657 656/641/656 655/642/655
f 655/642/655 656/641/656 659/643/659 658/644/658
f 658/644/658 659/643/659 646/645/646 643/646/643
f 646/629/646 661/647/661 660/648/660 645/630/645
f 645/630/645 660/648/660 662/649/662 648/632/648
f 648/632/648 662/649/662 663/650/663 650/634/650
f 650/634/650 663/650/663 664/651/664 651/636/651
f 651/636/651 664/651/664 666/652/666 665/653/665
f 665/653/665 666/652/666 667/654/667 657/640/657
f 657/640/657 667/654/667 668/655/668 656/641/656
f 656/641/656 668/655/668 669/656/669 659/643/659
f 659/643/659 669/656/669 661/657/661 646/645/646
f 661/647/661 671/658/671 670/659/670 660/648/660
f 660/648/660 670/659/670 672/660/672 662/649/662
f 662/649/662 672/660/672 673/661/673 663/650/663
f 663/650/663 673/661/673 674/662/674 664/651/664
f 664/651/664 674/662/674 675/663/675 666/652/666
f 666/652/666 675/663/675 676/664/676 667/654/667
f 667/654/667 676/664/676 677/665/677 668/655/668
f 668/655/668 677/665/677 678/666/678 669/656/669
f 669/656/669 678/666/678 671/667/671 661/657/661
f 671/658/671 680/668/680 679/669/679 670/659/670
f 670/659/670 679/669/679 681/670/681 672/660/672
f 672/660/672 681/670/681 682/671/682 673/661/673
f 673/661/673 682/671/682 683/672/683 674/662/674
f 674/662/674 683/672/683 684/673/684 675/663/675
f 675/663/675 684/673/684 685/674/685 676/664/676
f 676/664/676 685/674/685 686/675/686 677/665/677
f 677/665/677 686/675/686 687/676/687 678/666/678
f 678/666/678 687/676/687 680/677/680 671/667/671
f 680/668/680 689/678/689 688/679/688 679/669/679
f 679/669/679 688/679/688 690/680/690 681/670/681
f 681/670/681 690/680/690 691/681/691 682/671/682
f 682/671/682 691/681/691 692/682/692 683/672/683
f 683/672/683 692/682/692 693/683/693 684/673/684
f 684/673/684 693/683/693 694/684/694 685/674/685
f 685/674/685 694/684/694 695/685/695 686/675/686
f 686/675/686 695/685/695 696/686/696 687/676/687
f 687/676/687 696/686/696 689/687/689 680/677/680
f 689/678/689 698/688/698 697/689/697 688/679/688
f 688/679/688 697/689/697 699/690/699 690/680/690
f 690/680/690 699/690/699 700/691/700 691/681/691
f 691/681/691 700/691/700 701/692/701 692/682/692
f 692/682/692 701/692/701 702/693/702 693/683/693
f 693/683/693 702/693/702 703/694/703 694/684/694
f 694/684/694 703/694/703 704/695/704 695/685/695
f 695/685/695 704/695/704 705/696/705 696/686/696
f 696/686/696 705/696/705 698/697/698 689/687/689
f 698/688/698 707/481/707 706/482/706 697/689/697
f 697/689/697 706/482/706 708/483/708 699/690/699
f 699/690/699 708/483/708 709/484/709 700/691/700
f 700/691/700 709/484/709 710/485/710 701/692/701
f 701/692/701 710/485/710 711/486/711 702/693/702
f 702/693/702 711/486/711 712/487/712 703/694/703
f 703/694/703 712/487/712 713/488/713 704/695/704
f 704/695/704 713/488/713 714/489/714 705/696/705
f 705/696/705 714/489/714 707/490/707 698/697/698
f 724/698/724 727/699/727 726/700/726 725/701/725 643/628/643 644/631/644
f 728/702/728 730/703/730 724/698/724 644/631/644 647/633/647 729/704/729
f 731/705/731 729/704/729 647/633/647 649/635/649 732/706/732
f 733/707/733 732/706/732 649/635/649 652/708/652 735/709/735 734/710/734
f 654/639/654 738/711/738 737/712/737 736/713/736
f 739/714/739 741/715/741 740/716/740 738/717/738 654/639/654 655/642/655
f 742/718/742 744/719/744 739/720/739 655/642/655 658/644/658 743/721/743
f 643/646/643 725/722/725 745/723/745 743/724/743 658/644/658
f 746/725/746 748/726/748 653/727/653 651/636/651 665/653/665 747/728/747
f 657/640/657 654/639/654 736/729/736 747/730/747 665/653/665
f 759/731/759 762/732/762 761/733/761 760/734/760
f 760/734/760 761/733/761 764/735/764 763/736/763
f 763/736/763 764/735/764 766/737/766 765/738/765
f 767/739/767 772/740/772 771/741/771 770/742/770 769/743/769 768/744/768 765/738/765 766/737/766
f 773/745/773 776/746/776 775/747/775 774/748/774
f 774/748/774 775/747/775 778/749/778 777/750/777
f 777/750/777 778/749/778 762/751/762 759/752/759
f 762/732/762 780/753/780 779/754/779 761/733/761
f 761/733/761 779/754/779 781/755/781 764/735/764
f 764/735/764 781/755/781 782/756/782 766/737/766
f 766/737/766 782/756/782 783/757/783 767/739/767
f 767/739/767 783/757/783 785/758/785 784/759/784
f 784/759/784 785/758/785 786/760/786 776/746/776
f 776/746/776 786/760/786 787/761/787 775/747/775
f 775/747/775 787/761/787 788/762/788 778/749/778
f 778/749/778 788/762/788 780/763/780 762/751/762
f 780/753/780 790/764/790 789/765/789 779/754/779
f 779/754/779 789/765/789 791/766/791 781/755/781
f 781/755/781 791/766/791 792/767/792 782/756/782
f 782/756/782 792/767/792 793/768/793 783/757/783
f 783/757/783 793/768/793 794/769/794 785/758/785
f 785/758/785 794/769/794 795/770/795 786/760/786
f 786/760/786 795/770/795 796/771/796 787/761/787
f 787/761/787 796/771/796 797/772/797 788/762/788
f 788/762/788 797/772/797 790/773/790 780/763/780
f 790/764/790 799/774/799 798/775/798 789/765/789
f 789/765/789 798/775/798 800/776/800 791/766/791
f 791/766/791 800/776/800 801/777/801 792/767/792
f 792/767/792 801/777/801 802/778/802 793/768/793
f 793/768/793 802/778/802 803/779/803 794/769/794
f 794/769/794 803/779/803 804/780/804 795/770/795
f 795/770/795 804/780/804 805/781/805 796/771/796
f 796/771/796 805/781/805 806/782/806 797/772/797
f 797/772/797 806/782/806 799/783/799 790/773/790
f 799/774/799 808/784/808 807/785/807 798/775/798
f 798/775/798 807/785/807 809/786/809 800/776/800
f 800/776/800 809/786/809 810/787/810 801/777/801
f 801/777/801 810/787/810 811/788/811 802/778/802
f 802/778/802 811/788/811 812/789/812 803/779/803
f 803/779/803 812/789/812 813/790/813 804/780/804
f 804/780/804 813/790/813 814/791/814 805/781/805
f 805/781/805 814/791/814 815/792/815 806/782/806
f 806/782/806 815/792/815 808/793/808 799/783/799
f 825/794/825 828/795/828 759/731/759 760/734/760 827/796/827 826/797/826
f 829/798/829 830/799/830 827/796/827 760/734/760 763/736/763
f 831/800/831 833/801/833 829/802/829 763/736/763 765/738/765 832/803/832
f 765/738/765 768/804/768 832/805/832
f 834/806/834 835/807/835 773/745/773
f 774/748/774 837/808/837 836/809/836 834/810/834 773/745/773
f 838/811/838 840/812/840 837/813/837 774/748/774 777/750/777 839/814/839
f 841/815/841 839/816/839 777/750/777 759/752/759 828/817/828 842/818/842
f 843/819/843 772/820/772 767/739/767 784/759/784 845/821/845 844/822/844
f 846/823/846 845/824/845 784/759/784 776/746/776 773/745/773 835/825/835
f 857/826/857 860/827/860 859/828/859 858/829/858
f 858/829/858 859/828/859 862/830/862 861/831/861
f 861/831/861 862/830/862 864/832/864 863/833/863
f 863/833/863 864/832/864 866/834/866 865/835/865
f 867/836/867 869/837/869 868/838/868 865/835/865 866/834/866
f 870/839/870 873/840/873 872/841/872 871/842/871
f 871/842/871 872/841/872 875/843/875 874/844/874
f 874/844/874 875/843/875 860/845/860 857/846/857
f 860/827/860 877/847/877 876/848/876 859/828/859
f 859/828/859 876/848/876 878/849/878 862/830/862
f 862/830/862 878/849/878 879/850/879 864/832/864
f 864/832/864 879/850/879 880/851/880 866/834/866
f 866/834/866 880/851/880 881/852/881 867/836/867
f 867/836/867 881/852/881 882/853/882 873/840/873
f 873/840/873 882/853/882 883/854/883 872/841/872
f 872/841/872 883/854/883 884/855/884 875/843/875
f 875/843/875 884/855/884 877/856/877 860/845/860
f 894/857/894 897/858/897 896/859/896 895/860/895 857/826/857 858/829/858
f 898/861/898 894/862/894 858/829/858 861/831/861 900/863/900 899/864/899
f 901/865/901 902/866/902 900/867/900 861/831/861 863/833/863
f 903/868/903 904/869/904 901/865/901 863/833/863 865/835/865
f 868/870/868 906/871/906 905/872/905 903/868/903 865/835/865
f 907/873/907 908/874/908 870/839/870
f 909/875/909 911/876/911 907/877/907 870/839/870 871/842/871 910/878/910
f 912/879/912 910/880/910 871/842/871 874/844/874 915/881/915 914/882/914 913/883/913
f 857/846/857 895/884/895 915/885/915 874/844/874
f 870/839/870 908/886/908 916/887/916 869/888/869 867/836/867 873/840/873
f 927/889/927 930/890/930 929/891/929 928/892/928
f 928/892/928 929/891/929 932/893/932 931/894/931
f 931/894/931 932/893/932 934/895/934 933/896/933
f 933/896/933 934/895/934 936/897/936 935/898/935
f 937/899/937 939/900/939 938/901/938 935/898/935 936/897/936
f 940/902/940 943/903/943 942/904/942 941/905/941
f 941/905/941 942/904/942 930/906/930 927/907/927
f 930/890/930 945/908/945 944/909/944 929/891/929
f 929/891/929 944/909/944 946/910/946 932/893/932
f 932/893/932 946/910/946 947/911/947 934/895/934
f 934/895/934 947/911/947 948/912/948 936/897/936
f 936/897/936 948/912/948 949/913/949 937/899/937
f 937/899/937 949/913/949 951/914/951 950/915/950
f 950/915/950 951/914/951 952/916/952 943/903/943
f 943/903/943 952/916/952 953/917/953 942/904/942
f 942/904/942 953/917/953 945/918/945 930/906/930
f 963/919/963 966/920/966 965/921/965 927/889/927 928/892/928 964/922/964
f 931/894/931 969/923/969 968/924/968 967/925/967 964/926/964 928/892/928
f 970/927/970 969/928/969 931/894/931 933/896/933 971/929/971
f 972/930/972 971/929/971 933/896/933 935/898/935
f 938/931/938 973/932/973 972/933/972 935/898/935
f 940/902/940 976/934/976 975/935/975 974/936/974
f 941/905/941 980/937/980 979/938/979 978/939/978 977/940/977 976/941/976 940/902/940
f 981/942/981 980/943/980 941/905/941 927/907/927 965/944/965 982/945/982
f 983/946/983 984/947/984 939/948/939 937/899/937 950/915/950
f 974/949/974 985/950/985 983/951/983 950/915/950 943/903/943 940/902/940
f 996/952/996 999/953/999 998/954/998 997/955/997
f 997/955/997 998/954/998 1001/956/1001 1000/957/1000
f 1000/957/1000 1001/956/1001 1003/958/1003 1002/959/1002
f 1004/960/1004 1006/961/1006 1005/962/1005 1002/959/1002 1003/958/1003
f 1007/963/1007 1010/964/1010 1009/965/1009 1008/966/1008
f 1008/966/1008 1009/965/1009 1012/967/1012 1011/968/1011
f 1011/968/1011 1012/967/1012 999/969/999 996/970/996
f 999/953/999 1014/971/1014 1013/972/1013 998/954/998
f 998/954/998 1013/972/1013 1015/973/1015 1001/956/1001
f 1001/956/1001 1015/973/1015 1016/974/1016 1003/958/1003
f 1003/958/1003 1016/974/1016 1017/975/1017 1004/960/1004
f 1004/960/1004 1017/975/1017 1019/976/1019 1018/977/1018
f 1018/977/1018 1019/976/1019 1020/978/1020 1010/964/1010
f 1010/964/1010 1020/978/1020 1021/979/1021 1009/965/1009
f 1009/965/1009 1021/979/1021 1022/980/1022 1012/967/1012
f 1012/967/1012 1022/980/1022 1014/981/1014 999/969/999
f 1014/971/1014 1024/982/1024 1023/983/1023 1013/972/1013
f 1013/972/1013 1023/983/1023 1025/984/1025 1015/973/1015
f 1015/973/1015 1025/984/1025 1026/985/1026 1016/974/1016
f 1016/974/1016 1026/985/1026 1027/986/1027 1017/975/1017
f 1017/975/1017 1027/986/1027 1028/987/1028 1019/976/1019
f 1019/976/1019 1028/987/1028 1029/988/1029 1020/978/1020
f 1020/978/1020 1029/988/1029 1030/989/1030 1021/979/1021
f 1021/979/1021 1030/989/1030 1031/990/1031 1022/980/1022
f 1022/980/1022 1031/990/1031 1024/991/1024 1014/981/1014
f 1024/982/1024 1033/992/1033 1032/993/1032 1023/983/1023
f 1023/983/1023 1032/993/1032 1034/994/1034 1025/984/1025
f 1025/984/1025 1034/994/1034 1035/995/1035 1026/985/1026
f 1026/985/1026 1035/995/1035 1036/996/1036 1027/986/1027
f 1027/986/1027 1036/996/1036 1037/997/1037 1028/987/1028
f 1028/987/1028 1037/997/1037 1038/998/1038 1029/988/1029
f 1029/988/1029 1038/998/1038 1039/999/1039 1030/989/1030
f 1030/989/1030 1039/999/1039 1040/1000/1040 1031/990/1031
f 1031/990/1031 1040/1000/1040 1033/1001/1033 1024/991/1024
f 1033/992/1033 1042/161/1042 1041/377/1041 1032/993/1032
f 1032/993/1032 1041/377/1041 1043/378/1043 1034/994/1034
f 1034/994/1034 1043/378/1043 1044/164/1044 1035/995/1035
f 1035/995/1035 1044/164/1044 1045/379/1045 1036/996/1036
f 1036/996/1036 1045/379/1045 1046/380/1046 1037/997/1037
f 1037/997/1037 1046/380/1046 1047/167/1047 1038/998/1038
f 1038/998/1038 1047/167/1047 1048/168/1048 1039/999/1039
f 1039/999/1039 1048/168/1048 1049/169/1049 1040/1000/1040
f 1040/1000/1040 1049/169/1049 1042/170/1042 1033/1001/1033
f 1059/1002/1059 1063/1003/1063 996/952/996 997/955/997 1062/1004/1062 1061/1005/1061 1060/1006/1060
f 1064/1007/1064 1067/1008/1067 1066/1009/1066 1062/1010/1062 997/955/997 1000/957/1000 1065/1011/1065
f 1068/1012/1068 1065/1011/1065 1000/957/1000 1002/959/1002 1069/1013/1069
f 1070/1014/1070 1071/1015/1071 1069/1013/1069 1002/959/1002 1005/962/1005
f 1007/963/1007 1074/1016/1074 1073/1017/1073 1072/1018/1072
f 1075/1019/1075 1076/1020/1076 1074/1021/1074 1007/963/1007 1008/966/1008
f 1077/1022/1077 1079/1023/1079 1075/1019/1075 1008/966/1008 1011/968/1011 1078/1024/1078
f 1080/1025/1080 1082/1026/1082 1078/1027/1078 1011/968/1011 996/970/996 1063/1028/1063 1081/1029/1081
f 1083/1030/1083 1006/1031/1006 1004/960/1004 1018/977/1018 1086/1032/1086 1085/1033/1085 1084/1034/1084
f 1087/1035/1087 1086/1036/1086 1018/977/1018 1010/964/1010 1007/963/1007 1072/1037/1072
f 1098/1038/1098 1101/1039/1101 1100/1040/1100 1099/1041/1099
f 1099/1041/1099 1100/1040/1100 1103/1042/1103 1102/1043/1102
f 1102/1043/1102 1103/1042/1103 1105/1044/1105 1104/1045/1104
f 1104/1045/1104 1105/1044/1105 1107/1046/1107 1106/1047/1106
f 1106/1047/1106 1107/1046/1107 1109/1048/1109 1108/1049/1108
f 1108/1049/1108 1109/1048/1109 1111/1050/1111 1110/1051/1110
f 1110/1051/1110 1111/1050/1111 1113/1052/1113 1112/1053/1112
f 1112/1053/1112 1113/1052/1113 1115/1054/1115 1114/1055/1114
f 1114/1055/1114 1115/1054/1115 1101/1056/1101 1098/1057/1098
f 1101/1039/1101 1117/1058/1117 1116/1059/1116 1100/1040/1100
f 1100/1040/1100 1116/1059/1116 1118/1060/1118 1103/1042/1103
f 1103/1042/1103 1118/1060/1118 1119/1061/1119 1105/1044/1105
f 1105/1044/1105 1119/1061/1119 1120/1062/1120 1107/1046/1107
f 1107/1046/1107 1120/1062/1120 1121/1063/1121 1109/1048/1109
f 1109/1048/1109 1121/1063/1121 1122/1064/1122 1111/1050/1111
f 1111/1050/1111 1122/1064/1122 1123/1065/1123 1113/1052/1113
f 1113/1052/1113 1123/1065/1123 1124/1066/1124 1115/1054/1115
f 1115/1054/1115 1124/1066/1124 1117/1067/1117 1101/1056/1101
f 1134/1068/1134 1137/1069/1137 1136/1070/1136 1098/1038/1098 1099/1041/1099 1135/1071/1135
f 1138/1072/1138 1140/1073/1140 1135/1074/1135 1099/1041/1099 1102/1043/1102 1139/1075/1139
f 1141/1076/1141 1139/1077/1139 1102/1043/1102 1104/1045/1104 1146/1078/1146 1145/1079/1145 1144/1080/1144 1143/1081/1143 1142/1082/1142
f 1106/1047/1106 1149/1083/1149 1148/1084/1148 1147/1085/1147 1146/1086/1146 1104/1045/1104
f 1150/1087/1150 1154/1088/1154 1153/1089/1153 1152/1090/1152 1151/1091/1151 1149/1092/1149 1106/1047/1106 1108/1049/1108
f 1155/1093/1155 1158/1094/1158 1157/1095/1157 1150/1096/1150 1108/1049/1108 1110/1051/1110 1156/1097/1156
f 1159/1098/1159 1163/1099/1163 1156/1100/1156 1110/1051/1110 1112/1053/1112 1162/1101/1162 1161/1102/1161 1160/1103/1160
f 1164/1104/1164 1162/1105/1162 1112/1053/1112 1114/1055/1114
f 1098/1057/1098 1136/1106/1136 1166/1107/1166 1165/1108/1165 1164/1109/1164 1114/1055/1114
g all_branches branch_caps level2 manual_prune tree_branch_generator2
usemtl /obj/geo1/tree_controller1/matnet1/labs_shader1
f 1167/20/1167 1169/20/1169 1168/20/1168
f 1168/20/1168 1169/20/1169 1170/20/1170
f 1170/20/1170 1169/20/1169 1171/20/1171
f 1171/20/1171 1169/20/1169 1172/20/1172
f 1172/20/1172 1169/20/1169 1167/20/1167
f 1184/20/1184 1167/20/1167 1168/20/1168 1183/20/1183
f 1183/20/1183 1168/20/1168 1170/20/1170 1185/20/1185
f 1185/20/1185 1170/20/1170 1171/20/1171 1186/20/1186
f 1186/20/1186 1171/20/1171 1172/20/1172 1187/20/1187
f 1187/20/1187 1172/20/1172 1167/20/1167 1184/20/1184
f 1201/20/1201 1203/20/1203 1202/20/1202
f 1202/20/1202 1203/20/1203 1204/20/1204
f 1204/20/1204 1203/20/1203 1205/20/1205
f 1205/20/1205 1203/20/1203 1206/20/1206
f 1206/20/1206 1203/20/1203 1201/20/1201
f 1229/20/1229 1201/20/1201 1202/20/1202 1228/20/1228
f 1228/20/1228 1202/20/1202 1204/20/1204 1230/20/1230
f 1230/20/1230 1204/20/1204 1205/20/1205 1231/20/1231
f 1231/20/1231 1205/20/1205 1206/20/1206 1232/20/1232
f 1232/20/1232 1206/20/1206 1201/20/1201 1229/20/1229
f 1234/20/1234 1236/20/1236 1235/20/1235
f 1235/20/1235 1236/20/1236 1237/20/1237
f 1237/20/1237 1236/20/1236 1238/20/1238
f 1238/20/1238 1236/20/1236 1239/20/1239
f 1239/20/1239 1236/20/1236 1234/20/1234
f 1251/20/1251 1234/20/1234 1235/20/1235 1250/20/1250
f 1250/20/1250 1235/20/1235 1237/20/1237 1252/20/1252
f 1252/20/1252 1237/20/1237 1238/20/1238 1253/20/1253
f 1253/20/1253 1238/20/1238 1239/20/1239 1254/20/1254
f 1254/20/1254 1239/20/1239 1234/20/1234 1251/20/1251
f 1270/20/1270 1272/20/1272 1271/20/1271
f 1271/20/1271 1272/20/1272 1273/20/1273
f 1273/20/1273 1272/20/1272 1274/20/1274
f 1274/20/1274 1272/20/1272 1275/20/1275
f 1275/20/1275 1272/20/1272 1270/20/1270
f 1287/20/1287 1270/20/1270 1271/20/1271 1286/20/1286
f 1286/20/1286 1271/20/1271 1273/20/1273 1288/20/1288
f 1288/20/1288 1273/20/1273 1274/20/1274 1289/20/1289
f 1289/20/1289 1274/20/1274 1275/20/1275 1290/20/1290
f 1290/20/1290 1275/20/1275 1270/20/1270 1287/20/1287
f 1312/20/1312 1314/20/1314 1313/20/1313
f 1313/20/1313 1314/20/1314 1315/20/1315
f 1315/20/1315 1314/20/1314 1316/20/1316
f 1316/20/1316 1314/20/1314 1317/20/1317
f 1317/20/1317 1314/20/1314 1312/20/1312
f 1318/20/1318 1312/20/1312 1313/20/1313 1319/20/1319
f 1319/20/1319 1313/20/1313 1315/20/1315 1320/20/1320
f 1320/20/1320 1315/20/1315 1316/20/1316 1321/20/1321
f 1321/20/1321 1316/20/1316 1317/20/1317 1322/20/1322
f 1322/20/1322 1317/20/1317 1312/20/1312 1318/20/1318
f 1334/20/1334 1336/20/1336 1335/20/1335
f 1335/20/1335 1336/20/1336 1337/20/1337
f 1337/20/1337 1336/20/1336 1338/20/1338
f 1338/20/1338 1336/20/1336 1339/20/1339
f 1339/20/1339 1336/20/1336 1334/20/1334
f 1355/20/1355 1334/20/1334 1335/20/1335 1354/20/1354
f 1354/20/1354 1335/20/1335 1337/20/1337 1356/20/1356
f 1356/20/1356 1337/20/1337 1338/20/1338 1357/20/1357
f 1357/20/1357 1338/20/1338 1339/20/1339 1358/20/1358
f 1358/20/1358 1339/20/1339 1334/20/1334 1355/20/1355
f 1379/20/1379 1381/20/1381 1380/20/1380
f 1380/20/1380 1381/20/1381 1382/20/1382
f 1382/20/1382 1381/20/1381 1383/20/1383
f 1383/20/1383 1381/20/1381 1384/20/1384
f 1384/20/1384 1381/20/1381 1379/20/1379
f 1397/20/1397 1379/20/1379 1380/20/1380 1396/20/1396
f 1396/20/1396 1380/20/1380 1382/20/1382 1398/20/1398
f 1398/20/1398 1382/20/1382 1383/20/1383 1399/20/1399
f 1399/20/1399 1383/20/1383 1384/20/1384 1401/20/1401
f 1401/20/1401 1384/20/1384 1379/20/1379 1397/20/1397
f 1443/20/1443 1445/20/1445 1444/20/1444
f 1444/20/1444 1445/20/1445 1446/20/1446
f 1446/20/1446 1445/20/1445 1447/20/1447
f 1447/20/1447 1445/20/1445 1448/20/1448
f 1448/20/1448 1445/20/1445 1443/20/1443
f 1461/20/1461 1443/20/1443 1444/20/1444 1462/20/1462
f 1462/20/1462 1444/20/1444 1446/20/1446 1459/20/1459
f 1459/20/1459 1446/20/1446 1447/20/1447 1458/20/1458
f 1458/20/1458 1447/20/1447 1448/20/1448 1460/20/1460
f 1460/20/1460 1448/20/1448 1443/20/1443 1461/20/1461
f 1629/20/1629 1631/20/1631 1630/20/1630
f 1630/20/1630 1631/20/1631 1632/20/1632
f 1632/20/1632 1631/20/1631 1633/20/1633
f 1633/20/1633 1631/20/1631 1634/20/1634
f 1634/20/1634 1631/20/1631 1629/20/1629
f 1638/20/1638 1629/20/1629 1630/20/1630 1637/20/1637
f 1637/20/1637 1630/20/1630 1632/20/1632 1640/20/1640
f 1640/20/1640 1632/20/1632 1633/20/1633 1642/20/1642
f 1642/20/1642 1633/20/1633 1634/20/1634 1644/20/1644
f 1644/20/1644 1634/20/1634 1629/20/1629 1638/20/1638
f 1658/20/1658 1660/20/1660 1659/20/1659
f 1659/20/1659 1660/20/1660 1661/20/1661
f 1661/20/1661 1660/20/1660 1662/20/1662
f 1662/20/1662 1660/20/1660 1663/20/1663
f 1663/20/1663 1660/20/1660 1658/20/1658
f 1695/20/1695 1658/20/1658 1659/20/1659 1694/20/1694
f 1694/20/1694 1659/20/1659 1661/20/1661 1696/20/1696
f 1696/20/1696 1661/20/1661 1662/20/1662 1697/20/1697
f 1697/20/1697 1662/20/1662 1663/20/1663 1698/20/1698
f 1698/20/1698 1663/20/1663 1658/20/1658 1695/20/1695
f 1716/20/1716 1718/20/1718 1717/20/1717
f 1717/20/1717 1718/20/1718 1719/20/1719
f 1719/20/1719 1718/20/1718 1720/20/1720
f 1720/20/1720 1718/20/1718 1721/20/1721
f 1721/20/1721 1718/20/1718 1716/20/1716
f 1743/20/1743 1716/20/1716 1717/20/1717 1742/20/1742
f 1742/20/1742 1717/20/1717 1719/20/1719 1744/20/1744
f 1744/20/1744 1719/20/1719 1720/20/1720 1745/20/1745
f 1745/20/1745 1720/20/1720 1721/20/1721 1746/20/1746
f 1746/20/1746 1721/20/1721 1716/20/1716 1743/20/1743
f 1762/20/1762 1764/20/1764 1763/20/1763
f 1763/20/1763 1764/20/1764 1765/20/1765
f 1765/20/1765 1764/20/1764 1766/20/1766
f 1766/20/1766 1764/20/1764 1767/20/1767
f 1767/20/1767 1764/20/1764 1762/20/1762
f 1795/20/1795 1762/20/1762 1763/20/1763 1794/20/1794
f 1794/20/1794 1763/20/1763 1765/20/1765 1796/20/1796
f 1796/20/1796 1765/20/1765 1766/20/1766 1797/20/1797
f 1797/20/1797 1766/20/1766 1767/20/1767 1798/20/1798
f 1798/20/1798 1767/20/1767 1762/20/1762 1795/20/1795
f 1824/20/1824 1826/20/1826 1825/20/1825
f 1825/20/1825 1826/20/1826 1827/20/1827
f 1827/20/1827 1826/20/1826 1828/20/1828
f 1828/20/1828 1826/20/1826 1829/20/1829
f 1829/20/1829 1826/20/1826 1824/20/1824
f 1846/20/1846 1824/20/1824 1825/20/1825 1845/20/1845
f 1845/20/1845 1825/20/1825 1827/20/1827 1847/20/1847
f 1847/20/1847 1827/20/1827 1828/20/1828 1848/20/1848
f 1848/20/1848 1828/20/1828 1829/20/1829 1849/20/1849
f 1849/20/1849 1829/20/1829 1824/20/1824 1846/20/1846
f 1869/20/1869 1871/20/1871 1870/20/1870
f 1870/20/1870 1871/20/1871 1872/20/1872
f 1872/20/1872 1871/20/1871 1873/20/1873
f 1873/20/1873 1871/20/1871 1874/20/1874
f 1874/20/1874 1871/20/1871 1869/20/1869
f 1896/20/1896 1869/20/1869 1870/20/1870 1895/20/1895
f 1895/20/1895 1870/20/1870 1872/20/1872 1897/20/1897
f 1897/20/1897 1872/20/1872 1873/20/1873 1898/20/1898
f 1898/20/1898 1873/20/1873 1874/20/1874 1899/20/1899
f 1899/20/1899 1874/20/1874 1869/20/1869 1896/20/1896
f 1919/20/1919 1921/20/1921 1920/20/1920
f 1920/20/1920 1921/20/1921 1922/20/1922
f 1922/20/1922 1921/20/1921 1923/20/1923
f 1923/20/1923 1921/20/1921 1924/20/1924
f 1924/20/1924 1921/20/1921 1919/20/1919
f 1951/20/1951 1919/20/1919 1920/20/1920 1950/20/1950
f 1950/20/1950 1920/20/1920 1922/20/1922 1952/20/1952
f 1952/20/1952 1922/20/1922 1923/20/1923 1953/20/1953
f 1953/20/1953 1923/20/1923 1924/20/1924 1954/20/1954
f 1954/20/1954 1924/20/1924 1919/20/1919 1951/20/1951
f 1969/20/1969 1971/20/1971 1970/20/1970
f 1970/20/1970 1971/20/1971 1972/20/1972
f 1972/20/1972 1971/20/1971 1973/20/1973
f 1973/20/1973 1971/20/1971 1974/20/1974
f 1974/20/1974 1971/20/1971 1969/20/1969
f 2001/20/2001 1969/20/1969 1970/20/1970 2000/20/2000
f 2000/20/2000 1970/20/1970 1972/20/1972 2002/20/2002
f 2002/20/2002 1972/20/1972 1973/20/1973 2003/20/2003
f 2003/20/2003 1973/20/1973 1974/20/1974 2004/20/2004
f 2004/20/2004 1974/20/1974 1969/20/1969 2001/20/2001
f 2018/20/2018 2020/20/2020 2019/20/2019
f 2019/20/2019 2020/20/2020 2021/20/2021
f 2021/20/2021 2020/20/2020 2022/20/2022
f 2022/20/2022 2020/20/2020 2023/20/2023
f 2023/20/2023 2020/20/2020 2018/20/2018
f 2055/20/2055 2018/20/2018 2019/20/2019 2054/20/2054
f 2054/20/2054 2019/20/2019 2021/20/2021 2056/20/2056
f 2056/20/2056 2021/20/2021 2022/20/2022 2057/20/2057
f 2057/20/2057 2022/20/2022 2023/20/2023 2058/20/2058
f 2058/20/2058 2023/20/2023 2018/20/2018 2055/20/2055
f 2072/20/2072 2074/20/2074 2073/20/2073
f 2073/20/2073 2074/20/2074 2075/20/2075
f 2075/20/2075 2074/20/2074 2076/20/2076
f 2076/20/2076 2074/20/2074 2077/20/2077
f 2077/20/2077 2074/20/2074 2072/20/2072
f 2104/20/2104 2072/20/2072 2073/20/2073 2103/20/2103
f 2103/20/2103 2073/20/2073 2075/20/2075 2105/20/2105
f 2105/20/2105 2075/20/2075 2076/20/2076 2106/20/2106
f 2106/20/2106 2076/20/2076 2077/20/2077 2107/20/2107
f 2107/20/2107 2077/20/2077 2072/20/2072 2104/20/2104
f 2127/20/2127 2129/20/2129 2128/20/2128
f 2128/20/2128 2129/20/2129 2130/20/2130
f 2130/20/2130 2129/20/2129 2131/20/2131
f 2131/20/2131 2129/20/2129 2132/20/2132
f 2132/20/2132 2129/20/2129 2127/20/2127
f 2159/20/2159 2127/20/2127 2128/20/2128 2158/20/2158
f 2158/20/2158 2128/20/2128 2130/20/2130 2160/20/2160
f 2160/20/2160 2130/20/2130 2131/20/2131 2161/20/2161
f 2161/20/2161 2131/20/2131 2132/20/2132 2162/20/2162
f 2162/20/2162 2132/20/2132 2127/20/2127 2159/20/2159
f 2180/20/2180 2182/20/2182 2181/20/2181
f 2181/20/2181 2182/20/2182 2183/20/2183
f 2183/20/2183 2182/20/2182 2184/20/2184
f 2184/20/2184 2182/20/2182 2185/20/2185
f 2185/20/2185 2182/20/2182 2180/20/2180
f 2219/20/2219 2180/20/2180 2181/20/2181 2218/20/2218
f 2218/20/2218 2181/20/2181 2183/20/2183 2220/20/2220
f 2220/20/2220 2183/20/2183 2184/20/2184 2221/20/2221
f 2221/20/2221 2184/20/2184 2185/20/2185 2222/20/2222
f 2222/20/2222 2185/20/2185 2180/20/2180 2219/20/2219
f 2232/20/2232 2234/20/2234 2233/20/2233
f 2233/20/2233 2234/20/2234 2235/20/2235
f 2235/20/2235 2234/20/2234 2236/20/2236
f 2236/20/2236 2234/20/2234 2237/20/2237
f 2237/20/2237 2234/20/2234 2232/20/2232
f 2259/20/2259 2232/20/2232 2233/20/2233 2258/20/2258
f 2258/20/2258 2233/20/2233 2235/20/2235 2260/20/2260
f 2260/20/2260 2235/20/2235 2236/20/2236 2261/20/2261
f 2261/20/2261 2236/20/2236 2237/20/2237 2262/20/2262
f 2262/20/2262 2237/20/2237 2232/20/2232 2259/20/2259
f 2280/20/2280 2282/20/2282 2281/20/2281
f 2281/20/2281 2282/20/2282 2283/20/2283
f 2283/20/2283 2282/20/2282 2284/20/2284
f 2284/20/2284 2282/20/2282 2285/20/2285
f 2285/20/2285 2282/20/2282 2280/20/2280
f 2307/20/2307 2280/20/2280 2281/20/2281 2306/20/2306
f 2306/20/2306 2281/20/2281 2283/20/2283 2308/20/2308
f 2308/20/2308 2283/20/2283 2284/20/2284 2309/20/2309
f 2309/20/2309 2284/20/2284 2285/20/2285 2310/20/2310
f 2310/20/2310 2285/20/2285 2280/20/2280 2307/20/2307
f 2330/20/2330 2332/20/2332 2331/20/2331
f 2331/20/2331 2332/20/2332 2333/20/2333
f 2333/20/2333 2332/20/2332 2334/20/2334
f 2334/20/2334 2332/20/2332 2335/20/2335
f 2335/20/2335 2332/20/2332 2330/20/2330
f 2362/20/2362 2330/20/2330 2331/20/2331 2361/20/2361
f 2361/20/2361 2331/20/2331 2333/20/2333 2363/20/2363
f 2363/20/2363 2333/20/2333 2334/20/2334 2364/20/2364
f 2364/20/2364 2334/20/2334 2335/20/2335 2365/20/2365
f 2365/20/2365 2335/20/2335 2330/20/2330 2362/20/2362
f 2381/20/2381 2383/20/2383 2382/20/2382
f 2382/20/2382 2383/20/2383 2384/20/2384
f 2384/20/2384 2383/20/2383 2385/20/2385
f 2385/20/2385 2383/20/2383 2386/20/2386
f 2386/20/2386 2383/20/2383 2381/20/2381
f 2408/20/2408 2381/20/2381 2382/20/2382 2407/20/2407
f 2407/20/2407 2382/20/2382 2384/20/2384 2409/20/2409
f 2409/20/2409 2384/20/2384 2385/20/2385 2410/20/2410
f 2410/20/2410 2385/20/2385 2386/20/2386 2411/20/2411
f 2411/20/2411 2386/20/2386 2381/20/2381 2408/20/2408
f 2427/20/2427 2429/20/2429 2428/20/2428
f 2428/20/2428 2429/20/2429 2430/20/2430
f 2430/20/2430 2429/20/2429 2431/20/2431
f 2431/20/2431 2429/20/2429 2432/20/2432
f 2432/20/2432 2429/20/2429 2427/20/2427
f 2454/20/2454 2427/20/2427 2428/20/2428 2453/20/2453
f 2453/20/2453 2428/20/2428 2430/20/2430 2455/20/2455
f 2455/20/2455 2430/20/2430 2431/20/2431 2456/20/2456
f 2456/20/2456 2431/20/2431 2432/20/2432 2457/20/2457
f 2457/20/2457 2432/20/2432 2427/20/2427 2454/20/2454
f 2475/20/2475 2477/20/2477 2476/20/2476
f 2476/20/2476 2477/20/2477 2478/20/2478
f 2478/20/2478 2477/20/2477 2479/20/2479
f 2479/20/2479 2477/20/2477 2480/20/2480
f 2480/20/2480 2477/20/2477 2475/20/2475
f 2502/20/2502 2475/20/2475 2476/20/2476 2501/20/2501
f 2501/20/2501 2476/20/2476 2478/20/2478 2503/20/2503
f 2503/20/2503 2478/20/2478 2479/20/2479 2504/20/2504
f 2504/20/2504 2479/20/2479 2480/20/2480 2505/20/2505
f 2505/20/2505 2480/20/2480 2475/20/2475 2502/20/2502
f 2525/20/2525 2527/20/2527 2526/20/2526
f 2526/20/2526 2527/20/2527 2528/20/2528
f 2528/20/2528 2527/20/2527 2529/20/2529
f 2529/20/2529 2527/20/2527 2530/20/2530
f 2530/20/2530 2527/20/2527 2525/20/2525
f 2562/20/2562 2525/20/2525 2526/20/2526 2561/20/2561
f 2561/20/2561 2526/20/2526 2528/20/2528 2563/20/2563
f 2563/20/2563 2528/20/2528 2529/20/2529 2564/20/2564
f 2564/20/2564 2529/20/2529 2530/20/2530 2565/20/2565
f 2565/20/2565 2530/20/2530 2525/20/2525 2562/20/2562
f 2585/20/2585 2587/20/2587 2586/20/2586
f 2586/20/2586 2587/20/2587 2588/20/2588
f 2588/20/2588 2587/20/2587 2589/20/2589
f 2589/20/2589 2587/20/2587 2590/20/2590
f 2590/20/2590 2587/20/2587 2585/20/2585
f 2617/20/2617 2585/20/2585 2586/20/2586 2616/20/2616
f 2616/20/2616 2586/20/2586 2588/20/2588 2618/20/2618
f 2618/20/2618 2588/20/2588 2589/20/2589 2619/20/2619
f 2619/20/2619 2589/20/2589 2590/20/2590 2620/20/2620
f 2620/20/2620 2590/20/2590 2585/20/2585 2617/20/2617
f 2638/20/2638 2640/20/2640 2639/20/2639
f 2639/20/2639 2640/20/2640 2641/20/2641
f 2641/20/2641 2640/20/2640 2642/20/2642
f 2642/20/2642 2640/20/2640 2643/20/2643
f 2643/20/2643 2640/20/2640 2638/20/2638
f 2670/20/2670 2638/20/2638 2639/20/2639 2669/20/2669
f 2669/20/2669 2639/20/2639 2641/20/2641 2671/20/2671
f 2671/20/2671 2641/20/2641 2642/20/2642 2672/20/2672
f 2672/20/2672 2642/20/2642 2643/20/2643 2673/20/2673
f 2673/20/2673 2643/20/2643 2638/20/2638 2670/20/2670
f 2691/20/2691 2693/20/2693 2692/20/2692
f 2692/20/2692 2693/20/2693 2694/20/2694
f 2694/20/2694 2693/20/2693 2695/20/2695
f 2695/20/2695 2693/20/2693 2696/20/2696
f 2696/20/2696 2693/20/2693 2691/20/2691
f 2723/20/2723 2691/20/2691 2692/20/2692 2722/20/2722
f 2722/20/2722 2692/20/2692 2694/20/2694 2724/20/2724
f 2724/20/2724 2694/20/2694 2695/20/2695 2725/20/2725
f 2725/20/2725 2695/20/2695 2696/20/2696 2726/20/2726
f 2726/20/2726 2696/20/2696 2691/20/2691 2723/20/2723
f 2748/20/2748 2750/20/2750 2749/20/2749
f 2749/20/2749 2750/20/2750 2751/20/2751
f 2751/20/2751 2750/20/2750 2752/20/2752
f 2752/20/2752 2750/20/2750 2753/20/2753
f 2753/20/2753 2750/20/2750 2748/20/2748
f 2780/20/2780 2748/20/2748 2749/20/2749 2779/20/2779
f 2779/20/2779 2749/20/2749 2751/20/2751 2781/20/2781
f 2781/20/2781 2751/20/2751 2752/20/2752 2782/20/2782
f 2782/20/2782 2752/20/2752 2753/20/2753 2783/20/2783
f 2783/20/2783 2753/20/2753 2748/20/2748 2780/20/2780
f 2816/20/2816 2818/20/2818 2817/20/2817
f 2817/20/2817 2818/20/2818 2819/20/2819
f 2819/20/2819 2818/20/2818 2820/20/2820
f 2820/20/2820 2818/20/2818 2821/20/2821
f 2821/20/2821 2818/20/2818 2816/20/2816
f 2858/20/2858 2816/20/2816 2817/20/2817 2857/20/2857
f 2857/20/2857 2817/20/2817 2819/20/2819 2859/20/2859
f 2859/20/2859 2819/20/2819 2820/20/2820 2860/20/2860
f 2860/20/2860 2820/20/2820 2821/20/2821 2861/20/2861
f 2861/20/2861 2821/20/2821 2816/20/2816 2858/20/2858
f 2883/20/2883 2885/20/2885 2884/20/2884
f 2884/20/2884 2885/20/2885 2886/20/2886
f 2886/20/2886 2885/20/2885 2887/20/2887
f 2887/20/2887 2885/20/2885 2888/20/2888
f 2888/20/2888 2885/20/2885 2883/20/2883
f 2920/20/2920 2883/20/2883 2884/20/2884 2919/20/2919
f 2919/20/2919 2884/20/2884 2886/20/2886 2921/20/2921
f 2921/20/2921 2886/20/2886 2887/20/2887 2922/20/2922
f 2922/20/2922 2887/20/2887 2888/20/2888 2923/20/2923
f 2923/20/2923 2888/20/2888 2883/20/2883 2920/20/2920
f 2945/20/2945 2947/20/2947 2946/20/2946
f 2946/20/2946 2947/20/2947 2948/20/2948
f 2948/20/2948 2947/20/2947 2949/20/2949
f 2949/20/2949 2947/20/2947 2950/20/2950
f 2950/20/2950 2947/20/2947 2945/20/2945
f 2977/20/2977 2945/20/2945 2946/20/2946 2976/20/2976
f 2976/20/2976 2946/20/2946 2948/20/2948 2978/20/2978
f 2978/20/2978 2948/20/2948 2949/20/2949 2979/20/2979
f 2979/20/2979 2949/20/2949 2950/20/2950 2980/20/2980
f 2980/20/2980 2950/20/2950 2945/20/2945 2977/20/2977
f 2996/20/2996 2998/20/2998 2997/20/2997
f 2997/20/2997 2998/20/2998 2999/20/2999
f 2999/20/2999 2998/20/2998 3000/20/3000
f 3000/20/3000 2998/20/2998 3001/20/3001
f 3001/20/3001 2998/20/2998 2996/20/2996
f 3033/20/3033 2996/20/2996 2997/20/2997 3032/20/3032
f 3032/20/3032 2997/20/2997 2999/20/2999 3034/20/3034
f 3034/20/3034 2999/20/2999 3000/20/3000 3035/20/3035
f 3035/20/3035 3000/20/3000 3001/20/3001 3036/20/3036
f 3036/20/3036 3001/20/3001 2996/20/2996 3033/20/3033
f 3054/20/3054 3056/20/3056 3055/20/3055
f 3055/20/3055 3056/20/3056 3057/20/3057
f 3057/20/3057 3056/20/3056 3058/20/3058
f 3058/20/3058 3056/20/3056 3059/20/3059
f 3059/20/3059 3056/20/3056 3054/20/3054
f 3086/20/3086 3054/20/3054 3055/20/3055 3085/20/3085
f 3085/20/3085 3055/20/3055 3057/20/3057 3087/20/3087
f 3087/20/3087 3057/20/3057 3058/20/3058 3088/20/3088
f 3088/20/3088 3058/20/3058 3059/20/3059 3089/20/3089
f 3089/20/3089 3059/20/3059 3054/20/3054 3086/20/3086
f 3107/20/3107 3109/20/3109 3108/20/3108
f 3108/20/3108 3109/20/3109 3110/20/3110
f 3110/20/3110 3109/20/3109 3111/20/3111
f 3111/20/3111 3109/20/3109 3112/20/3112
f 3112/20/3112 3109/20/3109 3107/20/3107
f 3144/20/3144 3107/20/3107 3108/20/3108 3143/20/3143
f 3143/20/3143 3108/20/3108 3110/20/3110 3145/20/3145
f 3145/20/3145 3110/20/3110 3111/20/3111 3146/20/3146
f 3146/20/3146 3111/20/3111 3112/20/3112 3147/20/3147
f 3147/20/3147 3112/20/3112 3107/20/3107 3144/20/3144
f 3175/20/3175 3177/20/3177 3176/20/3176
f 3176/20/3176 3177/20/3177 3178/20/3178
f 3178/20/3178 3177/20/3177 3179/20/3179
f 3179/20/3179 3177/20/3177 3180/20/3180
f 3180/20/3180 3177/20/3177 3175/20/3175
f 3201/20/3201 3175/20/3175 3176/20/3176 3200/20/3200
f 3200/20/3200 3176/20/3176 3178/20/3178 3202/20/3202
f 3202/20/3202 3178/20/3178 3179/20/3179 3203/20/3203
f 3203/20/3203 3179/20/3179 3180/20/3180 3204/20/3204
f 3204/20/3204 3180/20/3180 3175/20/3175 3201/20/3201
f 3212/20/3212 3214/20/3214 3213/20/3213
f 3213/20/3213 3214/20/3214 3215/20/3215
f 3215/20/3215 3214/20/3214 3216/20/3216
f 3216/20/3216 3214/20/3214 3217/20/3217
f 3217/20/3217 3214/20/3214 3212/20/3212
f 3238/20/3238 3212/20/3212 3213/20/3213 3237/20/3237
f 3237/20/3237 3213/20/3213 3215/20/3215 3239/20/3239
f 3239/20/3239 3215/20/3215 3216/20/3216 3240/20/3240
f 3240/20/3240 3216/20/3216 3217/20/3217 3241/20/3241
f 3241/20/3241 3217/20/3217 3212/20/3212 3238/20/3238
f 3276/20/3276 3278/20/3278 3277/20/3277
f 3277/20/3277 3278/20/3278 3279/20/3279
f 3279/20/3279 3278/20/3278 3280/20/3280
f 3280/20/3280 3278/20/3278 3281/20/3281
f 3281/20/3281 3278/20/3278 3276/20/3276
f 3304/20/3304 3276/20/3276 3277/20/3277 3303/20/3303
f 3303/20/3303 3277/20/3277 3279/20/3279 3305/20/3305
f 3305/20/3305 3279/20/3279 3280/20/3280 3306/20/3306
f 3306/20/3306 3280/20/3280 3281/20/3281 3307/20/3307
f 3307/20/3307 3281/20/3281 3276/20/3276 3304/20/3304
f 3320/20/3320 3322/20/3322 3321/20/3321
f 3321/20/3321 3322/20/3322 3323/20/3323
f 3323/20/3323 3322/20/3322 3324/20/3324
f 3324/20/3324 3322/20/3322 3325/20/3325
f 3325/20/3325 3322/20/3322 3320/20/3320
f 3342/20/3342 3320/20/3320 3321/20/3321 3341/20/3341
f 3341/20/3341 3321/20/3321 3323/20/3323 3343/20/3343
f 3343/20/3343 3323/20/3323 3324/20/3324 3344/20/3344
f 3344/20/3344 3324/20/3324 3325/20/3325 3345/20/3345
f 3345/20/3345 3325/20/3325 3320/20/3320 3342/20/3342
f 3354/20/3354 3356/20/3356 3355/20/3355
f 3355/20/3355 3356/20/3356 3357/20/3357
f 3357/20/3357 3356/20/3356 3358/20/3358
f 3358/20/3358 3356/20/3356 3359/20/3359
f 3359/20/3359 3356/20/3356 3354/20/3354
f 3378/20/3378 3354/20/3354 3355/20/3355 3377/20/3377
f 3377/20/3377 3355/20/3355 3357/20/3357 3379/20/3379
f 3379/20/3379 3357/20/3357 3358/20/3358 3380/20/3380
f 3380/20/3380 3358/20/3358 3359/20/3359 3381/20/3381
f 3381/20/3381 3359/20/3359 3354/20/3354 3378/20/3378
f 3406/20/3406 3408/20/3408 3407/20/3407
f 3407/20/3407 3408/20/3408 3409/20/3409
f 3409/20/3409 3408/20/3408 3410/20/3410
f 3410/20/3410 3408/20/3408 3411/20/3411
f 3411/20/3411 3408/20/3408 3406/20/3406
f 3431/20/3431 3406/20/3406 3407/20/3407 3430/20/3430
f 3430/20/3430 3407/20/3407 3409/20/3409 3432/20/3432
f 3432/20/3432 3409/20/3409 3410/20/3410 3433/20/3433
f 3433/20/3433 3410/20/3410 3411/20/3411 3434/20/3434
f 3434/20/3434 3411/20/3411 3406/20/3406 3431/20/3431
f 3450/20/3450 3452/20/3452 3451/20/3451
f 3451/20/3451 3452/20/3452 3453/20/3453
f 3453/20/3453 3452/20/3452 3454/20/3454
f 3454/20/3454 3452/20/3452 3455/20/3455
f 3455/20/3455 3452/20/3452 3450/20/3450
f 3485/20/3485 3450/20/3450 3451/20/3451 3484/20/3484
f 3484/20/3484 3451/20/3451 3453/20/3453 3486/20/3486
f 3486/20/3486 3453/20/3453 3454/20/3454 3487/20/3487
f 3487/20/3487 3454/20/3454 3455/20/3455 3488/20/3488
f 3488/20/3488 3455/20/3455 3450/20/3450 3485/20/3485
f 3497/20/3497 3499/20/3499 3498/20/3498
f 3498/20/3498 3499/20/3499 3500/20/3500
f 3500/20/3500 3499/20/3499 3501/20/3501
f 3501/20/3501 3499/20/3499 3502/20/3502
f 3502/20/3502 3499/20/3499 3497/20/3497
f 3516/20/3516 3497/20/3497 3498/20/3498 3515/20/3515
f 3515/20/3515 3498/20/3498 3500/20/3500 3518/20/3518
f 3518/20/3518 3500/20/3500 3501/20/3501 3519/20/3519
f 3519/20/3519 3501/20/3501 3502/20/3502 3520/20/3520
f 3520/20/3520 3502/20/3502 3497/20/3497 3516/20/3516
f 3529/20/3529 3531/20/3531 3530/20/3530
f 3530/20/3530 3531/20/3531 3532/20/3532
f 3532/20/3532 3531/20/3531 3533/20/3533
f 3533/20/3533 3531/20/3531 3534/20/3534
f 3534/20/3534 3531/20/3531 3529/20/3529
f 3562/20/3562 3529/20/3529 3530/20/3530 3561/20/3561
f 3561/20/3561 3530/20/3530 3532/20/3532 3563/20/3563
f 3563/20/3563 3532/20/3532 3533/20/3533 3564/20/3564
f 3564/20/3564 3533/20/3533 3534/20/3534 3565/20/3565
f 3565/20/3565 3534/20/3534 3529/20/3529 3562/20/3562
f 3582/20/3582 3584/20/3584 3583/20/3583
f 3583/20/3583 3584/20/3584 3585/20/3585
f 3585/20/3585 3584/20/3584 3586/20/3586
f 3586/20/3586 3584/20/3584 3587/20/3587
f 3587/20/3587 3584/20/3584 3582/20/3582
f 3615/20/3615 3582/20/3582 3583/20/3583 3614/20/3614
f 3614/20/3614 3583/20/3583 3585/20/3585 3616/20/3616
f 3616/20/3616 3585/20/3585 3586/20/3586 3617/20/3617
f 3617/20/3617 3586/20/3586 3587/20/3587 3618/20/3618
f 3618/20/3618 3587/20/3587 3582/20/3582 3615/20/3615
f 3633/20/3633 3635/20/3635 3634/20/3634
f 3634/20/3634 3635/20/3635 3636/20/3636
f 3636/20/3636 3635/20/3635 3637/20/3637
f 3637/20/3637 3635/20/3635 3638/20/3638
f 3638/20/3638 3635/20/3635 3633/20/3633
f 3666/20/3666 3633/20/3633 3634/20/3634 3665/20/3665
f 3665/20/3665 3634/20/3634 3636/20/3636 3667/20/3667
f 3667/20/3667 3636/20/3636 3637/20/3637 3668/20/3668
f 3668/20/3668 3637/20/3637 3638/20/3638 3669/20/3669
f 3669/20/3669 3638/20/3638 3633/20/3633 3666/20/3666
f 3685/20/3685 3687/20/3687 3686/20/3686
f 3686/20/3686 3687/20/3687 3688/20/3688
f 3688/20/3688 3687/20/3687 3689/20/3689
f 3689/20/3689 3687/20/3687 3690/20/3690
f 3690/20/3690 3687/20/3687 3685/20/3685
f 3729/20/3729 3685/20/3685 3686/20/3686 3728/20/3728
f 3728/20/3728 3686/20/3686 3688/20/3688 3730/20/3730
f 3730/20/3730 3688/20/3688 3689/20/3689 3731/20/3731
f 3731/20/3731 3689/20/3689 3690/20/3690 3732/20/3732
f 3732/20/3732 3690/20/3690 3685/20/3685 3729/20/3729
f 3747/20/3747 3749/20/3749 3748/20/3748
f 3748/20/3748 3749/20/3749 3750/20/3750
f 3750/20/3750 3749/20/3749 3751/20/3751
f 3751/20/3751 3749/20/3749 3752/20/3752
f 3752/20/3752 3749/20/3749 3747/20/3747
f 3790/20/3790 3747/20/3747 3748/20/3748 3789/20/3789
f 3789/20/3789 3748/20/3748 3750/20/3750 3791/20/3791
f 3791/20/3791 3750/20/3750 3751/20/3751 3792/20/3792
f 3792/20/3792 3751/20/3751 3752/20/3752 3793/20/3793
f 3793/20/3793 3752/20/3752 3747/20/3747 3790/20/3790
f 3807/20/3807 3809/20/3809 3808/20/3808
f 3808/20/3808 3809/20/3809 3810/20/3810
f 3810/20/3810 3809/20/3809 3811/20/3811
f 3811/20/3811 3809/20/3809 3812/20/3812
f 3812/20/3812 3809/20/3809 3807/20/3807
f 3844/20/3844 3807/20/3807 3808/20/3808 3843/20/3843
f 3843/20/3843 3808/20/3808 3810/20/3810 3845/20/3845
f 3845/20/3845 3810/20/3810 3811/20/3811 3846/20/3846
f 3846/20/3846 3811/20/3811 3812/20/3812 3847/20/3847
f 3847/20/3847 3812/20/3812 3807/20/3807 3844/20/3844
f 3862/20/3862 3864/20/3864 3863/20/3863
f 3863/20/3863 3864/20/3864 3865/20/3865
f 3865/20/3865 3864/20/3864 3866/20/3866
f 3866/20/3866 3864/20/3864 3867/20/3867
f 3867/20/3867 3864/20/3864 3862/20/3862
f 3900/20/3900 3862/20/3862 3863/20/3863 3899/20/3899
f 3899/20/3899 3863/20/3863 3865/20/3865 3901/20/3901
f 3901/20/3901 3865/20/3865 3866/20/3866 3902/20/3902
f 3902/20/3902 3866/20/3866 3867/20/3867 3903/20/3903
f 3903/20/3903 3867/20/3867 3862/20/3862 3900/20/3900
f 4175/20/4175 4177/20/4177 4176/20/4176
f 4176/20/4176 4177/20/4177 4178/20/4178
f 4178/20/4178 4177/20/4177 4179/20/4179
f 4179/20/4179 4177/20/4177 4180/20/4180
f 4180/20/4180 4177/20/4177 4175/20/4175
f 4184/20/4184 4175/20/4175 4176/20/4176 4183/20/4183
f 4183/20/4183 4176/20/4176 4178/20/4178 4186/20/4186
f 4186/20/4186 4178/20/4178 4179/20/4179 4188/20/4188
f 4188/20/4188 4179/20/4179 4180/20/4180 4190/20/4190
f 4190/20/4190 4180/20/4180 4175/20/4175 4184/20/4184
f 4244/20/4244 4246/20/4246 4245/20/4245
f 4245/20/4245 4246/20/4246 4247/20/4247
f 4247/20/4247 4246/20/4246 4248/20/4248
f 4248/20/4248 4246/20/4246 4249/20/4249
f 4249/20/4249 4246/20/4246 4244/20/4244
f 4266/20/4266 4244/20/4244 4245/20/4245 4265/20/4265
f 4265/20/4265 4245/20/4245 4247/20/4247 4267/20/4267
f 4267/20/4267 4247/20/4247 4248/20/4248 4268/20/4268
f 4268/20/4268 4248/20/4248 4249/20/4249 4269/20/4269
f 4269/20/4269 4249/20/4249 4244/20/4244 4266/20/4266
f 4291/20/4291 4293/20/4293 4292/20/4292
f 4292/20/4292 4293/20/4293 4294/20/4294
f 4294/20/4294 4293/20/4293 4295/20/4295
f 4295/20/4295 4293/20/4293 4296/20/4296
f 4296/20/4296 4293/20/4293 4291/20/4291
f 4324/20/4324 4291/20/4291 4292/20/4292 4323/20/4323
f 4323/20/4323 4292/20/4292 4294/20/4294 4325/20/4325
f 4325/20/4325 4294/20/4294 4295/20/4295 4326/20/4326
f 4326/20/4326 4295/20/4295 4296/20/4296 4327/20/4327
f 4327/20/4327 4296/20/4296 4291/20/4291 4324/20/4324
f 4445/20/4445 4447/20/4447 4446/20/4446
f 4446/20/4446 4447/20/4447 4448/20/4448
f 4448/20/4448 4447/20/4447 4449/20/4449
f 4449/20/4449 4447/20/4447 4450/20/4450
f 4450/20/4450 4447/20/4447 4445/20/4445
f 4462/20/4462 4445/20/4445 4446/20/4446 4461/20/4461
f 4461/20/4461 4446/20/4446 4448/20/4448 4463/20/4463
f 4463/20/4463 4448/20/4448 4449/20/4449 4464/20/4464
f 4464/20/4464 4449/20/4449 4450/20/4450 4465/20/4465
f 4465/20/4465 4450/20/4450 4445/20/4445 4462/20/4462
f 4532/20/4532 4534/20/4534 4533/20/4533
f 4533/20/4533 4534/20/4534 4535/20/4535
f 4535/20/4535 4534/20/4534 4536/20/4536
f 4536/20/4536 4534/20/4534 4537/20/4537
f 4537/20/4537 4534/20/4534 4532/20/4532
f 4564/20/4564 4532/20/4532 4533/20/4533 4563/20/4563
f 4563/20/4563 4533/20/4533 4535/20/4535 4565/20/4565
f 4565/20/4565 4535/20/4535 4536/20/4536 4566/20/4566
f 4566/20/4566 4536/20/4536 4537/20/4537 4567/20/4567
f 4567/20/4567 4537/20/4537 4532/20/4532 4564/20/4564
f 4630/20/4630 4632/20/4632 4631/20/4631
f 4631/20/4631 4632/20/4632 4633/20/4633
f 4633/20/4633 4632/20/4632 4634/20/4634
f 4634/20/4634 4632/20/4632 4635/20/4635
f 4635/20/4635 4632/20/4632 4630/20/4630
f 4664/20/4664 4630/20/4630 4631/20/4631 4663/20/4663
f 4663/20/4663 4631/20/4631 4633/20/4633 4665/20/4665
f 4665/20/4665 4633/20/4633 4634/20/4634 4666/20/4666
f 4666/20/4666 4634/20/4634 4635/20/4635 4667/20/4667
f 4667/20/4667 4635/20/4635 4630/20/4630 4664/20/4664
g all_branches level2 manual_prune tree_branch_generator2
usemtl /obj/geo1/tree_controller1/matnet1/labs_shader1
f 1173/1110/1173 1176/1111/1176 1175/1112/1175 1174/1113/1174
f 1174/1113/1174 1175/1112/1175 1178/1114/1178 1177/1115/1177
f 1177/1115/1177 1178/1114/1178 1180/1116/1180 1179/1117/1179
f 1179/1117/1179 1180/1116/1180 1182/1118/1182 1181/1119/1181
f 1181/1119/1181 1182/1118/1182 1176/1120/1176 1173/1121/1173
f 1176/1111/1176 1184/1122/1184 1183/1123/1183 1175/1112/1175
f 1175/1112/1175 1183/1123/1183 1185/1124/1185 1178/1114/1178
f 1178/1114/1178 1185/1124/1185 1186/1125/1186 1180/1116/1180
f 1180/1116/1180 1186/1125/1186 1187/1126/1187 1182/1118/1182
f 1182/1118/1182 1187/1126/1187 1184/1127/1184 1176/1120/1176
f 1188/1128/1188 1191/1129/1191 1190/1130/1190 1173/1110/1173 1174/1113/1174 1189/1131/1189
f 1192/1132/1192 1193/1133/1193 1189/1134/1189 1174/1113/1174 1177/1115/1177
f 1194/1135/1194 1197/1136/1197 1196/1137/1196 1192/1138/1192 1177/1115/1177 1179/1117/1179 1195/1139/1195
f 1198/1140/1198 1195/1141/1195 1179/1117/1179 1181/1119/1181
f 1199/1142/1199 1198/1143/1198 1181/1119/1181 1173/1121/1173 1190/1144/1190 1200/1145/1200
f 1207/1/1207 1210/1146/1210 1209/1147/1209 1208/1148/1208
f 1208/1148/1208 1209/1147/1209 1212/1149/1212 1211/1150/1211
f 1213/1151/1213 1220/1152/1220 1219/1153/1219 1218/1154/1218 1217/1155/1217 1216/1156/1216 1215/1157/1215 1214/1158/1214 1211/1159/1211 1212/1149/1212
f 1221/1160/1221 1222/1161/1222 1210/1162/1210 1207/20/1207
f 1210/1146/1210 1224/1163/1224 1223/1164/1223 1209/1147/1209
f 1209/1147/1209 1223/1164/1223 1225/1165/1225 1212/1149/1212
f 1212/1149/1212 1225/1165/1225 1226/1166/1226 1213/1151/1213
f 1213/1151/1213 1226/1166/1226 1227/1167/1227 1222/1161/1222
f 1222/1161/1222 1227/1167/1227 1224/1168/1224 1210/1162/1210
f 1224/1163/1224 1229/1169/1229 1228/1170/1228 1223/1164/1223
f 1223/1164/1223 1228/1170/1228 1230/1171/1230 1225/1165/1225
f 1225/1165/1225 1230/1171/1230 1231/1172/1231 1226/1166/1226
f 1226/1166/1226 1231/1172/1231 1232/1173/1232 1227/1167/1227
f 1227/1167/1227 1232/1173/1232 1229/1174/1229 1224/1168/1224
f 1222/1161/1222 1221/1160/1221 1233/1175/1233 1220/1176/1220 1213/1151/1213
f 1240/1177/1240 1243/1178/1243 1242/1179/1242 1241/1180/1241
f 1241/1180/1241 1242/1179/1242 1245/1181/1245 1244/1182/1244
f 1244/1182/1244 1245/1181/1245 1247/1183/1247 1246/1184/1246
f 1246/1184/1246 1247/1183/1247 1249/1185/1249 1248/1186/1248
f 1248/1186/1248 1249/1185/1249 1243/1187/1243 1240/1188/1240
f 1243/1178/1243 1251/481/1251 1250/1189/1250 1242/1179/1242
f 1242/1179/1242 1250/1189/1250 1252/1190/1252 1245/1181/1245
f 1245/1181/1245 1252/1190/1252 1253/1191/1253 1247/1183/1247
f 1247/1183/1247 1253/1191/1253 1254/1192/1254 1249/1185/1249
f 1249/1185/1249 1254/1192/1254 1251/490/1251 1243/1187/1243
f 1255/1193/1255 1256/1194/1256 1240/1177/1240 1241/1180/1241
f 1257/1195/1257 1259/1196/1259 1258/1197/1258 1255/1198/1255 1241/1180/1241 1244/1182/1244
f 1260/1199/1260 1263/1200/1263 1257/1201/1257 1244/1182/1244 1246/1184/1246 1262/1202/1262 1261/1203/1261
f 1264/1204/1264 1267/1205/1267 1262/1206/1262 1246/1184/1246 1248/1186/1248 1266/1207/1266 1265/1208/1265
f 1268/1209/1268 1269/1210/1269 1266/1211/1266 1248/1186/1248 1240/1188/1240 1256/1212/1256
f 1276/1213/1276 1279/1214/1279 1278/1215/1278 1277/1216/1277
f 1277/1216/1277 1278/1215/1278 1281/1217/1281 1280/1218/1280
f 1280/1218/1280 1281/1217/1281 1283/1219/1283 1282/1220/1282
f 1282/1220/1282 1283/1219/1283 1285/1221/1285 1284/1222/1284
f 1284/1222/1284 1285/1221/1285 1279/1223/1279 1276/1224/1276
f 1279/1214/1279 1287/1122/1287 1286/1123/1286 1278/1215/1278
f 1278/1215/1278 1286/1123/1286 1288/1124/1288 1281/1217/1281
f 1281/1217/1281 1288/1124/1288 1289/1125/1289 1283/1219/1283
f 1283/1219/1283 1289/1125/1289 1290/1126/1290 1285/1221/1285
f 1285/1221/1285 1290/1126/1290 1287/1127/1287 1279/1223/1279
f 1291/1225/1291 1297/1226/1297 1296/1227/1296 1295/1228/1295 1294/1229/1294 1293/1230/1293 1276/1213/1276 1277/1216/1277 1292/1231/1292
f 1298/1232/1298 1292/1233/1292 1277/1216/1277 1280/1218/1280
f 1299/1234/1299 1304/1235/1304 1298/1236/1298 1280/1218/1280 1282/1220/1282 1303/1237/1303 1302/1238/1302 1301/1239/1301 1300/1240/1300
f 1305/1241/1305 1308/1242/1308 1307/1243/1307 1303/1244/1303 1282/1220/1282 1284/1222/1284 1306/1245/1306
f 1293/1246/1293 1311/1247/1311 1310/1248/1310 1309/1249/1309 1306/1250/1306 1284/1222/1284 1276/1224/1276
f 1323/1251/1323 1324/1252/1324 1318/784/1318 1319/1253/1319
f 1325/1254/1325 1323/1255/1323 1319/1253/1319 1320/1256/1320 1326/1257/1326
f 1327/1258/1327 1329/1259/1329 1326/1260/1326 1320/1256/1320 1321/1261/1321 1328/1262/1328
f 1330/1263/1330 1328/1264/1328 1321/1261/1321 1322/1265/1322
f 1331/1266/1331 1333/1267/1333 1332/1268/1332 1330/1269/1330 1322/1265/1322 1318/793/1318 1324/1270/1324
f 1340/1271/1340 1345/1272/1345 1344/1273/1344 1343/1274/1343 1342/1148/1342 1341/1275/1341
f 1346/1276/1346 1348/1277/1348 1347/1278/1347 1341/1275/1341
f 1341/1275/1341 1347/1278/1347 1349/1279/1349 1340/1271/1340
f 1340/1271/1340 1349/1279/1349 1351/1280/1351 1350/1281/1350
f 1350/1281/1350 1351/1280/1351 1353/1282/1353 1352/1283/1352
f 1352/1283/1352 1353/1282/1353 1348/1284/1348 1346/1285/1346
f 1348/1277/1348 1355/784/1355 1354/1253/1354 1347/1278/1347
f 1347/1278/1347 1354/1253/1354 1356/1256/1356 1349/1279/1349
f 1349/1279/1349 1356/1256/1356 1357/1261/1357 1351/1280/1351
f 1351/1280/1351 1357/1261/1357 1358/1265/1358 1353/1282/1353
f 1353/1282/1353 1358/1265/1358 1355/793/1355 1348/1284/1348
f 1359/1286/1359 1363/1287/1363 1362/1288/1362 1346/1276/1346 1341/1275/1341 1342/1148/1342 1361/1289/1361 1360/1290/1360
f 1350/1281/1350 1366/1291/1366 1365/1292/1365 1328/1293/1328 1330/1294/1330 1364/1295/1364 1345/1296/1345 1340/1271/1340
f 1367/1297/1367 1366/1298/1366 1350/1281/1350 1352/1283/1352 1371/1299/1371 1370/1300/1370 1369/1301/1369 1368/1302/1368
f 1372/1303/1372 1371/1304/1371 1352/1283/1352 1346/1285/1346 1362/1305/1362 1374/1306/1374 1373/1307/1373
f 1330/1294/1330 1328/1293/1328 1327/1292/1327 1332/1295/1332
f 1375/1308/1375 1376/1258/1376 1328/1262/1328
f 1377/1309/1377 1375/1310/1375 1328/1264/1328 1330/1263/1330
f 1378/1268/1378 1377/1311/1377 1330/1269/1330
f 1385/1312/1385 1388/1313/1388 1387/1314/1387 1386/1315/1386
f 1386/1315/1386 1387/1314/1387 1390/1316/1390 1389/1317/1389
f 1391/1318/1391 1395/1319/1395 1394/1320/1394 1393/1321/1393 1392/1322/1392 1389/1317/1389 1390/1316/1390
f 1388/1313/1388 1397/1323/1397 1396/1324/1396 1387/1314/1387
f 1387/1314/1387 1396/1324/1396 1398/1325/1398 1390/1316/1390
f 1390/1316/1390 1398/1325/1398 1399/1326/1399 1391/1318/1391
f 1391/1318/1391 1399/1326/1399 1401/1327/1401 1400/1328/1400
f 1400/1328/1400 1401/1327/1401 1397/1329/1397 1388/1330/1388
f 1402/1331/1402 1406/1332/1406 1405/1333/1405 1385/1312/1385 1386/1315/1386 1404/1334/1404 1403/1335/1403
f 1407/1336/1407 1404/1337/1404 1386/1315/1386 1389/1317/1389 1409/1338/1409 1408/1339/1408
f 1392/1322/1392 1413/1340/1413 1412/1341/1412 1411/1342/1411 1410/1343/1410 1409/1344/1409 1389/1317/1389
f 1414/1345/1414 1413/1346/1413 1392/1322/1392 1418/1347/1418 1417/1348/1417 1416/1349/1416 1415/1350/1415
f 1419/1351/1419 1414/1352/1414 1415/1350/1415 1385/1353/1385 1405/1354/1405 1420/1355/1420
f 1421/1356/1421 1418/1357/1418 1392/1322/1392 1393/1358/1393
f 1415/1350/1415 1416/1359/1416 1422/1360/1422
f 1400/1328/1400 1423/1361/1423 1395/1362/1395 1391/1318/1391
f 1424/1363/1424 1423/1364/1423 1400/1328/1400 1388/1330/1388 1385/1353/1385 1415/1350/1415 1422/1365/1422
f 1425/1366/1425 1431/1367/1431 1430/1368/1430 1429/1369/1429 1428/1370/1428 1427/1371/1427 1426/1372/1426
f 1432/1373/1432 1434/1374/1434 1433/1375/1433 1428/1376/1428 1429/1377/1429
f 1435/1378/1435 1441/1379/1441 1440/1380/1440 1439/1381/1439 1438/1382/1438 1437/1383/1437 1436/1384/1436
f 1442/1385/1442 1435/1386/1435 1436/1387/1436
f 1449/1388/1449 1417/1389/1417 1418/1390/1418 1421/1391/1421 1451/1392/1451 1450/1393/1450
f 1450/1393/1450 1451/1392/1451 1453/1394/1453 1452/1395/1452
f 1452/1395/1452 1453/1394/1453 1455/1396/1455 1454/1397/1454
f 1454/1397/1454 1455/1396/1455 1457/1398/1457 1456/1399/1456
f 1451/1392/1451 1459/1171/1459 1458/1172/1458 1453/1394/1453
f 1453/1394/1453 1458/1172/1458 1460/1173/1460 1455/1396/1455
f 1455/1396/1455 1460/1173/1460 1461/1174/1461 1457/1398/1457
f 1464/1148/1464 1465/1/1465 1481/1400/1481 1480/1401/1480 1479/1402/1479 1478/1403/1478 1477/1404/1477 1476/1405/1476 1475/1406/1475 1474/1407/1474 1473/1408/1473 1472/1409/1472 1471/1410/1471 1470/1411/1470 1469/1412/1469
f 1482/1407/1482 1502/1406/1502 1501/1405/1501 1500/1404/1500 1499/1403/1499 1498/1402/1498 1497/1401/1497 1496/1400/1496 1495/1413/1495 1494/1414/1494 1493/1413/1493 1492/1415/1492 1491/1416/1491 1490/1417/1490 1489/1418/1489 1488/1419/1488 1487/1412/1487 1486/1411/1486 1485/1410/1485 1484/1409/1484 1483/1408/1483
f 1426/1372/1426 1427/1371/1427 1428/1370/1428 1456/1420/1456 1449/1388/1449 1504/1421/1504 1503/1366/1503
f 1505/1422/1505 1463/1423/1463 1464/1424/1464 1469/1425/1469 1506/1426/1506
f 1507/1426/1507 1487/1425/1487 1488/1427/1488 1510/1428/1510 1509/1429/1509 1508/1422/1508
f 1511/1430/1511 1512/1431/1512 1504/1432/1504 1449/1388/1449 1450/1393/1450
f 1437/1383/1437 1515/1382/1515 1514/1433/1514 1513/1434/1513 1511/1435/1511 1450/1393/1450 1452/1395/1452 1436/1384/1436
f 1516/1436/1516 1468/1437/1468 1463/1150/1463 1505/1438/1505 1517/1439/1517
f 1518/1440/1518 1526/1441/1526 1525/1442/1525 1524/1443/1524 1523/1444/1523 1522/1445/1522 1521/1437/1521 1520/1436/1520 1519/1439/1519 1508/1438/1508 1509/1446/1509
f 1527/1441/1527 1532/1447/1532 1531/1380/1531 1441/1379/1441 1435/1378/1435 1530/1444/1530 1529/1443/1529 1528/1442/1528
f 1454/1397/1454 1466/1160/1466 1467/1448/1467 1543/1449/1543 1542/1450/1542 1541/1451/1541 1540/1452/1540 1539/1453/1539 1538/1454/1538 1537/1455/1537 1536/1456/1536 1535/1457/1535 1534/1458/1534 1533/1459/1533 1530/1460/1530 1435/1386/1435 1442/1385/1442 1436/1387/1436 1452/1395/1452
f 1522/1445/1522 1523/1460/1523 1555/1459/1555 1554/1458/1554 1553/1457/1553 1552/1456/1552 1551/1455/1551 1550/1454/1550 1549/1453/1549 1548/1452/1548 1547/1451/1547 1546/1450/1546 1545/1449/1545 1544/1448/1544
f 1556/1461/1556 1495/1462/1495 1496/1463/1496 1567/1464/1567 1566/1465/1566 1565/1466/1565 1564/1467/1564 1563/1468/1563 1562/1469/1562 1561/1470/1561 1560/1471/1560 1559/1472/1559 1558/1473/1558 1557/1474/1557
f 1466/1160/1466 1454/1397/1454 1456/1399/1456 1428/1376/1428 1433/1375/1433 1434/1374/1434 1582/1373/1582 1581/1475/1581 1580/1476/1580 1492/1477/1492 1493/1462/1493 1579/1461/1579 1578/1474/1578 1577/1473/1577 1576/1472/1576 1575/1471/1575 1574/1470/1574 1573/1469/1573 1572/1468/1572 1571/1467/1571 1570/1466/1570 1569/1465/1569 1568/1464/1568 1481/1463/1481 1465/20/1465
f 1456/1420/1456 1457/1478/1457 1424/1479/1424 1422/1480/1422 1416/1481/1416 1417/1482/1417 1449/1388/1449
f 1462/1170/1462 1394/1483/1394 1395/1484/1395 1423/1485/1423 1424/1486/1424 1457/1478/1457 1461/1169/1461
f 1451/1392/1451 1421/1487/1421 1393/1488/1393 1394/1489/1394 1462/1170/1462 1459/1171/1459
f 1583/1490/1583 1417/1482/1417 1416/1481/1416 1422/1480/1422 1424/1479/1424
f 1583/1490/1583 1421/1391/1421 1418/1390/1418 1417/1389/1417
f 1424/1486/1424 1423/1485/1423 1395/1484/1395 1394/1483/1394 1583/1490/1583
f 1393/1488/1393 1421/1487/1421 1583/1490/1583 1394/1489/1394
f 1584/1491/1584 1590/1492/1590 1589/1493/1589 1588/1494/1588 1587/1495/1587 1586/1496/1586 1585/1497/1585
f 1428/1498/1428 1427/1499/1427 1593/1500/1593 1592/1501/1592 1591/1502/1591 1590/1503/1590 1584/1491/1584 1433/1504/1433
f 1426/1505/1426 1596/1506/1596 1595/1507/1595 1594/1508/1594 1593/1509/1593 1427/1499/1427
f 1597/1510/1597 1600/1511/1600 1596/1512/1596 1426/1513/1426 1599/1514/1599 1598/1515/1598
f 1601/1516/1601 1602/1517/1602 1597/1518/1597 1598/1519/1598 1588/1520/1588 1589/1521/1589
f 1434/1522/1434 1584/1491/1584 1585/1523/1585 1603/1524/1603
f 1433/1525/1433 1584/1491/1584 1434/1526/1434
f 1604/1527/1604 1427/1499/1427 1428/1498/1428 1433/1504/1433
f 1605/1528/1605 1426/1505/1426 1427/1499/1427 1604/1527/1604 1607/1529/1607 1606/1530/1606
f 1426/1513/1426 1605/1531/1605 1503/1514/1503
f 1608/1532/1608 1609/1533/1609 1441/1534/1441 1435/1535/1435 1442/1536/1442 1434/1522/1434 1582/1524/1582
f 1442/1537/1442 1436/1538/1436 1437/1539/1437 1604/1527/1604 1433/1525/1433 1434/1526/1434
f 1610/1540/1610 1611/1541/1611 1607/1542/1607 1604/1527/1604 1437/1543/1437 1515/1544/1515
f 1612/1545/1612 1531/1546/1531 1441/1547/1441 1609/1548/1609
f 1613/1549/1613 1615/1550/1615 1614/1551/1614 1442/1536/1442 1435/1535/1435 1441/1534/1441
f 1436/1538/1436 1442/1537/1442 1614/1552/1614 1617/1553/1617 1616/1554/1616 1437/1539/1437
f 1618/1544/1618 1437/1543/1437 1616/1555/1616 1622/1556/1622 1621/1557/1621 1620/1558/1620 1619/1559/1619
f 1623/1560/1623 1619/1561/1619 1620/1562/1620 1625/1563/1625 1624/1564/1624
f 1441/1547/1441 1628/1546/1628 1624/1565/1624 1625/1566/1625 1627/1567/1627 1626/1568/1626 1613/1569/1613
f 1418/1347/1418 1416/1349/1416 1417/1348/1417
f 1394/1320/1394 1395/1319/1395 1393/1321/1393
f 1416/1359/1416 1418/1357/1418 1421/1356/1421 1393/1358/1393 1395/1362/1395 1423/1361/1423 1422/1360/1422
f 1424/1363/1424 1422/1365/1422 1423/1364/1423
f 1635/1570/1635 1638/161/1638 1637/1571/1637 1636/1572/1636
f 1636/1572/1636 1637/1571/1637 1640/1573/1640 1639/1574/1639
f 1639/1574/1639 1640/1573/1640 1642/1575/1642 1641/1576/1641
f 1641/1576/1641 1642/1575/1642 1644/1577/1644 1643/1578/1643
f 1643/1578/1643 1644/1577/1644 1638/170/1638 1635/1579/1635
f 1645/1580/1645 1647/1581/1647 1646/1582/1646 1635/1570/1635 1636/1572/1636
f 1648/1583/1648 1645/1584/1645 1636/1572/1636 1639/1574/1639 1649/1585/1649
f 1650/1586/1650 1649/1587/1649 1639/1574/1639 1641/1576/1641 1653/1588/1653 1652/1589/1652 1651/1590/1651
f 1654/1591/1654 1653/1592/1653 1641/1576/1641 1643/1578/1643
f 1655/1593/1655 1657/1594/1657 1656/1595/1656 1654/1596/1654 1643/1578/1643 1635/1597/1635 1646/1598/1646
f 1664/1599/1664 1667/1600/1667 1666/1601/1666 1665/1602/1665
f 1665/1602/1665 1666/1601/1666 1669/1603/1669 1668/1604/1668
f 1668/1604/1668 1669/1603/1669 1671/1605/1671 1670/1606/1670
f 1670/1606/1670 1671/1605/1671 1673/1607/1673 1672/1608/1672
f 1672/1608/1672 1673/1607/1673 1667/1609/1667 1664/1610/1664
f 1667/1600/1667 1675/1611/1675 1674/1612/1674 1666/1601/1666
f 1666/1601/1666 1674/1612/1674 1676/1613/1676 1669/1603/1669
f 1669/1603/1669 1676/1613/1676 1677/1614/1677 1671/1605/1671
f 1671/1605/1671 1677/1614/1677 1678/1615/1678 1673/1607/1673
f 1673/1607/1673 1678/1615/1678 1675/1616/1675 1667/1609/1667
f 1675/1611/1675 1680/1617/1680 1679/1618/1679 1674/1612/1674
f 1674/1612/1674 1679/1618/1679 1681/1619/1681 1676/1613/1676
f 1676/1613/1676 1681/1619/1681 1682/1620/1682 1677/1614/1677
f 1677/1614/1677 1682/1620/1682 1683/1621/1683 1678/1615/1678
f 1678/1615/1678 1683/1621/1683 1680/1622/1680 1675/1616/1675
f 1680/1617/1680 1685/1623/1685 1684/1624/1684 1679/1618/1679
f 1679/1618/1679 1684/1624/1684 1686/1625/1686 1681/1619/1681
f 1681/1619/1681 1686/1625/1686 1687/1626/1687 1682/1620/1682
f 1682/1620/1682 1687/1626/1687 1688/1627/1688 1683/1621/1683
f 1683/1621/1683 1688/1627/1688 1685/1628/1685 1680/1622/1680
f 1685/1623/1685 1690/1629/1690 1689/1630/1689 1684/1624/1684
f 1684/1624/1684 1689/1630/1689 1691/1631/1691 1686/1625/1686
f 1686/1625/1686 1691/1631/1691 1692/1632/1692 1687/1626/1687
f 1687/1626/1687 1692/1632/1692 1693/1633/1693 1688/1627/1688
f 1688/1627/1688 1693/1633/1693 1690/1634/1690 1685/1628/1685
f 1690/1629/1690 1695/1635/1695 1694/1636/1694 1689/1630/1689
f 1689/1630/1689 1694/1636/1694 1696/1637/1696 1691/1631/1691
f 1691/1631/1691 1696/1637/1696 1697/1638/1697 1692/1632/1692
f 1692/1632/1692 1697/1638/1697 1698/1639/1698 1693/1633/1693
f 1693/1633/1693 1698/1639/1698 1695/1640/1695 1690/1634/1690
f 1699/1641/1699 1703/1642/1703 1664/1599/1664 1665/1602/1665 1702/1643/1702 1701/1644/1701 1700/1645/1700
f 1704/1646/1704 1705/1647/1705 1702/1648/1702 1665/1602/1665 1668/1604/1668
f 1670/1606/1670 1709/1649/1709 1708/1650/1708 1707/1651/1707 1706/1652/1706 1704/1653/1704 1668/1604/1668
f 1710/1654/1710 1712/1655/1712 1709/1656/1709 1670/1606/1670 1672/1608/1672 1711/1657/1711
f 1713/1658/1713 1715/1659/1715 1711/1660/1711 1672/1608/1672 1664/1610/1664 1703/1661/1703 1714/1662/1714
f 1722/1663/1722 1725/1664/1725 1724/1665/1724 1723/1666/1723
f 1723/1666/1723 1724/1665/1724 1727/1667/1727 1726/1668/1726
f 1726/1668/1726 1727/1667/1727 1729/1669/1729 1728/1670/1728
f 1728/1670/1728 1729/1669/1729 1731/1671/1731 1730/1672/1730
f 1730/1672/1730 1731/1671/1731 1725/1673/1725 1722/1674/1722
f 1725/1664/1725 1733/1675/1733 1732/1676/1732 1724/1665/1724
f 1724/1665/1724 1732/1676/1732 1734/1677/1734 1727/1667/1727
f 1727/1667/1727 1734/1677/1734 1735/1678/1735 1729/1669/1729
f 1729/1669/1729 1735/1678/1735 1736/1679/1736 1731/1671/1731
f 1731/1671/1731 1736/1679/1736 1733/1680/1733 1725/1673/1725
f 1733/1675/1733 1738/1681/1738 1737/1682/1737 1732/1676/1732
f 1732/1676/1732 1737/1682/1737 1739/1683/1739 1734/1677/1734
f 1734/1677/1734 1739/1683/1739 1740/1684/1740 1735/1678/1735
f 1735/1678/1735 1740/1684/1740 1741/1685/1741 1736/1679/1736
f 1736/1679/1736 1741/1685/1741 1738/1686/1738 1733/1680/1733
f 1738/1681/1738 1743/1635/1743 1742/1636/1742 1737/1682/1737
f 1737/1682/1737 1742/1636/1742 1744/1637/1744 1739/1683/1739
f 1739/1683/1739 1744/1637/1744 1745/1638/1745 1740/1684/1740
f 1740/1684/1740 1745/1638/1745 1746/1639/1746 1741/1685/1741
f 1741/1685/1741 1746/1639/1746 1743/1640/1743 1738/1686/1738
f 1747/1687/1747 1750/1688/1750 1722/1663/1722 1723/1666/1723 1749/1689/1749 1748/1690/1748
f 1751/1691/1751 1749/1692/1749 1723/1666/1723 1726/1668/1726 1752/1693/1752
f 1753/1694/1753 1757/1695/1757 1756/1696/1756 1755/1697/1755 1752/1698/1752 1726/1668/1726 1728/1670/1728 1754/1699/1754
f 1758/1700/1758 1754/1701/1754 1728/1670/1728 1730/1672/1730 1759/1702/1759
f 1760/1703/1760 1759/1704/1759 1730/1672/1730 1722/1674/1722 1750/1705/1750 1761/1706/1761
f 1768/1707/1768 1775/1708/1775 1774/1709/1774 1773/1710/1773 1772/1711/1772 1771/1712/1771 1770/1/1770 1769/1713/1769
f 1769/1713/1769 1777/1714/1777 1776/1715/1776 1768/1707/1768
f 1768/1707/1768 1776/1715/1776 1779/1716/1779 1778/1717/1778
f 1778/1717/1778 1779/1716/1779 1781/1718/1781 1780/1719/1780
f 1780/1719/1780 1781/1718/1781 1783/1720/1783 1782/1721/1782
f 1782/1721/1782 1783/1720/1783 1777/1722/1777 1769/1723/1769
f 1777/1714/1777 1785/1724/1785 1784/1725/1784 1776/1715/1776
f 1776/1715/1776 1784/1725/1784 1786/1726/1786 1779/1716/1779
f 1779/1716/1779 1786/1726/1786 1787/1727/1787 1781/1718/1781
f 1781/1718/1781 1787/1727/1787 1788/1728/1788 1783/1720/1783
f 1783/1720/1783 1788/1728/1788 1785/1729/1785 1777/1722/1777
f 1785/1724/1785 1790/1730/1790 1789/1731/1789 1784/1725/1784
f 1784/1725/1784 1789/1731/1789 1791/1732/1791 1786/1726/1786
f 1786/1726/1786 1791/1732/1791 1792/1733/1792 1787/1727/1787
f 1787/1727/1787 1792/1733/1792 1793/1734/1793 1788/1728/1788
f 1788/1728/1788 1793/1734/1793 1790/1735/1790 1785/1729/1785
f 1790/1730/1790 1795/1736/1795 1794/1737/1794 1789/1731/1789
f 1789/1731/1789 1794/1737/1794 1796/1738/1796 1791/1732/1791
f 1791/1732/1791 1796/1738/1796 1797/1739/1797 1792/1733/1792
f 1792/1733/1792 1797/1739/1797 1798/1740/1798 1793/1734/1793
f 1793/1734/1793 1798/1740/1798 1795/1741/1795 1790/1735/1790
f 1799/1742/1799 1805/1743/1805 1804/1744/1804 1803/1745/1803 1802/1746/1802 1775/1747/1775 1768/1707/1768 1778/1717/1778 1801/1748/1801 1800/1749/1800
f 1806/1750/1806 1812/1751/1812 1811/1752/1811 1810/1753/1810 1809/1754/1809 1801/1755/1801 1778/1717/1778 1780/1719/1780 1808/1756/1808 1807/1757/1807
f 1813/1758/1813 1808/1759/1808 1780/1719/1780 1782/1721/1782 1818/1760/1818 1817/1761/1817 1816/1762/1816 1815/1763/1815 1814/1764/1814
f 1819/1765/1819 1823/1766/1823 1822/1767/1822 1821/1768/1821 1818/1769/1818 1782/1721/1782 1769/1723/1769 1770/20/1770 1820/1770/1820
f 1830/1771/1830 1833/1772/1833 1832/1773/1832 1831/1774/1831
f 1831/1774/1831 1832/1773/1832 1835/1775/1835 1834/1776/1834
f 1834/1776/1834 1835/1775/1835 1837/1777/1837 1836/1778/1836
f 1836/1778/1836 1837/1777/1837 1839/1779/1839 1838/1780/1838
f 1838/1780/1838 1839/1779/1839 1833/1781/1833 1830/1782/1830
f 1833/1772/1833 1841/1783/1841 1840/1784/1840 1832/1773/1832
f 1832/1773/1832 1840/1784/1840 1842/1785/1842 1835/1775/1835
f 1835/1775/1835 1842/1785/1842 1843/1786/1843 1837/1777/1837
f 1837/1777/1837 1843/1786/1843 1844/1787/1844 1839/1779/1839
f 1839/1779/1839 1844/1787/1844 1841/1788/1841 1833/1781/1833
f 1841/1783/1841 1846/161/1846 1845/1571/1845 1840/1784/1840
f 1840/1784/1840 1845/1571/1845 1847/1573/1847 1842/1785/1842
f 1842/1785/1842 1847/1573/1847 1848/1575/1848 1843/1786/1843
f 1843/1786/1843 1848/1575/1848 1849/1577/1849 1844/1787/1844
f 1844/1787/1844 1849/1577/1849 1846/170/1846 1841/1788/1841
f 1850/1789/1850 1855/1790/1855 1830/1771/1830 1831/1774/1831 1854/1791/1854 1853/1792/1853 1852/1793/1852 1851/1794/1851
f 1856/1795/1856 1854/1796/1854 1831/1774/1831 1834/1776/1834
f 1857/1797/1857 1860/1798/1860 1856/1799/1856 1834/1776/1834 1836/1778/1836 1859/1800/1859 1858/1801/1858
f 1861/1802/1861 1865/1803/1865 1859/1804/1859 1836/1778/1836 1838/1780/1838 1864/1805/1864 1863/1806/1863 1862/1807/1862
f 1866/1808/1866 1868/1809/1868 1867/1810/1867 1864/1811/1864 1838/1780/1838 1830/1782/1830 1855/1812/1855
f 1875/1813/1875 1878/1814/1878 1877/1815/1877 1876/1816/1876
f 1876/1816/1876 1877/1815/1877 1880/1817/1880 1879/1818/1879
f 1879/1818/1879 1880/1817/1880 1882/1819/1882 1881/1820/1881
f 1881/1820/1881 1882/1819/1882 1884/1821/1884 1883/1822/1883
f 1883/1822/1883 1884/1821/1884 1878/1823/1878 1875/1824/1875
f 1878/1814/1878 1886/1825/1886 1885/1826/1885 1877/1815/1877
f 1877/1815/1877 1885/1826/1885 1887/1827/1887 1880/1817/1880
f 1880/1817/1880 1887/1827/1887 1888/1828/1888 1882/1819/1882
f 1882/1819/1882 1888/1828/1888 1889/1829/1889 1884/1821/1884
f 1884/1821/1884 1889/1829/1889 1886/1830/1886 1878/1823/1878
f 1886/1825/1886 1891/1831/1891 1890/1832/1890 1885/1826/1885
f 1885/1826/1885 1890/1832/1890 1892/1833/1892 1887/1827/1887
f 1887/1827/1887 1892/1833/1892 1893/1834/1893 1888/1828/1888
f 1888/1828/1888 1893/1834/1893 1894/1835/1894 1889/1829/1889
f 1889/1829/1889 1894/1835/1894 1891/1836/1891 1886/1830/1886
f 1891/1831/1891 1896/1837/1896 1895/1838/1895 1890/1832/1890
f 1890/1832/1890 1895/1838/1895 1897/1839/1897 1892/1833/1892
f 1892/1833/1892 1897/1839/1897 1898/1840/1898 1893/1834/1893
f 1893/1834/1893 1898/1840/1898 1899/1841/1899 1894/1835/1894
f 1894/1835/1894 1899/1841/1899 1896/1842/1896 1891/1836/1891
f 1900/1843/1900 1903/1844/1903 1875/1813/1875 1876/1816/1876 1902/1845/1902 1901/1846/1901
f 1904/1847/1904 1907/1848/1907 1906/1849/1906 1902/1850/1902 1876/1816/1876 1879/1818/1879 1905/1851/1905
f 1908/1852/1908 1911/1853/1911 1910/1854/1910 1905/1855/1905 1879/1818/1879 1881/1820/1881 1909/1856/1909
f 1912/1857/1912 1909/1858/1909 1881/1820/1881 1883/1822/1883 1915/1859/1915 1914/1860/1914 1913/1861/1913
f 1916/1862/1916 1915/1863/1915 1883/1822/1883 1875/1824/1875 1903/1864/1903 1918/1865/1918 1917/1866/1917
f 1925/1867/1925 1928/1868/1928 1927/1869/1927 1926/1870/1926
f 1926/1870/1926 1927/1869/1927 1930/1871/1930 1929/1872/1929
f 1929/1872/1929 1930/1871/1930 1932/1873/1932 1931/1874/1931
f 1931/1874/1931 1932/1873/1932 1934/1875/1934 1933/1876/1933
f 1933/1876/1933 1934/1875/1934 1928/1877/1928 1925/1878/1925
f 1928/1868/1928 1936/1879/1936 1935/1880/1935 1927/1869/1927
f 1927/1869/1927 1935/1880/1935 1937/1881/1937 1930/1871/1930
f 1930/1871/1930 1937/1881/1937 1938/1882/1938 1932/1873/1932
f 1932/1873/1932 1938/1882/1938 1939/1883/1939 1934/1875/1934
f 1934/1875/1934 1939/1883/1939 1936/1884/1936 1928/1877/1928
f 1936/1879/1936 1941/1885/1941 1940/1886/1940 1935/1880/1935
f 1935/1880/1935 1940/1886/1940 1942/1887/1942 1937/1881/1937
f 1937/1881/1937 1942/1887/1942 1943/1888/1943 1938/1882/1938
f 1938/1882/1938 1943/1888/1943 1944/1889/1944 1939/1883/1939
f 1939/1883/1939 1944/1889/1944 1941/1890/1941 1936/1884/1936
f 1941/1885/1941 1946/1891/1946 1945/1892/1945 1940/1886/1940
f 1940/1886/1940 1945/1892/1945 1947/1893/1947 1942/1887/1942
f 1942/1887/1942 1947/1893/1947 1948/1894/1948 1943/1888/1943
f 1943/1888/1943 1948/1894/1948 1949/1895/1949 1944/1889/1944
f 1944/1889/1944 1949/1895/1949 1946/1896/1946 1941/1890/1941
f 1946/1891/1946 1951/1897/1951 1950/1898/1950 1945/1892/1945
f 1945/1892/1945 1950/1898/1950 1952/1899/1952 1947/1893/1947
f 1947/1893/1947 1952/1899/1952 1953/1900/1953 1948/1894/1948
f 1948/1894/1948 1953/1900/1953 1954/1901/1954 1949/1895/1949
f 1949/1895/1949 1954/1901/1954 1951/1902/1951 1946/1896/1946
f 1955/1903/1955 1958/1904/1958 1925/1867/1925 1926/1870/1926 1957/1905/1957 1956/1906/1956
f 1959/1907/1959 1957/1908/1957 1926/1870/1926 1929/1872/1929 1961/1909/1961 1960/1910/1960
f 1962/1911/1962 1961/1912/1961 1929/1872/1929 1931/1874/1931 1964/1913/1964 1963/1914/1963
f 1933/1876/1933 1965/1915/1965 1964/1916/1964 1931/1874/1931
f 1966/1917/1966 1968/1918/1968 1967/1919/1967 1965/1920/1965 1933/1876/1933 1925/1878/1925 1958/1921/1958
f 1975/1922/1975 1978/1923/1978 1977/1924/1977 1976/1925/1976
f 1976/1925/1976 1977/1924/1977 1980/1926/1980 1979/1927/1979
f 1979/1927/1979 1980/1926/1980 1982/1928/1982 1981/1929/1981
f 1981/1929/1981 1982/1928/1982 1984/1930/1984 1983/1931/1983
f 1983/1931/1983 1984/1930/1984 1978/1932/1978 1975/1933/1975
f 1978/1923/1978 1986/1934/1986 1985/1935/1985 1977/1924/1977
f 1977/1924/1977 1985/1935/1985 1987/1936/1987 1980/1926/1980
f 1980/1926/1980 1987/1936/1987 1988/1937/1988 1982/1928/1982
f 1982/1928/1982 1988/1937/1988 1989/1938/1989 1984/1930/1984
f 1984/1930/1984 1989/1938/1989 1986/1939/1986 1978/1932/1978
f 1986/1934/1986 1991/1940/1991 1990/1941/1990 1985/1935/1985
f 1985/1935/1985 1990/1941/1990 1992/1942/1992 1987/1936/1987
f 1987/1936/1987 1992/1942/1992 1993/1943/1993 1988/1937/1988
f 1988/1937/1988 1993/1943/1993 1994/1944/1994 1989/1938/1989
f 1989/1938/1989 1994/1944/1994 1991/1945/1991 1986/1939/1986
f 1991/1940/1991 1996/1946/1996 1995/1947/1995 1990/1941/1990
f 1990/1941/1990 1995/1947/1995 1997/1948/1997 1992/1942/1992
f 1992/1942/1992 1997/1948/1997 1998/1949/1998 1993/1943/1993
f 1993/1943/1993 1998/1949/1998 1999/1950/1999 1994/1944/1994
f 1994/1944/1994 1999/1950/1999 1996/1951/1996 1991/1945/1991
f 1996/1946/1996 2001/1952/2001 2000/1953/2000 1995/1947/1995
f 1995/1947/1995 2000/1953/2000 2002/1954/2002 1997/1948/1997
f 1997/1948/1997 2002/1954/2002 2003/1955/2003 1998/1949/1998
f 1998/1949/1998 2003/1955/2003 2004/1956/2004 1999/1950/1999
f 1999/1950/1999 2004/1956/2004 2001/1957/2001 1996/1951/1996
f 2005/1958/2005 2009/1959/2009 2008/1960/2008 1975/1922/1975 1976/1925/1976 2007/1961/2007 2006/1962/2006
f 2010/1963/2010 2007/1961/2007 1976/1925/1976 1979/1927/1979
f 2011/1964/2011 2015/1965/2015 2014/1966/2014 2010/1967/2010 1979/1927/1979 1981/1929/1981 2013/1968/2013 2012/1969/2012
f 1983/1931/1983 2016/1970/2016 2013/1971/2013 1981/1929/1981
f 2017/1972/2017 2016/1973/2016 1983/1931/1983 1975/1933/1975 2008/1974/2008
f 2024/1975/2024 2027/1976/2027 2026/1977/2026 2025/1978/2025
f 2025/1978/2025 2026/1977/2026 2029/1979/2029 2028/1980/2028
f 2028/1980/2028 2029/1979/2029 2031/1981/2031 2030/1982/2030
f 2030/1982/2030 2031/1981/2031 2033/1983/2033 2032/1984/2032
f 2032/1984/2032 2033/1983/2033 2027/1985/2027 2024/1986/2024
f 2027/1976/2027 2035/1987/2035 2034/1988/2034 2026/1977/2026
f 2026/1977/2026 2034/1988/2034 2036/1989/2036 2029/1979/2029
f 2029/1979/2029 2036/1989/2036 2037/1990/2037 2031/1981/2031
f 2031/1981/2031 2037/1990/2037 2038/1991/2038 2033/1983/2033
f 2033/1983/2033 2038/1991/2038 2035/1992/2035 2027/1985/2027
f 2035/1987/2035 2040/1993/2040 2039/1994/2039 2034/1988/2034
f 2034/1988/2034 2039/1994/2039 2041/1995/2041 2036/1989/2036
f 2036/1989/2036 2041/1995/2041 2042/1996/2042 2037/1990/2037
f 2037/1990/2037 2042/1996/2042 2043/1997/2043 2038/1991/2038
f 2038/1991/2038 2043/1997/2043 2040/1998/2040 2035/1992/2035
f 2040/1993/2040 2045/1999/2045 2044/2000/2044 2039/1994/2039
f 2039/1994/2039 2044/2000/2044 2046/2001/2046 2041/1995/2041
f 2041/1995/2041 2046/2001/2046 2047/2002/2047 2042/1996/2042
f 2042/1996/2042 2047/2002/2047 2048/2003/2048 2043/1997/2043
f 2043/1997/2043 2048/2003/2048 2045/2004/2045 2040/1998/2040
f 2045/1999/2045 2050/2005/2050 2049/2006/2049 2044/2000/2044
f 2044/2000/2044 2049/2006/2049 2051/2007/2051 2046/2001/2046
f 2046/2001/2046 2051/2007/2051 2052/2008/2052 2047/2002/2047
f 2047/2002/2047 2052/2008/2052 2053/2009/2053 2048/2003/2048
f 2048/2003/2048 2053/2009/2053 2050/2010/2050 2045/2004/2045
f 2050/2005/2050 2055/2011/2055 2054/2012/2054 2049/2006/2049
f 2049/2006/2049 2054/2012/2054 2056/2013/2056 2051/2007/2051
f 2051/2007/2051 2056/2013/2056 2057/2014/2057 2052/2008/2052
f 2052/2008/2052 2057/2014/2057 2058/2015/2058 2053/2009/2053
f 2053/2009/2053 2058/2015/2058 2055/2016/2055 2050/2010/2050
f 2059/2017/2059 2062/2018/2062 2024/1975/2024 2025/1978/2025 2061/2019/2061 2060/2020/2060
f 2063/2021/2063 2061/2022/2061 2025/1978/2025 2028/1980/2028 2064/2023/2064
f 2065/2024/2065 2068/2025/2068 2067/2026/2067 2064/2027/2064 2028/1980/2028 2030/1982/2030 2066/2028/2066
f 2032/1984/2032 2069/2029/2069 2066/2030/2066 2030/1982/2030
f 2070/2031/2070 2069/2032/2069 2032/1984/2032 2024/1986/2024 2062/2033/2062 2071/2034/2071
f 2078/2035/2078 2081/2036/2081 2080/2037/2080 2079/2038/2079
f 2079/2038/2079 2080/2037/2080 2083/2039/2083 2082/2040/2082
f 2082/2040/2082 2083/2039/2083 2085/2041/2085 2084/2042/2084
f 2084/2042/2084 2085/2041/2085 2087/2043/2087 2086/2044/2086
f 2086/2044/2086 2087/2043/2087 2081/2045/2081 2078/2046/2078
f 2081/2036/2081 2089/2047/2089 2088/2048/2088 2080/2037/2080
f 2080/2037/2080 2088/2048/2088 2090/2049/2090 2083/2039/2083
f 2083/2039/2083 2090/2049/2090 2091/2050/2091 2085/2041/2085
f 2085/2041/2085 2091/2050/2091 2092/2051/2092 2087/2043/2087
f 2087/2043/2087 2092/2051/2092 2089/2052/2089 2081/2045/2081
f 2089/2047/2089 2094/2053/2094 2093/2054/2093 2088/2048/2088
f 2088/2048/2088 2093/2054/2093 2095/2055/2095 2090/2049/2090
f 2090/2049/2090 2095/2055/2095 2096/2056/2096 2091/2050/2091
f 2091/2050/2091 2096/2056/2096 2097/2057/2097 2092/2051/2092
f 2092/2051/2092 2097/2057/2097 2094/2058/2094 2089/2052/2089
f 2094/2053/2094 2099/2059/2099 2098/2060/2098 2093/2054/2093
f 2093/2054/2093 2098/2060/2098 2100/2061/2100 2095/2055/2095
f 2095/2055/2095 2100/2061/2100 2101/2062/2101 2096/2056/2096
f 2096/2056/2096 2101/2062/2101 2102/2063/2102 2097/2057/2097
f 2097/2057/2097 2102/2063/2102 2099/2064/2099 2094/2058/2094
f 2099/2059/2099 2104/2065/2104 2103/2066/2103 2098/2060/2098
f 2098/2060/2098 2103/2066/2103 2105/2067/2105 2100/2061/2100
f 2100/2061/2100 2105/2067/2105 2106/2068/2106 2101/2062/2101
f 2101/2062/2101 2106/2068/2106 2107/2069/2107 2102/2063/2102
f 2102/2063/2102 2107/2069/2107 2104/2070/2104 2099/2064/2099
f 2079/2038/2079 2112/2071/2112 2111/2072/2111 2110/2073/2110 2109/2074/2109 2108/2075/2108 2078/2035/2078
f 2113/2076/2113 2112/2077/2112 2079/2038/2079 2082/2040/2082 2114/2078/2114
f 2115/2079/2115 2118/2080/2118 2114/2081/2114 2082/2040/2082 2084/2042/2084 2117/2082/2117 2116/2083/2116
f 2086/2044/2086 2124/2084/2124 2123/2085/2123 2122/2086/2122 2121/2087/2121 2120/2088/2120 2119/2089/2119 2117/2090/2117 2084/2042/2084
f 2108/2091/2108 2126/2092/2126 2125/2093/2125 2124/2094/2124 2086/2044/2086 2078/2046/2078
f 2133/2095/2133 2136/2096/2136 2135/2097/2135 2134/2098/2134
f 2134/2098/2134 2135/2097/2135 2138/2099/2138 2137/2100/2137
f 2137/2100/2137 2138/2099/2138 2140/2101/2140 2139/2102/2139
f 2139/2102/2139 2140/2101/2140 2142/2103/2142 2141/2104/2141
f 2141/2104/2141 2142/2103/2142 2136/2105/2136 2133/2106/2133
f 2136/2096/2136 2144/2107/2144 2143/2108/2143 2135/2097/2135
f 2135/2097/2135 2143/2108/2143 2145/2109/2145 2138/2099/2138
f 2138/2099/2138 2145/2109/2145 2146/2110/2146 2140/2101/2140
f 2140/2101/2140 2146/2110/2146 2147/2111/2147 2142/2103/2142
f 2142/2103/2142 2147/2111/2147 2144/2112/2144 2136/2105/2136
f 2144/2107/2144 2149/2113/2149 2148/2114/2148 2143/2108/2143
f 2143/2108/2143 2148/2114/2148 2150/2115/2150 2145/2109/2145
f 2145/2109/2145 2150/2115/2150 2151/2116/2151 2146/2110/2146
f 2146/2110/2146 2151/2116/2151 2152/2117/2152 2147/2111/2147
f 2147/2111/2147 2152/2117/2152 2149/2118/2149 2144/2112/2144
f 2149/2113/2149 2154/2119/2154 2153/2120/2153 2148/2114/2148
f 2148/2114/2148 2153/2120/2153 2155/2121/2155 2150/2115/2150
f 2150/2115/2150 2155/2121/2155 2156/2122/2156 2151/2116/2151
f 2151/2116/2151 2156/2122/2156 2157/2123/2157 2152/2117/2152
f 2152/2117/2152 2157/2123/2157 2154/2124/2154 2149/2118/2149
f 2154/2119/2154 2159/2125/2159 2158/2126/2158 2153/2120/2153
f 2153/2120/2153 2158/2126/2158 2160/2127/2160 2155/2121/2155
f 2155/2121/2155 2160/2127/2160 2161/2128/2161 2156/2122/2156
f 2156/2122/2156 2161/2128/2161 2162/2129/2162 2157/2123/2157
f 2157/2123/2157 2162/2129/2162 2159/2130/2159 2154/2124/2154
f 2163/2131/2163 2165/2132/2165 2133/2095/2133 2134/2098/2134 2164/2133/2164
f 2166/2134/2166 2170/2135/2170 2169/2136/2169 2168/2137/2168 2164/2138/2164 2134/2098/2134 2137/2100/2137 2167/2139/2167
f 2171/2140/2171 2173/2141/2173 2167/2142/2167 2137/2100/2137 2139/2102/2139 2172/2143/2172
f 2174/2144/2174 2172/2145/2172 2139/2102/2139 2141/2104/2141 2176/2146/2176 2175/2147/2175
f 2165/2148/2165 2179/2149/2179 2178/2150/2178 2177/2151/2177 2176/2152/2176 2141/2104/2141 2133/2106/2133
f 2186/2153/2186 2193/2154/2193 2192/2155/2192 2191/2156/2191 2190/2157/2190 2189/2158/2189 2188/1/2188 2187/2159/2187
f 2194/1160/2194 2195/2160/2195 2187/2161/2187 2188/20/2188
f 2187/2159/2187 2197/2162/2197 2196/2163/2196 2186/2153/2186
f 2186/2153/2186 2196/2163/2196 2199/2164/2199 2198/2165/2198
f 2198/2165/2198 2199/2164/2199 2201/2166/2201 2200/2167/2200
f 2200/2167/2200 2201/2166/2201 2202/2168/2202 2195/2160/2195
f 2195/2160/2195 2202/2168/2202 2197/2169/2197 2187/2161/2187
f 2197/2162/2197 2204/2170/2204 2203/2171/2203 2196/2163/2196
f 2196/2163/2196 2203/2171/2203 2205/2172/2205 2199/2164/2199
f 2199/2164/2199 2205/2172/2205 2206/2173/2206 2201/2166/2201
f 2201/2166/2201 2206/2173/2206 2207/2174/2207 2202/2168/2202
f 2202/2168/2202 2207/2174/2207 2204/2175/2204 2197/2169/2197
f 2204/2170/2204 2209/2176/2209 2208/2177/2208 2203/2171/2203
f 2203/2171/2203 2208/2177/2208 2210/2178/2210 2205/2172/2205
f 2205/2172/2205 2210/2178/2210 2211/2179/2211 2206/2173/2206
f 2206/2173/2206 2211/2179/2211 2212/2180/2212 2207/2174/2207
f 2207/2174/2207 2212/2180/2212 2209/2181/2209 2204/2175/2204
f 2209/2176/2209 2214/2182/2214 2213/2183/2213 2208/2177/2208
f 2208/2177/2208 2213/2183/2213 2215/2184/2215 2210/2178/2210
f 2210/2178/2210 2215/2184/2215 2216/2185/2216 2211/2179/2211
f 2211/2179/2211 2216/2185/2216 2217/2186/2217 2212/2180/2212
f 2212/2180/2212 2217/2186/2217 2214/2187/2214 2209/2181/2209
f 2214/2182/2214 2219/2188/2219 2218/2189/2218 2213/2183/2213
f 2213/2183/2213 2218/2189/2218 2220/2190/2220 2215/2184/2215
f 2215/2184/2215 2220/2190/2220 2221/2191/2221 2216/2185/2216
f 2216/2185/2216 2221/2191/2221 2222/2192/2222 2217/2186/2217
f 2217/2186/2217 2222/2192/2222 2219/2193/2219 2214/2187/2214
f 2223/2194/2223 2193/2195/2193 2186/2153/2186 2198/2165/2198 2224/2196/2224
f 2225/2197/2225 2228/2198/2228 2224/2199/2224 2198/2165/2198 2200/2167/2200 2227/2200/2227 2226/2201/2226
f 2194/1160/2194 2231/2202/2231 2230/2203/2230 2229/2204/2229 2227/2205/2227 2200/2167/2200 2195/2160/2195
f 2238/2206/2238 2241/2207/2241 2240/2208/2240 2239/2209/2239
f 2239/2209/2239 2240/2208/2240 2243/2210/2243 2242/2211/2242
f 2242/2211/2242 2243/2210/2243 2245/2212/2245 2244/2213/2244
f 2244/2213/2244 2245/2212/2245 2247/2214/2247 2246/2215/2246
f 2246/2215/2246 2247/2214/2247 2241/2216/2241 2238/2217/2238
f 2241/2207/2241 2249/2218/2249 2248/2219/2248 2240/2208/2240
f 2240/2208/2240 2248/2219/2248 2250/2220/2250 2243/2210/2243
f 2243/2210/2243 2250/2220/2250 2251/2221/2251 2245/2212/2245
f 2245/2212/2245 2251/2221/2251 2252/2222/2252 2247/2214/2247
f 2247/2214/2247 2252/2222/2252 2249/2223/2249 2241/2216/2241
f 2249/2218/2249 2254/2224/2254 2253/2225/2253 2248/2219/2248
f 2248/2219/2248 2253/2225/2253 2255/2226/2255 2250/2220/2250
f 2250/2220/2250 2255/2226/2255 2256/2227/2256 2251/2221/2251
f 2251/2221/2251 2256/2227/2256 2257/2228/2257 2252/2222/2252
f 2252/2222/2252 2257/2228/2257 2254/2229/2254 2249/2223/2249
f 2254/2224/2254 2259/279/2259 2258/2230/2258 2253/2225/2253
f 2253/2225/2253 2258/2230/2258 2260/2231/2260 2255/2226/2255
f 2255/2226/2255 2260/2231/2260 2261/2232/2261 2256/2227/2256
f 2256/2227/2256 2261/2232/2261 2262/2233/2262 2257/2228/2257
f 2257/2228/2257 2262/2233/2262 2259/288/2259 2254/2229/2254
f 2263/2234/2263 2266/2235/2266 2238/2206/2238 2239/2209/2239 2265/2236/2265 2264/2237/2264
f 2267/2238/2267 2265/2239/2265 2239/2209/2239 2242/2211/2242 2269/2240/2269 2268/2241/2268
f 2270/2242/2270 2272/2243/2272 2269/2244/2269 2242/2211/2242 2244/2213/2244 2271/2245/2271
f 2273/2246/2273 2277/2247/2277 2276/2248/2276 2271/2249/2271 2244/2213/2244 2246/2215/2246 2275/2250/2275 2274/2251/2274
f 2238/2217/2238 2266/2252/2266 2279/2253/2279 2278/2254/2278 2275/2255/2275 2246/2215/2246
f 2286/2256/2286 2289/2257/2289 2288/2258/2288 2287/2259/2287
f 2287/2259/2287 2288/2258/2288 2291/2260/2291 2290/2261/2290
f 2290/2261/2290 2291/2260/2291 2293/2262/2293 2292/2263/2292
f 2292/2263/2292 2293/2262/2293 2295/2264/2295 2294/2265/2294
f 2294/2265/2294 2295/2264/2295 2289/2266/2289 2286/2267/2286
f 2289/2257/2289 2297/2268/2297 2296/2269/2296 2288/2258/2288
f 2288/2258/2288 2296/2269/2296 2298/2270/2298 2291/2260/2291
f 2291/2260/2291 2298/2270/2298 2299/2271/2299 2293/2262/2293
f 2293/2262/2293 2299/2271/2299 2300/2272/2300 2295/2264/2295
f 2295/2264/2295 2300/2272/2300 2297/2273/2297 2289/2266/2289
f 2297/2268/2297 2302/2274/2302 2301/2275/2301 2296/2269/2296
f 2296/2269/2296 2301/2275/2301 2303/2276/2303 2298/2270/2298
f 2298/2270/2298 2303/2276/2303 2304/2277/2304 2299/2271/2299
f 2299/2271/2299 2304/2277/2304 2305/2278/2305 2300/2272/2300
f 2300/2272/2300 2305/2278/2305 2302/2279/2302 2297/2273/2297
f 2302/2274/2302 2307/481/2307 2306/1189/2306 2301/2275/2301
f 2301/2275/2301 2306/1189/2306 2308/1190/2308 2303/2276/2303
f 2303/2276/2303 2308/1190/2308 2309/1191/2309 2304/2277/2304
f 2304/2277/2304 2309/1191/2309 2310/1192/2310 2305/2278/2305
f 2305/2278/2305 2310/1192/2310 2307/490/2307 2302/2279/2302
f 2311/2280/2311 2313/2281/2313 2286/2256/2286 2287/2259/2287 2312/2282/2312
f 2314/2283/2314 2318/2284/2318 2317/2285/2317 2316/2286/2316 2312/2287/2312 2287/2259/2287 2290/2261/2290 2315/2288/2315
f 2292/2263/2292 2322/2289/2322 2321/2290/2321 2320/2291/2320 2319/2292/2319 2315/2293/2315 2290/2261/2290
f 2323/2294/2323 2322/2295/2322 2292/2263/2292 2294/2265/2294 2325/2296/2325 2324/2297/2324
f 2326/2298/2326 2325/2299/2325 2294/2265/2294 2286/2267/2286 2313/2300/2313 2329/2301/2329 2328/2302/2328 2327/2303/2327
f 2336/2304/2336 2339/2305/2339 2338/2306/2338 2337/2307/2337
f 2337/2307/2337 2338/2306/2338 2341/2308/2341 2340/2309/2340
f 2340/2309/2340 2341/2308/2341 2343/2310/2343 2342/2311/2342
f 2342/2311/2342 2343/2310/2343 2345/2312/2345 2344/2313/2344
f 2344/2313/2344 2345/2312/2345 2339/2314/2339 2336/2315/2336
f 2339/2305/2339 2347/2316/2347 2346/2317/2346 2338/2306/2338
f 2338/2306/2338 2346/2317/2346 2348/2318/2348 2341/2308/2341
f 2341/2308/2341 2348/2318/2348 2349/2319/2349 2343/2310/2343
f 2343/2310/2343 2349/2319/2349 2350/2320/2350 2345/2312/2345
f 2345/2312/2345 2350/2320/2350 2347/2321/2347 2339/2314/2339
f 2347/2316/2347 2352/2322/2352 2351/2323/2351 2346/2317/2346
f 2346/2317/2346 2351/2323/2351 2353/2324/2353 2348/2318/2348
f 2348/2318/2348 2353/2324/2353 2354/2325/2354 2349/2319/2349
f 2349/2319/2349 2354/2325/2354 2355/2326/2355 2350/2320/2350
f 2350/2320/2350 2355/2326/2355 2352/2327/2352 2347/2321/2347
f 2352/2322/2352 2357/2328/2357 2356/2329/2356 2351/2323/2351
f 2351/2323/2351 2356/2329/2356 2358/2330/2358 2353/2324/2353
f 2353/2324/2353 2358/2330/2358 2359/2331/2359 2354/2325/2354
f 2354/2325/2354 2359/2331/2359 2360/2332/2360 2355/2326/2355
f 2355/2326/2355 2360/2332/2360 2357/2333/2357 2352/2327/2352
f 2357/2328/2357 2362/2334/2362 2361/2335/2361 2356/2329/2356
f 2356/2329/2356 2361/2335/2361 2363/2336/2363 2358/2330/2358
f 2358/2330/2358 2363/2336/2363 2364/2337/2364 2359/2331/2359
f 2359/2331/2359 2364/2337/2364 2365/2338/2365 2360/2332/2360
f 2360/2332/2360 2365/2338/2365 2362/2339/2362 2357/2333/2357
f 2337/2307/2337 2369/2340/2369 2368/2341/2368 2367/2342/2367 2366/2343/2366 2336/2304/2336
f 2370/2344/2370 2371/2345/2371 2369/2346/2369 2337/2307/2337 2340/2309/2340
f 2372/2347/2372 2375/2348/2375 2374/2349/2374 2370/2350/2370 2340/2309/2340 2342/2311/2342 2373/2351/2373
f 2376/2352/2376 2373/2353/2373 2342/2311/2342 2344/2313/2344 2377/2354/2377
f 2378/2355/2378 2380/2356/2380 2379/2357/2379 2377/2358/2377 2344/2313/2344 2336/2315/2336 2366/2359/2366
f 2387/2360/2387 2390/2361/2390 2389/2362/2389 2388/2363/2388
f 2388/2363/2388 2389/2362/2389 2392/2364/2392 2391/2365/2391
f 2391/2365/2391 2392/2364/2392 2394/2366/2394 2393/2367/2393
f 2393/2367/2393 2394/2366/2394 2396/2368/2396 2395/2369/2395
f 2395/2369/2395 2396/2368/2396 2390/2370/2390 2387/2371/2387
f 2390/2361/2390 2398/2372/2398 2397/2373/2397 2389/2362/2389
f 2389/2362/2389 2397/2373/2397 2399/2374/2399 2392/2364/2392
f 2392/2364/2392 2399/2374/2399 2400/2375/2400 2394/2366/2394
f 2394/2366/2394 2400/2375/2400 2401/2376/2401 2396/2368/2396
f 2396/2368/2396 2401/2376/2401 2398/2377/2398 2390/2370/2390
f 2398/2372/2398 2403/2378/2403 2402/2379/2402 2397/2373/2397
f 2397/2373/2397 2402/2379/2402 2404/2380/2404 2399/2374/2399
f 2399/2374/2399 2404/2380/2404 2405/2381/2405 2400/2375/2400
f 2400/2375/2400 2405/2381/2405 2406/2382/2406 2401/2376/2401
f 2401/2376/2401 2406/2382/2406 2403/2383/2403 2398/2377/2398
f 2403/2378/2403 2408/2384/2408 2407/2385/2407 2402/2379/2402
f 2402/2379/2402 2407/2385/2407 2409/2386/2409 2404/2380/2404
f 2404/2380/2404 2409/2386/2409 2410/2387/2410 2405/2381/2405
f 2405/2381/2405 2410/2387/2410 2411/2388/2411 2406/2382/2406
f 2406/2382/2406 2411/2388/2411 2408/2389/2408 2403/2383/2403
f 2412/2390/2412 2415/2391/2415 2387/2360/2387 2388/2363/2388 2414/2392/2414 2413/2393/2413
f 2416/2394/2416 2418/2395/2418 2414/2396/2414 2388/2363/2388 2391/2365/2391 2417/2397/2417
f 2419/2398/2419 2422/2399/2422 2417/2400/2417 2391/2365/2391 2393/2367/2393 2421/2401/2421 2420/2402/2420
f 2423/2403/2423 2421/2404/2421 2393/2367/2393 2395/2369/2395
f 2424/2405/2424 2426/2406/2426 2425/2407/2425 2423/2408/2423 2395/2369/2395 2387/2371/2387 2415/2409/2415
f 2433/2410/2433 2436/2411/2436 2435/2412/2435 2434/2413/2434
f 2434/2413/2434 2435/2412/2435 2438/2414/2438 2437/2415/2437
f 2437/2415/2437 2438/2414/2438 2440/2416/2440 2439/2417/2439
f 2439/2417/2439 2440/2416/2440 2442/2418/2442 2441/2419/2441
f 2441/2419/2441 2442/2418/2442 2436/2420/2436 2433/2421/2433
f 2436/2411/2436 2444/2422/2444 2443/2423/2443 2435/2412/2435
f 2435/2412/2435 2443/2423/2443 2445/2424/2445 2438/2414/2438
f 2438/2414/2438 2445/2424/2445 2446/2425/2446 2440/2416/2440
f 2440/2416/2440 2446/2425/2446 2447/2426/2447 2442/2418/2442
f 2442/2418/2442 2447/2426/2447 2444/2427/2444 2436/2420/2436
f 2444/2422/2444 2449/2428/2449 2448/2429/2448 2443/2423/2443
f 2443/2423/2443 2448/2429/2448 2450/2430/2450 2445/2424/2445
f 2445/2424/2445 2450/2430/2450 2451/2431/2451 2446/2425/2446
f 2446/2425/2446 2451/2431/2451 2452/2432/2452 2447/2426/2447
f 2447/2426/2447 2452/2432/2452 2449/2433/2449 2444/2427/2444
f 2449/2428/2449 2454/2434/2454 2453/2435/2453 2448/2429/2448
f 2448/2429/2448 2453/2435/2453 2455/2436/2455 2450/2430/2450
f 2450/2430/2450 2455/2436/2455 2456/2437/2456 2451/2431/2451
f 2451/2431/2451 2456/2437/2456 2457/2438/2457 2452/2432/2452
f 2452/2432/2452 2457/2438/2457 2454/2439/2454 2449/2433/2449
f 2458/2440/2458 2463/2441/2463 2462/2442/2462 2461/2443/2461 2433/2410/2433 2434/2413/2434 2460/2444/2460 2459/2445/2459
f 2464/2446/2464 2460/2447/2460 2434/2413/2434 2437/2415/2437 2466/2448/2466 2465/2449/2465
f 2467/2450/2467 2471/2451/2471 2470/2452/2470 2469/2453/2469 2466/2454/2466 2437/2415/2437 2439/2417/2439 2468/2455/2468
f 2472/2456/2472 2468/2457/2468 2439/2417/2439 2441/2419/2441
f 2433/2421/2433 2461/2458/2461 2474/2459/2474 2473/2460/2473 2472/2461/2472 2441/2419/2441
f 2481/2462/2481 2484/2463/2484 2483/2464/2483 2482/2465/2482
f 2482/2465/2482 2483/2464/2483 2486/2466/2486 2485/2467/2485
f 2485/2467/2485 2486/2466/2486 2488/2468/2488 2487/2469/2487
f 2487/2469/2487 2488/2468/2488 2490/2470/2490 2489/2471/2489
f 2489/2471/2489 2490/2470/2490 2484/2472/2484 2481/2473/2481
f 2484/2463/2484 2492/2474/2492 2491/2475/2491 2483/2464/2483
f 2483/2464/2483 2491/2475/2491 2493/2476/2493 2486/2466/2486
f 2486/2466/2486 2493/2476/2493 2494/2477/2494 2488/2468/2488
f 2488/2468/2488 2494/2477/2494 2495/2478/2495 2490/2470/2490
f 2490/2470/2490 2495/2478/2495 2492/2479/2492 2484/2472/2484
f 2492/2474/2492 2497/2480/2497 2496/2481/2496 2491/2475/2491
f 2491/2475/2491 2496/2481/2496 2498/2482/2498 2493/2476/2493
f 2493/2476/2493 2498/2482/2498 2499/2483/2499 2494/2477/2494
f 2494/2477/2494 2499/2483/2499 2500/2484/2500 2495/2478/2495
f 2495/2478/2495 2500/2484/2500 2497/2485/2497 2492/2479/2492
f 2497/2480/2497 2502/161/2502 2501/1571/2501 2496/2481/2496
f 2496/2481/2496 2501/1571/2501 2503/1573/2503 2498/2482/2498
f 2498/2482/2498 2503/1573/2503 2504/1575/2504 2499/2483/2499
f 2499/2483/2499 2504/1575/2504 2505/1577/2505 2500/2484/2500
f 2500/2484/2500 2505/1577/2505 2502/170/2502 2497/2485/2497
f 2506/2486/2506 2509/2487/2509 2481/2462/2481 2482/2465/2482 2508/2488/2508 2507/2489/2507
f 2510/2490/2510 2513/2491/2513 2512/2492/2512 2508/2493/2508 2482/2465/2482 2485/2467/2485 2511/2494/2511
f 2487/2469/2487 2518/2495/2518 2517/2496/2517 2516/2497/2516 2515/2498/2515 2514/2499/2514 2511/2500/2511 2485/2467/2485
f 2519/2501/2519 2521/2502/2521 2518/2503/2518 2487/2469/2487 2489/2471/2489 2520/2504/2520
f 2522/2505/2522 2524/2506/2524 2523/2507/2523 2520/2508/2520 2489/2471/2489 2481/2509/2481 2509/2510/2509
f 2531/2511/2531 2534/2512/2534 2533/2513/2533 2532/2514/2532
f 2532/2514/2532 2533/2513/2533 2536/2515/2536 2535/2516/2535
f 2535/2516/2535 2536/2515/2536 2538/2517/2538 2537/2518/2537
f 2537/2518/2537 2538/2517/2538 2540/2519/2540 2539/2520/2539
f 2539/2520/2539 2540/2519/2540 2534/2521/2534 2531/2522/2531
f 2534/2512/2534 2542/2523/2542 2541/2524/2541 2533/2513/2533
f 2533/2513/2533 2541/2524/2541 2543/2525/2543 2536/2515/2536
f 2536/2515/2536 2543/2525/2543 2544/2526/2544 2538/2517/2538
f 2538/2517/2538 2544/2526/2544 2545/2527/2545 2540/2519/2540
f 2540/2519/2540 2545/2527/2545 2542/2528/2542 2534/2521/2534
f 2542/2523/2542 2547/2529/2547 2546/2530/2546 2541/2524/2541
f 2541/2524/2541 2546/2530/2546 2548/2531/2548 2543/2525/2543
f 2543/2525/2543 2548/2531/2548 2549/2532/2549 2544/2526/2544
f 2544/2526/2544 2549/2532/2549 2550/2533/2550 2545/2527/2545
f 2545/2527/2545 2550/2533/2550 2547/2534/2547 2542/2528/2542
f 2547/2529/2547 2552/2535/2552 2551/2536/2551 2546/2530/2546
f 2546/2530/2546 2551/2536/2551 2553/2537/2553 2548/2531/2548
f 2548/2531/2548 2553/2537/2553 2554/2538/2554 2549/2532/2549
f 2549/2532/2549 2554/2538/2554 2555/2539/2555 2550/2533/2550
f 2550/2533/2550 2555/2539/2555 2552/2540/2552 2547/2534/2547
f 2552/2535/2552 2557/2541/2557 2556/2542/2556 2551/2536/2551
f 2551/2536/2551 2556/2542/2556 2558/2543/2558 2553/2537/2553
f 2553/2537/2553 2558/2543/2558 2559/2544/2559 2554/2538/2554
f 2554/2538/2554 2559/2544/2559 2560/2545/2560 2555/2539/2555
f 2555/2539/2555 2560/2545/2560 2557/2546/2557 2552/2540/2552
f 2557/2541/2557 2562/2547/2562 2561/2548/2561 2556/2542/2556
f 2556/2542/2556 2561/2548/2561 2563/2549/2563 2558/2543/2558
f 2558/2543/2558 2563/2549/2563 2564/2550/2564 2559/2544/2559
f 2559/2544/2559 2564/2550/2564 2565/2551/2565 2560/2545/2560
f 2560/2545/2560 2565/2551/2565 2562/2552/2562 2557/2546/2557
f 2566/2553/2566 2571/2554/2571 2570/2555/2570 2569/2556/2569 2531/2511/2531 2532/2514/2532 2568/1148/2568 2567/2557/2567
f 2572/2558/2572 2575/2559/2575 2574/2560/2574 2573/2561/2573 2568/1148/2568 2532/2514/2532 2535/2516/2535
f 2576/2562/2576 2580/2563/2580 2572/2558/2572 2535/2516/2535 2537/2518/2537 2579/2564/2579 2578/2565/2578 2577/2566/2577
f 2581/2567/2581 2582/2568/2582 2579/2569/2579 2537/2518/2537 2539/2520/2539
f 2531/2522/2531 2569/2570/2569 2584/2571/2584 2583/2572/2583 2581/2573/2581 2539/2520/2539
f 2591/2574/2591 2594/2575/2594 2593/2576/2593 2592/2577/2592
f 2592/2577/2592 2593/2576/2593 2596/2578/2596 2595/2579/2595
f 2595/2579/2595 2596/2578/2596 2598/2580/2598 2597/2581/2597
f 2597/2581/2597 2598/2580/2598 2600/2582/2600 2599/2583/2599
f 2599/2583/2599 2600/2582/2600 2594/2584/2594 2591/2585/2591
f 2594/2575/2594 2602/2586/2602 2601/2587/2601 2593/2576/2593
f 2593/2576/2593 2601/2587/2601 2603/2588/2603 2596/2578/2596
f 2596/2578/2596 2603/2588/2603 2604/2589/2604 2598/2580/2598
f 2598/2580/2598 2604/2589/2604 2605/2590/2605 2600/2582/2600
f 2600/2582/2600 2605/2590/2605 2602/2591/2602 2594/2584/2594
f 2602/2586/2602 2607/2592/2607 2606/2593/2606 2601/2587/2601
f 2601/2587/2601 2606/2593/2606 2608/2594/2608 2603/2588/2603
f 2603/2588/2603 2608/2594/2608 2609/2595/2609 2604/2589/2604
f 2604/2589/2604 2609/2595/2609 2610/2596/2610 2605/2590/2605
f 2605/2590/2605 2610/2596/2610 2607/2597/2607 2602/2591/2602
f 2607/2592/2607 2612/2598/2612 2611/2599/2611 2606/2593/2606
f 2606/2593/2606 2611/2599/2611 2613/2600/2613 2608/2594/2608
f 2608/2594/2608 2613/2600/2613 2614/2601/2614 2609/2595/2609
f 2609/2595/2609 2614/2601/2614 2615/2602/2615 2610/2596/2610
f 2610/2596/2610 2615/2602/2615 2612/2603/2612 2607/2597/2607
f 2612/2598/2612 2617/1122/2617 2616/1123/2616 2611/2599/2611
f 2611/2599/2611 2616/1123/2616 2618/1124/2618 2613/2600/2613
f 2613/2600/2613 2618/1124/2618 2619/1125/2619 2614/2601/2614
f 2614/2601/2614 2619/1125/2619 2620/1126/2620 2615/2602/2615
f 2615/2602/2615 2620/1126/2620 2617/1127/2617 2612/2603/2612
f 2621/2604/2621 2625/2605/2625 2624/2606/2624 2591/2574/2591 2592/2577/2592 2623/2607/2623 2622/2608/2622
f 2626/2609/2626 2628/2610/2628 2623/2611/2623 2592/2577/2592 2595/2579/2595 2627/2612/2627
f 2597/2581/2597 2633/2613/2633 2632/2614/2632 2631/2615/2631 2630/2616/2630 2629/2617/2629 2627/2618/2627 2595/2579/2595
f 2634/2619/2634 2636/2620/2636 2633/2621/2633 2597/2581/2597 2599/2583/2599 2635/2622/2635
f 2637/2623/2637 2635/2624/2635 2599/2583/2599 2591/2585/2591 2624/2625/2624
f 2644/2626/2644 2647/2627/2647 2646/2628/2646 2645/2629/2645
f 2645/2629/2645 2646/2628/2646 2649/2630/2649 2648/2631/2648
f 2648/2631/2648 2649/2630/2649 2651/2632/2651 2650/2633/2650
f 2650/2633/2650 2651/2632/2651 2653/2634/2653 2652/2635/2652
f 2652/2635/2652 2653/2634/2653 2647/2636/2647 2644/2637/2644
f 2647/2627/2647 2655/2638/2655 2654/2639/2654 2646/2628/2646
f 2646/2628/2646 2654/2639/2654 2656/2640/2656 2649/2630/2649
f 2649/2630/2649 2656/2640/2656 2657/2641/2657 2651/2632/2651
f 2651/2632/2651 2657/2641/2657 2658/2642/2658 2653/2634/2653
f 2653/2634/2653 2658/2642/2658 2655/2643/2655 2647/2636/2647
f 2655/2638/2655 2660/2644/2660 2659/2645/2659 2654/2639/2654
f 2654/2639/2654 2659/2645/2659 2661/2646/2661 2656/2640/2656
f 2656/2640/2656 2661/2646/2661 2662/2647/2662 2657/2641/2657
f 2657/2641/2657 2662/2647/2662 2663/2648/2663 2658/2642/2658
f 2658/2642/2658 2663/2648/2663 2660/2649/2660 2655/2643/2655
f 2660/2644/2660 2665/2650/2665 2664/2651/2664 2659/2645/2659
f 2659/2645/2659 2664/2651/2664 2666/2652/2666 2661/2646/2661
f 2661/2646/2661 2666/2652/2666 2667/2653/2667 2662/2647/2662
f 2662/2647/2662 2667/2653/2667 2668/2654/2668 2663/2648/2663
f 2663/2648/2663 2668/2654/2668 2665/2655/2665 2660/2649/2660
f 2665/2650/2665 2670/2065/2670 2669/2066/2669 2664/2651/2664
f 2664/2651/2664 2669/2066/2669 2671/2067/2671 2666/2652/2666
f 2666/2652/2666 2671/2067/2671 2672/2068/2672 2667/2653/2667
f 2667/2653/2667 2672/2068/2672 2673/2069/2673 2668/2654/2668
f 2668/2654/2668 2673/2069/2673 2670/2070/2670 2665/2655/2665
f 2674/2656/2674 2675/2657/2675 2644/2626/2644 2645/2629/2645
f 2676/2658/2676 2679/2659/2679 2674/2660/2674 2645/2629/2645 2648/2631/2648 2678/2661/2678 2677/2662/2677
f 2680/2663/2680 2683/2664/2683 2678/2665/2678 2648/2631/2648 2650/2633/2650 2682/2666/2682 2681/2667/2681
f 2684/2668/2684 2686/2669/2686 2682/2670/2682 2650/2633/2650 2652/2635/2652 2685/2671/2685
f 2644/2637/2644 2675/2672/2675 2690/2673/2690 2689/2674/2689 2688/2675/2688 2687/2676/2687 2685/2677/2685 2652/2635/2652
f 2697/2678/2697 2700/2679/2700 2699/2680/2699 2698/2681/2698
f 2698/2681/2698 2699/2680/2699 2702/2682/2702 2701/2683/2701
f 2701/2683/2701 2702/2682/2702 2704/2684/2704 2703/2685/2703
f 2703/2685/2703 2704/2684/2704 2706/2686/2706 2705/2687/2705
f 2705/2687/2705 2706/2686/2706 2700/2688/2700 2697/2689/2697
f 2700/2679/2700 2708/2690/2708 2707/2691/2707 2699/2680/2699
f 2699/2680/2699 2707/2691/2707 2709/2692/2709 2702/2682/2702
f 2702/2682/2702 2709/2692/2709 2710/2693/2710 2704/2684/2704
f 2704/2684/2704 2710/2693/2710 2711/2694/2711 2706/2686/2706
f 2706/2686/2706 2711/2694/2711 2708/2695/2708 2700/2688/2700
f 2708/2690/2708 2713/2696/2713 2712/2697/2712 2707/2691/2707
f 2707/2691/2707 2712/2697/2712 2714/2698/2714 2709/2692/2709
f 2709/2692/2709 2714/2698/2714 2715/2699/2715 2710/2693/2710
f 2710/2693/2710 2715/2699/2715 2716/2700/2716 2711/2694/2711
f 2711/2694/2711 2716/2700/2716 2713/2701/2713 2708/2695/2708
f 2713/2696/2713 2718/2702/2718 2717/2703/2717 2712/2697/2712
f 2712/2697/2712 2717/2703/2717 2719/2704/2719 2714/2698/2714
f 2714/2698/2714 2719/2704/2719 2720/2705/2720 2715/2699/2715
f 2715/2699/2715 2720/2705/2720 2721/2706/2721 2716/2700/2716
f 2716/2700/2716 2721/2706/2721 2718/2707/2718 2713/2701/2713
f 2718/2702/2718 2723/2011/2723 2722/2012/2722 2717/2703/2717
f 2717/2703/2717 2722/2012/2722 2724/2013/2724 2719/2704/2719
f 2719/2704/2719 2724/2013/2724 2725/2014/2725 2720/2705/2720
f 2720/2705/2720 2725/2014/2725 2726/2015/2726 2721/2706/2721
f 2721/2706/2721 2726/2015/2726 2723/2016/2723 2718/2707/2718
f 2698/2681/2698 2730/2708/2730 2729/2709/2729 2728/2710/2728 2727/2711/2727 2697/2678/2697
f 2731/2712/2731 2730/2713/2730 2698/2681/2698 2701/2683/2701 2732/2714/2732
f 2733/2715/2733 2737/2716/2737 2736/2717/2736 2735/2718/2735 2732/2719/2732 2701/2683/2701 2703/2685/2703 2734/2720/2734
f 2738/2721/2738 2734/2722/2734 2703/2685/2703 2705/2687/2705 2741/2723/2741 2740/2724/2740 2739/2725/2739
f 2742/2726/2742 2747/2727/2747 2746/2728/2746 2745/2729/2745 2744/2730/2744 2741/2731/2741 2705/2687/2705 2697/2689/2697 2727/2732/2727 2743/2733/2743
f 2754/2734/2754 2757/2735/2757 2756/2736/2756 2755/2737/2755
f 2755/2737/2755 2756/2736/2756 2759/2738/2759 2758/2739/2758
f 2758/2739/2758 2759/2738/2759 2761/2740/2761 2760/2741/2760
f 2760/2741/2760 2761/2740/2761 2763/2742/2763 2762/2743/2762
f 2762/2743/2762 2763/2742/2763 2757/2744/2757 2754/2745/2754
f 2757/2735/2757 2765/2746/2765 2764/2747/2764 2756/2736/2756
f 2756/2736/2756 2764/2747/2764 2766/2748/2766 2759/2738/2759
f 2759/2738/2759 2766/2748/2766 2767/2749/2767 2761/2740/2761
f 2761/2740/2761 2767/2749/2767 2768/2750/2768 2763/2742/2763
f 2763/2742/2763 2768/2750/2768 2765/2751/2765 2757/2744/2757
f 2765/2746/2765 2770/2752/2770 2769/2753/2769 2764/2747/2764
f 2764/2747/2764 2769/2753/2769 2771/2754/2771 2766/2748/2766
f 2766/2748/2766 2771/2754/2771 2772/2755/2772 2767/2749/2767
f 2767/2749/2767 2772/2755/2772 2773/2756/2773 2768/2750/2768
f 2768/2750/2768 2773/2756/2773 2770/2757/2770 2765/2751/2765
f 2770/2752/2770 2775/2758/2775 2774/2759/2774 2769/2753/2769
f 2769/2753/2769 2774/2759/2774 2776/2760/2776 2771/2754/2771
f 2771/2754/2771 2776/2760/2776 2777/2761/2777 2772/2755/2772
f 2772/2755/2772 2777/2761/2777 2778/2762/2778 2773/2756/2773
f 2773/2756/2773 2778/2762/2778 2775/2763/2775 2770/2757/2770
f 2775/2758/2775 2780/2764/2780 2779/2765/2779 2774/2759/2774
f 2774/2759/2774 2779/2765/2779 2781/2766/2781 2776/2760/2776
f 2776/2760/2776 2781/2766/2781 2782/2767/2782 2777/2761/2777
f 2777/2761/2777 2782/2767/2782 2783/2768/2783 2778/2762/2778
f 2778/2762/2778 2783/2768/2783 2780/2769/2780 2775/2763/2775
f 2784/2770/2784 2792/2771/2792 2791/2772/2791 2790/2773/2790 2789/2774/2789 2788/2775/2788 2787/2776/2787 2786/1/2786 2754/2734/2754 2755/2737/2755 2785/2777/2785
f 2793/2778/2793 2796/2779/2796 2795/2780/2795 2794/2781/2794 2785/2782/2785 2755/2737/2755 2758/2739/2758
f 2797/2783/2797 2799/2784/2799 2798/2785/2798
f 2800/2786/2800 2804/2787/2804 2803/2788/2803 2802/2789/2802 2801/2790/2801 2793/2791/2793 2758/2739/2758 2760/2741/2760
f 2805/2792/2805 2800/2793/2800 2760/2741/2760 2762/2743/2762 2809/1160/2809 2798/1445/2798 2799/2794/2799 2808/2795/2808 2807/2796/2807 2806/2797/2806
f 2810/2798/2810 2815/2799/2815 2814/2800/2814 2813/2801/2813 2812/2802/2812 2811/2803/2811 2786/2804/2786 2809/2805/2809 2762/2743/2762 2754/2745/2754 2786/2804/2786 2811/2803/2811
f 2822/2806/2822 2825/2807/2825 2824/2808/2824 2823/2809/2823
f 2823/2809/2823 2824/2808/2824 2827/2810/2827 2826/2811/2826
f 2826/2811/2826 2827/2810/2827 2829/2812/2829 2828/2813/2828
f 2828/2813/2828 2829/2812/2829 2831/2814/2831 2830/2815/2830
f 2830/2815/2830 2831/2814/2831 2825/2816/2825 2822/2817/2822
f 2825/2807/2825 2833/2818/2833 2832/2819/2832 2824/2808/2824
f 2824/2808/2824 2832/2819/2832 2834/2820/2834 2827/2810/2827
f 2827/2810/2827 2834/2820/2834 2835/2821/2835 2829/2812/2829
f 2829/2812/2829 2835/2821/2835 2836/2822/2836 2831/2814/2831
f 2831/2814/2831 2836/2822/2836 2833/2823/2833 2825/2816/2825
f 2833/2818/2833 2838/2824/2838 2837/2825/2837 2832/2819/2832
f 2832/2819/2832 2837/2825/2837 2839/2826/2839 2834/2820/2834
f 2834/2820/2834 2839/2826/2839 2840/2827/2840 2835/2821/2835
f 2835/2821/2835 2840/2827/2840 2841/2828/2841 2836/2822/2836
f 2836/2822/2836 2841/2828/2841 2838/2829/2838 2833/2823/2833
f 2838/2824/2838 2843/2830/2843 2842/2831/2842 2837/2825/2837
f 2837/2825/2837 2842/2831/2842 2844/2832/2844 2839/2826/2839
f 2839/2826/2839 2844/2832/2844 2845/2833/2845 2840/2827/2840
f 2840/2827/2840 2845/2833/2845 2846/2834/2846 2841/2828/2841
f 2841/2828/2841 2846/2834/2846 2843/2835/2843 2838/2829/2838
f 2843/2830/2843 2848/2836/2848 2847/2837/2847 2842/2831/2842
f 2842/2831/2842 2847/2837/2847 2849/2838/2849 2844/2832/2844
f 2844/2832/2844 2849/2838/2849 2850/2839/2850 2845/2833/2845
f 2845/2833/2845 2850/2839/2850 2851/2840/2851 2846/2834/2846
f 2846/2834/2846 2851/2840/2851 2848/2841/2848 2843/2835/2843
f 2848/2836/2848 2853/2842/2853 2852/2843/2852 2847/2837/2847
f 2847/2837/2847 2852/2843/2852 2854/2844/2854 2849/2838/2849
f 2849/2838/2849 2854/2844/2854 2855/2845/2855 2850/2839/2850
f 2850/2839/2850 2855/2845/2855 2856/2846/2856 2851/2840/2851
f 2851/2840/2851 2856/2846/2856 2853/2847/2853 2848/2841/2848
f 2853/2842/2853 2858/2848/2858 2857/2849/2857 2852/2843/2852
f 2852/2843/2852 2857/2849/2857 2859/2850/2859 2854/2844/2854
f 2854/2844/2854 2859/2850/2859 2860/2851/2860 2855/2845/2855
f 2855/2845/2855 2860/2851/2860 2861/2852/2861 2856/2846/2856
f 2856/2846/2856 2861/2852/2861 2858/2853/2858 2853/2847/2853
f 2862/2854/2862 2865/2855/2865 2864/2856/2864 2822/2806/2822 2823/2809/2823 2863/2857/2863
f 2826/2811/2826 2871/2858/2871 2870/2859/2870 2869/2860/2869 2868/2861/2868 2867/2862/2867 2866/2863/2866 2863/2864/2863 2823/2809/2823
f 2872/2865/2872 2876/2866/2876 2875/2867/2875 2874/2868/2874 2871/2869/2871 2826/2811/2826 2828/2813/2828 2873/2870/2873
f 2877/2871/2877 2873/2872/2873 2828/2813/2828 2830/2815/2830 2879/2873/2879 2878/2874/2878
f 2880/2875/2880 2882/2876/2882 2879/2877/2879 2830/2815/2830 2822/2817/2822 2864/2878/2864 2881/2879/2881
f 2889/2880/2889 2892/2881/2892 2891/2882/2891 2890/2883/2890
f 2890/2883/2890 2891/2882/2891 2894/2884/2894 2893/2885/2893
f 2893/2885/2893 2894/2884/2894 2896/2886/2896 2895/2887/2895
f 2895/2887/2895 2896/2886/2896 2898/2888/2898 2897/2889/2897
f 2897/2889/2897 2898/2888/2898 2892/2890/2892 2889/2891/2889
f 2892/2881/2892 2900/2892/2900 2899/2893/2899 2891/2882/2891
f 2891/2882/2891 2899/2893/2899 2901/2894/2901 2894/2884/2894
f 2894/2884/2894 2901/2894/2901 2902/2895/2902 2896/2886/2896
f 2896/2886/2896 2902/2895/2902 2903/2896/2903 2898/2888/2898
f 2898/2888/2898 2903/2896/2903 2900/2897/2900 2892/2890/2892
f 2900/2892/2900 2905/2898/2905 2904/2899/2904 2899/2893/2899
f 2899/2893/2899 2904/2899/2904 2906/2900/2906 2901/2894/2901
f 2901/2894/2901 2906/2900/2906 2907/2901/2907 2902/2895/2902
f 2902/2895/2902 2907/2901/2907 2908/2902/2908 2903/2896/2903
f 2903/2896/2903 2908/2902/2908 2905/2903/2905 2900/2897/2900
f 2905/2898/2905 2910/2904/2910 2909/2905/2909 2904/2899/2904
f 2904/2899/2904 2909/2905/2909 2911/2906/2911 2906/2900/2906
f 2906/2900/2906 2911/2906/2911 2912/2907/2912 2907/2901/2907
f 2907/2901/2907 2912/2907/2912 2913/2908/2913 2908/2902/2908
f 2908/2902/2908 2913/2908/2913 2910/2909/2910 2905/2903/2905
f 2910/2904/2910 2915/2910/2915 2914/2911/2914 2909/2905/2909
f 2909/2905/2909 2914/2911/2914 2916/2912/2916 2911/2906/2911
f 2911/2906/2911 2916/2912/2916 2917/2913/2917 2912/2907/2912
f 2912/2907/2912 2917/2913/2917 2918/2914/2918 2913/2908/2913
f 2913/2908/2913 2918/2914/2918 2915/2915/2915 2910/2909/2910
f 2915/2910/2915 2920/2384/2920 2919/2385/2919 2914/2911/2914
f 2914/2911/2914 2919/2385/2919 2921/2386/2921 2916/2912/2916
f 2916/2912/2916 2921/2386/2921 2922/2387/2922 2917/2913/2917
f 2917/2913/2917 2922/2387/2922 2923/2388/2923 2918/2914/2918
f 2918/2914/2918 2923/2388/2923 2920/2389/2920 2915/2915/2915
f 2890/2883/2890 2929/2916/2929 2928/2917/2928 2927/2918/2927 2926/2919/2926 2925/2920/2925 2924/2921/2924 2889/2880/2889
f 2930/2922/2930 2929/2923/2929 2890/2883/2890 2893/2885/2893 2931/2924/2931
f 2932/2925/2932 2936/2926/2936 2935/2927/2935 2931/2928/2931 2893/2885/2893 2895/2887/2895 2934/2929/2934 2933/2930/2933
f 2937/2931/2937 2942/2932/2942 2941/2933/2941 2940/2934/2940 2939/2935/2939 2934/2936/2934 2895/2887/2895 2897/2889/2897 2938/2937/2938
f 2889/2891/2889 2924/2938/2924 2944/2939/2944 2943/2940/2943 2938/2941/2938 2897/2889/2897
f 2951/2942/2951 2954/2943/2954 2953/2944/2953 2952/2945/2952
f 2952/2945/2952 2953/2944/2953 2956/2946/2956 2955/2947/2955
f 2955/2947/2955 2956/2946/2956 2958/2948/2958 2957/2949/2957
f 2957/2949/2957 2958/2948/2958 2960/2950/2960 2959/2951/2959
f 2959/2951/2959 2960/2950/2960 2954/2952/2954 2951/2953/2951
f 2954/2943/2954 2962/2954/2962 2961/2955/2961 2953/2944/2953
f 2953/2944/2953 2961/2955/2961 2963/2956/2963 2956/2946/2956
f 2956/2946/2956 2963/2956/2963 2964/2957/2964 2958/2948/2958
f 2958/2948/2958 2964/2957/2964 2965/2958/2965 2960/2950/2960
f 2960/2950/2960 2965/2958/2965 2962/2959/2962 2954/2952/2954
f 2962/2954/2962 2967/2960/2967 2966/2961/2966 2961/2955/2961
f 2961/2955/2961 2966/2961/2966 2968/2962/2968 2963/2956/2963
f 2963/2956/2963 2968/2962/2968 2969/2963/2969 2964/2957/2964
f 2964/2957/2964 2969/2963/2969 2970/2964/2970 2965/2958/2965
f 2965/2958/2965 2970/2964/2970 2967/2965/2967 2962/2959/2962
f 2967/2960/2967 2972/2966/2972 2971/2967/2971 2966/2961/2966
f 2966/2961/2966 2971/2967/2971 2973/2968/2973 2968/2962/2968
f 2968/2962/2968 2973/2968/2973 2974/2969/2974 2969/2963/2969
f 2969/2963/2969 2974/2969/2974 2975/2970/2975 2970/2964/2970
f 2970/2964/2970 2975/2970/2975 2972/2971/2972 2967/2965/2967
f 2972/2966/2972 2977/1635/2977 2976/1636/2976 2971/2967/2971
f 2971/2967/2971 2976/1636/2976 2978/1637/2978 2973/2968/2973
f 2973/2968/2973 2978/1637/2978 2979/1638/2979 2974/2969/2974
f 2974/2969/2974 2979/1638/2979 2980/1639/2980 2975/2970/2975
f 2975/2970/2975 2980/1639/2980 2977/1640/2977 2972/2971/2972
f 2981/2972/2981 2983/2973/2983 2951/2942/2951 2952/2945/2952 2982/2974/2982
f 2955/2947/2955 2987/2975/2987 2986/2976/2986 2985/2977/2985 2984/2978/2984 2982/2979/2982 2952/2945/2952
f 2988/2980/2988 2990/2981/2990 2987/2982/2987 2955/2947/2955 2957/2949/2957 2989/2983/2989
f 2991/2984/2991 2989/2985/2989 2957/2949/2957 2959/2951/2959 2992/2986/2992
f 2993/2987/2993 2995/2988/2995 2992/2989/2992 2959/2951/2959 2951/2953/2951 2983/2990/2983 2994/2991/2994
f 3002/2992/3002 3005/2993/3005 3004/2994/3004 3003/2995/3003
f 3003/2995/3003 3004/2994/3004 3007/2996/3007 3006/2997/3006
f 3006/2997/3006 3007/2996/3007 3009/2998/3009 3008/2999/3008
f 3008/2999/3008 3009/2998/3009 3011/3000/3011 3010/3001/3010
f 3010/3001/3010 3011/3000/3011 3005/3002/3005 3002/3003/3002
f 3005/2993/3005 3013/3004/3013 3012/3005/3012 3004/2994/3004
f 3004/2994/3004 3012/3005/3012 3014/3006/3014 3007/2996/3007
f 3007/2996/3007 3014/3006/3014 3015/3007/3015 3009/2998/3009
f 3009/2998/3009 3015/3007/3015 3016/3008/3016 3011/3000/3011
f 3011/3000/3011 3016/3008/3016 3013/3009/3013 3005/3002/3005
f 3013/3004/3013 3018/3010/3018 3017/3011/3017 3012/3005/3012
f 3012/3005/3012 3017/3011/3017 3019/3012/3019 3014/3006/3014
f 3014/3006/3014 3019/3012/3019 3020/3013/3020 3015/3007/3015
f 3015/3007/3015 3020/3013/3020 3021/3014/3021 3016/3008/3016
f 3016/3008/3016 3021/3014/3021 3018/3015/3018 3013/3009/3013
f 3018/3010/3018 3023/3016/3023 3022/3017/3022 3017/3011/3017
f 3017/3011/3017 3022/3017/3022 3024/3018/3024 3019/3012/3019
f 3019/3012/3019 3024/3018/3024 3025/3019/3025 3020/3013/3020
f 3020/3013/3020 3025/3019/3025 3026/3020/3026 3021/3014/3021
f 3021/3014/3021 3026/3020/3026 3023/3021/3023 3018/3015/3018
f 3023/3016/3023 3028/3022/3028 3027/3023/3027 3022/3017/3022
f 3022/3017/3022 3027/3023/3027 3029/3024/3029 3024/3018/3024
f 3024/3018/3024 3029/3024/3029 3030/3025/3030 3025/3019/3025
f 3025/3019/3025 3030/3025/3030 3031/3026/3031 3026/3020/3026
f 3026/3020/3026 3031/3026/3031 3028/3027/3028 3023/3021/3023
f 3028/3022/3028 3033/2434/3033 3032/2435/3032 3027/3023/3027
f 3027/3023/3027 3032/2435/3032 3034/2436/3034 3029/3024/3029
f 3029/3024/3029 3034/2436/3034 3035/2437/3035 3030/3025/3030
f 3030/3025/3030 3035/2437/3035 3036/2438/3036 3031/3026/3031
f 3031/3026/3031 3036/2438/3036 3033/2439/3033 3028/3027/3028
f 3037/3028/3037 3040/3029/3040 3002/2992/3002 3003/2995/3003 3039/3030/3039 3038/3031/3038
f 3041/3032/3041 3039/3033/3039 3003/2995/3003 3006/2997/3006 3042/3034/3042
f 3043/3035/3043 3047/3036/3047 3042/3037/3042 3006/2997/3006 3008/2999/3008 3046/3038/3046 3045/3039/3045 3044/3040/3044
f 3010/3001/3010 3049/3041/3049 3048/3042/3048 3046/3043/3046 3008/2999/3008
f 3050/3044/3050 3053/3045/3053 3049/3046/3049 3010/3001/3010 3002/3003/3002 3040/3047/3040 3052/3048/3052 3051/3049/3051
f 3060/3050/3060 3063/3051/3063 3062/3052/3062 3061/3053/3061
f 3061/3053/3061 3062/3052/3062 3065/3054/3065 3064/3055/3064
f 3064/3055/3064 3065/3054/3065 3067/3056/3067 3066/3057/3066
f 3066/3057/3066 3067/3056/3067 3069/3058/3069 3068/3059/3068
f 3068/3059/3068 3069/3058/3069 3063/3060/3063 3060/3061/3060
f 3063/3051/3063 3071/3062/3071 3070/3063/3070 3062/3052/3062
f 3062/3052/3062 3070/3063/3070 3072/3064/3072 3065/3054/3065
f 3065/3054/3065 3072/3064/3072 3073/3065/3073 3067/3056/3067
f 3067/3056/3067 3073/3065/3073 3074/3066/3074 3069/3058/3069
f 3069/3058/3069 3074/3066/3074 3071/3067/3071 3063/3060/3063
f 3071/3062/3071 3076/3068/3076 3075/3069/3075 3070/3063/3070
f 3070/3063/3070 3075/3069/3075 3077/3070/3077 3072/3064/3072
f 3072/3064/3072 3077/3070/3077 3078/3071/3078 3073/3065/3073
f 3073/3065/3073 3078/3071/3078 3079/3072/3079 3074/3066/3074
f 3074/3066/3074 3079/3072/3079 3076/3073/3076 3071/3067/3071
f 3076/3068/3076 3081/3074/3081 3080/3075/3080 3075/3069/3075
f 3075/3069/3075 3080/3075/3080 3082/3076/3082 3077/3070/3077
f 3077/3070/3077 3082/3076/3082 3083/3077/3083 3078/3071/3078
f 3078/3071/3078 3083/3077/3083 3084/3078/3084 3079/3072/3079
f 3079/3072/3079 3084/3078/3084 3081/3079/3081 3076/3073/3076
f 3081/3074/3081 3086/3080/3086 3085/3081/3085 3080/3075/3080
f 3080/3075/3080 3085/3081/3085 3087/3082/3087 3082/3076/3082
f 3082/3076/3082 3087/3082/3087 3088/3083/3088 3083/3077/3083
f 3083/3077/3083 3088/3083/3088 3089/3084/3089 3084/3078/3084
f 3084/3078/3084 3089/3084/3089 3086/3085/3086 3081/3079/3081
f 3090/3086/3090 3093/3087/3093 3092/3088/3092 3060/3050/3060 3061/3053/3061 3091/3089/3091
f 3094/3090/3094 3091/3091/3091 3061/3053/3061 3064/3055/3064 3095/3092/3095
f 3096/3093/3096 3099/3094/3099 3098/3095/3098 3095/3096/3095 3064/3055/3064 3066/3057/3066 3097/3097/3097
f 3100/3098/3100 3103/3099/3103 3102/3100/3102 3097/3101/3097 3066/3057/3066 3068/3059/3068 3101/3102/3101
f 3104/3103/3104 3106/3104/3106 3101/3105/3101 3068/3059/3068 3060/3061/3060 3092/3106/3092 3105/3107/3105
f 3113/3108/3113 3116/3109/3116 3115/3110/3115 3114/3111/3114
f 3114/3111/3114 3115/3110/3115 3118/3112/3118 3117/3113/3117
f 3117/3113/3117 3118/3112/3118 3120/3114/3120 3119/3115/3119
f 3119/3115/3119 3120/3114/3120 3122/3116/3122 3121/3117/3121
f 3121/3117/3121 3122/3116/3122 3116/3118/3116 3113/3119/3113
f 3116/3109/3116 3124/3120/3124 3123/3121/3123 3115/3110/3115
f 3115/3110/3115 3123/3121/3123 3125/3122/3125 3118/3112/3118
f 3118/3112/3118 3125/3122/3125 3126/3123/3126 3120/3114/3120
f 3120/3114/3120 3126/3123/3126 3127/3124/3127 3122/3116/3122
f 3122/3116/3122 3127/3124/3127 3124/3125/3124 3116/3118/3116
f 3124/3120/3124 3129/3126/3129 3128/3127/3128 3123/3121/3123
f 3123/3121/3123 3128/3127/3128 3130/3128/3130 3125/3122/3125
f 3125/3122/3125 3130/3128/3130 3131/3129/3131 3126/3123/3126
f 3126/3123/3126 3131/3129/3131 3132/3130/3132 3127/3124/3127
f 3127/3124/3127 3132/3130/3132 3129/3131/3129 3124/3125/3124
f 3129/3126/3129 3134/3132/3134 3133/3133/3133 3128/3127/3128
f 3128/3127/3128 3133/3133/3133 3135/3134/3135 3130/3128/3130
f 3130/3128/3130 3135/3134/3135 3136/3135/3136 3131/3129/3131
f 3131/3129/3131 3136/3135/3136 3137/3136/3137 3132/3130/3132
f 3132/3130/3132 3137/3136/3137 3134/3137/3134 3129/3131/3129
f 3134/3132/3134 3139/3138/3139 3138/3139/3138 3133/3133/3133
f 3133/3133/3133 3138/3139/3138 3140/3140/3140 3135/3134/3135
f 3135/3134/3135 3140/3140/3140 3141/3141/3141 3136/3135/3136
f 3136/3135/3136 3141/3141/3141 3142/3142/3142 3137/3136/3137
f 3137/3136/3137 3142/3142/3142 3139/3143/3139 3134/3137/3134
f 3139/3138/3139 3144/3144/3144 3143/3145/3143 3138/3139/3138
f 3138/3139/3138 3143/3145/3143 3145/3146/3145 3140/3140/3140
f 3140/3140/3140 3145/3146/3145 3146/3147/3146 3141/3141/3141
f 3141/3141/3141 3146/3147/3146 3147/3148/3147 3142/3142/3142
f 3142/3142/3142 3147/3148/3147 3144/3149/3144 3139/3143/3139
f 3148/3150/3148 3153/3151/3153 3152/3152/3152 3151/3153/3151 3150/3154/3150 3113/3108/3113 3114/3111/3114 3149/3155/3149
f 3154/3156/3154 3160/3157/3160 3159/3158/3159 3158/3159/3158 3149/3160/3149 3114/3111/3114 3117/3113/3117 3157/3161/3157 3156/3162/3156 3155/3163/3155
f 3161/3164/3161 3168/3165/3168 3167/3166/3167 3166/3167/3166 3165/3168/3165 3164/3169/3164 3157/3170/3157 3117/3113/3117 3119/3115/3119 3163/3171/3163 3162/3172/3162
f 3169/3173/3169 3171/3174/3171 3163/3175/3163 3119/3115/3119 3121/3117/3121 3170/3176/3170
f 3150/3177/3150 3174/3178/3174 3173/3179/3173 3172/3180/3172 3170/3181/3170 3121/3117/3121 3113/3119/3113
f 3181/3182/3181 3189/3183/3189 3188/3184/3188 3187/3185/3187 3186/3186/3186 3185/3187/3185 3184/3188/3184 3183/1/3183 3182/3189/3182
f 3190/1445/3190 3193/3190/3193 3192/3191/3192 3191/1160/3191
f 3191/1160/3191 3192/3191/3192 3182/3192/3182 3183/20/3183
f 3182/3189/3182 3195/3193/3195 3194/3194/3194 3181/3182/3181
f 3181/3182/3181 3194/3194/3194 3197/3195/3197 3196/3196/3196
f 3196/3196/3196 3197/3195/3197 3198/3197/3198 3193/3190/3193
f 3193/3190/3193 3198/3197/3198 3199/3198/3199 3192/3191/3192
f 3192/3191/3192 3199/3198/3199 3195/3199/3195 3182/3192/3182
f 3195/3193/3195 3201/784/3201 3200/1253/3200 3194/3194/3194
f 3194/3194/3194 3200/1253/3200 3202/1256/3202 3197/3195/3197
f 3197/3195/3197 3202/1256/3202 3203/1261/3203 3198/3197/3198
f 3198/3197/3198 3203/1261/3203 3204/1265/3204 3199/3198/3199
f 3199/3198/3199 3204/1265/3204 3201/793/3201 3195/3199/3195
f 3205/3200/3205 3189/3201/3189 3181/3182/3181 3196/3196/3196 3206/3202/3206
f 3207/3203/3207 3211/3204/3211 3210/3205/3210 3209/3206/3209 3208/3207/3208 3206/3208/3206 3196/3196/3196 3193/3190/3193 3190/1445/3190
f 3218/3209/3218 3228/3210/3228 3227/3211/3227 3226/3212/3226 3225/3213/3225 3224/3214/3224 3223/3215/3223 3222/3216/3222 3221/20/3221 3220/1160/3220 3219/3217/3219
f 3218/3218/3218 3231/3219/3231 3230/3220/3230 3229/3221/3229
f 3229/3221/3229 3230/3220/3230 3233/3222/3233 3232/3223/3232
f 3232/3223/3232 3233/3222/3233 3235/3224/3235 3234/3225/3234
f 3234/3225/3234 3235/3224/3235 3236/3226/3236 3219/3217/3219
f 3219/3217/3219 3236/3226/3236 3231/3227/3231 3218/3209/3218
f 3231/3219/3231 3238/784/3238 3237/1253/3237 3230/3220/3230
f 3230/3220/3230 3237/1253/3237 3239/1256/3239 3233/3222/3233
f 3233/3222/3233 3239/1256/3239 3240/1261/3240 3235/3224/3235
f 3235/3224/3235 3240/1261/3240 3241/1265/3241 3236/3226/3236
f 3236/3226/3236 3241/1265/3241 3238/793/3238 3231/3227/3231
f 3245/3228/3245 3249/3229/3249 3248/3230/3248 3247/3231/3247 3243/1148/3243 3221/1/3221 3222/3232/3222 3246/3233/3246
f 3229/3221/3229 3254/3234/3254 3253/3235/3253 3252/3236/3252 3251/3237/3251 3250/3238/3250 3228/3239/3228 3218/3218/3218
f 3242/1150/3242 3243/1148/3243 3247/3240/3247 3256/3241/3256 3255/3242/3255
f 3232/3223/3232 3258/3243/3258 3257/3244/3257 3254/3245/3254 3229/3221/3229
f 3259/3246/3259 3263/3247/3263 3262/3248/3262 3244/1445/3244 3242/1150/3242 3255/3249/3255 3261/3250/3261 3260/3251/3260
f 3264/3252/3264 3268/3253/3268 3267/3254/3267 3266/3255/3266 3265/3256/3265 3258/3257/3258 3232/3223/3232 3234/3225/3234
f 3269/3258/3269 3275/3259/3275 3274/3260/3274 3273/3261/3273 3272/3262/3272 3271/3263/3271 3270/3264/3270 3264/3265/3264 3234/3225/3234 3219/3217/3219 3220/3266/3220 3244/3267/3244 3262/3268/3262
f 3282/3269/3282 3289/1148/3289 3288/3270/3288 3287/3271/3287 3286/3272/3286 3285/3273/3285 3284/1/3284 3283/3274/3283
f 3290/3275/3290 3295/3276/3295 3294/3277/3294 3293/3278/3293 3292/3279/3292 3291/3280/3291 3289/1148/3289 3282/3269/3282
f 3283/3274/3283 3297/3281/3297 3296/3282/3296 3282/3269/3282
f 3282/3269/3282 3296/3282/3296 3298/3283/3298 3290/3275/3290
f 3290/3275/3290 3298/3283/3298 3300/3284/3300 3299/3285/3299
f 3299/3285/3299 3300/3284/3300 3302/3286/3302 3301/3287/3301
f 3301/3287/3301 3302/3286/3302 3297/3288/3297 3283/3289/3283
f 3297/3281/3297 3304/1323/3304 3303/1324/3303 3296/3282/3296
f 3296/3282/3296 3303/1324/3303 3305/1325/3305 3298/3283/3298
f 3298/3283/3298 3305/1325/3305 3306/1326/3306 3300/3284/3300
f 3300/3284/3300 3306/1326/3306 3307/1327/3307 3302/3286/3302
f 3302/3286/3302 3307/1327/3307 3304/1329/3304 3297/3288/3297
f 3308/3290/3308 3312/3291/3312 3311/3292/3311 3310/3293/3310 3295/3294/3295 3290/3275/3290 3299/3285/3299 3309/3295/3309
f 3313/3296/3313 3309/3297/3309 3299/3285/3299 3301/3287/3301 3314/3298/3314
f 3315/3299/3315 3314/3300/3314 3301/3287/3301 3283/3289/3283 3284/20/3284 3319/3301/3319 3318/3302/3318 3317/3303/3317 3316/3304/3316
f 3326/1148/3326 3329/3305/3329 3328/3306/3328 3327/1150/3327
f 3330/3307/3330 3333/3308/3333 3332/3309/3332 3331/3310/3331 3327/1150/3327 3328/3306/3328
f 3334/3311/3334 3336/3312/3336 3335/3313/3335 3329/3305/3329
f 3329/3305/3329 3335/3313/3335 3337/3314/3337 3328/3306/3328
f 3328/3306/3328 3337/3314/3337 3338/3315/3338 3330/3307/3330
f 3330/3307/3330 3338/3315/3338 3340/3316/3340 3339/3317/3339
f 3339/3317/3339 3340/3316/3340 3336/3318/3336 3334/3319/3334
f 3336/3312/3336 3342/2065/3342 3341/2066/3341 3335/3313/3335
f 3335/3313/3335 3341/2066/3341 3343/2067/3343 3337/3314/3337
f 3337/3314/3337 3343/2067/3343 3344/2068/3344 3338/3315/3338
f 3338/3315/3338 3344/2068/3344 3345/2069/3345 3340/3316/3340
f 3340/3316/3340 3345/2069/3345 3342/2070/3342 3336/3318/3336
f 3326/1148/3326 3349/3320/3349 3348/3321/3348 3347/3322/3347 3346/3323/3346 3334/3311/3334 3329/3305/3329
f 3350/3324/3350 3353/3325/3353 3333/3326/3333 3330/3307/3330 3339/3317/3339 3352/3327/3352 3351/3328/3351
f 3334/3319/3334 3346/3329/3346 3352/3330/3352 3339/3317/3339
f 3360/3331/3360 3368/3332/3368 3367/3333/3367 3366/3334/3366 3365/3335/3365 3364/3336/3364 3363/3337/3363 3362/1445/3362 3361/3338/3361
f 3369/3339/3369 3372/3340/3372 3371/3341/3371 3370/3342/3370
f 3370/3342/3370 3371/3341/3371 3374/3343/3374 3373/3344/3373
f 3373/3344/3373 3374/3343/3374 3375/3345/3375 3361/3338/3361
f 3361/3338/3361 3375/3345/3375 3376/3346/3376 3360/3331/3360
f 3360/3331/3360 3376/3346/3376 3372/3347/3372 3369/3348/3369
f 3372/3340/3372 3378/3349/3378 3377/3350/3377 3371/3341/3371
f 3371/3341/3371 3377/3350/3377 3379/3351/3379 3374/3343/3374
f 3374/3343/3374 3379/3351/3379 3380/3352/3380 3375/3345/3375
f 3375/3345/3375 3380/3352/3380 3381/3353/3381 3376/3346/3376
f 3376/3346/3376 3381/3353/3381 3378/3354/3378 3372/3347/3372
f 3382/3355/3382 3385/3356/3385 3384/3357/3384 3369/3339/3369 3370/3342/3370 3383/3358/3383
f 3386/3359/3386 3392/3360/3392 3391/3361/3391 3390/3362/3390 3389/3363/3389 3383/3364/3383 3370/3342/3370 3373/3344/3373 3388/3365/3388 3387/3366/3387
f 3361/3338/3361 3362/1445/3362 3403/3367/3403 3402/3368/3402 3401/3369/3401 3400/3370/3400 3399/3371/3399 3398/3372/3398 3397/3373/3397 3396/3374/3396 3395/3375/3395 3394/3376/3394 3393/3377/3393 3388/3378/3388 3373/3344/3373
f 3404/3379/3404 3368/3380/3368 3360/3331/3360 3369/3348/3369 3384/3381/3384 3405/3382/3405
f 3412/1445/3412 3419/3383/3419 3418/3384/3418 3417/3385/3417 3416/3386/3416 3415/3387/3415 3414/3388/3414 3413/1160/3413
f 3420/3389/3420 3422/3390/3422 3421/3391/3421 3413/3392/3413 3414/3388/3414
f 3420/3393/3420 3425/3394/3425 3424/3395/3424 3423/3396/3423
f 3423/3396/3423 3424/3395/3424 3427/3397/3427 3426/3398/3426
f 3426/3398/3426 3427/3397/3427 3428/3399/3428 3415/3387/3415
f 3415/3387/3415 3428/3399/3428 3429/3400/3429 3414/3388/3414
f 3414/3388/3414 3429/3400/3429 3425/3401/3425 3420/3389/3420
f 3425/3394/3425 3431/161/3431 3430/1571/3430 3424/3395/3424
f 3424/3395/3424 3430/1571/3430 3432/1573/3432 3427/3397/3427
f 3427/3397/3427 3432/1573/3432 3433/1575/3433 3428/3399/3428
f 3428/3399/3428 3433/1575/3433 3434/1577/3434 3429/3400/3429
f 3429/3400/3429 3434/1577/3434 3431/170/3431 3425/3401/3425
f 3435/3402/3435 3439/3403/3439 3438/3404/3438 3437/3405/3437 3436/3406/3436 3422/3407/3422 3420/3393/3420 3423/3396/3423
f 3440/3408/3440 3435/3409/3435 3423/3396/3423 3426/3398/3426
f 3415/3387/3415 3416/3410/3416 3446/3411/3446 3445/3412/3445 3444/3413/3444 3443/3414/3443 3442/3415/3442 3441/3416/3441 3440/3417/3440 3426/3398/3426
f 3419/3418/3419 3412/1445/3412 3449/3419/3449 3448/3420/3448 3447/3421/3447
f 3456/1/3456 3465/3422/3465 3464/3423/3464 3463/3424/3463 3462/3425/3462 3461/3426/3461 3460/3427/3460 3459/3428/3459 3458/3429/3458 3457/1148/3457
f 3457/1148/3457 3458/3429/3458 3467/3430/3467 3466/1150/3466
f 3468/3431/3468 3477/3432/3477 3476/3433/3476 3475/3434/3475 3474/3435/3474 3473/3436/3473 3472/3437/3472 3471/3438/3471 3470/3439/3470 3469/3440/3469 3466/1150/3466 3467/3430/3467
f 3459/3428/3459 3479/3441/3479 3478/3442/3478 3458/3429/3458
f 3458/3429/3458 3478/3442/3478 3480/3443/3480 3467/3430/3467
f 3467/3430/3467 3480/3443/3480 3481/3444/3481 3468/3431/3468
f 3468/3431/3468 3481/3444/3481 3483/3445/3483 3482/3446/3482
f 3482/3446/3482 3483/3445/3483 3479/3447/3479 3459/3448/3459
f 3479/3441/3479 3485/3449/3485 3484/3450/3484 3478/3442/3478
f 3478/3442/3478 3484/3450/3484 3486/3451/3486 3480/3443/3480
f 3480/3443/3480 3486/3451/3486 3487/3452/3487 3481/3444/3481
f 3481/3444/3481 3487/3452/3487 3488/3453/3488 3483/3445/3483
f 3483/3445/3483 3488/3453/3488 3485/3454/3485 3479/3447/3479
f 3489/3455/3489 3477/3456/3477 3468/3431/3468 3482/3446/3482
f 3490/3457/3490 3465/3458/3465 3456/3459/3456
f 3459/3448/3459 3460/3460/3460 3496/3461/3496 3495/3462/3495 3494/3463/3494 3493/3464/3493 3492/3465/3492 3491/3466/3491 3489/3455/3489 3482/3446/3482
f 3503/3467/3503 3510/3468/3510 3509/3469/3509 3508/3470/3508 3507/3471/3507 3506/3472/3506 3505/3473/3505 3504/3474/3504
f 3511/1445/3511 3514/3475/3514 3513/3476/3513 3512/1160/3512
f 3512/1160/3512 3513/3476/3513 3504/3477/3504 3505/20/3505
f 3504/3474/3504 3516/3449/3516 3515/3450/3515 3503/3467/3503
f 3503/3467/3503 3515/3450/3515 3518/3451/3518 3517/3478/3517
f 3517/3478/3517 3518/3451/3518 3519/3452/3519 3514/3475/3514
f 3514/3475/3514 3519/3452/3519 3520/3453/3520 3513/3476/3513
f 3513/3476/3513 3520/3453/3520 3516/3454/3516 3504/3477/3504
f 3521/3479/3521 3510/3480/3510 3503/3467/3503 3517/3478/3517
f 3522/3481/3522 3528/3482/3528 3521/3483/3521 3517/3478/3517 3514/3475/3514 3511/1445/3511 3527/3484/3527 3526/3485/3526 3525/3486/3525 3524/3487/3524 3523/3488/3523
f 3535/3489/3535 3542/3490/3542 3541/3491/3541 3540/3492/3540 3539/3493/3539 3538/3494/3538 3537/1160/3537 3536/3495/3536
f 3535/3496/3535 3545/3497/3545 3544/3498/3544 3543/3499/3543
f 3543/3499/3543 3544/3498/3544 3547/3500/3547 3546/3501/3546
f 3546/3501/3546 3547/3500/3547 3549/3502/3549 3548/3503/3548
f 3548/3503/3548 3549/3502/3549 3550/3504/3550 3536/3495/3536
f 3536/3495/3536 3550/3504/3550 3545/3505/3545 3535/3489/3535
f 3545/3497/3545 3552/3506/3552 3551/3507/3551 3544/3498/3544
f 3544/3498/3544 3551/3507/3551 3553/3508/3553 3547/3500/3547
f 3547/3500/3547 3553/3508/3553 3554/3509/3554 3549/3502/3549
f 3549/3502/3549 3554/3509/3554 3555/3510/3555 3550/3504/3550
f 3550/3504/3550 3555/3510/3555 3552/3511/3552 3545/3505/3545
f 3552/3506/3552 3557/3512/3557 3556/3513/3556 3551/3507/3551
f 3551/3507/3551 3556/3513/3556 3558/3514/3558 3553/3508/3553
f 3553/3508/3553 3558/3514/3558 3559/3515/3559 3554/3509/3554
f 3554/3509/3554 3559/3515/3559 3560/3516/3560 3555/3510/3555
f 3555/3510/3555 3560/3516/3560 3557/3517/3557 3552/3511/3552
f 3557/3512/3557 3562/2384/3562 3561/2385/3561 3556/3513/3556
f 3556/3513/3556 3561/2385/3561 3563/2386/3563 3558/3514/3558
f 3558/3514/3558 3563/2386/3563 3564/2387/3564 3559/3515/3559
f 3559/3515/3559 3564/2387/3564 3565/2388/3565 3560/3516/3560
f 3560/3516/3560 3565/2388/3565 3562/2389/3562 3557/3517/3557
f 3543/3499/3543 3570/3518/3570 3569/3519/3569 3568/3520/3568 3567/3521/3567 3566/3522/3566 3542/3523/3542 3535/3496/3535
f 3571/3524/3571 3570/3525/3570 3543/3499/3543 3546/3501/3546
f 3572/3526/3572 3576/3527/3576 3575/3528/3575 3574/3529/3574 3571/3530/3571 3546/3501/3546 3548/3503/3548 3573/3531/3573
f 3577/3532/3577 3581/3533/3581 3580/3534/3580 3573/3535/3573 3548/3503/3548 3536/3495/3536 3537/1160/3537 3579/3536/3579 3578/3537/3578
f 3588/3538/3588 3595/3539/3595 3594/3540/3594 3593/3541/3593 3592/3542/3592 3591/3543/3591 3590/3544/3590 3589/3545/3589
f 3588/3546/3588 3598/3547/3598 3597/3548/3597 3596/3549/3596
f 3596/3549/3596 3597/3548/3597 3600/3550/3600 3599/3551/3599
f 3599/3551/3599 3600/3550/3600 3602/3552/3602 3601/3553/3601
f 3601/3553/3601 3602/3552/3602 3603/3554/3603 3589/3545/3589
f 3589/3545/3589 3603/3554/3603 3598/3555/3598 3588/3538/3588
f 3598/3547/3598 3605/3556/3605 3604/3557/3604 3597/3548/3597
f 3597/3548/3597 3604/3557/3604 3606/3558/3606 3600/3550/3600
f 3600/3550/3600 3606/3558/3606 3607/3559/3607 3602/3552/3602
f 3602/3552/3602 3607/3559/3607 3608/3560/3608 3603/3554/3603
f 3603/3554/3603 3608/3560/3608 3605/3561/3605 3598/3555/3598
f 3605/3556/3605 3610/3562/3610 3609/3563/3609 3604/3557/3604
f 3604/3557/3604 3609/3563/3609 3611/3564/3611 3606/3558/3606
f 3606/3558/3606 3611/3564/3611 3612/3565/3612 3607/3559/3607
f 3607/3559/3607 3612/3565/3612 3613/3566/3613 3608/3560/3608
f 3608/3560/3608 3613/3566/3613 3610/3567/3610 3605/3561/3605
f 3610/3562/3610 3615/2065/3615 3614/2066/3614 3609/3563/3609
f 3609/3563/3609 3614/2066/3614 3616/2067/3616 3611/3564/3611
f 3611/3564/3611 3616/2067/3616 3617/2068/3617 3612/3565/3612
f 3612/3565/3612 3617/2068/3617 3618/2069/3618 3613/3566/3613
f 3613/3566/3613 3618/2069/3618 3615/2070/3615 3610/3567/3610
f 3619/3568/3619 3621/3569/3621 3595/3570/3595 3588/3546/3588 3596/3549/3596 3620/3571/3620
f 3599/3551/3599 3625/3572/3625 3624/3573/3624 3623/3574/3623 3622/3575/3622 3620/3576/3620 3596/3549/3596
f 3601/3553/3601 3630/3577/3630 3629/3578/3629 3628/3579/3628 3627/3580/3627 3626/3581/3626 3625/3582/3625 3599/3551/3599
f 3589/3545/3589 3590/1160/3590 3632/3583/3632 3631/3584/3631 3630/3585/3630 3601/3553/3601
f 3639/3586/3639 3646/3587/3646 3645/3588/3645 3644/3589/3644 3643/3590/3643 3642/3591/3642 3641/1160/3641 3640/3592/3640
f 3639/3593/3639 3649/3594/3649 3648/3595/3648 3647/3596/3647
f 3647/3596/3647 3648/3595/3648 3651/3597/3651 3650/3598/3650
f 3650/3598/3650 3651/3597/3651 3653/3599/3653 3652/3600/3652
f 3652/3600/3652 3653/3599/3653 3654/3601/3654 3640/3592/3640
f 3640/3592/3640 3654/3601/3654 3649/3602/3649 3639/3586/3639
f 3649/3594/3649 3656/3603/3656 3655/3604/3655 3648/3595/3648
f 3648/3595/3648 3655/3604/3655 3657/3605/3657 3651/3597/3651
f 3651/3597/3651 3657/3605/3657 3658/3606/3658 3653/3599/3653
f 3653/3599/3653 3658/3606/3658 3659/3607/3659 3654/3601/3654
f 3654/3601/3654 3659/3607/3659 3656/3608/3656 3649/3602/3649
f 3656/3603/3656 3661/3609/3661 3660/3610/3660 3655/3604/3655
f 3655/3604/3655 3660/3610/3660 3662/3611/3662 3657/3605/3657
f 3657/3605/3657 3662/3611/3662 3663/3612/3663 3658/3606/3658
f 3658/3606/3658 3663/3612/3663 3664/3613/3664 3659/3607/3659
f 3659/3607/3659 3664/3613/3664 3661/3614/3661 3656/3608/3656
f 3661/3609/3661 3666/3615/3666 3665/3616/3665 3660/3610/3660
f 3660/3610/3660 3665/3616/3665 3667/3617/3667 3662/3611/3662
f 3662/3611/3662 3667/3617/3667 3668/3618/3668 3663/3612/3663
f 3663/3612/3663 3668/3618/3668 3669/3619/3669 3664/3613/3664
f 3664/3613/3664 3669/3619/3669 3666/3620/3666 3661/3614/3661
f 3647/3596/3647 3673/3621/3673 3672/3622/3672 3671/3623/3671 3670/3624/3670 3646/3625/3646 3639/3593/3639
f 3674/3626/3674 3675/3627/3675 3673/3628/3673 3647/3596/3647 3650/3598/3650
f 3676/3629/3676 3681/3630/3681 3680/3631/3680 3679/3632/3679 3674/3626/3674 3650/3598/3650 3652/3600/3652 3678/3633/3678 3677/3634/3677
f 3682/3635/3682 3684/3636/3684 3678/3637/3678 3652/3600/3652 3640/3592/3640 3641/1160/3641 3683/3638/3683
f 3691/3639/3691 3699/3640/3699 3698/3641/3698 3697/3642/3697 3696/3643/3696 3695/3644/3695 3694/3645/3694 3693/1445/3693 3692/3646/3692
f 3700/3647/3700 3703/3648/3703 3702/3649/3702 3701/3650/3701
f 3701/3650/3701 3702/3649/3702 3705/3651/3705 3704/3652/3704
f 3704/3652/3704 3705/3651/3705 3706/3653/3706 3692/3646/3692
f 3692/3646/3692 3706/3653/3706 3707/3654/3707 3691/3639/3691
f 3691/3639/3691 3707/3654/3707 3703/3655/3703 3700/3656/3700
f 3703/3648/3703 3709/3657/3709 3708/3658/3708 3702/3649/3702
f 3702/3649/3702 3708/3658/3708 3710/3659/3710 3705/3651/3705
f 3705/3651/3705 3710/3659/3710 3711/3660/3711 3706/3653/3706
f 3706/3653/3706 3711/3660/3711 3712/3661/3712 3707/3654/3707
f 3707/3654/3707 3712/3661/3712 3709/3662/3709 3703/3655/3703
f 3709/3657/3709 3714/3663/3714 3713/3664/3713 3708/3658/3708
f 3708/3658/3708 3713/3664/3713 3715/3665/3715 3710/3659/3710
f 3710/3659/3710 3715/3665/3715 3716/3666/3716 3711/3660/3711
f 3711/3660/3711 3716/3666/3716 3717/3667/3717 3712/3661/3712
f 3712/3661/3712 3717/3667/3717 3714/3668/3714 3709/3662/3709
f 3714/3663/3714 3719/3669/3719 3718/3670/3718 3713/3664/3713
f 3713/3664/3713 3718/3670/3718 3720/3671/3720 3715/3665/3715
f 3715/3665/3715 3720/3671/3720 3721/3672/3721 3716/3666/3716
f 3716/3666/3716 3721/3672/3721 3722/3673/3722 3717/3667/3717
f 3717/3667/3717 3722/3673/3722 3719/3674/3719 3714/3668/3714
f 3719/3669/3719 3724/3675/3724 3723/3676/3723 3718/3670/3718
f 3718/3670/3718 3723/3676/3723 3725/3677/3725 3720/3671/3720
f 3720/3671/3720 3725/3677/3725 3726/3678/3726 3721/3672/3721
f 3721/3672/3721 3726/3678/3726 3727/3679/3727 3722/3673/3722
f 3722/3673/3722 3727/3679/3727 3724/3680/3724 3719/3674/3719
f 3724/3675/3724 3729/1122/3729 3728/1123/3728 3723/3676/3723
f 3723/3676/3723 3728/1123/3728 3730/1124/3730 3725/3677/3725
f 3725/3677/3725 3730/1124/3730 3731/1125/3731 3726/3678/3726
f 3726/3678/3726 3731/1125/3731 3732/1126/3732 3727/3679/3727
f 3727/3679/3727 3732/1126/3732 3729/1127/3729 3724/3680/3724
f 3733/3681/3733 3735/3682/3735 3700/3647/3700 3701/3650/3701 3734/3683/3734
f 3736/3684/3736 3739/3685/3739 3738/3686/3738 3734/3683/3734 3701/3650/3701 3704/3652/3704 3737/3687/3737
f 3740/3688/3740 3744/3689/3744 3737/3690/3737 3704/3652/3704 3692/3646/3692 3693/1445/3693 3743/3691/3743 3742/3692/3742 3741/3693/3741
f 3745/3694/3745 3699/3695/3699 3691/3639/3691 3700/3656/3700 3735/3696/3735 3746/3697/3746
f 3753/3698/3753 3760/3699/3760 3759/3700/3759 3758/3701/3758 3757/3702/3757 3756/3703/3756 3755/1160/3755 3754/3704/3754
f 3753/3705/3753 3763/3706/3763 3762/3707/3762 3761/3708/3761
f 3761/3708/3761 3762/3707/3762 3765/3709/3765 3764/3710/3764
f 3764/3710/3764 3765/3709/3765 3767/3711/3767 3766/3712/3766
f 3766/3712/3766 3767/3711/3767 3768/3713/3768 3754/3704/3754
f 3754/3704/3754 3768/3713/3768 3763/3714/3763 3753/3698/3753
f 3763/3706/3763 3770/3715/3770 3769/3716/3769 3762/3707/3762
f 3762/3707/3762 3769/3716/3769 3771/3717/3771 3765/3709/3765
f 3765/3709/3765 3771/3717/3771 3772/3718/3772 3767/3711/3767
f 3767/3711/3767 3772/3718/3772 3773/3719/3773 3768/3713/3768
f 3768/3713/3768 3773/3719/3773 3770/3720/3770 3763/3714/3763
f 3770/3715/3770 3775/3721/3775 3774/3722/3774 3769/3716/3769
f 3769/3716/3769 3774/3722/3774 3776/3723/3776 3771/3717/3771
f 3771/3717/3771 3776/3723/3776 3777/3724/3777 3772/3718/3772
f 3772/3718/3772 3777/3724/3777 3778/3725/3778 3773/3719/3773
f 3773/3719/3773 3778/3725/3778 3775/3726/3775 3770/3720/3770
f 3775/3721/3775 3780/3727/3780 3779/3728/3779 3774/3722/3774
f 3774/3722/3774 3779/3728/3779 3781/3729/3781 3776/3723/3776
f 3776/3723/3776 3781/3729/3781 3782/3730/3782 3777/3724/3777
f 3777/3724/3777 3782/3730/3782 3783/3731/3783 3778/3725/3778
f 3778/3725/3778 3783/3731/3783 3780/3732/3780 3775/3726/3775
f 3780/3727/3780 3785/3733/3785 3784/3734/3784 3779/3728/3779
f 3779/3728/3779 3784/3734/3784 3786/3735/3786 3781/3729/3781
f 3781/3729/3781 3786/3735/3786 3787/3736/3787 3782/3730/3782
f 3782/3730/3782 3787/3736/3787 3788/3737/3788 3783/3731/3783
f 3783/3731/3783 3788/3737/3788 3785/3738/3785 3780/3732/3780
f 3785/3733/3785 3790/2848/3790 3789/2849/3789 3784/3734/3784
f 3784/3734/3784 3789/2849/3789 3791/2850/3791 3786/3735/3786
f 3786/3735/3786 3791/2850/3791 3792/2851/3792 3787/3736/3787
f 3787/3736/3787 3792/2851/3792 3793/2852/3793 3788/3737/3788
f 3788/3737/3788 3793/2852/3793 3790/2853/3790 3785/3738/3785
f 3794/3739/3794 3797/3740/3797 3796/3741/3796 3760/3742/3760 3753/3705/3753 3761/3708/3761 3795/3743/3795
f 3798/3744/3798 3799/3745/3799 3795/3746/3795 3761/3708/3761 3764/3710/3764
f 3766/3712/3766 3803/3747/3803 3802/3748/3802 3801/3749/3801 3800/3750/3800 3798/3751/3798 3764/3710/3764
f 3804/3752/3804 3803/3753/3803 3766/3712/3766 3754/3704/3754 3755/1160/3755 3806/3754/3806 3805/3755/3805
f 3813/3756/3813 3819/3757/3819 3818/3758/3818 3817/3759/3817 3816/3760/3816 3815/1148/3815 3814/3761/3814
f 3820/3762/3820 3822/3763/3822 3821/3764/3821 3814/3761/3814
f 3814/3761/3814 3821/3764/3821 3823/3765/3823 3813/3756/3813
f 3813/3756/3813 3823/3765/3823 3825/3766/3825 3824/3767/3824
f 3824/3767/3824 3825/3766/3825 3827/3768/3827 3826/3769/3826
f 3826/3769/3826 3827/3768/3827 3822/3770/3822 3820/3771/3820
f 3822/3763/3822 3829/3772/3829 3828/3773/3828 3821/3764/3821
f 3821/3764/3821 3828/3773/3828 3830/3774/3830 3823/3765/3823
f 3823/3765/3823 3830/3774/3830 3831/3775/3831 3825/3766/3825
f 3825/3766/3825 3831/3775/3831 3832/3776/3832 3827/3768/3827
f 3827/3768/3827 3832/3776/3832 3829/3777/3829 3822/3770/3822
f 3829/3772/3829 3834/3778/3834 3833/3779/3833 3828/3773/3828
f 3828/3773/3828 3833/3779/3833 3835/3780/3835 3830/3774/3830
f 3830/3774/3830 3835/3780/3835 3836/3781/3836 3831/3775/3831
f 3831/3775/3831 3836/3781/3836 3837/3782/3837 3832/3776/3832
f 3832/3776/3832 3837/3782/3837 3834/3783/3834 3829/3777/3829
f 3834/3778/3834 3839/3784/3839 3838/3785/3838 3833/3779/3833
f 3833/3779/3833 3838/3785/3838 3840/3786/3840 3835/3780/3835
f 3835/3780/3835 3840/3786/3840 3841/3787/3841 3836/3781/3836
f 3836/3781/3836 3841/3787/3841 3842/3788/3842 3837/3782/3837
f 3837/3782/3837 3842/3788/3842 3839/3789/3839 3834/3783/3834
f 3839/3784/3839 3844/3790/3844 3843/3791/3843 3838/3785/3838
f 3838/3785/3838 3843/3791/3843 3845/3792/3845 3840/3786/3840
f 3840/3786/3840 3845/3792/3845 3846/3793/3846 3841/3787/3841
f 3841/3787/3841 3846/3793/3846 3847/3794/3847 3842/3788/3842
f 3842/3788/3842 3847/3794/3847 3844/3795/3844 3839/3789/3839
f 3848/3796/3848 3853/3797/3853 3852/3798/3852 3851/3799/3851 3850/3800/3850 3820/3762/3820 3814/3761/3814 3815/1148/3815 3849/3801/3849
f 3854/3802/3854 3857/3803/3857 3856/3804/3856 3819/3805/3819 3813/3756/3813 3824/3767/3824 3855/3806/3855
f 3858/3807/3858 3859/3808/3859 3855/3809/3855 3824/3767/3824 3826/3769/3826
f 3860/3810/3860 3858/3811/3858 3826/3769/3826 3820/3771/3820 3850/3812/3850 3861/3813/3861
f 3868/1445/3868 3871/3814/3871 3870/3815/3870 3869/1160/3869
f 3872/3816/3872 3876/3817/3876 3875/3818/3875 3874/3819/3874 3873/3820/3873 3869/1160/3869 3870/3815/3870
f 3872/3821/3872 3879/3822/3879 3878/3823/3878 3877/3824/3877
f 3877/3824/3877 3878/3823/3878 3881/3825/3881 3880/3826/3880
f 3880/3826/3880 3881/3825/3881 3882/3827/3882 3871/3814/3871
f 3871/3814/3871 3882/3827/3882 3883/3828/3883 3870/3815/3870
f 3870/3815/3870 3883/3828/3883 3879/3829/3879 3872/3816/3872
f 3879/3822/3879 3885/3830/3885 3884/3831/3884 3878/3823/3878
f 3878/3823/3878 3884/3831/3884 3886/3832/3886 3881/3825/3881
f 3881/3825/3881 3886/3832/3886 3887/3833/3887 3882/3827/3882
f 3882/3827/3882 3887/3833/3887 3888/3834/3888 3883/3828/3883
f 3883/3828/3883 3888/3834/3888 3885/3835/3885 3879/3829/3879
f 3885/3830/3885 3890/3836/3890 3889/3837/3889 3884/3831/3884
f 3884/3831/3884 3889/3837/3889 3891/3838/3891 3886/3832/3886
f 3886/3832/3886 3891/3838/3891 3892/3839/3892 3887/3833/3887
f 3887/3833/3887 3892/3839/3892 3893/3840/3893 3888/3834/3888
f 3888/3834/3888 3893/3840/3893 3890/3841/3890 3885/3835/3885
f 3890/3836/3890 3895/3842/3895 3894/3843/3894 3889/3837/3889
f 3889/3837/3889 3894/3843/3894 3896/3844/3896 3891/3838/3891
f 3891/3838/3891 3896/3844/3896 3897/3845/3897 3892/3839/3892
f 3892/3839/3892 3897/3845/3897 3898/3846/3898 3893/3840/3893
f 3893/3840/3893 3898/3846/3898 3895/3847/3895 3890/3841/3890
f 3895/3842/3895 3900/3848/3900 3899/3849/3899 3894/3843/3894
f 3894/3843/3894 3899/3849/3899 3901/3850/3901 3896/3844/3896
f 3896/3844/3896 3901/3850/3901 3902/3851/3902 3897/3845/3897
f 3897/3845/3897 3902/3851/3902 3903/3852/3903 3898/3846/3898
f 3898/3846/3898 3903/3852/3903 3900/3853/3900 3895/3847/3895
f 3877/3824/3877 3907/3854/3907 3906/3855/3906 3905/3856/3905 3904/3857/3904 3876/3858/3876 3872/3821/3872
f 3880/3826/3880 3916/3859/3916 3915/3860/3915 3914/3861/3914 3913/3862/3913 3912/3863/3912 3911/3864/3911 3910/3865/3910 3909/3866/3909 3908/3867/3908 3907/3868/3907 3877/3824/3877
f 3868/3869/3868 3923/3870/3923 3922/3871/3922 3921/3872/3921 3920/3873/3920 3919/3874/3919 3918/3875/3918 3917/3876/3917 3916/3877/3916 3880/3826/3880 3871/3814/3871
f 3925/1148/3925 3926/1/3926 3933/1642/3933 3932/1641/3932 3931/1645/3931 3930/1644/3930 3929/1643/3929
f 3934/1646/3934 3924/1150/3924 3925/1148/3925 3929/1648/3929 3935/1647/3935
f 3924/3878/3924 3934/1653/3934 3939/1652/3939 3938/1651/3938 3937/1650/3937 3936/1649/3936 3928/3879/3928
f 3940/1654/3940 3942/1657/3942 3927/1160/3927 3928/1445/3928 3936/1656/3936 3941/1655/3941
f 3927/1160/3927 3942/1660/3942 3945/1659/3945 3944/1658/3944 3943/1662/3943 3933/1661/3933 3926/20/3926
f 3951/2237/3951 3954/2236/3954 3947/1148/3947 3948/1/3948 3953/2235/3953 3952/2234/3952
f 3946/1150/3946 3947/1148/3947 3954/2239/3954 3957/2238/3957 3956/2241/3956 3955/2240/3955
f 3958/2245/3958 3950/1445/3950 3946/1150/3946 3955/2244/3955 3960/2243/3960 3959/2242/3959
f 3950/1445/3950 3958/2249/3958 3965/2248/3965 3964/2247/3964 3963/2246/3963 3962/2251/3962 3961/2250/3961 3949/1160/3949
f 3949/1160/3949 3961/2255/3961 3967/2254/3967 3966/2253/3966 3953/2252/3953 3948/20/3948
f 3973/2280/3973 3975/2282/3975 3969/1148/3969 3970/1/3970 3974/2281/3974
f 3968/1150/3968 3969/1148/3969 3975/2287/3975 3980/2286/3980 3979/2285/3979 3978/2284/3978 3977/2283/3977 3976/2288/3976
f 3981/2292/3981 3984/2291/3984 3983/2290/3983 3982/2289/3982 3972/1445/3972 3968/1150/3968 3976/2293/3976
f 3985/2294/3985 3987/2297/3987 3986/2296/3986 3971/1160/3971 3972/1445/3972 3982/2295/3982
f 3988/2298/3988 3991/2303/3991 3990/2302/3990 3989/2301/3989 3974/2300/3974 3970/20/3970 3971/1160/3971 3986/2299/3986
f 3993/1148/3993 3994/1/3994 4001/2606/4001 4000/2605/4000 3999/2604/3999 3998/2608/3998 3997/2607/3997
f 3992/1150/3992 3993/1148/3993 3997/2611/3997 4004/2610/4004 4003/2609/4003 4002/2612/4002
f 4005/2613/4005 3996/1445/3996 3992/1150/3992 4002/2618/4002 4009/2617/4009 4008/2616/4008 4007/2615/4007 4006/2614/4006
f 3996/1445/3996 4005/2621/4005 4012/2620/4012 4011/2619/4011 4010/2622/4010 3995/1160/3995
f 4001/2625/4001 3994/20/3994 3995/1160/3995 4010/2624/4010 4013/2623/4013
f 4019/3031/4019 4022/3030/4022 4015/1148/4015 4016/1/4016 4021/3029/4021 4020/3028/4020
f 4023/3032/4023 4024/3034/4024 4014/1150/4014 4015/1148/4015 4022/3033/4022
f 4025/3039/4025 4029/3038/4029 4018/1445/4018 4014/1150/4014 4024/3037/4024 4028/3036/4028 4027/3035/4027 4026/3040/4026
f 4017/1160/4017 4018/1445/4018 4029/3043/4029 4031/3042/4031 4030/3041/4030
f 4016/20/4016 4017/1160/4017 4030/3046/4030 4035/3045/4035 4034/3044/4034 4033/3049/4033 4032/3048/4032 4021/3047/4021
f 4036/3184/4036 4042/3183/4042 4041/1148/4041 4040/3188/4040 4039/3187/4039 4038/3186/4038 4037/3185/4037
f 4041/1148/4041 4042/3201/4042 4045/3200/4045 4044/3202/4044 4043/1150/4043
f 4046/3206/4046 4050/3205/4050 4049/3204/4049 4048/3203/4048 4043/1150/4043 4044/3208/4044 4047/3207/4047
f 4051/3234/4051 4062/3231/4062 4061/3230/4061 4060/3229/4060 4059/3228/4059 4058/3233/4058 4057/3232/4057 4056/3239/4056 4055/3238/4055 4054/3237/4054 4053/3236/4053 4052/3235/4052
f 4063/3241/4063 4062/3240/4062 4051/3245/4051 4066/3244/4066 4065/3243/4065 4064/3242/4064
f 4067/3247/4067 4076/3246/4076 4075/3251/4075 4074/3250/4074 4064/3249/4064 4065/3257/4065 4073/3256/4073 4072/3255/4072 4071/3254/4071 4070/3253/4070 4069/3252/4069 4068/3248/4068
f 4077/3263/4077 4083/3262/4083 4082/3261/4082 4081/3260/4081 4080/3259/4080 4079/3258/4079 4068/3268/4068 4069/3265/4069 4078/3264/4078
f 4084/3215/4084 4088/3214/4088 4087/3213/4087 4086/3212/4086 4085/3211/4085 4056/3210/4056 4057/3216/4057
f 4094/1131/4094 4090/1148/4090 4091/1/4091 4097/1130/4097 4096/1129/4096 4095/1128/4095
f 4098/1133/4098 4099/1132/4099 4089/3880/4089 4090/3881/4090 4094/1134/4094
f 4089/1150/4089 4099/1138/4099 4103/1137/4103 4102/1136/4102 4101/1135/4101 4100/1139/4100 4093/1445/4093
f 4104/1140/4104 4092/1160/4092 4093/1445/4093 4100/1141/4100
f 4091/20/4091 4092/1160/4092 4104/1143/4104 4106/1142/4106 4105/1145/4105 4097/1144/4097
f 4113/1193/4113 4108/1148/4108 4109/1/4109 4114/1194/4114
f 4115/1197/4115 4117/1196/4117 4116/1195/4116 4107/1150/4107 4108/1148/4108 4113/1198/4113
f 4118/3882/4118 4112/3883/4112 4107/1150/4107 4116/1201/4116 4122/1200/4122 4121/1199/4121 4120/1203/4120 4119/1202/4119
f 4123/1208/4123 4126/1207/4126 4110/1160/4110 4111/3884/4111 4118/3885/4118 4119/1206/4119 4125/1205/4125 4124/1204/4124
f 4127/1209/4127 4114/1212/4114 4109/20/4109 4110/1160/4110 4126/1211/4126 4128/1210/4128
f 4129/3422/4129 4134/3427/4134 4133/3426/4133 4132/3425/4132 4131/3424/4131 4130/3423/4130
f 4135/3437/4135 4144/3436/4144 4143/3435/4143 4142/3434/4142 4141/3433/4141 4140/3432/4140 4139/1445/4139 4138/3440/4138 4137/3439/4137 4136/3438/4136
f 4145/3886/4145 4149/3887/4149 4148/3888/4148 4139/1445/4139 4140/3456/4140 4147/3455/4147 4146/3889/4146
f 4150/3890/4150 4146/3891/4146 4147/3455/4147 4159/3466/4159 4158/3465/4158 4157/3464/4157 4156/3463/4156 4155/3462/4155 4154/3461/4154 4134/3460/4134 4129/3458/4129 4153/3457/4153 4152/3892/4152 4151/3893/4151
f 4160/3894/4160 4165/3472/4165 4164/3471/4164 4163/3470/4163 4162/3469/4162 4161/3468/4161
f 4160/1148/4160 4161/3480/4161 4167/3479/4167 4166/1150/4166
f 4168/3487/4168 4174/3486/4174 4173/3485/4173 4172/3484/4172 4166/1150/4166 4167/3483/4167 4171/3482/4171 4170/3481/4170 4169/3488/4169
f 4181/3895/4181 4184/3896/4184 4183/3897/4183 4182/3898/4182
f 4182/3898/4182 4183/3897/4183 4186/3899/4186 4185/3900/4185
f 4185/3900/4185 4186/3899/4186 4188/3901/4188 4187/3902/4187
f 4187/3902/4187 4188/3901/4188 4190/3903/4190 4189/3904/4189
f 4189/3904/4189 4190/3903/4190 4184/3905/4184 4181/3906/4181
f 4191/3907/4191 4199/3908/4199 4198/3909/4198 4181/3895/4181 4182/3898/4182 4197/3910/4197 4196/3911/4196 4195/3912/4195 4194/3913/4194 4193/3914/4193 4192/3915/4192
f 4200/3916/4200 4202/3917/4202 4197/3918/4197 4182/3898/4182 4185/3900/4185 4201/3919/4201
f 4187/3902/4187 4206/3920/4206 4205/3921/4205 4204/3922/4204 4203/3923/4203 4201/3924/4201 4185/3900/4185
f 4189/3904/4189 4209/3925/4209 4208/3926/4208 4207/3927/4207 4206/3928/4206 4187/3902/4187
f 4210/3929/4210 4209/3930/4209 4189/3904/4189 4181/3906/4181 4198/3931/4198 4217/3932/4217 4216/3933/4216 4215/3934/4215 4214/3935/4214 4213/3936/4213 4212/3937/4212 4211/3938/4211
f 4223/3939/4223 4226/3940/4226 4225/3941/4225 4219/1148/4219 4220/1/4220 4224/3942/4224
f 4227/3943/4227 4232/3944/4232 4231/3945/4231 4230/3946/4230 4218/1150/4218 4219/1148/4219 4225/3941/4225 4229/3947/4229 4228/3948/4228
f 4233/3949/4233 4237/3950/4237 4222/1445/4222 4218/1150/4218 4230/3946/4230 4236/3951/4236 4235/3952/4235 4234/3953/4234
f 4238/3954/4238 4221/1160/4221 4222/1445/4222 4237/3955/4237 4241/3956/4241 4240/3957/4240 4239/3958/4239
f 4242/3959/4242 4243/3960/4243 4224/3961/4224 4220/20/4220 4221/1160/4221 4238/3962/4238
f 4250/3963/4250 4253/3964/4253 4252/3965/4252 4251/3966/4251
f 4251/3966/4251 4252/3965/4252 4255/3967/4255 4254/3968/4254
f 4254/3968/4254 4255/3967/4255 4257/3969/4257 4256/3970/4256
f 4256/3970/4256 4257/3969/4257 4259/3971/4259 4258/3972/4258
f 4258/3972/4258 4259/3971/4259 4253/3973/4253 4250/3974/4250
f 4253/3964/4253 4261/3975/4261 4260/3976/4260 4252/3965/4252
f 4252/3965/4252 4260/3976/4260 4262/3977/4262 4255/3967/4255
f 4255/3967/4255 4262/3977/4262 4263/3978/4263 4257/3969/4257
f 4257/3969/4257 4263/3978/4263 4264/3979/4264 4259/3971/4259
f 4259/3971/4259 4264/3979/4264 4261/3980/4261 4253/3973/4253
f 4261/3975/4261 4266/1323/4266 4265/1324/4265 4260/3976/4260
f 4260/3976/4260 4265/1324/4265 4267/1325/4267 4262/3977/4262
f 4262/3977/4262 4267/1325/4267 4268/1326/4268 4263/3978/4263
f 4263/3978/4263 4268/1326/4268 4269/1327/4269 4264/3979/4264
f 4264/3979/4264 4269/1327/4269 4266/1329/4266 4261/3980/4261
f 4270/3941/4270 4273/3940/4273 4272/3939/4272 4271/3942/4271 4250/3963/4250 4251/3966/4251
f 4274/3943/4274 4279/3948/4279 4278/3947/4278 4270/3941/4270 4251/3966/4251 4254/3968/4254 4277/3946/4277 4276/3945/4276 4275/3944/4275
f 4280/3949/4280 4284/3953/4284 4283/3952/4283 4282/3951/4282 4277/3946/4277 4254/3968/4254 4256/3970/4256 4281/3950/4281
f 4285/3958/4285 4288/3957/4288 4287/3956/4287 4281/3955/4281 4256/3970/4256 4258/3972/4258 4286/3954/4286
f 4250/3974/4250 4271/3961/4271 4290/3960/4290 4289/3959/4289 4286/3962/4286 4258/3972/4258
f 4297/3981/4297 4304/1148/4304 4303/3982/4303 4302/3983/4302 4301/3984/4301 4300/3985/4300 4299/1/4299 4298/3986/4298
f 4298/3986/4298 4306/3987/4306 4305/3988/4305 4297/3981/4297
f 4297/3981/4297 4305/3988/4305 4308/3989/4308 4307/3990/4307
f 4307/3990/4307 4308/3989/4308 4310/3991/4310 4309/3992/4309
f 4309/3992/4309 4310/3991/4310 4312/3993/4312 4311/3994/4311
f 4311/3994/4311 4312/3993/4312 4306/3995/4306 4298/3996/4298
f 4306/3987/4306 4314/3997/4314 4313/3998/4313 4305/3988/4305
f 4305/3988/4305 4313/3998/4313 4315/3999/4315 4308/3989/4308
f 4308/3989/4308 4315/3999/4315 4316/4000/4316 4310/3991/4310
f 4310/3991/4310 4316/4000/4316 4317/4001/4317 4312/3993/4312
f 4312/3993/4312 4317/4001/4317 4314/4002/4314 4306/3995/4306
f 4314/3997/4314 4319/4003/4319 4318/4004/4318 4313/3998/4313
f 4313/3998/4313 4318/4004/4318 4320/4005/4320 4315/3999/4315
f 4315/3999/4315 4320/4005/4320 4321/4006/4321 4316/4000/4316
f 4316/4000/4316 4321/4006/4321 4322/4007/4322 4317/4001/4317
f 4317/4001/4317 4322/4007/4322 4319/4008/4319 4314/4002/4314
f 4319/4003/4319 4324/2384/4324 4323/2385/4323 4318/4004/4318
f 4318/4004/4318 4323/2385/4323 4325/2386/4325 4320/4005/4320
f 4320/4005/4320 4325/2386/4325 4326/2387/4326 4321/4006/4321
f 4321/4006/4321 4326/2387/4326 4327/2388/4327 4322/4007/4322
f 4322/4007/4322 4327/2388/4327 4324/2389/4324 4319/4008/4319
f 4328/4009/4328 4333/4010/4333 4332/4011/4332 4331/4012/4331 4330/4013/4330 4304/1148/4304 4297/3981/4297 4307/3990/4307 4329/4014/4329
f 4334/4015/4334 4338/4016/4338 4337/4017/4337 4336/4018/4336 4329/4019/4329 4307/3990/4307 4309/3992/4309 4335/4020/4335
f 4339/4021/4339 4342/4022/4342 4341/4023/4341 4335/4024/4335 4309/3992/4309 4311/3994/4311 4340/4025/4340
f 4343/4026/4343 4345/4027/4345 4340/4028/4340 4311/3994/4311 4298/3996/4298 4299/20/4299 4344/4029/4344
f 4351/4014/4351 4346/1150/4346 4347/4013/4347 4355/4012/4355 4354/4011/4354 4353/4010/4353 4352/4009/4352
f 4346/1150/4346 4351/4019/4351 4360/4018/4360 4359/4017/4359 4358/4016/4358 4357/4015/4357 4356/4020/4356 4350/1445/4350
f 4361/4021/4361 4364/4025/4364 4349/1160/4349 4350/1445/4350 4356/4024/4356 4363/4023/4363 4362/4022/4362
f 4365/4026/4365 4348/4029/4348 4349/1160/4349 4364/4028/4364 4366/4027/4366
f 4369/1/4369 4375/1688/4375 4374/1687/4374 4373/1690/4373 4372/1689/4372 4368/1148/4368
f 4372/1692/4372 4377/1691/4377 4376/1693/4376 4367/1150/4367 4368/1148/4368
f 4378/1696/4378 4382/1695/4382 4381/1694/4381 4380/1699/4380 4371/1445/4371 4367/1150/4367 4376/1698/4376 4379/1697/4379
f 4371/1445/4371 4380/1701/4380 4384/1700/4384 4383/1702/4383 4370/1160/4370
f 4385/1703/4385 4386/1706/4386 4375/1705/4375 4369/20/4369 4370/1160/4370 4383/1704/4383
f 4393/1708/4393 4388/1148/4388 4389/1712/4389 4396/1711/4396 4395/1710/4395 4394/1709/4394
f 4397/1749/4397 4403/1748/4403 4387/1150/4387 4388/1148/4388 4393/1747/4393 4402/1746/4402 4401/1745/4401 4400/1744/4400 4399/1743/4399 4398/1742/4398
f 4404/1752/4404 4410/1751/4410 4409/1750/4409 4408/1757/4408 4407/1756/4407 4392/1445/4392 4387/1150/4387 4403/1755/4403 4406/1754/4406 4405/1753/4405
f 4407/1759/4407 4416/1758/4416 4415/1764/4415 4414/1763/4414 4413/1762/4413 4412/1761/4412 4411/1760/4411 4391/1160/4391 4392/1445/4392
f 4417/1765/4417 4390/1770/4390 4391/1160/4391 4411/1769/4411 4420/1768/4420 4419/1767/4419 4418/1766/4418
f 4426/1845/4426 4422/1148/4422 4423/1/4423 4429/1844/4429 4428/1843/4428 4427/1846/4427
f 4426/1850/4426 4433/1849/4433 4432/1848/4432 4431/1847/4431 4430/1851/4430 4421/1150/4421 4422/1148/4422
f 4434/1856/4434 4425/1445/4425 4421/1150/4421 4430/1855/4430 4437/1854/4437 4436/1853/4436 4435/1852/4435
f 4438/1857/4438 4441/1861/4441 4440/1860/4440 4439/1859/4439 4424/1160/4424 4425/1445/4425 4434/1858/4434
f 4423/20/4423 4424/1160/4424 4439/1863/4439 4444/1862/4444 4443/1866/4443 4442/1865/4442 4429/1864/4429
f 4451/4030/4451 4454/4031/4454 4453/4032/4453 4452/4033/4452
f 4452/4033/4452 4453/4032/4453 4456/4034/4456 4455/4035/4455
f 4455/4035/4455 4456/4034/4456 4458/4036/4458 4457/4037/4457
f 4457/4037/4457 4458/4036/4458 4460/4038/4460 4459/4039/4459
f 4459/4039/4459 4460/4038/4460 4454/4040/4454 4451/4041/4451
f 4454/4031/4454 4462/1169/4462 4461/1170/4461 4453/4032/4453
f 4453/4032/4453 4461/1170/4461 4463/1171/4463 4456/4034/4456
f 4456/4034/4456 4463/1171/4463 4464/1172/4464 4458/4036/4458
f 4458/4036/4458 4464/1172/4464 4465/1173/4465 4460/4038/4460
f 4460/4038/4460 4465/1173/4465 4462/1174/4462 4454/4040/4454
f 4466/4042/4466 4471/4043/4471 4470/4044/4470 4451/4030/4451 4452/4033/4452 4469/4045/4469 4468/4046/4468 4467/4047/4467
f 4472/4048/4472 4474/4049/4474 4469/4050/4469 4452/4033/4452 4455/4035/4455 4473/4051/4473
f 4475/4052/4475 4480/4053/4480 4479/4054/4479 4473/4055/4473 4455/4035/4455 4457/4037/4457 4478/4056/4478 4477/4057/4477 4476/4058/4476
f 4481/4059/4481 4484/4060/4484 4483/4061/4483 4478/4062/4478 4457/4037/4457 4459/4039/4459 4482/4063/4482
f 4470/4064/4470 4482/4065/4482 4459/4039/4459 4451/4041/4451
f 4491/3571/4491 4486/1148/4486 4487/1/4487 4494/3570/4494 4493/3569/4493 4492/3568/4492
f 4491/3576/4491 4498/3575/4498 4497/3574/4497 4496/3573/4496 4495/3572/4495 4485/1150/4485 4486/1148/4486
f 4499/3580/4499 4503/3579/4503 4502/3578/4502 4501/3577/4501 4490/1445/4490 4485/1150/4485 4495/3582/4495 4500/3581/4500
f 4504/3584/4504 4489/3583/4489 4490/1445/4490 4501/3585/4501
f 4505/3541/4505 4507/3540/4507 4494/3539/4494 4487/4066/4487 4488/3543/4488 4506/3542/4506
f 4514/3683/4514 4509/1148/4509 4510/1/4510 4516/3682/4516 4515/3681/4515
f 4517/3687/4517 4508/1150/4508 4509/1148/4509 4514/3683/4514 4520/3686/4520 4519/3685/4519 4518/3684/4518
f 4513/3691/4513 4508/1150/4508 4517/3690/4517 4524/3689/4524 4523/3688/4523 4522/3693/4522 4521/3692/4521
f 4525/3643/4525 4529/3642/4529 4528/3641/4528 4527/3640/4527 4511/1160/4511 4512/3645/4512 4526/3644/4526
f 4530/3694/4530 4531/3697/4531 4516/3696/4516 4510/20/4510 4511/1160/4511 4527/3695/4527
f 4538/4067/4538 4541/4068/4541 4540/4069/4540 4539/4070/4539
f 4539/4070/4539 4540/4069/4540 4543/4071/4543 4542/4072/4542
f 4542/4072/4542 4543/4071/4543 4545/4073/4545 4544/4074/4544
f 4544/4074/4544 4545/4073/4545 4547/4075/4547 4546/4076/4546
f 4546/4076/4546 4547/4075/4547 4541/4077/4541 4538/4078/4538
f 4541/4068/4541 4549/4079/4549 4548/4080/4548 4540/4069/4540
f 4540/4069/4540 4548/4080/4548 4550/4081/4550 4543/4071/4543
f 4543/4071/4543 4550/4081/4550 4551/4082/4551 4545/4073/4545
f 4545/4073/4545 4551/4082/4551 4552/4083/4552 4547/4075/4547
f 4547/4075/4547 4552/4083/4552 4549/4084/4549 4541/4077/4541
f 4549/4079/4549 4554/4085/4554 4553/4086/4553 4548/4080/4548
f 4548/4080/4548 4553/4086/4553 4555/4087/4555 4550/4081/4550
f 4550/4081/4550 4555/4087/4555 4556/4088/4556 4551/4082/4551
f 4551/4082/4551 4556/4088/4556 4557/4089/4557 4552/4083/4552
f 4552/4083/4552 4557/4089/4557 4554/4090/4554 4549/4084/4549
f 4554/4085/4554 4559/4091/4559 4558/4092/4558 4553/4086/4553
f 4553/4086/4553 4558/4092/4558 4560/4093/4560 4555/4087/4555
f 4555/4087/4555 4560/4093/4560 4561/4094/4561 4556/4088/4556
f 4556/4088/4556 4561/4094/4561 4562/4095/4562 4557/4089/4557
f 4557/4089/4557 4562/4095/4562 4559/4096/4559 4554/4090/4554
f 4559/4091/4559 4564/4097/4564 4563/4098/4563 4558/4092/4558
f 4558/4092/4558 4563/4098/4563 4565/4099/4565 4560/4093/4560
f 4560/4093/4560 4565/4099/4565 4566/4100/4566 4561/4094/4561
f 4561/4094/4561 4566/4100/4566 4567/4101/4567 4562/4095/4562
f 4562/4095/4562 4567/4101/4567 4564/4102/4564 4559/4096/4559
f 4539/4070/4539 4573/4103/4573 4572/4104/4572 4571/4105/4571 4570/4106/4570 4569/4107/4569 4568/4108/4568 4538/4067/4538
f 4574/4109/4574 4577/4110/4577 4576/4111/4576 4573/4112/4573 4539/4070/4539 4542/4072/4542 4575/4113/4575
f 4544/4074/4544 4581/4114/4581 4580/4115/4580 4579/4116/4579 4578/4117/4578 4575/4118/4575 4542/4072/4542
f 4582/4119/4582 4584/4120/4584 4581/4121/4581 4544/4074/4544 4546/4076/4546 4583/4122/4583
f 4585/4123/4585 4583/4124/4583 4546/4076/4546 4538/4078/4538 4568/4125/4568 4586/4126/4586
f 4592/4107/4592 4597/4106/4597 4596/4105/4596 4595/4104/4595 4594/4103/4594 4588/1148/4588 4589/1/4589 4593/4108/4593
f 4588/1148/4588 4594/4112/4594 4601/4111/4601 4600/4110/4600 4599/4109/4599 4598/4113/4598 4587/1150/4587
f 4598/4118/4598 4605/4117/4605 4604/4116/4604 4603/4115/4603 4602/4114/4602 4591/1445/4591 4587/1150/4587
f 4591/1445/4591 4602/4121/4602 4608/4120/4608 4607/4119/4607 4606/4122/4606 4590/1160/4590
f 4590/4127/4590 4606/4124/4606 4610/4123/4610 4609/4126/4609 4593/4125/4593 4589/4128/4589
f 4618/1905/4618 4612/1148/4612 4613/1/4613 4621/1904/4621 4620/1903/4620 4619/1906/4619
f 4622/1910/4622 4624/1909/4624 4611/4129/4611 4612/4130/4612 4618/1908/4618 4623/1907/4623
f 4625/1914/4625 4627/1913/4627 4617/1445/4617 4611/1150/4611 4624/1912/4624 4626/1911/4626
f 4617/1445/4617 4627/1916/4627 4628/1915/4628 4616/1160/4616
f 4616/1160/4616 4628/1920/4628 4615/1919/4615
f 4613/20/4613 4614/1918/4614 4629/1917/4629 4621/1921/4621
f 4636/1/4636 4639/4131/4639 4638/4132/4638 4637/1148/4637
f 4639/4131/4639 4641/4133/4641 4640/4134/4640 4638/4132/4638
f 4638/4132/4638 4640/4134/4640 4643/4135/4643 4642/4136/4642
f 4642/4136/4642 4643/4135/4643 4645/4137/4645 4644/4138/4644
f 4644/4138/4644 4645/4137/4645 4647/4139/4647 4646/4140/4646
f 4646/4140/4646 4647/4139/4647 4641/4141/4641 4639/4142/4639
f 4641/4133/4641 4649/4143/4649 4648/4144/4648 4640/4134/4640
f 4640/4134/4640 4648/4144/4648 4650/4145/4650 4643/4135/4643
f 4643/4135/4643 4650/4145/4650 4651/4146/4651 4645/4137/4645
f 4645/4137/4645 4651/4146/4651 4652/4147/4652 4647/4139/4647
f 4647/4139/4647 4652/4147/4652 4649/4148/4649 4641/4141/4641
f 4649/4143/4649 4654/4149/4654 4653/4150/4653 4648/4144/4648
f 4648/4144/4648 4653/4150/4653 4655/4151/4655 4650/4145/4650
f 4650/4145/4650 4655/4151/4655 4656/4152/4656 4651/4146/4651
f 4651/4146/4651 4656/4152/4656 4657/4153/4657 4652/4147/4652
f 4652/4147/4652 4657/4153/4657 4654/4154/4654 4649/4148/4649
f 4654/4149/4654 4659/4155/4659 4658/4156/4658 4653/4150/4653
f 4653/4150/4653 4658/4156/4658 4660/4157/4660 4655/4151/4655
f 4655/4151/4655 4660/4157/4660 4661/4158/4661 4656/4152/4656
f 4656/4152/4656 4661/4158/4661 4662/4159/4662 4657/4153/4657
f 4657/4153/4657 4662/4159/4662 4659/4160/4659 4654/4154/4654
f 4659/4155/4659 4664/4161/4664 4663/4162/4663 4658/4156/4658
f 4658/4156/4658 4663/4162/4663 4665/4163/4665 4660/4157/4660
f 4660/4157/4660 4665/4163/4665 4666/4164/4666 4661/4158/4661
f 4661/4158/4661 4666/4164/4666 4667/4165/4667 4662/4159/4662
f 4662/4159/4662 4667/4165/4667 4664/4166/4664 4659/4160/4659
f 4668/4167/4668 4676/4168/4676 4675/4169/4675 4674/4170/4674 4673/4171/4673 4672/4172/4672 4637/4173/4637 4638/4132/4638 4642/4136/4642 4671/4174/4671 4670/4175/4670 4669/4176/4669
f 4677/4177/4677 4685/4178/4685 4684/4179/4684 4671/4180/4671 4642/4136/4642 4644/4138/4644 4683/4181/4683 4682/4182/4682 4681/4183/4681 4680/4184/4680 4679/4185/4679 4678/4186/4678
f 4686/4187/4686 4690/4188/4690 4683/4189/4683 4644/4138/4644 4646/4140/4646 4689/4190/4689 4688/4191/4688 4687/4192/4687
f 4639/4142/4639 4636/20/4636 4695/4193/4695 4694/4194/4694 4693/4195/4693 4692/4196/4692 4691/4197/4691 4689/4198/4689 4646/4140/4646
f 4701/2020/4701 4704/2019/4704 4697/1148/4697 4698/1/4698 4703/2018/4703 4702/2017/4702
f 4704/2022/4704 4706/2021/4706 4705/2023/4705 4696/1150/4696 4697/1148/4697
f 4707/2025/4707 4710/2024/4710 4709/2028/4709 4700/1445/4700 4696/1150/4696 4705/2027/4705 4708/2026/4708
f 4700/1445/4700 4709/2030/4709 4711/2029/4711 4699/1160/4699
f 4698/20/4698 4699/1160/4699 4711/2032/4711 4713/2031/4713 4712/2034/4712 4703/2033/4703
f 4714/1148/4714 4719/2158/4719 4718/2157/4718 4717/2156/4717 4716/2155/4716 4715/2154/4715
f 4720/2196/4720 4722/1150/4722 4714/1148/4714 4715/2195/4715 4721/2194/4721
f 4723/4199/4723 4727/4200/4727 4722/4201/4722 4720/2199/4720 4726/2198/4726 4725/2197/4725 4724/2201/4724
f 4728/2202/4728 4727/1445/4727 4723/2205/4723 4730/2204/4730 4729/2203/4729
f 4737/3796/4737 4733/3801/4733 4734/1/4734 4741/3800/4741 4740/3799/4740 4739/3798/4739 4738/3797/4738
f 4732/3760/4732 4744/3759/4744 4743/3758/4743 4742/3757/4742 4731/1150/4731
f 4731/1150/4731 4742/3805/4742 4748/3804/4748 4747/3803/4747 4746/3802/4746 4745/3806/4745 4736/1445/4736
f 4736/1445/4736 4745/3809/4745 4750/3808/4750 4749/3807/4749 4735/1160/4735
f 4751/3813/4751 4741/3812/4741 4734/20/4734 4735/1160/4735 4749/3811/4749 4752/3810/4752
f 4758/2340/4758 4754/1148/4754 4755/1/4755 4761/2343/4761 4760/2342/4760 4759/2341/4759
f 4758/2346/4758 4763/2345/4763 4762/2344/4762 4753/1150/4753 4754/1148/4754
f 4753/4202/4753 4762/2350/4762 4767/2349/4767 4766/2348/4766 4765/2347/4765 4764/2351/4764 4757/4203/4757
f 4757/1445/4757 4764/2353/4764 4769/2352/4769 4768/2354/4768 4756/1160/4756
f 4770/2356/4770 4772/2355/4772 4761/2359/4761 4755/20/4755 4756/1160/4756 4768/2358/4768 4771/2357/4771
f 4778/2656/4778 4774/1148/4774 4775/1/4775 4779/2657/4779
f 4774/1148/4774 4778/2660/4778 4783/2659/4783 4782/2658/4782 4781/2662/4781 4780/2661/4780 4773/1150/4773
f 4777/1445/4777 4773/1150/4773 4780/2665/4780 4787/2664/4787 4786/2663/4786 4785/2667/4785 4784/2666/4784
f 4788/2668/4788 4790/2671/4790 4776/1160/4776 4777/1445/4777 4784/2670/4784 4789/2669/4789
f 4775/20/4775 4776/1160/4776 4790/2677/4790 4794/2676/4794 4793/2675/4793 4792/2674/4792 4791/2673/4791 4779/2672/4779
f 4800/2857/4800 4796/4204/4796 4797/4205/4797 4803/2856/4803 4802/2855/4802 4801/2854/4801
f 4804/2862/4804 4809/2861/4809 4808/2860/4808 4807/2859/4807 4806/2858/4806 4795/1150/4795 4796/1148/4796 4800/2864/4800 4805/2863/4805
f 4799/1445/4799 4795/1150/4795 4806/2869/4806 4814/2868/4814 4813/2867/4813 4812/2866/4812 4811/2865/4811 4810/2870/4810
f 4815/2874/4815 4817/2873/4817 4798/1160/4798 4799/1445/4799 4810/2872/4810 4816/2871/4816
f 4798/1160/4798 4817/2877/4817 4820/2876/4820 4819/2875/4819 4818/2879/4818 4803/2878/4803 4797/20/4797
